/*
 *  CMSIS Pack Debug Access Sequence Log
 *  File        : C:\Users\xxs13\Desktop\MSPM0G3507_Library\SeekFree_MSPM0G3507_Opensource_Library\project\mdk\SeekFree_MSPM0G3507_Device_Library_Sequences_0006.log
 *  Created     : 17:49:54 (13/07/2026)
 *  Device      : MSPM0G3507
 *  PDSC File   : D:/MDK5.36/Packs/TexasInstruments/MSPM0G1X0X_G3X0X_DFP/1.3.1/TexasInstruments.MSPM0G1X0X_G3X0X_DFP.pdsc
 *
 */

[17:49:54.563]  **********  Sequence "DebugPortSetup"  (Context="Connect", Pname="", info="")
[17:49:54.563]  
[17:49:54.563]  <debugvars>
[17:49:54.563]    // Pre-defined
[17:49:54.563]    __protocol=0x00010002      (Protocol="SWD", SWJ-DP="True")
[17:49:54.563]    __connection=0x00000202    (Connection Type="Flash", Reset Type="System Reset")
[17:49:54.563]    __dp=0x00000000
[17:49:54.563]    __ap=0x00000000
[17:49:54.563]    __traceout=0x00000000      (Trace Disabled)
[17:49:54.563]    __errorcontrol=0x00000000  (Skip Errors="False")
[17:49:54.563]    __FlashAddr=0x00000000
[17:49:54.563]    __FlashLen=0x00000000
[17:49:54.563]    __FlashArg=0x00000000
[17:49:54.563]    __FlashOp=0x00000000
[17:49:54.563]    __Result=0x00000000
[17:49:54.563]  </debugvars>
[17:49:54.563]  
[17:49:54.563]  <sequence name="DebugPortSetup" Pname="" disable="false" info="">
[17:49:54.563]    <block atomic="false" info="">
[17:49:54.563]      __var isSWJ      = ((__protocol & 0x00010000) != 0);
[17:49:54.563]        // -> [isSWJ <= 0x00000001]
[17:49:54.563]      __var hasDormant = __protocol & 0x00020000;
[17:49:54.563]        // -> [hasDormant <= 0x00000000]
[17:49:54.563]      __var protType   = __protocol & 0x0000FFFF;
[17:49:54.563]        // -> [protType <= 0x00000002]
[17:49:54.563]    </block>
[17:49:54.563]    <control if="protType == 1" while="" timeout="0" info="">
[17:49:54.563]      // if-block "protType == 1"
[17:49:54.563]        // =>  FALSE
[17:49:54.563]      // skip if-block "protType == 1"
[17:49:54.563]    </control>
[17:49:54.563]    <control if="protType == 2" while="" timeout="0" info="">
[17:49:54.563]      // if-block "protType == 2"
[17:49:54.563]        // =>  TRUE
[17:49:54.563]      <control if="isSWJ" while="" timeout="0" info="">
[17:49:54.563]        // if-block "isSWJ"
[17:49:54.563]          // =>  TRUE
[17:49:54.563]        <control if="hasDormant" while="" timeout="0" info="">
[17:49:54.563]          // if-block "hasDormant"
[17:49:54.563]            // =>  FALSE
[17:49:54.563]          // skip if-block "hasDormant"
[17:49:54.563]        </control>
[17:49:54.563]        <control if="!hasDormant" while="" timeout="0" info="">
[17:49:54.563]          // if-block "!hasDormant"
[17:49:54.563]            // =>  TRUE
[17:49:54.563]          <block atomic="false" info="">
[17:49:54.563]            DAP_SWJ_Sequence(51, 0x0007FFFFFFFFFFFF); //lets put the JTAG line in a reset state
[17:49:54.563]              // -> [DAP_SWJ_Sequence(51, 0x0007FFFFFFFFFFFF)]
[17:49:54.563]            DAP_SWJ_Sequence(16,0xE73C); //SWD to JTAG, this is to ensure the state machine is initialized
[17:49:54.563]              // -> [DAP_SWJ_Sequence(16, 0x000000000000E73C)]
[17:49:54.563]            DAP_SWJ_Sequence(51, 0x0007FFFFFFFFFFFF); //Put it back in reset
[17:49:54.575]              // -> [DAP_SWJ_Sequence(51, 0x0007FFFFFFFFFFFF)]
[17:49:54.575]            DAP_SWJ_Sequence(16, 0xE79E); //JTAG to SWD switch
[17:49:54.575]              // -> [DAP_SWJ_Sequence(16, 0x000000000000E79E)]
[17:49:54.575]            DAP_SWJ_Sequence(51, 0x0007FFFFFFFFFFFF);  //Ensure the switch is successful 
[17:49:54.575]              // -> [DAP_SWJ_Sequence(51, 0x0007FFFFFFFFFFFF)]
[17:49:54.575]            DAP_SWJ_Sequence(7,  0x00); //Give the line some time to initialize
[17:49:54.575]              // -> [DAP_SWJ_Sequence(7, 0x0000000000000000)]
[17:49:54.575]          </block>
[17:49:54.575]          // end if-block "!hasDormant"
[17:49:54.575]        </control>
[17:49:54.575]        // end if-block "isSWJ"
[17:49:54.575]      </control>
[17:49:54.575]      <control if="!isSWJ" while="" timeout="0" info="">
[17:49:54.575]        // if-block "!isSWJ"
[17:49:54.575]          // =>  FALSE
[17:49:54.575]        // skip if-block "!isSWJ"
[17:49:54.575]      </control>
[17:49:54.575]      <block atomic="false" info="">
[17:49:54.575]        ReadDP(0x0);
[17:49:54.583]          // -> [ReadDP(0x00000000) => 0x6BA02477]   (__dp=0x00000000)
[17:49:54.583]      </block>
[17:49:54.583]      // end if-block "protType == 2"
[17:49:54.583]    </control>
[17:49:54.583]  </sequence>
[17:49:54.583]  
[17:49:54.583]  **********  Sequence "DebugPortStart"  (Context="Connect", Pname="", info="")
[17:49:54.583]  
[17:49:54.583]  <debugvars>
[17:49:54.583]    // Pre-defined
[17:49:54.583]    __protocol=0x00010002      (Protocol="SWD", SWJ-DP="True")
[17:49:54.583]    __connection=0x00000202    (Connection Type="Flash", Reset Type="System Reset")
[17:49:54.583]    __dp=0x00000000
[17:49:54.583]    __ap=0x00000000
[17:49:54.583]    __traceout=0x00000000      (Trace Disabled)
[17:49:54.583]    __errorcontrol=0x00000000  (Skip Errors="False")
[17:49:54.583]    __FlashAddr=0x00000000
[17:49:54.583]    __FlashLen=0x00000000
[17:49:54.583]    __FlashArg=0x00000000
[17:49:54.583]    __FlashOp=0x00000000
[17:49:54.583]    __Result=0x00000000
[17:49:54.583]  </debugvars>
[17:49:54.583]  
[17:49:54.583]  <sequence name="DebugPortStart" Pname="" disable="false" info="">
[17:49:54.583]    <block atomic="false" info="">
[17:49:54.583]      __var SW_DP_ABORT       = 0x0;
[17:49:54.583]        // -> [SW_DP_ABORT <= 0x00000000]
[17:49:54.583]      __var DP_CTRL_STAT      = 0x4;
[17:49:54.583]        // -> [DP_CTRL_STAT <= 0x00000004]
[17:49:54.583]      __var DP_SELECT         = 0x8;
[17:49:54.583]        // -> [DP_SELECT <= 0x00000008]
[17:49:54.583]      __var powered_down      = 0;
[17:49:54.583]        // -> [powered_down <= 0x00000000]
[17:49:54.583]      WriteDP(DP_SELECT, 0x00000000);
[17:49:54.583]        // -> [WriteDP(0x00000008, 0x00000000)]   (__dp=0x00000000)
[17:49:54.583]      powered_down = ((ReadDP(DP_CTRL_STAT) & 0xA0000000) != 0xA0000000);
[17:49:54.593]        // -> [ReadDP(0x00000004) => 0x00000040]   (__dp=0x00000000)
[17:49:54.593]        // -> [powered_down <= 0x00000001]
[17:49:54.593]    </block>
[17:49:54.593]    <control if="powered_down" while="" timeout="0" info="">
[17:49:54.593]      // if-block "powered_down"
[17:49:54.593]        // =>  TRUE
[17:49:54.593]      <block atomic="false" info="">
[17:49:54.593]        Message(0, "Debug/System power-up request sent");
[17:49:54.593]        WriteDP(DP_CTRL_STAT, 0x50000000);
[17:49:54.593]          // -> [WriteDP(0x00000004, 0x50000000)]   (__dp=0x00000000)
[17:49:54.593]      </block>
[17:49:54.593]      <control if="" while="(ReadDP(DP_CTRL_STAT) & 0xA0000000) != 0xA0000000" timeout="1000000" info="">
[17:49:54.593]        // while "(ReadDP(DP_CTRL_STAT) & 0xA0000000) != 0xA0000000"  (timeout="1000000")
[17:49:54.593]          // -> [ReadDP(0x00000004) => 0xF0000040]   (__dp=0x00000000)
[17:49:54.593]        // while-condition  =>  FALSE
[17:49:54.593]        // end while "(ReadDP(DP_CTRL_STAT) & 0xA0000000) != 0xA0000000"
[17:49:54.593]      </control>
[17:49:54.593]      <control if="(__protocol & 0xFFFF) == 1" while="" timeout="0" info="">
[17:49:54.593]        // if-block "(__protocol & 0xFFFF) == 1"
[17:49:54.593]          // =>  FALSE
[17:49:54.593]        // skip if-block "(__protocol & 0xFFFF) == 1"
[17:49:54.593]      </control>
[17:49:54.593]      <control if="(__protocol & 0xFFFF) == 2" while="" timeout="0" info="">
[17:49:54.593]        // if-block "(__protocol & 0xFFFF) == 2"
[17:49:54.593]          // =>  TRUE
[17:49:54.593]        <block atomic="false" info="">
[17:49:54.593]          Message(0, "executing SWD power up");
[17:49:54.603]          WriteDP(DP_CTRL_STAT, 0x50000F00);
[17:49:54.605]            // -> [WriteDP(0x00000004, 0x50000F00)]   (__dp=0x00000000)
[17:49:54.605]          WriteDP(SW_DP_ABORT, 0x0000001E);
[17:49:54.605]            // -> [WriteDP(0x00000000, 0x0000001E)]   (__dp=0x00000000)
[17:49:54.605]        </block>
[17:49:54.605]        // end if-block "(__protocol & 0xFFFF) == 2"
[17:49:54.605]      </control>
[17:49:54.605]      // end if-block "powered_down"
[17:49:54.605]    </control>
[17:49:54.605]    <block atomic="false" info="">
[17:49:54.605]      __var DEBUG_PORT_VAL    = 0;
[17:49:54.605]        // -> [DEBUG_PORT_VAL <= 0x00000000]
[17:49:54.605]      __var ACCESS_POINT_VAL  = 0;
[17:49:54.605]        // -> [ACCESS_POINT_VAL <= 0x00000000]
[17:49:54.605]      __ap = 1; 
[17:49:54.605]        // -> [__ap <= 0x00000001]
[17:49:54.605]      WriteAP(0x0C, 0x04); //lets use the mini pwr-ap as backup
[17:49:54.605]        // -> [WriteAP(0x0000000C, 0x00000004)]   (__dp=0x00000000, __ap=0x00000001)
[17:49:54.605]      __ap = 4;
[17:49:54.605]        // -> [__ap <= 0x00000004]
[17:49:54.605]      ACCESS_POINT_VAL = ReadAP(0x00);//Reading current state of access point
[17:49:54.615]        // -> [ReadAP(0x00000000) => 0x00080027]   (__dp=0x00000000, __ap=0x00000004)
[17:49:54.615]        // -> [ACCESS_POINT_VAL <= 0x00080027]
[17:49:54.615]      Message(0, "Current state of access point is: %x",ACCESS_POINT_VAL);
[17:49:54.615]    </block>
[17:49:54.615]    <block atomic="false" info="">
[17:49:54.615]      __var nReset = 0x80;
[17:49:54.615]        // -> [nReset <= 0x00000080]
[17:49:54.615]      __var canReadPins = 0;
[17:49:54.615]        // -> [canReadPins <= 0x00000000]
[17:49:54.615]      canReadPins = (DAP_SWJ_Pins(0x00, nReset, 0) != 0xFFFFFFFF);
[17:49:54.615]        // -> [DAP_SWJ_Pins(0x00, 0x80, 0) => 0x0F]   (Out: nRESET=0  =>  In: SWCLK/TCK=1, SWDIO/TMS=1, TDI=1, TDO=1, nTRST=0, nRESET=0)
[17:49:54.615]        // -> [canReadPins <= 0x00000001]
[17:49:54.615]    </block>
[17:49:54.615]    <control if="" while="1" timeout="200" info="">
[17:49:54.615]      // while "1"  (timeout="200")
[17:49:54.615]      // while-condition  =>  TRUE
[17:49:54.615]      // while "1"  (timeout="200")
[17:49:54.615]      // while-condition  =>  TRUE
[17:49:54.615]      // while "1"  (timeout="200")
[17:49:54.615]      // while-condition  =>  TRUE
[17:49:54.615]      // while "1"  (timeout="200")
[17:49:54.615]      // while-condition  =>  TRUE
[17:49:54.615]      // while "1"  (timeout="200")
[17:49:54.615]      // while-condition  =>  TRUE
[17:49:54.615]      // while "1"  (timeout="200")
[17:49:54.615]      // while-condition  =>  TRUE
[17:49:54.615]      // while "1"  (timeout="200")
[17:49:54.615]      // while-condition  =>  TRUE
[17:49:54.615]      // while "1"  (timeout="200")
[17:49:54.615]      // while-condition  =>  TRUE
[17:49:54.615]      // while "1"  (timeout="200")
[17:49:54.615]      // while-condition  =>  TRUE
[17:49:54.615]      // while "1"  (timeout="200")
[17:49:54.615]      // while-condition  =>  TRUE
[17:49:54.615]      // while "1"  (timeout="200")
[17:49:54.615]      // while-condition  =>  TRUE
[17:49:54.615]      // while "1"  (timeout="200")
[17:49:54.615]      // while-condition  =>  TRUE
[17:49:54.615]      // while "1"  (timeout="200")
[17:49:54.615]      // while-condition  =>  TRUE
[17:49:54.615]      // while "1"  (timeout="200")
[17:49:54.615]      // while-condition  =>  TRUE
[17:49:54.615]      // while "1"  (timeout="200")
[17:49:54.615]      // while-condition  =>  TRUE
[17:49:54.615]      // while "1"  (timeout="200")
[17:49:54.615]      // while-condition  =>  TRUE
[17:49:54.615]      // while "1"  (timeout="200")
[17:49:54.615]      // while-condition  =>  TRUE
[17:49:54.615]      // while "1"  (timeout="200")
[17:49:54.615]      // while-condition  =>  TRUE
[17:49:54.615]      // while "1"  (timeout="200")
[17:49:54.615]      // while-condition  =>  TRUE
[17:49:54.615]      // while "1"  (timeout="200")
[17:49:54.615]      // while-condition  =>  TRUE
[17:49:54.615]      // while "1"  (timeout="200")
[17:49:54.615]      // while-condition  =>  TRUE
[17:49:54.615]      // while "1"  (timeout="200")
[17:49:54.615]      // while-condition  =>  TRUE
[17:49:54.615]      // while "1"  (timeout="200")
[17:49:54.615]      // while-condition  =>  TRUE
[17:49:54.615]      // while "1"  (timeout="200")
[17:49:54.615]      // while-condition  =>  TRUE
[17:49:54.615]      // while "1"  (timeout="200")
[17:49:54.615]      // while-condition  =>  TRUE
[17:49:54.623]      // while "1"  (timeout="200")
[17:49:54.623]      // while  =>  TIMEOUT
[17:49:54.623]      // end while "1"
[17:49:54.623]    </control>
[17:49:54.623]    <control if="canReadPins" while="" timeout="0" info="">
[17:49:54.623]      // if-block "canReadPins"
[17:49:54.623]        // =>  TRUE
[17:49:54.623]      <control if="" while="(DAP_SWJ_Pins(nReset, nReset, 0) & nReset) == 0" timeout="1000000" info="">
[17:49:54.623]        // while "(DAP_SWJ_Pins(nReset, nReset, 0) & nReset) == 0"  (timeout="1000000")
[17:49:54.623]          // -> [DAP_SWJ_Pins(0x80, 0x80, 0) => 0x8F]   (Out: nRESET=1  =>  In: SWCLK/TCK=1, SWDIO/TMS=1, TDI=1, TDO=1, nTRST=0, nRESET=1)
[17:49:54.623]        // while-condition  =>  FALSE
[17:49:54.623]        // end while "(DAP_SWJ_Pins(nReset, nReset, 0) & nReset) == 0"
[17:49:54.623]      </control>
[17:49:54.623]      // end if-block "canReadPins"
[17:49:54.623]    </control>
[17:49:54.623]    <control if="!canReadPins" while="" timeout="0" info="">
[17:49:54.623]      // if-block "!canReadPins"
[17:49:54.623]        // =>  FALSE
[17:49:54.623]      // skip if-block "!canReadPins"
[17:49:54.623]    </control>
[17:49:54.623]    <control if="(ACCESS_POINT_VAL & 0x00E00000) == 0" while="" timeout="0" info="">
[17:49:54.623]      // if-block "(ACCESS_POINT_VAL & 0x00E00000) == 0"
[17:49:54.623]        // =>  TRUE
[17:49:54.623]      <block atomic="false" info="">
[17:49:54.623]        WriteAP(0x00, 0x190008);
[17:49:54.623]          // -> [WriteAP(0x00000000, 0x00190008)]   (__dp=0x00000000, __ap=0x00000004)
[17:49:54.623]        WriteAP(0xF0, 0x01);
[17:49:54.623]          // -> [WriteAP(0x000000F0, 0x00000001)]   (__dp=0x00000000, __ap=0x00000004)
[17:49:54.623]      </block>
[17:49:54.623]      // end if-block "(ACCESS_POINT_VAL & 0x00E00000) == 0"
[17:49:54.623]    </control>
[17:49:54.623]    <control if="(ACCESS_POINT_VAL & 0x00E00000) != 0" while="" timeout="0" info="">
[17:49:54.623]      // if-block "(ACCESS_POINT_VAL & 0x00E00000) != 0"
[17:49:54.623]        // =>  FALSE
[17:49:54.623]      // skip if-block "(ACCESS_POINT_VAL & 0x00E00000) != 0"
[17:49:54.623]    </control>
[17:49:54.623]    <block atomic="false" info="">
[17:49:54.623]      ACCESS_POINT_VAL = ReadAP(0x00);//Reading current state of access point
[17:49:54.635]        // -> [ReadAP(0x00000000) => 0x0079002F]   (__dp=0x00000000, __ap=0x00000004)
[17:49:54.635]        // -> [ACCESS_POINT_VAL <= 0x0079002F]
[17:49:54.635]      Message(0, "Current state of access point is: %x",ACCESS_POINT_VAL);
[17:49:54.635]      __ap = 0; //lets make sure we reset the access point selection
[17:49:54.635]        // -> [__ap <= 0x00000000]
[17:49:54.635]    </block>
[17:49:54.635]  </sequence>
[17:49:54.635]  
[17:49:54.654]  **********  Sequence "DebugDeviceUnlock"  (Context="Connect", Pname="", info="")
[17:49:54.654]  
[17:49:54.654]  <debugvars>
[17:49:54.654]    // Pre-defined
[17:49:54.654]    __protocol=0x00010002      (Protocol="SWD", SWJ-DP="True")
[17:49:54.654]    __connection=0x00000202    (Connection Type="Flash", Reset Type="System Reset")
[17:49:54.654]    __dp=0x00000000
[17:49:54.654]    __ap=0x00000000
[17:49:54.654]    __traceout=0x00000000      (Trace Disabled)
[17:49:54.654]    __errorcontrol=0x00000000  (Skip Errors="False")
[17:49:54.654]    __FlashAddr=0x00000000
[17:49:54.654]    __FlashLen=0x00000000
[17:49:54.654]    __FlashArg=0x00000000
[17:49:54.654]    __FlashOp=0x00000000
[17:49:54.654]    __Result=0x00000000
[17:49:54.654]  </debugvars>
[17:49:54.654]  
[17:49:54.654]  <sequence name="DebugDeviceUnlock" Pname="" disable="false" info="">
[17:49:54.654]    <block atomic="false" info="">
[17:49:54.654]      __var deviceID = 0;
[17:49:54.654]        // -> [deviceID <= 0x00000000]
[17:49:54.654]      __var version = 0;
[17:49:54.654]        // -> [version <= 0x00000000]
[17:49:54.654]      __var partNum = 0;
[17:49:54.654]        // -> [partNum <= 0x00000000]
[17:49:54.654]      __var manuf = 0;
[17:49:54.654]        // -> [manuf <= 0x00000000]
[17:49:54.654]      __var isMSPM0G1X0X_G3X0X = 0;
[17:49:54.654]        // -> [isMSPM0G1X0X_G3X0X <= 0x00000000]
[17:49:54.654]      __var isProduction = 0;
[17:49:54.654]        // -> [isProduction <= 0x00000000]
[17:49:54.654]      __var continueId = 0;
[17:49:54.654]        // -> [continueId <= 0x00000000]
[17:49:54.654]      deviceID =   Read32(0x41C40004);
[17:49:54.664]        // -> [Read32(0x41C40004) => 0x2BB8802F]   (__dp=0x00000000, __ap=0x00000000)
[17:49:54.664]        // -> [deviceID <= 0x2BB8802F]
[17:49:54.664]      version = deviceID >> 28;
[17:49:54.664]        // -> [version <= 0x00000002]
[17:49:54.664]      partNum = (deviceID & 0x0FFFF000) >> 12;
[17:49:54.664]        // -> [partNum <= 0x0000BB88]
[17:49:54.664]      manuf = (deviceID & 0x00000FFE) >> 1;
[17:49:54.664]        // -> [manuf <= 0x00000017]
[17:49:54.664]      isMSPM0G1X0X_G3X0X = (partNum == 0xBB88) && (manuf == 0x17);
[17:49:54.664]        // -> [isMSPM0G1X0X_G3X0X <= 0x00000001]
[17:49:54.664]      isProduction = (version > 0);
[17:49:54.664]        // -> [isProduction <= 0x00000001]
[17:49:54.664]    </block>
[17:49:54.664]    <control if="!isMSPM0G1X0X_G3X0X" while="" timeout="0" info="">
[17:49:54.664]      // if-block "!isMSPM0G1X0X_G3X0X"
[17:49:54.664]        // =>  FALSE
[17:49:54.664]      // skip if-block "!isMSPM0G1X0X_G3X0X"
[17:49:54.664]    </control>
[17:49:54.664]    <control if="continueId == 4" while="" timeout="0" info="">
[17:49:54.664]      // if-block "continueId == 4"
[17:49:54.664]        // =>  FALSE
[17:49:54.664]      // skip if-block "continueId == 4"
[17:49:54.664]    </control>
[17:49:54.664]    <control if="!isProduction" while="" timeout="0" info="">
[17:49:54.664]      // if-block "!isProduction"
[17:49:54.664]        // =>  FALSE
[17:49:54.664]      // skip if-block "!isProduction"
[17:49:54.664]    </control>
[17:49:54.664]  </sequence>
[17:49:54.664]  
[18:05:49.171]  **********  Sequence "DebugPortSetup"  (Context="Connect", Pname="", info="")
[18:05:49.171]  
[18:05:49.171]  <debugvars>
[18:05:49.171]    // Pre-defined
[18:05:49.171]    __protocol=0x00010002      (Protocol="SWD", SWJ-DP="True")
[18:05:49.171]    __connection=0x00000202    (Connection Type="Flash", Reset Type="System Reset")
[18:05:49.171]    __dp=0x00000000
[18:05:49.171]    __ap=0x00000000
[18:05:49.171]    __traceout=0x00000000      (Trace Disabled)
[18:05:49.171]    __errorcontrol=0x00000000  (Skip Errors="False")
[18:05:49.171]    __FlashAddr=0x00000000
[18:05:49.171]    __FlashLen=0x00000000
[18:05:49.171]    __FlashArg=0x00000000
[18:05:49.171]    __FlashOp=0x00000000
[18:05:49.172]    __Result=0x00000000
[18:05:49.172]  </debugvars>
[18:05:49.172]  
[18:05:49.172]  <sequence name="DebugPortSetup" Pname="" disable="false" info="">
[18:05:49.172]    <block atomic="false" info="">
[18:05:49.172]      __var isSWJ      = ((__protocol & 0x00010000) != 0);
[18:05:49.172]        // -> [isSWJ <= 0x00000001]
[18:05:49.172]      __var hasDormant = __protocol & 0x00020000;
[18:05:49.172]        // -> [hasDormant <= 0x00000000]
[18:05:49.172]      __var protType   = __protocol & 0x0000FFFF;
[18:05:49.172]        // -> [protType <= 0x00000002]
[18:05:49.172]    </block>
[18:05:49.172]    <control if="protType == 1" while="" timeout="0" info="">
[18:05:49.172]      // if-block "protType == 1"
[18:05:49.172]        // =>  FALSE
[18:05:49.172]      // skip if-block "protType == 1"
[18:05:49.172]    </control>
[18:05:49.172]    <control if="protType == 2" while="" timeout="0" info="">
[18:05:49.172]      // if-block "protType == 2"
[18:05:49.172]        // =>  TRUE
[18:05:49.172]      <control if="isSWJ" while="" timeout="0" info="">
[18:05:49.172]        // if-block "isSWJ"
[18:05:49.172]          // =>  TRUE
[18:05:49.172]        <control if="hasDormant" while="" timeout="0" info="">
[18:05:49.173]          // if-block "hasDormant"
[18:05:49.173]            // =>  FALSE
[18:05:49.173]          // skip if-block "hasDormant"
[18:05:49.173]        </control>
[18:05:49.173]        <control if="!hasDormant" while="" timeout="0" info="">
[18:05:49.173]          // if-block "!hasDormant"
[18:05:49.173]            // =>  TRUE
[18:05:49.173]          <block atomic="false" info="">
[18:05:49.173]            DAP_SWJ_Sequence(51, 0x0007FFFFFFFFFFFF); //lets put the JTAG line in a reset state
[18:05:49.175]              // -> [DAP_SWJ_Sequence(51, 0x0007FFFFFFFFFFFF)]
[18:05:49.175]            DAP_SWJ_Sequence(16,0xE73C); //SWD to JTAG, this is to ensure the state machine is initialized
[18:05:49.177]              // -> [DAP_SWJ_Sequence(16, 0x000000000000E73C)]
[18:05:49.177]            DAP_SWJ_Sequence(51, 0x0007FFFFFFFFFFFF); //Put it back in reset
[18:05:49.179]              // -> [DAP_SWJ_Sequence(51, 0x0007FFFFFFFFFFFF)]
[18:05:49.179]            DAP_SWJ_Sequence(16, 0xE79E); //JTAG to SWD switch
[18:05:49.181]              // -> [DAP_SWJ_Sequence(16, 0x000000000000E79E)]
[18:05:49.181]            DAP_SWJ_Sequence(51, 0x0007FFFFFFFFFFFF);  //Ensure the switch is successful 
[18:05:49.183]              // -> [DAP_SWJ_Sequence(51, 0x0007FFFFFFFFFFFF)]
[18:05:49.183]            DAP_SWJ_Sequence(7,  0x00); //Give the line some time to initialize
[18:05:49.185]              // -> [DAP_SWJ_Sequence(7, 0x0000000000000000)]
[18:05:49.185]          </block>
[18:05:49.185]          // end if-block "!hasDormant"
[18:05:49.186]        </control>
[18:05:49.186]        // end if-block "isSWJ"
[18:05:49.186]      </control>
[18:05:49.186]      <control if="!isSWJ" while="" timeout="0" info="">
[18:05:49.186]        // if-block "!isSWJ"
[18:05:49.186]          // =>  FALSE
[18:05:49.186]        // skip if-block "!isSWJ"
[18:05:49.186]      </control>
[18:05:49.186]      <block atomic="false" info="">
[18:05:49.186]        ReadDP(0x0);
[18:05:49.188]          // -> [ReadDP(0x00000000) => 0x6BA02477]   (__dp=0x00000000)
[18:05:49.188]      </block>
[18:05:49.188]      // end if-block "protType == 2"
[18:05:49.188]    </control>
[18:05:49.188]  </sequence>
[18:05:49.188]  
[18:05:49.192]  **********  Sequence "DebugPortStart"  (Context="Connect", Pname="", info="")
[18:05:49.192]  
[18:05:49.192]  <debugvars>
[18:05:49.192]    // Pre-defined
[18:05:49.192]    __protocol=0x00010002      (Protocol="SWD", SWJ-DP="True")
[18:05:49.192]    __connection=0x00000202    (Connection Type="Flash", Reset Type="System Reset")
[18:05:49.192]    __dp=0x00000000
[18:05:49.192]    __ap=0x00000000
[18:05:49.192]    __traceout=0x00000000      (Trace Disabled)
[18:05:49.192]    __errorcontrol=0x00000000  (Skip Errors="False")
[18:05:49.192]    __FlashAddr=0x00000000
[18:05:49.192]    __FlashLen=0x00000000
[18:05:49.193]    __FlashArg=0x00000000
[18:05:49.193]    __FlashOp=0x00000000
[18:05:49.193]    __Result=0x00000000
[18:05:49.193]  </debugvars>
[18:05:49.193]  
[18:05:49.193]  <sequence name="DebugPortStart" Pname="" disable="false" info="">
[18:05:49.193]    <block atomic="false" info="">
[18:05:49.193]      __var SW_DP_ABORT       = 0x0;
[18:05:49.193]        // -> [SW_DP_ABORT <= 0x00000000]
[18:05:49.193]      __var DP_CTRL_STAT      = 0x4;
[18:05:49.193]        // -> [DP_CTRL_STAT <= 0x00000004]
[18:05:49.193]      __var DP_SELECT         = 0x8;
[18:05:49.193]        // -> [DP_SELECT <= 0x00000008]
[18:05:49.193]      __var powered_down      = 0;
[18:05:49.193]        // -> [powered_down <= 0x00000000]
[18:05:49.193]      WriteDP(DP_SELECT, 0x00000000);
[18:05:49.194]        // -> [WriteDP(0x00000008, 0x00000000)]   (__dp=0x00000000)
[18:05:49.194]      powered_down = ((ReadDP(DP_CTRL_STAT) & 0xA0000000) != 0xA0000000);
[18:05:49.194]        // -> [ReadDP(0x00000004) => 0x00000040]   (__dp=0x00000000)
[18:05:49.194]        // -> [powered_down <= 0x00000001]
[18:05:49.194]    </block>
[18:05:49.194]    <control if="powered_down" while="" timeout="0" info="">
[18:05:49.194]      // if-block "powered_down"
[18:05:49.194]        // =>  TRUE
[18:05:49.194]      <block atomic="false" info="">
[18:05:49.194]        Message(0, "Debug/System power-up request sent");
[18:05:49.199]        WriteDP(DP_CTRL_STAT, 0x50000000);
[18:05:49.201]          // -> [WriteDP(0x00000004, 0x50000000)]   (__dp=0x00000000)
[18:05:49.201]      </block>
[18:05:49.201]      <control if="" while="(ReadDP(DP_CTRL_STAT) & 0xA0000000) != 0xA0000000" timeout="1000000" info="">
[18:05:49.201]        // while "(ReadDP(DP_CTRL_STAT) & 0xA0000000) != 0xA0000000"  (timeout="1000000")
[18:05:49.204]          // -> [ReadDP(0x00000004) => 0xF0000040]   (__dp=0x00000000)
[18:05:49.204]        // while-condition  =>  FALSE
[18:05:49.204]        // end while "(ReadDP(DP_CTRL_STAT) & 0xA0000000) != 0xA0000000"
[18:05:49.204]      </control>
[18:05:49.205]      <control if="(__protocol & 0xFFFF) == 1" while="" timeout="0" info="">
[18:05:49.205]        // if-block "(__protocol & 0xFFFF) == 1"
[18:05:49.205]          // =>  FALSE
[18:05:49.205]        // skip if-block "(__protocol & 0xFFFF) == 1"
[18:05:49.205]      </control>
[18:05:49.205]      <control if="(__protocol & 0xFFFF) == 2" while="" timeout="0" info="">
[18:05:49.205]        // if-block "(__protocol & 0xFFFF) == 2"
[18:05:49.205]          // =>  TRUE
[18:05:49.205]        <block atomic="false" info="">
[18:05:49.205]          Message(0, "executing SWD power up");
[18:05:49.206]          WriteDP(DP_CTRL_STAT, 0x50000F00);
[18:05:49.208]            // -> [WriteDP(0x00000004, 0x50000F00)]   (__dp=0x00000000)
[18:05:49.208]          WriteDP(SW_DP_ABORT, 0x0000001E);
[18:05:49.210]            // -> [WriteDP(0x00000000, 0x0000001E)]   (__dp=0x00000000)
[18:05:49.210]        </block>
[18:05:49.210]        // end if-block "(__protocol & 0xFFFF) == 2"
[18:05:49.210]      </control>
[18:05:49.210]      // end if-block "powered_down"
[18:05:49.211]    </control>
[18:05:49.211]    <block atomic="false" info="">
[18:05:49.211]      __var DEBUG_PORT_VAL    = 0;
[18:05:49.211]        // -> [DEBUG_PORT_VAL <= 0x00000000]
[18:05:49.211]      __var ACCESS_POINT_VAL  = 0;
[18:05:49.211]        // -> [ACCESS_POINT_VAL <= 0x00000000]
[18:05:49.211]      __ap = 1; 
[18:05:49.211]        // -> [__ap <= 0x00000001]
[18:05:49.211]      WriteAP(0x0C, 0x04); //lets use the mini pwr-ap as backup
[18:05:49.215]        // -> [WriteAP(0x0000000C, 0x00000004)]   (__dp=0x00000000, __ap=0x00000001)
[18:05:49.215]      __ap = 4;
[18:05:49.215]        // -> [__ap <= 0x00000004]
[18:05:49.215]      ACCESS_POINT_VAL = ReadAP(0x00);//Reading current state of access point
[18:05:49.219]        // -> [ReadAP(0x00000000) => 0x00080027]   (__dp=0x00000000, __ap=0x00000004)
[18:05:49.219]        // -> [ACCESS_POINT_VAL <= 0x00080027]
[18:05:49.219]      Message(0, "Current state of access point is: %x",ACCESS_POINT_VAL);
[18:05:49.220]    </block>
[18:05:49.221]    <block atomic="false" info="">
[18:05:49.221]      __var nReset = 0x80;
[18:05:49.221]        // -> [nReset <= 0x00000080]
[18:05:49.221]      __var canReadPins = 0;
[18:05:49.221]        // -> [canReadPins <= 0x00000000]
[18:05:49.221]      canReadPins = (DAP_SWJ_Pins(0x00, nReset, 0) != 0xFFFFFFFF);
[18:05:49.223]        // -> [DAP_SWJ_Pins(0x00, 0x80, 0) => 0x0F]   (Out: nRESET=0  =>  In: SWCLK/TCK=1, SWDIO/TMS=1, TDI=1, TDO=1, nTRST=0, nRESET=0)
[18:05:49.223]        // -> [canReadPins <= 0x00000001]
[18:05:49.223]    </block>
[18:05:49.223]    <control if="" while="1" timeout="200" info="">
[18:05:49.224]      // while "1"  (timeout="200")
[18:05:49.224]      // while-condition  =>  TRUE
[18:05:49.224]      // while "1"  (timeout="200")
[18:05:49.224]      // while-condition  =>  TRUE
[18:05:49.224]      // while "1"  (timeout="200")
[18:05:49.224]      // while-condition  =>  TRUE
[18:05:49.224]      // while "1"  (timeout="200")
[18:05:49.224]      // while-condition  =>  TRUE
[18:05:49.224]      // while "1"  (timeout="200")
[18:05:49.224]      // while-condition  =>  TRUE
[18:05:49.224]      // while "1"  (timeout="200")
[18:05:49.224]      // while-condition  =>  TRUE
[18:05:49.224]      // while "1"  (timeout="200")
[18:05:49.224]      // while-condition  =>  TRUE
[18:05:49.224]      // while "1"  (timeout="200")
[18:05:49.224]      // while-condition  =>  TRUE
[18:05:49.224]      // while "1"  (timeout="200")
[18:05:49.224]      // while-condition  =>  TRUE
[18:05:49.224]      // while "1"  (timeout="200")
[18:05:49.224]      // while-condition  =>  TRUE
[18:05:49.224]      // while "1"  (timeout="200")
[18:05:49.224]      // while-condition  =>  TRUE
[18:05:49.225]      // while "1"  (timeout="200")
[18:05:49.225]      // while-condition  =>  TRUE
[18:05:49.225]      // while "1"  (timeout="200")
[18:05:49.225]      // while-condition  =>  TRUE
[18:05:49.225]      // while "1"  (timeout="200")
[18:05:49.225]      // while-condition  =>  TRUE
[18:05:49.225]      // while "1"  (timeout="200")
[18:05:49.225]      // while-condition  =>  TRUE
[18:05:49.225]      // while "1"  (timeout="200")
[18:05:49.225]      // while-condition  =>  TRUE
[18:05:49.225]      // while "1"  (timeout="200")
[18:05:49.225]      // while-condition  =>  TRUE
[18:05:49.225]      // while "1"  (timeout="200")
[18:05:49.225]      // while-condition  =>  TRUE
[18:05:49.225]      // while "1"  (timeout="200")
[18:05:49.225]      // while-condition  =>  TRUE
[18:05:49.225]      // while "1"  (timeout="200")
[18:05:49.225]      // while-condition  =>  TRUE
[18:05:49.225]      // while "1"  (timeout="200")
[18:05:49.225]      // while-condition  =>  TRUE
[18:05:49.225]      // while "1"  (timeout="200")
[18:05:49.225]      // while-condition  =>  TRUE
[18:05:49.225]      // while "1"  (timeout="200")
[18:05:49.226]      // while-condition  =>  TRUE
[18:05:49.226]      // while "1"  (timeout="200")
[18:05:49.226]      // while-condition  =>  TRUE
[18:05:49.226]      // while "1"  (timeout="200")
[18:05:49.226]      // while-condition  =>  TRUE
[18:05:49.226]      // while "1"  (timeout="200")
[18:05:49.226]      // while-condition  =>  TRUE
[18:05:49.226]      // while "1"  (timeout="200")
[18:05:49.226]      // while-condition  =>  TRUE
[18:05:49.226]      // while "1"  (timeout="200")
[18:05:49.226]      // while-condition  =>  TRUE
[18:05:49.226]      // while "1"  (timeout="200")
[18:05:49.226]      // while-condition  =>  TRUE
[18:05:49.226]      // while "1"  (timeout="200")
[18:05:49.226]      // while-condition  =>  TRUE
[18:05:49.226]      // while "1"  (timeout="200")
[18:05:49.226]      // while-condition  =>  TRUE
[18:05:49.227]      // while "1"  (timeout="200")
[18:05:49.227]      // while-condition  =>  TRUE
[18:05:49.227]      // while "1"  (timeout="200")
[18:05:49.227]      // while-condition  =>  TRUE
[18:05:49.227]      // while "1"  (timeout="200")
[18:05:49.227]      // while-condition  =>  TRUE
[18:05:49.227]      // while "1"  (timeout="200")
[18:05:49.227]      // while-condition  =>  TRUE
[18:05:49.227]      // while "1"  (timeout="200")
[18:05:49.227]      // while-condition  =>  TRUE
[18:05:49.227]      // while "1"  (timeout="200")
[18:05:49.227]      // while-condition  =>  TRUE
[18:05:49.227]      // while "1"  (timeout="200")
[18:05:49.227]      // while-condition  =>  TRUE
[18:05:49.227]      // while "1"  (timeout="200")
[18:05:49.227]      // while-condition  =>  TRUE
[18:05:49.227]      // while "1"  (timeout="200")
[18:05:49.227]      // while-condition  =>  TRUE
[18:05:49.227]      // while "1"  (timeout="200")
[18:05:49.227]      // while-condition  =>  TRUE
[18:05:49.227]      // while "1"  (timeout="200")
[18:05:49.227]      // while-condition  =>  TRUE
[18:05:49.227]      // while "1"  (timeout="200")
[18:05:49.227]      // while-condition  =>  TRUE
[18:05:49.227]      // while "1"  (timeout="200")
[18:05:49.227]      // while-condition  =>  TRUE
[18:05:49.227]      // while "1"  (timeout="200")
[18:05:49.227]      // while-condition  =>  TRUE
[18:05:49.227]      // while "1"  (timeout="200")
[18:05:49.227]      // while-condition  =>  TRUE
[18:05:49.227]      // while "1"  (timeout="200")
[18:05:49.227]      // while-condition  =>  TRUE
[18:05:49.227]      // while "1"  (timeout="200")
[18:05:49.227]      // while-condition  =>  TRUE
[18:05:49.227]      // while "1"  (timeout="200")
[18:05:49.227]      // while-condition  =>  TRUE
[18:05:49.227]      // while "1"  (timeout="200")
[18:05:49.227]      // while-condition  =>  TRUE
[18:05:49.227]      // while "1"  (timeout="200")
[18:05:49.227]      // while-condition  =>  TRUE
[18:05:49.227]      // while "1"  (timeout="200")
[18:05:49.227]      // while-condition  =>  TRUE
[18:05:49.227]      // while "1"  (timeout="200")
[18:05:49.227]      // while-condition  =>  TRUE
[18:05:49.227]      // while "1"  (timeout="200")
[18:05:49.227]      // while-condition  =>  TRUE
[18:05:49.227]      // while "1"  (timeout="200")
[18:05:49.227]      // while-condition  =>  TRUE
[18:05:49.227]      // while "1"  (timeout="200")
[18:05:49.227]      // while-condition  =>  TRUE
[18:05:49.227]      // while "1"  (timeout="200")
[18:05:49.227]      // while-condition  =>  TRUE
[18:05:49.227]      // while "1"  (timeout="200")
[18:05:49.227]      // while-condition  =>  TRUE
[18:05:49.227]      // while "1"  (timeout="200")
[18:05:49.227]      // while-condition  =>  TRUE
[18:05:49.227]      // while "1"  (timeout="200")
[18:05:49.227]      // while-condition  =>  TRUE
[18:05:49.227]      // while "1"  (timeout="200")
[18:05:49.227]      // while-condition  =>  TRUE
[18:05:49.227]      // while "1"  (timeout="200")
[18:05:49.227]      // while-condition  =>  TRUE
[18:05:49.227]      // while "1"  (timeout="200")
[18:05:49.227]      // while-condition  =>  TRUE
[18:05:49.227]      // while "1"  (timeout="200")
[18:05:49.227]      // while-condition  =>  TRUE
[18:05:49.227]      // while "1"  (timeout="200")
[18:05:49.227]      // while-condition  =>  TRUE
[18:05:49.227]      // while "1"  (timeout="200")
[18:05:49.227]      // while-condition  =>  TRUE
[18:05:49.227]      // while "1"  (timeout="200")
[18:05:49.227]      // while-condition  =>  TRUE
[18:05:49.227]      // while "1"  (timeout="200")
[18:05:49.227]      // while-condition  =>  TRUE
[18:05:49.227]      // while "1"  (timeout="200")
[18:05:49.227]      // while-condition  =>  TRUE
[18:05:49.227]      // while "1"  (timeout="200")
[18:05:49.227]      // while-condition  =>  TRUE
[18:05:49.227]      // while "1"  (timeout="200")
[18:05:49.227]      // while-condition  =>  TRUE
[18:05:49.227]      // while "1"  (timeout="200")
[18:05:49.227]      // while-condition  =>  TRUE
[18:05:49.227]      // while "1"  (timeout="200")
[18:05:49.227]      // while-condition  =>  TRUE
[18:05:49.227]      // while "1"  (timeout="200")
[18:05:49.227]      // while-condition  =>  TRUE
[18:05:49.227]      // while "1"  (timeout="200")
[18:05:49.227]      // while-condition  =>  TRUE
[18:05:49.227]      // while "1"  (timeout="200")
[18:05:49.227]      // while-condition  =>  TRUE
[18:05:49.227]      // while "1"  (timeout="200")
[18:05:49.227]      // while-condition  =>  TRUE
[18:05:49.227]      // while "1"  (timeout="200")
[18:05:49.227]      // while-condition  =>  TRUE
[18:05:49.227]      // while "1"  (timeout="200")
[18:05:49.233]      // while-condition  =>  TRUE
[18:05:49.233]      // while "1"  (timeout="200")
[18:05:49.233]      // while  =>  TIMEOUT
[18:05:49.233]      // end while "1"
[18:05:49.233]    </control>
[18:05:49.233]    <control if="canReadPins" while="" timeout="0" info="">
[18:05:49.233]      // if-block "canReadPins"
[18:05:49.233]        // =>  TRUE
[18:05:49.233]      <control if="" while="(DAP_SWJ_Pins(nReset, nReset, 0) & nReset) == 0" timeout="1000000" info="">
[18:05:49.233]        // while "(DAP_SWJ_Pins(nReset, nReset, 0) & nReset) == 0"  (timeout="1000000")
[18:05:49.236]          // -> [DAP_SWJ_Pins(0x80, 0x80, 0) => 0x8F]   (Out: nRESET=1  =>  In: SWCLK/TCK=1, SWDIO/TMS=1, TDI=1, TDO=1, nTRST=0, nRESET=1)
[18:05:49.236]        // while-condition  =>  FALSE
[18:05:49.236]        // end while "(DAP_SWJ_Pins(nReset, nReset, 0) & nReset) == 0"
[18:05:49.236]      </control>
[18:05:49.236]      // end if-block "canReadPins"
[18:05:49.236]    </control>
[18:05:49.236]    <control if="!canReadPins" while="" timeout="0" info="">
[18:05:49.236]      // if-block "!canReadPins"
[18:05:49.236]        // =>  FALSE
[18:05:49.236]      // skip if-block "!canReadPins"
[18:05:49.236]    </control>
[18:05:49.237]    <control if="(ACCESS_POINT_VAL & 0x00E00000) == 0" while="" timeout="0" info="">
[18:05:49.237]      // if-block "(ACCESS_POINT_VAL & 0x00E00000) == 0"
[18:05:49.237]        // =>  TRUE
[18:05:49.237]      <block atomic="false" info="">
[18:05:49.237]        WriteAP(0x00, 0x190008);
[18:05:49.239]          // -> [WriteAP(0x00000000, 0x00190008)]   (__dp=0x00000000, __ap=0x00000004)
[18:05:49.239]        WriteAP(0xF0, 0x01);
[18:05:49.243]          // -> [WriteAP(0x000000F0, 0x00000001)]   (__dp=0x00000000, __ap=0x00000004)
[18:05:49.243]      </block>
[18:05:49.243]      // end if-block "(ACCESS_POINT_VAL & 0x00E00000) == 0"
[18:05:49.243]    </control>
[18:05:49.243]    <control if="(ACCESS_POINT_VAL & 0x00E00000) != 0" while="" timeout="0" info="">
[18:05:49.243]      // if-block "(ACCESS_POINT_VAL & 0x00E00000) != 0"
[18:05:49.243]        // =>  FALSE
[18:05:49.243]      // skip if-block "(ACCESS_POINT_VAL & 0x00E00000) != 0"
[18:05:49.243]    </control>
[18:05:49.243]    <block atomic="false" info="">
[18:05:49.243]      ACCESS_POINT_VAL = ReadAP(0x00);//Reading current state of access point
[18:05:49.247]        // -> [ReadAP(0x00000000) => 0x0079002F]   (__dp=0x00000000, __ap=0x00000004)
[18:05:49.247]        // -> [ACCESS_POINT_VAL <= 0x0079002F]
[18:05:49.247]      Message(0, "Current state of access point is: %x",ACCESS_POINT_VAL);
[18:05:49.249]      __ap = 0; //lets make sure we reset the access point selection
[18:05:49.249]        // -> [__ap <= 0x00000000]
[18:05:49.249]    </block>
[18:05:49.249]  </sequence>
[18:05:49.249]  
[18:05:49.266]  **********  Sequence "DebugDeviceUnlock"  (Context="Connect", Pname="", info="")
[18:05:49.266]  
[18:05:49.269]  <debugvars>
[18:05:49.269]    // Pre-defined
[18:05:49.269]    __protocol=0x00010002      (Protocol="SWD", SWJ-DP="True")
[18:05:49.269]    __connection=0x00000202    (Connection Type="Flash", Reset Type="System Reset")
[18:05:49.269]    __dp=0x00000000
[18:05:49.269]    __ap=0x00000000
[18:05:49.269]    __traceout=0x00000000      (Trace Disabled)
[18:05:49.269]    __errorcontrol=0x00000000  (Skip Errors="False")
[18:05:49.269]    __FlashAddr=0x00000000
[18:05:49.269]    __FlashLen=0x00000000
[18:05:49.269]    __FlashArg=0x00000000
[18:05:49.269]    __FlashOp=0x00000000
[18:05:49.269]    __Result=0x00000000
[18:05:49.269]  </debugvars>
[18:05:49.270]  
[18:05:49.270]  <sequence name="DebugDeviceUnlock" Pname="" disable="false" info="">
[18:05:49.270]    <block atomic="false" info="">
[18:05:49.270]      __var deviceID = 0;
[18:05:49.270]        // -> [deviceID <= 0x00000000]
[18:05:49.270]      __var version = 0;
[18:05:49.270]        // -> [version <= 0x00000000]
[18:05:49.270]      __var partNum = 0;
[18:05:49.270]        // -> [partNum <= 0x00000000]
[18:05:49.270]      __var manuf = 0;
[18:05:49.270]        // -> [manuf <= 0x00000000]
[18:05:49.270]      __var isMSPM0G1X0X_G3X0X = 0;
[18:05:49.270]        // -> [isMSPM0G1X0X_G3X0X <= 0x00000000]
[18:05:49.270]      __var isProduction = 0;
[18:05:49.270]        // -> [isProduction <= 0x00000000]
[18:05:49.270]      __var continueId = 0;
[18:05:49.270]        // -> [continueId <= 0x00000000]
[18:05:49.270]      deviceID =   Read32(0x41C40004);
[18:05:49.277]        // -> [Read32(0x41C40004) => 0x2BB8802F]   (__dp=0x00000000, __ap=0x00000000)
[18:05:49.277]        // -> [deviceID <= 0x2BB8802F]
[18:05:49.277]      version = deviceID >> 28;
[18:05:49.277]        // -> [version <= 0x00000002]
[18:05:49.277]      partNum = (deviceID & 0x0FFFF000) >> 12;
[18:05:49.277]        // -> [partNum <= 0x0000BB88]
[18:05:49.278]      manuf = (deviceID & 0x00000FFE) >> 1;
[18:05:49.278]        // -> [manuf <= 0x00000017]
[18:05:49.278]      isMSPM0G1X0X_G3X0X = (partNum == 0xBB88) && (manuf == 0x17);
[18:05:49.278]        // -> [isMSPM0G1X0X_G3X0X <= 0x00000001]
[18:05:49.278]      isProduction = (version > 0);
[18:05:49.278]        // -> [isProduction <= 0x00000001]
[18:05:49.278]    </block>
[18:05:49.278]    <control if="!isMSPM0G1X0X_G3X0X" while="" timeout="0" info="">
[18:05:49.278]      // if-block "!isMSPM0G1X0X_G3X0X"
[18:05:49.278]        // =>  FALSE
[18:05:49.278]      // skip if-block "!isMSPM0G1X0X_G3X0X"
[18:05:49.278]    </control>
[18:05:49.278]    <control if="continueId == 4" while="" timeout="0" info="">
[18:05:49.278]      // if-block "continueId == 4"
[18:05:49.278]        // =>  FALSE
[18:05:49.278]      // skip if-block "continueId == 4"
[18:05:49.278]    </control>
[18:05:49.278]    <control if="!isProduction" while="" timeout="0" info="">
[18:05:49.278]      // if-block "!isProduction"
[18:05:49.279]        // =>  FALSE
[18:05:49.279]      // skip if-block "!isProduction"
[18:05:49.279]    </control>
[18:05:49.279]  </sequence>
[18:05:49.279]  
[18:35:00.852]  **********  Sequence "DebugPortSetup"  (Context="Connect", Pname="", info="")
[18:35:00.852]  
[18:35:00.852]  <debugvars>
[18:35:00.852]    // Pre-defined
[18:35:00.852]    __protocol=0x00010002      (Protocol="SWD", SWJ-DP="True")
[18:35:00.852]    __connection=0x00000202    (Connection Type="Flash", Reset Type="System Reset")
[18:35:00.852]    __dp=0x00000000
[18:35:00.853]    __ap=0x00000000
[18:35:00.853]    __traceout=0x00000000      (Trace Disabled)
[18:35:00.853]    __errorcontrol=0x00000000  (Skip Errors="False")
[18:35:00.853]    __FlashAddr=0x00000000
[18:35:00.853]    __FlashLen=0x00000000
[18:35:00.853]    __FlashArg=0x00000000
[18:35:00.853]    __FlashOp=0x00000000
[18:35:00.853]    __Result=0x00000000
[18:35:00.853]  </debugvars>
[18:35:00.853]  
[18:35:00.853]  <sequence name="DebugPortSetup" Pname="" disable="false" info="">
[18:35:00.853]    <block atomic="false" info="">
[18:35:00.853]      __var isSWJ      = ((__protocol & 0x00010000) != 0);
[18:35:00.853]        // -> [isSWJ <= 0x00000001]
[18:35:00.853]      __var hasDormant = __protocol & 0x00020000;
[18:35:00.853]        // -> [hasDormant <= 0x00000000]
[18:35:00.853]      __var protType   = __protocol & 0x0000FFFF;
[18:35:00.853]        // -> [protType <= 0x00000002]
[18:35:00.853]    </block>
[18:35:00.853]    <control if="protType == 1" while="" timeout="0" info="">
[18:35:00.853]      // if-block "protType == 1"
[18:35:00.853]        // =>  FALSE
[18:35:00.854]      // skip if-block "protType == 1"
[18:35:00.854]    </control>
[18:35:00.854]    <control if="protType == 2" while="" timeout="0" info="">
[18:35:00.854]      // if-block "protType == 2"
[18:35:00.854]        // =>  TRUE
[18:35:00.854]      <control if="isSWJ" while="" timeout="0" info="">
[18:35:00.854]        // if-block "isSWJ"
[18:35:00.854]          // =>  TRUE
[18:35:00.854]        <control if="hasDormant" while="" timeout="0" info="">
[18:35:00.854]          // if-block "hasDormant"
[18:35:00.854]            // =>  FALSE
[18:35:00.854]          // skip if-block "hasDormant"
[18:35:00.854]        </control>
[18:35:00.854]        <control if="!hasDormant" while="" timeout="0" info="">
[18:35:00.854]          // if-block "!hasDormant"
[18:35:00.854]            // =>  TRUE
[18:35:00.854]          <block atomic="false" info="">
[18:35:00.854]            DAP_SWJ_Sequence(51, 0x0007FFFFFFFFFFFF); //lets put the JTAG line in a reset state
[18:35:00.857]              // -> [DAP_SWJ_Sequence(51, 0x0007FFFFFFFFFFFF)]
[18:35:00.857]            DAP_SWJ_Sequence(16,0xE73C); //SWD to JTAG, this is to ensure the state machine is initialized
[18:35:00.860]              // -> [DAP_SWJ_Sequence(16, 0x000000000000E73C)]
[18:35:00.860]            DAP_SWJ_Sequence(51, 0x0007FFFFFFFFFFFF); //Put it back in reset
[18:35:00.860]              // -> [DAP_SWJ_Sequence(51, 0x0007FFFFFFFFFFFF)]
[18:35:00.860]            DAP_SWJ_Sequence(16, 0xE79E); //JTAG to SWD switch
[18:35:00.860]              // -> [DAP_SWJ_Sequence(16, 0x000000000000E79E)]
[18:35:00.860]            DAP_SWJ_Sequence(51, 0x0007FFFFFFFFFFFF);  //Ensure the switch is successful 
[18:35:00.865]              // -> [DAP_SWJ_Sequence(51, 0x0007FFFFFFFFFFFF)]
[18:35:00.865]            DAP_SWJ_Sequence(7,  0x00); //Give the line some time to initialize
[18:35:00.868]              // -> [DAP_SWJ_Sequence(7, 0x0000000000000000)]
[18:35:00.868]          </block>
[18:35:00.868]          // end if-block "!hasDormant"
[18:35:00.868]        </control>
[18:35:00.868]        // end if-block "isSWJ"
[18:35:00.869]      </control>
[18:35:00.869]      <control if="!isSWJ" while="" timeout="0" info="">
[18:35:00.869]        // if-block "!isSWJ"
[18:35:00.869]          // =>  FALSE
[18:35:00.869]        // skip if-block "!isSWJ"
[18:35:00.869]      </control>
[18:35:00.869]      <block atomic="false" info="">
[18:35:00.869]        ReadDP(0x0);
[18:35:00.871]          // -> [ReadDP(0x00000000) => 0x6BA02477]   (__dp=0x00000000)
[18:35:00.871]      </block>
[18:35:00.871]      // end if-block "protType == 2"
[18:35:00.871]    </control>
[18:35:00.871]  </sequence>
[18:35:00.871]  
[18:35:00.875]  **********  Sequence "DebugPortStart"  (Context="Connect", Pname="", info="")
[18:35:00.875]  
[18:35:00.875]  <debugvars>
[18:35:00.875]    // Pre-defined
[18:35:00.875]    __protocol=0x00010002      (Protocol="SWD", SWJ-DP="True")
[18:35:00.875]    __connection=0x00000202    (Connection Type="Flash", Reset Type="System Reset")
[18:35:00.875]    __dp=0x00000000
[18:35:00.875]    __ap=0x00000000
[18:35:00.875]    __traceout=0x00000000      (Trace Disabled)
[18:35:00.875]    __errorcontrol=0x00000000  (Skip Errors="False")
[18:35:00.875]    __FlashAddr=0x00000000
[18:35:00.875]    __FlashLen=0x00000000
[18:35:00.876]    __FlashArg=0x00000000
[18:35:00.876]    __FlashOp=0x00000000
[18:35:00.876]    __Result=0x00000000
[18:35:00.876]  </debugvars>
[18:35:00.876]  
[18:35:00.876]  <sequence name="DebugPortStart" Pname="" disable="false" info="">
[18:35:00.876]    <block atomic="false" info="">
[18:35:00.876]      __var SW_DP_ABORT       = 0x0;
[18:35:00.876]        // -> [SW_DP_ABORT <= 0x00000000]
[18:35:00.876]      __var DP_CTRL_STAT      = 0x4;
[18:35:00.877]        // -> [DP_CTRL_STAT <= 0x00000004]
[18:35:00.877]      __var DP_SELECT         = 0x8;
[18:35:00.877]        // -> [DP_SELECT <= 0x00000008]
[18:35:00.877]      __var powered_down      = 0;
[18:35:00.877]        // -> [powered_down <= 0x00000000]
[18:35:00.877]      WriteDP(DP_SELECT, 0x00000000);
[18:35:00.881]        // -> [WriteDP(0x00000008, 0x00000000)]   (__dp=0x00000000)
[18:35:00.881]      powered_down = ((ReadDP(DP_CTRL_STAT) & 0xA0000000) != 0xA0000000);
[18:35:00.885]        // -> [ReadDP(0x00000004) => 0x00000040]   (__dp=0x00000000)
[18:35:00.885]        // -> [powered_down <= 0x00000001]
[18:35:00.885]    </block>
[18:35:00.885]    <control if="powered_down" while="" timeout="0" info="">
[18:35:00.885]      // if-block "powered_down"
[18:35:00.885]        // =>  TRUE
[18:35:00.885]      <block atomic="false" info="">
[18:35:00.885]        Message(0, "Debug/System power-up request sent");
[18:35:00.887]        WriteDP(DP_CTRL_STAT, 0x50000000);
[18:35:00.889]          // -> [WriteDP(0x00000004, 0x50000000)]   (__dp=0x00000000)
[18:35:00.889]      </block>
[18:35:00.889]      <control if="" while="(ReadDP(DP_CTRL_STAT) & 0xA0000000) != 0xA0000000" timeout="1000000" info="">
[18:35:00.889]        // while "(ReadDP(DP_CTRL_STAT) & 0xA0000000) != 0xA0000000"  (timeout="1000000")
[18:35:00.892]          // -> [ReadDP(0x00000004) => 0xF0000040]   (__dp=0x00000000)
[18:35:00.892]        // while-condition  =>  FALSE
[18:35:00.892]        // end while "(ReadDP(DP_CTRL_STAT) & 0xA0000000) != 0xA0000000"
[18:35:00.892]      </control>
[18:35:00.893]      <control if="(__protocol & 0xFFFF) == 1" while="" timeout="0" info="">
[18:35:00.893]        // if-block "(__protocol & 0xFFFF) == 1"
[18:35:00.893]          // =>  FALSE
[18:35:00.893]        // skip if-block "(__protocol & 0xFFFF) == 1"
[18:35:00.893]      </control>
[18:35:00.893]      <control if="(__protocol & 0xFFFF) == 2" while="" timeout="0" info="">
[18:35:00.893]        // if-block "(__protocol & 0xFFFF) == 2"
[18:35:00.893]          // =>  TRUE
[18:35:00.893]        <block atomic="false" info="">
[18:35:00.893]          Message(0, "executing SWD power up");
[18:35:00.895]          WriteDP(DP_CTRL_STAT, 0x50000F00);
[18:35:00.895]            // -> [WriteDP(0x00000004, 0x50000F00)]   (__dp=0x00000000)
[18:35:00.895]          WriteDP(SW_DP_ABORT, 0x0000001E);
[18:35:00.898]            // -> [WriteDP(0x00000000, 0x0000001E)]   (__dp=0x00000000)
[18:35:00.898]        </block>
[18:35:00.898]        // end if-block "(__protocol & 0xFFFF) == 2"
[18:35:00.898]      </control>
[18:35:00.901]      // end if-block "powered_down"
[18:35:00.901]    </control>
[18:35:00.901]    <block atomic="false" info="">
[18:35:00.901]      __var DEBUG_PORT_VAL    = 0;
[18:35:00.901]        // -> [DEBUG_PORT_VAL <= 0x00000000]
[18:35:00.901]      __var ACCESS_POINT_VAL  = 0;
[18:35:00.901]        // -> [ACCESS_POINT_VAL <= 0x00000000]
[18:35:00.901]      __ap = 1; 
[18:35:00.901]        // -> [__ap <= 0x00000001]
[18:35:00.901]      WriteAP(0x0C, 0x04); //lets use the mini pwr-ap as backup
[18:35:00.907]        // -> [WriteAP(0x0000000C, 0x00000004)]   (__dp=0x00000000, __ap=0x00000001)
[18:35:00.907]      __ap = 4;
[18:35:00.907]        // -> [__ap <= 0x00000004]
[18:35:00.908]      ACCESS_POINT_VAL = ReadAP(0x00);//Reading current state of access point
[18:35:00.911]        // -> [ReadAP(0x00000000) => 0x00080027]   (__dp=0x00000000, __ap=0x00000004)
[18:35:00.911]        // -> [ACCESS_POINT_VAL <= 0x00080027]
[18:35:00.911]      Message(0, "Current state of access point is: %x",ACCESS_POINT_VAL);
[18:35:00.913]    </block>
[18:35:00.913]    <block atomic="false" info="">
[18:35:00.913]      __var nReset = 0x80;
[18:35:00.913]        // -> [nReset <= 0x00000080]
[18:35:00.913]      __var canReadPins = 0;
[18:35:00.913]        // -> [canReadPins <= 0x00000000]
[18:35:00.913]      canReadPins = (DAP_SWJ_Pins(0x00, nReset, 0) != 0xFFFFFFFF);
[18:35:00.915]        // -> [DAP_SWJ_Pins(0x00, 0x80, 0) => 0x0F]   (Out: nRESET=0  =>  In: SWCLK/TCK=1, SWDIO/TMS=1, TDI=1, TDO=1, nTRST=0, nRESET=0)
[18:35:00.915]        // -> [canReadPins <= 0x00000001]
[18:35:00.915]    </block>
[18:35:00.915]    <control if="" while="1" timeout="200" info="">
[18:35:00.915]      // while "1"  (timeout="200")
[18:35:00.915]      // while-condition  =>  TRUE
[18:35:00.915]      // while "1"  (timeout="200")
[18:35:00.915]      // while-condition  =>  TRUE
[18:35:00.915]      // while "1"  (timeout="200")
[18:35:00.915]      // while-condition  =>  TRUE
[18:35:00.915]      // while "1"  (timeout="200")
[18:35:00.915]      // while-condition  =>  TRUE
[18:35:00.916]      // while "1"  (timeout="200")
[18:35:00.916]      // while-condition  =>  TRUE
[18:35:00.916]      // while "1"  (timeout="200")
[18:35:00.916]      // while-condition  =>  TRUE
[18:35:00.916]      // while "1"  (timeout="200")
[18:35:00.916]      // while-condition  =>  TRUE
[18:35:00.916]      // while "1"  (timeout="200")
[18:35:00.916]      // while-condition  =>  TRUE
[18:35:00.916]      // while "1"  (timeout="200")
[18:35:00.916]      // while-condition  =>  TRUE
[18:35:00.916]      // while "1"  (timeout="200")
[18:35:00.916]      // while-condition  =>  TRUE
[18:35:00.916]      // while "1"  (timeout="200")
[18:35:00.916]      // while-condition  =>  TRUE
[18:35:00.916]      // while "1"  (timeout="200")
[18:35:00.916]      // while-condition  =>  TRUE
[18:35:00.916]      // while "1"  (timeout="200")
[18:35:00.916]      // while-condition  =>  TRUE
[18:35:00.916]      // while "1"  (timeout="200")
[18:35:00.917]      // while-condition  =>  TRUE
[18:35:00.917]      // while "1"  (timeout="200")
[18:35:00.917]      // while-condition  =>  TRUE
[18:35:00.917]      // while "1"  (timeout="200")
[18:35:00.917]      // while-condition  =>  TRUE
[18:35:00.917]      // while "1"  (timeout="200")
[18:35:00.917]      // while-condition  =>  TRUE
[18:35:00.917]      // while "1"  (timeout="200")
[18:35:00.917]      // while-condition  =>  TRUE
[18:35:00.918]      // while "1"  (timeout="200")
[18:35:00.918]      // while-condition  =>  TRUE
[18:35:00.918]      // while "1"  (timeout="200")
[18:35:00.918]      // while-condition  =>  TRUE
[18:35:00.918]      // while "1"  (timeout="200")
[18:35:00.918]      // while-condition  =>  TRUE
[18:35:00.918]      // while "1"  (timeout="200")
[18:35:00.918]      // while-condition  =>  TRUE
[18:35:00.918]      // while "1"  (timeout="200")
[18:35:00.918]      // while-condition  =>  TRUE
[18:35:00.918]      // while "1"  (timeout="200")
[18:35:00.919]      // while-condition  =>  TRUE
[18:35:00.919]      // while "1"  (timeout="200")
[18:35:00.919]      // while-condition  =>  TRUE
[18:35:00.919]      // while "1"  (timeout="200")
[18:35:00.919]      // while-condition  =>  TRUE
[18:35:00.919]      // while "1"  (timeout="200")
[18:35:00.919]      // while-condition  =>  TRUE
[18:35:00.919]      // while "1"  (timeout="200")
[18:35:00.919]      // while-condition  =>  TRUE
[18:35:00.919]      // while "1"  (timeout="200")
[18:35:00.919]      // while-condition  =>  TRUE
[18:35:00.919]      // while "1"  (timeout="200")
[18:35:00.919]      // while-condition  =>  TRUE
[18:35:00.919]      // while "1"  (timeout="200")
[18:35:00.919]      // while-condition  =>  TRUE
[18:35:00.919]      // while "1"  (timeout="200")
[18:35:00.919]      // while-condition  =>  TRUE
[18:35:00.919]      // while "1"  (timeout="200")
[18:35:00.919]      // while-condition  =>  TRUE
[18:35:00.919]      // while "1"  (timeout="200")
[18:35:00.920]      // while-condition  =>  TRUE
[18:35:00.920]      // while "1"  (timeout="200")
[18:35:00.920]      // while-condition  =>  TRUE
[18:35:00.920]      // while "1"  (timeout="200")
[18:35:00.920]      // while-condition  =>  TRUE
[18:35:00.920]      // while "1"  (timeout="200")
[18:35:00.920]      // while-condition  =>  TRUE
[18:35:00.920]      // while "1"  (timeout="200")
[18:35:00.920]      // while-condition  =>  TRUE
[18:35:00.920]      // while "1"  (timeout="200")
[18:35:00.920]      // while-condition  =>  TRUE
[18:35:00.920]      // while "1"  (timeout="200")
[18:35:00.920]      // while-condition  =>  TRUE
[18:35:00.920]      // while "1"  (timeout="200")
[18:35:00.920]      // while-condition  =>  TRUE
[18:35:00.920]      // while "1"  (timeout="200")
[18:35:00.920]      // while-condition  =>  TRUE
[18:35:00.920]      // while "1"  (timeout="200")
[18:35:00.920]      // while-condition  =>  TRUE
[18:35:00.921]      // while "1"  (timeout="200")
[18:35:00.921]      // while-condition  =>  TRUE
[18:35:00.921]      // while "1"  (timeout="200")
[18:35:00.921]      // while-condition  =>  TRUE
[18:35:00.921]      // while "1"  (timeout="200")
[18:35:00.921]      // while-condition  =>  TRUE
[18:35:00.921]      // while "1"  (timeout="200")
[18:35:00.921]      // while-condition  =>  TRUE
[18:35:00.921]      // while "1"  (timeout="200")
[18:35:00.921]      // while-condition  =>  TRUE
[18:35:00.921]      // while "1"  (timeout="200")
[18:35:00.921]      // while-condition  =>  TRUE
[18:35:00.921]      // while "1"  (timeout="200")
[18:35:00.921]      // while-condition  =>  TRUE
[18:35:00.921]      // while "1"  (timeout="200")
[18:35:00.921]      // while-condition  =>  TRUE
[18:35:00.921]      // while "1"  (timeout="200")
[18:35:00.921]      // while-condition  =>  TRUE
[18:35:00.921]      // while "1"  (timeout="200")
[18:35:00.921]      // while-condition  =>  TRUE
[18:35:00.921]      // while "1"  (timeout="200")
[18:35:00.921]      // while-condition  =>  TRUE
[18:35:00.921]      // while "1"  (timeout="200")
[18:35:00.921]      // while-condition  =>  TRUE
[18:35:00.922]      // while "1"  (timeout="200")
[18:35:00.922]      // while-condition  =>  TRUE
[18:35:00.922]      // while "1"  (timeout="200")
[18:35:00.922]      // while-condition  =>  TRUE
[18:35:00.922]      // while "1"  (timeout="200")
[18:35:00.922]      // while-condition  =>  TRUE
[18:35:00.922]      // while "1"  (timeout="200")
[18:35:00.922]      // while-condition  =>  TRUE
[18:35:00.922]      // while "1"  (timeout="200")
[18:35:00.922]      // while-condition  =>  TRUE
[18:35:00.922]      // while "1"  (timeout="200")
[18:35:00.922]      // while-condition  =>  TRUE
[18:35:00.922]      // while "1"  (timeout="200")
[18:35:00.922]      // while-condition  =>  TRUE
[18:35:00.922]      // while "1"  (timeout="200")
[18:35:00.922]      // while-condition  =>  TRUE
[18:35:00.922]      // while "1"  (timeout="200")
[18:35:00.922]      // while-condition  =>  TRUE
[18:35:00.922]      // while "1"  (timeout="200")
[18:35:00.923]      // while-condition  =>  TRUE
[18:35:00.923]      // while "1"  (timeout="200")
[18:35:00.923]      // while-condition  =>  TRUE
[18:35:00.923]      // while "1"  (timeout="200")
[18:35:00.923]      // while-condition  =>  TRUE
[18:35:00.923]      // while "1"  (timeout="200")
[18:35:00.923]      // while-condition  =>  TRUE
[18:35:00.923]      // while "1"  (timeout="200")
[18:35:00.923]      // while-condition  =>  TRUE
[18:35:00.923]      // while "1"  (timeout="200")
[18:35:00.923]      // while-condition  =>  TRUE
[18:35:00.923]      // while "1"  (timeout="200")
[18:35:00.923]      // while-condition  =>  TRUE
[18:35:00.923]      // while "1"  (timeout="200")
[18:35:00.923]      // while-condition  =>  TRUE
[18:35:00.923]      // while "1"  (timeout="200")
[18:35:00.923]      // while-condition  =>  TRUE
[18:35:00.923]      // while "1"  (timeout="200")
[18:35:00.923]      // while-condition  =>  TRUE
[18:35:00.923]      // while "1"  (timeout="200")
[18:35:00.923]      // while-condition  =>  TRUE
[18:35:00.923]      // while "1"  (timeout="200")
[18:35:00.923]      // while-condition  =>  TRUE
[18:35:00.923]      // while "1"  (timeout="200")
[18:35:00.925]      // while-condition  =>  TRUE
[18:35:00.925]      // while "1"  (timeout="200")
[18:35:00.925]      // while-condition  =>  TRUE
[18:35:00.925]      // while "1"  (timeout="200")
[18:35:00.925]      // while-condition  =>  TRUE
[18:35:00.925]      // while "1"  (timeout="200")
[18:35:00.925]      // while-condition  =>  TRUE
[18:35:00.925]      // while "1"  (timeout="200")
[18:35:00.925]      // while-condition  =>  TRUE
[18:35:00.925]      // while "1"  (timeout="200")
[18:35:00.925]      // while-condition  =>  TRUE
[18:35:00.925]      // while "1"  (timeout="200")
[18:35:00.925]      // while-condition  =>  TRUE
[18:35:00.925]      // while "1"  (timeout="200")
[18:35:00.925]      // while  =>  TIMEOUT
[18:35:00.925]      // end while "1"
[18:35:00.925]    </control>
[18:35:00.925]    <control if="canReadPins" while="" timeout="0" info="">
[18:35:00.925]      // if-block "canReadPins"
[18:35:00.925]        // =>  TRUE
[18:35:00.925]      <control if="" while="(DAP_SWJ_Pins(nReset, nReset, 0) & nReset) == 0" timeout="1000000" info="">
[18:35:00.925]        // while "(DAP_SWJ_Pins(nReset, nReset, 0) & nReset) == 0"  (timeout="1000000")
[18:35:00.927]          // -> [DAP_SWJ_Pins(0x80, 0x80, 0) => 0x8F]   (Out: nRESET=1  =>  In: SWCLK/TCK=1, SWDIO/TMS=1, TDI=1, TDO=1, nTRST=0, nRESET=1)
[18:35:00.928]        // while-condition  =>  FALSE
[18:35:00.928]        // end while "(DAP_SWJ_Pins(nReset, nReset, 0) & nReset) == 0"
[18:35:00.928]      </control>
[18:35:00.928]      // end if-block "canReadPins"
[18:35:00.928]    </control>
[18:35:00.928]    <control if="!canReadPins" while="" timeout="0" info="">
[18:35:00.928]      // if-block "!canReadPins"
[18:35:00.928]        // =>  FALSE
[18:35:00.928]      // skip if-block "!canReadPins"
[18:35:00.928]    </control>
[18:35:00.928]    <control if="(ACCESS_POINT_VAL & 0x00E00000) == 0" while="" timeout="0" info="">
[18:35:00.928]      // if-block "(ACCESS_POINT_VAL & 0x00E00000) == 0"
[18:35:00.928]        // =>  TRUE
[18:35:00.928]      <block atomic="false" info="">
[18:35:00.929]        WriteAP(0x00, 0x190008);
[18:35:00.930]          // -> [WriteAP(0x00000000, 0x00190008)]   (__dp=0x00000000, __ap=0x00000004)
[18:35:00.931]        WriteAP(0xF0, 0x01);
[18:35:00.934]          // -> [WriteAP(0x000000F0, 0x00000001)]   (__dp=0x00000000, __ap=0x00000004)
[18:35:00.935]      </block>
[18:35:00.935]      // end if-block "(ACCESS_POINT_VAL & 0x00E00000) == 0"
[18:35:00.935]    </control>
[18:35:00.935]    <control if="(ACCESS_POINT_VAL & 0x00E00000) != 0" while="" timeout="0" info="">
[18:35:00.935]      // if-block "(ACCESS_POINT_VAL & 0x00E00000) != 0"
[18:35:00.935]        // =>  FALSE
[18:35:00.935]      // skip if-block "(ACCESS_POINT_VAL & 0x00E00000) != 0"
[18:35:00.935]    </control>
[18:35:00.935]    <block atomic="false" info="">
[18:35:00.935]      ACCESS_POINT_VAL = ReadAP(0x00);//Reading current state of access point
[18:35:00.940]        // -> [ReadAP(0x00000000) => 0x0079002F]   (__dp=0x00000000, __ap=0x00000004)
[18:35:00.940]        // -> [ACCESS_POINT_VAL <= 0x0079002F]
[18:35:00.940]      Message(0, "Current state of access point is: %x",ACCESS_POINT_VAL);
[18:35:00.941]      __ap = 0; //lets make sure we reset the access point selection
[18:35:00.942]        // -> [__ap <= 0x00000000]
[18:35:00.942]    </block>
[18:35:00.942]  </sequence>
[18:35:00.942]  
[18:35:00.960]  **********  Sequence "DebugDeviceUnlock"  (Context="Connect", Pname="", info="")
[18:35:00.960]  
[18:35:00.960]  <debugvars>
[18:35:00.960]    // Pre-defined
[18:35:00.960]    __protocol=0x00010002      (Protocol="SWD", SWJ-DP="True")
[18:35:00.960]    __connection=0x00000202    (Connection Type="Flash", Reset Type="System Reset")
[18:35:00.960]    __dp=0x00000000
[18:35:00.960]    __ap=0x00000000
[18:35:00.960]    __traceout=0x00000000      (Trace Disabled)
[18:35:00.960]    __errorcontrol=0x00000000  (Skip Errors="False")
[18:35:00.960]    __FlashAddr=0x00000000
[18:35:00.960]    __FlashLen=0x00000000
[18:35:00.960]    __FlashArg=0x00000000
[18:35:00.960]    __FlashOp=0x00000000
[18:35:00.960]    __Result=0x00000000
[18:35:00.960]  </debugvars>
[18:35:00.960]  
[18:35:00.960]  <sequence name="DebugDeviceUnlock" Pname="" disable="false" info="">
[18:35:00.960]    <block atomic="false" info="">
[18:35:00.960]      __var deviceID = 0;
[18:35:00.960]        // -> [deviceID <= 0x00000000]
[18:35:00.960]      __var version = 0;
[18:35:00.960]        // -> [version <= 0x00000000]
[18:35:00.960]      __var partNum = 0;
[18:35:00.960]        // -> [partNum <= 0x00000000]
[18:35:00.960]      __var manuf = 0;
[18:35:00.960]        // -> [manuf <= 0x00000000]
[18:35:00.960]      __var isMSPM0G1X0X_G3X0X = 0;
[18:35:00.960]        // -> [isMSPM0G1X0X_G3X0X <= 0x00000000]
[18:35:00.960]      __var isProduction = 0;
[18:35:00.960]        // -> [isProduction <= 0x00000000]
[18:35:00.960]      __var continueId = 0;
[18:35:00.960]        // -> [continueId <= 0x00000000]
[18:35:00.960]      deviceID =   Read32(0x41C40004);
[18:35:00.972]        // -> [Read32(0x41C40004) => 0x2BB8802F]   (__dp=0x00000000, __ap=0x00000000)
[18:35:00.972]        // -> [deviceID <= 0x2BB8802F]
[18:35:00.972]      version = deviceID >> 28;
[18:35:00.972]        // -> [version <= 0x00000002]
[18:35:00.972]      partNum = (deviceID & 0x0FFFF000) >> 12;
[18:35:00.972]        // -> [partNum <= 0x0000BB88]
[18:35:00.972]      manuf = (deviceID & 0x00000FFE) >> 1;
[18:35:00.973]        // -> [manuf <= 0x00000017]
[18:35:00.973]      isMSPM0G1X0X_G3X0X = (partNum == 0xBB88) && (manuf == 0x17);
[18:35:00.973]        // -> [isMSPM0G1X0X_G3X0X <= 0x00000001]
[18:35:00.973]      isProduction = (version > 0);
[18:35:00.973]        // -> [isProduction <= 0x00000001]
[18:35:00.973]    </block>
[18:35:00.973]    <control if="!isMSPM0G1X0X_G3X0X" while="" timeout="0" info="">
[18:35:00.973]      // if-block "!isMSPM0G1X0X_G3X0X"
[18:35:00.973]        // =>  FALSE
[18:35:00.973]      // skip if-block "!isMSPM0G1X0X_G3X0X"
[18:35:00.973]    </control>
[18:35:00.973]    <control if="continueId == 4" while="" timeout="0" info="">
[18:35:00.973]      // if-block "continueId == 4"
[18:35:00.973]        // =>  FALSE
[18:35:00.973]      // skip if-block "continueId == 4"
[18:35:00.973]    </control>
[18:35:00.973]    <control if="!isProduction" while="" timeout="0" info="">
[18:35:00.973]      // if-block "!isProduction"
[18:35:00.973]        // =>  FALSE
[18:35:00.973]      // skip if-block "!isProduction"
[18:35:00.973]    </control>
[18:35:00.973]  </sequence>
[18:35:00.974]  
[19:23:01.537]  **********  Sequence "DebugPortSetup"  (Context="Connect", Pname="", info="")
[19:23:01.537]  
[19:23:01.540]  <debugvars>
[19:23:01.540]    // Pre-defined
[19:23:01.540]    __protocol=0x00010002      (Protocol="SWD", SWJ-DP="True")
[19:23:01.540]    __connection=0x00000202    (Connection Type="Flash", Reset Type="System Reset")
[19:23:01.540]    __dp=0x00000000
[19:23:01.540]    __ap=0x00000000
[19:23:01.540]    __traceout=0x00000000      (Trace Disabled)
[19:23:01.540]    __errorcontrol=0x00000000  (Skip Errors="False")
[19:23:01.540]    __FlashAddr=0x00000000
[19:23:01.541]    __FlashLen=0x00000000
[19:23:01.541]    __FlashArg=0x00000000
[19:23:01.541]    __FlashOp=0x00000000
[19:23:01.541]    __Result=0x00000000
[19:23:01.541]  </debugvars>
[19:23:01.541]  
[19:23:01.541]  <sequence name="DebugPortSetup" Pname="" disable="false" info="">
[19:23:01.541]    <block atomic="false" info="">
[19:23:01.541]      __var isSWJ      = ((__protocol & 0x00010000) != 0);
[19:23:01.541]        // -> [isSWJ <= 0x00000001]
[19:23:01.541]      __var hasDormant = __protocol & 0x00020000;
[19:23:01.541]        // -> [hasDormant <= 0x00000000]
[19:23:01.542]      __var protType   = __protocol & 0x0000FFFF;
[19:23:01.542]        // -> [protType <= 0x00000002]
[19:23:01.542]    </block>
[19:23:01.542]    <control if="protType == 1" while="" timeout="0" info="">
[19:23:01.542]      // if-block "protType == 1"
[19:23:01.542]        // =>  FALSE
[19:23:01.542]      // skip if-block "protType == 1"
[19:23:01.542]    </control>
[19:23:01.542]    <control if="protType == 2" while="" timeout="0" info="">
[19:23:01.542]      // if-block "protType == 2"
[19:23:01.542]        // =>  TRUE
[19:23:01.542]      <control if="isSWJ" while="" timeout="0" info="">
[19:23:01.542]        // if-block "isSWJ"
[19:23:01.542]          // =>  TRUE
[19:23:01.542]        <control if="hasDormant" while="" timeout="0" info="">
[19:23:01.542]          // if-block "hasDormant"
[19:23:01.542]            // =>  FALSE
[19:23:01.542]          // skip if-block "hasDormant"
[19:23:01.542]        </control>
[19:23:01.542]        <control if="!hasDormant" while="" timeout="0" info="">
[19:23:01.542]          // if-block "!hasDormant"
[19:23:01.542]            // =>  TRUE
[19:23:01.542]          <block atomic="false" info="">
[19:23:01.542]            DAP_SWJ_Sequence(51, 0x0007FFFFFFFFFFFF); //lets put the JTAG line in a reset state
[19:23:01.545]              // -> [DAP_SWJ_Sequence(51, 0x0007FFFFFFFFFFFF)]
[19:23:01.545]            DAP_SWJ_Sequence(16,0xE73C); //SWD to JTAG, this is to ensure the state machine is initialized
[19:23:01.547]              // -> [DAP_SWJ_Sequence(16, 0x000000000000E73C)]
[19:23:01.548]            DAP_SWJ_Sequence(51, 0x0007FFFFFFFFFFFF); //Put it back in reset
[19:23:01.549]              // -> [DAP_SWJ_Sequence(51, 0x0007FFFFFFFFFFFF)]
[19:23:01.550]            DAP_SWJ_Sequence(16, 0xE79E); //JTAG to SWD switch
[19:23:01.551]              // -> [DAP_SWJ_Sequence(16, 0x000000000000E79E)]
[19:23:01.552]            DAP_SWJ_Sequence(51, 0x0007FFFFFFFFFFFF);  //Ensure the switch is successful 
[19:23:01.553]              // -> [DAP_SWJ_Sequence(51, 0x0007FFFFFFFFFFFF)]
[19:23:01.554]            DAP_SWJ_Sequence(7,  0x00); //Give the line some time to initialize
[19:23:01.555]              // -> [DAP_SWJ_Sequence(7, 0x0000000000000000)]
[19:23:01.556]          </block>
[19:23:01.556]          // end if-block "!hasDormant"
[19:23:01.556]        </control>
[19:23:01.556]        // end if-block "isSWJ"
[19:23:01.556]      </control>
[19:23:01.556]      <control if="!isSWJ" while="" timeout="0" info="">
[19:23:01.556]        // if-block "!isSWJ"
[19:23:01.556]          // =>  FALSE
[19:23:01.556]        // skip if-block "!isSWJ"
[19:23:01.556]      </control>
[19:23:01.556]      <block atomic="false" info="">
[19:23:01.556]        ReadDP(0x0);
[19:23:01.559]          // -> [ReadDP(0x00000000) => 0x6BA02477]   (__dp=0x00000000)
[19:23:01.559]      </block>
[19:23:01.559]      // end if-block "protType == 2"
[19:23:01.559]    </control>
[19:23:01.559]  </sequence>
[19:23:01.559]  
[19:23:01.563]  **********  Sequence "DebugPortStart"  (Context="Connect", Pname="", info="")
[19:23:01.563]  
[19:23:01.563]  <debugvars>
[19:23:01.563]    // Pre-defined
[19:23:01.563]    __protocol=0x00010002      (Protocol="SWD", SWJ-DP="True")
[19:23:01.563]    __connection=0x00000202    (Connection Type="Flash", Reset Type="System Reset")
[19:23:01.563]    __dp=0x00000000
[19:23:01.563]    __ap=0x00000000
[19:23:01.563]    __traceout=0x00000000      (Trace Disabled)
[19:23:01.563]    __errorcontrol=0x00000000  (Skip Errors="False")
[19:23:01.563]    __FlashAddr=0x00000000
[19:23:01.563]    __FlashLen=0x00000000
[19:23:01.563]    __FlashArg=0x00000000
[19:23:01.563]    __FlashOp=0x00000000
[19:23:01.563]    __Result=0x00000000
[19:23:01.563]  </debugvars>
[19:23:01.563]  
[19:23:01.563]  <sequence name="DebugPortStart" Pname="" disable="false" info="">
[19:23:01.563]    <block atomic="false" info="">
[19:23:01.563]      __var SW_DP_ABORT       = 0x0;
[19:23:01.563]        // -> [SW_DP_ABORT <= 0x00000000]
[19:23:01.564]      __var DP_CTRL_STAT      = 0x4;
[19:23:01.564]        // -> [DP_CTRL_STAT <= 0x00000004]
[19:23:01.564]      __var DP_SELECT         = 0x8;
[19:23:01.564]        // -> [DP_SELECT <= 0x00000008]
[19:23:01.564]      __var powered_down      = 0;
[19:23:01.564]        // -> [powered_down <= 0x00000000]
[19:23:01.564]      WriteDP(DP_SELECT, 0x00000000);
[19:23:01.566]        // -> [WriteDP(0x00000008, 0x00000000)]   (__dp=0x00000000)
[19:23:01.566]      powered_down = ((ReadDP(DP_CTRL_STAT) & 0xA0000000) != 0xA0000000);
[19:23:01.566]        // -> [ReadDP(0x00000004) => 0x00000040]   (__dp=0x00000000)
[19:23:01.566]        // -> [powered_down <= 0x00000001]
[19:23:01.566]    </block>
[19:23:01.566]    <control if="powered_down" while="" timeout="0" info="">
[19:23:01.566]      // if-block "powered_down"
[19:23:01.566]        // =>  TRUE
[19:23:01.566]      <block atomic="false" info="">
[19:23:01.566]        Message(0, "Debug/System power-up request sent");
[19:23:01.566]        WriteDP(DP_CTRL_STAT, 0x50000000);
[19:23:01.572]          // -> [WriteDP(0x00000004, 0x50000000)]   (__dp=0x00000000)
[19:23:01.572]      </block>
[19:23:01.572]      <control if="" while="(ReadDP(DP_CTRL_STAT) & 0xA0000000) != 0xA0000000" timeout="1000000" info="">
[19:23:01.573]        // while "(ReadDP(DP_CTRL_STAT) & 0xA0000000) != 0xA0000000"  (timeout="1000000")
[19:23:01.575]          // -> [ReadDP(0x00000004) => 0xF0000040]   (__dp=0x00000000)
[19:23:01.575]        // while-condition  =>  FALSE
[19:23:01.575]        // end while "(ReadDP(DP_CTRL_STAT) & 0xA0000000) != 0xA0000000"
[19:23:01.575]      </control>
[19:23:01.575]      <control if="(__protocol & 0xFFFF) == 1" while="" timeout="0" info="">
[19:23:01.575]        // if-block "(__protocol & 0xFFFF) == 1"
[19:23:01.575]          // =>  FALSE
[19:23:01.575]        // skip if-block "(__protocol & 0xFFFF) == 1"
[19:23:01.575]      </control>
[19:23:01.576]      <control if="(__protocol & 0xFFFF) == 2" while="" timeout="0" info="">
[19:23:01.576]        // if-block "(__protocol & 0xFFFF) == 2"
[19:23:01.576]          // =>  TRUE
[19:23:01.576]        <block atomic="false" info="">
[19:23:01.576]          Message(0, "executing SWD power up");
[19:23:01.577]          WriteDP(DP_CTRL_STAT, 0x50000F00);
[19:23:01.581]            // -> [WriteDP(0x00000004, 0x50000F00)]   (__dp=0x00000000)
[19:23:01.581]          WriteDP(SW_DP_ABORT, 0x0000001E);
[19:23:01.586]            // -> [WriteDP(0x00000000, 0x0000001E)]   (__dp=0x00000000)
[19:23:01.586]        </block>
[19:23:01.586]        // end if-block "(__protocol & 0xFFFF) == 2"
[19:23:01.586]      </control>
[19:23:01.586]      // end if-block "powered_down"
[19:23:01.586]    </control>
[19:23:01.586]    <block atomic="false" info="">
[19:23:01.586]      __var DEBUG_PORT_VAL    = 0;
[19:23:01.586]        // -> [DEBUG_PORT_VAL <= 0x00000000]
[19:23:01.586]      __var ACCESS_POINT_VAL  = 0;
[19:23:01.586]        // -> [ACCESS_POINT_VAL <= 0x00000000]
[19:23:01.586]      __ap = 1; 
[19:23:01.587]        // -> [__ap <= 0x00000001]
[19:23:01.587]      WriteAP(0x0C, 0x04); //lets use the mini pwr-ap as backup
[19:23:01.592]        // -> [WriteAP(0x0000000C, 0x00000004)]   (__dp=0x00000000, __ap=0x00000001)
[19:23:01.592]      __ap = 4;
[19:23:01.592]        // -> [__ap <= 0x00000004]
[19:23:01.592]      ACCESS_POINT_VAL = ReadAP(0x00);//Reading current state of access point
[19:23:01.595]        // -> [ReadAP(0x00000000) => 0x00080027]   (__dp=0x00000000, __ap=0x00000004)
[19:23:01.595]        // -> [ACCESS_POINT_VAL <= 0x00080027]
[19:23:01.595]      Message(0, "Current state of access point is: %x",ACCESS_POINT_VAL);
[19:23:01.597]    </block>
[19:23:01.597]    <block atomic="false" info="">
[19:23:01.597]      __var nReset = 0x80;
[19:23:01.597]        // -> [nReset <= 0x00000080]
[19:23:01.597]      __var canReadPins = 0;
[19:23:01.597]        // -> [canReadPins <= 0x00000000]
[19:23:01.597]      canReadPins = (DAP_SWJ_Pins(0x00, nReset, 0) != 0xFFFFFFFF);
[19:23:01.600]        // -> [DAP_SWJ_Pins(0x00, 0x80, 0) => 0x0F]   (Out: nRESET=0  =>  In: SWCLK/TCK=1, SWDIO/TMS=1, TDI=1, TDO=1, nTRST=0, nRESET=0)
[19:23:01.600]        // -> [canReadPins <= 0x00000001]
[19:23:01.600]    </block>
[19:23:01.600]    <control if="" while="1" timeout="200" info="">
[19:23:01.600]      // while "1"  (timeout="200")
[19:23:01.600]      // while-condition  =>  TRUE
[19:23:01.600]      // while "1"  (timeout="200")
[19:23:01.600]      // while-condition  =>  TRUE
[19:23:01.600]      // while "1"  (timeout="200")
[19:23:01.601]      // while-condition  =>  TRUE
[19:23:01.601]      // while "1"  (timeout="200")
[19:23:01.601]      // while-condition  =>  TRUE
[19:23:01.601]      // while "1"  (timeout="200")
[19:23:01.601]      // while-condition  =>  TRUE
[19:23:01.601]      // while "1"  (timeout="200")
[19:23:01.601]      // while-condition  =>  TRUE
[19:23:01.601]      // while "1"  (timeout="200")
[19:23:01.601]      // while-condition  =>  TRUE
[19:23:01.601]      // while "1"  (timeout="200")
[19:23:01.601]      // while-condition  =>  TRUE
[19:23:01.601]      // while "1"  (timeout="200")
[19:23:01.601]      // while-condition  =>  TRUE
[19:23:01.601]      // while "1"  (timeout="200")
[19:23:01.601]      // while-condition  =>  TRUE
[19:23:01.601]      // while "1"  (timeout="200")
[19:23:01.601]      // while-condition  =>  TRUE
[19:23:01.601]      // while "1"  (timeout="200")
[19:23:01.601]      // while-condition  =>  TRUE
[19:23:01.601]      // while "1"  (timeout="200")
[19:23:01.601]      // while-condition  =>  TRUE
[19:23:01.601]      // while "1"  (timeout="200")
[19:23:01.601]      // while-condition  =>  TRUE
[19:23:01.601]      // while "1"  (timeout="200")
[19:23:01.601]      // while-condition  =>  TRUE
[19:23:01.602]      // while "1"  (timeout="200")
[19:23:01.602]      // while-condition  =>  TRUE
[19:23:01.602]      // while "1"  (timeout="200")
[19:23:01.602]      // while-condition  =>  TRUE
[19:23:01.602]      // while "1"  (timeout="200")
[19:23:01.602]      // while-condition  =>  TRUE
[19:23:01.602]      // while "1"  (timeout="200")
[19:23:01.602]      // while-condition  =>  TRUE
[19:23:01.603]      // while "1"  (timeout="200")
[19:23:01.603]      // while-condition  =>  TRUE
[19:23:01.603]      // while "1"  (timeout="200")
[19:23:01.603]      // while-condition  =>  TRUE
[19:23:01.603]      // while "1"  (timeout="200")
[19:23:01.603]      // while-condition  =>  TRUE
[19:23:01.603]      // while "1"  (timeout="200")
[19:23:01.603]      // while-condition  =>  TRUE
[19:23:01.603]      // while "1"  (timeout="200")
[19:23:01.603]      // while-condition  =>  TRUE
[19:23:01.603]      // while "1"  (timeout="200")
[19:23:01.603]      // while-condition  =>  TRUE
[19:23:01.603]      // while "1"  (timeout="200")
[19:23:01.603]      // while-condition  =>  TRUE
[19:23:01.603]      // while "1"  (timeout="200")
[19:23:01.603]      // while-condition  =>  TRUE
[19:23:01.603]      // while "1"  (timeout="200")
[19:23:01.603]      // while-condition  =>  TRUE
[19:23:01.603]      // while "1"  (timeout="200")
[19:23:01.604]      // while-condition  =>  TRUE
[19:23:01.604]      // while "1"  (timeout="200")
[19:23:01.604]      // while-condition  =>  TRUE
[19:23:01.604]      // while "1"  (timeout="200")
[19:23:01.604]      // while-condition  =>  TRUE
[19:23:01.604]      // while "1"  (timeout="200")
[19:23:01.604]      // while-condition  =>  TRUE
[19:23:01.604]      // while "1"  (timeout="200")
[19:23:01.604]      // while-condition  =>  TRUE
[19:23:01.604]      // while "1"  (timeout="200")
[19:23:01.604]      // while-condition  =>  TRUE
[19:23:01.604]      // while "1"  (timeout="200")
[19:23:01.604]      // while-condition  =>  TRUE
[19:23:01.604]      // while "1"  (timeout="200")
[19:23:01.604]      // while-condition  =>  TRUE
[19:23:01.604]      // while "1"  (timeout="200")
[19:23:01.604]      // while-condition  =>  TRUE
[19:23:01.604]      // while "1"  (timeout="200")
[19:23:01.604]      // while-condition  =>  TRUE
[19:23:01.604]      // while "1"  (timeout="200")
[19:23:01.604]      // while-condition  =>  TRUE
[19:23:01.604]      // while "1"  (timeout="200")
[19:23:01.604]      // while-condition  =>  TRUE
[19:23:01.604]      // while "1"  (timeout="200")
[19:23:01.605]      // while-condition  =>  TRUE
[19:23:01.605]      // while "1"  (timeout="200")
[19:23:01.605]      // while-condition  =>  TRUE
[19:23:01.605]      // while "1"  (timeout="200")
[19:23:01.605]      // while-condition  =>  TRUE
[19:23:01.605]      // while "1"  (timeout="200")
[19:23:01.605]      // while-condition  =>  TRUE
[19:23:01.605]      // while "1"  (timeout="200")
[19:23:01.605]      // while-condition  =>  TRUE
[19:23:01.605]      // while "1"  (timeout="200")
[19:23:01.605]      // while-condition  =>  TRUE
[19:23:01.605]      // while "1"  (timeout="200")
[19:23:01.605]      // while-condition  =>  TRUE
[19:23:01.605]      // while "1"  (timeout="200")
[19:23:01.605]      // while-condition  =>  TRUE
[19:23:01.605]      // while "1"  (timeout="200")
[19:23:01.605]      // while-condition  =>  TRUE
[19:23:01.605]      // while "1"  (timeout="200")
[19:23:01.605]      // while-condition  =>  TRUE
[19:23:01.605]      // while "1"  (timeout="200")
[19:23:01.605]      // while-condition  =>  TRUE
[19:23:01.605]      // while "1"  (timeout="200")
[19:23:01.605]      // while-condition  =>  TRUE
[19:23:01.605]      // while "1"  (timeout="200")
[19:23:01.606]      // while-condition  =>  TRUE
[19:23:01.606]      // while "1"  (timeout="200")
[19:23:01.606]      // while-condition  =>  TRUE
[19:23:01.606]      // while "1"  (timeout="200")
[19:23:01.606]      // while-condition  =>  TRUE
[19:23:01.606]      // while "1"  (timeout="200")
[19:23:01.606]      // while-condition  =>  TRUE
[19:23:01.606]      // while "1"  (timeout="200")
[19:23:01.606]      // while-condition  =>  TRUE
[19:23:01.606]      // while "1"  (timeout="200")
[19:23:01.606]      // while-condition  =>  TRUE
[19:23:01.606]      // while "1"  (timeout="200")
[19:23:01.606]      // while-condition  =>  TRUE
[19:23:01.606]      // while "1"  (timeout="200")
[19:23:01.606]      // while-condition  =>  TRUE
[19:23:01.606]      // while "1"  (timeout="200")
[19:23:01.606]      // while-condition  =>  TRUE
[19:23:01.606]      // while "1"  (timeout="200")
[19:23:01.606]      // while-condition  =>  TRUE
[19:23:01.607]      // while "1"  (timeout="200")
[19:23:01.607]      // while-condition  =>  TRUE
[19:23:01.607]      // while "1"  (timeout="200")
[19:23:01.607]      // while-condition  =>  TRUE
[19:23:01.607]      // while "1"  (timeout="200")
[19:23:01.607]      // while-condition  =>  TRUE
[19:23:01.607]      // while "1"  (timeout="200")
[19:23:01.607]      // while-condition  =>  TRUE
[19:23:01.607]      // while "1"  (timeout="200")
[19:23:01.607]      // while-condition  =>  TRUE
[19:23:01.607]      // while "1"  (timeout="200")
[19:23:01.608]      // while-condition  =>  TRUE
[19:23:01.608]      // while "1"  (timeout="200")
[19:23:01.608]      // while-condition  =>  TRUE
[19:23:01.608]      // while "1"  (timeout="200")
[19:23:01.608]      // while-condition  =>  TRUE
[19:23:01.608]      // while "1"  (timeout="200")
[19:23:01.608]      // while-condition  =>  TRUE
[19:23:01.608]      // while "1"  (timeout="200")
[19:23:01.608]      // while-condition  =>  TRUE
[19:23:01.608]      // while "1"  (timeout="200")
[19:23:01.608]      // while-condition  =>  TRUE
[19:23:01.608]      // while "1"  (timeout="200")
[19:23:01.608]      // while-condition  =>  TRUE
[19:23:01.608]      // while "1"  (timeout="200")
[19:23:01.608]      // while-condition  =>  TRUE
[19:23:01.609]      // while "1"  (timeout="200")
[19:23:01.609]      // while-condition  =>  TRUE
[19:23:01.609]      // while "1"  (timeout="200")
[19:23:01.609]      // while-condition  =>  TRUE
[19:23:01.609]      // while "1"  (timeout="200")
[19:23:01.609]      // while-condition  =>  TRUE
[19:23:01.609]      // while "1"  (timeout="200")
[19:23:01.609]      // while-condition  =>  TRUE
[19:23:01.609]      // while "1"  (timeout="200")
[19:23:01.609]      // while-condition  =>  TRUE
[19:23:01.609]      // while "1"  (timeout="200")
[19:23:01.609]      // while-condition  =>  TRUE
[19:23:01.609]      // while "1"  (timeout="200")
[19:23:01.609]      // while-condition  =>  TRUE
[19:23:01.609]      // while "1"  (timeout="200")
[19:23:01.610]      // while-condition  =>  TRUE
[19:23:01.610]      // while "1"  (timeout="200")
[19:23:01.610]      // while-condition  =>  TRUE
[19:23:01.610]      // while "1"  (timeout="200")
[19:23:01.610]      // while-condition  =>  TRUE
[19:23:01.610]      // while "1"  (timeout="200")
[19:23:01.610]      // while-condition  =>  TRUE
[19:23:01.610]      // while "1"  (timeout="200")
[19:23:01.610]      // while-condition  =>  TRUE
[19:23:01.610]      // while "1"  (timeout="200")
[19:23:01.610]      // while-condition  =>  TRUE
[19:23:01.610]      // while "1"  (timeout="200")
[19:23:01.610]      // while-condition  =>  TRUE
[19:23:01.610]      // while "1"  (timeout="200")
[19:23:01.610]      // while-condition  =>  TRUE
[19:23:01.610]      // while "1"  (timeout="200")
[19:23:01.610]      // while-condition  =>  TRUE
[19:23:01.610]      // while "1"  (timeout="200")
[19:23:01.610]      // while-condition  =>  TRUE
[19:23:01.610]      // while "1"  (timeout="200")
[19:23:01.610]      // while-condition  =>  TRUE
[19:23:01.610]      // while "1"  (timeout="200")
[19:23:01.611]      // while-condition  =>  TRUE
[19:23:01.611]      // while "1"  (timeout="200")
[19:23:01.611]      // while-condition  =>  TRUE
[19:23:01.611]      // while "1"  (timeout="200")
[19:23:01.611]      // while-condition  =>  TRUE
[19:23:01.611]      // while "1"  (timeout="200")
[19:23:01.611]      // while-condition  =>  TRUE
[19:23:01.611]      // while "1"  (timeout="200")
[19:23:01.611]      // while-condition  =>  TRUE
[19:23:01.611]      // while "1"  (timeout="200")
[19:23:01.611]      // while-condition  =>  TRUE
[19:23:01.611]      // while "1"  (timeout="200")
[19:23:01.611]      // while-condition  =>  TRUE
[19:23:01.611]      // while "1"  (timeout="200")
[19:23:01.611]      // while-condition  =>  TRUE
[19:23:01.611]      // while "1"  (timeout="200")
[19:23:01.611]      // while-condition  =>  TRUE
[19:23:01.611]      // while "1"  (timeout="200")
[19:23:01.611]      // while-condition  =>  TRUE
[19:23:01.611]      // while "1"  (timeout="200")
[19:23:01.611]      // while-condition  =>  TRUE
[19:23:01.611]      // while "1"  (timeout="200")
[19:23:01.611]      // while-condition  =>  TRUE
[19:23:01.611]      // while "1"  (timeout="200")
[19:23:01.611]      // while-condition  =>  TRUE
[19:23:01.612]      // while "1"  (timeout="200")
[19:23:01.612]      // while-condition  =>  TRUE
[19:23:01.612]      // while "1"  (timeout="200")
[19:23:01.612]      // while-condition  =>  TRUE
[19:23:01.612]      // while "1"  (timeout="200")
[19:23:01.612]      // while-condition  =>  TRUE
[19:23:01.612]      // while "1"  (timeout="200")
[19:23:01.612]      // while-condition  =>  TRUE
[19:23:01.612]      // while "1"  (timeout="200")
[19:23:01.612]      // while-condition  =>  TRUE
[19:23:01.612]      // while "1"  (timeout="200")
[19:23:01.612]      // while-condition  =>  TRUE
[19:23:01.612]      // while "1"  (timeout="200")
[19:23:01.612]      // while-condition  =>  TRUE
[19:23:01.612]      // while "1"  (timeout="200")
[19:23:01.612]      // while-condition  =>  TRUE
[19:23:01.612]      // while "1"  (timeout="200")
[19:23:01.612]      // while-condition  =>  TRUE
[19:23:01.612]      // while "1"  (timeout="200")
[19:23:01.612]      // while-condition  =>  TRUE
[19:23:01.613]      // while "1"  (timeout="200")
[19:23:01.613]      // while  =>  TIMEOUT
[19:23:01.613]      // end while "1"
[19:23:01.613]    </control>
[19:23:01.613]    <control if="canReadPins" while="" timeout="0" info="">
[19:23:01.613]      // if-block "canReadPins"
[19:23:01.613]        // =>  TRUE
[19:23:01.613]      <control if="" while="(DAP_SWJ_Pins(nReset, nReset, 0) & nReset) == 0" timeout="1000000" info="">
[19:23:01.613]        // while "(DAP_SWJ_Pins(nReset, nReset, 0) & nReset) == 0"  (timeout="1000000")
[19:23:01.615]          // -> [DAP_SWJ_Pins(0x80, 0x80, 0) => 0x8F]   (Out: nRESET=1  =>  In: SWCLK/TCK=1, SWDIO/TMS=1, TDI=1, TDO=1, nTRST=0, nRESET=1)
[19:23:01.615]        // while-condition  =>  FALSE
[19:23:01.615]        // end while "(DAP_SWJ_Pins(nReset, nReset, 0) & nReset) == 0"
[19:23:01.616]      </control>
[19:23:01.616]      // end if-block "canReadPins"
[19:23:01.616]    </control>
[19:23:01.616]    <control if="!canReadPins" while="" timeout="0" info="">
[19:23:01.616]      // if-block "!canReadPins"
[19:23:01.616]        // =>  FALSE
[19:23:01.616]      // skip if-block "!canReadPins"
[19:23:01.616]    </control>
[19:23:01.616]    <control if="(ACCESS_POINT_VAL & 0x00E00000) == 0" while="" timeout="0" info="">
[19:23:01.616]      // if-block "(ACCESS_POINT_VAL & 0x00E00000) == 0"
[19:23:01.616]        // =>  TRUE
[19:23:01.616]      <block atomic="false" info="">
[19:23:01.616]        WriteAP(0x00, 0x190008);
[19:23:01.618]          // -> [WriteAP(0x00000000, 0x00190008)]   (__dp=0x00000000, __ap=0x00000004)
[19:23:01.618]        WriteAP(0xF0, 0x01);
[19:23:01.622]          // -> [WriteAP(0x000000F0, 0x00000001)]   (__dp=0x00000000, __ap=0x00000004)
[19:23:01.622]      </block>
[19:23:01.622]      // end if-block "(ACCESS_POINT_VAL & 0x00E00000) == 0"
[19:23:01.622]    </control>
[19:23:01.622]    <control if="(ACCESS_POINT_VAL & 0x00E00000) != 0" while="" timeout="0" info="">
[19:23:01.623]      // if-block "(ACCESS_POINT_VAL & 0x00E00000) != 0"
[19:23:01.623]        // =>  FALSE
[19:23:01.623]      // skip if-block "(ACCESS_POINT_VAL & 0x00E00000) != 0"
[19:23:01.623]    </control>
[19:23:01.623]    <block atomic="false" info="">
[19:23:01.623]      ACCESS_POINT_VAL = ReadAP(0x00);//Reading current state of access point
[19:23:01.627]        // -> [ReadAP(0x00000000) => 0x0079002F]   (__dp=0x00000000, __ap=0x00000004)
[19:23:01.627]        // -> [ACCESS_POINT_VAL <= 0x0079002F]
[19:23:01.627]      Message(0, "Current state of access point is: %x",ACCESS_POINT_VAL);
[19:23:01.629]      __ap = 0; //lets make sure we reset the access point selection
[19:23:01.629]        // -> [__ap <= 0x00000000]
[19:23:01.629]    </block>
[19:23:01.629]  </sequence>
[19:23:01.629]  
[19:23:01.651]  **********  Sequence "DebugDeviceUnlock"  (Context="Connect", Pname="", info="")
[19:23:01.651]  
[19:23:01.651]  <debugvars>
[19:23:01.651]    // Pre-defined
[19:23:01.651]    __protocol=0x00010002      (Protocol="SWD", SWJ-DP="True")
[19:23:01.651]    __connection=0x00000202    (Connection Type="Flash", Reset Type="System Reset")
[19:23:01.651]    __dp=0x00000000
[19:23:01.651]    __ap=0x00000000
[19:23:01.651]    __traceout=0x00000000      (Trace Disabled)
[19:23:01.651]    __errorcontrol=0x00000000  (Skip Errors="False")
[19:23:01.651]    __FlashAddr=0x00000000
[19:23:01.651]    __FlashLen=0x00000000
[19:23:01.651]    __FlashArg=0x00000000
[19:23:01.651]    __FlashOp=0x00000000
[19:23:01.651]    __Result=0x00000000
[19:23:01.651]  </debugvars>
[19:23:01.651]  
[19:23:01.652]  <sequence name="DebugDeviceUnlock" Pname="" disable="false" info="">
[19:23:01.652]    <block atomic="false" info="">
[19:23:01.652]      __var deviceID = 0;
[19:23:01.652]        // -> [deviceID <= 0x00000000]
[19:23:01.652]      __var version = 0;
[19:23:01.652]        // -> [version <= 0x00000000]
[19:23:01.652]      __var partNum = 0;
[19:23:01.652]        // -> [partNum <= 0x00000000]
[19:23:01.652]      __var manuf = 0;
[19:23:01.652]        // -> [manuf <= 0x00000000]
[19:23:01.652]      __var isMSPM0G1X0X_G3X0X = 0;
[19:23:01.652]        // -> [isMSPM0G1X0X_G3X0X <= 0x00000000]
[19:23:01.652]      __var isProduction = 0;
[19:23:01.652]        // -> [isProduction <= 0x00000000]
[19:23:01.652]      __var continueId = 0;
[19:23:01.652]        // -> [continueId <= 0x00000000]
[19:23:01.652]      deviceID =   Read32(0x41C40004);
[19:23:01.659]        // -> [Read32(0x41C40004) => 0x2BB8802F]   (__dp=0x00000000, __ap=0x00000000)
[19:23:01.659]        // -> [deviceID <= 0x2BB8802F]
[19:23:01.659]      version = deviceID >> 28;
[19:23:01.659]        // -> [version <= 0x00000002]
[19:23:01.659]      partNum = (deviceID & 0x0FFFF000) >> 12;
[19:23:01.659]        // -> [partNum <= 0x0000BB88]
[19:23:01.659]      manuf = (deviceID & 0x00000FFE) >> 1;
[19:23:01.659]        // -> [manuf <= 0x00000017]
[19:23:01.659]      isMSPM0G1X0X_G3X0X = (partNum == 0xBB88) && (manuf == 0x17);
[19:23:01.659]        // -> [isMSPM0G1X0X_G3X0X <= 0x00000001]
[19:23:01.659]      isProduction = (version > 0);
[19:23:01.659]        // -> [isProduction <= 0x00000001]
[19:23:01.659]    </block>
[19:23:01.659]    <control if="!isMSPM0G1X0X_G3X0X" while="" timeout="0" info="">
[19:23:01.659]      // if-block "!isMSPM0G1X0X_G3X0X"
[19:23:01.659]        // =>  FALSE
[19:23:01.659]      // skip if-block "!isMSPM0G1X0X_G3X0X"
[19:23:01.659]    </control>
[19:23:01.659]    <control if="continueId == 4" while="" timeout="0" info="">
[19:23:01.659]      // if-block "continueId == 4"
[19:23:01.660]        // =>  FALSE
[19:23:01.660]      // skip if-block "continueId == 4"
[19:23:01.660]    </control>
[19:23:01.660]    <control if="!isProduction" while="" timeout="0" info="">
[19:23:01.660]      // if-block "!isProduction"
[19:23:01.660]        // =>  FALSE
[19:23:01.660]      // skip if-block "!isProduction"
[19:23:01.660]    </control>
[19:23:01.660]  </sequence>
[19:23:01.660]  
[19:30:34.052]  **********  Sequence "DebugPortSetup"  (Context="Connect", Pname="", info="")
[19:30:34.052]  
[19:30:34.052]  <debugvars>
[19:30:34.052]    // Pre-defined
[19:30:34.052]    __protocol=0x00010002      (Protocol="SWD", SWJ-DP="True")
[19:30:34.052]    __connection=0x00000202    (Connection Type="Flash", Reset Type="System Reset")
[19:30:34.052]    __dp=0x00000000
[19:30:34.052]    __ap=0x00000000
[19:30:34.052]    __traceout=0x00000000      (Trace Disabled)
[19:30:34.052]    __errorcontrol=0x00000000  (Skip Errors="False")
[19:30:34.052]    __FlashAddr=0x00000000
[19:30:34.052]    __FlashLen=0x00000000
[19:30:34.052]    __FlashArg=0x00000000
[19:30:34.052]    __FlashOp=0x00000000
[19:30:34.052]    __Result=0x00000000
[19:30:34.052]  </debugvars>
[19:30:34.052]  
[19:30:34.052]  <sequence name="DebugPortSetup" Pname="" disable="false" info="">
[19:30:34.052]    <block atomic="false" info="">
[19:30:34.052]      __var isSWJ      = ((__protocol & 0x00010000) != 0);
[19:30:34.052]        // -> [isSWJ <= 0x00000001]
[19:30:34.052]      __var hasDormant = __protocol & 0x00020000;
[19:30:34.052]        // -> [hasDormant <= 0x00000000]
[19:30:34.052]      __var protType   = __protocol & 0x0000FFFF;
[19:30:34.052]        // -> [protType <= 0x00000002]
[19:30:34.052]    </block>
[19:30:34.052]    <control if="protType == 1" while="" timeout="0" info="">
[19:30:34.052]      // if-block "protType == 1"
[19:30:34.052]        // =>  FALSE
[19:30:34.052]      // skip if-block "protType == 1"
[19:30:34.052]    </control>
[19:30:34.052]    <control if="protType == 2" while="" timeout="0" info="">
[19:30:34.052]      // if-block "protType == 2"
[19:30:34.052]        // =>  TRUE
[19:30:34.052]      <control if="isSWJ" while="" timeout="0" info="">
[19:30:34.052]        // if-block "isSWJ"
[19:30:34.057]          // =>  TRUE
[19:30:34.057]        <control if="hasDormant" while="" timeout="0" info="">
[19:30:34.057]          // if-block "hasDormant"
[19:30:34.057]            // =>  FALSE
[19:30:34.057]          // skip if-block "hasDormant"
[19:30:34.057]        </control>
[19:30:34.057]        <control if="!hasDormant" while="" timeout="0" info="">
[19:30:34.058]          // if-block "!hasDormant"
[19:30:34.058]            // =>  TRUE
[19:30:34.058]          <block atomic="false" info="">
[19:30:34.058]            DAP_SWJ_Sequence(51, 0x0007FFFFFFFFFFFF); //lets put the JTAG line in a reset state
[19:30:34.061]              // -> [DAP_SWJ_Sequence(51, 0x0007FFFFFFFFFFFF)]
[19:30:34.061]            DAP_SWJ_Sequence(16,0xE73C); //SWD to JTAG, this is to ensure the state machine is initialized
[19:30:34.063]              // -> [DAP_SWJ_Sequence(16, 0x000000000000E73C)]
[19:30:34.063]            DAP_SWJ_Sequence(51, 0x0007FFFFFFFFFFFF); //Put it back in reset
[19:30:34.065]              // -> [DAP_SWJ_Sequence(51, 0x0007FFFFFFFFFFFF)]
[19:30:34.065]            DAP_SWJ_Sequence(16, 0xE79E); //JTAG to SWD switch
[19:30:34.067]              // -> [DAP_SWJ_Sequence(16, 0x000000000000E79E)]
[19:30:34.067]            DAP_SWJ_Sequence(51, 0x0007FFFFFFFFFFFF);  //Ensure the switch is successful 
[19:30:34.067]              // -> [DAP_SWJ_Sequence(51, 0x0007FFFFFFFFFFFF)]
[19:30:34.067]            DAP_SWJ_Sequence(7,  0x00); //Give the line some time to initialize
[19:30:34.067]              // -> [DAP_SWJ_Sequence(7, 0x0000000000000000)]
[19:30:34.067]          </block>
[19:30:34.067]          // end if-block "!hasDormant"
[19:30:34.067]        </control>
[19:30:34.067]        // end if-block "isSWJ"
[19:30:34.067]      </control>
[19:30:34.067]      <control if="!isSWJ" while="" timeout="0" info="">
[19:30:34.067]        // if-block "!isSWJ"
[19:30:34.067]          // =>  FALSE
[19:30:34.067]        // skip if-block "!isSWJ"
[19:30:34.067]      </control>
[19:30:34.067]      <block atomic="false" info="">
[19:30:34.067]        ReadDP(0x0);
[19:30:34.073]          // -> [ReadDP(0x00000000) => 0x6BA02477]   (__dp=0x00000000)
[19:30:34.073]      </block>
[19:30:34.073]      // end if-block "protType == 2"
[19:30:34.073]    </control>
[19:30:34.073]  </sequence>
[19:30:34.073]  
[19:30:34.078]  **********  Sequence "DebugPortStart"  (Context="Connect", Pname="", info="")
[19:30:34.078]  
[19:30:34.078]  <debugvars>
[19:30:34.078]    // Pre-defined
[19:30:34.078]    __protocol=0x00010002      (Protocol="SWD", SWJ-DP="True")
[19:30:34.078]    __connection=0x00000202    (Connection Type="Flash", Reset Type="System Reset")
[19:30:34.078]    __dp=0x00000000
[19:30:34.078]    __ap=0x00000000
[19:30:34.078]    __traceout=0x00000000      (Trace Disabled)
[19:30:34.078]    __errorcontrol=0x00000000  (Skip Errors="False")
[19:30:34.078]    __FlashAddr=0x00000000
[19:30:34.078]    __FlashLen=0x00000000
[19:30:34.078]    __FlashArg=0x00000000
[19:30:34.078]    __FlashOp=0x00000000
[19:30:34.078]    __Result=0x00000000
[19:30:34.078]  </debugvars>
[19:30:34.078]  
[19:30:34.078]  <sequence name="DebugPortStart" Pname="" disable="false" info="">
[19:30:34.078]    <block atomic="false" info="">
[19:30:34.078]      __var SW_DP_ABORT       = 0x0;
[19:30:34.078]        // -> [SW_DP_ABORT <= 0x00000000]
[19:30:34.078]      __var DP_CTRL_STAT      = 0x4;
[19:30:34.078]        // -> [DP_CTRL_STAT <= 0x00000004]
[19:30:34.078]      __var DP_SELECT         = 0x8;
[19:30:34.078]        // -> [DP_SELECT <= 0x00000008]
[19:30:34.078]      __var powered_down      = 0;
[19:30:34.078]        // -> [powered_down <= 0x00000000]
[19:30:34.078]      WriteDP(DP_SELECT, 0x00000000);
[19:30:34.078]        // -> [WriteDP(0x00000008, 0x00000000)]   (__dp=0x00000000)
[19:30:34.078]      powered_down = ((ReadDP(DP_CTRL_STAT) & 0xA0000000) != 0xA0000000);
[19:30:34.083]        // -> [ReadDP(0x00000004) => 0x00000040]   (__dp=0x00000000)
[19:30:34.083]        // -> [powered_down <= 0x00000001]
[19:30:34.083]    </block>
[19:30:34.083]    <control if="powered_down" while="" timeout="0" info="">
[19:30:34.083]      // if-block "powered_down"
[19:30:34.083]        // =>  TRUE
[19:30:34.083]      <block atomic="false" info="">
[19:30:34.083]        Message(0, "Debug/System power-up request sent");
[19:30:34.083]        WriteDP(DP_CTRL_STAT, 0x50000000);
[19:30:34.086]          // -> [WriteDP(0x00000004, 0x50000000)]   (__dp=0x00000000)
[19:30:34.086]      </block>
[19:30:34.086]      <control if="" while="(ReadDP(DP_CTRL_STAT) & 0xA0000000) != 0xA0000000" timeout="1000000" info="">
[19:30:34.086]        // while "(ReadDP(DP_CTRL_STAT) & 0xA0000000) != 0xA0000000"  (timeout="1000000")
[19:30:34.086]          // -> [ReadDP(0x00000004) => 0xF0000040]   (__dp=0x00000000)
[19:30:34.086]        // while-condition  =>  FALSE
[19:30:34.086]        // end while "(ReadDP(DP_CTRL_STAT) & 0xA0000000) != 0xA0000000"
[19:30:34.086]      </control>
[19:30:34.086]      <control if="(__protocol & 0xFFFF) == 1" while="" timeout="0" info="">
[19:30:34.086]        // if-block "(__protocol & 0xFFFF) == 1"
[19:30:34.086]          // =>  FALSE
[19:30:34.086]        // skip if-block "(__protocol & 0xFFFF) == 1"
[19:30:34.086]      </control>
[19:30:34.086]      <control if="(__protocol & 0xFFFF) == 2" while="" timeout="0" info="">
[19:30:34.086]        // if-block "(__protocol & 0xFFFF) == 2"
[19:30:34.086]          // =>  TRUE
[19:30:34.086]        <block atomic="false" info="">
[19:30:34.086]          Message(0, "executing SWD power up");
[19:30:34.091]          WriteDP(DP_CTRL_STAT, 0x50000F00);
[19:30:34.091]            // -> [WriteDP(0x00000004, 0x50000F00)]   (__dp=0x00000000)
[19:30:34.091]          WriteDP(SW_DP_ABORT, 0x0000001E);
[19:30:34.091]            // -> [WriteDP(0x00000000, 0x0000001E)]   (__dp=0x00000000)
[19:30:34.091]        </block>
[19:30:34.091]        // end if-block "(__protocol & 0xFFFF) == 2"
[19:30:34.091]      </control>
[19:30:34.091]      // end if-block "powered_down"
[19:30:34.091]    </control>
[19:30:34.091]    <block atomic="false" info="">
[19:30:34.091]      __var DEBUG_PORT_VAL    = 0;
[19:30:34.091]        // -> [DEBUG_PORT_VAL <= 0x00000000]
[19:30:34.091]      __var ACCESS_POINT_VAL  = 0;
[19:30:34.091]        // -> [ACCESS_POINT_VAL <= 0x00000000]
[19:30:34.091]      __ap = 1; 
[19:30:34.091]        // -> [__ap <= 0x00000001]
[19:30:34.091]      WriteAP(0x0C, 0x04); //lets use the mini pwr-ap as backup
[19:30:34.096]        // -> [WriteAP(0x0000000C, 0x00000004)]   (__dp=0x00000000, __ap=0x00000001)
[19:30:34.096]      __ap = 4;
[19:30:34.096]        // -> [__ap <= 0x00000004]
[19:30:34.096]      ACCESS_POINT_VAL = ReadAP(0x00);//Reading current state of access point
[19:30:34.101]        // -> [ReadAP(0x00000000) => 0x00080027]   (__dp=0x00000000, __ap=0x00000004)
[19:30:34.101]        // -> [ACCESS_POINT_VAL <= 0x00080027]
[19:30:34.101]      Message(0, "Current state of access point is: %x",ACCESS_POINT_VAL);
[19:30:34.101]    </block>
[19:30:34.101]    <block atomic="false" info="">
[19:30:34.106]      __var nReset = 0x80;
[19:30:34.106]        // -> [nReset <= 0x00000080]
[19:30:34.106]      __var canReadPins = 0;
[19:30:34.106]        // -> [canReadPins <= 0x00000000]
[19:30:34.106]      canReadPins = (DAP_SWJ_Pins(0x00, nReset, 0) != 0xFFFFFFFF);
[19:30:34.106]        // -> [DAP_SWJ_Pins(0x00, 0x80, 0) => 0x0F]   (Out: nRESET=0  =>  In: SWCLK/TCK=1, SWDIO/TMS=1, TDI=1, TDO=1, nTRST=0, nRESET=0)
[19:30:34.106]        // -> [canReadPins <= 0x00000001]
[19:30:34.106]    </block>
[19:30:34.106]    <control if="" while="1" timeout="200" info="">
[19:30:34.106]      // while "1"  (timeout="200")
[19:30:34.106]      // while-condition  =>  TRUE
[19:30:34.106]      // while "1"  (timeout="200")
[19:30:34.106]      // while-condition  =>  TRUE
[19:30:34.106]      // while "1"  (timeout="200")
[19:30:34.106]      // while-condition  =>  TRUE
[19:30:34.106]      // while "1"  (timeout="200")
[19:30:34.106]      // while-condition  =>  TRUE
[19:30:34.106]      // while "1"  (timeout="200")
[19:30:34.106]      // while-condition  =>  TRUE
[19:30:34.106]      // while "1"  (timeout="200")
[19:30:34.106]      // while-condition  =>  TRUE
[19:30:34.106]      // while "1"  (timeout="200")
[19:30:34.106]      // while-condition  =>  TRUE
[19:30:34.106]      // while "1"  (timeout="200")
[19:30:34.106]      // while-condition  =>  TRUE
[19:30:34.106]      // while "1"  (timeout="200")
[19:30:34.106]      // while-condition  =>  TRUE
[19:30:34.106]      // while "1"  (timeout="200")
[19:30:34.106]      // while-condition  =>  TRUE
[19:30:34.106]      // while "1"  (timeout="200")
[19:30:34.106]      // while-condition  =>  TRUE
[19:30:34.106]      // while "1"  (timeout="200")
[19:30:34.106]      // while-condition  =>  TRUE
[19:30:34.106]      // while "1"  (timeout="200")
[19:30:34.106]      // while-condition  =>  TRUE
[19:30:34.106]      // while "1"  (timeout="200")
[19:30:34.106]      // while-condition  =>  TRUE
[19:30:34.106]      // while "1"  (timeout="200")
[19:30:34.106]      // while-condition  =>  TRUE
[19:30:34.106]      // while "1"  (timeout="200")
[19:30:34.106]      // while-condition  =>  TRUE
[19:30:34.106]      // while "1"  (timeout="200")
[19:30:34.106]      // while-condition  =>  TRUE
[19:30:34.106]      // while "1"  (timeout="200")
[19:30:34.106]      // while-condition  =>  TRUE
[19:30:34.106]      // while "1"  (timeout="200")
[19:30:34.106]      // while-condition  =>  TRUE
[19:30:34.106]      // while "1"  (timeout="200")
[19:30:34.106]      // while-condition  =>  TRUE
[19:30:34.106]      // while "1"  (timeout="200")
[19:30:34.106]      // while-condition  =>  TRUE
[19:30:34.106]      // while "1"  (timeout="200")
[19:30:34.106]      // while-condition  =>  TRUE
[19:30:34.106]      // while "1"  (timeout="200")
[19:30:34.106]      // while-condition  =>  TRUE
[19:30:34.106]      // while "1"  (timeout="200")
[19:30:34.106]      // while-condition  =>  TRUE
[19:30:34.106]      // while "1"  (timeout="200")
[19:30:34.106]      // while-condition  =>  TRUE
[19:30:34.106]      // while "1"  (timeout="200")
[19:30:34.106]      // while-condition  =>  TRUE
[19:30:34.106]      // while "1"  (timeout="200")
[19:30:34.106]      // while-condition  =>  TRUE
[19:30:34.106]      // while "1"  (timeout="200")
[19:30:34.106]      // while-condition  =>  TRUE
[19:30:34.106]      // while "1"  (timeout="200")
[19:30:34.106]      // while-condition  =>  TRUE
[19:30:34.106]      // while "1"  (timeout="200")
[19:30:34.106]      // while-condition  =>  TRUE
[19:30:34.106]      // while "1"  (timeout="200")
[19:30:34.106]      // while-condition  =>  TRUE
[19:30:34.106]      // while "1"  (timeout="200")
[19:30:34.106]      // while-condition  =>  TRUE
[19:30:34.106]      // while "1"  (timeout="200")
[19:30:34.106]      // while-condition  =>  TRUE
[19:30:34.106]      // while "1"  (timeout="200")
[19:30:34.106]      // while-condition  =>  TRUE
[19:30:34.106]      // while "1"  (timeout="200")
[19:30:34.111]      // while-condition  =>  TRUE
[19:30:34.111]      // while "1"  (timeout="200")
[19:30:34.111]      // while-condition  =>  TRUE
[19:30:34.111]      // while "1"  (timeout="200")
[19:30:34.111]      // while-condition  =>  TRUE
[19:30:34.111]      // while "1"  (timeout="200")
[19:30:34.111]      // while-condition  =>  TRUE
[19:30:34.111]      // while "1"  (timeout="200")
[19:30:34.111]      // while-condition  =>  TRUE
[19:30:34.111]      // while "1"  (timeout="200")
[19:30:34.111]      // while-condition  =>  TRUE
[19:30:34.111]      // while "1"  (timeout="200")
[19:30:34.113]      // while-condition  =>  TRUE
[19:30:34.113]      // while "1"  (timeout="200")
[19:30:34.113]      // while  =>  TIMEOUT
[19:30:34.113]      // end while "1"
[19:30:34.114]    </control>
[19:30:34.114]    <control if="canReadPins" while="" timeout="0" info="">
[19:30:34.114]      // if-block "canReadPins"
[19:30:34.114]        // =>  TRUE
[19:30:34.114]      <control if="" while="(DAP_SWJ_Pins(nReset, nReset, 0) & nReset) == 0" timeout="1000000" info="">
[19:30:34.114]        // while "(DAP_SWJ_Pins(nReset, nReset, 0) & nReset) == 0"  (timeout="1000000")
[19:30:34.118]          // -> [DAP_SWJ_Pins(0x80, 0x80, 0) => 0x8F]   (Out: nRESET=1  =>  In: SWCLK/TCK=1, SWDIO/TMS=1, TDI=1, TDO=1, nTRST=0, nRESET=1)
[19:30:34.119]        // while-condition  =>  FALSE
[19:30:34.119]        // end while "(DAP_SWJ_Pins(nReset, nReset, 0) & nReset) == 0"
[19:30:34.119]      </control>
[19:30:34.119]      // end if-block "canReadPins"
[19:30:34.119]    </control>
[19:30:34.119]    <control if="!canReadPins" while="" timeout="0" info="">
[19:30:34.119]      // if-block "!canReadPins"
[19:30:34.119]        // =>  FALSE
[19:30:34.119]      // skip if-block "!canReadPins"
[19:30:34.119]    </control>
[19:30:34.119]    <control if="(ACCESS_POINT_VAL & 0x00E00000) == 0" while="" timeout="0" info="">
[19:30:34.120]      // if-block "(ACCESS_POINT_VAL & 0x00E00000) == 0"
[19:30:34.120]        // =>  TRUE
[19:30:34.120]      <block atomic="false" info="">
[19:30:34.120]        WriteAP(0x00, 0x190008);
[19:30:34.121]          // -> [WriteAP(0x00000000, 0x00190008)]   (__dp=0x00000000, __ap=0x00000004)
[19:30:34.122]        WriteAP(0xF0, 0x01);
[19:30:34.122]          // -> [WriteAP(0x000000F0, 0x00000001)]   (__dp=0x00000000, __ap=0x00000004)
[19:30:34.122]      </block>
[19:30:34.122]      // end if-block "(ACCESS_POINT_VAL & 0x00E00000) == 0"
[19:30:34.122]    </control>
[19:30:34.122]    <control if="(ACCESS_POINT_VAL & 0x00E00000) != 0" while="" timeout="0" info="">
[19:30:34.122]      // if-block "(ACCESS_POINT_VAL & 0x00E00000) != 0"
[19:30:34.122]        // =>  FALSE
[19:30:34.122]      // skip if-block "(ACCESS_POINT_VAL & 0x00E00000) != 0"
[19:30:34.122]    </control>
[19:30:34.122]    <block atomic="false" info="">
[19:30:34.122]      ACCESS_POINT_VAL = ReadAP(0x00);//Reading current state of access point
[19:30:34.130]        // -> [ReadAP(0x00000000) => 0x0079002F]   (__dp=0x00000000, __ap=0x00000004)
[19:30:34.131]        // -> [ACCESS_POINT_VAL <= 0x0079002F]
[19:30:34.131]      Message(0, "Current state of access point is: %x",ACCESS_POINT_VAL);
[19:30:34.132]      __ap = 0; //lets make sure we reset the access point selection
[19:30:34.132]        // -> [__ap <= 0x00000000]
[19:30:34.132]    </block>
[19:30:34.132]  </sequence>
[19:30:34.132]  
[19:30:34.156]  **********  Sequence "DebugDeviceUnlock"  (Context="Connect", Pname="", info="")
[19:30:34.156]  
[19:30:34.156]  <debugvars>
[19:30:34.156]    // Pre-defined
[19:30:34.156]    __protocol=0x00010002      (Protocol="SWD", SWJ-DP="True")
[19:30:34.156]    __connection=0x00000202    (Connection Type="Flash", Reset Type="System Reset")
[19:30:34.156]    __dp=0x00000000
[19:30:34.157]    __ap=0x00000000
[19:30:34.157]    __traceout=0x00000000      (Trace Disabled)
[19:30:34.157]    __errorcontrol=0x00000000  (Skip Errors="False")
[19:30:34.157]    __FlashAddr=0x00000000
[19:30:34.157]    __FlashLen=0x00000000
[19:30:34.157]    __FlashArg=0x00000000
[19:30:34.157]    __FlashOp=0x00000000
[19:30:34.157]    __Result=0x00000000
[19:30:34.157]  </debugvars>
[19:30:34.157]  
[19:30:34.157]  <sequence name="DebugDeviceUnlock" Pname="" disable="false" info="">
[19:30:34.157]    <block atomic="false" info="">
[19:30:34.157]      __var deviceID = 0;
[19:30:34.157]        // -> [deviceID <= 0x00000000]
[19:30:34.157]      __var version = 0;
[19:30:34.157]        // -> [version <= 0x00000000]
[19:30:34.157]      __var partNum = 0;
[19:30:34.157]        // -> [partNum <= 0x00000000]
[19:30:34.157]      __var manuf = 0;
[19:30:34.157]        // -> [manuf <= 0x00000000]
[19:30:34.157]      __var isMSPM0G1X0X_G3X0X = 0;
[19:30:34.157]        // -> [isMSPM0G1X0X_G3X0X <= 0x00000000]
[19:30:34.157]      __var isProduction = 0;
[19:30:34.158]        // -> [isProduction <= 0x00000000]
[19:30:34.158]      __var continueId = 0;
[19:30:34.158]        // -> [continueId <= 0x00000000]
[19:30:34.158]      deviceID =   Read32(0x41C40004);
[19:30:34.164]        // -> [Read32(0x41C40004) => 0x2BB8802F]   (__dp=0x00000000, __ap=0x00000000)
[19:30:34.164]        // -> [deviceID <= 0x2BB8802F]
[19:30:34.164]      version = deviceID >> 28;
[19:30:34.164]        // -> [version <= 0x00000002]
[19:30:34.164]      partNum = (deviceID & 0x0FFFF000) >> 12;
[19:30:34.164]        // -> [partNum <= 0x0000BB88]
[19:30:34.164]      manuf = (deviceID & 0x00000FFE) >> 1;
[19:30:34.164]        // -> [manuf <= 0x00000017]
[19:30:34.164]      isMSPM0G1X0X_G3X0X = (partNum == 0xBB88) && (manuf == 0x17);
[19:30:34.164]        // -> [isMSPM0G1X0X_G3X0X <= 0x00000001]
[19:30:34.164]      isProduction = (version > 0);
[19:30:34.164]        // -> [isProduction <= 0x00000001]
[19:30:34.164]    </block>
[19:30:34.164]    <control if="!isMSPM0G1X0X_G3X0X" while="" timeout="0" info="">
[19:30:34.164]      // if-block "!isMSPM0G1X0X_G3X0X"
[19:30:34.164]        // =>  FALSE
[19:30:34.164]      // skip if-block "!isMSPM0G1X0X_G3X0X"
[19:30:34.164]    </control>
[19:30:34.164]    <control if="continueId == 4" while="" timeout="0" info="">
[19:30:34.164]      // if-block "continueId == 4"
[19:30:34.164]        // =>  FALSE
[19:30:34.164]      // skip if-block "continueId == 4"
[19:30:34.164]    </control>
[19:30:34.164]    <control if="!isProduction" while="" timeout="0" info="">
[19:30:34.164]      // if-block "!isProduction"
[19:30:34.164]        // =>  FALSE
[19:30:34.164]      // skip if-block "!isProduction"
[19:30:34.164]    </control>
[19:30:34.164]  </sequence>
[19:30:34.164]  
[19:34:09.438]  **********  Sequence "DebugPortSetup"  (Context="Connect", Pname="", info="")
[19:34:09.438]  
[19:34:09.438]  <debugvars>
[19:34:09.438]    // Pre-defined
[19:34:09.438]    __protocol=0x00010002      (Protocol="SWD", SWJ-DP="True")
[19:34:09.438]    __connection=0x00000202    (Connection Type="Flash", Reset Type="System Reset")
[19:34:09.438]    __dp=0x00000000
[19:34:09.438]    __ap=0x00000000
[19:34:09.438]    __traceout=0x00000000      (Trace Disabled)
[19:34:09.438]    __errorcontrol=0x00000000  (Skip Errors="False")
[19:34:09.438]    __FlashAddr=0x00000000
[19:34:09.438]    __FlashLen=0x00000000
[19:34:09.438]    __FlashArg=0x00000000
[19:34:09.438]    __FlashOp=0x00000000
[19:34:09.440]    __Result=0x00000000
[19:34:09.440]  </debugvars>
[19:34:09.440]  
[19:34:09.440]  <sequence name="DebugPortSetup" Pname="" disable="false" info="">
[19:34:09.440]    <block atomic="false" info="">
[19:34:09.440]      __var isSWJ      = ((__protocol & 0x00010000) != 0);
[19:34:09.440]        // -> [isSWJ <= 0x00000001]
[19:34:09.440]      __var hasDormant = __protocol & 0x00020000;
[19:34:09.440]        // -> [hasDormant <= 0x00000000]
[19:34:09.440]      __var protType   = __protocol & 0x0000FFFF;
[19:34:09.440]        // -> [protType <= 0x00000002]
[19:34:09.440]    </block>
[19:34:09.440]    <control if="protType == 1" while="" timeout="0" info="">
[19:34:09.440]      // if-block "protType == 1"
[19:34:09.440]        // =>  FALSE
[19:34:09.440]      // skip if-block "protType == 1"
[19:34:09.440]    </control>
[19:34:09.440]    <control if="protType == 2" while="" timeout="0" info="">
[19:34:09.440]      // if-block "protType == 2"
[19:34:09.440]        // =>  TRUE
[19:34:09.440]      <control if="isSWJ" while="" timeout="0" info="">
[19:34:09.440]        // if-block "isSWJ"
[19:34:09.440]          // =>  TRUE
[19:34:09.440]        <control if="hasDormant" while="" timeout="0" info="">
[19:34:09.440]          // if-block "hasDormant"
[19:34:09.440]            // =>  FALSE
[19:34:09.440]          // skip if-block "hasDormant"
[19:34:09.440]        </control>
[19:34:09.440]        <control if="!hasDormant" while="" timeout="0" info="">
[19:34:09.440]          // if-block "!hasDormant"
[19:34:09.440]            // =>  TRUE
[19:34:09.440]          <block atomic="false" info="">
[19:34:09.440]            DAP_SWJ_Sequence(51, 0x0007FFFFFFFFFFFF); //lets put the JTAG line in a reset state
[19:34:09.444]              // -> [DAP_SWJ_Sequence(51, 0x0007FFFFFFFFFFFF)]
[19:34:09.444]            DAP_SWJ_Sequence(16,0xE73C); //SWD to JTAG, this is to ensure the state machine is initialized
[19:34:09.446]              // -> [DAP_SWJ_Sequence(16, 0x000000000000E73C)]
[19:34:09.446]            DAP_SWJ_Sequence(51, 0x0007FFFFFFFFFFFF); //Put it back in reset
[19:34:09.448]              // -> [DAP_SWJ_Sequence(51, 0x0007FFFFFFFFFFFF)]
[19:34:09.448]            DAP_SWJ_Sequence(16, 0xE79E); //JTAG to SWD switch
[19:34:09.450]              // -> [DAP_SWJ_Sequence(16, 0x000000000000E79E)]
[19:34:09.450]            DAP_SWJ_Sequence(51, 0x0007FFFFFFFFFFFF);  //Ensure the switch is successful 
[19:34:09.452]              // -> [DAP_SWJ_Sequence(51, 0x0007FFFFFFFFFFFF)]
[19:34:09.452]            DAP_SWJ_Sequence(7,  0x00); //Give the line some time to initialize
[19:34:09.454]              // -> [DAP_SWJ_Sequence(7, 0x0000000000000000)]
[19:34:09.454]          </block>
[19:34:09.454]          // end if-block "!hasDormant"
[19:34:09.454]        </control>
[19:34:09.455]        // end if-block "isSWJ"
[19:34:09.455]      </control>
[19:34:09.455]      <control if="!isSWJ" while="" timeout="0" info="">
[19:34:09.455]        // if-block "!isSWJ"
[19:34:09.455]          // =>  FALSE
[19:34:09.455]        // skip if-block "!isSWJ"
[19:34:09.455]      </control>
[19:34:09.455]      <block atomic="false" info="">
[19:34:09.455]        ReadDP(0x0);
[19:34:09.458]          // -> [ReadDP(0x00000000) => 0x6BA02477]   (__dp=0x00000000)
[19:34:09.458]      </block>
[19:34:09.458]      // end if-block "protType == 2"
[19:34:09.458]    </control>
[19:34:09.458]  </sequence>
[19:34:09.458]  
[19:34:09.462]  **********  Sequence "DebugPortStart"  (Context="Connect", Pname="", info="")
[19:34:09.462]  
[19:34:09.462]  <debugvars>
[19:34:09.462]    // Pre-defined
[19:34:09.462]    __protocol=0x00010002      (Protocol="SWD", SWJ-DP="True")
[19:34:09.462]    __connection=0x00000202    (Connection Type="Flash", Reset Type="System Reset")
[19:34:09.462]    __dp=0x00000000
[19:34:09.462]    __ap=0x00000000
[19:34:09.462]    __traceout=0x00000000      (Trace Disabled)
[19:34:09.462]    __errorcontrol=0x00000000  (Skip Errors="False")
[19:34:09.462]    __FlashAddr=0x00000000
[19:34:09.462]    __FlashLen=0x00000000
[19:34:09.462]    __FlashArg=0x00000000
[19:34:09.462]    __FlashOp=0x00000000
[19:34:09.462]    __Result=0x00000000
[19:34:09.462]  </debugvars>
[19:34:09.462]  
[19:34:09.462]  <sequence name="DebugPortStart" Pname="" disable="false" info="">
[19:34:09.462]    <block atomic="false" info="">
[19:34:09.462]      __var SW_DP_ABORT       = 0x0;
[19:34:09.462]        // -> [SW_DP_ABORT <= 0x00000000]
[19:34:09.462]      __var DP_CTRL_STAT      = 0x4;
[19:34:09.462]        // -> [DP_CTRL_STAT <= 0x00000004]
[19:34:09.462]      __var DP_SELECT         = 0x8;
[19:34:09.462]        // -> [DP_SELECT <= 0x00000008]
[19:34:09.462]      __var powered_down      = 0;
[19:34:09.462]        // -> [powered_down <= 0x00000000]
[19:34:09.462]      WriteDP(DP_SELECT, 0x00000000);
[19:34:09.464]        // -> [WriteDP(0x00000008, 0x00000000)]   (__dp=0x00000000)
[19:34:09.464]      powered_down = ((ReadDP(DP_CTRL_STAT) & 0xA0000000) != 0xA0000000);
[19:34:09.466]        // -> [ReadDP(0x00000004) => 0x00000040]   (__dp=0x00000000)
[19:34:09.466]        // -> [powered_down <= 0x00000001]
[19:34:09.467]    </block>
[19:34:09.467]    <control if="powered_down" while="" timeout="0" info="">
[19:34:09.467]      // if-block "powered_down"
[19:34:09.467]        // =>  TRUE
[19:34:09.467]      <block atomic="false" info="">
[19:34:09.468]        Message(0, "Debug/System power-up request sent");
[19:34:09.469]        WriteDP(DP_CTRL_STAT, 0x50000000);
[19:34:09.472]          // -> [WriteDP(0x00000004, 0x50000000)]   (__dp=0x00000000)
[19:34:09.472]      </block>
[19:34:09.472]      <control if="" while="(ReadDP(DP_CTRL_STAT) & 0xA0000000) != 0xA0000000" timeout="1000000" info="">
[19:34:09.472]        // while "(ReadDP(DP_CTRL_STAT) & 0xA0000000) != 0xA0000000"  (timeout="1000000")
[19:34:09.474]          // -> [ReadDP(0x00000004) => 0xF0000040]   (__dp=0x00000000)
[19:34:09.474]        // while-condition  =>  FALSE
[19:34:09.474]        // end while "(ReadDP(DP_CTRL_STAT) & 0xA0000000) != 0xA0000000"
[19:34:09.474]      </control>
[19:34:09.474]      <control if="(__protocol & 0xFFFF) == 1" while="" timeout="0" info="">
[19:34:09.475]        // if-block "(__protocol & 0xFFFF) == 1"
[19:34:09.475]          // =>  FALSE
[19:34:09.475]        // skip if-block "(__protocol & 0xFFFF) == 1"
[19:34:09.475]      </control>
[19:34:09.475]      <control if="(__protocol & 0xFFFF) == 2" while="" timeout="0" info="">
[19:34:09.475]        // if-block "(__protocol & 0xFFFF) == 2"
[19:34:09.475]          // =>  TRUE
[19:34:09.475]        <block atomic="false" info="">
[19:34:09.475]          Message(0, "executing SWD power up");
[19:34:09.476]          WriteDP(DP_CTRL_STAT, 0x50000F00);
[19:34:09.479]            // -> [WriteDP(0x00000004, 0x50000F00)]   (__dp=0x00000000)
[19:34:09.479]          WriteDP(SW_DP_ABORT, 0x0000001E);
[19:34:09.481]            // -> [WriteDP(0x00000000, 0x0000001E)]   (__dp=0x00000000)
[19:34:09.481]        </block>
[19:34:09.481]        // end if-block "(__protocol & 0xFFFF) == 2"
[19:34:09.481]      </control>
[19:34:09.481]      // end if-block "powered_down"
[19:34:09.481]    </control>
[19:34:09.481]    <block atomic="false" info="">
[19:34:09.481]      __var DEBUG_PORT_VAL    = 0;
[19:34:09.481]        // -> [DEBUG_PORT_VAL <= 0x00000000]
[19:34:09.481]      __var ACCESS_POINT_VAL  = 0;
[19:34:09.481]        // -> [ACCESS_POINT_VAL <= 0x00000000]
[19:34:09.481]      __ap = 1; 
[19:34:09.481]        // -> [__ap <= 0x00000001]
[19:34:09.481]      WriteAP(0x0C, 0x04); //lets use the mini pwr-ap as backup
[19:34:09.485]        // -> [WriteAP(0x0000000C, 0x00000004)]   (__dp=0x00000000, __ap=0x00000001)
[19:34:09.485]      __ap = 4;
[19:34:09.485]        // -> [__ap <= 0x00000004]
[19:34:09.485]      ACCESS_POINT_VAL = ReadAP(0x00);//Reading current state of access point
[19:34:09.489]        // -> [ReadAP(0x00000000) => 0x00080027]   (__dp=0x00000000, __ap=0x00000004)
[19:34:09.489]        // -> [ACCESS_POINT_VAL <= 0x00080027]
[19:34:09.489]      Message(0, "Current state of access point is: %x",ACCESS_POINT_VAL);
[19:34:09.490]    </block>
[19:34:09.490]    <block atomic="false" info="">
[19:34:09.490]      __var nReset = 0x80;
[19:34:09.490]        // -> [nReset <= 0x00000080]
[19:34:09.490]      __var canReadPins = 0;
[19:34:09.490]        // -> [canReadPins <= 0x00000000]
[19:34:09.490]      canReadPins = (DAP_SWJ_Pins(0x00, nReset, 0) != 0xFFFFFFFF);
[19:34:09.492]        // -> [DAP_SWJ_Pins(0x00, 0x80, 0) => 0x0F]   (Out: nRESET=0  =>  In: SWCLK/TCK=1, SWDIO/TMS=1, TDI=1, TDO=1, nTRST=0, nRESET=0)
[19:34:09.493]        // -> [canReadPins <= 0x00000001]
[19:34:09.493]    </block>
[19:34:09.493]    <control if="" while="1" timeout="200" info="">
[19:34:09.493]      // while "1"  (timeout="200")
[19:34:09.493]      // while-condition  =>  TRUE
[19:34:09.493]      // while "1"  (timeout="200")
[19:34:09.493]      // while-condition  =>  TRUE
[19:34:09.493]      // while "1"  (timeout="200")
[19:34:09.493]      // while-condition  =>  TRUE
[19:34:09.493]      // while "1"  (timeout="200")
[19:34:09.493]      // while-condition  =>  TRUE
[19:34:09.493]      // while "1"  (timeout="200")
[19:34:09.493]      // while-condition  =>  TRUE
[19:34:09.493]      // while "1"  (timeout="200")
[19:34:09.493]      // while-condition  =>  TRUE
[19:34:09.493]      // while "1"  (timeout="200")
[19:34:09.493]      // while-condition  =>  TRUE
[19:34:09.493]      // while "1"  (timeout="200")
[19:34:09.493]      // while-condition  =>  TRUE
[19:34:09.493]      // while "1"  (timeout="200")
[19:34:09.493]      // while-condition  =>  TRUE
[19:34:09.493]      // while "1"  (timeout="200")
[19:34:09.493]      // while-condition  =>  TRUE
[19:34:09.493]      // while "1"  (timeout="200")
[19:34:09.493]      // while-condition  =>  TRUE
[19:34:09.494]      // while "1"  (timeout="200")
[19:34:09.494]      // while-condition  =>  TRUE
[19:34:09.494]      // while "1"  (timeout="200")
[19:34:09.494]      // while-condition  =>  TRUE
[19:34:09.494]      // while "1"  (timeout="200")
[19:34:09.494]      // while-condition  =>  TRUE
[19:34:09.494]      // while "1"  (timeout="200")
[19:34:09.494]      // while-condition  =>  TRUE
[19:34:09.494]      // while "1"  (timeout="200")
[19:34:09.494]      // while-condition  =>  TRUE
[19:34:09.494]      // while "1"  (timeout="200")
[19:34:09.494]      // while-condition  =>  TRUE
[19:34:09.494]      // while "1"  (timeout="200")
[19:34:09.494]      // while-condition  =>  TRUE
[19:34:09.494]      // while "1"  (timeout="200")
[19:34:09.494]      // while-condition  =>  TRUE
[19:34:09.494]      // while "1"  (timeout="200")
[19:34:09.494]      // while-condition  =>  TRUE
[19:34:09.494]      // while "1"  (timeout="200")
[19:34:09.494]      // while-condition  =>  TRUE
[19:34:09.494]      // while "1"  (timeout="200")
[19:34:09.494]      // while-condition  =>  TRUE
[19:34:09.494]      // while "1"  (timeout="200")
[19:34:09.494]      // while-condition  =>  TRUE
[19:34:09.495]      // while "1"  (timeout="200")
[19:34:09.495]      // while-condition  =>  TRUE
[19:34:09.495]      // while "1"  (timeout="200")
[19:34:09.495]      // while-condition  =>  TRUE
[19:34:09.495]      // while "1"  (timeout="200")
[19:34:09.495]      // while-condition  =>  TRUE
[19:34:09.495]      // while "1"  (timeout="200")
[19:34:09.495]      // while-condition  =>  TRUE
[19:34:09.495]      // while "1"  (timeout="200")
[19:34:09.495]      // while-condition  =>  TRUE
[19:34:09.495]      // while "1"  (timeout="200")
[19:34:09.495]      // while-condition  =>  TRUE
[19:34:09.495]      // while "1"  (timeout="200")
[19:34:09.495]      // while-condition  =>  TRUE
[19:34:09.495]      // while "1"  (timeout="200")
[19:34:09.495]      // while-condition  =>  TRUE
[19:34:09.495]      // while "1"  (timeout="200")
[19:34:09.495]      // while-condition  =>  TRUE
[19:34:09.495]      // while "1"  (timeout="200")
[19:34:09.495]      // while-condition  =>  TRUE
[19:34:09.495]      // while "1"  (timeout="200")
[19:34:09.495]      // while-condition  =>  TRUE
[19:34:09.496]      // while "1"  (timeout="200")
[19:34:09.496]      // while-condition  =>  TRUE
[19:34:09.496]      // while "1"  (timeout="200")
[19:34:09.496]      // while-condition  =>  TRUE
[19:34:09.496]      // while "1"  (timeout="200")
[19:34:09.496]      // while-condition  =>  TRUE
[19:34:09.496]      // while "1"  (timeout="200")
[19:34:09.496]      // while-condition  =>  TRUE
[19:34:09.496]      // while "1"  (timeout="200")
[19:34:09.496]      // while-condition  =>  TRUE
[19:34:09.496]      // while "1"  (timeout="200")
[19:34:09.496]      // while-condition  =>  TRUE
[19:34:09.496]      // while "1"  (timeout="200")
[19:34:09.496]      // while-condition  =>  TRUE
[19:34:09.496]      // while "1"  (timeout="200")
[19:34:09.496]      // while-condition  =>  TRUE
[19:34:09.496]      // while "1"  (timeout="200")
[19:34:09.496]      // while-condition  =>  TRUE
[19:34:09.496]      // while "1"  (timeout="200")
[19:34:09.496]      // while-condition  =>  TRUE
[19:34:09.496]      // while "1"  (timeout="200")
[19:34:09.496]      // while-condition  =>  TRUE
[19:34:09.496]      // while "1"  (timeout="200")
[19:34:09.496]      // while-condition  =>  TRUE
[19:34:09.496]      // while "1"  (timeout="200")
[19:34:09.497]      // while-condition  =>  TRUE
[19:34:09.497]      // while "1"  (timeout="200")
[19:34:09.497]      // while-condition  =>  TRUE
[19:34:09.497]      // while "1"  (timeout="200")
[19:34:09.497]      // while-condition  =>  TRUE
[19:34:09.497]      // while "1"  (timeout="200")
[19:34:09.497]      // while-condition  =>  TRUE
[19:34:09.497]      // while "1"  (timeout="200")
[19:34:09.497]      // while-condition  =>  TRUE
[19:34:09.497]      // while "1"  (timeout="200")
[19:34:09.497]      // while-condition  =>  TRUE
[19:34:09.497]      // while "1"  (timeout="200")
[19:34:09.497]      // while-condition  =>  TRUE
[19:34:09.497]      // while "1"  (timeout="200")
[19:34:09.497]      // while-condition  =>  TRUE
[19:34:09.497]      // while "1"  (timeout="200")
[19:34:09.497]      // while-condition  =>  TRUE
[19:34:09.497]      // while "1"  (timeout="200")
[19:34:09.497]      // while-condition  =>  TRUE
[19:34:09.497]      // while "1"  (timeout="200")
[19:34:09.497]      // while-condition  =>  TRUE
[19:34:09.497]      // while "1"  (timeout="200")
[19:34:09.497]      // while-condition  =>  TRUE
[19:34:09.497]      // while "1"  (timeout="200")
[19:34:09.497]      // while-condition  =>  TRUE
[19:34:09.498]      // while "1"  (timeout="200")
[19:34:09.498]      // while-condition  =>  TRUE
[19:34:09.498]      // while "1"  (timeout="200")
[19:34:09.498]      // while-condition  =>  TRUE
[19:34:09.498]      // while "1"  (timeout="200")
[19:34:09.498]      // while-condition  =>  TRUE
[19:34:09.498]      // while "1"  (timeout="200")
[19:34:09.498]      // while-condition  =>  TRUE
[19:34:09.498]      // while "1"  (timeout="200")
[19:34:09.498]      // while-condition  =>  TRUE
[19:34:09.498]      // while "1"  (timeout="200")
[19:34:09.498]      // while-condition  =>  TRUE
[19:34:09.498]      // while "1"  (timeout="200")
[19:34:09.498]      // while-condition  =>  TRUE
[19:34:09.498]      // while "1"  (timeout="200")
[19:34:09.498]      // while-condition  =>  TRUE
[19:34:09.498]      // while "1"  (timeout="200")
[19:34:09.498]      // while-condition  =>  TRUE
[19:34:09.498]      // while "1"  (timeout="200")
[19:34:09.498]      // while-condition  =>  TRUE
[19:34:09.498]      // while "1"  (timeout="200")
[19:34:09.498]      // while-condition  =>  TRUE
[19:34:09.498]      // while "1"  (timeout="200")
[19:34:09.498]      // while-condition  =>  TRUE
[19:34:09.499]      // while "1"  (timeout="200")
[19:34:09.499]      // while-condition  =>  TRUE
[19:34:09.499]      // while "1"  (timeout="200")
[19:34:09.499]      // while-condition  =>  TRUE
[19:34:09.499]      // while "1"  (timeout="200")
[19:34:09.499]      // while-condition  =>  TRUE
[19:34:09.499]      // while "1"  (timeout="200")
[19:34:09.499]      // while-condition  =>  TRUE
[19:34:09.499]      // while "1"  (timeout="200")
[19:34:09.499]      // while-condition  =>  TRUE
[19:34:09.499]      // while "1"  (timeout="200")
[19:34:09.499]      // while-condition  =>  TRUE
[19:34:09.499]      // while "1"  (timeout="200")
[19:34:09.499]      // while-condition  =>  TRUE
[19:34:09.499]      // while "1"  (timeout="200")
[19:34:09.499]      // while-condition  =>  TRUE
[19:34:09.499]      // while "1"  (timeout="200")
[19:34:09.499]      // while-condition  =>  TRUE
[19:34:09.499]      // while "1"  (timeout="200")
[19:34:09.499]      // while-condition  =>  TRUE
[19:34:09.499]      // while "1"  (timeout="200")
[19:34:09.499]      // while-condition  =>  TRUE
[19:34:09.499]      // while "1"  (timeout="200")
[19:34:09.500]      // while-condition  =>  TRUE
[19:34:09.500]      // while "1"  (timeout="200")
[19:34:09.500]      // while-condition  =>  TRUE
[19:34:09.500]      // while "1"  (timeout="200")
[19:34:09.500]      // while-condition  =>  TRUE
[19:34:09.500]      // while "1"  (timeout="200")
[19:34:09.500]      // while-condition  =>  TRUE
[19:34:09.500]      // while "1"  (timeout="200")
[19:34:09.500]      // while-condition  =>  TRUE
[19:34:09.500]      // while "1"  (timeout="200")
[19:34:09.500]      // while-condition  =>  TRUE
[19:34:09.500]      // while "1"  (timeout="200")
[19:34:09.500]      // while-condition  =>  TRUE
[19:34:09.500]      // while "1"  (timeout="200")
[19:34:09.500]      // while-condition  =>  TRUE
[19:34:09.500]      // while "1"  (timeout="200")
[19:34:09.500]      // while-condition  =>  TRUE
[19:34:09.500]      // while "1"  (timeout="200")
[19:34:09.500]      // while-condition  =>  TRUE
[19:34:09.500]      // while "1"  (timeout="200")
[19:34:09.500]      // while-condition  =>  TRUE
[19:34:09.500]      // while "1"  (timeout="200")
[19:34:09.500]      // while-condition  =>  TRUE
[19:34:09.500]      // while "1"  (timeout="200")
[19:34:09.500]      // while-condition  =>  TRUE
[19:34:09.500]      // while "1"  (timeout="200")
[19:34:09.500]      // while-condition  =>  TRUE
[19:34:09.500]      // while "1"  (timeout="200")
[19:34:09.500]      // while-condition  =>  TRUE
[19:34:09.500]      // while "1"  (timeout="200")
[19:34:09.500]      // while-condition  =>  TRUE
[19:34:09.500]      // while "1"  (timeout="200")
[19:34:09.500]      // while-condition  =>  TRUE
[19:34:09.500]      // while "1"  (timeout="200")
[19:34:09.500]      // while-condition  =>  TRUE
[19:34:09.500]      // while "1"  (timeout="200")
[19:34:09.500]      // while-condition  =>  TRUE
[19:34:09.500]      // while "1"  (timeout="200")
[19:34:09.500]      // while-condition  =>  TRUE
[19:34:09.500]      // while "1"  (timeout="200")
[19:34:09.500]      // while-condition  =>  TRUE
[19:34:09.500]      // while "1"  (timeout="200")
[19:34:09.500]      // while-condition  =>  TRUE
[19:34:09.500]      // while "1"  (timeout="200")
[19:34:09.500]      // while-condition  =>  TRUE
[19:34:09.500]      // while "1"  (timeout="200")
[19:34:09.500]      // while-condition  =>  TRUE
[19:34:09.500]      // while "1"  (timeout="200")
[19:34:09.500]      // while-condition  =>  TRUE
[19:34:09.500]      // while "1"  (timeout="200")
[19:34:09.500]      // while-condition  =>  TRUE
[19:34:09.500]      // while "1"  (timeout="200")
[19:34:09.500]      // while-condition  =>  TRUE
[19:34:09.500]      // while "1"  (timeout="200")
[19:34:09.500]      // while-condition  =>  TRUE
[19:34:09.500]      // while "1"  (timeout="200")
[19:34:09.500]      // while-condition  =>  TRUE
[19:34:09.500]      // while "1"  (timeout="200")
[19:34:09.500]      // while-condition  =>  TRUE
[19:34:09.500]      // while "1"  (timeout="200")
[19:34:09.500]      // while-condition  =>  TRUE
[19:34:09.500]      // while "1"  (timeout="200")
[19:34:09.500]      // while-condition  =>  TRUE
[19:34:09.500]      // while "1"  (timeout="200")
[19:34:09.500]      // while-condition  =>  TRUE
[19:34:09.500]      // while "1"  (timeout="200")
[19:34:09.500]      // while-condition  =>  TRUE
[19:34:09.500]      // while "1"  (timeout="200")
[19:34:09.500]      // while-condition  =>  TRUE
[19:34:09.500]      // while "1"  (timeout="200")
[19:34:09.500]      // while-condition  =>  TRUE
[19:34:09.500]      // while "1"  (timeout="200")
[19:34:09.500]      // while-condition  =>  TRUE
[19:34:09.500]      // while "1"  (timeout="200")
[19:34:09.500]      // while-condition  =>  TRUE
[19:34:09.500]      // while "1"  (timeout="200")
[19:34:09.500]      // while-condition  =>  TRUE
[19:34:09.500]      // while "1"  (timeout="200")
[19:34:09.500]      // while-condition  =>  TRUE
[19:34:09.500]      // while "1"  (timeout="200")
[19:34:09.500]      // while-condition  =>  TRUE
[19:34:09.500]      // while "1"  (timeout="200")
[19:34:09.500]      // while-condition  =>  TRUE
[19:34:09.505]      // while "1"  (timeout="200")
[19:34:09.505]      // while  =>  TIMEOUT
[19:34:09.505]      // end while "1"
[19:34:09.505]    </control>
[19:34:09.505]    <control if="canReadPins" while="" timeout="0" info="">
[19:34:09.505]      // if-block "canReadPins"
[19:34:09.505]        // =>  TRUE
[19:34:09.505]      <control if="" while="(DAP_SWJ_Pins(nReset, nReset, 0) & nReset) == 0" timeout="1000000" info="">
[19:34:09.505]        // while "(DAP_SWJ_Pins(nReset, nReset, 0) & nReset) == 0"  (timeout="1000000")
[19:34:09.505]          // -> [DAP_SWJ_Pins(0x80, 0x80, 0) => 0x8F]   (Out: nRESET=1  =>  In: SWCLK/TCK=1, SWDIO/TMS=1, TDI=1, TDO=1, nTRST=0, nRESET=1)
[19:34:09.505]        // while-condition  =>  FALSE
[19:34:09.505]        // end while "(DAP_SWJ_Pins(nReset, nReset, 0) & nReset) == 0"
[19:34:09.505]      </control>
[19:34:09.505]      // end if-block "canReadPins"
[19:34:09.505]    </control>
[19:34:09.505]    <control if="!canReadPins" while="" timeout="0" info="">
[19:34:09.505]      // if-block "!canReadPins"
[19:34:09.505]        // =>  FALSE
[19:34:09.505]      // skip if-block "!canReadPins"
[19:34:09.505]    </control>
[19:34:09.505]    <control if="(ACCESS_POINT_VAL & 0x00E00000) == 0" while="" timeout="0" info="">
[19:34:09.508]      // if-block "(ACCESS_POINT_VAL & 0x00E00000) == 0"
[19:34:09.508]        // =>  TRUE
[19:34:09.508]      <block atomic="false" info="">
[19:34:09.508]        WriteAP(0x00, 0x190008);
[19:34:09.513]          // -> [WriteAP(0x00000000, 0x00190008)]   (__dp=0x00000000, __ap=0x00000004)
[19:34:09.513]        WriteAP(0xF0, 0x01);
[19:34:09.517]          // -> [WriteAP(0x000000F0, 0x00000001)]   (__dp=0x00000000, __ap=0x00000004)
[19:34:09.517]      </block>
[19:34:09.517]      // end if-block "(ACCESS_POINT_VAL & 0x00E00000) == 0"
[19:34:09.517]    </control>
[19:34:09.517]    <control if="(ACCESS_POINT_VAL & 0x00E00000) != 0" while="" timeout="0" info="">
[19:34:09.517]      // if-block "(ACCESS_POINT_VAL & 0x00E00000) != 0"
[19:34:09.517]        // =>  FALSE
[19:34:09.517]      // skip if-block "(ACCESS_POINT_VAL & 0x00E00000) != 0"
[19:34:09.517]    </control>
[19:34:09.517]    <block atomic="false" info="">
[19:34:09.517]      ACCESS_POINT_VAL = ReadAP(0x00);//Reading current state of access point
[19:34:09.522]        // -> [ReadAP(0x00000000) => 0x0079002F]   (__dp=0x00000000, __ap=0x00000004)
[19:34:09.522]        // -> [ACCESS_POINT_VAL <= 0x0079002F]
[19:34:09.522]      Message(0, "Current state of access point is: %x",ACCESS_POINT_VAL);
[19:34:09.523]      __ap = 0; //lets make sure we reset the access point selection
[19:34:09.523]        // -> [__ap <= 0x00000000]
[19:34:09.523]    </block>
[19:34:09.523]  </sequence>
[19:34:09.523]  
[19:34:09.544]  **********  Sequence "DebugDeviceUnlock"  (Context="Connect", Pname="", info="")
[19:34:09.544]  
[19:34:09.545]  <debugvars>
[19:34:09.545]    // Pre-defined
[19:34:09.545]    __protocol=0x00010002      (Protocol="SWD", SWJ-DP="True")
[19:34:09.545]    __connection=0x00000202    (Connection Type="Flash", Reset Type="System Reset")
[19:34:09.545]    __dp=0x00000000
[19:34:09.545]    __ap=0x00000000
[19:34:09.545]    __traceout=0x00000000      (Trace Disabled)
[19:34:09.545]    __errorcontrol=0x00000000  (Skip Errors="False")
[19:34:09.545]    __FlashAddr=0x00000000
[19:34:09.545]    __FlashLen=0x00000000
[19:34:09.545]    __FlashArg=0x00000000
[19:34:09.545]    __FlashOp=0x00000000
[19:34:09.545]    __Result=0x00000000
[19:34:09.545]  </debugvars>
[19:34:09.545]  
[19:34:09.545]  <sequence name="DebugDeviceUnlock" Pname="" disable="false" info="">
[19:34:09.545]    <block atomic="false" info="">
[19:34:09.545]      __var deviceID = 0;
[19:34:09.546]        // -> [deviceID <= 0x00000000]
[19:34:09.546]      __var version = 0;
[19:34:09.546]        // -> [version <= 0x00000000]
[19:34:09.546]      __var partNum = 0;
[19:34:09.546]        // -> [partNum <= 0x00000000]
[19:34:09.546]      __var manuf = 0;
[19:34:09.546]        // -> [manuf <= 0x00000000]
[19:34:09.546]      __var isMSPM0G1X0X_G3X0X = 0;
[19:34:09.546]        // -> [isMSPM0G1X0X_G3X0X <= 0x00000000]
[19:34:09.546]      __var isProduction = 0;
[19:34:09.546]        // -> [isProduction <= 0x00000000]
[19:34:09.546]      __var continueId = 0;
[19:34:09.546]        // -> [continueId <= 0x00000000]
[19:34:09.546]      deviceID =   Read32(0x41C40004);
[19:34:09.555]        // -> [Read32(0x41C40004) => 0x2BB8802F]   (__dp=0x00000000, __ap=0x00000000)
[19:34:09.555]        // -> [deviceID <= 0x2BB8802F]
[19:34:09.555]      version = deviceID >> 28;
[19:34:09.555]        // -> [version <= 0x00000002]
[19:34:09.555]      partNum = (deviceID & 0x0FFFF000) >> 12;
[19:34:09.555]        // -> [partNum <= 0x0000BB88]
[19:34:09.555]      manuf = (deviceID & 0x00000FFE) >> 1;
[19:34:09.555]        // -> [manuf <= 0x00000017]
[19:34:09.555]      isMSPM0G1X0X_G3X0X = (partNum == 0xBB88) && (manuf == 0x17);
[19:34:09.555]        // -> [isMSPM0G1X0X_G3X0X <= 0x00000001]
[19:34:09.555]      isProduction = (version > 0);
[19:34:09.555]        // -> [isProduction <= 0x00000001]
[19:34:09.555]    </block>
[19:34:09.555]    <control if="!isMSPM0G1X0X_G3X0X" while="" timeout="0" info="">
[19:34:09.555]      // if-block "!isMSPM0G1X0X_G3X0X"
[19:34:09.555]        // =>  FALSE
[19:34:09.555]      // skip if-block "!isMSPM0G1X0X_G3X0X"
[19:34:09.555]    </control>
[19:34:09.555]    <control if="continueId == 4" while="" timeout="0" info="">
[19:34:09.555]      // if-block "continueId == 4"
[19:34:09.556]        // =>  FALSE
[19:34:09.556]      // skip if-block "continueId == 4"
[19:34:09.556]    </control>
[19:34:09.556]    <control if="!isProduction" while="" timeout="0" info="">
[19:34:09.556]      // if-block "!isProduction"
[19:34:09.556]        // =>  FALSE
[19:34:09.556]      // skip if-block "!isProduction"
[19:34:09.556]    </control>
[19:34:09.556]  </sequence>
[19:34:09.556]  
[19:34:19.906]  **********  Sequence "DebugPortSetup"  (Context="Connect", Pname="", info="")
[19:34:19.906]  
[19:34:19.907]  <debugvars>
[19:34:19.907]    // Pre-defined
[19:34:19.907]    __protocol=0x00010002      (Protocol="SWD", SWJ-DP="True")
[19:34:19.907]    __connection=0x00000202    (Connection Type="Flash", Reset Type="System Reset")
[19:34:19.907]    __dp=0x00000000
[19:34:19.907]    __ap=0x00000000
[19:34:19.908]    __traceout=0x00000000      (Trace Disabled)
[19:34:19.908]    __errorcontrol=0x00000000  (Skip Errors="False")
[19:34:19.908]    __FlashAddr=0x00000000
[19:34:19.908]    __FlashLen=0x00000000
[19:34:19.908]    __FlashArg=0x00000000
[19:34:19.908]    __FlashOp=0x00000000
[19:34:19.908]    __Result=0x00000000
[19:34:19.908]  </debugvars>
[19:34:19.908]  
[19:34:19.908]  <sequence name="DebugPortSetup" Pname="" disable="false" info="">
[19:34:19.908]    <block atomic="false" info="">
[19:34:19.908]      __var isSWJ      = ((__protocol & 0x00010000) != 0);
[19:34:19.908]        // -> [isSWJ <= 0x00000001]
[19:34:19.908]      __var hasDormant = __protocol & 0x00020000;
[19:34:19.909]        // -> [hasDormant <= 0x00000000]
[19:34:19.909]      __var protType   = __protocol & 0x0000FFFF;
[19:34:19.909]        // -> [protType <= 0x00000002]
[19:34:19.909]    </block>
[19:34:19.909]    <control if="protType == 1" while="" timeout="0" info="">
[19:34:19.909]      // if-block "protType == 1"
[19:34:19.909]        // =>  FALSE
[19:34:19.909]      // skip if-block "protType == 1"
[19:34:19.909]    </control>
[19:34:19.909]    <control if="protType == 2" while="" timeout="0" info="">
[19:34:19.909]      // if-block "protType == 2"
[19:34:19.909]        // =>  TRUE
[19:34:19.909]      <control if="isSWJ" while="" timeout="0" info="">
[19:34:19.909]        // if-block "isSWJ"
[19:34:19.909]          // =>  TRUE
[19:34:19.909]        <control if="hasDormant" while="" timeout="0" info="">
[19:34:19.910]          // if-block "hasDormant"
[19:34:19.910]            // =>  FALSE
[19:34:19.910]          // skip if-block "hasDormant"
[19:34:19.910]        </control>
[19:34:19.910]        <control if="!hasDormant" while="" timeout="0" info="">
[19:34:19.910]          // if-block "!hasDormant"
[19:34:19.910]            // =>  TRUE
[19:34:19.910]          <block atomic="false" info="">
[19:34:19.910]            DAP_SWJ_Sequence(51, 0x0007FFFFFFFFFFFF); //lets put the JTAG line in a reset state
[19:34:19.912]              // -> [DAP_SWJ_Sequence(51, 0x0007FFFFFFFFFFFF)]
[19:34:19.913]            DAP_SWJ_Sequence(16,0xE73C); //SWD to JTAG, this is to ensure the state machine is initialized
[19:34:19.914]              // -> [DAP_SWJ_Sequence(16, 0x000000000000E73C)]
[19:34:19.914]            DAP_SWJ_Sequence(51, 0x0007FFFFFFFFFFFF); //Put it back in reset
[19:34:19.916]              // -> [DAP_SWJ_Sequence(51, 0x0007FFFFFFFFFFFF)]
[19:34:19.916]            DAP_SWJ_Sequence(16, 0xE79E); //JTAG to SWD switch
[19:34:19.918]              // -> [DAP_SWJ_Sequence(16, 0x000000000000E79E)]
[19:34:19.918]            DAP_SWJ_Sequence(51, 0x0007FFFFFFFFFFFF);  //Ensure the switch is successful 
[19:34:19.920]              // -> [DAP_SWJ_Sequence(51, 0x0007FFFFFFFFFFFF)]
[19:34:19.921]            DAP_SWJ_Sequence(7,  0x00); //Give the line some time to initialize
[19:34:19.922]              // -> [DAP_SWJ_Sequence(7, 0x0000000000000000)]
[19:34:19.923]          </block>
[19:34:19.923]          // end if-block "!hasDormant"
[19:34:19.923]        </control>
[19:34:19.923]        // end if-block "isSWJ"
[19:34:19.923]      </control>
[19:34:19.923]      <control if="!isSWJ" while="" timeout="0" info="">
[19:34:19.923]        // if-block "!isSWJ"
[19:34:19.923]          // =>  FALSE
[19:34:19.923]        // skip if-block "!isSWJ"
[19:34:19.923]      </control>
[19:34:19.923]      <block atomic="false" info="">
[19:34:19.923]        ReadDP(0x0);
[19:34:19.925]          // -> [ReadDP(0x00000000) => 0x6BA02477]   (__dp=0x00000000)
[19:34:19.926]      </block>
[19:34:19.926]      // end if-block "protType == 2"
[19:34:19.926]    </control>
[19:34:19.926]  </sequence>
[19:34:19.926]  
[19:34:19.929]  **********  Sequence "DebugPortStart"  (Context="Connect", Pname="", info="")
[19:34:19.929]  
[19:34:19.929]  <debugvars>
[19:34:19.929]    // Pre-defined
[19:34:19.929]    __protocol=0x00010002      (Protocol="SWD", SWJ-DP="True")
[19:34:19.930]    __connection=0x00000202    (Connection Type="Flash", Reset Type="System Reset")
[19:34:19.930]    __dp=0x00000000
[19:34:19.930]    __ap=0x00000000
[19:34:19.930]    __traceout=0x00000000      (Trace Disabled)
[19:34:19.930]    __errorcontrol=0x00000000  (Skip Errors="False")
[19:34:19.930]    __FlashAddr=0x00000000
[19:34:19.930]    __FlashLen=0x00000000
[19:34:19.930]    __FlashArg=0x00000000
[19:34:19.930]    __FlashOp=0x00000000
[19:34:19.930]    __Result=0x00000000
[19:34:19.930]  </debugvars>
[19:34:19.930]  
[19:34:19.930]  <sequence name="DebugPortStart" Pname="" disable="false" info="">
[19:34:19.930]    <block atomic="false" info="">
[19:34:19.930]      __var SW_DP_ABORT       = 0x0;
[19:34:19.930]        // -> [SW_DP_ABORT <= 0x00000000]
[19:34:19.930]      __var DP_CTRL_STAT      = 0x4;
[19:34:19.930]        // -> [DP_CTRL_STAT <= 0x00000004]
[19:34:19.930]      __var DP_SELECT         = 0x8;
[19:34:19.931]        // -> [DP_SELECT <= 0x00000008]
[19:34:19.931]      __var powered_down      = 0;
[19:34:19.931]        // -> [powered_down <= 0x00000000]
[19:34:19.931]      WriteDP(DP_SELECT, 0x00000000);
[19:34:19.932]        // -> [WriteDP(0x00000008, 0x00000000)]   (__dp=0x00000000)
[19:34:19.932]      powered_down = ((ReadDP(DP_CTRL_STAT) & 0xA0000000) != 0xA0000000);
[19:34:19.934]        // -> [ReadDP(0x00000004) => 0x00000040]   (__dp=0x00000000)
[19:34:19.934]        // -> [powered_down <= 0x00000001]
[19:34:19.934]    </block>
[19:34:19.934]    <control if="powered_down" while="" timeout="0" info="">
[19:34:19.934]      // if-block "powered_down"
[19:34:19.934]        // =>  TRUE
[19:34:19.935]      <block atomic="false" info="">
[19:34:19.935]        Message(0, "Debug/System power-up request sent");
[19:34:19.936]        WriteDP(DP_CTRL_STAT, 0x50000000);
[19:34:19.938]          // -> [WriteDP(0x00000004, 0x50000000)]   (__dp=0x00000000)
[19:34:19.938]      </block>
[19:34:19.938]      <control if="" while="(ReadDP(DP_CTRL_STAT) & 0xA0000000) != 0xA0000000" timeout="1000000" info="">
[19:34:19.938]        // while "(ReadDP(DP_CTRL_STAT) & 0xA0000000) != 0xA0000000"  (timeout="1000000")
[19:34:19.940]          // -> [ReadDP(0x00000004) => 0xF0000040]   (__dp=0x00000000)
[19:34:19.940]        // while-condition  =>  FALSE
[19:34:19.940]        // end while "(ReadDP(DP_CTRL_STAT) & 0xA0000000) != 0xA0000000"
[19:34:19.940]      </control>
[19:34:19.940]      <control if="(__protocol & 0xFFFF) == 1" while="" timeout="0" info="">
[19:34:19.940]        // if-block "(__protocol & 0xFFFF) == 1"
[19:34:19.940]          // =>  FALSE
[19:34:19.940]        // skip if-block "(__protocol & 0xFFFF) == 1"
[19:34:19.940]      </control>
[19:34:19.940]      <control if="(__protocol & 0xFFFF) == 2" while="" timeout="0" info="">
[19:34:19.940]        // if-block "(__protocol & 0xFFFF) == 2"
[19:34:19.940]          // =>  TRUE
[19:34:19.940]        <block atomic="false" info="">
[19:34:19.941]          Message(0, "executing SWD power up");
[19:34:19.941]          WriteDP(DP_CTRL_STAT, 0x50000F00);
[19:34:19.945]            // -> [WriteDP(0x00000004, 0x50000F00)]   (__dp=0x00000000)
[19:34:19.945]          WriteDP(SW_DP_ABORT, 0x0000001E);
[19:34:19.947]            // -> [WriteDP(0x00000000, 0x0000001E)]   (__dp=0x00000000)
[19:34:19.947]        </block>
[19:34:19.947]        // end if-block "(__protocol & 0xFFFF) == 2"
[19:34:19.947]      </control>
[19:34:19.947]      // end if-block "powered_down"
[19:34:19.947]    </control>
[19:34:19.947]    <block atomic="false" info="">
[19:34:19.947]      __var DEBUG_PORT_VAL    = 0;
[19:34:19.947]        // -> [DEBUG_PORT_VAL <= 0x00000000]
[19:34:19.947]      __var ACCESS_POINT_VAL  = 0;
[19:34:19.947]        // -> [ACCESS_POINT_VAL <= 0x00000000]
[19:34:19.947]      __ap = 1; 
[19:34:19.947]        // -> [__ap <= 0x00000001]
[19:34:19.947]      WriteAP(0x0C, 0x04); //lets use the mini pwr-ap as backup
[19:34:19.952]        // -> [WriteAP(0x0000000C, 0x00000004)]   (__dp=0x00000000, __ap=0x00000001)
[19:34:19.952]      __ap = 4;
[19:34:19.952]        // -> [__ap <= 0x00000004]
[19:34:19.952]      ACCESS_POINT_VAL = ReadAP(0x00);//Reading current state of access point
[19:34:19.956]        // -> [ReadAP(0x00000000) => 0x00080027]   (__dp=0x00000000, __ap=0x00000004)
[19:34:19.956]        // -> [ACCESS_POINT_VAL <= 0x00080027]
[19:34:19.956]      Message(0, "Current state of access point is: %x",ACCESS_POINT_VAL);
[19:34:19.957]    </block>
[19:34:19.957]    <block atomic="false" info="">
[19:34:19.958]      __var nReset = 0x80;
[19:34:19.958]        // -> [nReset <= 0x00000080]
[19:34:19.958]      __var canReadPins = 0;
[19:34:19.958]        // -> [canReadPins <= 0x00000000]
[19:34:19.958]      canReadPins = (DAP_SWJ_Pins(0x00, nReset, 0) != 0xFFFFFFFF);
[19:34:19.959]        // -> [DAP_SWJ_Pins(0x00, 0x80, 0) => 0x0F]   (Out: nRESET=0  =>  In: SWCLK/TCK=1, SWDIO/TMS=1, TDI=1, TDO=1, nTRST=0, nRESET=0)
[19:34:19.959]        // -> [canReadPins <= 0x00000001]
[19:34:19.960]    </block>
[19:34:19.960]    <control if="" while="1" timeout="200" info="">
[19:34:19.960]      // while "1"  (timeout="200")
[19:34:19.960]      // while-condition  =>  TRUE
[19:34:19.960]      // while "1"  (timeout="200")
[19:34:19.960]      // while-condition  =>  TRUE
[19:34:19.960]      // while "1"  (timeout="200")
[19:34:19.960]      // while-condition  =>  TRUE
[19:34:19.960]      // while "1"  (timeout="200")
[19:34:19.960]      // while-condition  =>  TRUE
[19:34:19.960]      // while "1"  (timeout="200")
[19:34:19.960]      // while-condition  =>  TRUE
[19:34:19.960]      // while "1"  (timeout="200")
[19:34:19.960]      // while-condition  =>  TRUE
[19:34:19.960]      // while "1"  (timeout="200")
[19:34:19.960]      // while-condition  =>  TRUE
[19:34:19.960]      // while "1"  (timeout="200")
[19:34:19.961]      // while-condition  =>  TRUE
[19:34:19.961]      // while "1"  (timeout="200")
[19:34:19.961]      // while-condition  =>  TRUE
[19:34:19.961]      // while "1"  (timeout="200")
[19:34:19.961]      // while-condition  =>  TRUE
[19:34:19.961]      // while "1"  (timeout="200")
[19:34:19.961]      // while-condition  =>  TRUE
[19:34:19.961]      // while "1"  (timeout="200")
[19:34:19.961]      // while-condition  =>  TRUE
[19:34:19.961]      // while "1"  (timeout="200")
[19:34:19.961]      // while-condition  =>  TRUE
[19:34:19.961]      // while "1"  (timeout="200")
[19:34:19.961]      // while-condition  =>  TRUE
[19:34:19.961]      // while "1"  (timeout="200")
[19:34:19.961]      // while-condition  =>  TRUE
[19:34:19.961]      // while "1"  (timeout="200")
[19:34:19.961]      // while-condition  =>  TRUE
[19:34:19.961]      // while "1"  (timeout="200")
[19:34:19.961]      // while-condition  =>  TRUE
[19:34:19.961]      // while "1"  (timeout="200")
[19:34:19.961]      // while-condition  =>  TRUE
[19:34:19.961]      // while "1"  (timeout="200")
[19:34:19.961]      // while-condition  =>  TRUE
[19:34:19.961]      // while "1"  (timeout="200")
[19:34:19.961]      // while-condition  =>  TRUE
[19:34:19.961]      // while "1"  (timeout="200")
[19:34:19.961]      // while-condition  =>  TRUE
[19:34:19.961]      // while "1"  (timeout="200")
[19:34:19.961]      // while-condition  =>  TRUE
[19:34:19.961]      // while "1"  (timeout="200")
[19:34:19.961]      // while-condition  =>  TRUE
[19:34:19.961]      // while "1"  (timeout="200")
[19:34:19.961]      // while-condition  =>  TRUE
[19:34:19.961]      // while "1"  (timeout="200")
[19:34:19.961]      // while-condition  =>  TRUE
[19:34:19.961]      // while "1"  (timeout="200")
[19:34:19.961]      // while-condition  =>  TRUE
[19:34:19.961]      // while "1"  (timeout="200")
[19:34:19.961]      // while-condition  =>  TRUE
[19:34:19.961]      // while "1"  (timeout="200")
[19:34:19.961]      // while-condition  =>  TRUE
[19:34:19.961]      // while "1"  (timeout="200")
[19:34:19.961]      // while-condition  =>  TRUE
[19:34:19.961]      // while "1"  (timeout="200")
[19:34:19.961]      // while-condition  =>  TRUE
[19:34:19.961]      // while "1"  (timeout="200")
[19:34:19.961]      // while-condition  =>  TRUE
[19:34:19.961]      // while "1"  (timeout="200")
[19:34:19.961]      // while-condition  =>  TRUE
[19:34:19.961]      // while "1"  (timeout="200")
[19:34:19.961]      // while-condition  =>  TRUE
[19:34:19.961]      // while "1"  (timeout="200")
[19:34:19.961]      // while-condition  =>  TRUE
[19:34:19.961]      // while "1"  (timeout="200")
[19:34:19.961]      // while-condition  =>  TRUE
[19:34:19.961]      // while "1"  (timeout="200")
[19:34:19.961]      // while-condition  =>  TRUE
[19:34:19.961]      // while "1"  (timeout="200")
[19:34:19.961]      // while-condition  =>  TRUE
[19:34:19.961]      // while "1"  (timeout="200")
[19:34:19.961]      // while-condition  =>  TRUE
[19:34:19.961]      // while "1"  (timeout="200")
[19:34:19.961]      // while-condition  =>  TRUE
[19:34:19.961]      // while "1"  (timeout="200")
[19:34:19.961]      // while-condition  =>  TRUE
[19:34:19.961]      // while "1"  (timeout="200")
[19:34:19.961]      // while-condition  =>  TRUE
[19:34:19.961]      // while "1"  (timeout="200")
[19:34:19.961]      // while-condition  =>  TRUE
[19:34:19.961]      // while "1"  (timeout="200")
[19:34:19.961]      // while-condition  =>  TRUE
[19:34:19.961]      // while "1"  (timeout="200")
[19:34:19.961]      // while-condition  =>  TRUE
[19:34:19.961]      // while "1"  (timeout="200")
[19:34:19.961]      // while-condition  =>  TRUE
[19:34:19.961]      // while "1"  (timeout="200")
[19:34:19.961]      // while-condition  =>  TRUE
[19:34:19.961]      // while "1"  (timeout="200")
[19:34:19.961]      // while-condition  =>  TRUE
[19:34:19.961]      // while "1"  (timeout="200")
[19:34:19.961]      // while-condition  =>  TRUE
[19:34:19.961]      // while "1"  (timeout="200")
[19:34:19.961]      // while-condition  =>  TRUE
[19:34:19.961]      // while "1"  (timeout="200")
[19:34:19.961]      // while-condition  =>  TRUE
[19:34:19.961]      // while "1"  (timeout="200")
[19:34:19.961]      // while-condition  =>  TRUE
[19:34:19.961]      // while "1"  (timeout="200")
[19:34:19.961]      // while-condition  =>  TRUE
[19:34:19.961]      // while "1"  (timeout="200")
[19:34:19.966]      // while-condition  =>  TRUE
[19:34:19.966]      // while "1"  (timeout="200")
[19:34:19.966]      // while-condition  =>  TRUE
[19:34:19.966]      // while "1"  (timeout="200")
[19:34:19.966]      // while-condition  =>  TRUE
[19:34:19.966]      // while "1"  (timeout="200")
[19:34:19.966]      // while-condition  =>  TRUE
[19:34:19.966]      // while "1"  (timeout="200")
[19:34:19.966]      // while-condition  =>  TRUE
[19:34:19.966]      // while "1"  (timeout="200")
[19:34:19.966]      // while-condition  =>  TRUE
[19:34:19.966]      // while "1"  (timeout="200")
[19:34:19.966]      // while-condition  =>  TRUE
[19:34:19.966]      // while "1"  (timeout="200")
[19:34:19.966]      // while-condition  =>  TRUE
[19:34:19.966]      // while "1"  (timeout="200")
[19:34:19.966]      // while-condition  =>  TRUE
[19:34:19.966]      // while "1"  (timeout="200")
[19:34:19.966]      // while-condition  =>  TRUE
[19:34:19.966]      // while "1"  (timeout="200")
[19:34:19.966]      // while-condition  =>  TRUE
[19:34:19.966]      // while "1"  (timeout="200")
[19:34:19.966]      // while-condition  =>  TRUE
[19:34:19.966]      // while "1"  (timeout="200")
[19:34:19.966]      // while-condition  =>  TRUE
[19:34:19.966]      // while "1"  (timeout="200")
[19:34:19.966]      // while-condition  =>  TRUE
[19:34:19.966]      // while "1"  (timeout="200")
[19:34:19.966]      // while-condition  =>  TRUE
[19:34:19.966]      // while "1"  (timeout="200")
[19:34:19.966]      // while-condition  =>  TRUE
[19:34:19.966]      // while "1"  (timeout="200")
[19:34:19.966]      // while-condition  =>  TRUE
[19:34:19.966]      // while "1"  (timeout="200")
[19:34:19.966]      // while-condition  =>  TRUE
[19:34:19.966]      // while "1"  (timeout="200")
[19:34:19.966]      // while-condition  =>  TRUE
[19:34:19.966]      // while "1"  (timeout="200")
[19:34:19.966]      // while-condition  =>  TRUE
[19:34:19.966]      // while "1"  (timeout="200")
[19:34:19.966]      // while-condition  =>  TRUE
[19:34:19.966]      // while "1"  (timeout="200")
[19:34:19.966]      // while-condition  =>  TRUE
[19:34:19.966]      // while "1"  (timeout="200")
[19:34:19.966]      // while-condition  =>  TRUE
[19:34:19.966]      // while "1"  (timeout="200")
[19:34:19.966]      // while-condition  =>  TRUE
[19:34:19.966]      // while "1"  (timeout="200")
[19:34:19.966]      // while-condition  =>  TRUE
[19:34:19.966]      // while "1"  (timeout="200")
[19:34:19.966]      // while-condition  =>  TRUE
[19:34:19.966]      // while "1"  (timeout="200")
[19:34:19.966]      // while-condition  =>  TRUE
[19:34:19.966]      // while "1"  (timeout="200")
[19:34:19.966]      // while-condition  =>  TRUE
[19:34:19.966]      // while "1"  (timeout="200")
[19:34:19.966]      // while-condition  =>  TRUE
[19:34:19.966]      // while "1"  (timeout="200")
[19:34:19.966]      // while-condition  =>  TRUE
[19:34:19.966]      // while "1"  (timeout="200")
[19:34:19.966]      // while-condition  =>  TRUE
[19:34:19.966]      // while "1"  (timeout="200")
[19:34:19.966]      // while-condition  =>  TRUE
[19:34:19.966]      // while "1"  (timeout="200")
[19:34:19.966]      // while-condition  =>  TRUE
[19:34:19.970]      // while "1"  (timeout="200")
[19:34:19.970]      // while-condition  =>  TRUE
[19:34:19.970]      // while "1"  (timeout="200")
[19:34:19.970]      // while-condition  =>  TRUE
[19:34:19.970]      // while "1"  (timeout="200")
[19:34:19.970]      // while-condition  =>  TRUE
[19:34:19.970]      // while "1"  (timeout="200")
[19:34:19.970]      // while-condition  =>  TRUE
[19:34:19.970]      // while "1"  (timeout="200")
[19:34:19.970]      // while-condition  =>  TRUE
[19:34:19.970]      // while "1"  (timeout="200")
[19:34:19.970]      // while-condition  =>  TRUE
[19:34:19.970]      // while "1"  (timeout="200")
[19:34:19.970]      // while-condition  =>  TRUE
[19:34:19.970]      // while "1"  (timeout="200")
[19:34:19.970]      // while-condition  =>  TRUE
[19:34:19.971]      // while "1"  (timeout="200")
[19:34:19.971]      // while-condition  =>  TRUE
[19:34:19.971]      // while "1"  (timeout="200")
[19:34:19.971]      // while-condition  =>  TRUE
[19:34:19.971]      // while "1"  (timeout="200")
[19:34:19.971]      // while-condition  =>  TRUE
[19:34:19.971]      // while "1"  (timeout="200")
[19:34:19.971]      // while-condition  =>  TRUE
[19:34:19.971]      // while "1"  (timeout="200")
[19:34:19.971]      // while-condition  =>  TRUE
[19:34:19.971]      // while "1"  (timeout="200")
[19:34:19.971]      // while-condition  =>  TRUE
[19:34:19.971]      // while "1"  (timeout="200")
[19:34:19.971]      // while-condition  =>  TRUE
[19:34:19.971]      // while "1"  (timeout="200")
[19:34:19.971]      // while-condition  =>  TRUE
[19:34:19.971]      // while "1"  (timeout="200")
[19:34:19.971]      // while-condition  =>  TRUE
[19:34:19.971]      // while "1"  (timeout="200")
[19:34:19.971]      // while-condition  =>  TRUE
[19:34:19.971]      // while "1"  (timeout="200")
[19:34:19.971]      // while-condition  =>  TRUE
[19:34:19.971]      // while "1"  (timeout="200")
[19:34:19.971]      // while-condition  =>  TRUE
[19:34:19.971]      // while "1"  (timeout="200")
[19:34:19.972]      // while-condition  =>  TRUE
[19:34:19.972]      // while "1"  (timeout="200")
[19:34:19.972]      // while  =>  TIMEOUT
[19:34:19.972]      // end while "1"
[19:34:19.972]    </control>
[19:34:19.972]    <control if="canReadPins" while="" timeout="0" info="">
[19:34:19.972]      // if-block "canReadPins"
[19:34:19.972]        // =>  TRUE
[19:34:19.972]      <control if="" while="(DAP_SWJ_Pins(nReset, nReset, 0) & nReset) == 0" timeout="1000000" info="">
[19:34:19.972]        // while "(DAP_SWJ_Pins(nReset, nReset, 0) & nReset) == 0"  (timeout="1000000")
[19:34:19.973]          // -> [DAP_SWJ_Pins(0x80, 0x80, 0) => 0x8F]   (Out: nRESET=1  =>  In: SWCLK/TCK=1, SWDIO/TMS=1, TDI=1, TDO=1, nTRST=0, nRESET=1)
[19:34:19.973]        // while-condition  =>  FALSE
[19:34:19.973]        // end while "(DAP_SWJ_Pins(nReset, nReset, 0) & nReset) == 0"
[19:34:19.973]      </control>
[19:34:19.973]      // end if-block "canReadPins"
[19:34:19.974]    </control>
[19:34:19.974]    <control if="!canReadPins" while="" timeout="0" info="">
[19:34:19.974]      // if-block "!canReadPins"
[19:34:19.974]        // =>  FALSE
[19:34:19.974]      // skip if-block "!canReadPins"
[19:34:19.974]    </control>
[19:34:19.974]    <control if="(ACCESS_POINT_VAL & 0x00E00000) == 0" while="" timeout="0" info="">
[19:34:19.974]      // if-block "(ACCESS_POINT_VAL & 0x00E00000) == 0"
[19:34:19.974]        // =>  TRUE
[19:34:19.974]      <block atomic="false" info="">
[19:34:19.974]        WriteAP(0x00, 0x190008);
[19:34:19.976]          // -> [WriteAP(0x00000000, 0x00190008)]   (__dp=0x00000000, __ap=0x00000004)
[19:34:19.976]        WriteAP(0xF0, 0x01);
[19:34:19.981]          // -> [WriteAP(0x000000F0, 0x00000001)]   (__dp=0x00000000, __ap=0x00000004)
[19:34:19.981]      </block>
[19:34:19.981]      // end if-block "(ACCESS_POINT_VAL & 0x00E00000) == 0"
[19:34:19.982]    </control>
[19:34:19.982]    <control if="(ACCESS_POINT_VAL & 0x00E00000) != 0" while="" timeout="0" info="">
[19:34:19.982]      // if-block "(ACCESS_POINT_VAL & 0x00E00000) != 0"
[19:34:19.982]        // =>  FALSE
[19:34:19.982]      // skip if-block "(ACCESS_POINT_VAL & 0x00E00000) != 0"
[19:34:19.982]    </control>
[19:34:19.982]    <block atomic="false" info="">
[19:34:19.982]      ACCESS_POINT_VAL = ReadAP(0x00);//Reading current state of access point
[19:34:19.985]        // -> [ReadAP(0x00000000) => 0x0079002F]   (__dp=0x00000000, __ap=0x00000004)
[19:34:19.985]        // -> [ACCESS_POINT_VAL <= 0x0079002F]
[19:34:19.985]      Message(0, "Current state of access point is: %x",ACCESS_POINT_VAL);
[19:34:19.987]      __ap = 0; //lets make sure we reset the access point selection
[19:34:19.987]        // -> [__ap <= 0x00000000]
[19:34:19.988]    </block>
[19:34:19.988]  </sequence>
[19:34:19.989]  
[19:34:20.010]  **********  Sequence "DebugDeviceUnlock"  (Context="Connect", Pname="", info="")
[19:34:20.010]  
[19:34:20.010]  <debugvars>
[19:34:20.010]    // Pre-defined
[19:34:20.010]    __protocol=0x00010002      (Protocol="SWD", SWJ-DP="True")
[19:34:20.011]    __connection=0x00000202    (Connection Type="Flash", Reset Type="System Reset")
[19:34:20.011]    __dp=0x00000000
[19:34:20.011]    __ap=0x00000000
[19:34:20.011]    __traceout=0x00000000      (Trace Disabled)
[19:34:20.011]    __errorcontrol=0x00000000  (Skip Errors="False")
[19:34:20.011]    __FlashAddr=0x00000000
[19:34:20.011]    __FlashLen=0x00000000
[19:34:20.011]    __FlashArg=0x00000000
[19:34:20.011]    __FlashOp=0x00000000
[19:34:20.011]    __Result=0x00000000
[19:34:20.011]  </debugvars>
[19:34:20.011]  
[19:34:20.011]  <sequence name="DebugDeviceUnlock" Pname="" disable="false" info="">
[19:34:20.011]    <block atomic="false" info="">
[19:34:20.011]      __var deviceID = 0;
[19:34:20.011]        // -> [deviceID <= 0x00000000]
[19:34:20.012]      __var version = 0;
[19:34:20.012]        // -> [version <= 0x00000000]
[19:34:20.012]      __var partNum = 0;
[19:34:20.012]        // -> [partNum <= 0x00000000]
[19:34:20.012]      __var manuf = 0;
[19:34:20.012]        // -> [manuf <= 0x00000000]
[19:34:20.012]      __var isMSPM0G1X0X_G3X0X = 0;
[19:34:20.012]        // -> [isMSPM0G1X0X_G3X0X <= 0x00000000]
[19:34:20.012]      __var isProduction = 0;
[19:34:20.012]        // -> [isProduction <= 0x00000000]
[19:34:20.012]      __var continueId = 0;
[19:34:20.012]        // -> [continueId <= 0x00000000]
[19:34:20.012]      deviceID =   Read32(0x41C40004);
[19:34:20.018]        // -> [Read32(0x41C40004) => 0x2BB8802F]   (__dp=0x00000000, __ap=0x00000000)
[19:34:20.018]        // -> [deviceID <= 0x2BB8802F]
[19:34:20.018]      version = deviceID >> 28;
[19:34:20.018]        // -> [version <= 0x00000002]
[19:34:20.019]      partNum = (deviceID & 0x0FFFF000) >> 12;
[19:34:20.019]        // -> [partNum <= 0x0000BB88]
[19:34:20.019]      manuf = (deviceID & 0x00000FFE) >> 1;
[19:34:20.019]        // -> [manuf <= 0x00000017]
[19:34:20.019]      isMSPM0G1X0X_G3X0X = (partNum == 0xBB88) && (manuf == 0x17);
[19:34:20.019]        // -> [isMSPM0G1X0X_G3X0X <= 0x00000001]
[19:34:20.019]      isProduction = (version > 0);
[19:34:20.019]        // -> [isProduction <= 0x00000001]
[19:34:20.019]    </block>
[19:34:20.019]    <control if="!isMSPM0G1X0X_G3X0X" while="" timeout="0" info="">
[19:34:20.019]      // if-block "!isMSPM0G1X0X_G3X0X"
[19:34:20.019]        // =>  FALSE
[19:34:20.020]      // skip if-block "!isMSPM0G1X0X_G3X0X"
[19:34:20.020]    </control>
[19:34:20.020]    <control if="continueId == 4" while="" timeout="0" info="">
[19:34:20.020]      // if-block "continueId == 4"
[19:34:20.020]        // =>  FALSE
[19:34:20.020]      // skip if-block "continueId == 4"
[19:34:20.020]    </control>
[19:34:20.020]    <control if="!isProduction" while="" timeout="0" info="">
[19:34:20.020]      // if-block "!isProduction"
[19:34:20.020]        // =>  FALSE
[19:34:20.020]      // skip if-block "!isProduction"
[19:34:20.020]    </control>
[19:34:20.020]  </sequence>
[19:34:20.020]  
[19:34:42.972]  **********  Sequence "DebugPortSetup"  (Context="Connect", Pname="", info="")
[19:34:42.972]  
[19:34:42.972]  <debugvars>
[19:34:42.972]    // Pre-defined
[19:34:42.972]    __protocol=0x00010002      (Protocol="SWD", SWJ-DP="True")
[19:34:42.972]    __connection=0x00000202    (Connection Type="Flash", Reset Type="System Reset")
[19:34:42.972]    __dp=0x00000000
[19:34:42.972]    __ap=0x00000000
[19:34:42.972]    __traceout=0x00000000      (Trace Disabled)
[19:34:42.972]    __errorcontrol=0x00000000  (Skip Errors="False")
[19:34:42.972]    __FlashAddr=0x00000000
[19:34:42.972]    __FlashLen=0x00000000
[19:34:42.972]    __FlashArg=0x00000000
[19:34:42.972]    __FlashOp=0x00000000
[19:34:42.972]    __Result=0x00000000
[19:34:42.972]  </debugvars>
[19:34:42.972]  
[19:34:42.972]  <sequence name="DebugPortSetup" Pname="" disable="false" info="">
[19:34:42.972]    <block atomic="false" info="">
[19:34:42.972]      __var isSWJ      = ((__protocol & 0x00010000) != 0);
[19:34:42.972]        // -> [isSWJ <= 0x00000001]
[19:34:42.972]      __var hasDormant = __protocol & 0x00020000;
[19:34:42.972]        // -> [hasDormant <= 0x00000000]
[19:34:42.972]      __var protType   = __protocol & 0x0000FFFF;
[19:34:42.972]        // -> [protType <= 0x00000002]
[19:34:42.972]    </block>
[19:34:42.972]    <control if="protType == 1" while="" timeout="0" info="">
[19:34:42.972]      // if-block "protType == 1"
[19:34:42.972]        // =>  FALSE
[19:34:42.972]      // skip if-block "protType == 1"
[19:34:42.972]    </control>
[19:34:42.972]    <control if="protType == 2" while="" timeout="0" info="">
[19:34:42.972]      // if-block "protType == 2"
[19:34:42.972]        // =>  TRUE
[19:34:42.972]      <control if="isSWJ" while="" timeout="0" info="">
[19:34:42.972]        // if-block "isSWJ"
[19:34:42.972]          // =>  TRUE
[19:34:42.972]        <control if="hasDormant" while="" timeout="0" info="">
[19:34:42.972]          // if-block "hasDormant"
[19:34:42.972]            // =>  FALSE
[19:34:42.972]          // skip if-block "hasDormant"
[19:34:42.972]        </control>
[19:34:42.972]        <control if="!hasDormant" while="" timeout="0" info="">
[19:34:42.972]          // if-block "!hasDormant"
[19:34:42.972]            // =>  TRUE
[19:34:42.972]          <block atomic="false" info="">
[19:34:42.972]            DAP_SWJ_Sequence(51, 0x0007FFFFFFFFFFFF); //lets put the JTAG line in a reset state
[19:34:42.977]              // -> [DAP_SWJ_Sequence(51, 0x0007FFFFFFFFFFFF)]
[19:34:42.977]            DAP_SWJ_Sequence(16,0xE73C); //SWD to JTAG, this is to ensure the state machine is initialized
[19:34:42.977]              // -> [DAP_SWJ_Sequence(16, 0x000000000000E73C)]
[19:34:42.977]            DAP_SWJ_Sequence(51, 0x0007FFFFFFFFFFFF); //Put it back in reset
[19:34:42.977]              // -> [DAP_SWJ_Sequence(51, 0x0007FFFFFFFFFFFF)]
[19:34:42.977]            DAP_SWJ_Sequence(16, 0xE79E); //JTAG to SWD switch
[19:34:42.980]              // -> [DAP_SWJ_Sequence(16, 0x000000000000E79E)]
[19:34:42.980]            DAP_SWJ_Sequence(51, 0x0007FFFFFFFFFFFF);  //Ensure the switch is successful 
[19:34:42.981]              // -> [DAP_SWJ_Sequence(51, 0x0007FFFFFFFFFFFF)]
[19:34:42.981]            DAP_SWJ_Sequence(7,  0x00); //Give the line some time to initialize
[19:34:42.981]              // -> [DAP_SWJ_Sequence(7, 0x0000000000000000)]
[19:34:42.981]          </block>
[19:34:42.981]          // end if-block "!hasDormant"
[19:34:42.981]        </control>
[19:34:42.982]        // end if-block "isSWJ"
[19:34:42.982]      </control>
[19:34:42.982]      <control if="!isSWJ" while="" timeout="0" info="">
[19:34:42.982]        // if-block "!isSWJ"
[19:34:42.982]          // =>  FALSE
[19:34:42.982]        // skip if-block "!isSWJ"
[19:34:42.982]      </control>
[19:34:42.982]      <block atomic="false" info="">
[19:34:42.982]        ReadDP(0x0);
[19:34:42.983]          // -> [ReadDP(0x00000000) => 0x6BA02477]   (__dp=0x00000000)
[19:34:42.983]      </block>
[19:34:42.983]      // end if-block "protType == 2"
[19:34:42.983]    </control>
[19:34:42.983]  </sequence>
[19:34:42.983]  
[19:34:42.985]  **********  Sequence "DebugPortStart"  (Context="Connect", Pname="", info="")
[19:34:42.985]  
[19:34:42.985]  <debugvars>
[19:34:42.985]    // Pre-defined
[19:34:42.985]    __protocol=0x00010002      (Protocol="SWD", SWJ-DP="True")
[19:34:42.985]    __connection=0x00000202    (Connection Type="Flash", Reset Type="System Reset")
[19:34:42.985]    __dp=0x00000000
[19:34:42.985]    __ap=0x00000000
[19:34:42.985]    __traceout=0x00000000      (Trace Disabled)
[19:34:42.985]    __errorcontrol=0x00000000  (Skip Errors="False")
[19:34:42.985]    __FlashAddr=0x00000000
[19:34:42.985]    __FlashLen=0x00000000
[19:34:42.985]    __FlashArg=0x00000000
[19:34:42.985]    __FlashOp=0x00000000
[19:34:42.985]    __Result=0x00000000
[19:34:42.985]  </debugvars>
[19:34:42.985]  
[19:34:42.985]  <sequence name="DebugPortStart" Pname="" disable="false" info="">
[19:34:42.985]    <block atomic="false" info="">
[19:34:42.985]      __var SW_DP_ABORT       = 0x0;
[19:34:42.985]        // -> [SW_DP_ABORT <= 0x00000000]
[19:34:42.985]      __var DP_CTRL_STAT      = 0x4;
[19:34:42.985]        // -> [DP_CTRL_STAT <= 0x00000004]
[19:34:42.985]      __var DP_SELECT         = 0x8;
[19:34:42.985]        // -> [DP_SELECT <= 0x00000008]
[19:34:42.985]      __var powered_down      = 0;
[19:34:42.986]        // -> [powered_down <= 0x00000000]
[19:34:42.988]      WriteDP(DP_SELECT, 0x00000000);
[19:34:42.989]        // -> [WriteDP(0x00000008, 0x00000000)]   (__dp=0x00000000)
[19:34:42.989]      powered_down = ((ReadDP(DP_CTRL_STAT) & 0xA0000000) != 0xA0000000);
[19:34:42.990]        // -> [ReadDP(0x00000004) => 0x00000040]   (__dp=0x00000000)
[19:34:42.990]        // -> [powered_down <= 0x00000001]
[19:34:42.990]    </block>
[19:34:42.990]    <control if="powered_down" while="" timeout="0" info="">
[19:34:42.990]      // if-block "powered_down"
[19:34:42.990]        // =>  TRUE
[19:34:42.990]      <block atomic="false" info="">
[19:34:42.990]        Message(0, "Debug/System power-up request sent");
[19:34:42.992]        WriteDP(DP_CTRL_STAT, 0x50000000);
[19:34:42.994]          // -> [WriteDP(0x00000004, 0x50000000)]   (__dp=0x00000000)
[19:34:42.994]      </block>
[19:34:42.994]      <control if="" while="(ReadDP(DP_CTRL_STAT) & 0xA0000000) != 0xA0000000" timeout="1000000" info="">
[19:34:42.994]        // while "(ReadDP(DP_CTRL_STAT) & 0xA0000000) != 0xA0000000"  (timeout="1000000")
[19:34:42.995]          // -> [ReadDP(0x00000004) => 0xF0000040]   (__dp=0x00000000)
[19:34:42.995]        // while-condition  =>  FALSE
[19:34:42.995]        // end while "(ReadDP(DP_CTRL_STAT) & 0xA0000000) != 0xA0000000"
[19:34:42.995]      </control>
[19:34:42.995]      <control if="(__protocol & 0xFFFF) == 1" while="" timeout="0" info="">
[19:34:42.995]        // if-block "(__protocol & 0xFFFF) == 1"
[19:34:42.995]          // =>  FALSE
[19:34:42.995]        // skip if-block "(__protocol & 0xFFFF) == 1"
[19:34:42.995]      </control>
[19:34:42.995]      <control if="(__protocol & 0xFFFF) == 2" while="" timeout="0" info="">
[19:34:42.995]        // if-block "(__protocol & 0xFFFF) == 2"
[19:34:42.995]          // =>  TRUE
[19:34:42.995]        <block atomic="false" info="">
[19:34:42.995]          Message(0, "executing SWD power up");
[19:34:42.997]          WriteDP(DP_CTRL_STAT, 0x50000F00);
[19:34:42.997]            // -> [WriteDP(0x00000004, 0x50000F00)]   (__dp=0x00000000)
[19:34:42.998]          WriteDP(SW_DP_ABORT, 0x0000001E);
[19:34:42.998]            // -> [WriteDP(0x00000000, 0x0000001E)]   (__dp=0x00000000)
[19:34:42.998]        </block>
[19:34:42.998]        // end if-block "(__protocol & 0xFFFF) == 2"
[19:34:42.998]      </control>
[19:34:42.998]      // end if-block "powered_down"
[19:34:42.999]    </control>
[19:34:42.999]    <block atomic="false" info="">
[19:34:42.999]      __var DEBUG_PORT_VAL    = 0;
[19:34:42.999]        // -> [DEBUG_PORT_VAL <= 0x00000000]
[19:34:42.999]      __var ACCESS_POINT_VAL  = 0;
[19:34:42.999]        // -> [ACCESS_POINT_VAL <= 0x00000000]
[19:34:42.999]      __ap = 1; 
[19:34:42.999]        // -> [__ap <= 0x00000001]
[19:34:42.999]      WriteAP(0x0C, 0x04); //lets use the mini pwr-ap as backup
[19:34:43.000]        // -> [WriteAP(0x0000000C, 0x00000004)]   (__dp=0x00000000, __ap=0x00000001)
[19:34:43.000]      __ap = 4;
[19:34:43.000]        // -> [__ap <= 0x00000004]
[19:34:43.000]      ACCESS_POINT_VAL = ReadAP(0x00);//Reading current state of access point
[19:34:43.002]        // -> [ReadAP(0x00000000) => 0x00080027]   (__dp=0x00000000, __ap=0x00000004)
[19:34:43.002]        // -> [ACCESS_POINT_VAL <= 0x00080027]
[19:34:43.002]      Message(0, "Current state of access point is: %x",ACCESS_POINT_VAL);
[19:34:43.003]    </block>
[19:34:43.003]    <block atomic="false" info="">
[19:34:43.003]      __var nReset = 0x80;
[19:34:43.003]        // -> [nReset <= 0x00000080]
[19:34:43.003]      __var canReadPins = 0;
[19:34:43.003]        // -> [canReadPins <= 0x00000000]
[19:34:43.003]      canReadPins = (DAP_SWJ_Pins(0x00, nReset, 0) != 0xFFFFFFFF);
[19:34:43.004]        // -> [DAP_SWJ_Pins(0x00, 0x80, 0) => 0x0F]   (Out: nRESET=0  =>  In: SWCLK/TCK=1, SWDIO/TMS=1, TDI=1, TDO=1, nTRST=0, nRESET=0)
[19:34:43.004]        // -> [canReadPins <= 0x00000001]
[19:34:43.004]    </block>
[19:34:43.004]    <control if="" while="1" timeout="200" info="">
[19:34:43.004]      // while "1"  (timeout="200")
[19:34:43.004]      // while-condition  =>  TRUE
[19:34:43.004]      // while "1"  (timeout="200")
[19:34:43.004]      // while-condition  =>  TRUE
[19:34:43.004]      // while "1"  (timeout="200")
[19:34:43.005]      // while-condition  =>  TRUE
[19:34:43.005]      // while "1"  (timeout="200")
[19:34:43.005]      // while-condition  =>  TRUE
[19:34:43.005]      // while "1"  (timeout="200")
[19:34:43.005]      // while-condition  =>  TRUE
[19:34:43.005]      // while "1"  (timeout="200")
[19:34:43.005]      // while-condition  =>  TRUE
[19:34:43.005]      // while "1"  (timeout="200")
[19:34:43.005]      // while-condition  =>  TRUE
[19:34:43.005]      // while "1"  (timeout="200")
[19:34:43.005]      // while-condition  =>  TRUE
[19:34:43.005]      // while "1"  (timeout="200")
[19:34:43.006]      // while-condition  =>  TRUE
[19:34:43.006]      // while "1"  (timeout="200")
[19:34:43.006]      // while-condition  =>  TRUE
[19:34:43.006]      // while "1"  (timeout="200")
[19:34:43.006]      // while-condition  =>  TRUE
[19:34:43.006]      // while "1"  (timeout="200")
[19:34:43.006]      // while-condition  =>  TRUE
[19:34:43.006]      // while "1"  (timeout="200")
[19:34:43.006]      // while-condition  =>  TRUE
[19:34:43.006]      // while "1"  (timeout="200")
[19:34:43.006]      // while-condition  =>  TRUE
[19:34:43.006]      // while "1"  (timeout="200")
[19:34:43.006]      // while-condition  =>  TRUE
[19:34:43.006]      // while "1"  (timeout="200")
[19:34:43.007]      // while-condition  =>  TRUE
[19:34:43.007]      // while "1"  (timeout="200")
[19:34:43.007]      // while-condition  =>  TRUE
[19:34:43.007]      // while "1"  (timeout="200")
[19:34:43.007]      // while-condition  =>  TRUE
[19:34:43.007]      // while "1"  (timeout="200")
[19:34:43.007]      // while-condition  =>  TRUE
[19:34:43.007]      // while "1"  (timeout="200")
[19:34:43.007]      // while-condition  =>  TRUE
[19:34:43.007]      // while "1"  (timeout="200")
[19:34:43.007]      // while-condition  =>  TRUE
[19:34:43.007]      // while "1"  (timeout="200")
[19:34:43.007]      // while-condition  =>  TRUE
[19:34:43.007]      // while "1"  (timeout="200")
[19:34:43.007]      // while-condition  =>  TRUE
[19:34:43.007]      // while "1"  (timeout="200")
[19:34:43.007]      // while-condition  =>  TRUE
[19:34:43.007]      // while "1"  (timeout="200")
[19:34:43.007]      // while-condition  =>  TRUE
[19:34:43.007]      // while "1"  (timeout="200")
[19:34:43.007]      // while-condition  =>  TRUE
[19:34:43.007]      // while "1"  (timeout="200")
[19:34:43.007]      // while-condition  =>  TRUE
[19:34:43.007]      // while "1"  (timeout="200")
[19:34:43.008]      // while-condition  =>  TRUE
[19:34:43.008]      // while "1"  (timeout="200")
[19:34:43.008]      // while-condition  =>  TRUE
[19:34:43.008]      // while "1"  (timeout="200")
[19:34:43.008]      // while-condition  =>  TRUE
[19:34:43.008]      // while "1"  (timeout="200")
[19:34:43.008]      // while-condition  =>  TRUE
[19:34:43.008]      // while "1"  (timeout="200")
[19:34:43.008]      // while-condition  =>  TRUE
[19:34:43.008]      // while "1"  (timeout="200")
[19:34:43.008]      // while-condition  =>  TRUE
[19:34:43.008]      // while "1"  (timeout="200")
[19:34:43.008]      // while-condition  =>  TRUE
[19:34:43.008]      // while "1"  (timeout="200")
[19:34:43.008]      // while-condition  =>  TRUE
[19:34:43.008]      // while "1"  (timeout="200")
[19:34:43.009]      // while-condition  =>  TRUE
[19:34:43.009]      // while "1"  (timeout="200")
[19:34:43.009]      // while-condition  =>  TRUE
[19:34:43.009]      // while "1"  (timeout="200")
[19:34:43.009]      // while-condition  =>  TRUE
[19:34:43.009]      // while "1"  (timeout="200")
[19:34:43.009]      // while-condition  =>  TRUE
[19:34:43.009]      // while "1"  (timeout="200")
[19:34:43.009]      // while-condition  =>  TRUE
[19:34:43.009]      // while "1"  (timeout="200")
[19:34:43.009]      // while-condition  =>  TRUE
[19:34:43.009]      // while "1"  (timeout="200")
[19:34:43.009]      // while-condition  =>  TRUE
[19:34:43.009]      // while "1"  (timeout="200")
[19:34:43.009]      // while-condition  =>  TRUE
[19:34:43.009]      // while "1"  (timeout="200")
[19:34:43.009]      // while-condition  =>  TRUE
[19:34:43.009]      // while "1"  (timeout="200")
[19:34:43.009]      // while-condition  =>  TRUE
[19:34:43.009]      // while "1"  (timeout="200")
[19:34:43.009]      // while-condition  =>  TRUE
[19:34:43.009]      // while "1"  (timeout="200")
[19:34:43.009]      // while-condition  =>  TRUE
[19:34:43.009]      // while "1"  (timeout="200")
[19:34:43.009]      // while-condition  =>  TRUE
[19:34:43.009]      // while "1"  (timeout="200")
[19:34:43.010]      // while-condition  =>  TRUE
[19:34:43.010]      // while "1"  (timeout="200")
[19:34:43.010]      // while-condition  =>  TRUE
[19:34:43.010]      // while "1"  (timeout="200")
[19:34:43.010]      // while-condition  =>  TRUE
[19:34:43.010]      // while "1"  (timeout="200")
[19:34:43.010]      // while-condition  =>  TRUE
[19:34:43.010]      // while "1"  (timeout="200")
[19:34:43.010]      // while-condition  =>  TRUE
[19:34:43.010]      // while "1"  (timeout="200")
[19:34:43.010]      // while-condition  =>  TRUE
[19:34:43.010]      // while "1"  (timeout="200")
[19:34:43.010]      // while-condition  =>  TRUE
[19:34:43.010]      // while "1"  (timeout="200")
[19:34:43.010]      // while-condition  =>  TRUE
[19:34:43.010]      // while "1"  (timeout="200")
[19:34:43.010]      // while-condition  =>  TRUE
[19:34:43.010]      // while "1"  (timeout="200")
[19:34:43.010]      // while-condition  =>  TRUE
[19:34:43.010]      // while "1"  (timeout="200")
[19:34:43.010]      // while-condition  =>  TRUE
[19:34:43.010]      // while "1"  (timeout="200")
[19:34:43.011]      // while-condition  =>  TRUE
[19:34:43.011]      // while "1"  (timeout="200")
[19:34:43.011]      // while-condition  =>  TRUE
[19:34:43.011]      // while "1"  (timeout="200")
[19:34:43.011]      // while-condition  =>  TRUE
[19:34:43.011]      // while "1"  (timeout="200")
[19:34:43.011]      // while-condition  =>  TRUE
[19:34:43.011]      // while "1"  (timeout="200")
[19:34:43.011]      // while-condition  =>  TRUE
[19:34:43.011]      // while "1"  (timeout="200")
[19:34:43.011]      // while-condition  =>  TRUE
[19:34:43.011]      // while "1"  (timeout="200")
[19:34:43.011]      // while-condition  =>  TRUE
[19:34:43.011]      // while "1"  (timeout="200")
[19:34:43.011]      // while-condition  =>  TRUE
[19:34:43.011]      // while "1"  (timeout="200")
[19:34:43.011]      // while-condition  =>  TRUE
[19:34:43.011]      // while "1"  (timeout="200")
[19:34:43.011]      // while-condition  =>  TRUE
[19:34:43.011]      // while "1"  (timeout="200")
[19:34:43.011]      // while-condition  =>  TRUE
[19:34:43.011]      // while "1"  (timeout="200")
[19:34:43.011]      // while-condition  =>  TRUE
[19:34:43.011]      // while "1"  (timeout="200")
[19:34:43.012]      // while-condition  =>  TRUE
[19:34:43.012]      // while "1"  (timeout="200")
[19:34:43.012]      // while-condition  =>  TRUE
[19:34:43.012]      // while "1"  (timeout="200")
[19:34:43.012]      // while-condition  =>  TRUE
[19:34:43.012]      // while "1"  (timeout="200")
[19:34:43.012]      // while-condition  =>  TRUE
[19:34:43.012]      // while "1"  (timeout="200")
[19:34:43.012]      // while-condition  =>  TRUE
[19:34:43.012]      // while "1"  (timeout="200")
[19:34:43.012]      // while-condition  =>  TRUE
[19:34:43.012]      // while "1"  (timeout="200")
[19:34:43.012]      // while-condition  =>  TRUE
[19:34:43.012]      // while "1"  (timeout="200")
[19:34:43.012]      // while-condition  =>  TRUE
[19:34:43.012]      // while "1"  (timeout="200")
[19:34:43.012]      // while-condition  =>  TRUE
[19:34:43.012]      // while "1"  (timeout="200")
[19:34:43.012]      // while-condition  =>  TRUE
[19:34:43.012]      // while "1"  (timeout="200")
[19:34:43.012]      // while-condition  =>  TRUE
[19:34:43.012]      // while "1"  (timeout="200")
[19:34:43.012]      // while-condition  =>  TRUE
[19:34:43.012]      // while "1"  (timeout="200")
[19:34:43.012]      // while-condition  =>  TRUE
[19:34:43.013]      // while "1"  (timeout="200")
[19:34:43.014]      // while-condition  =>  TRUE
[19:34:43.014]      // while "1"  (timeout="200")
[19:34:43.014]      // while-condition  =>  TRUE
[19:34:43.014]      // while "1"  (timeout="200")
[19:34:43.014]      // while-condition  =>  TRUE
[19:34:43.014]      // while "1"  (timeout="200")
[19:34:43.014]      // while-condition  =>  TRUE
[19:34:43.015]      // while "1"  (timeout="200")
[19:34:43.015]      // while-condition  =>  TRUE
[19:34:43.015]      // while "1"  (timeout="200")
[19:34:43.015]      // while-condition  =>  TRUE
[19:34:43.015]      // while "1"  (timeout="200")
[19:34:43.015]      // while-condition  =>  TRUE
[19:34:43.015]      // while "1"  (timeout="200")
[19:34:43.015]      // while-condition  =>  TRUE
[19:34:43.015]      // while "1"  (timeout="200")
[19:34:43.015]      // while-condition  =>  TRUE
[19:34:43.015]      // while "1"  (timeout="200")
[19:34:43.015]      // while-condition  =>  TRUE
[19:34:43.015]      // while "1"  (timeout="200")
[19:34:43.015]      // while-condition  =>  TRUE
[19:34:43.015]      // while "1"  (timeout="200")
[19:34:43.015]      // while-condition  =>  TRUE
[19:34:43.015]      // while "1"  (timeout="200")
[19:34:43.015]      // while-condition  =>  TRUE
[19:34:43.015]      // while "1"  (timeout="200")
[19:34:43.015]      // while-condition  =>  TRUE
[19:34:43.015]      // while "1"  (timeout="200")
[19:34:43.016]      // while-condition  =>  TRUE
[19:34:43.016]      // while "1"  (timeout="200")
[19:34:43.016]      // while-condition  =>  TRUE
[19:34:43.016]      // while "1"  (timeout="200")
[19:34:43.016]      // while-condition  =>  TRUE
[19:34:43.016]      // while "1"  (timeout="200")
[19:34:43.016]      // while-condition  =>  TRUE
[19:34:43.016]      // while "1"  (timeout="200")
[19:34:43.016]      // while-condition  =>  TRUE
[19:34:43.016]      // while "1"  (timeout="200")
[19:34:43.016]      // while-condition  =>  TRUE
[19:34:43.016]      // while "1"  (timeout="200")
[19:34:43.016]      // while-condition  =>  TRUE
[19:34:43.016]      // while "1"  (timeout="200")
[19:34:43.016]      // while-condition  =>  TRUE
[19:34:43.016]      // while "1"  (timeout="200")
[19:34:43.016]      // while-condition  =>  TRUE
[19:34:43.016]      // while "1"  (timeout="200")
[19:34:43.016]      // while-condition  =>  TRUE
[19:34:43.016]      // while "1"  (timeout="200")
[19:34:43.016]      // while-condition  =>  TRUE
[19:34:43.016]      // while "1"  (timeout="200")
[19:34:43.016]      // while-condition  =>  TRUE
[19:34:43.016]      // while "1"  (timeout="200")
[19:34:43.016]      // while-condition  =>  TRUE
[19:34:43.017]      // while "1"  (timeout="200")
[19:34:43.017]      // while-condition  =>  TRUE
[19:34:43.017]      // while "1"  (timeout="200")
[19:34:43.017]      // while-condition  =>  TRUE
[19:34:43.017]      // while "1"  (timeout="200")
[19:34:43.017]      // while-condition  =>  TRUE
[19:34:43.017]      // while "1"  (timeout="200")
[19:34:43.017]      // while-condition  =>  TRUE
[19:34:43.017]      // while "1"  (timeout="200")
[19:34:43.017]      // while-condition  =>  TRUE
[19:34:43.017]      // while "1"  (timeout="200")
[19:34:43.017]      // while-condition  =>  TRUE
[19:34:43.017]      // while "1"  (timeout="200")
[19:34:43.017]      // while-condition  =>  TRUE
[19:34:43.017]      // while "1"  (timeout="200")
[19:34:43.017]      // while-condition  =>  TRUE
[19:34:43.017]      // while "1"  (timeout="200")
[19:34:43.017]      // while-condition  =>  TRUE
[19:34:43.017]      // while "1"  (timeout="200")
[19:34:43.017]      // while-condition  =>  TRUE
[19:34:43.017]      // while "1"  (timeout="200")
[19:34:43.017]      // while-condition  =>  TRUE
[19:34:43.017]      // while "1"  (timeout="200")
[19:34:43.017]      // while-condition  =>  TRUE
[19:34:43.018]      // while "1"  (timeout="200")
[19:34:43.018]      // while-condition  =>  TRUE
[19:34:43.018]      // while "1"  (timeout="200")
[19:34:43.018]      // while-condition  =>  TRUE
[19:34:43.018]      // while "1"  (timeout="200")
[19:34:43.018]      // while-condition  =>  TRUE
[19:34:43.018]      // while "1"  (timeout="200")
[19:34:43.018]      // while-condition  =>  TRUE
[19:34:43.018]      // while "1"  (timeout="200")
[19:34:43.018]      // while-condition  =>  TRUE
[19:34:43.018]      // while "1"  (timeout="200")
[19:34:43.018]      // while-condition  =>  TRUE
[19:34:43.018]      // while "1"  (timeout="200")
[19:34:43.018]      // while-condition  =>  TRUE
[19:34:43.018]      // while "1"  (timeout="200")
[19:34:43.018]      // while-condition  =>  TRUE
[19:34:43.018]      // while "1"  (timeout="200")
[19:34:43.018]      // while-condition  =>  TRUE
[19:34:43.018]      // while "1"  (timeout="200")
[19:34:43.019]      // while-condition  =>  TRUE
[19:34:43.019]      // while "1"  (timeout="200")
[19:34:43.019]      // while  =>  TIMEOUT
[19:34:43.019]      // end while "1"
[19:34:43.019]    </control>
[19:34:43.019]    <control if="canReadPins" while="" timeout="0" info="">
[19:34:43.019]      // if-block "canReadPins"
[19:34:43.019]        // =>  TRUE
[19:34:43.019]      <control if="" while="(DAP_SWJ_Pins(nReset, nReset, 0) & nReset) == 0" timeout="1000000" info="">
[19:34:43.019]        // while "(DAP_SWJ_Pins(nReset, nReset, 0) & nReset) == 0"  (timeout="1000000")
[19:34:43.020]          // -> [DAP_SWJ_Pins(0x80, 0x80, 0) => 0x8F]   (Out: nRESET=1  =>  In: SWCLK/TCK=1, SWDIO/TMS=1, TDI=1, TDO=1, nTRST=0, nRESET=1)
[19:34:43.020]        // while-condition  =>  FALSE
[19:34:43.020]        // end while "(DAP_SWJ_Pins(nReset, nReset, 0) & nReset) == 0"
[19:34:43.020]      </control>
[19:34:43.020]      // end if-block "canReadPins"
[19:34:43.020]    </control>
[19:34:43.020]    <control if="!canReadPins" while="" timeout="0" info="">
[19:34:43.020]      // if-block "!canReadPins"
[19:34:43.020]        // =>  FALSE
[19:34:43.020]      // skip if-block "!canReadPins"
[19:34:43.020]    </control>
[19:34:43.020]    <control if="(ACCESS_POINT_VAL & 0x00E00000) == 0" while="" timeout="0" info="">
[19:34:43.020]      // if-block "(ACCESS_POINT_VAL & 0x00E00000) == 0"
[19:34:43.020]        // =>  TRUE
[19:34:43.020]      <block atomic="false" info="">
[19:34:43.020]        WriteAP(0x00, 0x190008);
[19:34:43.021]          // -> [WriteAP(0x00000000, 0x00190008)]   (__dp=0x00000000, __ap=0x00000004)
[19:34:43.021]        WriteAP(0xF0, 0x01);
[19:34:43.022]          // -> [WriteAP(0x000000F0, 0x00000001)]   (__dp=0x00000000, __ap=0x00000004)
[19:34:43.022]      </block>
[19:34:43.023]      // end if-block "(ACCESS_POINT_VAL & 0x00E00000) == 0"
[19:34:43.023]    </control>
[19:34:43.023]    <control if="(ACCESS_POINT_VAL & 0x00E00000) != 0" while="" timeout="0" info="">
[19:34:43.023]      // if-block "(ACCESS_POINT_VAL & 0x00E00000) != 0"
[19:34:43.023]        // =>  FALSE
[19:34:43.023]      // skip if-block "(ACCESS_POINT_VAL & 0x00E00000) != 0"
[19:34:43.023]    </control>
[19:34:43.023]    <block atomic="false" info="">
[19:34:43.023]      ACCESS_POINT_VAL = ReadAP(0x00);//Reading current state of access point
[19:34:43.024]        // -> [ReadAP(0x00000000) => 0x0079002F]   (__dp=0x00000000, __ap=0x00000004)
[19:34:43.024]        // -> [ACCESS_POINT_VAL <= 0x0079002F]
[19:34:43.024]      Message(0, "Current state of access point is: %x",ACCESS_POINT_VAL);
[19:34:43.025]      __ap = 0; //lets make sure we reset the access point selection
[19:34:43.026]        // -> [__ap <= 0x00000000]
[19:34:43.026]    </block>
[19:34:43.026]  </sequence>
[19:34:43.026]  
[19:34:43.034]  **********  Sequence "DebugDeviceUnlock"  (Context="Connect", Pname="", info="")
[19:34:43.034]  
[19:34:43.034]  <debugvars>
[19:34:43.035]    // Pre-defined
[19:34:43.035]    __protocol=0x00010002      (Protocol="SWD", SWJ-DP="True")
[19:34:43.035]    __connection=0x00000202    (Connection Type="Flash", Reset Type="System Reset")
[19:34:43.035]    __dp=0x00000000
[19:34:43.035]    __ap=0x00000000
[19:34:43.035]    __traceout=0x00000000      (Trace Disabled)
[19:34:43.035]    __errorcontrol=0x00000000  (Skip Errors="False")
[19:34:43.035]    __FlashAddr=0x00000000
[19:34:43.035]    __FlashLen=0x00000000
[19:34:43.036]    __FlashArg=0x00000000
[19:34:43.036]    __FlashOp=0x00000000
[19:34:43.036]    __Result=0x00000000
[19:34:43.036]  </debugvars>
[19:34:43.036]  
[19:34:43.036]  <sequence name="DebugDeviceUnlock" Pname="" disable="false" info="">
[19:34:43.036]    <block atomic="false" info="">
[19:34:43.036]      __var deviceID = 0;
[19:34:43.036]        // -> [deviceID <= 0x00000000]
[19:34:43.036]      __var version = 0;
[19:34:43.036]        // -> [version <= 0x00000000]
[19:34:43.036]      __var partNum = 0;
[19:34:43.036]        // -> [partNum <= 0x00000000]
[19:34:43.036]      __var manuf = 0;
[19:34:43.036]        // -> [manuf <= 0x00000000]
[19:34:43.036]      __var isMSPM0G1X0X_G3X0X = 0;
[19:34:43.036]        // -> [isMSPM0G1X0X_G3X0X <= 0x00000000]
[19:34:43.036]      __var isProduction = 0;
[19:34:43.036]        // -> [isProduction <= 0x00000000]
[19:34:43.036]      __var continueId = 0;
[19:34:43.036]        // -> [continueId <= 0x00000000]
[19:34:43.036]      deviceID =   Read32(0x41C40004);
[19:34:43.039]        // -> [Read32(0x41C40004) => 0x2BB8802F]   (__dp=0x00000000, __ap=0x00000000)
[19:34:43.039]        // -> [deviceID <= 0x2BB8802F]
[19:34:43.039]      version = deviceID >> 28;
[19:34:43.039]        // -> [version <= 0x00000002]
[19:34:43.039]      partNum = (deviceID & 0x0FFFF000) >> 12;
[19:34:43.039]        // -> [partNum <= 0x0000BB88]
[19:34:43.039]      manuf = (deviceID & 0x00000FFE) >> 1;
[19:34:43.039]        // -> [manuf <= 0x00000017]
[19:34:43.039]      isMSPM0G1X0X_G3X0X = (partNum == 0xBB88) && (manuf == 0x17);
[19:34:43.039]        // -> [isMSPM0G1X0X_G3X0X <= 0x00000001]
[19:34:43.039]      isProduction = (version > 0);
[19:34:43.039]        // -> [isProduction <= 0x00000001]
[19:34:43.039]    </block>
[19:34:43.039]    <control if="!isMSPM0G1X0X_G3X0X" while="" timeout="0" info="">
[19:34:43.039]      // if-block "!isMSPM0G1X0X_G3X0X"
[19:34:43.039]        // =>  FALSE
[19:34:43.039]      // skip if-block "!isMSPM0G1X0X_G3X0X"
[19:34:43.039]    </control>
[19:34:43.039]    <control if="continueId == 4" while="" timeout="0" info="">
[19:34:43.039]      // if-block "continueId == 4"
[19:34:43.039]        // =>  FALSE
[19:34:43.039]      // skip if-block "continueId == 4"
[19:34:43.039]    </control>
[19:34:43.039]    <control if="!isProduction" while="" timeout="0" info="">
[19:34:43.039]      // if-block "!isProduction"
[19:34:43.039]        // =>  FALSE
[19:34:43.039]      // skip if-block "!isProduction"
[19:34:43.039]    </control>
[19:34:43.039]  </sequence>
[19:34:43.039]  
[19:34:46.742]  **********  Sequence "DebugPortSetup"  (Context="Connect", Pname="", info="")
[19:34:46.742]  
[19:34:46.742]  <debugvars>
[19:34:46.742]    // Pre-defined
[19:34:46.742]    __protocol=0x00010002      (Protocol="SWD", SWJ-DP="True")
[19:34:46.742]    __connection=0x00000202    (Connection Type="Flash", Reset Type="System Reset")
[19:34:46.742]    __dp=0x00000000
[19:34:46.742]    __ap=0x00000000
[19:34:46.742]    __traceout=0x00000000      (Trace Disabled)
[19:34:46.742]    __errorcontrol=0x00000000  (Skip Errors="False")
[19:34:46.742]    __FlashAddr=0x00000000
[19:34:46.742]    __FlashLen=0x00000000
[19:34:46.742]    __FlashArg=0x00000000
[19:34:46.742]    __FlashOp=0x00000000
[19:34:46.742]    __Result=0x00000000
[19:34:46.742]  </debugvars>
[19:34:46.742]  
[19:34:46.742]  <sequence name="DebugPortSetup" Pname="" disable="false" info="">
[19:34:46.746]    <block atomic="false" info="">
[19:34:46.746]      __var isSWJ      = ((__protocol & 0x00010000) != 0);
[19:34:46.746]        // -> [isSWJ <= 0x00000001]
[19:34:46.746]      __var hasDormant = __protocol & 0x00020000;
[19:34:46.746]        // -> [hasDormant <= 0x00000000]
[19:34:46.746]      __var protType   = __protocol & 0x0000FFFF;
[19:34:46.746]        // -> [protType <= 0x00000002]
[19:34:46.746]    </block>
[19:34:46.746]    <control if="protType == 1" while="" timeout="0" info="">
[19:34:46.746]      // if-block "protType == 1"
[19:34:46.746]        // =>  FALSE
[19:34:46.746]      // skip if-block "protType == 1"
[19:34:46.746]    </control>
[19:34:46.746]    <control if="protType == 2" while="" timeout="0" info="">
[19:34:46.746]      // if-block "protType == 2"
[19:34:46.746]        // =>  TRUE
[19:34:46.746]      <control if="isSWJ" while="" timeout="0" info="">
[19:34:46.746]        // if-block "isSWJ"
[19:34:46.746]          // =>  TRUE
[19:34:46.746]        <control if="hasDormant" while="" timeout="0" info="">
[19:34:46.747]          // if-block "hasDormant"
[19:34:46.747]            // =>  FALSE
[19:34:46.747]          // skip if-block "hasDormant"
[19:34:46.747]        </control>
[19:34:46.747]        <control if="!hasDormant" while="" timeout="0" info="">
[19:34:46.747]          // if-block "!hasDormant"
[19:34:46.747]            // =>  TRUE
[19:34:46.747]          <block atomic="false" info="">
[19:34:46.747]            DAP_SWJ_Sequence(51, 0x0007FFFFFFFFFFFF); //lets put the JTAG line in a reset state
[19:34:46.749]              // -> [DAP_SWJ_Sequence(51, 0x0007FFFFFFFFFFFF)]
[19:34:46.749]            DAP_SWJ_Sequence(16,0xE73C); //SWD to JTAG, this is to ensure the state machine is initialized
[19:34:46.751]              // -> [DAP_SWJ_Sequence(16, 0x000000000000E73C)]
[19:34:46.751]            DAP_SWJ_Sequence(51, 0x0007FFFFFFFFFFFF); //Put it back in reset
[19:34:46.754]              // -> [DAP_SWJ_Sequence(51, 0x0007FFFFFFFFFFFF)]
[19:34:46.754]            DAP_SWJ_Sequence(16, 0xE79E); //JTAG to SWD switch
[19:34:46.756]              // -> [DAP_SWJ_Sequence(16, 0x000000000000E79E)]
[19:34:46.756]            DAP_SWJ_Sequence(51, 0x0007FFFFFFFFFFFF);  //Ensure the switch is successful 
[19:34:46.759]              // -> [DAP_SWJ_Sequence(51, 0x0007FFFFFFFFFFFF)]
[19:34:46.759]            DAP_SWJ_Sequence(7,  0x00); //Give the line some time to initialize
[19:34:46.760]              // -> [DAP_SWJ_Sequence(7, 0x0000000000000000)]
[19:34:46.760]          </block>
[19:34:46.760]          // end if-block "!hasDormant"
[19:34:46.761]        </control>
[19:34:46.761]        // end if-block "isSWJ"
[19:34:46.761]      </control>
[19:34:46.761]      <control if="!isSWJ" while="" timeout="0" info="">
[19:34:46.761]        // if-block "!isSWJ"
[19:34:46.761]          // =>  FALSE
[19:34:46.761]        // skip if-block "!isSWJ"
[19:34:46.761]      </control>
[19:34:46.761]      <block atomic="false" info="">
[19:34:46.761]        ReadDP(0x0);
[19:34:46.763]          // -> [ReadDP(0x00000000) => 0x6BA02477]   (__dp=0x00000000)
[19:34:46.764]      </block>
[19:34:46.764]      // end if-block "protType == 2"
[19:34:46.764]    </control>
[19:34:46.764]  </sequence>
[19:34:46.764]  
[19:34:46.769]  **********  Sequence "DebugPortStart"  (Context="Connect", Pname="", info="")
[19:34:46.769]  
[19:34:46.770]  <debugvars>
[19:34:46.770]    // Pre-defined
[19:34:46.770]    __protocol=0x00010002      (Protocol="SWD", SWJ-DP="True")
[19:34:46.770]    __connection=0x00000202    (Connection Type="Flash", Reset Type="System Reset")
[19:34:46.770]    __dp=0x00000000
[19:34:46.770]    __ap=0x00000000
[19:34:46.770]    __traceout=0x00000000      (Trace Disabled)
[19:34:46.770]    __errorcontrol=0x00000000  (Skip Errors="False")
[19:34:46.770]    __FlashAddr=0x00000000
[19:34:46.770]    __FlashLen=0x00000000
[19:34:46.770]    __FlashArg=0x00000000
[19:34:46.770]    __FlashOp=0x00000000
[19:34:46.770]    __Result=0x00000000
[19:34:46.770]  </debugvars>
[19:34:46.770]  
[19:34:46.770]  <sequence name="DebugPortStart" Pname="" disable="false" info="">
[19:34:46.770]    <block atomic="false" info="">
[19:34:46.770]      __var SW_DP_ABORT       = 0x0;
[19:34:46.770]        // -> [SW_DP_ABORT <= 0x00000000]
[19:34:46.770]      __var DP_CTRL_STAT      = 0x4;
[19:34:46.770]        // -> [DP_CTRL_STAT <= 0x00000004]
[19:34:46.770]      __var DP_SELECT         = 0x8;
[19:34:46.771]        // -> [DP_SELECT <= 0x00000008]
[19:34:46.771]      __var powered_down      = 0;
[19:34:46.771]        // -> [powered_down <= 0x00000000]
[19:34:46.771]      WriteDP(DP_SELECT, 0x00000000);
[19:34:46.771]        // -> [WriteDP(0x00000008, 0x00000000)]   (__dp=0x00000000)
[19:34:46.771]      powered_down = ((ReadDP(DP_CTRL_STAT) & 0xA0000000) != 0xA0000000);
[19:34:46.776]        // -> [ReadDP(0x00000004) => 0x00000040]   (__dp=0x00000000)
[19:34:46.776]        // -> [powered_down <= 0x00000001]
[19:34:46.776]    </block>
[19:34:46.776]    <control if="powered_down" while="" timeout="0" info="">
[19:34:46.776]      // if-block "powered_down"
[19:34:46.776]        // =>  TRUE
[19:34:46.776]      <block atomic="false" info="">
[19:34:46.776]        Message(0, "Debug/System power-up request sent");
[19:34:46.776]        WriteDP(DP_CTRL_STAT, 0x50000000);
[19:34:46.781]          // -> [WriteDP(0x00000004, 0x50000000)]   (__dp=0x00000000)
[19:34:46.781]      </block>
[19:34:46.781]      <control if="" while="(ReadDP(DP_CTRL_STAT) & 0xA0000000) != 0xA0000000" timeout="1000000" info="">
[19:34:46.781]        // while "(ReadDP(DP_CTRL_STAT) & 0xA0000000) != 0xA0000000"  (timeout="1000000")
[19:34:46.783]          // -> [ReadDP(0x00000004) => 0xF0000040]   (__dp=0x00000000)
[19:34:46.783]        // while-condition  =>  FALSE
[19:34:46.783]        // end while "(ReadDP(DP_CTRL_STAT) & 0xA0000000) != 0xA0000000"
[19:34:46.783]      </control>
[19:34:46.783]      <control if="(__protocol & 0xFFFF) == 1" while="" timeout="0" info="">
[19:34:46.783]        // if-block "(__protocol & 0xFFFF) == 1"
[19:34:46.783]          // =>  FALSE
[19:34:46.783]        // skip if-block "(__protocol & 0xFFFF) == 1"
[19:34:46.783]      </control>
[19:34:46.783]      <control if="(__protocol & 0xFFFF) == 2" while="" timeout="0" info="">
[19:34:46.783]        // if-block "(__protocol & 0xFFFF) == 2"
[19:34:46.783]          // =>  TRUE
[19:34:46.783]        <block atomic="false" info="">
[19:34:46.783]          Message(0, "executing SWD power up");
[19:34:46.784]          WriteDP(DP_CTRL_STAT, 0x50000F00);
[19:34:46.787]            // -> [WriteDP(0x00000004, 0x50000F00)]   (__dp=0x00000000)
[19:34:46.787]          WriteDP(SW_DP_ABORT, 0x0000001E);
[19:34:46.789]            // -> [WriteDP(0x00000000, 0x0000001E)]   (__dp=0x00000000)
[19:34:46.789]        </block>
[19:34:46.789]        // end if-block "(__protocol & 0xFFFF) == 2"
[19:34:46.789]      </control>
[19:34:46.789]      // end if-block "powered_down"
[19:34:46.789]    </control>
[19:34:46.789]    <block atomic="false" info="">
[19:34:46.789]      __var DEBUG_PORT_VAL    = 0;
[19:34:46.789]        // -> [DEBUG_PORT_VAL <= 0x00000000]
[19:34:46.789]      __var ACCESS_POINT_VAL  = 0;
[19:34:46.789]        // -> [ACCESS_POINT_VAL <= 0x00000000]
[19:34:46.789]      __ap = 1; 
[19:34:46.789]        // -> [__ap <= 0x00000001]
[19:34:46.789]      WriteAP(0x0C, 0x04); //lets use the mini pwr-ap as backup
[19:34:46.795]        // -> [WriteAP(0x0000000C, 0x00000004)]   (__dp=0x00000000, __ap=0x00000001)
[19:34:46.795]      __ap = 4;
[19:34:46.795]        // -> [__ap <= 0x00000004]
[19:34:46.795]      ACCESS_POINT_VAL = ReadAP(0x00);//Reading current state of access point
[19:34:46.799]        // -> [ReadAP(0x00000000) => 0x00080027]   (__dp=0x00000000, __ap=0x00000004)
[19:34:46.799]        // -> [ACCESS_POINT_VAL <= 0x00080027]
[19:34:46.799]      Message(0, "Current state of access point is: %x",ACCESS_POINT_VAL);
[19:34:46.800]    </block>
[19:34:46.800]    <block atomic="false" info="">
[19:34:46.800]      __var nReset = 0x80;
[19:34:46.800]        // -> [nReset <= 0x00000080]
[19:34:46.800]      __var canReadPins = 0;
[19:34:46.800]        // -> [canReadPins <= 0x00000000]
[19:34:46.800]      canReadPins = (DAP_SWJ_Pins(0x00, nReset, 0) != 0xFFFFFFFF);
[19:34:46.803]        // -> [DAP_SWJ_Pins(0x00, 0x80, 0) => 0x0F]   (Out: nRESET=0  =>  In: SWCLK/TCK=1, SWDIO/TMS=1, TDI=1, TDO=1, nTRST=0, nRESET=0)
[19:34:46.803]        // -> [canReadPins <= 0x00000001]
[19:34:46.803]    </block>
[19:34:46.803]    <control if="" while="1" timeout="200" info="">
[19:34:46.803]      // while "1"  (timeout="200")
[19:34:46.803]      // while-condition  =>  TRUE
[19:34:46.803]      // while "1"  (timeout="200")
[19:34:46.803]      // while-condition  =>  TRUE
[19:34:46.803]      // while "1"  (timeout="200")
[19:34:46.803]      // while-condition  =>  TRUE
[19:34:46.803]      // while "1"  (timeout="200")
[19:34:46.804]      // while-condition  =>  TRUE
[19:34:46.804]      // while "1"  (timeout="200")
[19:34:46.804]      // while-condition  =>  TRUE
[19:34:46.804]      // while "1"  (timeout="200")
[19:34:46.804]      // while-condition  =>  TRUE
[19:34:46.804]      // while "1"  (timeout="200")
[19:34:46.804]      // while-condition  =>  TRUE
[19:34:46.804]      // while "1"  (timeout="200")
[19:34:46.805]      // while-condition  =>  TRUE
[19:34:46.805]      // while "1"  (timeout="200")
[19:34:46.805]      // while-condition  =>  TRUE
[19:34:46.805]      // while "1"  (timeout="200")
[19:34:46.805]      // while-condition  =>  TRUE
[19:34:46.805]      // while "1"  (timeout="200")
[19:34:46.805]      // while-condition  =>  TRUE
[19:34:46.805]      // while "1"  (timeout="200")
[19:34:46.805]      // while-condition  =>  TRUE
[19:34:46.805]      // while "1"  (timeout="200")
[19:34:46.805]      // while-condition  =>  TRUE
[19:34:46.806]      // while "1"  (timeout="200")
[19:34:46.806]      // while-condition  =>  TRUE
[19:34:46.806]      // while "1"  (timeout="200")
[19:34:46.806]      // while-condition  =>  TRUE
[19:34:46.806]      // while "1"  (timeout="200")
[19:34:46.806]      // while-condition  =>  TRUE
[19:34:46.806]      // while "1"  (timeout="200")
[19:34:46.806]      // while-condition  =>  TRUE
[19:34:46.806]      // while "1"  (timeout="200")
[19:34:46.806]      // while-condition  =>  TRUE
[19:34:46.806]      // while "1"  (timeout="200")
[19:34:46.806]      // while-condition  =>  TRUE
[19:34:46.806]      // while "1"  (timeout="200")
[19:34:46.806]      // while-condition  =>  TRUE
[19:34:46.806]      // while "1"  (timeout="200")
[19:34:46.806]      // while-condition  =>  TRUE
[19:34:46.806]      // while "1"  (timeout="200")
[19:34:46.806]      // while-condition  =>  TRUE
[19:34:46.807]      // while "1"  (timeout="200")
[19:34:46.807]      // while-condition  =>  TRUE
[19:34:46.807]      // while "1"  (timeout="200")
[19:34:46.807]      // while-condition  =>  TRUE
[19:34:46.807]      // while "1"  (timeout="200")
[19:34:46.807]      // while-condition  =>  TRUE
[19:34:46.807]      // while "1"  (timeout="200")
[19:34:46.807]      // while-condition  =>  TRUE
[19:34:46.807]      // while "1"  (timeout="200")
[19:34:46.807]      // while-condition  =>  TRUE
[19:34:46.807]      // while "1"  (timeout="200")
[19:34:46.807]      // while-condition  =>  TRUE
[19:34:46.807]      // while "1"  (timeout="200")
[19:34:46.807]      // while-condition  =>  TRUE
[19:34:46.808]      // while "1"  (timeout="200")
[19:34:46.808]      // while-condition  =>  TRUE
[19:34:46.808]      // while "1"  (timeout="200")
[19:34:46.808]      // while-condition  =>  TRUE
[19:34:46.808]      // while "1"  (timeout="200")
[19:34:46.808]      // while-condition  =>  TRUE
[19:34:46.808]      // while "1"  (timeout="200")
[19:34:46.808]      // while-condition  =>  TRUE
[19:34:46.808]      // while "1"  (timeout="200")
[19:34:46.808]      // while-condition  =>  TRUE
[19:34:46.808]      // while "1"  (timeout="200")
[19:34:46.808]      // while-condition  =>  TRUE
[19:34:46.808]      // while "1"  (timeout="200")
[19:34:46.808]      // while-condition  =>  TRUE
[19:34:46.808]      // while "1"  (timeout="200")
[19:34:46.808]      // while-condition  =>  TRUE
[19:34:46.808]      // while "1"  (timeout="200")
[19:34:46.808]      // while-condition  =>  TRUE
[19:34:46.808]      // while "1"  (timeout="200")
[19:34:46.808]      // while-condition  =>  TRUE
[19:34:46.808]      // while "1"  (timeout="200")
[19:34:46.808]      // while-condition  =>  TRUE
[19:34:46.808]      // while "1"  (timeout="200")
[19:34:46.809]      // while-condition  =>  TRUE
[19:34:46.809]      // while "1"  (timeout="200")
[19:34:46.809]      // while-condition  =>  TRUE
[19:34:46.809]      // while "1"  (timeout="200")
[19:34:46.809]      // while-condition  =>  TRUE
[19:34:46.809]      // while "1"  (timeout="200")
[19:34:46.809]      // while-condition  =>  TRUE
[19:34:46.809]      // while "1"  (timeout="200")
[19:34:46.809]      // while-condition  =>  TRUE
[19:34:46.809]      // while "1"  (timeout="200")
[19:34:46.809]      // while-condition  =>  TRUE
[19:34:46.809]      // while "1"  (timeout="200")
[19:34:46.809]      // while-condition  =>  TRUE
[19:34:46.809]      // while "1"  (timeout="200")
[19:34:46.809]      // while-condition  =>  TRUE
[19:34:46.809]      // while "1"  (timeout="200")
[19:34:46.809]      // while-condition  =>  TRUE
[19:34:46.809]      // while "1"  (timeout="200")
[19:34:46.809]      // while-condition  =>  TRUE
[19:34:46.809]      // while "1"  (timeout="200")
[19:34:46.810]      // while-condition  =>  TRUE
[19:34:46.810]      // while "1"  (timeout="200")
[19:34:46.810]      // while-condition  =>  TRUE
[19:34:46.810]      // while "1"  (timeout="200")
[19:34:46.810]      // while-condition  =>  TRUE
[19:34:46.810]      // while "1"  (timeout="200")
[19:34:46.810]      // while-condition  =>  TRUE
[19:34:46.810]      // while "1"  (timeout="200")
[19:34:46.810]      // while-condition  =>  TRUE
[19:34:46.810]      // while "1"  (timeout="200")
[19:34:46.810]      // while-condition  =>  TRUE
[19:34:46.810]      // while "1"  (timeout="200")
[19:34:46.810]      // while-condition  =>  TRUE
[19:34:46.810]      // while "1"  (timeout="200")
[19:34:46.810]      // while-condition  =>  TRUE
[19:34:46.810]      // while "1"  (timeout="200")
[19:34:46.810]      // while-condition  =>  TRUE
[19:34:46.810]      // while "1"  (timeout="200")
[19:34:46.810]      // while-condition  =>  TRUE
[19:34:46.810]      // while "1"  (timeout="200")
[19:34:46.810]      // while-condition  =>  TRUE
[19:34:46.810]      // while "1"  (timeout="200")
[19:34:46.810]      // while-condition  =>  TRUE
[19:34:46.810]      // while "1"  (timeout="200")
[19:34:46.810]      // while-condition  =>  TRUE
[19:34:46.810]      // while "1"  (timeout="200")
[19:34:46.811]      // while-condition  =>  TRUE
[19:34:46.811]      // while "1"  (timeout="200")
[19:34:46.811]      // while-condition  =>  TRUE
[19:34:46.811]      // while "1"  (timeout="200")
[19:34:46.812]      // while-condition  =>  TRUE
[19:34:46.812]      // while "1"  (timeout="200")
[19:34:46.812]      // while-condition  =>  TRUE
[19:34:46.812]      // while "1"  (timeout="200")
[19:34:46.812]      // while-condition  =>  TRUE
[19:34:46.812]      // while "1"  (timeout="200")
[19:34:46.812]      // while-condition  =>  TRUE
[19:34:46.812]      // while "1"  (timeout="200")
[19:34:46.812]      // while-condition  =>  TRUE
[19:34:46.812]      // while "1"  (timeout="200")
[19:34:46.812]      // while-condition  =>  TRUE
[19:34:46.812]      // while "1"  (timeout="200")
[19:34:46.812]      // while-condition  =>  TRUE
[19:34:46.812]      // while "1"  (timeout="200")
[19:34:46.812]      // while-condition  =>  TRUE
[19:34:46.812]      // while "1"  (timeout="200")
[19:34:46.812]      // while-condition  =>  TRUE
[19:34:46.812]      // while "1"  (timeout="200")
[19:34:46.812]      // while-condition  =>  TRUE
[19:34:46.812]      // while "1"  (timeout="200")
[19:34:46.812]      // while-condition  =>  TRUE
[19:34:46.812]      // while "1"  (timeout="200")
[19:34:46.812]      // while-condition  =>  TRUE
[19:34:46.812]      // while "1"  (timeout="200")
[19:34:46.812]      // while-condition  =>  TRUE
[19:34:46.812]      // while "1"  (timeout="200")
[19:34:46.812]      // while-condition  =>  TRUE
[19:34:46.812]      // while "1"  (timeout="200")
[19:34:46.812]      // while-condition  =>  TRUE
[19:34:46.812]      // while "1"  (timeout="200")
[19:34:46.814]      // while-condition  =>  TRUE
[19:34:46.814]      // while "1"  (timeout="200")
[19:34:46.814]      // while-condition  =>  TRUE
[19:34:46.814]      // while "1"  (timeout="200")
[19:34:46.814]      // while-condition  =>  TRUE
[19:34:46.814]      // while "1"  (timeout="200")
[19:34:46.814]      // while-condition  =>  TRUE
[19:34:46.814]      // while "1"  (timeout="200")
[19:34:46.814]      // while-condition  =>  TRUE
[19:34:46.814]      // while "1"  (timeout="200")
[19:34:46.814]      // while-condition  =>  TRUE
[19:34:46.814]      // while "1"  (timeout="200")
[19:34:46.814]      // while-condition  =>  TRUE
[19:34:46.814]      // while "1"  (timeout="200")
[19:34:46.814]      // while-condition  =>  TRUE
[19:34:46.814]      // while "1"  (timeout="200")
[19:34:46.814]      // while-condition  =>  TRUE
[19:34:46.814]      // while "1"  (timeout="200")
[19:34:46.814]      // while-condition  =>  TRUE
[19:34:46.814]      // while "1"  (timeout="200")
[19:34:46.814]      // while-condition  =>  TRUE
[19:34:46.814]      // while "1"  (timeout="200")
[19:34:46.814]      // while-condition  =>  TRUE
[19:34:46.814]      // while "1"  (timeout="200")
[19:34:46.814]      // while-condition  =>  TRUE
[19:34:46.815]      // while "1"  (timeout="200")
[19:34:46.815]      // while-condition  =>  TRUE
[19:34:46.815]      // while "1"  (timeout="200")
[19:34:46.815]      // while-condition  =>  TRUE
[19:34:46.815]      // while "1"  (timeout="200")
[19:34:46.815]      // while-condition  =>  TRUE
[19:34:46.815]      // while "1"  (timeout="200")
[19:34:46.815]      // while-condition  =>  TRUE
[19:34:46.815]      // while "1"  (timeout="200")
[19:34:46.815]      // while-condition  =>  TRUE
[19:34:46.815]      // while "1"  (timeout="200")
[19:34:46.815]      // while-condition  =>  TRUE
[19:34:46.815]      // while "1"  (timeout="200")
[19:34:46.815]      // while-condition  =>  TRUE
[19:34:46.815]      // while "1"  (timeout="200")
[19:34:46.815]      // while-condition  =>  TRUE
[19:34:46.815]      // while "1"  (timeout="200")
[19:34:46.815]      // while-condition  =>  TRUE
[19:34:46.815]      // while "1"  (timeout="200")
[19:34:46.815]      // while-condition  =>  TRUE
[19:34:46.815]      // while "1"  (timeout="200")
[19:34:46.815]      // while-condition  =>  TRUE
[19:34:46.815]      // while "1"  (timeout="200")
[19:34:46.815]      // while-condition  =>  TRUE
[19:34:46.815]      // while "1"  (timeout="200")
[19:34:46.816]      // while-condition  =>  TRUE
[19:34:46.816]      // while "1"  (timeout="200")
[19:34:46.816]      // while  =>  TIMEOUT
[19:34:46.816]      // end while "1"
[19:34:46.816]    </control>
[19:34:46.816]    <control if="canReadPins" while="" timeout="0" info="">
[19:34:46.816]      // if-block "canReadPins"
[19:34:46.816]        // =>  TRUE
[19:34:46.816]      <control if="" while="(DAP_SWJ_Pins(nReset, nReset, 0) & nReset) == 0" timeout="1000000" info="">
[19:34:46.816]        // while "(DAP_SWJ_Pins(nReset, nReset, 0) & nReset) == 0"  (timeout="1000000")
[19:34:46.818]          // -> [DAP_SWJ_Pins(0x80, 0x80, 0) => 0x8F]   (Out: nRESET=1  =>  In: SWCLK/TCK=1, SWDIO/TMS=1, TDI=1, TDO=1, nTRST=0, nRESET=1)
[19:34:46.818]        // while-condition  =>  FALSE
[19:34:46.818]        // end while "(DAP_SWJ_Pins(nReset, nReset, 0) & nReset) == 0"
[19:34:46.818]      </control>
[19:34:46.818]      // end if-block "canReadPins"
[19:34:46.818]    </control>
[19:34:46.818]    <control if="!canReadPins" while="" timeout="0" info="">
[19:34:46.818]      // if-block "!canReadPins"
[19:34:46.818]        // =>  FALSE
[19:34:46.818]      // skip if-block "!canReadPins"
[19:34:46.818]    </control>
[19:34:46.818]    <control if="(ACCESS_POINT_VAL & 0x00E00000) == 0" while="" timeout="0" info="">
[19:34:46.818]      // if-block "(ACCESS_POINT_VAL & 0x00E00000) == 0"
[19:34:46.818]        // =>  TRUE
[19:34:46.818]      <block atomic="false" info="">
[19:34:46.818]        WriteAP(0x00, 0x190008);
[19:34:46.821]          // -> [WriteAP(0x00000000, 0x00190008)]   (__dp=0x00000000, __ap=0x00000004)
[19:34:46.821]        WriteAP(0xF0, 0x01);
[19:34:46.825]          // -> [WriteAP(0x000000F0, 0x00000001)]   (__dp=0x00000000, __ap=0x00000004)
[19:34:46.825]      </block>
[19:34:46.825]      // end if-block "(ACCESS_POINT_VAL & 0x00E00000) == 0"
[19:34:46.825]    </control>
[19:34:46.825]    <control if="(ACCESS_POINT_VAL & 0x00E00000) != 0" while="" timeout="0" info="">
[19:34:46.825]      // if-block "(ACCESS_POINT_VAL & 0x00E00000) != 0"
[19:34:46.825]        // =>  FALSE
[19:34:46.825]      // skip if-block "(ACCESS_POINT_VAL & 0x00E00000) != 0"
[19:34:46.825]    </control>
[19:34:46.825]    <block atomic="false" info="">
[19:34:46.825]      ACCESS_POINT_VAL = ReadAP(0x00);//Reading current state of access point
[19:34:46.828]        // -> [ReadAP(0x00000000) => 0x0079002F]   (__dp=0x00000000, __ap=0x00000004)
[19:34:46.828]        // -> [ACCESS_POINT_VAL <= 0x0079002F]
[19:34:46.828]      Message(0, "Current state of access point is: %x",ACCESS_POINT_VAL);
[19:34:46.830]      __ap = 0; //lets make sure we reset the access point selection
[19:34:46.830]        // -> [__ap <= 0x00000000]
[19:34:46.830]    </block>
[19:34:46.830]  </sequence>
[19:34:46.830]  
[19:34:46.852]  **********  Sequence "DebugDeviceUnlock"  (Context="Connect", Pname="", info="")
[19:34:46.852]  
[19:34:46.853]  <debugvars>
[19:34:46.853]    // Pre-defined
[19:34:46.853]    __protocol=0x00010002      (Protocol="SWD", SWJ-DP="True")
[19:34:46.853]    __connection=0x00000202    (Connection Type="Flash", Reset Type="System Reset")
[19:34:46.853]    __dp=0x00000000
[19:34:46.853]    __ap=0x00000000
[19:34:46.853]    __traceout=0x00000000      (Trace Disabled)
[19:34:46.853]    __errorcontrol=0x00000000  (Skip Errors="False")
[19:34:46.853]    __FlashAddr=0x00000000
[19:34:46.853]    __FlashLen=0x00000000
[19:34:46.853]    __FlashArg=0x00000000
[19:34:46.853]    __FlashOp=0x00000000
[19:34:46.853]    __Result=0x00000000
[19:34:46.853]  </debugvars>
[19:34:46.853]  
[19:34:46.853]  <sequence name="DebugDeviceUnlock" Pname="" disable="false" info="">
[19:34:46.853]    <block atomic="false" info="">
[19:34:46.853]      __var deviceID = 0;
[19:34:46.853]        // -> [deviceID <= 0x00000000]
[19:34:46.854]      __var version = 0;
[19:34:46.854]        // -> [version <= 0x00000000]
[19:34:46.854]      __var partNum = 0;
[19:34:46.854]        // -> [partNum <= 0x00000000]
[19:34:46.854]      __var manuf = 0;
[19:34:46.854]        // -> [manuf <= 0x00000000]
[19:34:46.854]      __var isMSPM0G1X0X_G3X0X = 0;
[19:34:46.854]        // -> [isMSPM0G1X0X_G3X0X <= 0x00000000]
[19:34:46.854]      __var isProduction = 0;
[19:34:46.854]        // -> [isProduction <= 0x00000000]
[19:34:46.854]      __var continueId = 0;
[19:34:46.854]        // -> [continueId <= 0x00000000]
[19:34:46.854]      deviceID =   Read32(0x41C40004);
[19:34:46.861]        // -> [Read32(0x41C40004) => 0x2BB8802F]   (__dp=0x00000000, __ap=0x00000000)
[19:34:46.861]        // -> [deviceID <= 0x2BB8802F]
[19:34:46.861]      version = deviceID >> 28;
[19:34:46.861]        // -> [version <= 0x00000002]
[19:34:46.861]      partNum = (deviceID & 0x0FFFF000) >> 12;
[19:34:46.861]        // -> [partNum <= 0x0000BB88]
[19:34:46.861]      manuf = (deviceID & 0x00000FFE) >> 1;
[19:34:46.861]        // -> [manuf <= 0x00000017]
[19:34:46.861]      isMSPM0G1X0X_G3X0X = (partNum == 0xBB88) && (manuf == 0x17);
[19:34:46.861]        // -> [isMSPM0G1X0X_G3X0X <= 0x00000001]
[19:34:46.861]      isProduction = (version > 0);
[19:34:46.861]        // -> [isProduction <= 0x00000001]
[19:34:46.861]    </block>
[19:34:46.861]    <control if="!isMSPM0G1X0X_G3X0X" while="" timeout="0" info="">
[19:34:46.861]      // if-block "!isMSPM0G1X0X_G3X0X"
[19:34:46.861]        // =>  FALSE
[19:34:46.861]      // skip if-block "!isMSPM0G1X0X_G3X0X"
[19:34:46.861]    </control>
[19:34:46.861]    <control if="continueId == 4" while="" timeout="0" info="">
[19:34:46.861]      // if-block "continueId == 4"
[19:34:46.861]        // =>  FALSE
[19:34:46.861]      // skip if-block "continueId == 4"
[19:34:46.862]    </control>
[19:34:46.862]    <control if="!isProduction" while="" timeout="0" info="">
[19:34:46.862]      // if-block "!isProduction"
[19:34:46.862]        // =>  FALSE
[19:34:46.862]      // skip if-block "!isProduction"
[19:34:46.862]    </control>
[19:34:46.862]  </sequence>
[19:34:46.862]  
[19:35:12.632]  **********  Sequence "DebugPortSetup"  (Context="Connect", Pname="", info="")
[19:35:12.632]  
[19:35:12.632]  <debugvars>
[19:35:12.632]    // Pre-defined
[19:35:12.632]    __protocol=0x00010002      (Protocol="SWD", SWJ-DP="True")
[19:35:12.632]    __connection=0x00000202    (Connection Type="Flash", Reset Type="System Reset")
[19:35:12.632]    __dp=0x00000000
[19:35:12.632]    __ap=0x00000000
[19:35:12.632]    __traceout=0x00000000      (Trace Disabled)
[19:35:12.632]    __errorcontrol=0x00000000  (Skip Errors="False")
[19:35:12.632]    __FlashAddr=0x00000000
[19:35:12.632]    __FlashLen=0x00000000
[19:35:12.632]    __FlashArg=0x00000000
[19:35:12.632]    __FlashOp=0x00000000
[19:35:12.632]    __Result=0x00000000
[19:35:12.632]  </debugvars>
[19:35:12.632]  
[19:35:12.633]  <sequence name="DebugPortSetup" Pname="" disable="false" info="">
[19:35:12.633]    <block atomic="false" info="">
[19:35:12.633]      __var isSWJ      = ((__protocol & 0x00010000) != 0);
[19:35:12.633]        // -> [isSWJ <= 0x00000001]
[19:35:12.633]      __var hasDormant = __protocol & 0x00020000;
[19:35:12.633]        // -> [hasDormant <= 0x00000000]
[19:35:12.633]      __var protType   = __protocol & 0x0000FFFF;
[19:35:12.633]        // -> [protType <= 0x00000002]
[19:35:12.633]    </block>
[19:35:12.633]    <control if="protType == 1" while="" timeout="0" info="">
[19:35:12.633]      // if-block "protType == 1"
[19:35:12.633]        // =>  FALSE
[19:35:12.633]      // skip if-block "protType == 1"
[19:35:12.633]    </control>
[19:35:12.633]    <control if="protType == 2" while="" timeout="0" info="">
[19:35:12.633]      // if-block "protType == 2"
[19:35:12.633]        // =>  TRUE
[19:35:12.633]      <control if="isSWJ" while="" timeout="0" info="">
[19:35:12.633]        // if-block "isSWJ"
[19:35:12.633]          // =>  TRUE
[19:35:12.633]        <control if="hasDormant" while="" timeout="0" info="">
[19:35:12.633]          // if-block "hasDormant"
[19:35:12.634]            // =>  FALSE
[19:35:12.634]          // skip if-block "hasDormant"
[19:35:12.634]        </control>
[19:35:12.634]        <control if="!hasDormant" while="" timeout="0" info="">
[19:35:12.634]          // if-block "!hasDormant"
[19:35:12.634]            // =>  TRUE
[19:35:12.634]          <block atomic="false" info="">
[19:35:12.634]            DAP_SWJ_Sequence(51, 0x0007FFFFFFFFFFFF); //lets put the JTAG line in a reset state
[19:35:12.636]              // -> [DAP_SWJ_Sequence(51, 0x0007FFFFFFFFFFFF)]
[19:35:12.636]            DAP_SWJ_Sequence(16,0xE73C); //SWD to JTAG, this is to ensure the state machine is initialized
[19:35:12.638]              // -> [DAP_SWJ_Sequence(16, 0x000000000000E73C)]
[19:35:12.638]            DAP_SWJ_Sequence(51, 0x0007FFFFFFFFFFFF); //Put it back in reset
[19:35:12.640]              // -> [DAP_SWJ_Sequence(51, 0x0007FFFFFFFFFFFF)]
[19:35:12.640]            DAP_SWJ_Sequence(16, 0xE79E); //JTAG to SWD switch
[19:35:12.642]              // -> [DAP_SWJ_Sequence(16, 0x000000000000E79E)]
[19:35:12.642]            DAP_SWJ_Sequence(51, 0x0007FFFFFFFFFFFF);  //Ensure the switch is successful 
[19:35:12.644]              // -> [DAP_SWJ_Sequence(51, 0x0007FFFFFFFFFFFF)]
[19:35:12.644]            DAP_SWJ_Sequence(7,  0x00); //Give the line some time to initialize
[19:35:12.646]              // -> [DAP_SWJ_Sequence(7, 0x0000000000000000)]
[19:35:12.646]          </block>
[19:35:12.646]          // end if-block "!hasDormant"
[19:35:12.646]        </control>
[19:35:12.646]        // end if-block "isSWJ"
[19:35:12.646]      </control>
[19:35:12.646]      <control if="!isSWJ" while="" timeout="0" info="">
[19:35:12.646]        // if-block "!isSWJ"
[19:35:12.646]          // =>  FALSE
[19:35:12.646]        // skip if-block "!isSWJ"
[19:35:12.646]      </control>
[19:35:12.646]      <block atomic="false" info="">
[19:35:12.646]        ReadDP(0x0);
[19:35:12.649]          // -> [ReadDP(0x00000000) => 0x6BA02477]   (__dp=0x00000000)
[19:35:12.649]      </block>
[19:35:12.649]      // end if-block "protType == 2"
[19:35:12.649]    </control>
[19:35:12.649]  </sequence>
[19:35:12.649]  
[19:35:12.652]  **********  Sequence "DebugPortStart"  (Context="Connect", Pname="", info="")
[19:35:12.652]  
[19:35:12.653]  <debugvars>
[19:35:12.654]    // Pre-defined
[19:35:12.654]    __protocol=0x00010002      (Protocol="SWD", SWJ-DP="True")
[19:35:12.654]    __connection=0x00000202    (Connection Type="Flash", Reset Type="System Reset")
[19:35:12.654]    __dp=0x00000000
[19:35:12.654]    __ap=0x00000000
[19:35:12.654]    __traceout=0x00000000      (Trace Disabled)
[19:35:12.654]    __errorcontrol=0x00000000  (Skip Errors="False")
[19:35:12.654]    __FlashAddr=0x00000000
[19:35:12.654]    __FlashLen=0x00000000
[19:35:12.654]    __FlashArg=0x00000000
[19:35:12.654]    __FlashOp=0x00000000
[19:35:12.654]    __Result=0x00000000
[19:35:12.654]  </debugvars>
[19:35:12.654]  
[19:35:12.654]  <sequence name="DebugPortStart" Pname="" disable="false" info="">
[19:35:12.654]    <block atomic="false" info="">
[19:35:12.654]      __var SW_DP_ABORT       = 0x0;
[19:35:12.654]        // -> [SW_DP_ABORT <= 0x00000000]
[19:35:12.654]      __var DP_CTRL_STAT      = 0x4;
[19:35:12.654]        // -> [DP_CTRL_STAT <= 0x00000004]
[19:35:12.654]      __var DP_SELECT         = 0x8;
[19:35:12.654]        // -> [DP_SELECT <= 0x00000008]
[19:35:12.654]      __var powered_down      = 0;
[19:35:12.654]        // -> [powered_down <= 0x00000000]
[19:35:12.654]      WriteDP(DP_SELECT, 0x00000000);
[19:35:12.654]        // -> [WriteDP(0x00000008, 0x00000000)]   (__dp=0x00000000)
[19:35:12.654]      powered_down = ((ReadDP(DP_CTRL_STAT) & 0xA0000000) != 0xA0000000);
[19:35:12.658]        // -> [ReadDP(0x00000004) => 0x00000040]   (__dp=0x00000000)
[19:35:12.658]        // -> [powered_down <= 0x00000001]
[19:35:12.658]    </block>
[19:35:12.658]    <control if="powered_down" while="" timeout="0" info="">
[19:35:12.658]      // if-block "powered_down"
[19:35:12.658]        // =>  TRUE
[19:35:12.658]      <block atomic="false" info="">
[19:35:12.658]        Message(0, "Debug/System power-up request sent");
[19:35:12.658]        WriteDP(DP_CTRL_STAT, 0x50000000);
[19:35:12.663]          // -> [WriteDP(0x00000004, 0x50000000)]   (__dp=0x00000000)
[19:35:12.663]      </block>
[19:35:12.663]      <control if="" while="(ReadDP(DP_CTRL_STAT) & 0xA0000000) != 0xA0000000" timeout="1000000" info="">
[19:35:12.663]        // while "(ReadDP(DP_CTRL_STAT) & 0xA0000000) != 0xA0000000"  (timeout="1000000")
[19:35:12.665]          // -> [ReadDP(0x00000004) => 0xF0000040]   (__dp=0x00000000)
[19:35:12.665]        // while-condition  =>  FALSE
[19:35:12.665]        // end while "(ReadDP(DP_CTRL_STAT) & 0xA0000000) != 0xA0000000"
[19:35:12.665]      </control>
[19:35:12.665]      <control if="(__protocol & 0xFFFF) == 1" while="" timeout="0" info="">
[19:35:12.665]        // if-block "(__protocol & 0xFFFF) == 1"
[19:35:12.665]          // =>  FALSE
[19:35:12.666]        // skip if-block "(__protocol & 0xFFFF) == 1"
[19:35:12.666]      </control>
[19:35:12.666]      <control if="(__protocol & 0xFFFF) == 2" while="" timeout="0" info="">
[19:35:12.666]        // if-block "(__protocol & 0xFFFF) == 2"
[19:35:12.666]          // =>  TRUE
[19:35:12.666]        <block atomic="false" info="">
[19:35:12.666]          Message(0, "executing SWD power up");
[19:35:12.666]          WriteDP(DP_CTRL_STAT, 0x50000F00);
[19:35:12.669]            // -> [WriteDP(0x00000004, 0x50000F00)]   (__dp=0x00000000)
[19:35:12.669]          WriteDP(SW_DP_ABORT, 0x0000001E);
[19:35:12.671]            // -> [WriteDP(0x00000000, 0x0000001E)]   (__dp=0x00000000)
[19:35:12.671]        </block>
[19:35:12.671]        // end if-block "(__protocol & 0xFFFF) == 2"
[19:35:12.671]      </control>
[19:35:12.671]      // end if-block "powered_down"
[19:35:12.671]    </control>
[19:35:12.671]    <block atomic="false" info="">
[19:35:12.671]      __var DEBUG_PORT_VAL    = 0;
[19:35:12.671]        // -> [DEBUG_PORT_VAL <= 0x00000000]
[19:35:12.671]      __var ACCESS_POINT_VAL  = 0;
[19:35:12.671]        // -> [ACCESS_POINT_VAL <= 0x00000000]
[19:35:12.671]      __ap = 1; 
[19:35:12.671]        // -> [__ap <= 0x00000001]
[19:35:12.671]      WriteAP(0x0C, 0x04); //lets use the mini pwr-ap as backup
[19:35:12.676]        // -> [WriteAP(0x0000000C, 0x00000004)]   (__dp=0x00000000, __ap=0x00000001)
[19:35:12.676]      __ap = 4;
[19:35:12.676]        // -> [__ap <= 0x00000004]
[19:35:12.676]      ACCESS_POINT_VAL = ReadAP(0x00);//Reading current state of access point
[19:35:12.680]        // -> [ReadAP(0x00000000) => 0x00080027]   (__dp=0x00000000, __ap=0x00000004)
[19:35:12.680]        // -> [ACCESS_POINT_VAL <= 0x00080027]
[19:35:12.680]      Message(0, "Current state of access point is: %x",ACCESS_POINT_VAL);
[19:35:12.681]    </block>
[19:35:12.681]    <block atomic="false" info="">
[19:35:12.681]      __var nReset = 0x80;
[19:35:12.681]        // -> [nReset <= 0x00000080]
[19:35:12.681]      __var canReadPins = 0;
[19:35:12.681]        // -> [canReadPins <= 0x00000000]
[19:35:12.681]      canReadPins = (DAP_SWJ_Pins(0x00, nReset, 0) != 0xFFFFFFFF);
[19:35:12.683]        // -> [DAP_SWJ_Pins(0x00, 0x80, 0) => 0x0F]   (Out: nRESET=0  =>  In: SWCLK/TCK=1, SWDIO/TMS=1, TDI=1, TDO=1, nTRST=0, nRESET=0)
[19:35:12.683]        // -> [canReadPins <= 0x00000001]
[19:35:12.683]    </block>
[19:35:12.683]    <control if="" while="1" timeout="200" info="">
[19:35:12.683]      // while "1"  (timeout="200")
[19:35:12.683]      // while-condition  =>  TRUE
[19:35:12.683]      // while "1"  (timeout="200")
[19:35:12.683]      // while-condition  =>  TRUE
[19:35:12.683]      // while "1"  (timeout="200")
[19:35:12.683]      // while-condition  =>  TRUE
[19:35:12.683]      // while "1"  (timeout="200")
[19:35:12.683]      // while-condition  =>  TRUE
[19:35:12.683]      // while "1"  (timeout="200")
[19:35:12.683]      // while-condition  =>  TRUE
[19:35:12.683]      // while "1"  (timeout="200")
[19:35:12.683]      // while-condition  =>  TRUE
[19:35:12.683]      // while "1"  (timeout="200")
[19:35:12.683]      // while-condition  =>  TRUE
[19:35:12.683]      // while "1"  (timeout="200")
[19:35:12.683]      // while-condition  =>  TRUE
[19:35:12.683]      // while "1"  (timeout="200")
[19:35:12.683]      // while-condition  =>  TRUE
[19:35:12.683]      // while "1"  (timeout="200")
[19:35:12.683]      // while-condition  =>  TRUE
[19:35:12.683]      // while "1"  (timeout="200")
[19:35:12.683]      // while-condition  =>  TRUE
[19:35:12.683]      // while "1"  (timeout="200")
[19:35:12.683]      // while-condition  =>  TRUE
[19:35:12.684]      // while "1"  (timeout="200")
[19:35:12.684]      // while-condition  =>  TRUE
[19:35:12.684]      // while "1"  (timeout="200")
[19:35:12.684]      // while-condition  =>  TRUE
[19:35:12.684]      // while "1"  (timeout="200")
[19:35:12.684]      // while-condition  =>  TRUE
[19:35:12.684]      // while "1"  (timeout="200")
[19:35:12.684]      // while-condition  =>  TRUE
[19:35:12.684]      // while "1"  (timeout="200")
[19:35:12.684]      // while-condition  =>  TRUE
[19:35:12.684]      // while "1"  (timeout="200")
[19:35:12.684]      // while-condition  =>  TRUE
[19:35:12.685]      // while "1"  (timeout="200")
[19:35:12.685]      // while-condition  =>  TRUE
[19:35:12.685]      // while "1"  (timeout="200")
[19:35:12.685]      // while-condition  =>  TRUE
[19:35:12.685]      // while "1"  (timeout="200")
[19:35:12.685]      // while-condition  =>  TRUE
[19:35:12.685]      // while "1"  (timeout="200")
[19:35:12.685]      // while-condition  =>  TRUE
[19:35:12.685]      // while "1"  (timeout="200")
[19:35:12.685]      // while-condition  =>  TRUE
[19:35:12.685]      // while "1"  (timeout="200")
[19:35:12.685]      // while-condition  =>  TRUE
[19:35:12.685]      // while "1"  (timeout="200")
[19:35:12.685]      // while-condition  =>  TRUE
[19:35:12.685]      // while "1"  (timeout="200")
[19:35:12.685]      // while-condition  =>  TRUE
[19:35:12.685]      // while "1"  (timeout="200")
[19:35:12.685]      // while-condition  =>  TRUE
[19:35:12.685]      // while "1"  (timeout="200")
[19:35:12.685]      // while-condition  =>  TRUE
[19:35:12.685]      // while "1"  (timeout="200")
[19:35:12.686]      // while-condition  =>  TRUE
[19:35:12.686]      // while "1"  (timeout="200")
[19:35:12.686]      // while-condition  =>  TRUE
[19:35:12.686]      // while "1"  (timeout="200")
[19:35:12.686]      // while-condition  =>  TRUE
[19:35:12.686]      // while "1"  (timeout="200")
[19:35:12.686]      // while-condition  =>  TRUE
[19:35:12.688]      // while "1"  (timeout="200")
[19:35:12.688]      // while-condition  =>  TRUE
[19:35:12.688]      // while "1"  (timeout="200")
[19:35:12.688]      // while-condition  =>  TRUE
[19:35:12.688]      // while "1"  (timeout="200")
[19:35:12.688]      // while-condition  =>  TRUE
[19:35:12.688]      // while "1"  (timeout="200")
[19:35:12.688]      // while-condition  =>  TRUE
[19:35:12.688]      // while "1"  (timeout="200")
[19:35:12.688]      // while-condition  =>  TRUE
[19:35:12.688]      // while "1"  (timeout="200")
[19:35:12.688]      // while-condition  =>  TRUE
[19:35:12.688]      // while "1"  (timeout="200")
[19:35:12.688]      // while-condition  =>  TRUE
[19:35:12.688]      // while "1"  (timeout="200")
[19:35:12.688]      // while-condition  =>  TRUE
[19:35:12.689]      // while "1"  (timeout="200")
[19:35:12.689]      // while-condition  =>  TRUE
[19:35:12.689]      // while "1"  (timeout="200")
[19:35:12.689]      // while-condition  =>  TRUE
[19:35:12.689]      // while "1"  (timeout="200")
[19:35:12.689]      // while-condition  =>  TRUE
[19:35:12.689]      // while "1"  (timeout="200")
[19:35:12.689]      // while-condition  =>  TRUE
[19:35:12.689]      // while "1"  (timeout="200")
[19:35:12.689]      // while-condition  =>  TRUE
[19:35:12.689]      // while "1"  (timeout="200")
[19:35:12.689]      // while-condition  =>  TRUE
[19:35:12.689]      // while "1"  (timeout="200")
[19:35:12.689]      // while-condition  =>  TRUE
[19:35:12.689]      // while "1"  (timeout="200")
[19:35:12.689]      // while-condition  =>  TRUE
[19:35:12.689]      // while "1"  (timeout="200")
[19:35:12.689]      // while-condition  =>  TRUE
[19:35:12.689]      // while "1"  (timeout="200")
[19:35:12.689]      // while-condition  =>  TRUE
[19:35:12.689]      // while "1"  (timeout="200")
[19:35:12.690]      // while-condition  =>  TRUE
[19:35:12.690]      // while "1"  (timeout="200")
[19:35:12.690]      // while-condition  =>  TRUE
[19:35:12.690]      // while "1"  (timeout="200")
[19:35:12.690]      // while-condition  =>  TRUE
[19:35:12.690]      // while "1"  (timeout="200")
[19:35:12.690]      // while-condition  =>  TRUE
[19:35:12.690]      // while "1"  (timeout="200")
[19:35:12.690]      // while-condition  =>  TRUE
[19:35:12.690]      // while "1"  (timeout="200")
[19:35:12.690]      // while-condition  =>  TRUE
[19:35:12.690]      // while "1"  (timeout="200")
[19:35:12.690]      // while-condition  =>  TRUE
[19:35:12.690]      // while "1"  (timeout="200")
[19:35:12.690]      // while-condition  =>  TRUE
[19:35:12.690]      // while "1"  (timeout="200")
[19:35:12.690]      // while-condition  =>  TRUE
[19:35:12.691]      // while "1"  (timeout="200")
[19:35:12.691]      // while  =>  TIMEOUT
[19:35:12.691]      // end while "1"
[19:35:12.691]    </control>
[19:35:12.691]    <control if="canReadPins" while="" timeout="0" info="">
[19:35:12.691]      // if-block "canReadPins"
[19:35:12.691]        // =>  TRUE
[19:35:12.691]      <control if="" while="(DAP_SWJ_Pins(nReset, nReset, 0) & nReset) == 0" timeout="1000000" info="">
[19:35:12.691]        // while "(DAP_SWJ_Pins(nReset, nReset, 0) & nReset) == 0"  (timeout="1000000")
[19:35:12.693]          // -> [DAP_SWJ_Pins(0x80, 0x80, 0) => 0x8F]   (Out: nRESET=1  =>  In: SWCLK/TCK=1, SWDIO/TMS=1, TDI=1, TDO=1, nTRST=0, nRESET=1)
[19:35:12.693]        // while-condition  =>  FALSE
[19:35:12.693]        // end while "(DAP_SWJ_Pins(nReset, nReset, 0) & nReset) == 0"
[19:35:12.693]      </control>
[19:35:12.693]      // end if-block "canReadPins"
[19:35:12.693]    </control>
[19:35:12.693]    <control if="!canReadPins" while="" timeout="0" info="">
[19:35:12.693]      // if-block "!canReadPins"
[19:35:12.693]        // =>  FALSE
[19:35:12.693]      // skip if-block "!canReadPins"
[19:35:12.694]    </control>
[19:35:12.694]    <control if="(ACCESS_POINT_VAL & 0x00E00000) == 0" while="" timeout="0" info="">
[19:35:12.694]      // if-block "(ACCESS_POINT_VAL & 0x00E00000) == 0"
[19:35:12.694]        // =>  TRUE
[19:35:12.694]      <block atomic="false" info="">
[19:35:12.694]        WriteAP(0x00, 0x190008);
[19:35:12.696]          // -> [WriteAP(0x00000000, 0x00190008)]   (__dp=0x00000000, __ap=0x00000004)
[19:35:12.696]        WriteAP(0xF0, 0x01);
[19:35:12.700]          // -> [WriteAP(0x000000F0, 0x00000001)]   (__dp=0x00000000, __ap=0x00000004)
[19:35:12.700]      </block>
[19:35:12.700]      // end if-block "(ACCESS_POINT_VAL & 0x00E00000) == 0"
[19:35:12.700]    </control>
[19:35:12.700]    <control if="(ACCESS_POINT_VAL & 0x00E00000) != 0" while="" timeout="0" info="">
[19:35:12.700]      // if-block "(ACCESS_POINT_VAL & 0x00E00000) != 0"
[19:35:12.700]        // =>  FALSE
[19:35:12.700]      // skip if-block "(ACCESS_POINT_VAL & 0x00E00000) != 0"
[19:35:12.700]    </control>
[19:35:12.700]    <block atomic="false" info="">
[19:35:12.700]      ACCESS_POINT_VAL = ReadAP(0x00);//Reading current state of access point
[19:35:12.703]        // -> [ReadAP(0x00000000) => 0x0079002F]   (__dp=0x00000000, __ap=0x00000004)
[19:35:12.704]        // -> [ACCESS_POINT_VAL <= 0x0079002F]
[19:35:12.704]      Message(0, "Current state of access point is: %x",ACCESS_POINT_VAL);
[19:35:12.705]      __ap = 0; //lets make sure we reset the access point selection
[19:35:12.706]        // -> [__ap <= 0x00000000]
[19:35:12.706]    </block>
[19:35:12.706]  </sequence>
[19:35:12.706]  
[19:35:12.726]  **********  Sequence "DebugDeviceUnlock"  (Context="Connect", Pname="", info="")
[19:35:12.726]  
[19:35:12.726]  <debugvars>
[19:35:12.726]    // Pre-defined
[19:35:12.726]    __protocol=0x00010002      (Protocol="SWD", SWJ-DP="True")
[19:35:12.726]    __connection=0x00000202    (Connection Type="Flash", Reset Type="System Reset")
[19:35:12.726]    __dp=0x00000000
[19:35:12.726]    __ap=0x00000000
[19:35:12.726]    __traceout=0x00000000      (Trace Disabled)
[19:35:12.726]    __errorcontrol=0x00000000  (Skip Errors="False")
[19:35:12.726]    __FlashAddr=0x00000000
[19:35:12.726]    __FlashLen=0x00000000
[19:35:12.726]    __FlashArg=0x00000000
[19:35:12.726]    __FlashOp=0x00000000
[19:35:12.726]    __Result=0x00000000
[19:35:12.726]  </debugvars>
[19:35:12.726]  
[19:35:12.726]  <sequence name="DebugDeviceUnlock" Pname="" disable="false" info="">
[19:35:12.726]    <block atomic="false" info="">
[19:35:12.726]      __var deviceID = 0;
[19:35:12.726]        // -> [deviceID <= 0x00000000]
[19:35:12.726]      __var version = 0;
[19:35:12.726]        // -> [version <= 0x00000000]
[19:35:12.726]      __var partNum = 0;
[19:35:12.728]        // -> [partNum <= 0x00000000]
[19:35:12.728]      __var manuf = 0;
[19:35:12.728]        // -> [manuf <= 0x00000000]
[19:35:12.728]      __var isMSPM0G1X0X_G3X0X = 0;
[19:35:12.728]        // -> [isMSPM0G1X0X_G3X0X <= 0x00000000]
[19:35:12.728]      __var isProduction = 0;
[19:35:12.728]        // -> [isProduction <= 0x00000000]
[19:35:12.728]      __var continueId = 0;
[19:35:12.728]        // -> [continueId <= 0x00000000]
[19:35:12.728]      deviceID =   Read32(0x41C40004);
[19:35:12.736]        // -> [Read32(0x41C40004) => 0x2BB8802F]   (__dp=0x00000000, __ap=0x00000000)
[19:35:12.736]        // -> [deviceID <= 0x2BB8802F]
[19:35:12.736]      version = deviceID >> 28;
[19:35:12.736]        // -> [version <= 0x00000002]
[19:35:12.736]      partNum = (deviceID & 0x0FFFF000) >> 12;
[19:35:12.736]        // -> [partNum <= 0x0000BB88]
[19:35:12.736]      manuf = (deviceID & 0x00000FFE) >> 1;
[19:35:12.736]        // -> [manuf <= 0x00000017]
[19:35:12.736]      isMSPM0G1X0X_G3X0X = (partNum == 0xBB88) && (manuf == 0x17);
[19:35:12.737]        // -> [isMSPM0G1X0X_G3X0X <= 0x00000001]
[19:35:12.737]      isProduction = (version > 0);
[19:35:12.737]        // -> [isProduction <= 0x00000001]
[19:35:12.737]    </block>
[19:35:12.737]    <control if="!isMSPM0G1X0X_G3X0X" while="" timeout="0" info="">
[19:35:12.737]      // if-block "!isMSPM0G1X0X_G3X0X"
[19:35:12.737]        // =>  FALSE
[19:35:12.737]      // skip if-block "!isMSPM0G1X0X_G3X0X"
[19:35:12.737]    </control>
[19:35:12.737]    <control if="continueId == 4" while="" timeout="0" info="">
[19:35:12.737]      // if-block "continueId == 4"
[19:35:12.737]        // =>  FALSE
[19:35:12.737]      // skip if-block "continueId == 4"
[19:35:12.738]    </control>
[19:35:12.738]    <control if="!isProduction" while="" timeout="0" info="">
[19:35:12.738]      // if-block "!isProduction"
[19:35:12.738]        // =>  FALSE
[19:35:12.738]      // skip if-block "!isProduction"
[19:35:12.738]    </control>
[19:35:12.738]  </sequence>
[19:35:12.738]  
[19:35:23.764]  **********  Sequence "DebugPortSetup"  (Context="Connect", Pname="", info="")
[19:35:23.764]  
[19:35:23.764]  <debugvars>
[19:35:23.764]    // Pre-defined
[19:35:23.764]    __protocol=0x00010002      (Protocol="SWD", SWJ-DP="True")
[19:35:23.764]    __connection=0x00000202    (Connection Type="Flash", Reset Type="System Reset")
[19:35:23.764]    __dp=0x00000000
[19:35:23.764]    __ap=0x00000000
[19:35:23.764]    __traceout=0x00000000      (Trace Disabled)
[19:35:23.764]    __errorcontrol=0x00000000  (Skip Errors="False")
[19:35:23.764]    __FlashAddr=0x00000000
[19:35:23.764]    __FlashLen=0x00000000
[19:35:23.764]    __FlashArg=0x00000000
[19:35:23.764]    __FlashOp=0x00000000
[19:35:23.765]    __Result=0x00000000
[19:35:23.765]  </debugvars>
[19:35:23.765]  
[19:35:23.765]  <sequence name="DebugPortSetup" Pname="" disable="false" info="">
[19:35:23.765]    <block atomic="false" info="">
[19:35:23.765]      __var isSWJ      = ((__protocol & 0x00010000) != 0);
[19:35:23.765]        // -> [isSWJ <= 0x00000001]
[19:35:23.765]      __var hasDormant = __protocol & 0x00020000;
[19:35:23.765]        // -> [hasDormant <= 0x00000000]
[19:35:23.765]      __var protType   = __protocol & 0x0000FFFF;
[19:35:23.765]        // -> [protType <= 0x00000002]
[19:35:23.767]    </block>
[19:35:23.767]    <control if="protType == 1" while="" timeout="0" info="">
[19:35:23.767]      // if-block "protType == 1"
[19:35:23.767]        // =>  FALSE
[19:35:23.767]      // skip if-block "protType == 1"
[19:35:23.767]    </control>
[19:35:23.767]    <control if="protType == 2" while="" timeout="0" info="">
[19:35:23.767]      // if-block "protType == 2"
[19:35:23.767]        // =>  TRUE
[19:35:23.767]      <control if="isSWJ" while="" timeout="0" info="">
[19:35:23.767]        // if-block "isSWJ"
[19:35:23.767]          // =>  TRUE
[19:35:23.767]        <control if="hasDormant" while="" timeout="0" info="">
[19:35:23.767]          // if-block "hasDormant"
[19:35:23.767]            // =>  FALSE
[19:35:23.767]          // skip if-block "hasDormant"
[19:35:23.767]        </control>
[19:35:23.767]        <control if="!hasDormant" while="" timeout="0" info="">
[19:35:23.767]          // if-block "!hasDormant"
[19:35:23.767]            // =>  TRUE
[19:35:23.767]          <block atomic="false" info="">
[19:35:23.767]            DAP_SWJ_Sequence(51, 0x0007FFFFFFFFFFFF); //lets put the JTAG line in a reset state
[19:35:23.772]              // -> [DAP_SWJ_Sequence(51, 0x0007FFFFFFFFFFFF)]
[19:35:23.772]            DAP_SWJ_Sequence(16,0xE73C); //SWD to JTAG, this is to ensure the state machine is initialized
[19:35:23.774]              // -> [DAP_SWJ_Sequence(16, 0x000000000000E73C)]
[19:35:23.774]            DAP_SWJ_Sequence(51, 0x0007FFFFFFFFFFFF); //Put it back in reset
[19:35:23.777]              // -> [DAP_SWJ_Sequence(51, 0x0007FFFFFFFFFFFF)]
[19:35:23.778]            DAP_SWJ_Sequence(16, 0xE79E); //JTAG to SWD switch
[19:35:23.779]              // -> [DAP_SWJ_Sequence(16, 0x000000000000E79E)]
[19:35:23.779]            DAP_SWJ_Sequence(51, 0x0007FFFFFFFFFFFF);  //Ensure the switch is successful 
[19:35:23.781]              // -> [DAP_SWJ_Sequence(51, 0x0007FFFFFFFFFFFF)]
[19:35:23.781]            DAP_SWJ_Sequence(7,  0x00); //Give the line some time to initialize
[19:35:23.783]              // -> [DAP_SWJ_Sequence(7, 0x0000000000000000)]
[19:35:23.784]          </block>
[19:35:23.784]          // end if-block "!hasDormant"
[19:35:23.784]        </control>
[19:35:23.784]        // end if-block "isSWJ"
[19:35:23.784]      </control>
[19:35:23.784]      <control if="!isSWJ" while="" timeout="0" info="">
[19:35:23.784]        // if-block "!isSWJ"
[19:35:23.784]          // =>  FALSE
[19:35:23.784]        // skip if-block "!isSWJ"
[19:35:23.784]      </control>
[19:35:23.784]      <block atomic="false" info="">
[19:35:23.784]        ReadDP(0x0);
[19:35:23.784]          // -> [ReadDP(0x00000000) => 0x6BA02477]   (__dp=0x00000000)
[19:35:23.784]      </block>
[19:35:23.784]      // end if-block "protType == 2"
[19:35:23.784]    </control>
[19:35:23.784]  </sequence>
[19:35:23.784]  
[19:35:23.788]  **********  Sequence "DebugPortStart"  (Context="Connect", Pname="", info="")
[19:35:23.788]  
[19:35:23.788]  <debugvars>
[19:35:23.788]    // Pre-defined
[19:35:23.788]    __protocol=0x00010002      (Protocol="SWD", SWJ-DP="True")
[19:35:23.788]    __connection=0x00000202    (Connection Type="Flash", Reset Type="System Reset")
[19:35:23.788]    __dp=0x00000000
[19:35:23.788]    __ap=0x00000000
[19:35:23.791]    __traceout=0x00000000      (Trace Disabled)
[19:35:23.791]    __errorcontrol=0x00000000  (Skip Errors="False")
[19:35:23.791]    __FlashAddr=0x00000000
[19:35:23.791]    __FlashLen=0x00000000
[19:35:23.791]    __FlashArg=0x00000000
[19:35:23.791]    __FlashOp=0x00000000
[19:35:23.791]    __Result=0x00000000
[19:35:23.791]  </debugvars>
[19:35:23.791]  
[19:35:23.791]  <sequence name="DebugPortStart" Pname="" disable="false" info="">
[19:35:23.792]    <block atomic="false" info="">
[19:35:23.792]      __var SW_DP_ABORT       = 0x0;
[19:35:23.792]        // -> [SW_DP_ABORT <= 0x00000000]
[19:35:23.792]      __var DP_CTRL_STAT      = 0x4;
[19:35:23.792]        // -> [DP_CTRL_STAT <= 0x00000004]
[19:35:23.792]      __var DP_SELECT         = 0x8;
[19:35:23.792]        // -> [DP_SELECT <= 0x00000008]
[19:35:23.792]      __var powered_down      = 0;
[19:35:23.792]        // -> [powered_down <= 0x00000000]
[19:35:23.792]      WriteDP(DP_SELECT, 0x00000000);
[19:35:23.794]        // -> [WriteDP(0x00000008, 0x00000000)]   (__dp=0x00000000)
[19:35:23.794]      powered_down = ((ReadDP(DP_CTRL_STAT) & 0xA0000000) != 0xA0000000);
[19:35:23.796]        // -> [ReadDP(0x00000004) => 0x00000040]   (__dp=0x00000000)
[19:35:23.796]        // -> [powered_down <= 0x00000001]
[19:35:23.797]    </block>
[19:35:23.797]    <control if="powered_down" while="" timeout="0" info="">
[19:35:23.797]      // if-block "powered_down"
[19:35:23.797]        // =>  TRUE
[19:35:23.797]      <block atomic="false" info="">
[19:35:23.797]        Message(0, "Debug/System power-up request sent");
[19:35:23.798]        WriteDP(DP_CTRL_STAT, 0x50000000);
[19:35:23.800]          // -> [WriteDP(0x00000004, 0x50000000)]   (__dp=0x00000000)
[19:35:23.800]      </block>
[19:35:23.801]      <control if="" while="(ReadDP(DP_CTRL_STAT) & 0xA0000000) != 0xA0000000" timeout="1000000" info="">
[19:35:23.801]        // while "(ReadDP(DP_CTRL_STAT) & 0xA0000000) != 0xA0000000"  (timeout="1000000")
[19:35:23.802]          // -> [ReadDP(0x00000004) => 0xF0000040]   (__dp=0x00000000)
[19:35:23.802]        // while-condition  =>  FALSE
[19:35:23.803]        // end while "(ReadDP(DP_CTRL_STAT) & 0xA0000000) != 0xA0000000"
[19:35:23.803]      </control>
[19:35:23.803]      <control if="(__protocol & 0xFFFF) == 1" while="" timeout="0" info="">
[19:35:23.803]        // if-block "(__protocol & 0xFFFF) == 1"
[19:35:23.803]          // =>  FALSE
[19:35:23.803]        // skip if-block "(__protocol & 0xFFFF) == 1"
[19:35:23.803]      </control>
[19:35:23.803]      <control if="(__protocol & 0xFFFF) == 2" while="" timeout="0" info="">
[19:35:23.803]        // if-block "(__protocol & 0xFFFF) == 2"
[19:35:23.803]          // =>  TRUE
[19:35:23.803]        <block atomic="false" info="">
[19:35:23.803]          Message(0, "executing SWD power up");
[19:35:23.804]          WriteDP(DP_CTRL_STAT, 0x50000F00);
[19:35:23.809]            // -> [WriteDP(0x00000004, 0x50000F00)]   (__dp=0x00000000)
[19:35:23.809]          WriteDP(SW_DP_ABORT, 0x0000001E);
[19:35:23.811]            // -> [WriteDP(0x00000000, 0x0000001E)]   (__dp=0x00000000)
[19:35:23.811]        </block>
[19:35:23.811]        // end if-block "(__protocol & 0xFFFF) == 2"
[19:35:23.811]      </control>
[19:35:23.811]      // end if-block "powered_down"
[19:35:23.811]    </control>
[19:35:23.811]    <block atomic="false" info="">
[19:35:23.811]      __var DEBUG_PORT_VAL    = 0;
[19:35:23.811]        // -> [DEBUG_PORT_VAL <= 0x00000000]
[19:35:23.811]      __var ACCESS_POINT_VAL  = 0;
[19:35:23.811]        // -> [ACCESS_POINT_VAL <= 0x00000000]
[19:35:23.812]      __ap = 1; 
[19:35:23.812]        // -> [__ap <= 0x00000001]
[19:35:23.812]      WriteAP(0x0C, 0x04); //lets use the mini pwr-ap as backup
[19:35:23.816]        // -> [WriteAP(0x0000000C, 0x00000004)]   (__dp=0x00000000, __ap=0x00000001)
[19:35:23.816]      __ap = 4;
[19:35:23.816]        // -> [__ap <= 0x00000004]
[19:35:23.816]      ACCESS_POINT_VAL = ReadAP(0x00);//Reading current state of access point
[19:35:23.821]        // -> [ReadAP(0x00000000) => 0x00080027]   (__dp=0x00000000, __ap=0x00000004)
[19:35:23.821]        // -> [ACCESS_POINT_VAL <= 0x00080027]
[19:35:23.821]      Message(0, "Current state of access point is: %x",ACCESS_POINT_VAL);
[19:35:23.821]    </block>
[19:35:23.824]    <block atomic="false" info="">
[19:35:23.824]      __var nReset = 0x80;
[19:35:23.824]        // -> [nReset <= 0x00000080]
[19:35:23.824]      __var canReadPins = 0;
[19:35:23.824]        // -> [canReadPins <= 0x00000000]
[19:35:23.824]      canReadPins = (DAP_SWJ_Pins(0x00, nReset, 0) != 0xFFFFFFFF);
[19:35:23.825]        // -> [DAP_SWJ_Pins(0x00, 0x80, 0) => 0x0F]   (Out: nRESET=0  =>  In: SWCLK/TCK=1, SWDIO/TMS=1, TDI=1, TDO=1, nTRST=0, nRESET=0)
[19:35:23.825]        // -> [canReadPins <= 0x00000001]
[19:35:23.825]    </block>
[19:35:23.825]    <control if="" while="1" timeout="200" info="">
[19:35:23.825]      // while "1"  (timeout="200")
[19:35:23.825]      // while-condition  =>  TRUE
[19:35:23.825]      // while "1"  (timeout="200")
[19:35:23.825]      // while-condition  =>  TRUE
[19:35:23.825]      // while "1"  (timeout="200")
[19:35:23.825]      // while-condition  =>  TRUE
[19:35:23.825]      // while "1"  (timeout="200")
[19:35:23.825]      // while-condition  =>  TRUE
[19:35:23.825]      // while "1"  (timeout="200")
[19:35:23.825]      // while-condition  =>  TRUE
[19:35:23.825]      // while "1"  (timeout="200")
[19:35:23.825]      // while-condition  =>  TRUE
[19:35:23.825]      // while "1"  (timeout="200")
[19:35:23.826]      // while-condition  =>  TRUE
[19:35:23.826]      // while "1"  (timeout="200")
[19:35:23.826]      // while-condition  =>  TRUE
[19:35:23.826]      // while "1"  (timeout="200")
[19:35:23.826]      // while-condition  =>  TRUE
[19:35:23.826]      // while "1"  (timeout="200")
[19:35:23.826]      // while-condition  =>  TRUE
[19:35:23.826]      // while "1"  (timeout="200")
[19:35:23.826]      // while-condition  =>  TRUE
[19:35:23.826]      // while "1"  (timeout="200")
[19:35:23.826]      // while-condition  =>  TRUE
[19:35:23.826]      // while "1"  (timeout="200")
[19:35:23.826]      // while-condition  =>  TRUE
[19:35:23.826]      // while "1"  (timeout="200")
[19:35:23.826]      // while-condition  =>  TRUE
[19:35:23.826]      // while "1"  (timeout="200")
[19:35:23.826]      // while-condition  =>  TRUE
[19:35:23.826]      // while "1"  (timeout="200")
[19:35:23.827]      // while-condition  =>  TRUE
[19:35:23.827]      // while "1"  (timeout="200")
[19:35:23.827]      // while-condition  =>  TRUE
[19:35:23.827]      // while "1"  (timeout="200")
[19:35:23.827]      // while-condition  =>  TRUE
[19:35:23.828]      // while "1"  (timeout="200")
[19:35:23.828]      // while-condition  =>  TRUE
[19:35:23.828]      // while "1"  (timeout="200")
[19:35:23.828]      // while-condition  =>  TRUE
[19:35:23.828]      // while "1"  (timeout="200")
[19:35:23.828]      // while-condition  =>  TRUE
[19:35:23.828]      // while "1"  (timeout="200")
[19:35:23.828]      // while-condition  =>  TRUE
[19:35:23.828]      // while "1"  (timeout="200")
[19:35:23.828]      // while-condition  =>  TRUE
[19:35:23.828]      // while "1"  (timeout="200")
[19:35:23.828]      // while-condition  =>  TRUE
[19:35:23.828]      // while "1"  (timeout="200")
[19:35:23.828]      // while-condition  =>  TRUE
[19:35:23.828]      // while "1"  (timeout="200")
[19:35:23.828]      // while-condition  =>  TRUE
[19:35:23.828]      // while "1"  (timeout="200")
[19:35:23.828]      // while-condition  =>  TRUE
[19:35:23.828]      // while "1"  (timeout="200")
[19:35:23.828]      // while-condition  =>  TRUE
[19:35:23.829]      // while "1"  (timeout="200")
[19:35:23.829]      // while-condition  =>  TRUE
[19:35:23.829]      // while "1"  (timeout="200")
[19:35:23.829]      // while-condition  =>  TRUE
[19:35:23.829]      // while "1"  (timeout="200")
[19:35:23.829]      // while-condition  =>  TRUE
[19:35:23.829]      // while "1"  (timeout="200")
[19:35:23.829]      // while-condition  =>  TRUE
[19:35:23.829]      // while "1"  (timeout="200")
[19:35:23.829]      // while-condition  =>  TRUE
[19:35:23.829]      // while "1"  (timeout="200")
[19:35:23.829]      // while-condition  =>  TRUE
[19:35:23.829]      // while "1"  (timeout="200")
[19:35:23.829]      // while-condition  =>  TRUE
[19:35:23.829]      // while "1"  (timeout="200")
[19:35:23.829]      // while-condition  =>  TRUE
[19:35:23.829]      // while "1"  (timeout="200")
[19:35:23.829]      // while-condition  =>  TRUE
[19:35:23.829]      // while "1"  (timeout="200")
[19:35:23.829]      // while-condition  =>  TRUE
[19:35:23.829]      // while "1"  (timeout="200")
[19:35:23.829]      // while-condition  =>  TRUE
[19:35:23.829]      // while "1"  (timeout="200")
[19:35:23.830]      // while-condition  =>  TRUE
[19:35:23.830]      // while "1"  (timeout="200")
[19:35:23.830]      // while-condition  =>  TRUE
[19:35:23.830]      // while "1"  (timeout="200")
[19:35:23.830]      // while-condition  =>  TRUE
[19:35:23.830]      // while "1"  (timeout="200")
[19:35:23.830]      // while-condition  =>  TRUE
[19:35:23.830]      // while "1"  (timeout="200")
[19:35:23.830]      // while-condition  =>  TRUE
[19:35:23.830]      // while "1"  (timeout="200")
[19:35:23.830]      // while-condition  =>  TRUE
[19:35:23.830]      // while "1"  (timeout="200")
[19:35:23.830]      // while-condition  =>  TRUE
[19:35:23.830]      // while "1"  (timeout="200")
[19:35:23.830]      // while-condition  =>  TRUE
[19:35:23.830]      // while "1"  (timeout="200")
[19:35:23.830]      // while-condition  =>  TRUE
[19:35:23.830]      // while "1"  (timeout="200")
[19:35:23.830]      // while-condition  =>  TRUE
[19:35:23.830]      // while "1"  (timeout="200")
[19:35:23.830]      // while-condition  =>  TRUE
[19:35:23.830]      // while "1"  (timeout="200")
[19:35:23.831]      // while-condition  =>  TRUE
[19:35:23.831]      // while "1"  (timeout="200")
[19:35:23.831]      // while  =>  TIMEOUT
[19:35:23.831]      // end while "1"
[19:35:23.831]    </control>
[19:35:23.831]    <control if="canReadPins" while="" timeout="0" info="">
[19:35:23.831]      // if-block "canReadPins"
[19:35:23.831]        // =>  TRUE
[19:35:23.831]      <control if="" while="(DAP_SWJ_Pins(nReset, nReset, 0) & nReset) == 0" timeout="1000000" info="">
[19:35:23.831]        // while "(DAP_SWJ_Pins(nReset, nReset, 0) & nReset) == 0"  (timeout="1000000")
[19:35:23.832]          // -> [DAP_SWJ_Pins(0x80, 0x80, 0) => 0x8F]   (Out: nRESET=1  =>  In: SWCLK/TCK=1, SWDIO/TMS=1, TDI=1, TDO=1, nTRST=0, nRESET=1)
[19:35:23.834]        // while-condition  =>  FALSE
[19:35:23.834]        // end while "(DAP_SWJ_Pins(nReset, nReset, 0) & nReset) == 0"
[19:35:23.834]      </control>
[19:35:23.834]      // end if-block "canReadPins"
[19:35:23.834]    </control>
[19:35:23.834]    <control if="!canReadPins" while="" timeout="0" info="">
[19:35:23.834]      // if-block "!canReadPins"
[19:35:23.834]        // =>  FALSE
[19:35:23.834]      // skip if-block "!canReadPins"
[19:35:23.834]    </control>
[19:35:23.834]    <control if="(ACCESS_POINT_VAL & 0x00E00000) == 0" while="" timeout="0" info="">
[19:35:23.834]      // if-block "(ACCESS_POINT_VAL & 0x00E00000) == 0"
[19:35:23.834]        // =>  TRUE
[19:35:23.834]      <block atomic="false" info="">
[19:35:23.834]        WriteAP(0x00, 0x190008);
[19:35:23.836]          // -> [WriteAP(0x00000000, 0x00190008)]   (__dp=0x00000000, __ap=0x00000004)
[19:35:23.836]        WriteAP(0xF0, 0x01);
[19:35:23.840]          // -> [WriteAP(0x000000F0, 0x00000001)]   (__dp=0x00000000, __ap=0x00000004)
[19:35:23.840]      </block>
[19:35:23.841]      // end if-block "(ACCESS_POINT_VAL & 0x00E00000) == 0"
[19:35:23.841]    </control>
[19:35:23.841]    <control if="(ACCESS_POINT_VAL & 0x00E00000) != 0" while="" timeout="0" info="">
[19:35:23.841]      // if-block "(ACCESS_POINT_VAL & 0x00E00000) != 0"
[19:35:23.841]        // =>  FALSE
[19:35:23.841]      // skip if-block "(ACCESS_POINT_VAL & 0x00E00000) != 0"
[19:35:23.841]    </control>
[19:35:23.841]    <block atomic="false" info="">
[19:35:23.841]      ACCESS_POINT_VAL = ReadAP(0x00);//Reading current state of access point
[19:35:23.845]        // -> [ReadAP(0x00000000) => 0x0079002F]   (__dp=0x00000000, __ap=0x00000004)
[19:35:23.845]        // -> [ACCESS_POINT_VAL <= 0x0079002F]
[19:35:23.845]      Message(0, "Current state of access point is: %x",ACCESS_POINT_VAL);
[19:35:23.847]      __ap = 0; //lets make sure we reset the access point selection
[19:35:23.847]        // -> [__ap <= 0x00000000]
[19:35:23.847]    </block>
[19:35:23.847]  </sequence>
[19:35:23.847]  
[19:35:23.869]  **********  Sequence "DebugDeviceUnlock"  (Context="Connect", Pname="", info="")
[19:35:23.869]  
[19:35:23.870]  <debugvars>
[19:35:23.870]    // Pre-defined
[19:35:23.870]    __protocol=0x00010002      (Protocol="SWD", SWJ-DP="True")
[19:35:23.870]    __connection=0x00000202    (Connection Type="Flash", Reset Type="System Reset")
[19:35:23.870]    __dp=0x00000000
[19:35:23.870]    __ap=0x00000000
[19:35:23.870]    __traceout=0x00000000      (Trace Disabled)
[19:35:23.870]    __errorcontrol=0x00000000  (Skip Errors="False")
[19:35:23.870]    __FlashAddr=0x00000000
[19:35:23.870]    __FlashLen=0x00000000
[19:35:23.870]    __FlashArg=0x00000000
[19:35:23.870]    __FlashOp=0x00000000
[19:35:23.870]    __Result=0x00000000
[19:35:23.870]  </debugvars>
[19:35:23.870]  
[19:35:23.870]  <sequence name="DebugDeviceUnlock" Pname="" disable="false" info="">
[19:35:23.871]    <block atomic="false" info="">
[19:35:23.871]      __var deviceID = 0;
[19:35:23.871]        // -> [deviceID <= 0x00000000]
[19:35:23.871]      __var version = 0;
[19:35:23.871]        // -> [version <= 0x00000000]
[19:35:23.871]      __var partNum = 0;
[19:35:23.871]        // -> [partNum <= 0x00000000]
[19:35:23.871]      __var manuf = 0;
[19:35:23.871]        // -> [manuf <= 0x00000000]
[19:35:23.871]      __var isMSPM0G1X0X_G3X0X = 0;
[19:35:23.871]        // -> [isMSPM0G1X0X_G3X0X <= 0x00000000]
[19:35:23.871]      __var isProduction = 0;
[19:35:23.871]        // -> [isProduction <= 0x00000000]
[19:35:23.871]      __var continueId = 0;
[19:35:23.871]        // -> [continueId <= 0x00000000]
[19:35:23.871]      deviceID =   Read32(0x41C40004);
[19:35:23.879]        // -> [Read32(0x41C40004) => 0x2BB8802F]   (__dp=0x00000000, __ap=0x00000000)
[19:35:23.880]        // -> [deviceID <= 0x2BB8802F]
[19:35:23.880]      version = deviceID >> 28;
[19:35:23.880]        // -> [version <= 0x00000002]
[19:35:23.880]      partNum = (deviceID & 0x0FFFF000) >> 12;
[19:35:23.880]        // -> [partNum <= 0x0000BB88]
[19:35:23.880]      manuf = (deviceID & 0x00000FFE) >> 1;
[19:35:23.880]        // -> [manuf <= 0x00000017]
[19:35:23.880]      isMSPM0G1X0X_G3X0X = (partNum == 0xBB88) && (manuf == 0x17);
[19:35:23.880]        // -> [isMSPM0G1X0X_G3X0X <= 0x00000001]
[19:35:23.880]      isProduction = (version > 0);
[19:35:23.880]        // -> [isProduction <= 0x00000001]
[19:35:23.880]    </block>
[19:35:23.880]    <control if="!isMSPM0G1X0X_G3X0X" while="" timeout="0" info="">
[19:35:23.881]      // if-block "!isMSPM0G1X0X_G3X0X"
[19:35:23.881]        // =>  FALSE
[19:35:23.881]      // skip if-block "!isMSPM0G1X0X_G3X0X"
[19:35:23.881]    </control>
[19:35:23.881]    <control if="continueId == 4" while="" timeout="0" info="">
[19:35:23.881]      // if-block "continueId == 4"
[19:35:23.881]        // =>  FALSE
[19:35:23.881]      // skip if-block "continueId == 4"
[19:35:23.881]    </control>
[19:35:23.881]    <control if="!isProduction" while="" timeout="0" info="">
[19:35:23.882]      // if-block "!isProduction"
[19:35:23.882]        // =>  FALSE
[19:35:23.882]      // skip if-block "!isProduction"
[19:35:23.882]    </control>
[19:35:23.882]  </sequence>
[19:35:23.882]  
[19:41:26.227]  **********  Sequence "DebugPortSetup"  (Context="Connect", Pname="", info="")
[19:41:26.227]  
[19:41:26.228]  <debugvars>
[19:41:26.228]    // Pre-defined
[19:41:26.228]    __protocol=0x00010002      (Protocol="SWD", SWJ-DP="True")
[19:41:26.228]    __connection=0x00000202    (Connection Type="Flash", Reset Type="System Reset")
[19:41:26.228]    __dp=0x00000000
[19:41:26.228]    __ap=0x00000000
[19:41:26.228]    __traceout=0x00000000      (Trace Disabled)
[19:41:26.228]    __errorcontrol=0x00000000  (Skip Errors="False")
[19:41:26.228]    __FlashAddr=0x00000000
[19:41:26.228]    __FlashLen=0x00000000
[19:41:26.228]    __FlashArg=0x00000000
[19:41:26.228]    __FlashOp=0x00000000
[19:41:26.228]    __Result=0x00000000
[19:41:26.229]  </debugvars>
[19:41:26.229]  
[19:41:26.229]  <sequence name="DebugPortSetup" Pname="" disable="false" info="">
[19:41:26.229]    <block atomic="false" info="">
[19:41:26.229]      __var isSWJ      = ((__protocol & 0x00010000) != 0);
[19:41:26.229]        // -> [isSWJ <= 0x00000001]
[19:41:26.229]      __var hasDormant = __protocol & 0x00020000;
[19:41:26.229]        // -> [hasDormant <= 0x00000000]
[19:41:26.229]      __var protType   = __protocol & 0x0000FFFF;
[19:41:26.229]        // -> [protType <= 0x00000002]
[19:41:26.229]    </block>
[19:41:26.229]    <control if="protType == 1" while="" timeout="0" info="">
[19:41:26.229]      // if-block "protType == 1"
[19:41:26.229]        // =>  FALSE
[19:41:26.229]      // skip if-block "protType == 1"
[19:41:26.229]    </control>
[19:41:26.229]    <control if="protType == 2" while="" timeout="0" info="">
[19:41:26.229]      // if-block "protType == 2"
[19:41:26.230]        // =>  TRUE
[19:41:26.230]      <control if="isSWJ" while="" timeout="0" info="">
[19:41:26.230]        // if-block "isSWJ"
[19:41:26.230]          // =>  TRUE
[19:41:26.230]        <control if="hasDormant" while="" timeout="0" info="">
[19:41:26.230]          // if-block "hasDormant"
[19:41:26.230]            // =>  FALSE
[19:41:26.230]          // skip if-block "hasDormant"
[19:41:26.230]        </control>
[19:41:26.230]        <control if="!hasDormant" while="" timeout="0" info="">
[19:41:26.230]          // if-block "!hasDormant"
[19:41:26.230]            // =>  TRUE
[19:41:26.230]          <block atomic="false" info="">
[19:41:26.230]            DAP_SWJ_Sequence(51, 0x0007FFFFFFFFFFFF); //lets put the JTAG line in a reset state
[19:41:26.232]              // -> [DAP_SWJ_Sequence(51, 0x0007FFFFFFFFFFFF)]
[19:41:26.232]            DAP_SWJ_Sequence(16,0xE73C); //SWD to JTAG, this is to ensure the state machine is initialized
[19:41:26.234]              // -> [DAP_SWJ_Sequence(16, 0x000000000000E73C)]
[19:41:26.234]            DAP_SWJ_Sequence(51, 0x0007FFFFFFFFFFFF); //Put it back in reset
[19:41:26.236]              // -> [DAP_SWJ_Sequence(51, 0x0007FFFFFFFFFFFF)]
[19:41:26.236]            DAP_SWJ_Sequence(16, 0xE79E); //JTAG to SWD switch
[19:41:26.238]              // -> [DAP_SWJ_Sequence(16, 0x000000000000E79E)]
[19:41:26.238]            DAP_SWJ_Sequence(51, 0x0007FFFFFFFFFFFF);  //Ensure the switch is successful 
[19:41:26.241]              // -> [DAP_SWJ_Sequence(51, 0x0007FFFFFFFFFFFF)]
[19:41:26.241]            DAP_SWJ_Sequence(7,  0x00); //Give the line some time to initialize
[19:41:26.243]              // -> [DAP_SWJ_Sequence(7, 0x0000000000000000)]
[19:41:26.243]          </block>
[19:41:26.243]          // end if-block "!hasDormant"
[19:41:26.243]        </control>
[19:41:26.245]        // end if-block "isSWJ"
[19:41:26.245]      </control>
[19:41:26.245]      <control if="!isSWJ" while="" timeout="0" info="">
[19:41:26.245]        // if-block "!isSWJ"
[19:41:26.245]          // =>  FALSE
[19:41:26.245]        // skip if-block "!isSWJ"
[19:41:26.245]      </control>
[19:41:26.245]      <block atomic="false" info="">
[19:41:26.245]        ReadDP(0x0);
[19:41:26.247]          // -> [ReadDP(0x00000000) => 0x6BA02477]   (__dp=0x00000000)
[19:41:26.247]      </block>
[19:41:26.247]      // end if-block "protType == 2"
[19:41:26.247]    </control>
[19:41:26.247]  </sequence>
[19:41:26.247]  
[19:41:26.252]  **********  Sequence "DebugPortStart"  (Context="Connect", Pname="", info="")
[19:41:26.252]  
[19:41:26.252]  <debugvars>
[19:41:26.252]    // Pre-defined
[19:41:26.252]    __protocol=0x00010002      (Protocol="SWD", SWJ-DP="True")
[19:41:26.252]    __connection=0x00000202    (Connection Type="Flash", Reset Type="System Reset")
[19:41:26.252]    __dp=0x00000000
[19:41:26.252]    __ap=0x00000000
[19:41:26.252]    __traceout=0x00000000      (Trace Disabled)
[19:41:26.252]    __errorcontrol=0x00000000  (Skip Errors="False")
[19:41:26.252]    __FlashAddr=0x00000000
[19:41:26.252]    __FlashLen=0x00000000
[19:41:26.252]    __FlashArg=0x00000000
[19:41:26.252]    __FlashOp=0x00000000
[19:41:26.252]    __Result=0x00000000
[19:41:26.252]  </debugvars>
[19:41:26.252]  
[19:41:26.252]  <sequence name="DebugPortStart" Pname="" disable="false" info="">
[19:41:26.252]    <block atomic="false" info="">
[19:41:26.252]      __var SW_DP_ABORT       = 0x0;
[19:41:26.252]        // -> [SW_DP_ABORT <= 0x00000000]
[19:41:26.252]      __var DP_CTRL_STAT      = 0x4;
[19:41:26.252]        // -> [DP_CTRL_STAT <= 0x00000004]
[19:41:26.252]      __var DP_SELECT         = 0x8;
[19:41:26.252]        // -> [DP_SELECT <= 0x00000008]
[19:41:26.252]      __var powered_down      = 0;
[19:41:26.252]        // -> [powered_down <= 0x00000000]
[19:41:26.252]      WriteDP(DP_SELECT, 0x00000000);
[19:41:26.256]        // -> [WriteDP(0x00000008, 0x00000000)]   (__dp=0x00000000)
[19:41:26.256]      powered_down = ((ReadDP(DP_CTRL_STAT) & 0xA0000000) != 0xA0000000);
[19:41:26.258]        // -> [ReadDP(0x00000004) => 0x00000040]   (__dp=0x00000000)
[19:41:26.259]        // -> [powered_down <= 0x00000001]
[19:41:26.259]    </block>
[19:41:26.259]    <control if="powered_down" while="" timeout="0" info="">
[19:41:26.259]      // if-block "powered_down"
[19:41:26.259]        // =>  TRUE
[19:41:26.259]      <block atomic="false" info="">
[19:41:26.259]        Message(0, "Debug/System power-up request sent");
[19:41:26.260]        WriteDP(DP_CTRL_STAT, 0x50000000);
[19:41:26.262]          // -> [WriteDP(0x00000004, 0x50000000)]   (__dp=0x00000000)
[19:41:26.262]      </block>
[19:41:26.262]      <control if="" while="(ReadDP(DP_CTRL_STAT) & 0xA0000000) != 0xA0000000" timeout="1000000" info="">
[19:41:26.263]        // while "(ReadDP(DP_CTRL_STAT) & 0xA0000000) != 0xA0000000"  (timeout="1000000")
[19:41:26.264]          // -> [ReadDP(0x00000004) => 0xF0000040]   (__dp=0x00000000)
[19:41:26.264]        // while-condition  =>  FALSE
[19:41:26.265]        // end while "(ReadDP(DP_CTRL_STAT) & 0xA0000000) != 0xA0000000"
[19:41:26.265]      </control>
[19:41:26.265]      <control if="(__protocol & 0xFFFF) == 1" while="" timeout="0" info="">
[19:41:26.265]        // if-block "(__protocol & 0xFFFF) == 1"
[19:41:26.265]          // =>  FALSE
[19:41:26.265]        // skip if-block "(__protocol & 0xFFFF) == 1"
[19:41:26.265]      </control>
[19:41:26.265]      <control if="(__protocol & 0xFFFF) == 2" while="" timeout="0" info="">
[19:41:26.265]        // if-block "(__protocol & 0xFFFF) == 2"
[19:41:26.265]          // =>  TRUE
[19:41:26.265]        <block atomic="false" info="">
[19:41:26.265]          Message(0, "executing SWD power up");
[19:41:26.266]          WriteDP(DP_CTRL_STAT, 0x50000F00);
[19:41:26.269]            // -> [WriteDP(0x00000004, 0x50000F00)]   (__dp=0x00000000)
[19:41:26.269]          WriteDP(SW_DP_ABORT, 0x0000001E);
[19:41:26.271]            // -> [WriteDP(0x00000000, 0x0000001E)]   (__dp=0x00000000)
[19:41:26.272]        </block>
[19:41:26.272]        // end if-block "(__protocol & 0xFFFF) == 2"
[19:41:26.272]      </control>
[19:41:26.272]      // end if-block "powered_down"
[19:41:26.272]    </control>
[19:41:26.272]    <block atomic="false" info="">
[19:41:26.272]      __var DEBUG_PORT_VAL    = 0;
[19:41:26.272]        // -> [DEBUG_PORT_VAL <= 0x00000000]
[19:41:26.272]      __var ACCESS_POINT_VAL  = 0;
[19:41:26.272]        // -> [ACCESS_POINT_VAL <= 0x00000000]
[19:41:26.272]      __ap = 1; 
[19:41:26.272]        // -> [__ap <= 0x00000001]
[19:41:26.272]      WriteAP(0x0C, 0x04); //lets use the mini pwr-ap as backup
[19:41:26.276]        // -> [WriteAP(0x0000000C, 0x00000004)]   (__dp=0x00000000, __ap=0x00000001)
[19:41:26.276]      __ap = 4;
[19:41:26.276]        // -> [__ap <= 0x00000004]
[19:41:26.276]      ACCESS_POINT_VAL = ReadAP(0x00);//Reading current state of access point
[19:41:26.280]        // -> [ReadAP(0x00000000) => 0x00080027]   (__dp=0x00000000, __ap=0x00000004)
[19:41:26.280]        // -> [ACCESS_POINT_VAL <= 0x00080027]
[19:41:26.280]      Message(0, "Current state of access point is: %x",ACCESS_POINT_VAL);
[19:41:26.282]    </block>
[19:41:26.282]    <block atomic="false" info="">
[19:41:26.282]      __var nReset = 0x80;
[19:41:26.282]        // -> [nReset <= 0x00000080]
[19:41:26.282]      __var canReadPins = 0;
[19:41:26.282]        // -> [canReadPins <= 0x00000000]
[19:41:26.282]      canReadPins = (DAP_SWJ_Pins(0x00, nReset, 0) != 0xFFFFFFFF);
[19:41:26.285]        // -> [DAP_SWJ_Pins(0x00, 0x80, 0) => 0x0F]   (Out: nRESET=0  =>  In: SWCLK/TCK=1, SWDIO/TMS=1, TDI=1, TDO=1, nTRST=0, nRESET=0)
[19:41:26.285]        // -> [canReadPins <= 0x00000001]
[19:41:26.285]    </block>
[19:41:26.285]    <control if="" while="1" timeout="200" info="">
[19:41:26.285]      // while "1"  (timeout="200")
[19:41:26.285]      // while-condition  =>  TRUE
[19:41:26.285]      // while "1"  (timeout="200")
[19:41:26.285]      // while-condition  =>  TRUE
[19:41:26.285]      // while "1"  (timeout="200")
[19:41:26.285]      // while-condition  =>  TRUE
[19:41:26.285]      // while "1"  (timeout="200")
[19:41:26.285]      // while-condition  =>  TRUE
[19:41:26.285]      // while "1"  (timeout="200")
[19:41:26.285]      // while-condition  =>  TRUE
[19:41:26.285]      // while "1"  (timeout="200")
[19:41:26.285]      // while-condition  =>  TRUE
[19:41:26.285]      // while "1"  (timeout="200")
[19:41:26.285]      // while-condition  =>  TRUE
[19:41:26.285]      // while "1"  (timeout="200")
[19:41:26.285]      // while-condition  =>  TRUE
[19:41:26.285]      // while "1"  (timeout="200")
[19:41:26.285]      // while-condition  =>  TRUE
[19:41:26.285]      // while "1"  (timeout="200")
[19:41:26.285]      // while-condition  =>  TRUE
[19:41:26.285]      // while "1"  (timeout="200")
[19:41:26.285]      // while-condition  =>  TRUE
[19:41:26.285]      // while "1"  (timeout="200")
[19:41:26.285]      // while-condition  =>  TRUE
[19:41:26.285]      // while "1"  (timeout="200")
[19:41:26.285]      // while-condition  =>  TRUE
[19:41:26.288]      // while "1"  (timeout="200")
[19:41:26.288]      // while-condition  =>  TRUE
[19:41:26.288]      // while "1"  (timeout="200")
[19:41:26.288]      // while-condition  =>  TRUE
[19:41:26.288]      // while "1"  (timeout="200")
[19:41:26.288]      // while-condition  =>  TRUE
[19:41:26.288]      // while "1"  (timeout="200")
[19:41:26.288]      // while-condition  =>  TRUE
[19:41:26.288]      // while "1"  (timeout="200")
[19:41:26.289]      // while-condition  =>  TRUE
[19:41:26.289]      // while "1"  (timeout="200")
[19:41:26.289]      // while-condition  =>  TRUE
[19:41:26.289]      // while "1"  (timeout="200")
[19:41:26.289]      // while-condition  =>  TRUE
[19:41:26.289]      // while "1"  (timeout="200")
[19:41:26.289]      // while-condition  =>  TRUE
[19:41:26.289]      // while "1"  (timeout="200")
[19:41:26.289]      // while-condition  =>  TRUE
[19:41:26.289]      // while "1"  (timeout="200")
[19:41:26.289]      // while-condition  =>  TRUE
[19:41:26.289]      // while "1"  (timeout="200")
[19:41:26.289]      // while-condition  =>  TRUE
[19:41:26.289]      // while "1"  (timeout="200")
[19:41:26.289]      // while-condition  =>  TRUE
[19:41:26.289]      // while "1"  (timeout="200")
[19:41:26.289]      // while-condition  =>  TRUE
[19:41:26.289]      // while "1"  (timeout="200")
[19:41:26.289]      // while-condition  =>  TRUE
[19:41:26.290]      // while "1"  (timeout="200")
[19:41:26.290]      // while-condition  =>  TRUE
[19:41:26.290]      // while "1"  (timeout="200")
[19:41:26.290]      // while-condition  =>  TRUE
[19:41:26.290]      // while "1"  (timeout="200")
[19:41:26.290]      // while-condition  =>  TRUE
[19:41:26.290]      // while "1"  (timeout="200")
[19:41:26.290]      // while-condition  =>  TRUE
[19:41:26.290]      // while "1"  (timeout="200")
[19:41:26.290]      // while-condition  =>  TRUE
[19:41:26.290]      // while "1"  (timeout="200")
[19:41:26.290]      // while-condition  =>  TRUE
[19:41:26.290]      // while "1"  (timeout="200")
[19:41:26.290]      // while-condition  =>  TRUE
[19:41:26.290]      // while "1"  (timeout="200")
[19:41:26.290]      // while-condition  =>  TRUE
[19:41:26.290]      // while "1"  (timeout="200")
[19:41:26.290]      // while-condition  =>  TRUE
[19:41:26.290]      // while "1"  (timeout="200")
[19:41:26.291]      // while-condition  =>  TRUE
[19:41:26.291]      // while "1"  (timeout="200")
[19:41:26.291]      // while-condition  =>  TRUE
[19:41:26.291]      // while "1"  (timeout="200")
[19:41:26.291]      // while-condition  =>  TRUE
[19:41:26.291]      // while "1"  (timeout="200")
[19:41:26.291]      // while-condition  =>  TRUE
[19:41:26.291]      // while "1"  (timeout="200")
[19:41:26.291]      // while-condition  =>  TRUE
[19:41:26.291]      // while "1"  (timeout="200")
[19:41:26.291]      // while-condition  =>  TRUE
[19:41:26.291]      // while "1"  (timeout="200")
[19:41:26.291]      // while-condition  =>  TRUE
[19:41:26.291]      // while "1"  (timeout="200")
[19:41:26.291]      // while-condition  =>  TRUE
[19:41:26.291]      // while "1"  (timeout="200")
[19:41:26.291]      // while-condition  =>  TRUE
[19:41:26.291]      // while "1"  (timeout="200")
[19:41:26.291]      // while-condition  =>  TRUE
[19:41:26.291]      // while "1"  (timeout="200")
[19:41:26.291]      // while-condition  =>  TRUE
[19:41:26.292]      // while "1"  (timeout="200")
[19:41:26.292]      // while-condition  =>  TRUE
[19:41:26.292]      // while "1"  (timeout="200")
[19:41:26.292]      // while-condition  =>  TRUE
[19:41:26.292]      // while "1"  (timeout="200")
[19:41:26.292]      // while-condition  =>  TRUE
[19:41:26.292]      // while "1"  (timeout="200")
[19:41:26.292]      // while-condition  =>  TRUE
[19:41:26.292]      // while "1"  (timeout="200")
[19:41:26.292]      // while-condition  =>  TRUE
[19:41:26.292]      // while "1"  (timeout="200")
[19:41:26.292]      // while-condition  =>  TRUE
[19:41:26.292]      // while "1"  (timeout="200")
[19:41:26.292]      // while-condition  =>  TRUE
[19:41:26.292]      // while "1"  (timeout="200")
[19:41:26.292]      // while-condition  =>  TRUE
[19:41:26.293]      // while "1"  (timeout="200")
[19:41:26.293]      // while-condition  =>  TRUE
[19:41:26.293]      // while "1"  (timeout="200")
[19:41:26.293]      // while-condition  =>  TRUE
[19:41:26.293]      // while "1"  (timeout="200")
[19:41:26.293]      // while-condition  =>  TRUE
[19:41:26.293]      // while "1"  (timeout="200")
[19:41:26.293]      // while-condition  =>  TRUE
[19:41:26.293]      // while "1"  (timeout="200")
[19:41:26.294]      // while-condition  =>  TRUE
[19:41:26.294]      // while "1"  (timeout="200")
[19:41:26.294]      // while-condition  =>  TRUE
[19:41:26.294]      // while "1"  (timeout="200")
[19:41:26.294]      // while-condition  =>  TRUE
[19:41:26.294]      // while "1"  (timeout="200")
[19:41:26.294]      // while-condition  =>  TRUE
[19:41:26.294]      // while "1"  (timeout="200")
[19:41:26.294]      // while-condition  =>  TRUE
[19:41:26.294]      // while "1"  (timeout="200")
[19:41:26.294]      // while-condition  =>  TRUE
[19:41:26.294]      // while "1"  (timeout="200")
[19:41:26.294]      // while-condition  =>  TRUE
[19:41:26.294]      // while "1"  (timeout="200")
[19:41:26.294]      // while-condition  =>  TRUE
[19:41:26.294]      // while "1"  (timeout="200")
[19:41:26.294]      // while-condition  =>  TRUE
[19:41:26.295]      // while "1"  (timeout="200")
[19:41:26.295]      // while-condition  =>  TRUE
[19:41:26.295]      // while "1"  (timeout="200")
[19:41:26.295]      // while-condition  =>  TRUE
[19:41:26.295]      // while "1"  (timeout="200")
[19:41:26.295]      // while-condition  =>  TRUE
[19:41:26.295]      // while "1"  (timeout="200")
[19:41:26.295]      // while-condition  =>  TRUE
[19:41:26.295]      // while "1"  (timeout="200")
[19:41:26.295]      // while-condition  =>  TRUE
[19:41:26.295]      // while "1"  (timeout="200")
[19:41:26.295]      // while-condition  =>  TRUE
[19:41:26.295]      // while "1"  (timeout="200")
[19:41:26.295]      // while-condition  =>  TRUE
[19:41:26.295]      // while "1"  (timeout="200")
[19:41:26.295]      // while-condition  =>  TRUE
[19:41:26.295]      // while "1"  (timeout="200")
[19:41:26.295]      // while-condition  =>  TRUE
[19:41:26.295]      // while "1"  (timeout="200")
[19:41:26.295]      // while-condition  =>  TRUE
[19:41:26.295]      // while "1"  (timeout="200")
[19:41:26.295]      // while-condition  =>  TRUE
[19:41:26.296]      // while "1"  (timeout="200")
[19:41:26.296]      // while-condition  =>  TRUE
[19:41:26.296]      // while "1"  (timeout="200")
[19:41:26.296]      // while-condition  =>  TRUE
[19:41:26.296]      // while "1"  (timeout="200")
[19:41:26.296]      // while-condition  =>  TRUE
[19:41:26.296]      // while "1"  (timeout="200")
[19:41:26.296]      // while-condition  =>  TRUE
[19:41:26.296]      // while "1"  (timeout="200")
[19:41:26.296]      // while-condition  =>  TRUE
[19:41:26.296]      // while "1"  (timeout="200")
[19:41:26.296]      // while-condition  =>  TRUE
[19:41:26.296]      // while "1"  (timeout="200")
[19:41:26.296]      // while-condition  =>  TRUE
[19:41:26.296]      // while "1"  (timeout="200")
[19:41:26.296]      // while-condition  =>  TRUE
[19:41:26.297]      // while "1"  (timeout="200")
[19:41:26.297]      // while-condition  =>  TRUE
[19:41:26.297]      // while "1"  (timeout="200")
[19:41:26.297]      // while-condition  =>  TRUE
[19:41:26.297]      // while "1"  (timeout="200")
[19:41:26.297]      // while-condition  =>  TRUE
[19:41:26.297]      // while "1"  (timeout="200")
[19:41:26.297]      // while-condition  =>  TRUE
[19:41:26.297]      // while "1"  (timeout="200")
[19:41:26.297]      // while-condition  =>  TRUE
[19:41:26.297]      // while "1"  (timeout="200")
[19:41:26.297]      // while-condition  =>  TRUE
[19:41:26.297]      // while "1"  (timeout="200")
[19:41:26.297]      // while-condition  =>  TRUE
[19:41:26.297]      // while "1"  (timeout="200")
[19:41:26.297]      // while-condition  =>  TRUE
[19:41:26.297]      // while "1"  (timeout="200")
[19:41:26.298]      // while-condition  =>  TRUE
[19:41:26.298]      // while "1"  (timeout="200")
[19:41:26.298]      // while-condition  =>  TRUE
[19:41:26.298]      // while "1"  (timeout="200")
[19:41:26.298]      // while-condition  =>  TRUE
[19:41:26.298]      // while "1"  (timeout="200")
[19:41:26.298]      // while-condition  =>  TRUE
[19:41:26.298]      // while "1"  (timeout="200")
[19:41:26.298]      // while-condition  =>  TRUE
[19:41:26.298]      // while "1"  (timeout="200")
[19:41:26.298]      // while-condition  =>  TRUE
[19:41:26.298]      // while "1"  (timeout="200")
[19:41:26.298]      // while-condition  =>  TRUE
[19:41:26.298]      // while "1"  (timeout="200")
[19:41:26.298]      // while-condition  =>  TRUE
[19:41:26.298]      // while "1"  (timeout="200")
[19:41:26.298]      // while-condition  =>  TRUE
[19:41:26.298]      // while "1"  (timeout="200")
[19:41:26.298]      // while-condition  =>  TRUE
[19:41:26.298]      // while "1"  (timeout="200")
[19:41:26.298]      // while-condition  =>  TRUE
[19:41:26.298]      // while "1"  (timeout="200")
[19:41:26.298]      // while-condition  =>  TRUE
[19:41:26.298]      // while "1"  (timeout="200")
[19:41:26.299]      // while-condition  =>  TRUE
[19:41:26.299]      // while "1"  (timeout="200")
[19:41:26.299]      // while-condition  =>  TRUE
[19:41:26.299]      // while "1"  (timeout="200")
[19:41:26.299]      // while-condition  =>  TRUE
[19:41:26.299]      // while "1"  (timeout="200")
[19:41:26.299]      // while-condition  =>  TRUE
[19:41:26.299]      // while "1"  (timeout="200")
[19:41:26.299]      // while-condition  =>  TRUE
[19:41:26.299]      // while "1"  (timeout="200")
[19:41:26.299]      // while-condition  =>  TRUE
[19:41:26.299]      // while "1"  (timeout="200")
[19:41:26.299]      // while-condition  =>  TRUE
[19:41:26.299]      // while "1"  (timeout="200")
[19:41:26.299]      // while-condition  =>  TRUE
[19:41:26.299]      // while "1"  (timeout="200")
[19:41:26.299]      // while-condition  =>  TRUE
[19:41:26.299]      // while "1"  (timeout="200")
[19:41:26.299]      // while-condition  =>  TRUE
[19:41:26.299]      // while "1"  (timeout="200")
[19:41:26.299]      // while-condition  =>  TRUE
[19:41:26.299]      // while "1"  (timeout="200")
[19:41:26.299]      // while-condition  =>  TRUE
[19:41:26.300]      // while "1"  (timeout="200")
[19:41:26.300]      // while  =>  TIMEOUT
[19:41:26.300]      // end while "1"
[19:41:26.300]    </control>
[19:41:26.300]    <control if="canReadPins" while="" timeout="0" info="">
[19:41:26.300]      // if-block "canReadPins"
[19:41:26.300]        // =>  TRUE
[19:41:26.300]      <control if="" while="(DAP_SWJ_Pins(nReset, nReset, 0) & nReset) == 0" timeout="1000000" info="">
[19:41:26.300]        // while "(DAP_SWJ_Pins(nReset, nReset, 0) & nReset) == 0"  (timeout="1000000")
[19:41:26.301]          // -> [DAP_SWJ_Pins(0x80, 0x80, 0) => 0x8F]   (Out: nRESET=1  =>  In: SWCLK/TCK=1, SWDIO/TMS=1, TDI=1, TDO=1, nTRST=0, nRESET=1)
[19:41:26.302]        // while-condition  =>  FALSE
[19:41:26.302]        // end while "(DAP_SWJ_Pins(nReset, nReset, 0) & nReset) == 0"
[19:41:26.302]      </control>
[19:41:26.302]      // end if-block "canReadPins"
[19:41:26.302]    </control>
[19:41:26.302]    <control if="!canReadPins" while="" timeout="0" info="">
[19:41:26.302]      // if-block "!canReadPins"
[19:41:26.302]        // =>  FALSE
[19:41:26.302]      // skip if-block "!canReadPins"
[19:41:26.302]    </control>
[19:41:26.302]    <control if="(ACCESS_POINT_VAL & 0x00E00000) == 0" while="" timeout="0" info="">
[19:41:26.302]      // if-block "(ACCESS_POINT_VAL & 0x00E00000) == 0"
[19:41:26.302]        // =>  TRUE
[19:41:26.302]      <block atomic="false" info="">
[19:41:26.302]        WriteAP(0x00, 0x190008);
[19:41:26.305]          // -> [WriteAP(0x00000000, 0x00190008)]   (__dp=0x00000000, __ap=0x00000004)
[19:41:26.305]        WriteAP(0xF0, 0x01);
[19:41:26.309]          // -> [WriteAP(0x000000F0, 0x00000001)]   (__dp=0x00000000, __ap=0x00000004)
[19:41:26.309]      </block>
[19:41:26.309]      // end if-block "(ACCESS_POINT_VAL & 0x00E00000) == 0"
[19:41:26.309]    </control>
[19:41:26.309]    <control if="(ACCESS_POINT_VAL & 0x00E00000) != 0" while="" timeout="0" info="">
[19:41:26.309]      // if-block "(ACCESS_POINT_VAL & 0x00E00000) != 0"
[19:41:26.309]        // =>  FALSE
[19:41:26.309]      // skip if-block "(ACCESS_POINT_VAL & 0x00E00000) != 0"
[19:41:26.309]    </control>
[19:41:26.309]    <block atomic="false" info="">
[19:41:26.309]      ACCESS_POINT_VAL = ReadAP(0x00);//Reading current state of access point
[19:41:26.313]        // -> [ReadAP(0x00000000) => 0x0079002F]   (__dp=0x00000000, __ap=0x00000004)
[19:41:26.313]        // -> [ACCESS_POINT_VAL <= 0x0079002F]
[19:41:26.313]      Message(0, "Current state of access point is: %x",ACCESS_POINT_VAL);
[19:41:26.315]      __ap = 0; //lets make sure we reset the access point selection
[19:41:26.315]        // -> [__ap <= 0x00000000]
[19:41:26.315]    </block>
[19:41:26.315]  </sequence>
[19:41:26.315]  
[19:41:26.336]  **********  Sequence "DebugDeviceUnlock"  (Context="Connect", Pname="", info="")
[19:41:26.336]  
[19:41:26.337]  <debugvars>
[19:41:26.337]    // Pre-defined
[19:41:26.337]    __protocol=0x00010002      (Protocol="SWD", SWJ-DP="True")
[19:41:26.338]    __connection=0x00000202    (Connection Type="Flash", Reset Type="System Reset")
[19:41:26.338]    __dp=0x00000000
[19:41:26.338]    __ap=0x00000000
[19:41:26.338]    __traceout=0x00000000      (Trace Disabled)
[19:41:26.338]    __errorcontrol=0x00000000  (Skip Errors="False")
[19:41:26.338]    __FlashAddr=0x00000000
[19:41:26.338]    __FlashLen=0x00000000
[19:41:26.338]    __FlashArg=0x00000000
[19:41:26.338]    __FlashOp=0x00000000
[19:41:26.338]    __Result=0x00000000
[19:41:26.338]  </debugvars>
[19:41:26.338]  
[19:41:26.338]  <sequence name="DebugDeviceUnlock" Pname="" disable="false" info="">
[19:41:26.338]    <block atomic="false" info="">
[19:41:26.338]      __var deviceID = 0;
[19:41:26.338]        // -> [deviceID <= 0x00000000]
[19:41:26.338]      __var version = 0;
[19:41:26.338]        // -> [version <= 0x00000000]
[19:41:26.338]      __var partNum = 0;
[19:41:26.338]        // -> [partNum <= 0x00000000]
[19:41:26.338]      __var manuf = 0;
[19:41:26.338]        // -> [manuf <= 0x00000000]
[19:41:26.339]      __var isMSPM0G1X0X_G3X0X = 0;
[19:41:26.339]        // -> [isMSPM0G1X0X_G3X0X <= 0x00000000]
[19:41:26.339]      __var isProduction = 0;
[19:41:26.339]        // -> [isProduction <= 0x00000000]
[19:41:26.339]      __var continueId = 0;
[19:41:26.339]        // -> [continueId <= 0x00000000]
[19:41:26.339]      deviceID =   Read32(0x41C40004);
[19:41:26.345]        // -> [Read32(0x41C40004) => 0x2BB8802F]   (__dp=0x00000000, __ap=0x00000000)
[19:41:26.345]        // -> [deviceID <= 0x2BB8802F]
[19:41:26.345]      version = deviceID >> 28;
[19:41:26.345]        // -> [version <= 0x00000002]
[19:41:26.345]      partNum = (deviceID & 0x0FFFF000) >> 12;
[19:41:26.345]        // -> [partNum <= 0x0000BB88]
[19:41:26.345]      manuf = (deviceID & 0x00000FFE) >> 1;
[19:41:26.345]        // -> [manuf <= 0x00000017]
[19:41:26.345]      isMSPM0G1X0X_G3X0X = (partNum == 0xBB88) && (manuf == 0x17);
[19:41:26.346]        // -> [isMSPM0G1X0X_G3X0X <= 0x00000001]
[19:41:26.346]      isProduction = (version > 0);
[19:41:26.346]        // -> [isProduction <= 0x00000001]
[19:41:26.346]    </block>
[19:41:26.346]    <control if="!isMSPM0G1X0X_G3X0X" while="" timeout="0" info="">
[19:41:26.346]      // if-block "!isMSPM0G1X0X_G3X0X"
[19:41:26.346]        // =>  FALSE
[19:41:26.347]      // skip if-block "!isMSPM0G1X0X_G3X0X"
[19:41:26.347]    </control>
[19:41:26.347]    <control if="continueId == 4" while="" timeout="0" info="">
[19:41:26.347]      // if-block "continueId == 4"
[19:41:26.347]        // =>  FALSE
[19:41:26.347]      // skip if-block "continueId == 4"
[19:41:26.347]    </control>
[19:41:26.347]    <control if="!isProduction" while="" timeout="0" info="">
[19:41:26.347]      // if-block "!isProduction"
[19:41:26.347]        // =>  FALSE
[19:41:26.347]      // skip if-block "!isProduction"
[19:41:26.347]    </control>
[19:41:26.347]  </sequence>
[19:41:26.347]  
