/*
 *  CMSIS Pack Debug Access Sequence Log
 *  File        : C:\Users\xxs13\Desktop\MSPM0G3507_Library\SeekFree_MSPM0G3507_Opensource_Library\project\mdk\SeekFree_MSPM0G3507_Device_Library_Sequences_0034.log
 *  Created     : 18:56:26 (31/07/2026)
 *  Device      : MSPM0G3507
 *  PDSC File   : D:/MDK5.36/Packs/TexasInstruments/MSPM0G1X0X_G3X0X_DFP/1.3.1/TexasInstruments.MSPM0G1X0X_G3X0X_DFP.pdsc
 *
 */

[18:56:26.495]  **********  Sequence "DebugPortSetup"  (Context="Connect", Pname="", info="")
[18:56:26.495]  
[18:56:26.495]  <debugvars>
[18:56:26.495]    // Pre-defined
[18:56:26.495]    __protocol=0x00010002      (Protocol="SWD", SWJ-DP="True")
[18:56:26.495]    __connection=0x00000202    (Connection Type="Flash", Reset Type="System Reset")
[18:56:26.495]    __dp=0x00000000
[18:56:26.495]    __ap=0x00000000
[18:56:26.495]    __traceout=0x00000000      (Trace Disabled)
[18:56:26.495]    __errorcontrol=0x00000000  (Skip Errors="False")
[18:56:26.495]    __FlashAddr=0x00000000
[18:56:26.495]    __FlashLen=0x00000000
[18:56:26.495]    __FlashArg=0x00000000
[18:56:26.495]    __FlashOp=0x00000000
[18:56:26.495]    __Result=0x00000000
[18:56:26.495]  </debugvars>
[18:56:26.495]  
[18:56:26.495]  <sequence name="DebugPortSetup" Pname="" disable="false" info="">
[18:56:26.495]    <block atomic="false" info="">
[18:56:26.495]      __var isSWJ      = ((__protocol & 0x00010000) != 0);
[18:56:26.495]        // -> [isSWJ <= 0x00000001]
[18:56:26.495]      __var hasDormant = __protocol & 0x00020000;
[18:56:26.495]        // -> [hasDormant <= 0x00000000]
[18:56:26.495]      __var protType   = __protocol & 0x0000FFFF;
[18:56:26.495]        // -> [protType <= 0x00000002]
[18:56:26.495]    </block>
[18:56:26.495]    <control if="protType == 1" while="" timeout="0" info="">
[18:56:26.495]      // if-block "protType == 1"
[18:56:26.495]        // =>  FALSE
[18:56:26.495]      // skip if-block "protType == 1"
[18:56:26.495]    </control>
[18:56:26.495]    <control if="protType == 2" while="" timeout="0" info="">
[18:56:26.495]      // if-block "protType == 2"
[18:56:26.495]        // =>  TRUE
[18:56:26.495]      <control if="isSWJ" while="" timeout="0" info="">
[18:56:26.495]        // if-block "isSWJ"
[18:56:26.495]          // =>  TRUE
[18:56:26.495]        <control if="hasDormant" while="" timeout="0" info="">
[18:56:26.495]          // if-block "hasDormant"
[18:56:26.495]            // =>  FALSE
[18:56:26.495]          // skip if-block "hasDormant"
[18:56:26.495]        </control>
[18:56:26.495]        <control if="!hasDormant" while="" timeout="0" info="">
[18:56:26.495]          // if-block "!hasDormant"
[18:56:26.495]            // =>  TRUE
[18:56:26.495]          <block atomic="false" info="">
[18:56:26.495]            DAP_SWJ_Sequence(51, 0x0007FFFFFFFFFFFF); //lets put the JTAG line in a reset state
[18:56:26.505]              // -> [DAP_SWJ_Sequence(51, 0x0007FFFFFFFFFFFF)]
[18:56:26.505]            DAP_SWJ_Sequence(16,0xE73C); //SWD to JTAG, this is to ensure the state machine is initialized
[18:56:26.508]              // -> [DAP_SWJ_Sequence(16, 0x000000000000E73C)]
[18:56:26.508]            DAP_SWJ_Sequence(51, 0x0007FFFFFFFFFFFF); //Put it back in reset
[18:56:26.508]              // -> [DAP_SWJ_Sequence(51, 0x0007FFFFFFFFFFFF)]
[18:56:26.508]            DAP_SWJ_Sequence(16, 0xE79E); //JTAG to SWD switch
[18:56:26.508]              // -> [DAP_SWJ_Sequence(16, 0x000000000000E79E)]
[18:56:26.508]            DAP_SWJ_Sequence(51, 0x0007FFFFFFFFFFFF);  //Ensure the switch is successful 
[18:56:26.508]              // -> [DAP_SWJ_Sequence(51, 0x0007FFFFFFFFFFFF)]
[18:56:26.508]            DAP_SWJ_Sequence(7,  0x00); //Give the line some time to initialize
[18:56:26.517]              // -> [DAP_SWJ_Sequence(7, 0x0000000000000000)]
[18:56:26.517]          </block>
[18:56:26.517]          // end if-block "!hasDormant"
[18:56:26.517]        </control>
[18:56:26.517]        // end if-block "isSWJ"
[18:56:26.517]      </control>
[18:56:26.517]      <control if="!isSWJ" while="" timeout="0" info="">
[18:56:26.517]        // if-block "!isSWJ"
[18:56:26.517]          // =>  FALSE
[18:56:26.517]        // skip if-block "!isSWJ"
[18:56:26.517]      </control>
[18:56:26.517]      <block atomic="false" info="">
[18:56:26.517]        ReadDP(0x0);
[18:56:26.517]          // -> [ReadDP(0x00000000) => 0x6BA02477]   (__dp=0x00000000)
[18:56:26.517]      </block>
[18:56:26.517]      // end if-block "protType == 2"
[18:56:26.517]    </control>
[18:56:26.517]  </sequence>
[18:56:26.517]  
[18:56:26.517]  **********  Sequence "DebugPortStart"  (Context="Connect", Pname="", info="")
[18:56:26.517]  
[18:56:26.517]  <debugvars>
[18:56:26.517]    // Pre-defined
[18:56:26.517]    __protocol=0x00010002      (Protocol="SWD", SWJ-DP="True")
[18:56:26.517]    __connection=0x00000202    (Connection Type="Flash", Reset Type="System Reset")
[18:56:26.517]    __dp=0x00000000
[18:56:26.517]    __ap=0x00000000
[18:56:26.517]    __traceout=0x00000000      (Trace Disabled)
[18:56:26.517]    __errorcontrol=0x00000000  (Skip Errors="False")
[18:56:26.517]    __FlashAddr=0x00000000
[18:56:26.517]    __FlashLen=0x00000000
[18:56:26.517]    __FlashArg=0x00000000
[18:56:26.517]    __FlashOp=0x00000000
[18:56:26.517]    __Result=0x00000000
[18:56:26.517]  </debugvars>
[18:56:26.517]  
[18:56:26.517]  <sequence name="DebugPortStart" Pname="" disable="false" info="">
[18:56:26.517]    <block atomic="false" info="">
[18:56:26.517]      __var SW_DP_ABORT       = 0x0;
[18:56:26.517]        // -> [SW_DP_ABORT <= 0x00000000]
[18:56:26.517]      __var DP_CTRL_STAT      = 0x4;
[18:56:26.517]        // -> [DP_CTRL_STAT <= 0x00000004]
[18:56:26.517]      __var DP_SELECT         = 0x8;
[18:56:26.517]        // -> [DP_SELECT <= 0x00000008]
[18:56:26.517]      __var powered_down      = 0;
[18:56:26.517]        // -> [powered_down <= 0x00000000]
[18:56:26.517]      WriteDP(DP_SELECT, 0x00000000);
[18:56:26.527]        // -> [WriteDP(0x00000008, 0x00000000)]   (__dp=0x00000000)
[18:56:26.527]      powered_down = ((ReadDP(DP_CTRL_STAT) & 0xA0000000) != 0xA0000000);
[18:56:26.527]        // -> [ReadDP(0x00000004) => 0x00000040]   (__dp=0x00000000)
[18:56:26.527]        // -> [powered_down <= 0x00000001]
[18:56:26.527]    </block>
[18:56:26.527]    <control if="powered_down" while="" timeout="0" info="">
[18:56:26.527]      // if-block "powered_down"
[18:56:26.527]        // =>  TRUE
[18:56:26.527]      <block atomic="false" info="">
[18:56:26.527]        Message(0, "Debug/System power-up request sent");
[18:56:26.527]        WriteDP(DP_CTRL_STAT, 0x50000000);
[18:56:26.527]          // -> [WriteDP(0x00000004, 0x50000000)]   (__dp=0x00000000)
[18:56:26.527]      </block>
[18:56:26.527]      <control if="" while="(ReadDP(DP_CTRL_STAT) & 0xA0000000) != 0xA0000000" timeout="1000000" info="">
[18:56:26.527]        // while "(ReadDP(DP_CTRL_STAT) & 0xA0000000) != 0xA0000000"  (timeout="1000000")
[18:56:26.527]          // -> [ReadDP(0x00000004) => 0xF0000040]   (__dp=0x00000000)
[18:56:26.536]        // while-condition  =>  FALSE
[18:56:26.536]        // end while "(ReadDP(DP_CTRL_STAT) & 0xA0000000) != 0xA0000000"
[18:56:26.536]      </control>
[18:56:26.536]      <control if="(__protocol & 0xFFFF) == 1" while="" timeout="0" info="">
[18:56:26.536]        // if-block "(__protocol & 0xFFFF) == 1"
[18:56:26.536]          // =>  FALSE
[18:56:26.537]        // skip if-block "(__protocol & 0xFFFF) == 1"
[18:56:26.537]      </control>
[18:56:26.537]      <control if="(__protocol & 0xFFFF) == 2" while="" timeout="0" info="">
[18:56:26.537]        // if-block "(__protocol & 0xFFFF) == 2"
[18:56:26.537]          // =>  TRUE
[18:56:26.537]        <block atomic="false" info="">
[18:56:26.537]          Message(0, "executing SWD power up");
[18:56:26.537]          WriteDP(DP_CTRL_STAT, 0x50000F00);
[18:56:26.537]            // -> [WriteDP(0x00000004, 0x50000F00)]   (__dp=0x00000000)
[18:56:26.537]          WriteDP(SW_DP_ABORT, 0x0000001E);
[18:56:26.537]            // -> [WriteDP(0x00000000, 0x0000001E)]   (__dp=0x00000000)
[18:56:26.537]        </block>
[18:56:26.537]        // end if-block "(__protocol & 0xFFFF) == 2"
[18:56:26.537]      </control>
[18:56:26.537]      // end if-block "powered_down"
[18:56:26.537]    </control>
[18:56:26.537]    <block atomic="false" info="">
[18:56:26.537]      __var DEBUG_PORT_VAL    = 0;
[18:56:26.537]        // -> [DEBUG_PORT_VAL <= 0x00000000]
[18:56:26.537]      __var ACCESS_POINT_VAL  = 0;
[18:56:26.537]        // -> [ACCESS_POINT_VAL <= 0x00000000]
[18:56:26.537]      __ap = 1; 
[18:56:26.537]        // -> [__ap <= 0x00000001]
[18:56:26.537]      WriteAP(0x0C, 0x04); //lets use the mini pwr-ap as backup
[18:56:26.537]        // -> [WriteAP(0x0000000C, 0x00000004)]   (__dp=0x00000000, __ap=0x00000001)
[18:56:26.537]      __ap = 4;
[18:56:26.546]        // -> [__ap <= 0x00000004]
[18:56:26.546]      ACCESS_POINT_VAL = ReadAP(0x00);//Reading current state of access point
[18:56:26.546]        // -> [ReadAP(0x00000000) => 0x00080027]   (__dp=0x00000000, __ap=0x00000004)
[18:56:26.546]        // -> [ACCESS_POINT_VAL <= 0x00080027]
[18:56:26.546]      Message(0, "Current state of access point is: %x",ACCESS_POINT_VAL);
[18:56:26.546]    </block>
[18:56:26.546]    <block atomic="false" info="">
[18:56:26.546]      __var nReset = 0x80;
[18:56:26.546]        // -> [nReset <= 0x00000080]
[18:56:26.546]      __var canReadPins = 0;
[18:56:26.546]        // -> [canReadPins <= 0x00000000]
[18:56:26.546]      canReadPins = (DAP_SWJ_Pins(0x00, nReset, 0) != 0xFFFFFFFF);
[18:56:26.546]        // -> [DAP_SWJ_Pins(0x00, 0x80, 0) => 0x0F]   (Out: nRESET=0  =>  In: SWCLK/TCK=1, SWDIO/TMS=1, TDI=1, TDO=1, nTRST=0, nRESET=0)
[18:56:26.546]        // -> [canReadPins <= 0x00000001]
[18:56:26.546]    </block>
[18:56:26.546]    <control if="" while="1" timeout="200" info="">
[18:56:26.546]      // while "1"  (timeout="200")
[18:56:26.546]      // while-condition  =>  TRUE
[18:56:26.546]      // while "1"  (timeout="200")
[18:56:26.546]      // while-condition  =>  TRUE
[18:56:26.546]      // while "1"  (timeout="200")
[18:56:26.546]      // while-condition  =>  TRUE
[18:56:26.546]      // while "1"  (timeout="200")
[18:56:26.546]      // while-condition  =>  TRUE
[18:56:26.546]      // while "1"  (timeout="200")
[18:56:26.546]      // while-condition  =>  TRUE
[18:56:26.546]      // while "1"  (timeout="200")
[18:56:26.546]      // while-condition  =>  TRUE
[18:56:26.546]      // while "1"  (timeout="200")
[18:56:26.546]      // while-condition  =>  TRUE
[18:56:26.546]      // while "1"  (timeout="200")
[18:56:26.546]      // while-condition  =>  TRUE
[18:56:26.546]      // while "1"  (timeout="200")
[18:56:26.546]      // while-condition  =>  TRUE
[18:56:26.546]      // while "1"  (timeout="200")
[18:56:26.546]      // while-condition  =>  TRUE
[18:56:26.546]      // while "1"  (timeout="200")
[18:56:26.546]      // while-condition  =>  TRUE
[18:56:26.546]      // while "1"  (timeout="200")
[18:56:26.546]      // while-condition  =>  TRUE
[18:56:26.546]      // while "1"  (timeout="200")
[18:56:26.546]      // while-condition  =>  TRUE
[18:56:26.546]      // while "1"  (timeout="200")
[18:56:26.546]      // while-condition  =>  TRUE
[18:56:26.546]      // while "1"  (timeout="200")
[18:56:26.546]      // while-condition  =>  TRUE
[18:56:26.546]      // while "1"  (timeout="200")
[18:56:26.546]      // while-condition  =>  TRUE
[18:56:26.546]      // while "1"  (timeout="200")
[18:56:26.546]      // while-condition  =>  TRUE
[18:56:26.546]      // while "1"  (timeout="200")
[18:56:26.546]      // while-condition  =>  TRUE
[18:56:26.546]      // while "1"  (timeout="200")
[18:56:26.546]      // while-condition  =>  TRUE
[18:56:26.546]      // while "1"  (timeout="200")
[18:56:26.546]      // while-condition  =>  TRUE
[18:56:26.546]      // while "1"  (timeout="200")
[18:56:26.546]      // while-condition  =>  TRUE
[18:56:26.546]      // while "1"  (timeout="200")
[18:56:26.546]      // while-condition  =>  TRUE
[18:56:26.546]      // while "1"  (timeout="200")
[18:56:26.546]      // while-condition  =>  TRUE
[18:56:26.556]      // while "1"  (timeout="200")
[18:56:26.556]      // while-condition  =>  TRUE
[18:56:26.556]      // while "1"  (timeout="200")
[18:56:26.556]      // while-condition  =>  TRUE
[18:56:26.556]      // while "1"  (timeout="200")
[18:56:26.556]      // while-condition  =>  TRUE
[18:56:26.556]      // while "1"  (timeout="200")
[18:56:26.556]      // while-condition  =>  TRUE
[18:56:26.556]      // while "1"  (timeout="200")
[18:56:26.556]      // while-condition  =>  TRUE
[18:56:26.556]      // while "1"  (timeout="200")
[18:56:26.556]      // while-condition  =>  TRUE
[18:56:26.556]      // while "1"  (timeout="200")
[18:56:26.556]      // while-condition  =>  TRUE
[18:56:26.556]      // while "1"  (timeout="200")
[18:56:26.556]      // while-condition  =>  TRUE
[18:56:26.556]      // while "1"  (timeout="200")
[18:56:26.556]      // while-condition  =>  TRUE
[18:56:26.556]      // while "1"  (timeout="200")
[18:56:26.556]      // while-condition  =>  TRUE
[18:56:26.556]      // while "1"  (timeout="200")
[18:56:26.556]      // while-condition  =>  TRUE
[18:56:26.556]      // while "1"  (timeout="200")
[18:56:26.556]      // while-condition  =>  TRUE
[18:56:26.556]      // while "1"  (timeout="200")
[18:56:26.556]      // while-condition  =>  TRUE
[18:56:26.556]      // while "1"  (timeout="200")
[18:56:26.556]      // while-condition  =>  TRUE
[18:56:26.556]      // while "1"  (timeout="200")
[18:56:26.556]      // while-condition  =>  TRUE
[18:56:26.556]      // while "1"  (timeout="200")
[18:56:26.556]      // while-condition  =>  TRUE
[18:56:26.556]      // while "1"  (timeout="200")
[18:56:26.556]      // while-condition  =>  TRUE
[18:56:26.556]      // while "1"  (timeout="200")
[18:56:26.556]      // while-condition  =>  TRUE
[18:56:26.556]      // while "1"  (timeout="200")
[18:56:26.556]      // while-condition  =>  TRUE
[18:56:26.556]      // while "1"  (timeout="200")
[18:56:26.556]      // while-condition  =>  TRUE
[18:56:26.556]      // while "1"  (timeout="200")
[18:56:26.556]      // while-condition  =>  TRUE
[18:56:26.556]      // while "1"  (timeout="200")
[18:56:26.556]      // while-condition  =>  TRUE
[18:56:26.556]      // while "1"  (timeout="200")
[18:56:26.556]      // while-condition  =>  TRUE
[18:56:26.556]      // while "1"  (timeout="200")
[18:56:26.556]      // while-condition  =>  TRUE
[18:56:26.556]      // while "1"  (timeout="200")
[18:56:26.556]      // while-condition  =>  TRUE
[18:56:26.556]      // while "1"  (timeout="200")
[18:56:26.556]      // while-condition  =>  TRUE
[18:56:26.556]      // while "1"  (timeout="200")
[18:56:26.556]      // while-condition  =>  TRUE
[18:56:26.556]      // while "1"  (timeout="200")
[18:56:26.556]      // while-condition  =>  TRUE
[18:56:26.556]      // while "1"  (timeout="200")
[18:56:26.556]      // while-condition  =>  TRUE
[18:56:26.556]      // while "1"  (timeout="200")
[18:56:26.556]      // while-condition  =>  TRUE
[18:56:26.556]      // while "1"  (timeout="200")
[18:56:26.556]      // while-condition  =>  TRUE
[18:56:26.556]      // while "1"  (timeout="200")
[18:56:26.556]      // while-condition  =>  TRUE
[18:56:26.556]      // while "1"  (timeout="200")
[18:56:26.556]      // while-condition  =>  TRUE
[18:56:26.556]      // while "1"  (timeout="200")
[18:56:26.556]      // while-condition  =>  TRUE
[18:56:26.556]      // while "1"  (timeout="200")
[18:56:26.556]      // while-condition  =>  TRUE
[18:56:26.556]      // while "1"  (timeout="200")
[18:56:26.556]      // while-condition  =>  TRUE
[18:56:26.556]      // while "1"  (timeout="200")
[18:56:26.556]      // while-condition  =>  TRUE
[18:56:26.556]      // while "1"  (timeout="200")
[18:56:26.556]      // while-condition  =>  TRUE
[18:56:26.556]      // while "1"  (timeout="200")
[18:56:26.556]      // while-condition  =>  TRUE
[18:56:26.556]      // while "1"  (timeout="200")
[18:56:26.556]      // while-condition  =>  TRUE
[18:56:26.556]      // while "1"  (timeout="200")
[18:56:26.556]      // while-condition  =>  TRUE
[18:56:26.556]      // while "1"  (timeout="200")
[18:56:26.556]      // while-condition  =>  TRUE
[18:56:26.556]      // while "1"  (timeout="200")
[18:56:26.556]      // while-condition  =>  TRUE
[18:56:26.556]      // while "1"  (timeout="200")
[18:56:26.556]      // while-condition  =>  TRUE
[18:56:26.556]      // while "1"  (timeout="200")
[18:56:26.556]      // while-condition  =>  TRUE
[18:56:26.556]      // while "1"  (timeout="200")
[18:56:26.556]      // while-condition  =>  TRUE
[18:56:26.556]      // while "1"  (timeout="200")
[18:56:26.556]      // while-condition  =>  TRUE
[18:56:26.556]      // while "1"  (timeout="200")
[18:56:26.556]      // while-condition  =>  TRUE
[18:56:26.556]      // while "1"  (timeout="200")
[18:56:26.556]      // while-condition  =>  TRUE
[18:56:26.556]      // while "1"  (timeout="200")
[18:56:26.556]      // while-condition  =>  TRUE
[18:56:26.556]      // while "1"  (timeout="200")
[18:56:26.556]      // while-condition  =>  TRUE
[18:56:26.556]      // while "1"  (timeout="200")
[18:56:26.556]      // while-condition  =>  TRUE
[18:56:26.556]      // while "1"  (timeout="200")
[18:56:26.556]      // while-condition  =>  TRUE
[18:56:26.556]      // while "1"  (timeout="200")
[18:56:26.556]      // while-condition  =>  TRUE
[18:56:26.556]      // while "1"  (timeout="200")
[18:56:26.556]      // while-condition  =>  TRUE
[18:56:26.556]      // while "1"  (timeout="200")
[18:56:26.556]      // while-condition  =>  TRUE
[18:56:26.556]      // while "1"  (timeout="200")
[18:56:26.556]      // while-condition  =>  TRUE
[18:56:26.556]      // while "1"  (timeout="200")
[18:56:26.556]      // while-condition  =>  TRUE
[18:56:26.556]      // while "1"  (timeout="200")
[18:56:26.556]      // while-condition  =>  TRUE
[18:56:26.556]      // while "1"  (timeout="200")
[18:56:26.556]      // while-condition  =>  TRUE
[18:56:26.556]      // while "1"  (timeout="200")
[18:56:26.556]      // while-condition  =>  TRUE
[18:56:26.556]      // while "1"  (timeout="200")
[18:56:26.556]      // while-condition  =>  TRUE
[18:56:26.556]      // while "1"  (timeout="200")
[18:56:26.556]      // while-condition  =>  TRUE
[18:56:26.556]      // while "1"  (timeout="200")
[18:56:26.556]      // while-condition  =>  TRUE
[18:56:26.556]      // while "1"  (timeout="200")
[18:56:26.556]      // while-condition  =>  TRUE
[18:56:26.556]      // while "1"  (timeout="200")
[18:56:26.556]      // while-condition  =>  TRUE
[18:56:26.556]      // while "1"  (timeout="200")
[18:56:26.556]      // while-condition  =>  TRUE
[18:56:26.556]      // while "1"  (timeout="200")
[18:56:26.556]      // while-condition  =>  TRUE
[18:56:26.556]      // while "1"  (timeout="200")
[18:56:26.556]      // while-condition  =>  TRUE
[18:56:26.556]      // while "1"  (timeout="200")
[18:56:26.556]      // while-condition  =>  TRUE
[18:56:26.556]      // while "1"  (timeout="200")
[18:56:26.556]      // while-condition  =>  TRUE
[18:56:26.556]      // while "1"  (timeout="200")
[18:56:26.556]      // while-condition  =>  TRUE
[18:56:26.556]      // while "1"  (timeout="200")
[18:56:26.556]      // while-condition  =>  TRUE
[18:56:26.556]      // while "1"  (timeout="200")
[18:56:26.556]      // while-condition  =>  TRUE
[18:56:26.556]      // while "1"  (timeout="200")
[18:56:26.556]      // while-condition  =>  TRUE
[18:56:26.556]      // while "1"  (timeout="200")
[18:56:26.556]      // while-condition  =>  TRUE
[18:56:26.556]      // while "1"  (timeout="200")
[18:56:26.556]      // while-condition  =>  TRUE
[18:56:26.556]      // while "1"  (timeout="200")
[18:56:26.556]      // while-condition  =>  TRUE
[18:56:26.556]      // while "1"  (timeout="200")
[18:56:26.556]      // while-condition  =>  TRUE
[18:56:26.556]      // while "1"  (timeout="200")
[18:56:26.556]      // while-condition  =>  TRUE
[18:56:26.556]      // while "1"  (timeout="200")
[18:56:26.556]      // while-condition  =>  TRUE
[18:56:26.556]      // while "1"  (timeout="200")
[18:56:26.556]      // while-condition  =>  TRUE
[18:56:26.556]      // while "1"  (timeout="200")
[18:56:26.556]      // while-condition  =>  TRUE
[18:56:26.556]      // while "1"  (timeout="200")
[18:56:26.556]      // while-condition  =>  TRUE
[18:56:26.556]      // while "1"  (timeout="200")
[18:56:26.556]      // while-condition  =>  TRUE
[18:56:26.556]      // while "1"  (timeout="200")
[18:56:26.556]      // while-condition  =>  TRUE
[18:56:26.556]      // while "1"  (timeout="200")
[18:56:26.556]      // while-condition  =>  TRUE
[18:56:26.556]      // while "1"  (timeout="200")
[18:56:26.556]      // while-condition  =>  TRUE
[18:56:26.556]      // while "1"  (timeout="200")
[18:56:26.556]      // while-condition  =>  TRUE
[18:56:26.556]      // while "1"  (timeout="200")
[18:56:26.556]      // while-condition  =>  TRUE
[18:56:26.556]      // while "1"  (timeout="200")
[18:56:26.556]      // while-condition  =>  TRUE
[18:56:26.556]      // while "1"  (timeout="200")
[18:56:26.556]      // while-condition  =>  TRUE
[18:56:26.556]      // while "1"  (timeout="200")
[18:56:26.556]      // while-condition  =>  TRUE
[18:56:26.556]      // while "1"  (timeout="200")
[18:56:26.556]      // while-condition  =>  TRUE
[18:56:26.556]      // while "1"  (timeout="200")
[18:56:26.556]      // while-condition  =>  TRUE
[18:56:26.556]      // while "1"  (timeout="200")
[18:56:26.556]      // while-condition  =>  TRUE
[18:56:26.556]      // while "1"  (timeout="200")
[18:56:26.556]      // while-condition  =>  TRUE
[18:56:26.556]      // while "1"  (timeout="200")
[18:56:26.566]      // while-condition  =>  TRUE
[18:56:26.566]      // while "1"  (timeout="200")
[18:56:26.566]      // while  =>  TIMEOUT
[18:56:26.566]      // end while "1"
[18:56:26.566]    </control>
[18:56:26.566]    <control if="canReadPins" while="" timeout="0" info="">
[18:56:26.566]      // if-block "canReadPins"
[18:56:26.566]        // =>  TRUE
[18:56:26.566]      <control if="" while="(DAP_SWJ_Pins(nReset, nReset, 0) & nReset) == 0" timeout="1000000" info="">
[18:56:26.566]        // while "(DAP_SWJ_Pins(nReset, nReset, 0) & nReset) == 0"  (timeout="1000000")
[18:56:26.566]          // -> [DAP_SWJ_Pins(0x80, 0x80, 0) => 0x8F]   (Out: nRESET=1  =>  In: SWCLK/TCK=1, SWDIO/TMS=1, TDI=1, TDO=1, nTRST=0, nRESET=1)
[18:56:26.566]        // while-condition  =>  FALSE
[18:56:26.566]        // end while "(DAP_SWJ_Pins(nReset, nReset, 0) & nReset) == 0"
[18:56:26.566]      </control>
[18:56:26.566]      // end if-block "canReadPins"
[18:56:26.566]    </control>
[18:56:26.566]    <control if="!canReadPins" while="" timeout="0" info="">
[18:56:26.566]      // if-block "!canReadPins"
[18:56:26.566]        // =>  FALSE
[18:56:26.566]      // skip if-block "!canReadPins"
[18:56:26.566]    </control>
[18:56:26.566]    <control if="(ACCESS_POINT_VAL & 0x00E00000) == 0" while="" timeout="0" info="">
[18:56:26.566]      // if-block "(ACCESS_POINT_VAL & 0x00E00000) == 0"
[18:56:26.566]        // =>  TRUE
[18:56:26.566]      <block atomic="false" info="">
[18:56:26.566]        WriteAP(0x00, 0x190008);
[18:56:26.566]          // -> [WriteAP(0x00000000, 0x00190008)]   (__dp=0x00000000, __ap=0x00000004)
[18:56:26.566]        WriteAP(0xF0, 0x01);
[18:56:26.566]          // -> [WriteAP(0x000000F0, 0x00000001)]   (__dp=0x00000000, __ap=0x00000004)
[18:56:26.566]      </block>
[18:56:26.566]      // end if-block "(ACCESS_POINT_VAL & 0x00E00000) == 0"
[18:56:26.566]    </control>
[18:56:26.566]    <control if="(ACCESS_POINT_VAL & 0x00E00000) != 0" while="" timeout="0" info="">
[18:56:26.566]      // if-block "(ACCESS_POINT_VAL & 0x00E00000) != 0"
[18:56:26.566]        // =>  FALSE
[18:56:26.566]      // skip if-block "(ACCESS_POINT_VAL & 0x00E00000) != 0"
[18:56:26.566]    </control>
[18:56:26.566]    <block atomic="false" info="">
[18:56:26.566]      ACCESS_POINT_VAL = ReadAP(0x00);//Reading current state of access point
[18:56:26.576]        // -> [ReadAP(0x00000000) => 0x0079002F]   (__dp=0x00000000, __ap=0x00000004)
[18:56:26.576]        // -> [ACCESS_POINT_VAL <= 0x0079002F]
[18:56:26.576]      Message(0, "Current state of access point is: %x",ACCESS_POINT_VAL);
[18:56:26.576]      __ap = 0; //lets make sure we reset the access point selection
[18:56:26.576]        // -> [__ap <= 0x00000000]
[18:56:26.576]    </block>
[18:56:26.576]  </sequence>
[18:56:26.576]  
[18:56:26.597]  **********  Sequence "DebugDeviceUnlock"  (Context="Connect", Pname="", info="")
[18:56:26.597]  
[18:56:26.597]  <debugvars>
[18:56:26.597]    // Pre-defined
[18:56:26.597]    __protocol=0x00010002      (Protocol="SWD", SWJ-DP="True")
[18:56:26.597]    __connection=0x00000202    (Connection Type="Flash", Reset Type="System Reset")
[18:56:26.597]    __dp=0x00000000
[18:56:26.597]    __ap=0x00000000
[18:56:26.597]    __traceout=0x00000000      (Trace Disabled)
[18:56:26.597]    __errorcontrol=0x00000000  (Skip Errors="False")
[18:56:26.597]    __FlashAddr=0x00000000
[18:56:26.597]    __FlashLen=0x00000000
[18:56:26.597]    __FlashArg=0x00000000
[18:56:26.597]    __FlashOp=0x00000000
[18:56:26.597]    __Result=0x00000000
[18:56:26.597]  </debugvars>
[18:56:26.597]  
[18:56:26.597]  <sequence name="DebugDeviceUnlock" Pname="" disable="false" info="">
[18:56:26.597]    <block atomic="false" info="">
[18:56:26.597]      __var deviceID = 0;
[18:56:26.597]        // -> [deviceID <= 0x00000000]
[18:56:26.597]      __var version = 0;
[18:56:26.597]        // -> [version <= 0x00000000]
[18:56:26.597]      __var partNum = 0;
[18:56:26.597]        // -> [partNum <= 0x00000000]
[18:56:26.597]      __var manuf = 0;
[18:56:26.597]        // -> [manuf <= 0x00000000]
[18:56:26.597]      __var isMSPM0G1X0X_G3X0X = 0;
[18:56:26.597]        // -> [isMSPM0G1X0X_G3X0X <= 0x00000000]
[18:56:26.597]      __var isProduction = 0;
[18:56:26.597]        // -> [isProduction <= 0x00000000]
[18:56:26.597]      __var continueId = 0;
[18:56:26.597]        // -> [continueId <= 0x00000000]
[18:56:26.597]      deviceID =   Read32(0x41C40004);
[18:56:26.607]        // -> [Read32(0x41C40004) => 0x2BB8802F]   (__dp=0x00000000, __ap=0x00000000)
[18:56:26.607]        // -> [deviceID <= 0x2BB8802F]
[18:56:26.607]      version = deviceID >> 28;
[18:56:26.607]        // -> [version <= 0x00000002]
[18:56:26.607]      partNum = (deviceID & 0x0FFFF000) >> 12;
[18:56:26.607]        // -> [partNum <= 0x0000BB88]
[18:56:26.607]      manuf = (deviceID & 0x00000FFE) >> 1;
[18:56:26.607]        // -> [manuf <= 0x00000017]
[18:56:26.607]      isMSPM0G1X0X_G3X0X = (partNum == 0xBB88) && (manuf == 0x17);
[18:56:26.607]        // -> [isMSPM0G1X0X_G3X0X <= 0x00000001]
[18:56:26.607]      isProduction = (version > 0);
[18:56:26.607]        // -> [isProduction <= 0x00000001]
[18:56:26.607]    </block>
[18:56:26.607]    <control if="!isMSPM0G1X0X_G3X0X" while="" timeout="0" info="">
[18:56:26.607]      // if-block "!isMSPM0G1X0X_G3X0X"
[18:56:26.607]        // =>  FALSE
[18:56:26.607]      // skip if-block "!isMSPM0G1X0X_G3X0X"
[18:56:26.607]    </control>
[18:56:26.607]    <control if="continueId == 4" while="" timeout="0" info="">
[18:56:26.607]      // if-block "continueId == 4"
[18:56:26.607]        // =>  FALSE
[18:56:26.607]      // skip if-block "continueId == 4"
[18:56:26.607]    </control>
[18:56:26.607]    <control if="!isProduction" while="" timeout="0" info="">
[18:56:26.607]      // if-block "!isProduction"
[18:56:26.607]        // =>  FALSE
[18:56:26.607]      // skip if-block "!isProduction"
[18:56:26.607]    </control>
[18:56:26.607]  </sequence>
[18:56:26.607]  
[19:02:35.987]  **********  Sequence "DebugPortSetup"  (Context="Connect", Pname="", info="")
[19:02:35.987]  
[19:02:35.987]  <debugvars>
[19:02:35.987]    // Pre-defined
[19:02:35.987]    __protocol=0x00010002      (Protocol="SWD", SWJ-DP="True")
[19:02:35.987]    __connection=0x00000202    (Connection Type="Flash", Reset Type="System Reset")
[19:02:35.987]    __dp=0x00000000
[19:02:35.987]    __ap=0x00000000
[19:02:35.987]    __traceout=0x00000000      (Trace Disabled)
[19:02:35.987]    __errorcontrol=0x00000000  (Skip Errors="False")
[19:02:35.987]    __FlashAddr=0x00000000
[19:02:35.987]    __FlashLen=0x00000000
[19:02:35.987]    __FlashArg=0x00000000
[19:02:35.987]    __FlashOp=0x00000000
[19:02:35.987]    __Result=0x00000000
[19:02:35.987]  </debugvars>
[19:02:35.987]  
[19:02:35.987]  <sequence name="DebugPortSetup" Pname="" disable="false" info="">
[19:02:35.987]    <block atomic="false" info="">
[19:02:35.987]      __var isSWJ      = ((__protocol & 0x00010000) != 0);
[19:02:35.987]        // -> [isSWJ <= 0x00000001]
[19:02:35.987]      __var hasDormant = __protocol & 0x00020000;
[19:02:35.987]        // -> [hasDormant <= 0x00000000]
[19:02:35.987]      __var protType   = __protocol & 0x0000FFFF;
[19:02:35.987]        // -> [protType <= 0x00000002]
[19:02:35.987]    </block>
[19:02:35.987]    <control if="protType == 1" while="" timeout="0" info="">
[19:02:35.987]      // if-block "protType == 1"
[19:02:35.987]        // =>  FALSE
[19:02:35.987]      // skip if-block "protType == 1"
[19:02:35.987]    </control>
[19:02:35.987]    <control if="protType == 2" while="" timeout="0" info="">
[19:02:35.987]      // if-block "protType == 2"
[19:02:35.987]        // =>  TRUE
[19:02:35.987]      <control if="isSWJ" while="" timeout="0" info="">
[19:02:35.987]        // if-block "isSWJ"
[19:02:35.987]          // =>  TRUE
[19:02:35.987]        <control if="hasDormant" while="" timeout="0" info="">
[19:02:35.987]          // if-block "hasDormant"
[19:02:35.987]            // =>  FALSE
[19:02:35.987]          // skip if-block "hasDormant"
[19:02:35.987]        </control>
[19:02:35.987]        <control if="!hasDormant" while="" timeout="0" info="">
[19:02:35.987]          // if-block "!hasDormant"
[19:02:35.987]            // =>  TRUE
[19:02:35.987]          <block atomic="false" info="">
[19:02:35.987]            DAP_SWJ_Sequence(51, 0x0007FFFFFFFFFFFF); //lets put the JTAG line in a reset state
[19:02:35.987]              // -> [DAP_SWJ_Sequence(51, 0x0007FFFFFFFFFFFF)]
[19:02:35.987]            DAP_SWJ_Sequence(16,0xE73C); //SWD to JTAG, this is to ensure the state machine is initialized
[19:02:35.987]              // -> [DAP_SWJ_Sequence(16, 0x000000000000E73C)]
[19:02:35.987]            DAP_SWJ_Sequence(51, 0x0007FFFFFFFFFFFF); //Put it back in reset
[19:02:35.997]              // -> [DAP_SWJ_Sequence(51, 0x0007FFFFFFFFFFFF)]
[19:02:35.997]            DAP_SWJ_Sequence(16, 0xE79E); //JTAG to SWD switch
[19:02:35.997]              // -> [DAP_SWJ_Sequence(16, 0x000000000000E79E)]
[19:02:35.997]            DAP_SWJ_Sequence(51, 0x0007FFFFFFFFFFFF);  //Ensure the switch is successful 
[19:02:35.997]              // -> [DAP_SWJ_Sequence(51, 0x0007FFFFFFFFFFFF)]
[19:02:35.997]            DAP_SWJ_Sequence(7,  0x00); //Give the line some time to initialize
[19:02:35.997]              // -> [DAP_SWJ_Sequence(7, 0x0000000000000000)]
[19:02:35.997]          </block>
[19:02:35.997]          // end if-block "!hasDormant"
[19:02:35.997]        </control>
[19:02:35.997]        // end if-block "isSWJ"
[19:02:35.997]      </control>
[19:02:35.997]      <control if="!isSWJ" while="" timeout="0" info="">
[19:02:35.997]        // if-block "!isSWJ"
[19:02:35.997]          // =>  FALSE
[19:02:35.997]        // skip if-block "!isSWJ"
[19:02:35.997]      </control>
[19:02:35.997]      <block atomic="false" info="">
[19:02:35.997]        ReadDP(0x0);
[19:02:36.005]          // -> [ReadDP(0x00000000) => 0x6BA02477]   (__dp=0x00000000)
[19:02:36.005]      </block>
[19:02:36.006]      // end if-block "protType == 2"
[19:02:36.006]    </control>
[19:02:36.006]  </sequence>
[19:02:36.006]  
[19:02:36.006]  **********  Sequence "DebugPortStart"  (Context="Connect", Pname="", info="")
[19:02:36.006]  
[19:02:36.006]  <debugvars>
[19:02:36.006]    // Pre-defined
[19:02:36.006]    __protocol=0x00010002      (Protocol="SWD", SWJ-DP="True")
[19:02:36.006]    __connection=0x00000202    (Connection Type="Flash", Reset Type="System Reset")
[19:02:36.006]    __dp=0x00000000
[19:02:36.006]    __ap=0x00000000
[19:02:36.006]    __traceout=0x00000000      (Trace Disabled)
[19:02:36.006]    __errorcontrol=0x00000000  (Skip Errors="False")
[19:02:36.006]    __FlashAddr=0x00000000
[19:02:36.006]    __FlashLen=0x00000000
[19:02:36.006]    __FlashArg=0x00000000
[19:02:36.006]    __FlashOp=0x00000000
[19:02:36.006]    __Result=0x00000000
[19:02:36.006]  </debugvars>
[19:02:36.006]  
[19:02:36.006]  <sequence name="DebugPortStart" Pname="" disable="false" info="">
[19:02:36.006]    <block atomic="false" info="">
[19:02:36.006]      __var SW_DP_ABORT       = 0x0;
[19:02:36.006]        // -> [SW_DP_ABORT <= 0x00000000]
[19:02:36.006]      __var DP_CTRL_STAT      = 0x4;
[19:02:36.006]        // -> [DP_CTRL_STAT <= 0x00000004]
[19:02:36.006]      __var DP_SELECT         = 0x8;
[19:02:36.006]        // -> [DP_SELECT <= 0x00000008]
[19:02:36.006]      __var powered_down      = 0;
[19:02:36.006]        // -> [powered_down <= 0x00000000]
[19:02:36.006]      WriteDP(DP_SELECT, 0x00000000);
[19:02:36.006]        // -> [WriteDP(0x00000008, 0x00000000)]   (__dp=0x00000000)
[19:02:36.006]      powered_down = ((ReadDP(DP_CTRL_STAT) & 0xA0000000) != 0xA0000000);
[19:02:36.006]        // -> [ReadDP(0x00000004) => 0x00000040]   (__dp=0x00000000)
[19:02:36.006]        // -> [powered_down <= 0x00000001]
[19:02:36.006]    </block>
[19:02:36.006]    <control if="powered_down" while="" timeout="0" info="">
[19:02:36.006]      // if-block "powered_down"
[19:02:36.006]        // =>  TRUE
[19:02:36.006]      <block atomic="false" info="">
[19:02:36.006]        Message(0, "Debug/System power-up request sent");
[19:02:36.016]        WriteDP(DP_CTRL_STAT, 0x50000000);
[19:02:36.016]          // -> [WriteDP(0x00000004, 0x50000000)]   (__dp=0x00000000)
[19:02:36.016]      </block>
[19:02:36.016]      <control if="" while="(ReadDP(DP_CTRL_STAT) & 0xA0000000) != 0xA0000000" timeout="1000000" info="">
[19:02:36.016]        // while "(ReadDP(DP_CTRL_STAT) & 0xA0000000) != 0xA0000000"  (timeout="1000000")
[19:02:36.016]          // -> [ReadDP(0x00000004) => 0xF0000040]   (__dp=0x00000000)
[19:02:36.016]        // while-condition  =>  FALSE
[19:02:36.016]        // end while "(ReadDP(DP_CTRL_STAT) & 0xA0000000) != 0xA0000000"
[19:02:36.016]      </control>
[19:02:36.016]      <control if="(__protocol & 0xFFFF) == 1" while="" timeout="0" info="">
[19:02:36.016]        // if-block "(__protocol & 0xFFFF) == 1"
[19:02:36.016]          // =>  FALSE
[19:02:36.016]        // skip if-block "(__protocol & 0xFFFF) == 1"
[19:02:36.016]      </control>
[19:02:36.016]      <control if="(__protocol & 0xFFFF) == 2" while="" timeout="0" info="">
[19:02:36.016]        // if-block "(__protocol & 0xFFFF) == 2"
[19:02:36.016]          // =>  TRUE
[19:02:36.016]        <block atomic="false" info="">
[19:02:36.016]          Message(0, "executing SWD power up");
[19:02:36.016]          WriteDP(DP_CTRL_STAT, 0x50000F00);
[19:02:36.026]            // -> [WriteDP(0x00000004, 0x50000F00)]   (__dp=0x00000000)
[19:02:36.026]          WriteDP(SW_DP_ABORT, 0x0000001E);
[19:02:36.026]            // -> [WriteDP(0x00000000, 0x0000001E)]   (__dp=0x00000000)
[19:02:36.026]        </block>
[19:02:36.026]        // end if-block "(__protocol & 0xFFFF) == 2"
[19:02:36.026]      </control>
[19:02:36.026]      // end if-block "powered_down"
[19:02:36.026]    </control>
[19:02:36.026]    <block atomic="false" info="">
[19:02:36.026]      __var DEBUG_PORT_VAL    = 0;
[19:02:36.026]        // -> [DEBUG_PORT_VAL <= 0x00000000]
[19:02:36.026]      __var ACCESS_POINT_VAL  = 0;
[19:02:36.026]        // -> [ACCESS_POINT_VAL <= 0x00000000]
[19:02:36.026]      __ap = 1; 
[19:02:36.026]        // -> [__ap <= 0x00000001]
[19:02:36.026]      WriteAP(0x0C, 0x04); //lets use the mini pwr-ap as backup
[19:02:36.036]        // -> [WriteAP(0x0000000C, 0x00000004)]   (__dp=0x00000000, __ap=0x00000001)
[19:02:36.036]      __ap = 4;
[19:02:36.036]        // -> [__ap <= 0x00000004]
[19:02:36.036]      ACCESS_POINT_VAL = ReadAP(0x00);//Reading current state of access point
[19:02:36.037]        // -> [ReadAP(0x00000000) => 0x00080027]   (__dp=0x00000000, __ap=0x00000004)
[19:02:36.037]        // -> [ACCESS_POINT_VAL <= 0x00080027]
[19:02:36.037]      Message(0, "Current state of access point is: %x",ACCESS_POINT_VAL);
[19:02:36.037]    </block>
[19:02:36.037]    <block atomic="false" info="">
[19:02:36.037]      __var nReset = 0x80;
[19:02:36.037]        // -> [nReset <= 0x00000080]
[19:02:36.037]      __var canReadPins = 0;
[19:02:36.037]        // -> [canReadPins <= 0x00000000]
[19:02:36.037]      canReadPins = (DAP_SWJ_Pins(0x00, nReset, 0) != 0xFFFFFFFF);
[19:02:36.037]        // -> [DAP_SWJ_Pins(0x00, 0x80, 0) => 0x0F]   (Out: nRESET=0  =>  In: SWCLK/TCK=1, SWDIO/TMS=1, TDI=1, TDO=1, nTRST=0, nRESET=0)
[19:02:36.037]        // -> [canReadPins <= 0x00000001]
[19:02:36.037]    </block>
[19:02:36.037]    <control if="" while="1" timeout="200" info="">
[19:02:36.037]      // while "1"  (timeout="200")
[19:02:36.037]      // while-condition  =>  TRUE
[19:02:36.037]      // while "1"  (timeout="200")
[19:02:36.045]      // while-condition  =>  TRUE
[19:02:36.045]      // while "1"  (timeout="200")
[19:02:36.045]      // while  =>  TIMEOUT
[19:02:36.045]      // end while "1"
[19:02:36.045]    </control>
[19:02:36.045]    <control if="canReadPins" while="" timeout="0" info="">
[19:02:36.045]      // if-block "canReadPins"
[19:02:36.045]        // =>  TRUE
[19:02:36.045]      <control if="" while="(DAP_SWJ_Pins(nReset, nReset, 0) & nReset) == 0" timeout="1000000" info="">
[19:02:36.045]        // while "(DAP_SWJ_Pins(nReset, nReset, 0) & nReset) == 0"  (timeout="1000000")
[19:02:36.046]          // -> [DAP_SWJ_Pins(0x80, 0x80, 0) => 0x8F]   (Out: nRESET=1  =>  In: SWCLK/TCK=1, SWDIO/TMS=1, TDI=1, TDO=1, nTRST=0, nRESET=1)
[19:02:36.046]        // while-condition  =>  FALSE
[19:02:36.046]        // end while "(DAP_SWJ_Pins(nReset, nReset, 0) & nReset) == 0"
[19:02:36.046]      </control>
[19:02:36.046]      // end if-block "canReadPins"
[19:02:36.046]    </control>
[19:02:36.046]    <control if="!canReadPins" while="" timeout="0" info="">
[19:02:36.046]      // if-block "!canReadPins"
[19:02:36.046]        // =>  FALSE
[19:02:36.046]      // skip if-block "!canReadPins"
[19:02:36.046]    </control>
[19:02:36.046]    <control if="(ACCESS_POINT_VAL & 0x00E00000) == 0" while="" timeout="0" info="">
[19:02:36.046]      // if-block "(ACCESS_POINT_VAL & 0x00E00000) == 0"
[19:02:36.046]        // =>  TRUE
[19:02:36.046]      <block atomic="false" info="">
[19:02:36.046]        WriteAP(0x00, 0x190008);
[19:02:36.046]          // -> [WriteAP(0x00000000, 0x00190008)]   (__dp=0x00000000, __ap=0x00000004)
[19:02:36.046]        WriteAP(0xF0, 0x01);
[19:02:36.056]          // -> [WriteAP(0x000000F0, 0x00000001)]   (__dp=0x00000000, __ap=0x00000004)
[19:02:36.056]      </block>
[19:02:36.056]      // end if-block "(ACCESS_POINT_VAL & 0x00E00000) == 0"
[19:02:36.056]    </control>
[19:02:36.056]    <control if="(ACCESS_POINT_VAL & 0x00E00000) != 0" while="" timeout="0" info="">
[19:02:36.056]      // if-block "(ACCESS_POINT_VAL & 0x00E00000) != 0"
[19:02:36.056]        // =>  FALSE
[19:02:36.056]      // skip if-block "(ACCESS_POINT_VAL & 0x00E00000) != 0"
[19:02:36.056]    </control>
[19:02:36.056]    <block atomic="false" info="">
[19:02:36.056]      ACCESS_POINT_VAL = ReadAP(0x00);//Reading current state of access point
[19:02:36.056]        // -> [ReadAP(0x00000000) => 0x0079002F]   (__dp=0x00000000, __ap=0x00000004)
[19:02:36.056]        // -> [ACCESS_POINT_VAL <= 0x0079002F]
[19:02:36.056]      Message(0, "Current state of access point is: %x",ACCESS_POINT_VAL);
[19:02:36.056]      __ap = 0; //lets make sure we reset the access point selection
[19:02:36.056]        // -> [__ap <= 0x00000000]
[19:02:36.056]    </block>
[19:02:36.056]  </sequence>
[19:02:36.056]  
[19:02:36.076]  **********  Sequence "DebugDeviceUnlock"  (Context="Connect", Pname="", info="")
[19:02:36.076]  
[19:02:36.076]  <debugvars>
[19:02:36.076]    // Pre-defined
[19:02:36.076]    __protocol=0x00010002      (Protocol="SWD", SWJ-DP="True")
[19:02:36.076]    __connection=0x00000202    (Connection Type="Flash", Reset Type="System Reset")
[19:02:36.076]    __dp=0x00000000
[19:02:36.076]    __ap=0x00000000
[19:02:36.076]    __traceout=0x00000000      (Trace Disabled)
[19:02:36.076]    __errorcontrol=0x00000000  (Skip Errors="False")
[19:02:36.076]    __FlashAddr=0x00000000
[19:02:36.085]    __FlashLen=0x00000000
[19:02:36.085]    __FlashArg=0x00000000
[19:02:36.085]    __FlashOp=0x00000000
[19:02:36.085]    __Result=0x00000000
[19:02:36.086]  </debugvars>
[19:02:36.086]  
[19:02:36.086]  <sequence name="DebugDeviceUnlock" Pname="" disable="false" info="">
[19:02:36.086]    <block atomic="false" info="">
[19:02:36.086]      __var deviceID = 0;
[19:02:36.086]        // -> [deviceID <= 0x00000000]
[19:02:36.086]      __var version = 0;
[19:02:36.086]        // -> [version <= 0x00000000]
[19:02:36.086]      __var partNum = 0;
[19:02:36.086]        // -> [partNum <= 0x00000000]
[19:02:36.086]      __var manuf = 0;
[19:02:36.086]        // -> [manuf <= 0x00000000]
[19:02:36.086]      __var isMSPM0G1X0X_G3X0X = 0;
[19:02:36.086]        // -> [isMSPM0G1X0X_G3X0X <= 0x00000000]
[19:02:36.086]      __var isProduction = 0;
[19:02:36.086]        // -> [isProduction <= 0x00000000]
[19:02:36.086]      __var continueId = 0;
[19:02:36.086]        // -> [continueId <= 0x00000000]
[19:02:36.086]      deviceID =   Read32(0x41C40004);
[19:02:36.096]        // -> [Read32(0x41C40004) => 0x2BB8802F]   (__dp=0x00000000, __ap=0x00000000)
[19:02:36.096]        // -> [deviceID <= 0x2BB8802F]
[19:02:36.096]      version = deviceID >> 28;
[19:02:36.096]        // -> [version <= 0x00000002]
[19:02:36.096]      partNum = (deviceID & 0x0FFFF000) >> 12;
[19:02:36.096]        // -> [partNum <= 0x0000BB88]
[19:02:36.096]      manuf = (deviceID & 0x00000FFE) >> 1;
[19:02:36.096]        // -> [manuf <= 0x00000017]
[19:02:36.096]      isMSPM0G1X0X_G3X0X = (partNum == 0xBB88) && (manuf == 0x17);
[19:02:36.096]        // -> [isMSPM0G1X0X_G3X0X <= 0x00000001]
[19:02:36.096]      isProduction = (version > 0);
[19:02:36.096]        // -> [isProduction <= 0x00000001]
[19:02:36.096]    </block>
[19:02:36.096]    <control if="!isMSPM0G1X0X_G3X0X" while="" timeout="0" info="">
[19:02:36.096]      // if-block "!isMSPM0G1X0X_G3X0X"
[19:02:36.096]        // =>  FALSE
[19:02:36.096]      // skip if-block "!isMSPM0G1X0X_G3X0X"
[19:02:36.096]    </control>
[19:02:36.096]    <control if="continueId == 4" while="" timeout="0" info="">
[19:02:36.096]      // if-block "continueId == 4"
[19:02:36.096]        // =>  FALSE
[19:02:36.096]      // skip if-block "continueId == 4"
[19:02:36.096]    </control>
[19:02:36.096]    <control if="!isProduction" while="" timeout="0" info="">
[19:02:36.096]      // if-block "!isProduction"
[19:02:36.096]        // =>  FALSE
[19:02:36.096]      // skip if-block "!isProduction"
[19:02:36.096]    </control>
[19:02:36.096]  </sequence>
[19:02:36.096]  
[19:04:06.698]  **********  Sequence "DebugPortSetup"  (Context="Connect", Pname="", info="")
[19:04:06.698]  
[19:04:06.698]  <debugvars>
[19:04:06.698]    // Pre-defined
[19:04:06.698]    __protocol=0x00010002      (Protocol="SWD", SWJ-DP="True")
[19:04:06.698]    __connection=0x00000202    (Connection Type="Flash", Reset Type="System Reset")
[19:04:06.698]    __dp=0x00000000
[19:04:06.698]    __ap=0x00000000
[19:04:06.698]    __traceout=0x00000000      (Trace Disabled)
[19:04:06.698]    __errorcontrol=0x00000000  (Skip Errors="False")
[19:04:06.698]    __FlashAddr=0x00000000
[19:04:06.698]    __FlashLen=0x00000000
[19:04:06.698]    __FlashArg=0x00000000
[19:04:06.698]    __FlashOp=0x00000000
[19:04:06.698]    __Result=0x00000000
[19:04:06.698]  </debugvars>
[19:04:06.698]  
[19:04:06.698]  <sequence name="DebugPortSetup" Pname="" disable="false" info="">
[19:04:06.698]    <block atomic="false" info="">
[19:04:06.698]      __var isSWJ      = ((__protocol & 0x00010000) != 0);
[19:04:06.700]        // -> [isSWJ <= 0x00000001]
[19:04:06.700]      __var hasDormant = __protocol & 0x00020000;
[19:04:06.700]        // -> [hasDormant <= 0x00000000]
[19:04:06.700]      __var protType   = __protocol & 0x0000FFFF;
[19:04:06.700]        // -> [protType <= 0x00000002]
[19:04:06.700]    </block>
[19:04:06.700]    <control if="protType == 1" while="" timeout="0" info="">
[19:04:06.700]      // if-block "protType == 1"
[19:04:06.700]        // =>  FALSE
[19:04:06.700]      // skip if-block "protType == 1"
[19:04:06.700]    </control>
[19:04:06.700]    <control if="protType == 2" while="" timeout="0" info="">
[19:04:06.700]      // if-block "protType == 2"
[19:04:06.700]        // =>  TRUE
[19:04:06.700]      <control if="isSWJ" while="" timeout="0" info="">
[19:04:06.700]        // if-block "isSWJ"
[19:04:06.700]          // =>  TRUE
[19:04:06.700]        <control if="hasDormant" while="" timeout="0" info="">
[19:04:06.700]          // if-block "hasDormant"
[19:04:06.700]            // =>  FALSE
[19:04:06.700]          // skip if-block "hasDormant"
[19:04:06.700]        </control>
[19:04:06.700]        <control if="!hasDormant" while="" timeout="0" info="">
[19:04:06.700]          // if-block "!hasDormant"
[19:04:06.700]            // =>  TRUE
[19:04:06.700]          <block atomic="false" info="">
[19:04:06.700]            DAP_SWJ_Sequence(51, 0x0007FFFFFFFFFFFF); //lets put the JTAG line in a reset state
[19:04:06.700]              // -> [DAP_SWJ_Sequence(51, 0x0007FFFFFFFFFFFF)]
[19:04:06.700]            DAP_SWJ_Sequence(16,0xE73C); //SWD to JTAG, this is to ensure the state machine is initialized
[19:04:06.705]              // -> [DAP_SWJ_Sequence(16, 0x000000000000E73C)]
[19:04:06.705]            DAP_SWJ_Sequence(51, 0x0007FFFFFFFFFFFF); //Put it back in reset
[19:04:06.706]              // -> [DAP_SWJ_Sequence(51, 0x0007FFFFFFFFFFFF)]
[19:04:06.706]            DAP_SWJ_Sequence(16, 0xE79E); //JTAG to SWD switch
[19:04:06.706]              // -> [DAP_SWJ_Sequence(16, 0x000000000000E79E)]
[19:04:06.706]            DAP_SWJ_Sequence(51, 0x0007FFFFFFFFFFFF);  //Ensure the switch is successful 
[19:04:06.706]              // -> [DAP_SWJ_Sequence(51, 0x0007FFFFFFFFFFFF)]
[19:04:06.706]            DAP_SWJ_Sequence(7,  0x00); //Give the line some time to initialize
[19:04:06.706]              // -> [DAP_SWJ_Sequence(7, 0x0000000000000000)]
[19:04:06.706]          </block>
[19:04:06.706]          // end if-block "!hasDormant"
[19:04:06.706]        </control>
[19:04:06.706]        // end if-block "isSWJ"
[19:04:06.706]      </control>
[19:04:06.706]      <control if="!isSWJ" while="" timeout="0" info="">
[19:04:06.706]        // if-block "!isSWJ"
[19:04:06.706]          // =>  FALSE
[19:04:06.706]        // skip if-block "!isSWJ"
[19:04:06.706]      </control>
[19:04:06.706]      <block atomic="false" info="">
[19:04:06.706]        ReadDP(0x0);
[19:04:06.715]          // -> [ReadDP(0x00000000) => 0x6BA02477]   (__dp=0x00000000)
[19:04:06.715]      </block>
[19:04:06.715]      // end if-block "protType == 2"
[19:04:06.715]    </control>
[19:04:06.715]  </sequence>
[19:04:06.716]  
[19:04:06.716]  **********  Sequence "DebugPortStart"  (Context="Connect", Pname="", info="")
[19:04:06.716]  
[19:04:06.716]  <debugvars>
[19:04:06.716]    // Pre-defined
[19:04:06.716]    __protocol=0x00010002      (Protocol="SWD", SWJ-DP="True")
[19:04:06.716]    __connection=0x00000202    (Connection Type="Flash", Reset Type="System Reset")
[19:04:06.716]    __dp=0x00000000
[19:04:06.716]    __ap=0x00000000
[19:04:06.716]    __traceout=0x00000000      (Trace Disabled)
[19:04:06.716]    __errorcontrol=0x00000000  (Skip Errors="False")
[19:04:06.716]    __FlashAddr=0x00000000
[19:04:06.716]    __FlashLen=0x00000000
[19:04:06.716]    __FlashArg=0x00000000
[19:04:06.716]    __FlashOp=0x00000000
[19:04:06.716]    __Result=0x00000000
[19:04:06.716]  </debugvars>
[19:04:06.716]  
[19:04:06.716]  <sequence name="DebugPortStart" Pname="" disable="false" info="">
[19:04:06.716]    <block atomic="false" info="">
[19:04:06.716]      __var SW_DP_ABORT       = 0x0;
[19:04:06.716]        // -> [SW_DP_ABORT <= 0x00000000]
[19:04:06.716]      __var DP_CTRL_STAT      = 0x4;
[19:04:06.716]        // -> [DP_CTRL_STAT <= 0x00000004]
[19:04:06.716]      __var DP_SELECT         = 0x8;
[19:04:06.716]        // -> [DP_SELECT <= 0x00000008]
[19:04:06.716]      __var powered_down      = 0;
[19:04:06.716]        // -> [powered_down <= 0x00000000]
[19:04:06.716]      WriteDP(DP_SELECT, 0x00000000);
[19:04:06.726]        // -> [WriteDP(0x00000008, 0x00000000)]   (__dp=0x00000000)
[19:04:06.726]      powered_down = ((ReadDP(DP_CTRL_STAT) & 0xA0000000) != 0xA0000000);
[19:04:06.726]        // -> [ReadDP(0x00000004) => 0x00000040]   (__dp=0x00000000)
[19:04:06.726]        // -> [powered_down <= 0x00000001]
[19:04:06.726]    </block>
[19:04:06.726]    <control if="powered_down" while="" timeout="0" info="">
[19:04:06.726]      // if-block "powered_down"
[19:04:06.726]        // =>  TRUE
[19:04:06.726]      <block atomic="false" info="">
[19:04:06.726]        Message(0, "Debug/System power-up request sent");
[19:04:06.726]        WriteDP(DP_CTRL_STAT, 0x50000000);
[19:04:06.726]          // -> [WriteDP(0x00000004, 0x50000000)]   (__dp=0x00000000)
[19:04:06.726]      </block>
[19:04:06.726]      <control if="" while="(ReadDP(DP_CTRL_STAT) & 0xA0000000) != 0xA0000000" timeout="1000000" info="">
[19:04:06.726]        // while "(ReadDP(DP_CTRL_STAT) & 0xA0000000) != 0xA0000000"  (timeout="1000000")
[19:04:06.734]          // -> [ReadDP(0x00000004) => 0xF0000040]   (__dp=0x00000000)
[19:04:06.734]        // while-condition  =>  FALSE
[19:04:06.734]        // end while "(ReadDP(DP_CTRL_STAT) & 0xA0000000) != 0xA0000000"
[19:04:06.734]      </control>
[19:04:06.734]      <control if="(__protocol & 0xFFFF) == 1" while="" timeout="0" info="">
[19:04:06.734]        // if-block "(__protocol & 0xFFFF) == 1"
[19:04:06.734]          // =>  FALSE
[19:04:06.734]        // skip if-block "(__protocol & 0xFFFF) == 1"
[19:04:06.734]      </control>
[19:04:06.734]      <control if="(__protocol & 0xFFFF) == 2" while="" timeout="0" info="">
[19:04:06.734]        // if-block "(__protocol & 0xFFFF) == 2"
[19:04:06.734]          // =>  TRUE
[19:04:06.735]        <block atomic="false" info="">
[19:04:06.735]          Message(0, "executing SWD power up");
[19:04:06.735]          WriteDP(DP_CTRL_STAT, 0x50000F00);
[19:04:06.737]            // -> [WriteDP(0x00000004, 0x50000F00)]   (__dp=0x00000000)
[19:04:06.737]          WriteDP(SW_DP_ABORT, 0x0000001E);
[19:04:06.737]            // -> [WriteDP(0x00000000, 0x0000001E)]   (__dp=0x00000000)
[19:04:06.737]        </block>
[19:04:06.737]        // end if-block "(__protocol & 0xFFFF) == 2"
[19:04:06.737]      </control>
[19:04:06.737]      // end if-block "powered_down"
[19:04:06.737]    </control>
[19:04:06.737]    <block atomic="false" info="">
[19:04:06.737]      __var DEBUG_PORT_VAL    = 0;
[19:04:06.737]        // -> [DEBUG_PORT_VAL <= 0x00000000]
[19:04:06.737]      __var ACCESS_POINT_VAL  = 0;
[19:04:06.737]        // -> [ACCESS_POINT_VAL <= 0x00000000]
[19:04:06.737]      __ap = 1; 
[19:04:06.737]        // -> [__ap <= 0x00000001]
[19:04:06.737]      WriteAP(0x0C, 0x04); //lets use the mini pwr-ap as backup
[19:04:06.747]        // -> [WriteAP(0x0000000C, 0x00000004)]   (__dp=0x00000000, __ap=0x00000001)
[19:04:06.747]      __ap = 4;
[19:04:06.747]        // -> [__ap <= 0x00000004]
[19:04:06.747]      ACCESS_POINT_VAL = ReadAP(0x00);//Reading current state of access point
[19:04:06.755]        // -> [ReadAP(0x00000000) => 0x00080027]   (__dp=0x00000000, __ap=0x00000004)
[19:04:06.755]        // -> [ACCESS_POINT_VAL <= 0x00080027]
[19:04:06.755]      Message(0, "Current state of access point is: %x",ACCESS_POINT_VAL);
[19:04:06.756]    </block>
[19:04:06.756]    <block atomic="false" info="">
[19:04:06.756]      __var nReset = 0x80;
[19:04:06.756]        // -> [nReset <= 0x00000080]
[19:04:06.756]      __var canReadPins = 0;
[19:04:06.757]        // -> [canReadPins <= 0x00000000]
[19:04:06.757]      canReadPins = (DAP_SWJ_Pins(0x00, nReset, 0) != 0xFFFFFFFF);
[19:04:06.763]        // -> [DAP_SWJ_Pins(0x00, 0x80, 0) => 0x0F]   (Out: nRESET=0  =>  In: SWCLK/TCK=1, SWDIO/TMS=1, TDI=1, TDO=1, nTRST=0, nRESET=0)
[19:04:06.763]        // -> [canReadPins <= 0x00000001]
[19:04:06.763]    </block>
[19:04:06.763]    <control if="" while="1" timeout="200" info="">
[19:04:06.763]      // while "1"  (timeout="200")
[19:04:06.763]      // while-condition  =>  TRUE
[19:04:06.763]      // while "1"  (timeout="200")
[19:04:06.763]      // while-condition  =>  TRUE
[19:04:06.763]      // while "1"  (timeout="200")
[19:04:06.763]      // while-condition  =>  TRUE
[19:04:06.763]      // while "1"  (timeout="200")
[19:04:06.763]      // while-condition  =>  TRUE
[19:04:06.763]      // while "1"  (timeout="200")
[19:04:06.763]      // while-condition  =>  TRUE
[19:04:06.763]      // while "1"  (timeout="200")
[19:04:06.763]      // while-condition  =>  TRUE
[19:04:06.763]      // while "1"  (timeout="200")
[19:04:06.763]      // while-condition  =>  TRUE
[19:04:06.763]      // while "1"  (timeout="200")
[19:04:06.765]      // while-condition  =>  TRUE
[19:04:06.765]      // while "1"  (timeout="200")
[19:04:06.765]      // while-condition  =>  TRUE
[19:04:06.765]      // while "1"  (timeout="200")
[19:04:06.765]      // while-condition  =>  TRUE
[19:04:06.765]      // while "1"  (timeout="200")
[19:04:06.766]      // while-condition  =>  TRUE
[19:04:06.766]      // while "1"  (timeout="200")
[19:04:06.766]      // while-condition  =>  TRUE
[19:04:06.766]      // while "1"  (timeout="200")
[19:04:06.766]      // while-condition  =>  TRUE
[19:04:06.766]      // while "1"  (timeout="200")
[19:04:06.766]      // while-condition  =>  TRUE
[19:04:06.766]      // while "1"  (timeout="200")
[19:04:06.766]      // while-condition  =>  TRUE
[19:04:06.766]      // while "1"  (timeout="200")
[19:04:06.766]      // while-condition  =>  TRUE
[19:04:06.766]      // while "1"  (timeout="200")
[19:04:06.766]      // while-condition  =>  TRUE
[19:04:06.766]      // while "1"  (timeout="200")
[19:04:06.766]      // while-condition  =>  TRUE
[19:04:06.766]      // while "1"  (timeout="200")
[19:04:06.766]      // while-condition  =>  TRUE
[19:04:06.766]      // while "1"  (timeout="200")
[19:04:06.766]      // while-condition  =>  TRUE
[19:04:06.766]      // while "1"  (timeout="200")
[19:04:06.766]      // while-condition  =>  TRUE
[19:04:06.766]      // while "1"  (timeout="200")
[19:04:06.766]      // while-condition  =>  TRUE
[19:04:06.766]      // while "1"  (timeout="200")
[19:04:06.766]      // while-condition  =>  TRUE
[19:04:06.766]      // while "1"  (timeout="200")
[19:04:06.766]      // while-condition  =>  TRUE
[19:04:06.766]      // while "1"  (timeout="200")
[19:04:06.766]      // while-condition  =>  TRUE
[19:04:06.766]      // while "1"  (timeout="200")
[19:04:06.766]      // while-condition  =>  TRUE
[19:04:06.766]      // while "1"  (timeout="200")
[19:04:06.766]      // while-condition  =>  TRUE
[19:04:06.766]      // while "1"  (timeout="200")
[19:04:06.766]      // while-condition  =>  TRUE
[19:04:06.768]      // while "1"  (timeout="200")
[19:04:06.768]      // while-condition  =>  TRUE
[19:04:06.768]      // while "1"  (timeout="200")
[19:04:06.768]      // while-condition  =>  TRUE
[19:04:06.768]      // while "1"  (timeout="200")
[19:04:06.768]      // while-condition  =>  TRUE
[19:04:06.768]      // while "1"  (timeout="200")
[19:04:06.768]      // while-condition  =>  TRUE
[19:04:06.768]      // while "1"  (timeout="200")
[19:04:06.768]      // while-condition  =>  TRUE
[19:04:06.768]      // while "1"  (timeout="200")
[19:04:06.768]      // while-condition  =>  TRUE
[19:04:06.768]      // while "1"  (timeout="200")
[19:04:06.768]      // while-condition  =>  TRUE
[19:04:06.768]      // while "1"  (timeout="200")
[19:04:06.768]      // while-condition  =>  TRUE
[19:04:06.768]      // while "1"  (timeout="200")
[19:04:06.768]      // while-condition  =>  TRUE
[19:04:06.768]      // while "1"  (timeout="200")
[19:04:06.768]      // while-condition  =>  TRUE
[19:04:06.768]      // while "1"  (timeout="200")
[19:04:06.768]      // while-condition  =>  TRUE
[19:04:06.768]      // while "1"  (timeout="200")
[19:04:06.768]      // while-condition  =>  TRUE
[19:04:06.768]      // while "1"  (timeout="200")
[19:04:06.768]      // while-condition  =>  TRUE
[19:04:06.768]      // while "1"  (timeout="200")
[19:04:06.768]      // while-condition  =>  TRUE
[19:04:06.768]      // while "1"  (timeout="200")
[19:04:06.768]      // while-condition  =>  TRUE
[19:04:06.768]      // while "1"  (timeout="200")
[19:04:06.768]      // while-condition  =>  TRUE
[19:04:06.768]      // while "1"  (timeout="200")
[19:04:06.768]      // while-condition  =>  TRUE
[19:04:06.768]      // while "1"  (timeout="200")
[19:04:06.768]      // while-condition  =>  TRUE
[19:04:06.768]      // while "1"  (timeout="200")
[19:04:06.768]      // while-condition  =>  TRUE
[19:04:06.768]      // while "1"  (timeout="200")
[19:04:06.768]      // while-condition  =>  TRUE
[19:04:06.768]      // while "1"  (timeout="200")
[19:04:06.768]      // while-condition  =>  TRUE
[19:04:06.768]      // while "1"  (timeout="200")
[19:04:06.768]      // while-condition  =>  TRUE
[19:04:06.768]      // while "1"  (timeout="200")
[19:04:06.768]      // while-condition  =>  TRUE
[19:04:06.768]      // while "1"  (timeout="200")
[19:04:06.768]      // while-condition  =>  TRUE
[19:04:06.768]      // while "1"  (timeout="200")
[19:04:06.768]      // while-condition  =>  TRUE
[19:04:06.768]      // while "1"  (timeout="200")
[19:04:06.768]      // while-condition  =>  TRUE
[19:04:06.768]      // while "1"  (timeout="200")
[19:04:06.768]      // while-condition  =>  TRUE
[19:04:06.768]      // while "1"  (timeout="200")
[19:04:06.770]      // while-condition  =>  TRUE
[19:04:06.770]      // while "1"  (timeout="200")
[19:04:06.770]      // while-condition  =>  TRUE
[19:04:06.770]      // while "1"  (timeout="200")
[19:04:06.770]      // while-condition  =>  TRUE
[19:04:06.770]      // while "1"  (timeout="200")
[19:04:06.770]      // while-condition  =>  TRUE
[19:04:06.770]      // while "1"  (timeout="200")
[19:04:06.770]      // while-condition  =>  TRUE
[19:04:06.770]      // while "1"  (timeout="200")
[19:04:06.770]      // while-condition  =>  TRUE
[19:04:06.770]      // while "1"  (timeout="200")
[19:04:06.770]      // while-condition  =>  TRUE
[19:04:06.770]      // while "1"  (timeout="200")
[19:04:06.770]      // while-condition  =>  TRUE
[19:04:06.770]      // while "1"  (timeout="200")
[19:04:06.770]      // while-condition  =>  TRUE
[19:04:06.770]      // while "1"  (timeout="200")
[19:04:06.770]      // while-condition  =>  TRUE
[19:04:06.770]      // while "1"  (timeout="200")
[19:04:06.770]      // while-condition  =>  TRUE
[19:04:06.770]      // while "1"  (timeout="200")
[19:04:06.770]      // while-condition  =>  TRUE
[19:04:06.770]      // while "1"  (timeout="200")
[19:04:06.770]      // while-condition  =>  TRUE
[19:04:06.770]      // while "1"  (timeout="200")
[19:04:06.770]      // while-condition  =>  TRUE
[19:04:06.770]      // while "1"  (timeout="200")
[19:04:06.770]      // while-condition  =>  TRUE
[19:04:06.770]      // while "1"  (timeout="200")
[19:04:06.770]      // while-condition  =>  TRUE
[19:04:06.770]      // while "1"  (timeout="200")
[19:04:06.770]      // while-condition  =>  TRUE
[19:04:06.770]      // while "1"  (timeout="200")
[19:04:06.770]      // while-condition  =>  TRUE
[19:04:06.770]      // while "1"  (timeout="200")
[19:04:06.770]      // while-condition  =>  TRUE
[19:04:06.770]      // while "1"  (timeout="200")
[19:04:06.770]      // while-condition  =>  TRUE
[19:04:06.770]      // while "1"  (timeout="200")
[19:04:06.770]      // while-condition  =>  TRUE
[19:04:06.770]      // while "1"  (timeout="200")
[19:04:06.770]      // while-condition  =>  TRUE
[19:04:06.770]      // while "1"  (timeout="200")
[19:04:06.770]      // while-condition  =>  TRUE
[19:04:06.770]      // while "1"  (timeout="200")
[19:04:06.770]      // while-condition  =>  TRUE
[19:04:06.770]      // while "1"  (timeout="200")
[19:04:06.770]      // while-condition  =>  TRUE
[19:04:06.772]      // while "1"  (timeout="200")
[19:04:06.772]      // while-condition  =>  TRUE
[19:04:06.772]      // while "1"  (timeout="200")
[19:04:06.772]      // while-condition  =>  TRUE
[19:04:06.772]      // while "1"  (timeout="200")
[19:04:06.772]      // while-condition  =>  TRUE
[19:04:06.772]      // while "1"  (timeout="200")
[19:04:06.772]      // while-condition  =>  TRUE
[19:04:06.772]      // while "1"  (timeout="200")
[19:04:06.772]      // while-condition  =>  TRUE
[19:04:06.772]      // while "1"  (timeout="200")
[19:04:06.772]      // while-condition  =>  TRUE
[19:04:06.772]      // while "1"  (timeout="200")
[19:04:06.772]      // while-condition  =>  TRUE
[19:04:06.772]      // while "1"  (timeout="200")
[19:04:06.772]      // while-condition  =>  TRUE
[19:04:06.772]      // while "1"  (timeout="200")
[19:04:06.772]      // while-condition  =>  TRUE
[19:04:06.772]      // while "1"  (timeout="200")
[19:04:06.772]      // while-condition  =>  TRUE
[19:04:06.772]      // while "1"  (timeout="200")
[19:04:06.772]      // while-condition  =>  TRUE
[19:04:06.772]      // while "1"  (timeout="200")
[19:04:06.772]      // while-condition  =>  TRUE
[19:04:06.772]      // while "1"  (timeout="200")
[19:04:06.772]      // while-condition  =>  TRUE
[19:04:06.772]      // while "1"  (timeout="200")
[19:04:06.772]      // while-condition  =>  TRUE
[19:04:06.772]      // while "1"  (timeout="200")
[19:04:06.772]      // while-condition  =>  TRUE
[19:04:06.772]      // while "1"  (timeout="200")
[19:04:06.772]      // while-condition  =>  TRUE
[19:04:06.772]      // while "1"  (timeout="200")
[19:04:06.772]      // while-condition  =>  TRUE
[19:04:06.772]      // while "1"  (timeout="200")
[19:04:06.772]      // while-condition  =>  TRUE
[19:04:06.772]      // while "1"  (timeout="200")
[19:04:06.772]      // while-condition  =>  TRUE
[19:04:06.772]      // while "1"  (timeout="200")
[19:04:06.772]      // while-condition  =>  TRUE
[19:04:06.772]      // while "1"  (timeout="200")
[19:04:06.772]      // while-condition  =>  TRUE
[19:04:06.772]      // while "1"  (timeout="200")
[19:04:06.772]      // while-condition  =>  TRUE
[19:04:06.772]      // while "1"  (timeout="200")
[19:04:06.772]      // while-condition  =>  TRUE
[19:04:06.772]      // while "1"  (timeout="200")
[19:04:06.774]      // while-condition  =>  TRUE
[19:04:06.774]      // while "1"  (timeout="200")
[19:04:06.774]      // while-condition  =>  TRUE
[19:04:06.774]      // while "1"  (timeout="200")
[19:04:06.775]      // while-condition  =>  TRUE
[19:04:06.775]      // while "1"  (timeout="200")
[19:04:06.775]      // while-condition  =>  TRUE
[19:04:06.775]      // while "1"  (timeout="200")
[19:04:06.775]      // while-condition  =>  TRUE
[19:04:06.775]      // while "1"  (timeout="200")
[19:04:06.775]      // while-condition  =>  TRUE
[19:04:06.775]      // while "1"  (timeout="200")
[19:04:06.775]      // while-condition  =>  TRUE
[19:04:06.775]      // while "1"  (timeout="200")
[19:04:06.775]      // while-condition  =>  TRUE
[19:04:06.775]      // while "1"  (timeout="200")
[19:04:06.775]      // while-condition  =>  TRUE
[19:04:06.775]      // while "1"  (timeout="200")
[19:04:06.775]      // while-condition  =>  TRUE
[19:04:06.775]      // while "1"  (timeout="200")
[19:04:06.775]      // while-condition  =>  TRUE
[19:04:06.775]      // while "1"  (timeout="200")
[19:04:06.775]      // while-condition  =>  TRUE
[19:04:06.775]      // while "1"  (timeout="200")
[19:04:06.775]      // while-condition  =>  TRUE
[19:04:06.775]      // while "1"  (timeout="200")
[19:04:06.776]      // while-condition  =>  TRUE
[19:04:06.776]      // while "1"  (timeout="200")
[19:04:06.776]      // while  =>  TIMEOUT
[19:04:06.776]      // end while "1"
[19:04:06.776]    </control>
[19:04:06.776]    <control if="canReadPins" while="" timeout="0" info="">
[19:04:06.776]      // if-block "canReadPins"
[19:04:06.776]        // =>  TRUE
[19:04:06.777]      <control if="" while="(DAP_SWJ_Pins(nReset, nReset, 0) & nReset) == 0" timeout="1000000" info="">
[19:04:06.777]        // while "(DAP_SWJ_Pins(nReset, nReset, 0) & nReset) == 0"  (timeout="1000000")
[19:04:06.781]          // -> [DAP_SWJ_Pins(0x80, 0x80, 0) => 0x8F]   (Out: nRESET=1  =>  In: SWCLK/TCK=1, SWDIO/TMS=1, TDI=1, TDO=1, nTRST=0, nRESET=1)
[19:04:06.781]        // while-condition  =>  FALSE
[19:04:06.781]        // end while "(DAP_SWJ_Pins(nReset, nReset, 0) & nReset) == 0"
[19:04:06.781]      </control>
[19:04:06.781]      // end if-block "canReadPins"
[19:04:06.781]    </control>
[19:04:06.783]    <control if="!canReadPins" while="" timeout="0" info="">
[19:04:06.783]      // if-block "!canReadPins"
[19:04:06.783]        // =>  FALSE
[19:04:06.783]      // skip if-block "!canReadPins"
[19:04:06.783]    </control>
[19:04:06.783]    <control if="(ACCESS_POINT_VAL & 0x00E00000) == 0" while="" timeout="0" info="">
[19:04:06.783]      // if-block "(ACCESS_POINT_VAL & 0x00E00000) == 0"
[19:04:06.783]        // =>  TRUE
[19:04:06.783]      <block atomic="false" info="">
[19:04:06.783]        WriteAP(0x00, 0x190008);
[19:04:06.786]          // -> [WriteAP(0x00000000, 0x00190008)]   (__dp=0x00000000, __ap=0x00000004)
[19:04:06.786]        WriteAP(0xF0, 0x01);
[19:04:06.790]          // -> [WriteAP(0x000000F0, 0x00000001)]   (__dp=0x00000000, __ap=0x00000004)
[19:04:06.790]      </block>
[19:04:06.790]      // end if-block "(ACCESS_POINT_VAL & 0x00E00000) == 0"
[19:04:06.790]    </control>
[19:04:06.790]    <control if="(ACCESS_POINT_VAL & 0x00E00000) != 0" while="" timeout="0" info="">
[19:04:06.790]      // if-block "(ACCESS_POINT_VAL & 0x00E00000) != 0"
[19:04:06.790]        // =>  FALSE
[19:04:06.790]      // skip if-block "(ACCESS_POINT_VAL & 0x00E00000) != 0"
[19:04:06.790]    </control>
[19:04:06.790]    <block atomic="false" info="">
[19:04:06.790]      ACCESS_POINT_VAL = ReadAP(0x00);//Reading current state of access point
[19:04:06.796]        // -> [ReadAP(0x00000000) => 0x0079002F]   (__dp=0x00000000, __ap=0x00000004)
[19:04:06.796]        // -> [ACCESS_POINT_VAL <= 0x0079002F]
[19:04:06.796]      Message(0, "Current state of access point is: %x",ACCESS_POINT_VAL);
[19:04:06.796]      __ap = 0; //lets make sure we reset the access point selection
[19:04:06.798]        // -> [__ap <= 0x00000000]
[19:04:06.798]    </block>
[19:04:06.798]  </sequence>
[19:04:06.798]  
[19:04:06.837]  **********  Sequence "DebugDeviceUnlock"  (Context="Connect", Pname="", info="")
[19:04:06.837]  
[19:04:06.837]  <debugvars>
[19:04:06.837]    // Pre-defined
[19:04:06.837]    __protocol=0x00010002      (Protocol="SWD", SWJ-DP="True")
[19:04:06.837]    __connection=0x00000202    (Connection Type="Flash", Reset Type="System Reset")
[19:04:06.837]    __dp=0x00000000
[19:04:06.837]    __ap=0x00000000
[19:04:06.837]    __traceout=0x00000000      (Trace Disabled)
[19:04:06.837]    __errorcontrol=0x00000000  (Skip Errors="False")
[19:04:06.837]    __FlashAddr=0x00000000
[19:04:06.837]    __FlashLen=0x00000000
[19:04:06.837]    __FlashArg=0x00000000
[19:04:06.837]    __FlashOp=0x00000000
[19:04:06.837]    __Result=0x00000000
[19:04:06.837]  </debugvars>
[19:04:06.837]  
[19:04:06.837]  <sequence name="DebugDeviceUnlock" Pname="" disable="false" info="">
[19:04:06.837]    <block atomic="false" info="">
[19:04:06.837]      __var deviceID = 0;
[19:04:06.837]        // -> [deviceID <= 0x00000000]
[19:04:06.837]      __var version = 0;
[19:04:06.837]        // -> [version <= 0x00000000]
[19:04:06.837]      __var partNum = 0;
[19:04:06.837]        // -> [partNum <= 0x00000000]
[19:04:06.837]      __var manuf = 0;
[19:04:06.837]        // -> [manuf <= 0x00000000]
[19:04:06.837]      __var isMSPM0G1X0X_G3X0X = 0;
[19:04:06.837]        // -> [isMSPM0G1X0X_G3X0X <= 0x00000000]
[19:04:06.837]      __var isProduction = 0;
[19:04:06.837]        // -> [isProduction <= 0x00000000]
[19:04:06.837]      __var continueId = 0;
[19:04:06.837]        // -> [continueId <= 0x00000000]
[19:04:06.837]      deviceID =   Read32(0x41C40004);
[19:04:06.847]        // -> [Read32(0x41C40004) => 0x2BB8802F]   (__dp=0x00000000, __ap=0x00000000)
[19:04:06.847]        // -> [deviceID <= 0x2BB8802F]
[19:04:06.847]      version = deviceID >> 28;
[19:04:06.847]        // -> [version <= 0x00000002]
[19:04:06.847]      partNum = (deviceID & 0x0FFFF000) >> 12;
[19:04:06.847]        // -> [partNum <= 0x0000BB88]
[19:04:06.847]      manuf = (deviceID & 0x00000FFE) >> 1;
[19:04:06.847]        // -> [manuf <= 0x00000017]
[19:04:06.847]      isMSPM0G1X0X_G3X0X = (partNum == 0xBB88) && (manuf == 0x17);
[19:04:06.847]        // -> [isMSPM0G1X0X_G3X0X <= 0x00000001]
[19:04:06.847]      isProduction = (version > 0);
[19:04:06.847]        // -> [isProduction <= 0x00000001]
[19:04:06.847]    </block>
[19:04:06.847]    <control if="!isMSPM0G1X0X_G3X0X" while="" timeout="0" info="">
[19:04:06.847]      // if-block "!isMSPM0G1X0X_G3X0X"
[19:04:06.847]        // =>  FALSE
[19:04:06.847]      // skip if-block "!isMSPM0G1X0X_G3X0X"
[19:04:06.847]    </control>
[19:04:06.847]    <control if="continueId == 4" while="" timeout="0" info="">
[19:04:06.847]      // if-block "continueId == 4"
[19:04:06.847]        // =>  FALSE
[19:04:06.847]      // skip if-block "continueId == 4"
[19:04:06.847]    </control>
[19:04:06.847]    <control if="!isProduction" while="" timeout="0" info="">
[19:04:06.847]      // if-block "!isProduction"
[19:04:06.847]        // =>  FALSE
[19:04:06.847]      // skip if-block "!isProduction"
[19:04:06.847]    </control>
[19:04:06.847]  </sequence>
[19:04:06.847]  
[19:08:43.877]  **********  Sequence "DebugPortSetup"  (Context="Connect", Pname="", info="")
[19:08:43.877]  
[19:08:43.877]  <debugvars>
[19:08:43.877]    // Pre-defined
[19:08:43.877]    __protocol=0x00010002      (Protocol="SWD", SWJ-DP="True")
[19:08:43.877]    __connection=0x00000202    (Connection Type="Flash", Reset Type="System Reset")
[19:08:43.877]    __dp=0x00000000
[19:08:43.877]    __ap=0x00000000
[19:08:43.877]    __traceout=0x00000000      (Trace Disabled)
[19:08:43.877]    __errorcontrol=0x00000000  (Skip Errors="False")
[19:08:43.877]    __FlashAddr=0x00000000
[19:08:43.877]    __FlashLen=0x00000000
[19:08:43.877]    __FlashArg=0x00000000
[19:08:43.877]    __FlashOp=0x00000000
[19:08:43.877]    __Result=0x00000000
[19:08:43.877]  </debugvars>
[19:08:43.877]  
[19:08:43.877]  <sequence name="DebugPortSetup" Pname="" disable="false" info="">
[19:08:43.877]    <block atomic="false" info="">
[19:08:43.877]      __var isSWJ      = ((__protocol & 0x00010000) != 0);
[19:08:43.877]        // -> [isSWJ <= 0x00000001]
[19:08:43.877]      __var hasDormant = __protocol & 0x00020000;
[19:08:43.877]        // -> [hasDormant <= 0x00000000]
[19:08:43.877]      __var protType   = __protocol & 0x0000FFFF;
[19:08:43.877]        // -> [protType <= 0x00000002]
[19:08:43.877]    </block>
[19:08:43.877]    <control if="protType == 1" while="" timeout="0" info="">
[19:08:43.877]      // if-block "protType == 1"
[19:08:43.877]        // =>  FALSE
[19:08:43.886]      // skip if-block "protType == 1"
[19:08:43.886]    </control>
[19:08:43.886]    <control if="protType == 2" while="" timeout="0" info="">
[19:08:43.886]      // if-block "protType == 2"
[19:08:43.886]        // =>  TRUE
[19:08:43.887]      <control if="isSWJ" while="" timeout="0" info="">
[19:08:43.887]        // if-block "isSWJ"
[19:08:43.887]          // =>  TRUE
[19:08:43.887]        <control if="hasDormant" while="" timeout="0" info="">
[19:08:43.887]          // if-block "hasDormant"
[19:08:43.887]            // =>  FALSE
[19:08:43.887]          // skip if-block "hasDormant"
[19:08:43.887]        </control>
[19:08:43.887]        <control if="!hasDormant" while="" timeout="0" info="">
[19:08:43.887]          // if-block "!hasDormant"
[19:08:43.887]            // =>  TRUE
[19:08:43.887]          <block atomic="false" info="">
[19:08:43.888]            DAP_SWJ_Sequence(51, 0x0007FFFFFFFFFFFF); //lets put the JTAG line in a reset state
[19:08:43.888]              // -> [DAP_SWJ_Sequence(51, 0x0007FFFFFFFFFFFF)]
[19:08:43.888]            DAP_SWJ_Sequence(16,0xE73C); //SWD to JTAG, this is to ensure the state machine is initialized
[19:08:43.905]              // -> [DAP_SWJ_Sequence(16, 0x000000000000E73C)]
[19:08:43.905]            DAP_SWJ_Sequence(51, 0x0007FFFFFFFFFFFF); //Put it back in reset
[19:08:43.906]              // -> [DAP_SWJ_Sequence(51, 0x0007FFFFFFFFFFFF)]
[19:08:43.907]            DAP_SWJ_Sequence(16, 0xE79E); //JTAG to SWD switch
[19:08:43.911]              // -> [DAP_SWJ_Sequence(16, 0x000000000000E79E)]
[19:08:43.911]            DAP_SWJ_Sequence(51, 0x0007FFFFFFFFFFFF);  //Ensure the switch is successful 
[19:08:43.915]              // -> [DAP_SWJ_Sequence(51, 0x0007FFFFFFFFFFFF)]
[19:08:43.915]            DAP_SWJ_Sequence(7,  0x00); //Give the line some time to initialize
[19:08:43.918]              // -> [DAP_SWJ_Sequence(7, 0x0000000000000000)]
[19:08:43.918]          </block>
[19:08:43.918]          // end if-block "!hasDormant"
[19:08:43.918]        </control>
[19:08:43.918]        // end if-block "isSWJ"
[19:08:43.918]      </control>
[19:08:43.918]      <control if="!isSWJ" while="" timeout="0" info="">
[19:08:43.918]        // if-block "!isSWJ"
[19:08:43.918]          // =>  FALSE
[19:08:43.918]        // skip if-block "!isSWJ"
[19:08:43.918]      </control>
[19:08:43.918]      <block atomic="false" info="">
[19:08:43.918]        ReadDP(0x0);
[19:08:43.928]          // -> [ReadDP(0x00000000) => 0x6BA02477]   (__dp=0x00000000)
[19:08:43.928]      </block>
[19:08:43.928]      // end if-block "protType == 2"
[19:08:43.928]    </control>
[19:08:43.928]  </sequence>
[19:08:43.928]  
[19:08:43.943]  **********  Sequence "DebugPortStart"  (Context="Connect", Pname="", info="")
[19:08:43.943]  
[19:08:43.943]  <debugvars>
[19:08:43.943]    // Pre-defined
[19:08:43.943]    __protocol=0x00010002      (Protocol="SWD", SWJ-DP="True")
[19:08:43.943]    __connection=0x00000202    (Connection Type="Flash", Reset Type="System Reset")
[19:08:43.943]    __dp=0x00000000
[19:08:43.943]    __ap=0x00000000
[19:08:43.943]    __traceout=0x00000000      (Trace Disabled)
[19:08:43.943]    __errorcontrol=0x00000000  (Skip Errors="False")
[19:08:43.943]    __FlashAddr=0x00000000
[19:08:43.944]    __FlashLen=0x00000000
[19:08:43.944]    __FlashArg=0x00000000
[19:08:43.944]    __FlashOp=0x00000000
[19:08:43.944]    __Result=0x00000000
[19:08:43.944]  </debugvars>
[19:08:43.944]  
[19:08:43.944]  <sequence name="DebugPortStart" Pname="" disable="false" info="">
[19:08:43.944]    <block atomic="false" info="">
[19:08:43.944]      __var SW_DP_ABORT       = 0x0;
[19:08:43.944]        // -> [SW_DP_ABORT <= 0x00000000]
[19:08:43.945]      __var DP_CTRL_STAT      = 0x4;
[19:08:43.945]        // -> [DP_CTRL_STAT <= 0x00000004]
[19:08:43.945]      __var DP_SELECT         = 0x8;
[19:08:43.945]        // -> [DP_SELECT <= 0x00000008]
[19:08:43.945]      __var powered_down      = 0;
[19:08:43.945]        // -> [powered_down <= 0x00000000]
[19:08:43.945]      WriteDP(DP_SELECT, 0x00000000);
[19:08:43.955]        // -> [WriteDP(0x00000008, 0x00000000)]   (__dp=0x00000000)
[19:08:43.955]      powered_down = ((ReadDP(DP_CTRL_STAT) & 0xA0000000) != 0xA0000000);
[19:08:43.957]        // -> [ReadDP(0x00000004) => 0x00000040]   (__dp=0x00000000)
[19:08:43.957]        // -> [powered_down <= 0x00000001]
[19:08:43.957]    </block>
[19:08:43.957]    <control if="powered_down" while="" timeout="0" info="">
[19:08:43.957]      // if-block "powered_down"
[19:08:43.957]        // =>  TRUE
[19:08:43.957]      <block atomic="false" info="">
[19:08:43.957]        Message(0, "Debug/System power-up request sent");
[19:08:43.957]        WriteDP(DP_CTRL_STAT, 0x50000000);
[19:08:43.967]          // -> [WriteDP(0x00000004, 0x50000000)]   (__dp=0x00000000)
[19:08:43.967]      </block>
[19:08:43.967]      <control if="" while="(ReadDP(DP_CTRL_STAT) & 0xA0000000) != 0xA0000000" timeout="1000000" info="">
[19:08:43.967]        // while "(ReadDP(DP_CTRL_STAT) & 0xA0000000) != 0xA0000000"  (timeout="1000000")
[19:08:43.975]          // -> [ReadDP(0x00000004) => 0xF0000040]   (__dp=0x00000000)
[19:08:43.976]        // while-condition  =>  FALSE
[19:08:43.976]        // end while "(ReadDP(DP_CTRL_STAT) & 0xA0000000) != 0xA0000000"
[19:08:43.976]      </control>
[19:08:43.976]      <control if="(__protocol & 0xFFFF) == 1" while="" timeout="0" info="">
[19:08:43.976]        // if-block "(__protocol & 0xFFFF) == 1"
[19:08:43.976]          // =>  FALSE
[19:08:43.976]        // skip if-block "(__protocol & 0xFFFF) == 1"
[19:08:43.976]      </control>
[19:08:43.976]      <control if="(__protocol & 0xFFFF) == 2" while="" timeout="0" info="">
[19:08:43.977]        // if-block "(__protocol & 0xFFFF) == 2"
[19:08:43.977]          // =>  TRUE
[19:08:43.977]        <block atomic="false" info="">
[19:08:43.977]          Message(0, "executing SWD power up");
[19:08:43.977]          WriteDP(DP_CTRL_STAT, 0x50000F00);
[19:08:43.977]            // -> [WriteDP(0x00000004, 0x50000F00)]   (__dp=0x00000000)
[19:08:43.977]          WriteDP(SW_DP_ABORT, 0x0000001E);
[19:08:43.985]            // -> [WriteDP(0x00000000, 0x0000001E)]   (__dp=0x00000000)
[19:08:43.985]        </block>
[19:08:43.985]        // end if-block "(__protocol & 0xFFFF) == 2"
[19:08:43.985]      </control>
[19:08:43.985]      // end if-block "powered_down"
[19:08:43.985]    </control>
[19:08:43.985]    <block atomic="false" info="">
[19:08:43.985]      __var DEBUG_PORT_VAL    = 0;
[19:08:43.986]        // -> [DEBUG_PORT_VAL <= 0x00000000]
[19:08:43.986]      __var ACCESS_POINT_VAL  = 0;
[19:08:43.986]        // -> [ACCESS_POINT_VAL <= 0x00000000]
[19:08:43.986]      __ap = 1; 
[19:08:43.986]        // -> [__ap <= 0x00000001]
[19:08:43.986]      WriteAP(0x0C, 0x04); //lets use the mini pwr-ap as backup
[19:08:43.991]        // -> [WriteAP(0x0000000C, 0x00000004)]   (__dp=0x00000000, __ap=0x00000001)
[19:08:43.991]      __ap = 4;
[19:08:43.991]        // -> [__ap <= 0x00000004]
[19:08:43.991]      ACCESS_POINT_VAL = ReadAP(0x00);//Reading current state of access point
[19:08:43.996]        // -> [ReadAP(0x00000000) => 0x00080027]   (__dp=0x00000000, __ap=0x00000004)
[19:08:43.996]        // -> [ACCESS_POINT_VAL <= 0x00080027]
[19:08:43.996]      Message(0, "Current state of access point is: %x",ACCESS_POINT_VAL);
[19:08:43.998]    </block>
[19:08:43.998]    <block atomic="false" info="">
[19:08:43.998]      __var nReset = 0x80;
[19:08:43.998]        // -> [nReset <= 0x00000080]
[19:08:43.998]      __var canReadPins = 0;
[19:08:43.998]        // -> [canReadPins <= 0x00000000]
[19:08:43.998]      canReadPins = (DAP_SWJ_Pins(0x00, nReset, 0) != 0xFFFFFFFF);
[19:08:43.998]        // -> [DAP_SWJ_Pins(0x00, 0x80, 0) => 0x0F]   (Out: nRESET=0  =>  In: SWCLK/TCK=1, SWDIO/TMS=1, TDI=1, TDO=1, nTRST=0, nRESET=0)
[19:08:43.998]        // -> [canReadPins <= 0x00000001]
[19:08:43.998]    </block>
[19:08:43.998]    <control if="" while="1" timeout="200" info="">
[19:08:43.998]      // while "1"  (timeout="200")
[19:08:43.998]      // while-condition  =>  TRUE
[19:08:43.998]      // while "1"  (timeout="200")
[19:08:43.998]      // while-condition  =>  TRUE
[19:08:43.998]      // while "1"  (timeout="200")
[19:08:43.998]      // while-condition  =>  TRUE
[19:08:43.998]      // while "1"  (timeout="200")
[19:08:43.998]      // while-condition  =>  TRUE
[19:08:43.998]      // while "1"  (timeout="200")
[19:08:43.998]      // while-condition  =>  TRUE
[19:08:43.998]      // while "1"  (timeout="200")
[19:08:43.998]      // while-condition  =>  TRUE
[19:08:43.998]      // while "1"  (timeout="200")
[19:08:43.998]      // while-condition  =>  TRUE
[19:08:43.998]      // while "1"  (timeout="200")
[19:08:43.998]      // while-condition  =>  TRUE
[19:08:43.998]      // while "1"  (timeout="200")
[19:08:43.998]      // while-condition  =>  TRUE
[19:08:43.998]      // while "1"  (timeout="200")
[19:08:43.998]      // while-condition  =>  TRUE
[19:08:43.998]      // while "1"  (timeout="200")
[19:08:43.998]      // while-condition  =>  TRUE
[19:08:43.998]      // while "1"  (timeout="200")
[19:08:43.998]      // while-condition  =>  TRUE
[19:08:43.998]      // while "1"  (timeout="200")
[19:08:43.998]      // while-condition  =>  TRUE
[19:08:43.998]      // while "1"  (timeout="200")
[19:08:43.998]      // while-condition  =>  TRUE
[19:08:43.998]      // while "1"  (timeout="200")
[19:08:43.998]      // while-condition  =>  TRUE
[19:08:43.998]      // while "1"  (timeout="200")
[19:08:43.998]      // while-condition  =>  TRUE
[19:08:43.998]      // while "1"  (timeout="200")
[19:08:43.998]      // while-condition  =>  TRUE
[19:08:43.998]      // while "1"  (timeout="200")
[19:08:43.998]      // while-condition  =>  TRUE
[19:08:43.998]      // while "1"  (timeout="200")
[19:08:43.998]      // while-condition  =>  TRUE
[19:08:43.998]      // while "1"  (timeout="200")
[19:08:43.998]      // while-condition  =>  TRUE
[19:08:43.998]      // while "1"  (timeout="200")
[19:08:43.998]      // while-condition  =>  TRUE
[19:08:43.998]      // while "1"  (timeout="200")
[19:08:43.998]      // while-condition  =>  TRUE
[19:08:43.998]      // while "1"  (timeout="200")
[19:08:43.998]      // while-condition  =>  TRUE
[19:08:43.998]      // while "1"  (timeout="200")
[19:08:43.998]      // while-condition  =>  TRUE
[19:08:43.998]      // while "1"  (timeout="200")
[19:08:43.998]      // while-condition  =>  TRUE
[19:08:43.998]      // while "1"  (timeout="200")
[19:08:43.998]      // while-condition  =>  TRUE
[19:08:43.998]      // while "1"  (timeout="200")
[19:08:43.998]      // while-condition  =>  TRUE
[19:08:43.998]      // while "1"  (timeout="200")
[19:08:43.998]      // while-condition  =>  TRUE
[19:08:43.998]      // while "1"  (timeout="200")
[19:08:43.998]      // while-condition  =>  TRUE
[19:08:43.998]      // while "1"  (timeout="200")
[19:08:43.998]      // while-condition  =>  TRUE
[19:08:43.998]      // while "1"  (timeout="200")
[19:08:43.998]      // while-condition  =>  TRUE
[19:08:43.998]      // while "1"  (timeout="200")
[19:08:43.998]      // while-condition  =>  TRUE
[19:08:43.998]      // while "1"  (timeout="200")
[19:08:43.998]      // while-condition  =>  TRUE
[19:08:43.998]      // while "1"  (timeout="200")
[19:08:43.998]      // while-condition  =>  TRUE
[19:08:43.998]      // while "1"  (timeout="200")
[19:08:43.998]      // while-condition  =>  TRUE
[19:08:43.998]      // while "1"  (timeout="200")
[19:08:43.998]      // while-condition  =>  TRUE
[19:08:43.998]      // while "1"  (timeout="200")
[19:08:43.998]      // while-condition  =>  TRUE
[19:08:43.998]      // while "1"  (timeout="200")
[19:08:43.998]      // while-condition  =>  TRUE
[19:08:43.998]      // while "1"  (timeout="200")
[19:08:43.998]      // while-condition  =>  TRUE
[19:08:43.998]      // while "1"  (timeout="200")
[19:08:43.998]      // while-condition  =>  TRUE
[19:08:43.998]      // while "1"  (timeout="200")
[19:08:43.998]      // while-condition  =>  TRUE
[19:08:43.998]      // while "1"  (timeout="200")
[19:08:44.006]      // while-condition  =>  TRUE
[19:08:44.006]      // while "1"  (timeout="200")
[19:08:44.006]      // while-condition  =>  TRUE
[19:08:44.007]      // while "1"  (timeout="200")
[19:08:44.007]      // while-condition  =>  TRUE
[19:08:44.007]      // while "1"  (timeout="200")
[19:08:44.007]      // while-condition  =>  TRUE
[19:08:44.007]      // while "1"  (timeout="200")
[19:08:44.007]      // while-condition  =>  TRUE
[19:08:44.007]      // while "1"  (timeout="200")
[19:08:44.007]      // while-condition  =>  TRUE
[19:08:44.007]      // while "1"  (timeout="200")
[19:08:44.007]      // while-condition  =>  TRUE
[19:08:44.007]      // while "1"  (timeout="200")
[19:08:44.007]      // while-condition  =>  TRUE
[19:08:44.007]      // while "1"  (timeout="200")
[19:08:44.007]      // while-condition  =>  TRUE
[19:08:44.007]      // while "1"  (timeout="200")
[19:08:44.007]      // while-condition  =>  TRUE
[19:08:44.007]      // while "1"  (timeout="200")
[19:08:44.007]      // while-condition  =>  TRUE
[19:08:44.007]      // while "1"  (timeout="200")
[19:08:44.007]      // while-condition  =>  TRUE
[19:08:44.007]      // while "1"  (timeout="200")
[19:08:44.007]      // while-condition  =>  TRUE
[19:08:44.007]      // while "1"  (timeout="200")
[19:08:44.007]      // while-condition  =>  TRUE
[19:08:44.007]      // while "1"  (timeout="200")
[19:08:44.007]      // while-condition  =>  TRUE
[19:08:44.007]      // while "1"  (timeout="200")
[19:08:44.007]      // while-condition  =>  TRUE
[19:08:44.007]      // while "1"  (timeout="200")
[19:08:44.007]      // while-condition  =>  TRUE
[19:08:44.007]      // while "1"  (timeout="200")
[19:08:44.007]      // while-condition  =>  TRUE
[19:08:44.007]      // while "1"  (timeout="200")
[19:08:44.007]      // while-condition  =>  TRUE
[19:08:44.007]      // while "1"  (timeout="200")
[19:08:44.007]      // while-condition  =>  TRUE
[19:08:44.007]      // while "1"  (timeout="200")
[19:08:44.007]      // while-condition  =>  TRUE
[19:08:44.007]      // while "1"  (timeout="200")
[19:08:44.007]      // while-condition  =>  TRUE
[19:08:44.007]      // while "1"  (timeout="200")
[19:08:44.007]      // while-condition  =>  TRUE
[19:08:44.007]      // while "1"  (timeout="200")
[19:08:44.007]      // while-condition  =>  TRUE
[19:08:44.007]      // while "1"  (timeout="200")
[19:08:44.007]      // while-condition  =>  TRUE
[19:08:44.007]      // while "1"  (timeout="200")
[19:08:44.007]      // while-condition  =>  TRUE
[19:08:44.007]      // while "1"  (timeout="200")
[19:08:44.007]      // while-condition  =>  TRUE
[19:08:44.007]      // while "1"  (timeout="200")
[19:08:44.007]      // while-condition  =>  TRUE
[19:08:44.007]      // while "1"  (timeout="200")
[19:08:44.007]      // while-condition  =>  TRUE
[19:08:44.007]      // while "1"  (timeout="200")
[19:08:44.007]      // while-condition  =>  TRUE
[19:08:44.007]      // while "1"  (timeout="200")
[19:08:44.007]      // while-condition  =>  TRUE
[19:08:44.007]      // while "1"  (timeout="200")
[19:08:44.007]      // while-condition  =>  TRUE
[19:08:44.007]      // while "1"  (timeout="200")
[19:08:44.007]      // while-condition  =>  TRUE
[19:08:44.007]      // while "1"  (timeout="200")
[19:08:44.007]      // while-condition  =>  TRUE
[19:08:44.007]      // while "1"  (timeout="200")
[19:08:44.007]      // while-condition  =>  TRUE
[19:08:44.007]      // while "1"  (timeout="200")
[19:08:44.007]      // while-condition  =>  TRUE
[19:08:44.007]      // while "1"  (timeout="200")
[19:08:44.007]      // while-condition  =>  TRUE
[19:08:44.007]      // while "1"  (timeout="200")
[19:08:44.007]      // while-condition  =>  TRUE
[19:08:44.007]      // while "1"  (timeout="200")
[19:08:44.007]      // while-condition  =>  TRUE
[19:08:44.007]      // while "1"  (timeout="200")
[19:08:44.007]      // while-condition  =>  TRUE
[19:08:44.007]      // while "1"  (timeout="200")
[19:08:44.007]      // while-condition  =>  TRUE
[19:08:44.007]      // while "1"  (timeout="200")
[19:08:44.007]      // while-condition  =>  TRUE
[19:08:44.007]      // while "1"  (timeout="200")
[19:08:44.007]      // while-condition  =>  TRUE
[19:08:44.007]      // while "1"  (timeout="200")
[19:08:44.007]      // while-condition  =>  TRUE
[19:08:44.007]      // while "1"  (timeout="200")
[19:08:44.007]      // while-condition  =>  TRUE
[19:08:44.007]      // while "1"  (timeout="200")
[19:08:44.007]      // while-condition  =>  TRUE
[19:08:44.007]      // while "1"  (timeout="200")
[19:08:44.007]      // while-condition  =>  TRUE
[19:08:44.007]      // while "1"  (timeout="200")
[19:08:44.007]      // while-condition  =>  TRUE
[19:08:44.007]      // while "1"  (timeout="200")
[19:08:44.007]      // while-condition  =>  TRUE
[19:08:44.007]      // while "1"  (timeout="200")
[19:08:44.007]      // while-condition  =>  TRUE
[19:08:44.007]      // while "1"  (timeout="200")
[19:08:44.007]      // while-condition  =>  TRUE
[19:08:44.007]      // while "1"  (timeout="200")
[19:08:44.007]      // while-condition  =>  TRUE
[19:08:44.007]      // while "1"  (timeout="200")
[19:08:44.007]      // while-condition  =>  TRUE
[19:08:44.007]      // while "1"  (timeout="200")
[19:08:44.007]      // while-condition  =>  TRUE
[19:08:44.007]      // while "1"  (timeout="200")
[19:08:44.007]      // while-condition  =>  TRUE
[19:08:44.007]      // while "1"  (timeout="200")
[19:08:44.007]      // while-condition  =>  TRUE
[19:08:44.007]      // while "1"  (timeout="200")
[19:08:44.007]      // while-condition  =>  TRUE
[19:08:44.007]      // while "1"  (timeout="200")
[19:08:44.007]      // while-condition  =>  TRUE
[19:08:44.007]      // while "1"  (timeout="200")
[19:08:44.007]      // while-condition  =>  TRUE
[19:08:44.007]      // while "1"  (timeout="200")
[19:08:44.007]      // while-condition  =>  TRUE
[19:08:44.007]      // while "1"  (timeout="200")
[19:08:44.007]      // while-condition  =>  TRUE
[19:08:44.007]      // while "1"  (timeout="200")
[19:08:44.007]      // while-condition  =>  TRUE
[19:08:44.007]      // while "1"  (timeout="200")
[19:08:44.007]      // while-condition  =>  TRUE
[19:08:44.007]      // while "1"  (timeout="200")
[19:08:44.007]      // while-condition  =>  TRUE
[19:08:44.007]      // while "1"  (timeout="200")
[19:08:44.007]      // while-condition  =>  TRUE
[19:08:44.007]      // while "1"  (timeout="200")
[19:08:44.007]      // while-condition  =>  TRUE
[19:08:44.007]      // while "1"  (timeout="200")
[19:08:44.007]      // while-condition  =>  TRUE
[19:08:44.007]      // while "1"  (timeout="200")
[19:08:44.007]      // while-condition  =>  TRUE
[19:08:44.007]      // while "1"  (timeout="200")
[19:08:44.007]      // while-condition  =>  TRUE
[19:08:44.007]      // while "1"  (timeout="200")
[19:08:44.007]      // while-condition  =>  TRUE
[19:08:44.007]      // while "1"  (timeout="200")
[19:08:44.007]      // while-condition  =>  TRUE
[19:08:44.007]      // while "1"  (timeout="200")
[19:08:44.007]      // while-condition  =>  TRUE
[19:08:44.007]      // while "1"  (timeout="200")
[19:08:44.007]      // while-condition  =>  TRUE
[19:08:44.007]      // while "1"  (timeout="200")
[19:08:44.007]      // while-condition  =>  TRUE
[19:08:44.007]      // while "1"  (timeout="200")
[19:08:44.007]      // while-condition  =>  TRUE
[19:08:44.007]      // while "1"  (timeout="200")
[19:08:44.007]      // while-condition  =>  TRUE
[19:08:44.007]      // while "1"  (timeout="200")
[19:08:44.007]      // while-condition  =>  TRUE
[19:08:44.007]      // while "1"  (timeout="200")
[19:08:44.007]      // while-condition  =>  TRUE
[19:08:44.007]      // while "1"  (timeout="200")
[19:08:44.007]      // while-condition  =>  TRUE
[19:08:44.007]      // while "1"  (timeout="200")
[19:08:44.007]      // while-condition  =>  TRUE
[19:08:44.007]      // while "1"  (timeout="200")
[19:08:44.007]      // while-condition  =>  TRUE
[19:08:44.007]      // while "1"  (timeout="200")
[19:08:44.007]      // while-condition  =>  TRUE
[19:08:44.007]      // while "1"  (timeout="200")
[19:08:44.007]      // while-condition  =>  TRUE
[19:08:44.007]      // while "1"  (timeout="200")
[19:08:44.007]      // while-condition  =>  TRUE
[19:08:44.007]      // while "1"  (timeout="200")
[19:08:44.007]      // while-condition  =>  TRUE
[19:08:44.007]      // while "1"  (timeout="200")
[19:08:44.007]      // while-condition  =>  TRUE
[19:08:44.007]      // while "1"  (timeout="200")
[19:08:44.007]      // while-condition  =>  TRUE
[19:08:44.007]      // while "1"  (timeout="200")
[19:08:44.007]      // while-condition  =>  TRUE
[19:08:44.007]      // while "1"  (timeout="200")
[19:08:44.007]      // while-condition  =>  TRUE
[19:08:44.007]      // while "1"  (timeout="200")
[19:08:44.007]      // while-condition  =>  TRUE
[19:08:44.007]      // while "1"  (timeout="200")
[19:08:44.007]      // while-condition  =>  TRUE
[19:08:44.007]      // while "1"  (timeout="200")
[19:08:44.007]      // while-condition  =>  TRUE
[19:08:44.007]      // while "1"  (timeout="200")
[19:08:44.007]      // while-condition  =>  TRUE
[19:08:44.007]      // while "1"  (timeout="200")
[19:08:44.007]      // while-condition  =>  TRUE
[19:08:44.007]      // while "1"  (timeout="200")
[19:08:44.007]      // while-condition  =>  TRUE
[19:08:44.007]      // while "1"  (timeout="200")
[19:08:44.007]      // while-condition  =>  TRUE
[19:08:44.007]      // while "1"  (timeout="200")
[19:08:44.016]      // while-condition  =>  TRUE
[19:08:44.016]      // while "1"  (timeout="200")
[19:08:44.016]      // while  =>  TIMEOUT
[19:08:44.016]      // end while "1"
[19:08:44.016]    </control>
[19:08:44.016]    <control if="canReadPins" while="" timeout="0" info="">
[19:08:44.016]      // if-block "canReadPins"
[19:08:44.016]        // =>  TRUE
[19:08:44.016]      <control if="" while="(DAP_SWJ_Pins(nReset, nReset, 0) & nReset) == 0" timeout="1000000" info="">
[19:08:44.016]        // while "(DAP_SWJ_Pins(nReset, nReset, 0) & nReset) == 0"  (timeout="1000000")
[19:08:44.018]          // -> [DAP_SWJ_Pins(0x80, 0x80, 0) => 0x8F]   (Out: nRESET=1  =>  In: SWCLK/TCK=1, SWDIO/TMS=1, TDI=1, TDO=1, nTRST=0, nRESET=1)
[19:08:44.018]        // while-condition  =>  FALSE
[19:08:44.018]        // end while "(DAP_SWJ_Pins(nReset, nReset, 0) & nReset) == 0"
[19:08:44.018]      </control>
[19:08:44.018]      // end if-block "canReadPins"
[19:08:44.018]    </control>
[19:08:44.018]    <control if="!canReadPins" while="" timeout="0" info="">
[19:08:44.018]      // if-block "!canReadPins"
[19:08:44.018]        // =>  FALSE
[19:08:44.018]      // skip if-block "!canReadPins"
[19:08:44.018]    </control>
[19:08:44.018]    <control if="(ACCESS_POINT_VAL & 0x00E00000) == 0" while="" timeout="0" info="">
[19:08:44.018]      // if-block "(ACCESS_POINT_VAL & 0x00E00000) == 0"
[19:08:44.018]        // =>  TRUE
[19:08:44.018]      <block atomic="false" info="">
[19:08:44.018]        WriteAP(0x00, 0x190008);
[19:08:44.018]          // -> [WriteAP(0x00000000, 0x00190008)]   (__dp=0x00000000, __ap=0x00000004)
[19:08:44.018]        WriteAP(0xF0, 0x01);
[19:08:44.036]          // -> [WriteAP(0x000000F0, 0x00000001)]   (__dp=0x00000000, __ap=0x00000004)
[19:08:44.036]      </block>
[19:08:44.036]      // end if-block "(ACCESS_POINT_VAL & 0x00E00000) == 0"
[19:08:44.036]    </control>
[19:08:44.036]    <control if="(ACCESS_POINT_VAL & 0x00E00000) != 0" while="" timeout="0" info="">
[19:08:44.036]      // if-block "(ACCESS_POINT_VAL & 0x00E00000) != 0"
[19:08:44.036]        // =>  FALSE
[19:08:44.036]      // skip if-block "(ACCESS_POINT_VAL & 0x00E00000) != 0"
[19:08:44.036]    </control>
[19:08:44.038]    <block atomic="false" info="">
[19:08:44.038]      ACCESS_POINT_VAL = ReadAP(0x00);//Reading current state of access point
[19:08:44.042]        // -> [ReadAP(0x00000000) => 0x0079002F]   (__dp=0x00000000, __ap=0x00000004)
[19:08:44.043]        // -> [ACCESS_POINT_VAL <= 0x0079002F]
[19:08:44.043]      Message(0, "Current state of access point is: %x",ACCESS_POINT_VAL);
[19:08:44.044]      __ap = 0; //lets make sure we reset the access point selection
[19:08:44.044]        // -> [__ap <= 0x00000000]
[19:08:44.044]    </block>
[19:08:44.044]  </sequence>
[19:08:44.044]  
[19:08:44.073]  **********  Sequence "DebugDeviceUnlock"  (Context="Connect", Pname="", info="")
[19:08:44.073]  
[19:08:44.073]  <debugvars>
[19:08:44.073]    // Pre-defined
[19:08:44.073]    __protocol=0x00010002      (Protocol="SWD", SWJ-DP="True")
[19:08:44.073]    __connection=0x00000202    (Connection Type="Flash", Reset Type="System Reset")
[19:08:44.073]    __dp=0x00000000
[19:08:44.073]    __ap=0x00000000
[19:08:44.073]    __traceout=0x00000000      (Trace Disabled)
[19:08:44.073]    __errorcontrol=0x00000000  (Skip Errors="False")
[19:08:44.073]    __FlashAddr=0x00000000
[19:08:44.073]    __FlashLen=0x00000000
[19:08:44.073]    __FlashArg=0x00000000
[19:08:44.073]    __FlashOp=0x00000000
[19:08:44.073]    __Result=0x00000000
[19:08:44.073]  </debugvars>
[19:08:44.073]  
[19:08:44.073]  <sequence name="DebugDeviceUnlock" Pname="" disable="false" info="">
[19:08:44.073]    <block atomic="false" info="">
[19:08:44.073]      __var deviceID = 0;
[19:08:44.073]        // -> [deviceID <= 0x00000000]
[19:08:44.073]      __var version = 0;
[19:08:44.073]        // -> [version <= 0x00000000]
[19:08:44.073]      __var partNum = 0;
[19:08:44.073]        // -> [partNum <= 0x00000000]
[19:08:44.073]      __var manuf = 0;
[19:08:44.073]        // -> [manuf <= 0x00000000]
[19:08:44.073]      __var isMSPM0G1X0X_G3X0X = 0;
[19:08:44.073]        // -> [isMSPM0G1X0X_G3X0X <= 0x00000000]
[19:08:44.073]      __var isProduction = 0;
[19:08:44.076]        // -> [isProduction <= 0x00000000]
[19:08:44.076]      __var continueId = 0;
[19:08:44.076]        // -> [continueId <= 0x00000000]
[19:08:44.076]      deviceID =   Read32(0x41C40004);
[19:08:44.096]        // -> [Read32(0x41C40004) => 0x2BB8802F]   (__dp=0x00000000, __ap=0x00000000)
[19:08:44.096]        // -> [deviceID <= 0x2BB8802F]
[19:08:44.096]      version = deviceID >> 28;
[19:08:44.096]        // -> [version <= 0x00000002]
[19:08:44.096]      partNum = (deviceID & 0x0FFFF000) >> 12;
[19:08:44.096]        // -> [partNum <= 0x0000BB88]
[19:08:44.096]      manuf = (deviceID & 0x00000FFE) >> 1;
[19:08:44.096]        // -> [manuf <= 0x00000017]
[19:08:44.096]      isMSPM0G1X0X_G3X0X = (partNum == 0xBB88) && (manuf == 0x17);
[19:08:44.096]        // -> [isMSPM0G1X0X_G3X0X <= 0x00000001]
[19:08:44.096]      isProduction = (version > 0);
[19:08:44.096]        // -> [isProduction <= 0x00000001]
[19:08:44.098]    </block>
[19:08:44.098]    <control if="!isMSPM0G1X0X_G3X0X" while="" timeout="0" info="">
[19:08:44.098]      // if-block "!isMSPM0G1X0X_G3X0X"
[19:08:44.098]        // =>  FALSE
[19:08:44.098]      // skip if-block "!isMSPM0G1X0X_G3X0X"
[19:08:44.098]    </control>
[19:08:44.098]    <control if="continueId == 4" while="" timeout="0" info="">
[19:08:44.098]      // if-block "continueId == 4"
[19:08:44.098]        // =>  FALSE
[19:08:44.098]      // skip if-block "continueId == 4"
[19:08:44.098]    </control>
[19:08:44.098]    <control if="!isProduction" while="" timeout="0" info="">
[19:08:44.098]      // if-block "!isProduction"
[19:08:44.098]        // =>  FALSE
[19:08:44.098]      // skip if-block "!isProduction"
[19:08:44.098]    </control>
[19:08:44.098]  </sequence>
[19:08:44.098]  
[19:25:33.096]  **********  Sequence "DebugPortSetup"  (Context="Connect", Pname="", info="")
[19:25:33.096]  
[19:25:33.099]  <debugvars>
[19:25:33.099]    // Pre-defined
[19:25:33.099]    __protocol=0x00010002      (Protocol="SWD", SWJ-DP="True")
[19:25:33.099]    __connection=0x00000202    (Connection Type="Flash", Reset Type="System Reset")
[19:25:33.099]    __dp=0x00000000
[19:25:33.099]    __ap=0x00000000
[19:25:33.099]    __traceout=0x00000000      (Trace Disabled)
[19:25:33.099]    __errorcontrol=0x00000000  (Skip Errors="False")
[19:25:33.099]    __FlashAddr=0x00000000
[19:25:33.099]    __FlashLen=0x00000000
[19:25:33.099]    __FlashArg=0x00000000
[19:25:33.099]    __FlashOp=0x00000000
[19:25:33.099]    __Result=0x00000000
[19:25:33.099]  </debugvars>
[19:25:33.099]  
[19:25:33.099]  <sequence name="DebugPortSetup" Pname="" disable="false" info="">
[19:25:33.099]    <block atomic="false" info="">
[19:25:33.099]      __var isSWJ      = ((__protocol & 0x00010000) != 0);
[19:25:33.099]        // -> [isSWJ <= 0x00000001]
[19:25:33.099]      __var hasDormant = __protocol & 0x00020000;
[19:25:33.099]        // -> [hasDormant <= 0x00000000]
[19:25:33.099]      __var protType   = __protocol & 0x0000FFFF;
[19:25:33.099]        // -> [protType <= 0x00000002]
[19:25:33.099]    </block>
[19:25:33.099]    <control if="protType == 1" while="" timeout="0" info="">
[19:25:33.099]      // if-block "protType == 1"
[19:25:33.099]        // =>  FALSE
[19:25:33.099]      // skip if-block "protType == 1"
[19:25:33.099]    </control>
[19:25:33.099]    <control if="protType == 2" while="" timeout="0" info="">
[19:25:33.099]      // if-block "protType == 2"
[19:25:33.099]        // =>  TRUE
[19:25:33.099]      <control if="isSWJ" while="" timeout="0" info="">
[19:25:33.099]        // if-block "isSWJ"
[19:25:33.099]          // =>  TRUE
[19:25:33.099]        <control if="hasDormant" while="" timeout="0" info="">
[19:25:33.099]          // if-block "hasDormant"
[19:25:33.099]            // =>  FALSE
[19:25:33.099]          // skip if-block "hasDormant"
[19:25:33.099]        </control>
[19:25:33.099]        <control if="!hasDormant" while="" timeout="0" info="">
[19:25:33.099]          // if-block "!hasDormant"
[19:25:33.099]            // =>  TRUE
[19:25:33.099]          <block atomic="false" info="">
[19:25:33.099]            DAP_SWJ_Sequence(51, 0x0007FFFFFFFFFFFF); //lets put the JTAG line in a reset state
[19:25:33.105]              // -> [DAP_SWJ_Sequence(51, 0x0007FFFFFFFFFFFF)]
[19:25:33.106]            DAP_SWJ_Sequence(16,0xE73C); //SWD to JTAG, this is to ensure the state machine is initialized
[19:25:33.107]              // -> [DAP_SWJ_Sequence(16, 0x000000000000E73C)]
[19:25:33.107]            DAP_SWJ_Sequence(51, 0x0007FFFFFFFFFFFF); //Put it back in reset
[19:25:33.109]              // -> [DAP_SWJ_Sequence(51, 0x0007FFFFFFFFFFFF)]
[19:25:33.109]            DAP_SWJ_Sequence(16, 0xE79E); //JTAG to SWD switch
[19:25:33.124]              // -> [DAP_SWJ_Sequence(16, 0x000000000000E79E)]
[19:25:33.125]            DAP_SWJ_Sequence(51, 0x0007FFFFFFFFFFFF);  //Ensure the switch is successful 
[19:25:33.128]              // -> [DAP_SWJ_Sequence(51, 0x0007FFFFFFFFFFFF)]
[19:25:33.128]            DAP_SWJ_Sequence(7,  0x00); //Give the line some time to initialize
[19:25:33.130]              // -> [DAP_SWJ_Sequence(7, 0x0000000000000000)]
[19:25:33.130]          </block>
[19:25:33.130]          // end if-block "!hasDormant"
[19:25:33.130]        </control>
[19:25:33.130]        // end if-block "isSWJ"
[19:25:33.130]      </control>
[19:25:33.130]      <control if="!isSWJ" while="" timeout="0" info="">
[19:25:33.130]        // if-block "!isSWJ"
[19:25:33.130]          // =>  FALSE
[19:25:33.130]        // skip if-block "!isSWJ"
[19:25:33.130]      </control>
[19:25:33.130]      <block atomic="false" info="">
[19:25:33.130]        ReadDP(0x0);
[19:25:33.135]          // -> [ReadDP(0x00000000) => 0x6BA02477]   (__dp=0x00000000)
[19:25:33.135]      </block>
[19:25:33.135]      // end if-block "protType == 2"
[19:25:33.138]    </control>
[19:25:33.138]  </sequence>
[19:25:33.138]  
[19:25:33.145]  **********  Sequence "DebugPortStart"  (Context="Connect", Pname="", info="")
[19:25:33.145]  
[19:25:33.145]  <debugvars>
[19:25:33.145]    // Pre-defined
[19:25:33.145]    __protocol=0x00010002      (Protocol="SWD", SWJ-DP="True")
[19:25:33.145]    __connection=0x00000202    (Connection Type="Flash", Reset Type="System Reset")
[19:25:33.145]    __dp=0x00000000
[19:25:33.145]    __ap=0x00000000
[19:25:33.145]    __traceout=0x00000000      (Trace Disabled)
[19:25:33.145]    __errorcontrol=0x00000000  (Skip Errors="False")
[19:25:33.145]    __FlashAddr=0x00000000
[19:25:33.145]    __FlashLen=0x00000000
[19:25:33.145]    __FlashArg=0x00000000
[19:25:33.145]    __FlashOp=0x00000000
[19:25:33.145]    __Result=0x00000000
[19:25:33.145]  </debugvars>
[19:25:33.145]  
[19:25:33.145]  <sequence name="DebugPortStart" Pname="" disable="false" info="">
[19:25:33.145]    <block atomic="false" info="">
[19:25:33.146]      __var SW_DP_ABORT       = 0x0;
[19:25:33.146]        // -> [SW_DP_ABORT <= 0x00000000]
[19:25:33.146]      __var DP_CTRL_STAT      = 0x4;
[19:25:33.146]        // -> [DP_CTRL_STAT <= 0x00000004]
[19:25:33.146]      __var DP_SELECT         = 0x8;
[19:25:33.146]        // -> [DP_SELECT <= 0x00000008]
[19:25:33.146]      __var powered_down      = 0;
[19:25:33.146]        // -> [powered_down <= 0x00000000]
[19:25:33.146]      WriteDP(DP_SELECT, 0x00000000);
[19:25:33.146]        // -> [WriteDP(0x00000008, 0x00000000)]   (__dp=0x00000000)
[19:25:33.146]      powered_down = ((ReadDP(DP_CTRL_STAT) & 0xA0000000) != 0xA0000000);
[19:25:33.151]        // -> [ReadDP(0x00000004) => 0x00000040]   (__dp=0x00000000)
[19:25:33.151]        // -> [powered_down <= 0x00000001]
[19:25:33.151]    </block>
[19:25:33.151]    <control if="powered_down" while="" timeout="0" info="">
[19:25:33.151]      // if-block "powered_down"
[19:25:33.151]        // =>  TRUE
[19:25:33.151]      <block atomic="false" info="">
[19:25:33.151]        Message(0, "Debug/System power-up request sent");
[19:25:33.156]        WriteDP(DP_CTRL_STAT, 0x50000000);
[19:25:33.158]          // -> [WriteDP(0x00000004, 0x50000000)]   (__dp=0x00000000)
[19:25:33.158]      </block>
[19:25:33.158]      <control if="" while="(ReadDP(DP_CTRL_STAT) & 0xA0000000) != 0xA0000000" timeout="1000000" info="">
[19:25:33.158]        // while "(ReadDP(DP_CTRL_STAT) & 0xA0000000) != 0xA0000000"  (timeout="1000000")
[19:25:33.164]          // -> [ReadDP(0x00000004) => 0xF0000040]   (__dp=0x00000000)
[19:25:33.165]        // while-condition  =>  FALSE
[19:25:33.165]        // end while "(ReadDP(DP_CTRL_STAT) & 0xA0000000) != 0xA0000000"
[19:25:33.165]      </control>
[19:25:33.165]      <control if="(__protocol & 0xFFFF) == 1" while="" timeout="0" info="">
[19:25:33.165]        // if-block "(__protocol & 0xFFFF) == 1"
[19:25:33.165]          // =>  FALSE
[19:25:33.165]        // skip if-block "(__protocol & 0xFFFF) == 1"
[19:25:33.165]      </control>
[19:25:33.165]      <control if="(__protocol & 0xFFFF) == 2" while="" timeout="0" info="">
[19:25:33.165]        // if-block "(__protocol & 0xFFFF) == 2"
[19:25:33.166]          // =>  TRUE
[19:25:33.166]        <block atomic="false" info="">
[19:25:33.166]          Message(0, "executing SWD power up");
[19:25:33.166]          WriteDP(DP_CTRL_STAT, 0x50000F00);
[19:25:33.166]            // -> [WriteDP(0x00000004, 0x50000F00)]   (__dp=0x00000000)
[19:25:33.166]          WriteDP(SW_DP_ABORT, 0x0000001E);
[19:25:33.166]            // -> [WriteDP(0x00000000, 0x0000001E)]   (__dp=0x00000000)
[19:25:33.166]        </block>
[19:25:33.166]        // end if-block "(__protocol & 0xFFFF) == 2"
[19:25:33.171]      </control>
[19:25:33.171]      // end if-block "powered_down"
[19:25:33.171]    </control>
[19:25:33.171]    <block atomic="false" info="">
[19:25:33.171]      __var DEBUG_PORT_VAL    = 0;
[19:25:33.171]        // -> [DEBUG_PORT_VAL <= 0x00000000]
[19:25:33.171]      __var ACCESS_POINT_VAL  = 0;
[19:25:33.171]        // -> [ACCESS_POINT_VAL <= 0x00000000]
[19:25:33.171]      __ap = 1; 
[19:25:33.171]        // -> [__ap <= 0x00000001]
[19:25:33.171]      WriteAP(0x0C, 0x04); //lets use the mini pwr-ap as backup
[19:25:33.175]        // -> [WriteAP(0x0000000C, 0x00000004)]   (__dp=0x00000000, __ap=0x00000001)
[19:25:33.175]      __ap = 4;
[19:25:33.175]        // -> [__ap <= 0x00000004]
[19:25:33.176]      ACCESS_POINT_VAL = ReadAP(0x00);//Reading current state of access point
[19:25:33.181]        // -> [ReadAP(0x00000000) => 0x00080027]   (__dp=0x00000000, __ap=0x00000004)
[19:25:33.181]        // -> [ACCESS_POINT_VAL <= 0x00080027]
[19:25:33.181]      Message(0, "Current state of access point is: %x",ACCESS_POINT_VAL);
[19:25:33.181]    </block>
[19:25:33.181]    <block atomic="false" info="">
[19:25:33.181]      __var nReset = 0x80;
[19:25:33.181]        // -> [nReset <= 0x00000080]
[19:25:33.181]      __var canReadPins = 0;
[19:25:33.181]        // -> [canReadPins <= 0x00000000]
[19:25:33.181]      canReadPins = (DAP_SWJ_Pins(0x00, nReset, 0) != 0xFFFFFFFF);
[19:25:33.186]        // -> [DAP_SWJ_Pins(0x00, 0x80, 0) => 0x0F]   (Out: nRESET=0  =>  In: SWCLK/TCK=1, SWDIO/TMS=1, TDI=1, TDO=1, nTRST=0, nRESET=0)
[19:25:33.186]        // -> [canReadPins <= 0x00000001]
[19:25:33.186]    </block>
[19:25:33.186]    <control if="" while="1" timeout="200" info="">
[19:25:33.186]      // while "1"  (timeout="200")
[19:25:33.186]      // while-condition  =>  TRUE
[19:25:33.186]      // while "1"  (timeout="200")
[19:25:33.186]      // while-condition  =>  TRUE
[19:25:33.186]      // while "1"  (timeout="200")
[19:25:33.186]      // while-condition  =>  TRUE
[19:25:33.186]      // while "1"  (timeout="200")
[19:25:33.186]      // while-condition  =>  TRUE
[19:25:33.186]      // while "1"  (timeout="200")
[19:25:33.186]      // while-condition  =>  TRUE
[19:25:33.186]      // while "1"  (timeout="200")
[19:25:33.186]      // while-condition  =>  TRUE
[19:25:33.186]      // while "1"  (timeout="200")
[19:25:33.186]      // while-condition  =>  TRUE
[19:25:33.186]      // while "1"  (timeout="200")
[19:25:33.186]      // while-condition  =>  TRUE
[19:25:33.186]      // while "1"  (timeout="200")
[19:25:33.186]      // while-condition  =>  TRUE
[19:25:33.186]      // while "1"  (timeout="200")
[19:25:33.186]      // while-condition  =>  TRUE
[19:25:33.186]      // while "1"  (timeout="200")
[19:25:33.186]      // while-condition  =>  TRUE
[19:25:33.186]      // while "1"  (timeout="200")
[19:25:33.186]      // while-condition  =>  TRUE
[19:25:33.186]      // while "1"  (timeout="200")
[19:25:33.186]      // while-condition  =>  TRUE
[19:25:33.186]      // while "1"  (timeout="200")
[19:25:33.186]      // while-condition  =>  TRUE
[19:25:33.186]      // while "1"  (timeout="200")
[19:25:33.186]      // while-condition  =>  TRUE
[19:25:33.186]      // while "1"  (timeout="200")
[19:25:33.186]      // while-condition  =>  TRUE
[19:25:33.186]      // while "1"  (timeout="200")
[19:25:33.186]      // while-condition  =>  TRUE
[19:25:33.186]      // while "1"  (timeout="200")
[19:25:33.186]      // while-condition  =>  TRUE
[19:25:33.186]      // while "1"  (timeout="200")
[19:25:33.186]      // while-condition  =>  TRUE
[19:25:33.186]      // while "1"  (timeout="200")
[19:25:33.186]      // while-condition  =>  TRUE
[19:25:33.186]      // while "1"  (timeout="200")
[19:25:33.186]      // while-condition  =>  TRUE
[19:25:33.186]      // while "1"  (timeout="200")
[19:25:33.191]      // while-condition  =>  TRUE
[19:25:33.191]      // while "1"  (timeout="200")
[19:25:33.191]      // while-condition  =>  TRUE
[19:25:33.191]      // while "1"  (timeout="200")
[19:25:33.191]      // while-condition  =>  TRUE
[19:25:33.191]      // while "1"  (timeout="200")
[19:25:33.191]      // while-condition  =>  TRUE
[19:25:33.191]      // while "1"  (timeout="200")
[19:25:33.191]      // while-condition  =>  TRUE
[19:25:33.191]      // while "1"  (timeout="200")
[19:25:33.191]      // while-condition  =>  TRUE
[19:25:33.191]      // while "1"  (timeout="200")
[19:25:33.191]      // while-condition  =>  TRUE
[19:25:33.191]      // while "1"  (timeout="200")
[19:25:33.191]      // while-condition  =>  TRUE
[19:25:33.193]      // while "1"  (timeout="200")
[19:25:33.193]      // while-condition  =>  TRUE
[19:25:33.193]      // while "1"  (timeout="200")
[19:25:33.193]      // while-condition  =>  TRUE
[19:25:33.193]      // while "1"  (timeout="200")
[19:25:33.193]      // while-condition  =>  TRUE
[19:25:33.193]      // while "1"  (timeout="200")
[19:25:33.193]      // while-condition  =>  TRUE
[19:25:33.193]      // while "1"  (timeout="200")
[19:25:33.193]      // while-condition  =>  TRUE
[19:25:33.193]      // while "1"  (timeout="200")
[19:25:33.193]      // while-condition  =>  TRUE
[19:25:33.193]      // while "1"  (timeout="200")
[19:25:33.193]      // while-condition  =>  TRUE
[19:25:33.193]      // while "1"  (timeout="200")
[19:25:33.193]      // while-condition  =>  TRUE
[19:25:33.193]      // while "1"  (timeout="200")
[19:25:33.193]      // while-condition  =>  TRUE
[19:25:33.193]      // while "1"  (timeout="200")
[19:25:33.193]      // while-condition  =>  TRUE
[19:25:33.193]      // while "1"  (timeout="200")
[19:25:33.193]      // while-condition  =>  TRUE
[19:25:33.193]      // while "1"  (timeout="200")
[19:25:33.193]      // while-condition  =>  TRUE
[19:25:33.193]      // while "1"  (timeout="200")
[19:25:33.193]      // while-condition  =>  TRUE
[19:25:33.193]      // while "1"  (timeout="200")
[19:25:33.193]      // while-condition  =>  TRUE
[19:25:33.193]      // while "1"  (timeout="200")
[19:25:33.193]      // while-condition  =>  TRUE
[19:25:33.193]      // while "1"  (timeout="200")
[19:25:33.193]      // while-condition  =>  TRUE
[19:25:33.193]      // while "1"  (timeout="200")
[19:25:33.193]      // while-condition  =>  TRUE
[19:25:33.193]      // while "1"  (timeout="200")
[19:25:33.193]      // while-condition  =>  TRUE
[19:25:33.193]      // while "1"  (timeout="200")
[19:25:33.193]      // while-condition  =>  TRUE
[19:25:33.193]      // while "1"  (timeout="200")
[19:25:33.193]      // while-condition  =>  TRUE
[19:25:33.193]      // while "1"  (timeout="200")
[19:25:33.193]      // while-condition  =>  TRUE
[19:25:33.193]      // while "1"  (timeout="200")
[19:25:33.193]      // while-condition  =>  TRUE
[19:25:33.193]      // while "1"  (timeout="200")
[19:25:33.193]      // while-condition  =>  TRUE
[19:25:33.193]      // while "1"  (timeout="200")
[19:25:33.193]      // while-condition  =>  TRUE
[19:25:33.193]      // while "1"  (timeout="200")
[19:25:33.193]      // while-condition  =>  TRUE
[19:25:33.193]      // while "1"  (timeout="200")
[19:25:33.193]      // while-condition  =>  TRUE
[19:25:33.193]      // while "1"  (timeout="200")
[19:25:33.193]      // while-condition  =>  TRUE
[19:25:33.193]      // while "1"  (timeout="200")
[19:25:33.193]      // while-condition  =>  TRUE
[19:25:33.193]      // while "1"  (timeout="200")
[19:25:33.193]      // while-condition  =>  TRUE
[19:25:33.193]      // while "1"  (timeout="200")
[19:25:33.193]      // while-condition  =>  TRUE
[19:25:33.193]      // while "1"  (timeout="200")
[19:25:33.193]      // while-condition  =>  TRUE
[19:25:33.193]      // while "1"  (timeout="200")
[19:25:33.193]      // while-condition  =>  TRUE
[19:25:33.195]      // while "1"  (timeout="200")
[19:25:33.195]      // while-condition  =>  TRUE
[19:25:33.195]      // while "1"  (timeout="200")
[19:25:33.195]      // while-condition  =>  TRUE
[19:25:33.195]      // while "1"  (timeout="200")
[19:25:33.195]      // while-condition  =>  TRUE
[19:25:33.195]      // while "1"  (timeout="200")
[19:25:33.195]      // while-condition  =>  TRUE
[19:25:33.195]      // while "1"  (timeout="200")
[19:25:33.196]      // while-condition  =>  TRUE
[19:25:33.196]      // while "1"  (timeout="200")
[19:25:33.196]      // while-condition  =>  TRUE
[19:25:33.196]      // while "1"  (timeout="200")
[19:25:33.196]      // while-condition  =>  TRUE
[19:25:33.196]      // while "1"  (timeout="200")
[19:25:33.196]      // while-condition  =>  TRUE
[19:25:33.196]      // while "1"  (timeout="200")
[19:25:33.196]      // while-condition  =>  TRUE
[19:25:33.196]      // while "1"  (timeout="200")
[19:25:33.196]      // while-condition  =>  TRUE
[19:25:33.196]      // while "1"  (timeout="200")
[19:25:33.196]      // while-condition  =>  TRUE
[19:25:33.196]      // while "1"  (timeout="200")
[19:25:33.196]      // while-condition  =>  TRUE
[19:25:33.196]      // while "1"  (timeout="200")
[19:25:33.196]      // while-condition  =>  TRUE
[19:25:33.196]      // while "1"  (timeout="200")
[19:25:33.197]      // while-condition  =>  TRUE
[19:25:33.197]      // while "1"  (timeout="200")
[19:25:33.197]      // while-condition  =>  TRUE
[19:25:33.197]      // while "1"  (timeout="200")
[19:25:33.197]      // while-condition  =>  TRUE
[19:25:33.197]      // while "1"  (timeout="200")
[19:25:33.197]      // while-condition  =>  TRUE
[19:25:33.197]      // while "1"  (timeout="200")
[19:25:33.197]      // while-condition  =>  TRUE
[19:25:33.197]      // while "1"  (timeout="200")
[19:25:33.197]      // while-condition  =>  TRUE
[19:25:33.197]      // while "1"  (timeout="200")
[19:25:33.197]      // while-condition  =>  TRUE
[19:25:33.197]      // while "1"  (timeout="200")
[19:25:33.197]      // while-condition  =>  TRUE
[19:25:33.197]      // while "1"  (timeout="200")
[19:25:33.197]      // while-condition  =>  TRUE
[19:25:33.197]      // while "1"  (timeout="200")
[19:25:33.197]      // while-condition  =>  TRUE
[19:25:33.197]      // while "1"  (timeout="200")
[19:25:33.197]      // while-condition  =>  TRUE
[19:25:33.197]      // while "1"  (timeout="200")
[19:25:33.197]      // while-condition  =>  TRUE
[19:25:33.197]      // while "1"  (timeout="200")
[19:25:33.197]      // while-condition  =>  TRUE
[19:25:33.197]      // while "1"  (timeout="200")
[19:25:33.197]      // while-condition  =>  TRUE
[19:25:33.197]      // while "1"  (timeout="200")
[19:25:33.197]      // while-condition  =>  TRUE
[19:25:33.197]      // while "1"  (timeout="200")
[19:25:33.197]      // while-condition  =>  TRUE
[19:25:33.197]      // while "1"  (timeout="200")
[19:25:33.197]      // while-condition  =>  TRUE
[19:25:33.197]      // while "1"  (timeout="200")
[19:25:33.197]      // while-condition  =>  TRUE
[19:25:33.197]      // while "1"  (timeout="200")
[19:25:33.197]      // while-condition  =>  TRUE
[19:25:33.197]      // while "1"  (timeout="200")
[19:25:33.197]      // while-condition  =>  TRUE
[19:25:33.197]      // while "1"  (timeout="200")
[19:25:33.197]      // while-condition  =>  TRUE
[19:25:33.197]      // while "1"  (timeout="200")
[19:25:33.197]      // while-condition  =>  TRUE
[19:25:33.197]      // while "1"  (timeout="200")
[19:25:33.197]      // while-condition  =>  TRUE
[19:25:33.197]      // while "1"  (timeout="200")
[19:25:33.197]      // while-condition  =>  TRUE
[19:25:33.197]      // while "1"  (timeout="200")
[19:25:33.197]      // while-condition  =>  TRUE
[19:25:33.197]      // while "1"  (timeout="200")
[19:25:33.197]      // while-condition  =>  TRUE
[19:25:33.197]      // while "1"  (timeout="200")
[19:25:33.197]      // while-condition  =>  TRUE
[19:25:33.197]      // while "1"  (timeout="200")
[19:25:33.197]      // while-condition  =>  TRUE
[19:25:33.197]      // while "1"  (timeout="200")
[19:25:33.197]      // while-condition  =>  TRUE
[19:25:33.197]      // while "1"  (timeout="200")
[19:25:33.197]      // while-condition  =>  TRUE
[19:25:33.197]      // while "1"  (timeout="200")
[19:25:33.197]      // while-condition  =>  TRUE
[19:25:33.197]      // while "1"  (timeout="200")
[19:25:33.197]      // while-condition  =>  TRUE
[19:25:33.197]      // while "1"  (timeout="200")
[19:25:33.197]      // while-condition  =>  TRUE
[19:25:33.197]      // while "1"  (timeout="200")
[19:25:33.197]      // while-condition  =>  TRUE
[19:25:33.197]      // while "1"  (timeout="200")
[19:25:33.197]      // while-condition  =>  TRUE
[19:25:33.197]      // while "1"  (timeout="200")
[19:25:33.197]      // while-condition  =>  TRUE
[19:25:33.197]      // while "1"  (timeout="200")
[19:25:33.197]      // while-condition  =>  TRUE
[19:25:33.197]      // while "1"  (timeout="200")
[19:25:33.197]      // while-condition  =>  TRUE
[19:25:33.197]      // while "1"  (timeout="200")
[19:25:33.197]      // while-condition  =>  TRUE
[19:25:33.197]      // while "1"  (timeout="200")
[19:25:33.197]      // while-condition  =>  TRUE
[19:25:33.197]      // while "1"  (timeout="200")
[19:25:33.197]      // while-condition  =>  TRUE
[19:25:33.197]      // while "1"  (timeout="200")
[19:25:33.197]      // while-condition  =>  TRUE
[19:25:33.197]      // while "1"  (timeout="200")
[19:25:33.197]      // while-condition  =>  TRUE
[19:25:33.197]      // while "1"  (timeout="200")
[19:25:33.197]      // while-condition  =>  TRUE
[19:25:33.197]      // while "1"  (timeout="200")
[19:25:33.197]      // while-condition  =>  TRUE
[19:25:33.197]      // while "1"  (timeout="200")
[19:25:33.197]      // while-condition  =>  TRUE
[19:25:33.197]      // while "1"  (timeout="200")
[19:25:33.197]      // while-condition  =>  TRUE
[19:25:33.197]      // while "1"  (timeout="200")
[19:25:33.197]      // while-condition  =>  TRUE
[19:25:33.197]      // while "1"  (timeout="200")
[19:25:33.197]      // while-condition  =>  TRUE
[19:25:33.197]      // while "1"  (timeout="200")
[19:25:33.197]      // while-condition  =>  TRUE
[19:25:33.197]      // while "1"  (timeout="200")
[19:25:33.197]      // while-condition  =>  TRUE
[19:25:33.197]      // while "1"  (timeout="200")
[19:25:33.197]      // while-condition  =>  TRUE
[19:25:33.197]      // while "1"  (timeout="200")
[19:25:33.197]      // while-condition  =>  TRUE
[19:25:33.197]      // while "1"  (timeout="200")
[19:25:33.202]      // while-condition  =>  TRUE
[19:25:33.202]      // while "1"  (timeout="200")
[19:25:33.202]      // while  =>  TIMEOUT
[19:25:33.202]      // end while "1"
[19:25:33.202]    </control>
[19:25:33.202]    <control if="canReadPins" while="" timeout="0" info="">
[19:25:33.202]      // if-block "canReadPins"
[19:25:33.202]        // =>  TRUE
[19:25:33.202]      <control if="" while="(DAP_SWJ_Pins(nReset, nReset, 0) & nReset) == 0" timeout="1000000" info="">
[19:25:33.202]        // while "(DAP_SWJ_Pins(nReset, nReset, 0) & nReset) == 0"  (timeout="1000000")
[19:25:33.202]          // -> [DAP_SWJ_Pins(0x80, 0x80, 0) => 0x8F]   (Out: nRESET=1  =>  In: SWCLK/TCK=1, SWDIO/TMS=1, TDI=1, TDO=1, nTRST=0, nRESET=1)
[19:25:33.202]        // while-condition  =>  FALSE
[19:25:33.202]        // end while "(DAP_SWJ_Pins(nReset, nReset, 0) & nReset) == 0"
[19:25:33.202]      </control>
[19:25:33.202]      // end if-block "canReadPins"
[19:25:33.202]    </control>
[19:25:33.202]    <control if="!canReadPins" while="" timeout="0" info="">
[19:25:33.202]      // if-block "!canReadPins"
[19:25:33.202]        // =>  FALSE
[19:25:33.202]      // skip if-block "!canReadPins"
[19:25:33.202]    </control>
[19:25:33.202]    <control if="(ACCESS_POINT_VAL & 0x00E00000) == 0" while="" timeout="0" info="">
[19:25:33.202]      // if-block "(ACCESS_POINT_VAL & 0x00E00000) == 0"
[19:25:33.202]        // =>  TRUE
[19:25:33.202]      <block atomic="false" info="">
[19:25:33.205]        WriteAP(0x00, 0x190008);
[19:25:33.207]          // -> [WriteAP(0x00000000, 0x00190008)]   (__dp=0x00000000, __ap=0x00000004)
[19:25:33.207]        WriteAP(0xF0, 0x01);
[19:25:33.214]          // -> [WriteAP(0x000000F0, 0x00000001)]   (__dp=0x00000000, __ap=0x00000004)
[19:25:33.215]      </block>
[19:25:33.215]      // end if-block "(ACCESS_POINT_VAL & 0x00E00000) == 0"
[19:25:33.215]    </control>
[19:25:33.215]    <control if="(ACCESS_POINT_VAL & 0x00E00000) != 0" while="" timeout="0" info="">
[19:25:33.215]      // if-block "(ACCESS_POINT_VAL & 0x00E00000) != 0"
[19:25:33.215]        // =>  FALSE
[19:25:33.215]      // skip if-block "(ACCESS_POINT_VAL & 0x00E00000) != 0"
[19:25:33.215]    </control>
[19:25:33.215]    <block atomic="false" info="">
[19:25:33.215]      ACCESS_POINT_VAL = ReadAP(0x00);//Reading current state of access point
[19:25:33.217]        // -> [ReadAP(0x00000000) => 0x0079002F]   (__dp=0x00000000, __ap=0x00000004)
[19:25:33.217]        // -> [ACCESS_POINT_VAL <= 0x0079002F]
[19:25:33.217]      Message(0, "Current state of access point is: %x",ACCESS_POINT_VAL);
[19:25:33.222]      __ap = 0; //lets make sure we reset the access point selection
[19:25:33.222]        // -> [__ap <= 0x00000000]
[19:25:33.222]    </block>
[19:25:33.222]  </sequence>
[19:25:33.222]  
[19:25:33.247]  **********  Sequence "DebugDeviceUnlock"  (Context="Connect", Pname="", info="")
[19:25:33.247]  
[19:25:33.247]  <debugvars>
[19:25:33.247]    // Pre-defined
[19:25:33.247]    __protocol=0x00010002      (Protocol="SWD", SWJ-DP="True")
[19:25:33.247]    __connection=0x00000202    (Connection Type="Flash", Reset Type="System Reset")
[19:25:33.247]    __dp=0x00000000
[19:25:33.247]    __ap=0x00000000
[19:25:33.247]    __traceout=0x00000000      (Trace Disabled)
[19:25:33.247]    __errorcontrol=0x00000000  (Skip Errors="False")
[19:25:33.247]    __FlashAddr=0x00000000
[19:25:33.247]    __FlashLen=0x00000000
[19:25:33.247]    __FlashArg=0x00000000
[19:25:33.247]    __FlashOp=0x00000000
[19:25:33.247]    __Result=0x00000000
[19:25:33.247]  </debugvars>
[19:25:33.247]  
[19:25:33.247]  <sequence name="DebugDeviceUnlock" Pname="" disable="false" info="">
[19:25:33.247]    <block atomic="false" info="">
[19:25:33.247]      __var deviceID = 0;
[19:25:33.247]        // -> [deviceID <= 0x00000000]
[19:25:33.247]      __var version = 0;
[19:25:33.247]        // -> [version <= 0x00000000]
[19:25:33.247]      __var partNum = 0;
[19:25:33.247]        // -> [partNum <= 0x00000000]
[19:25:33.247]      __var manuf = 0;
[19:25:33.247]        // -> [manuf <= 0x00000000]
[19:25:33.247]      __var isMSPM0G1X0X_G3X0X = 0;
[19:25:33.247]        // -> [isMSPM0G1X0X_G3X0X <= 0x00000000]
[19:25:33.247]      __var isProduction = 0;
[19:25:33.247]        // -> [isProduction <= 0x00000000]
[19:25:33.247]      __var continueId = 0;
[19:25:33.247]        // -> [continueId <= 0x00000000]
[19:25:33.247]      deviceID =   Read32(0x41C40004);
[19:25:33.268]        // -> [Read32(0x41C40004) => 0x2BB8802F]   (__dp=0x00000000, __ap=0x00000000)
[19:25:33.268]        // -> [deviceID <= 0x2BB8802F]
[19:25:33.268]      version = deviceID >> 28;
[19:25:33.268]        // -> [version <= 0x00000002]
[19:25:33.268]      partNum = (deviceID & 0x0FFFF000) >> 12;
[19:25:33.268]        // -> [partNum <= 0x0000BB88]
[19:25:33.268]      manuf = (deviceID & 0x00000FFE) >> 1;
[19:25:33.268]        // -> [manuf <= 0x00000017]
[19:25:33.268]      isMSPM0G1X0X_G3X0X = (partNum == 0xBB88) && (manuf == 0x17);
[19:25:33.268]        // -> [isMSPM0G1X0X_G3X0X <= 0x00000001]
[19:25:33.268]      isProduction = (version > 0);
[19:25:33.268]        // -> [isProduction <= 0x00000001]
[19:25:33.268]    </block>
[19:25:33.268]    <control if="!isMSPM0G1X0X_G3X0X" while="" timeout="0" info="">
[19:25:33.268]      // if-block "!isMSPM0G1X0X_G3X0X"
[19:25:33.268]        // =>  FALSE
[19:25:33.268]      // skip if-block "!isMSPM0G1X0X_G3X0X"
[19:25:33.268]    </control>
[19:25:33.268]    <control if="continueId == 4" while="" timeout="0" info="">
[19:25:33.268]      // if-block "continueId == 4"
[19:25:33.268]        // =>  FALSE
[19:25:33.268]      // skip if-block "continueId == 4"
[19:25:33.268]    </control>
[19:25:33.268]    <control if="!isProduction" while="" timeout="0" info="">
[19:25:33.268]      // if-block "!isProduction"
[19:25:33.268]        // =>  FALSE
[19:25:33.268]      // skip if-block "!isProduction"
[19:25:33.268]    </control>
[19:25:33.268]  </sequence>
[19:25:33.268]  
[19:29:19.779]  **********  Sequence "DebugPortSetup"  (Context="Connect", Pname="", info="")
[19:29:19.779]  
[19:29:19.779]  <debugvars>
[19:29:19.779]    // Pre-defined
[19:29:19.779]    __protocol=0x00010002      (Protocol="SWD", SWJ-DP="True")
[19:29:19.779]    __connection=0x00000202    (Connection Type="Flash", Reset Type="System Reset")
[19:29:19.779]    __dp=0x00000000
[19:29:19.779]    __ap=0x00000000
[19:29:19.779]    __traceout=0x00000000      (Trace Disabled)
[19:29:19.779]    __errorcontrol=0x00000000  (Skip Errors="False")
[19:29:19.779]    __FlashAddr=0x00000000
[19:29:19.779]    __FlashLen=0x00000000
[19:29:19.779]    __FlashArg=0x00000000
[19:29:19.780]    __FlashOp=0x00000000
[19:29:19.780]    __Result=0x00000000
[19:29:19.780]  </debugvars>
[19:29:19.780]  
[19:29:19.780]  <sequence name="DebugPortSetup" Pname="" disable="false" info="">
[19:29:19.780]    <block atomic="false" info="">
[19:29:19.780]      __var isSWJ      = ((__protocol & 0x00010000) != 0);
[19:29:19.780]        // -> [isSWJ <= 0x00000001]
[19:29:19.780]      __var hasDormant = __protocol & 0x00020000;
[19:29:19.780]        // -> [hasDormant <= 0x00000000]
[19:29:19.780]      __var protType   = __protocol & 0x0000FFFF;
[19:29:19.780]        // -> [protType <= 0x00000002]
[19:29:19.780]    </block>
[19:29:19.780]    <control if="protType == 1" while="" timeout="0" info="">
[19:29:19.780]      // if-block "protType == 1"
[19:29:19.780]        // =>  FALSE
[19:29:19.780]      // skip if-block "protType == 1"
[19:29:19.780]    </control>
[19:29:19.780]    <control if="protType == 2" while="" timeout="0" info="">
[19:29:19.781]      // if-block "protType == 2"
[19:29:19.781]        // =>  TRUE
[19:29:19.781]      <control if="isSWJ" while="" timeout="0" info="">
[19:29:19.781]        // if-block "isSWJ"
[19:29:19.781]          // =>  TRUE
[19:29:19.781]        <control if="hasDormant" while="" timeout="0" info="">
[19:29:19.781]          // if-block "hasDormant"
[19:29:19.781]            // =>  FALSE
[19:29:19.782]          // skip if-block "hasDormant"
[19:29:19.782]        </control>
[19:29:19.782]        <control if="!hasDormant" while="" timeout="0" info="">
[19:29:19.782]          // if-block "!hasDormant"
[19:29:19.782]            // =>  TRUE
[19:29:19.782]          <block atomic="false" info="">
[19:29:19.782]            DAP_SWJ_Sequence(51, 0x0007FFFFFFFFFFFF); //lets put the JTAG line in a reset state
[19:29:19.783]              // -> [DAP_SWJ_Sequence(51, 0x0007FFFFFFFFFFFF)]
[19:29:19.784]            DAP_SWJ_Sequence(16,0xE73C); //SWD to JTAG, this is to ensure the state machine is initialized
[19:29:19.786]              // -> [DAP_SWJ_Sequence(16, 0x000000000000E73C)]
[19:29:19.786]            DAP_SWJ_Sequence(51, 0x0007FFFFFFFFFFFF); //Put it back in reset
[19:29:19.791]              // -> [DAP_SWJ_Sequence(51, 0x0007FFFFFFFFFFFF)]
[19:29:19.791]            DAP_SWJ_Sequence(16, 0xE79E); //JTAG to SWD switch
[19:29:19.800]              // -> [DAP_SWJ_Sequence(16, 0x000000000000E79E)]
[19:29:19.800]            DAP_SWJ_Sequence(51, 0x0007FFFFFFFFFFFF);  //Ensure the switch is successful 
[19:29:19.803]              // -> [DAP_SWJ_Sequence(51, 0x0007FFFFFFFFFFFF)]
[19:29:19.804]            DAP_SWJ_Sequence(7,  0x00); //Give the line some time to initialize
[19:29:19.806]              // -> [DAP_SWJ_Sequence(7, 0x0000000000000000)]
[19:29:19.806]          </block>
[19:29:19.806]          // end if-block "!hasDormant"
[19:29:19.806]        </control>
[19:29:19.806]        // end if-block "isSWJ"
[19:29:19.806]      </control>
[19:29:19.806]      <control if="!isSWJ" while="" timeout="0" info="">
[19:29:19.806]        // if-block "!isSWJ"
[19:29:19.806]          // =>  FALSE
[19:29:19.806]        // skip if-block "!isSWJ"
[19:29:19.806]      </control>
[19:29:19.806]      <block atomic="false" info="">
[19:29:19.806]        ReadDP(0x0);
[19:29:19.811]          // -> [ReadDP(0x00000000) => 0x6BA02477]   (__dp=0x00000000)
[19:29:19.811]      </block>
[19:29:19.811]      // end if-block "protType == 2"
[19:29:19.811]    </control>
[19:29:19.811]  </sequence>
[19:29:19.811]  
[19:29:19.821]  **********  Sequence "DebugPortStart"  (Context="Connect", Pname="", info="")
[19:29:19.821]  
[19:29:19.821]  <debugvars>
[19:29:19.821]    // Pre-defined
[19:29:19.821]    __protocol=0x00010002      (Protocol="SWD", SWJ-DP="True")
[19:29:19.821]    __connection=0x00000202    (Connection Type="Flash", Reset Type="System Reset")
[19:29:19.821]    __dp=0x00000000
[19:29:19.821]    __ap=0x00000000
[19:29:19.821]    __traceout=0x00000000      (Trace Disabled)
[19:29:19.821]    __errorcontrol=0x00000000  (Skip Errors="False")
[19:29:19.821]    __FlashAddr=0x00000000
[19:29:19.821]    __FlashLen=0x00000000
[19:29:19.821]    __FlashArg=0x00000000
[19:29:19.821]    __FlashOp=0x00000000
[19:29:19.821]    __Result=0x00000000
[19:29:19.822]  </debugvars>
[19:29:19.822]  
[19:29:19.822]  <sequence name="DebugPortStart" Pname="" disable="false" info="">
[19:29:19.822]    <block atomic="false" info="">
[19:29:19.822]      __var SW_DP_ABORT       = 0x0;
[19:29:19.822]        // -> [SW_DP_ABORT <= 0x00000000]
[19:29:19.822]      __var DP_CTRL_STAT      = 0x4;
[19:29:19.822]        // -> [DP_CTRL_STAT <= 0x00000004]
[19:29:19.822]      __var DP_SELECT         = 0x8;
[19:29:19.822]        // -> [DP_SELECT <= 0x00000008]
[19:29:19.822]      __var powered_down      = 0;
[19:29:19.822]        // -> [powered_down <= 0x00000000]
[19:29:19.822]      WriteDP(DP_SELECT, 0x00000000);
[19:29:19.825]        // -> [WriteDP(0x00000008, 0x00000000)]   (__dp=0x00000000)
[19:29:19.825]      powered_down = ((ReadDP(DP_CTRL_STAT) & 0xA0000000) != 0xA0000000);
[19:29:19.827]        // -> [ReadDP(0x00000004) => 0x00000040]   (__dp=0x00000000)
[19:29:19.827]        // -> [powered_down <= 0x00000001]
[19:29:19.827]    </block>
[19:29:19.827]    <control if="powered_down" while="" timeout="0" info="">
[19:29:19.827]      // if-block "powered_down"
[19:29:19.827]        // =>  TRUE
[19:29:19.827]      <block atomic="false" info="">
[19:29:19.827]        Message(0, "Debug/System power-up request sent");
[19:29:19.830]        WriteDP(DP_CTRL_STAT, 0x50000000);
[19:29:19.832]          // -> [WriteDP(0x00000004, 0x50000000)]   (__dp=0x00000000)
[19:29:19.832]      </block>
[19:29:19.832]      <control if="" while="(ReadDP(DP_CTRL_STAT) & 0xA0000000) != 0xA0000000" timeout="1000000" info="">
[19:29:19.832]        // while "(ReadDP(DP_CTRL_STAT) & 0xA0000000) != 0xA0000000"  (timeout="1000000")
[19:29:19.834]          // -> [ReadDP(0x00000004) => 0xF0000040]   (__dp=0x00000000)
[19:29:19.834]        // while-condition  =>  FALSE
[19:29:19.834]        // end while "(ReadDP(DP_CTRL_STAT) & 0xA0000000) != 0xA0000000"
[19:29:19.834]      </control>
[19:29:19.834]      <control if="(__protocol & 0xFFFF) == 1" while="" timeout="0" info="">
[19:29:19.834]        // if-block "(__protocol & 0xFFFF) == 1"
[19:29:19.834]          // =>  FALSE
[19:29:19.834]        // skip if-block "(__protocol & 0xFFFF) == 1"
[19:29:19.834]      </control>
[19:29:19.834]      <control if="(__protocol & 0xFFFF) == 2" while="" timeout="0" info="">
[19:29:19.834]        // if-block "(__protocol & 0xFFFF) == 2"
[19:29:19.834]          // =>  TRUE
[19:29:19.834]        <block atomic="false" info="">
[19:29:19.835]          Message(0, "executing SWD power up");
[19:29:19.836]          WriteDP(DP_CTRL_STAT, 0x50000F00);
[19:29:19.841]            // -> [WriteDP(0x00000004, 0x50000F00)]   (__dp=0x00000000)
[19:29:19.841]          WriteDP(SW_DP_ABORT, 0x0000001E);
[19:29:19.843]            // -> [WriteDP(0x00000000, 0x0000001E)]   (__dp=0x00000000)
[19:29:19.843]        </block>
[19:29:19.843]        // end if-block "(__protocol & 0xFFFF) == 2"
[19:29:19.843]      </control>
[19:29:19.843]      // end if-block "powered_down"
[19:29:19.843]    </control>
[19:29:19.843]    <block atomic="false" info="">
[19:29:19.843]      __var DEBUG_PORT_VAL    = 0;
[19:29:19.844]        // -> [DEBUG_PORT_VAL <= 0x00000000]
[19:29:19.844]      __var ACCESS_POINT_VAL  = 0;
[19:29:19.844]        // -> [ACCESS_POINT_VAL <= 0x00000000]
[19:29:19.844]      __ap = 1; 
[19:29:19.844]        // -> [__ap <= 0x00000001]
[19:29:19.844]      WriteAP(0x0C, 0x04); //lets use the mini pwr-ap as backup
[19:29:19.847]        // -> [WriteAP(0x0000000C, 0x00000004)]   (__dp=0x00000000, __ap=0x00000001)
[19:29:19.848]      __ap = 4;
[19:29:19.848]        // -> [__ap <= 0x00000004]
[19:29:19.848]      ACCESS_POINT_VAL = ReadAP(0x00);//Reading current state of access point
[19:29:19.857]        // -> [ReadAP(0x00000000) => 0x00080027]   (__dp=0x00000000, __ap=0x00000004)
[19:29:19.857]        // -> [ACCESS_POINT_VAL <= 0x00080027]
[19:29:19.857]      Message(0, "Current state of access point is: %x",ACCESS_POINT_VAL);
[19:29:19.858]    </block>
[19:29:19.858]    <block atomic="false" info="">
[19:29:19.858]      __var nReset = 0x80;
[19:29:19.858]        // -> [nReset <= 0x00000080]
[19:29:19.858]      __var canReadPins = 0;
[19:29:19.859]        // -> [canReadPins <= 0x00000000]
[19:29:19.859]      canReadPins = (DAP_SWJ_Pins(0x00, nReset, 0) != 0xFFFFFFFF);
[19:29:19.864]        // -> [DAP_SWJ_Pins(0x00, 0x80, 0) => 0x0F]   (Out: nRESET=0  =>  In: SWCLK/TCK=1, SWDIO/TMS=1, TDI=1, TDO=1, nTRST=0, nRESET=0)
[19:29:19.864]        // -> [canReadPins <= 0x00000001]
[19:29:19.864]    </block>
[19:29:19.864]    <control if="" while="1" timeout="200" info="">
[19:29:19.864]      // while "1"  (timeout="200")
[19:29:19.864]      // while-condition  =>  TRUE
[19:29:19.864]      // while "1"  (timeout="200")
[19:29:19.864]      // while-condition  =>  TRUE
[19:29:19.864]      // while "1"  (timeout="200")
[19:29:19.864]      // while-condition  =>  TRUE
[19:29:19.864]      // while "1"  (timeout="200")
[19:29:19.864]      // while-condition  =>  TRUE
[19:29:19.864]      // while "1"  (timeout="200")
[19:29:19.864]      // while-condition  =>  TRUE
[19:29:19.864]      // while "1"  (timeout="200")
[19:29:19.865]      // while-condition  =>  TRUE
[19:29:19.865]      // while "1"  (timeout="200")
[19:29:19.865]      // while-condition  =>  TRUE
[19:29:19.865]      // while "1"  (timeout="200")
[19:29:19.865]      // while-condition  =>  TRUE
[19:29:19.865]      // while "1"  (timeout="200")
[19:29:19.865]      // while-condition  =>  TRUE
[19:29:19.865]      // while "1"  (timeout="200")
[19:29:19.865]      // while-condition  =>  TRUE
[19:29:19.865]      // while "1"  (timeout="200")
[19:29:19.866]      // while-condition  =>  TRUE
[19:29:19.866]      // while "1"  (timeout="200")
[19:29:19.866]      // while-condition  =>  TRUE
[19:29:19.866]      // while "1"  (timeout="200")
[19:29:19.866]      // while-condition  =>  TRUE
[19:29:19.866]      // while "1"  (timeout="200")
[19:29:19.866]      // while-condition  =>  TRUE
[19:29:19.866]      // while "1"  (timeout="200")
[19:29:19.866]      // while-condition  =>  TRUE
[19:29:19.866]      // while "1"  (timeout="200")
[19:29:19.866]      // while-condition  =>  TRUE
[19:29:19.866]      // while "1"  (timeout="200")
[19:29:19.866]      // while-condition  =>  TRUE
[19:29:19.866]      // while "1"  (timeout="200")
[19:29:19.866]      // while-condition  =>  TRUE
[19:29:19.866]      // while "1"  (timeout="200")
[19:29:19.866]      // while-condition  =>  TRUE
[19:29:19.866]      // while "1"  (timeout="200")
[19:29:19.866]      // while-condition  =>  TRUE
[19:29:19.867]      // while "1"  (timeout="200")
[19:29:19.867]      // while-condition  =>  TRUE
[19:29:19.867]      // while "1"  (timeout="200")
[19:29:19.867]      // while-condition  =>  TRUE
[19:29:19.867]      // while "1"  (timeout="200")
[19:29:19.867]      // while-condition  =>  TRUE
[19:29:19.867]      // while "1"  (timeout="200")
[19:29:19.867]      // while-condition  =>  TRUE
[19:29:19.867]      // while "1"  (timeout="200")
[19:29:19.867]      // while-condition  =>  TRUE
[19:29:19.867]      // while "1"  (timeout="200")
[19:29:19.867]      // while-condition  =>  TRUE
[19:29:19.867]      // while "1"  (timeout="200")
[19:29:19.867]      // while-condition  =>  TRUE
[19:29:19.867]      // while "1"  (timeout="200")
[19:29:19.867]      // while-condition  =>  TRUE
[19:29:19.867]      // while "1"  (timeout="200")
[19:29:19.868]      // while-condition  =>  TRUE
[19:29:19.868]      // while "1"  (timeout="200")
[19:29:19.868]      // while-condition  =>  TRUE
[19:29:19.868]      // while "1"  (timeout="200")
[19:29:19.869]      // while-condition  =>  TRUE
[19:29:19.869]      // while "1"  (timeout="200")
[19:29:19.869]      // while  =>  TIMEOUT
[19:29:19.869]      // end while "1"
[19:29:19.869]    </control>
[19:29:19.869]    <control if="canReadPins" while="" timeout="0" info="">
[19:29:19.869]      // if-block "canReadPins"
[19:29:19.869]        // =>  TRUE
[19:29:19.869]      <control if="" while="(DAP_SWJ_Pins(nReset, nReset, 0) & nReset) == 0" timeout="1000000" info="">
[19:29:19.869]        // while "(DAP_SWJ_Pins(nReset, nReset, 0) & nReset) == 0"  (timeout="1000000")
[19:29:19.871]          // -> [DAP_SWJ_Pins(0x80, 0x80, 0) => 0x8F]   (Out: nRESET=1  =>  In: SWCLK/TCK=1, SWDIO/TMS=1, TDI=1, TDO=1, nTRST=0, nRESET=1)
[19:29:19.871]        // while-condition  =>  FALSE
[19:29:19.871]        // end while "(DAP_SWJ_Pins(nReset, nReset, 0) & nReset) == 0"
[19:29:19.871]      </control>
[19:29:19.871]      // end if-block "canReadPins"
[19:29:19.871]    </control>
[19:29:19.871]    <control if="!canReadPins" while="" timeout="0" info="">
[19:29:19.871]      // if-block "!canReadPins"
[19:29:19.871]        // =>  FALSE
[19:29:19.871]      // skip if-block "!canReadPins"
[19:29:19.871]    </control>
[19:29:19.871]    <control if="(ACCESS_POINT_VAL & 0x00E00000) == 0" while="" timeout="0" info="">
[19:29:19.871]      // if-block "(ACCESS_POINT_VAL & 0x00E00000) == 0"
[19:29:19.871]        // =>  TRUE
[19:29:19.871]      <block atomic="false" info="">
[19:29:19.871]        WriteAP(0x00, 0x190008);
[19:29:19.884]          // -> [WriteAP(0x00000000, 0x00190008)]   (__dp=0x00000000, __ap=0x00000004)
[19:29:19.884]        WriteAP(0xF0, 0x01);
[19:29:19.891]          // -> [WriteAP(0x000000F0, 0x00000001)]   (__dp=0x00000000, __ap=0x00000004)
[19:29:19.892]      </block>
[19:29:19.892]      // end if-block "(ACCESS_POINT_VAL & 0x00E00000) == 0"
[19:29:19.893]    </control>
[19:29:19.893]    <control if="(ACCESS_POINT_VAL & 0x00E00000) != 0" while="" timeout="0" info="">
[19:29:19.893]      // if-block "(ACCESS_POINT_VAL & 0x00E00000) != 0"
[19:29:19.893]        // =>  FALSE
[19:29:19.893]      // skip if-block "(ACCESS_POINT_VAL & 0x00E00000) != 0"
[19:29:19.893]    </control>
[19:29:19.893]    <block atomic="false" info="">
[19:29:19.893]      ACCESS_POINT_VAL = ReadAP(0x00);//Reading current state of access point
[19:29:19.901]        // -> [ReadAP(0x00000000) => 0x0079002F]   (__dp=0x00000000, __ap=0x00000004)
[19:29:19.901]        // -> [ACCESS_POINT_VAL <= 0x0079002F]
[19:29:19.901]      Message(0, "Current state of access point is: %x",ACCESS_POINT_VAL);
[19:29:19.902]      __ap = 0; //lets make sure we reset the access point selection
[19:29:19.902]        // -> [__ap <= 0x00000000]
[19:29:19.902]    </block>
[19:29:19.902]  </sequence>
[19:29:19.903]  
[19:29:19.935]  **********  Sequence "DebugDeviceUnlock"  (Context="Connect", Pname="", info="")
[19:29:19.935]  
[19:29:19.935]  <debugvars>
[19:29:19.935]    // Pre-defined
[19:29:19.935]    __protocol=0x00010002      (Protocol="SWD", SWJ-DP="True")
[19:29:19.936]    __connection=0x00000202    (Connection Type="Flash", Reset Type="System Reset")
[19:29:19.936]    __dp=0x00000000
[19:29:19.936]    __ap=0x00000000
[19:29:19.936]    __traceout=0x00000000      (Trace Disabled)
[19:29:19.936]    __errorcontrol=0x00000000  (Skip Errors="False")
[19:29:19.936]    __FlashAddr=0x00000000
[19:29:19.936]    __FlashLen=0x00000000
[19:29:19.936]    __FlashArg=0x00000000
[19:29:19.937]    __FlashOp=0x00000000
[19:29:19.937]    __Result=0x00000000
[19:29:19.937]  </debugvars>
[19:29:19.937]  
[19:29:19.937]  <sequence name="DebugDeviceUnlock" Pname="" disable="false" info="">
[19:29:19.937]    <block atomic="false" info="">
[19:29:19.937]      __var deviceID = 0;
[19:29:19.937]        // -> [deviceID <= 0x00000000]
[19:29:19.938]      __var version = 0;
[19:29:19.938]        // -> [version <= 0x00000000]
[19:29:19.938]      __var partNum = 0;
[19:29:19.938]        // -> [partNum <= 0x00000000]
[19:29:19.938]      __var manuf = 0;
[19:29:19.938]        // -> [manuf <= 0x00000000]
[19:29:19.938]      __var isMSPM0G1X0X_G3X0X = 0;
[19:29:19.938]        // -> [isMSPM0G1X0X_G3X0X <= 0x00000000]
[19:29:19.939]      __var isProduction = 0;
[19:29:19.939]        // -> [isProduction <= 0x00000000]
[19:29:19.939]      __var continueId = 0;
[19:29:19.939]        // -> [continueId <= 0x00000000]
[19:29:19.939]      deviceID =   Read32(0x41C40004);
[19:29:19.946]        // -> [Read32(0x41C40004) => 0x2BB8802F]   (__dp=0x00000000, __ap=0x00000000)
[19:29:19.946]        // -> [deviceID <= 0x2BB8802F]
[19:29:19.946]      version = deviceID >> 28;
[19:29:19.946]        // -> [version <= 0x00000002]
[19:29:19.946]      partNum = (deviceID & 0x0FFFF000) >> 12;
[19:29:19.946]        // -> [partNum <= 0x0000BB88]
[19:29:19.946]      manuf = (deviceID & 0x00000FFE) >> 1;
[19:29:19.946]        // -> [manuf <= 0x00000017]
[19:29:19.946]      isMSPM0G1X0X_G3X0X = (partNum == 0xBB88) && (manuf == 0x17);
[19:29:19.946]        // -> [isMSPM0G1X0X_G3X0X <= 0x00000001]
[19:29:19.946]      isProduction = (version > 0);
[19:29:19.946]        // -> [isProduction <= 0x00000001]
[19:29:19.946]    </block>
[19:29:19.946]    <control if="!isMSPM0G1X0X_G3X0X" while="" timeout="0" info="">
[19:29:19.946]      // if-block "!isMSPM0G1X0X_G3X0X"
[19:29:19.947]        // =>  FALSE
[19:29:19.947]      // skip if-block "!isMSPM0G1X0X_G3X0X"
[19:29:19.947]    </control>
[19:29:19.947]    <control if="continueId == 4" while="" timeout="0" info="">
[19:29:19.947]      // if-block "continueId == 4"
[19:29:19.947]        // =>  FALSE
[19:29:19.947]      // skip if-block "continueId == 4"
[19:29:19.947]    </control>
[19:29:19.947]    <control if="!isProduction" while="" timeout="0" info="">
[19:29:19.948]      // if-block "!isProduction"
[19:29:19.948]        // =>  FALSE
[19:29:19.948]      // skip if-block "!isProduction"
[19:29:19.948]    </control>
[19:29:19.948]  </sequence>
[19:29:19.948]  
[19:32:30.619]  **********  Sequence "DebugPortSetup"  (Context="Connect", Pname="", info="")
[19:32:30.619]  
[19:32:30.619]  <debugvars>
[19:32:30.619]    // Pre-defined
[19:32:30.619]    __protocol=0x00010002      (Protocol="SWD", SWJ-DP="True")
[19:32:30.619]    __connection=0x00000202    (Connection Type="Flash", Reset Type="System Reset")
[19:32:30.619]    __dp=0x00000000
[19:32:30.619]    __ap=0x00000000
[19:32:30.619]    __traceout=0x00000000      (Trace Disabled)
[19:32:30.619]    __errorcontrol=0x00000000  (Skip Errors="False")
[19:32:30.619]    __FlashAddr=0x00000000
[19:32:30.619]    __FlashLen=0x00000000
[19:32:30.619]    __FlashArg=0x00000000
[19:32:30.619]    __FlashOp=0x00000000
[19:32:30.619]    __Result=0x00000000
[19:32:30.619]  </debugvars>
[19:32:30.619]  
[19:32:30.619]  <sequence name="DebugPortSetup" Pname="" disable="false" info="">
[19:32:30.619]    <block atomic="false" info="">
[19:32:30.625]      __var isSWJ      = ((__protocol & 0x00010000) != 0);
[19:32:30.625]        // -> [isSWJ <= 0x00000001]
[19:32:30.625]      __var hasDormant = __protocol & 0x00020000;
[19:32:30.625]        // -> [hasDormant <= 0x00000000]
[19:32:30.625]      __var protType   = __protocol & 0x0000FFFF;
[19:32:30.625]        // -> [protType <= 0x00000002]
[19:32:30.625]    </block>
[19:32:30.625]    <control if="protType == 1" while="" timeout="0" info="">
[19:32:30.625]      // if-block "protType == 1"
[19:32:30.625]        // =>  FALSE
[19:32:30.625]      // skip if-block "protType == 1"
[19:32:30.625]    </control>
[19:32:30.625]    <control if="protType == 2" while="" timeout="0" info="">
[19:32:30.625]      // if-block "protType == 2"
[19:32:30.625]        // =>  TRUE
[19:32:30.625]      <control if="isSWJ" while="" timeout="0" info="">
[19:32:30.625]        // if-block "isSWJ"
[19:32:30.626]          // =>  TRUE
[19:32:30.626]        <control if="hasDormant" while="" timeout="0" info="">
[19:32:30.626]          // if-block "hasDormant"
[19:32:30.626]            // =>  FALSE
[19:32:30.626]          // skip if-block "hasDormant"
[19:32:30.626]        </control>
[19:32:30.626]        <control if="!hasDormant" while="" timeout="0" info="">
[19:32:30.626]          // if-block "!hasDormant"
[19:32:30.626]            // =>  TRUE
[19:32:30.626]          <block atomic="false" info="">
[19:32:30.626]            DAP_SWJ_Sequence(51, 0x0007FFFFFFFFFFFF); //lets put the JTAG line in a reset state
[19:32:30.626]              // -> [DAP_SWJ_Sequence(51, 0x0007FFFFFFFFFFFF)]
[19:32:30.626]            DAP_SWJ_Sequence(16,0xE73C); //SWD to JTAG, this is to ensure the state machine is initialized
[19:32:30.626]              // -> [DAP_SWJ_Sequence(16, 0x000000000000E73C)]
[19:32:30.630]            DAP_SWJ_Sequence(51, 0x0007FFFFFFFFFFFF); //Put it back in reset
[19:32:30.635]              // -> [DAP_SWJ_Sequence(51, 0x0007FFFFFFFFFFFF)]
[19:32:30.636]            DAP_SWJ_Sequence(16, 0xE79E); //JTAG to SWD switch
[19:32:30.637]              // -> [DAP_SWJ_Sequence(16, 0x000000000000E79E)]
[19:32:30.637]            DAP_SWJ_Sequence(51, 0x0007FFFFFFFFFFFF);  //Ensure the switch is successful 
[19:32:30.637]              // -> [DAP_SWJ_Sequence(51, 0x0007FFFFFFFFFFFF)]
[19:32:30.640]            DAP_SWJ_Sequence(7,  0x00); //Give the line some time to initialize
[19:32:30.641]              // -> [DAP_SWJ_Sequence(7, 0x0000000000000000)]
[19:32:30.641]          </block>
[19:32:30.641]          // end if-block "!hasDormant"
[19:32:30.641]        </control>
[19:32:30.641]        // end if-block "isSWJ"
[19:32:30.641]      </control>
[19:32:30.641]      <control if="!isSWJ" while="" timeout="0" info="">
[19:32:30.641]        // if-block "!isSWJ"
[19:32:30.641]          // =>  FALSE
[19:32:30.641]        // skip if-block "!isSWJ"
[19:32:30.641]      </control>
[19:32:30.641]      <block atomic="false" info="">
[19:32:30.641]        ReadDP(0x0);
[19:32:30.646]          // -> [ReadDP(0x00000000) => 0x6BA02477]   (__dp=0x00000000)
[19:32:30.646]      </block>
[19:32:30.646]      // end if-block "protType == 2"
[19:32:30.646]    </control>
[19:32:30.646]  </sequence>
[19:32:30.646]  
[19:32:30.647]  **********  Sequence "DebugPortStart"  (Context="Connect", Pname="", info="")
[19:32:30.647]  
[19:32:30.650]  <debugvars>
[19:32:30.650]    // Pre-defined
[19:32:30.650]    __protocol=0x00010002      (Protocol="SWD", SWJ-DP="True")
[19:32:30.650]    __connection=0x00000202    (Connection Type="Flash", Reset Type="System Reset")
[19:32:30.650]    __dp=0x00000000
[19:32:30.650]    __ap=0x00000000
[19:32:30.650]    __traceout=0x00000000      (Trace Disabled)
[19:32:30.650]    __errorcontrol=0x00000000  (Skip Errors="False")
[19:32:30.650]    __FlashAddr=0x00000000
[19:32:30.650]    __FlashLen=0x00000000
[19:32:30.650]    __FlashArg=0x00000000
[19:32:30.650]    __FlashOp=0x00000000
[19:32:30.650]    __Result=0x00000000
[19:32:30.650]  </debugvars>
[19:32:30.650]  
[19:32:30.650]  <sequence name="DebugPortStart" Pname="" disable="false" info="">
[19:32:30.650]    <block atomic="false" info="">
[19:32:30.650]      __var SW_DP_ABORT       = 0x0;
[19:32:30.650]        // -> [SW_DP_ABORT <= 0x00000000]
[19:32:30.650]      __var DP_CTRL_STAT      = 0x4;
[19:32:30.650]        // -> [DP_CTRL_STAT <= 0x00000004]
[19:32:30.650]      __var DP_SELECT         = 0x8;
[19:32:30.650]        // -> [DP_SELECT <= 0x00000008]
[19:32:30.650]      __var powered_down      = 0;
[19:32:30.650]        // -> [powered_down <= 0x00000000]
[19:32:30.650]      WriteDP(DP_SELECT, 0x00000000);
[19:32:30.650]        // -> [WriteDP(0x00000008, 0x00000000)]   (__dp=0x00000000)
[19:32:30.650]      powered_down = ((ReadDP(DP_CTRL_STAT) & 0xA0000000) != 0xA0000000);
[19:32:30.656]        // -> [ReadDP(0x00000004) => 0x00000040]   (__dp=0x00000000)
[19:32:30.656]        // -> [powered_down <= 0x00000001]
[19:32:30.656]    </block>
[19:32:30.656]    <control if="powered_down" while="" timeout="0" info="">
[19:32:30.656]      // if-block "powered_down"
[19:32:30.656]        // =>  TRUE
[19:32:30.656]      <block atomic="false" info="">
[19:32:30.656]        Message(0, "Debug/System power-up request sent");
[19:32:30.656]        WriteDP(DP_CTRL_STAT, 0x50000000);
[19:32:30.662]          // -> [WriteDP(0x00000004, 0x50000000)]   (__dp=0x00000000)
[19:32:30.662]      </block>
[19:32:30.662]      <control if="" while="(ReadDP(DP_CTRL_STAT) & 0xA0000000) != 0xA0000000" timeout="1000000" info="">
[19:32:30.662]        // while "(ReadDP(DP_CTRL_STAT) & 0xA0000000) != 0xA0000000"  (timeout="1000000")
[19:32:30.665]          // -> [ReadDP(0x00000004) => 0xF0000040]   (__dp=0x00000000)
[19:32:30.665]        // while-condition  =>  FALSE
[19:32:30.665]        // end while "(ReadDP(DP_CTRL_STAT) & 0xA0000000) != 0xA0000000"
[19:32:30.665]      </control>
[19:32:30.665]      <control if="(__protocol & 0xFFFF) == 1" while="" timeout="0" info="">
[19:32:30.665]        // if-block "(__protocol & 0xFFFF) == 1"
[19:32:30.665]          // =>  FALSE
[19:32:30.665]        // skip if-block "(__protocol & 0xFFFF) == 1"
[19:32:30.666]      </control>
[19:32:30.666]      <control if="(__protocol & 0xFFFF) == 2" while="" timeout="0" info="">
[19:32:30.666]        // if-block "(__protocol & 0xFFFF) == 2"
[19:32:30.666]          // =>  TRUE
[19:32:30.666]        <block atomic="false" info="">
[19:32:30.666]          Message(0, "executing SWD power up");
[19:32:30.666]          WriteDP(DP_CTRL_STAT, 0x50000F00);
[19:32:30.666]            // -> [WriteDP(0x00000004, 0x50000F00)]   (__dp=0x00000000)
[19:32:30.666]          WriteDP(SW_DP_ABORT, 0x0000001E);
[19:32:30.666]            // -> [WriteDP(0x00000000, 0x0000001E)]   (__dp=0x00000000)
[19:32:30.671]        </block>
[19:32:30.671]        // end if-block "(__protocol & 0xFFFF) == 2"
[19:32:30.671]      </control>
[19:32:30.671]      // end if-block "powered_down"
[19:32:30.671]    </control>
[19:32:30.671]    <block atomic="false" info="">
[19:32:30.671]      __var DEBUG_PORT_VAL    = 0;
[19:32:30.671]        // -> [DEBUG_PORT_VAL <= 0x00000000]
[19:32:30.671]      __var ACCESS_POINT_VAL  = 0;
[19:32:30.671]        // -> [ACCESS_POINT_VAL <= 0x00000000]
[19:32:30.671]      __ap = 1; 
[19:32:30.671]        // -> [__ap <= 0x00000001]
[19:32:30.671]      WriteAP(0x0C, 0x04); //lets use the mini pwr-ap as backup
[19:32:30.676]        // -> [WriteAP(0x0000000C, 0x00000004)]   (__dp=0x00000000, __ap=0x00000001)
[19:32:30.676]      __ap = 4;
[19:32:30.676]        // -> [__ap <= 0x00000004]
[19:32:30.676]      ACCESS_POINT_VAL = ReadAP(0x00);//Reading current state of access point
[19:32:30.678]        // -> [ReadAP(0x00000000) => 0x00080027]   (__dp=0x00000000, __ap=0x00000004)
[19:32:30.678]        // -> [ACCESS_POINT_VAL <= 0x00080027]
[19:32:30.678]      Message(0, "Current state of access point is: %x",ACCESS_POINT_VAL);
[19:32:30.678]    </block>
[19:32:30.682]    <block atomic="false" info="">
[19:32:30.682]      __var nReset = 0x80;
[19:32:30.682]        // -> [nReset <= 0x00000080]
[19:32:30.682]      __var canReadPins = 0;
[19:32:30.682]        // -> [canReadPins <= 0x00000000]
[19:32:30.682]      canReadPins = (DAP_SWJ_Pins(0x00, nReset, 0) != 0xFFFFFFFF);
[19:32:30.682]        // -> [DAP_SWJ_Pins(0x00, 0x80, 0) => 0x0F]   (Out: nRESET=0  =>  In: SWCLK/TCK=1, SWDIO/TMS=1, TDI=1, TDO=1, nTRST=0, nRESET=0)
[19:32:30.682]        // -> [canReadPins <= 0x00000001]
[19:32:30.682]    </block>
[19:32:30.682]    <control if="" while="1" timeout="200" info="">
[19:32:30.682]      // while "1"  (timeout="200")
[19:32:30.682]      // while-condition  =>  TRUE
[19:32:30.682]      // while "1"  (timeout="200")
[19:32:30.682]      // while-condition  =>  TRUE
[19:32:30.682]      // while "1"  (timeout="200")
[19:32:30.682]      // while-condition  =>  TRUE
[19:32:30.682]      // while "1"  (timeout="200")
[19:32:30.682]      // while-condition  =>  TRUE
[19:32:30.682]      // while "1"  (timeout="200")
[19:32:30.682]      // while-condition  =>  TRUE
[19:32:30.682]      // while "1"  (timeout="200")
[19:32:30.682]      // while-condition  =>  TRUE
[19:32:30.682]      // while "1"  (timeout="200")
[19:32:30.682]      // while-condition  =>  TRUE
[19:32:30.682]      // while "1"  (timeout="200")
[19:32:30.682]      // while-condition  =>  TRUE
[19:32:30.682]      // while "1"  (timeout="200")
[19:32:30.682]      // while-condition  =>  TRUE
[19:32:30.682]      // while "1"  (timeout="200")
[19:32:30.682]      // while-condition  =>  TRUE
[19:32:30.682]      // while "1"  (timeout="200")
[19:32:30.682]      // while-condition  =>  TRUE
[19:32:30.682]      // while "1"  (timeout="200")
[19:32:30.682]      // while-condition  =>  TRUE
[19:32:30.682]      // while "1"  (timeout="200")
[19:32:30.682]      // while-condition  =>  TRUE
[19:32:30.682]      // while "1"  (timeout="200")
[19:32:30.682]      // while-condition  =>  TRUE
[19:32:30.682]      // while "1"  (timeout="200")
[19:32:30.685]      // while-condition  =>  TRUE
[19:32:30.685]      // while "1"  (timeout="200")
[19:32:30.685]      // while-condition  =>  TRUE
[19:32:30.685]      // while "1"  (timeout="200")
[19:32:30.685]      // while-condition  =>  TRUE
[19:32:30.685]      // while "1"  (timeout="200")
[19:32:30.686]      // while-condition  =>  TRUE
[19:32:30.686]      // while "1"  (timeout="200")
[19:32:30.686]      // while-condition  =>  TRUE
[19:32:30.686]      // while "1"  (timeout="200")
[19:32:30.686]      // while-condition  =>  TRUE
[19:32:30.686]      // while "1"  (timeout="200")
[19:32:30.686]      // while-condition  =>  TRUE
[19:32:30.686]      // while "1"  (timeout="200")
[19:32:30.686]      // while-condition  =>  TRUE
[19:32:30.687]      // while "1"  (timeout="200")
[19:32:30.687]      // while-condition  =>  TRUE
[19:32:30.687]      // while "1"  (timeout="200")
[19:32:30.687]      // while-condition  =>  TRUE
[19:32:30.687]      // while "1"  (timeout="200")
[19:32:30.687]      // while-condition  =>  TRUE
[19:32:30.687]      // while "1"  (timeout="200")
[19:32:30.687]      // while-condition  =>  TRUE
[19:32:30.687]      // while "1"  (timeout="200")
[19:32:30.687]      // while-condition  =>  TRUE
[19:32:30.687]      // while "1"  (timeout="200")
[19:32:30.687]      // while-condition  =>  TRUE
[19:32:30.687]      // while "1"  (timeout="200")
[19:32:30.687]      // while-condition  =>  TRUE
[19:32:30.687]      // while "1"  (timeout="200")
[19:32:30.687]      // while-condition  =>  TRUE
[19:32:30.687]      // while "1"  (timeout="200")
[19:32:30.687]      // while-condition  =>  TRUE
[19:32:30.687]      // while "1"  (timeout="200")
[19:32:30.687]      // while-condition  =>  TRUE
[19:32:30.687]      // while "1"  (timeout="200")
[19:32:30.687]      // while-condition  =>  TRUE
[19:32:30.687]      // while "1"  (timeout="200")
[19:32:30.687]      // while-condition  =>  TRUE
[19:32:30.687]      // while "1"  (timeout="200")
[19:32:30.687]      // while-condition  =>  TRUE
[19:32:30.687]      // while "1"  (timeout="200")
[19:32:30.687]      // while-condition  =>  TRUE
[19:32:30.687]      // while "1"  (timeout="200")
[19:32:30.687]      // while-condition  =>  TRUE
[19:32:30.687]      // while "1"  (timeout="200")
[19:32:30.687]      // while-condition  =>  TRUE
[19:32:30.687]      // while "1"  (timeout="200")
[19:32:30.687]      // while-condition  =>  TRUE
[19:32:30.687]      // while "1"  (timeout="200")
[19:32:30.687]      // while-condition  =>  TRUE
[19:32:30.687]      // while "1"  (timeout="200")
[19:32:30.687]      // while-condition  =>  TRUE
[19:32:30.687]      // while "1"  (timeout="200")
[19:32:30.687]      // while-condition  =>  TRUE
[19:32:30.687]      // while "1"  (timeout="200")
[19:32:30.687]      // while-condition  =>  TRUE
[19:32:30.687]      // while "1"  (timeout="200")
[19:32:30.687]      // while-condition  =>  TRUE
[19:32:30.687]      // while "1"  (timeout="200")
[19:32:30.687]      // while-condition  =>  TRUE
[19:32:30.687]      // while "1"  (timeout="200")
[19:32:30.687]      // while-condition  =>  TRUE
[19:32:30.687]      // while "1"  (timeout="200")
[19:32:30.687]      // while-condition  =>  TRUE
[19:32:30.687]      // while "1"  (timeout="200")
[19:32:30.687]      // while-condition  =>  TRUE
[19:32:30.687]      // while "1"  (timeout="200")
[19:32:30.687]      // while-condition  =>  TRUE
[19:32:30.687]      // while "1"  (timeout="200")
[19:32:30.687]      // while-condition  =>  TRUE
[19:32:30.687]      // while "1"  (timeout="200")
[19:32:30.687]      // while-condition  =>  TRUE
[19:32:30.687]      // while "1"  (timeout="200")
[19:32:30.687]      // while-condition  =>  TRUE
[19:32:30.687]      // while "1"  (timeout="200")
[19:32:30.687]      // while-condition  =>  TRUE
[19:32:30.687]      // while "1"  (timeout="200")
[19:32:30.687]      // while-condition  =>  TRUE
[19:32:30.687]      // while "1"  (timeout="200")
[19:32:30.687]      // while-condition  =>  TRUE
[19:32:30.687]      // while "1"  (timeout="200")
[19:32:30.687]      // while-condition  =>  TRUE
[19:32:30.687]      // while "1"  (timeout="200")
[19:32:30.687]      // while-condition  =>  TRUE
[19:32:30.687]      // while "1"  (timeout="200")
[19:32:30.687]      // while-condition  =>  TRUE
[19:32:30.687]      // while "1"  (timeout="200")
[19:32:30.687]      // while-condition  =>  TRUE
[19:32:30.687]      // while "1"  (timeout="200")
[19:32:30.687]      // while-condition  =>  TRUE
[19:32:30.687]      // while "1"  (timeout="200")
[19:32:30.687]      // while-condition  =>  TRUE
[19:32:30.687]      // while "1"  (timeout="200")
[19:32:30.687]      // while-condition  =>  TRUE
[19:32:30.687]      // while "1"  (timeout="200")
[19:32:30.687]      // while-condition  =>  TRUE
[19:32:30.687]      // while "1"  (timeout="200")
[19:32:30.687]      // while-condition  =>  TRUE
[19:32:30.687]      // while "1"  (timeout="200")
[19:32:30.687]      // while-condition  =>  TRUE
[19:32:30.692]      // while "1"  (timeout="200")
[19:32:30.692]      // while-condition  =>  TRUE
[19:32:30.692]      // while "1"  (timeout="200")
[19:32:30.692]      // while-condition  =>  TRUE
[19:32:30.692]      // while "1"  (timeout="200")
[19:32:30.692]      // while-condition  =>  TRUE
[19:32:30.692]      // while "1"  (timeout="200")
[19:32:30.692]      // while-condition  =>  TRUE
[19:32:30.692]      // while "1"  (timeout="200")
[19:32:30.692]      // while-condition  =>  TRUE
[19:32:30.692]      // while "1"  (timeout="200")
[19:32:30.692]      // while-condition  =>  TRUE
[19:32:30.692]      // while "1"  (timeout="200")
[19:32:30.692]      // while-condition  =>  TRUE
[19:32:30.692]      // while "1"  (timeout="200")
[19:32:30.692]      // while-condition  =>  TRUE
[19:32:30.692]      // while "1"  (timeout="200")
[19:32:30.692]      // while-condition  =>  TRUE
[19:32:30.692]      // while "1"  (timeout="200")
[19:32:30.692]      // while-condition  =>  TRUE
[19:32:30.692]      // while "1"  (timeout="200")
[19:32:30.692]      // while-condition  =>  TRUE
[19:32:30.692]      // while "1"  (timeout="200")
[19:32:30.692]      // while-condition  =>  TRUE
[19:32:30.692]      // while "1"  (timeout="200")
[19:32:30.692]      // while-condition  =>  TRUE
[19:32:30.692]      // while "1"  (timeout="200")
[19:32:30.692]      // while-condition  =>  TRUE
[19:32:30.692]      // while "1"  (timeout="200")
[19:32:30.692]      // while-condition  =>  TRUE
[19:32:30.692]      // while "1"  (timeout="200")
[19:32:30.692]      // while-condition  =>  TRUE
[19:32:30.692]      // while "1"  (timeout="200")
[19:32:30.692]      // while-condition  =>  TRUE
[19:32:30.692]      // while "1"  (timeout="200")
[19:32:30.692]      // while-condition  =>  TRUE
[19:32:30.692]      // while "1"  (timeout="200")
[19:32:30.692]      // while-condition  =>  TRUE
[19:32:30.692]      // while "1"  (timeout="200")
[19:32:30.692]      // while-condition  =>  TRUE
[19:32:30.692]      // while "1"  (timeout="200")
[19:32:30.692]      // while-condition  =>  TRUE
[19:32:30.692]      // while "1"  (timeout="200")
[19:32:30.692]      // while-condition  =>  TRUE
[19:32:30.692]      // while "1"  (timeout="200")
[19:32:30.692]      // while-condition  =>  TRUE
[19:32:30.692]      // while "1"  (timeout="200")
[19:32:30.692]      // while-condition  =>  TRUE
[19:32:30.692]      // while "1"  (timeout="200")
[19:32:30.695]      // while-condition  =>  TRUE
[19:32:30.695]      // while "1"  (timeout="200")
[19:32:30.695]      // while-condition  =>  TRUE
[19:32:30.695]      // while "1"  (timeout="200")
[19:32:30.695]      // while-condition  =>  TRUE
[19:32:30.695]      // while "1"  (timeout="200")
[19:32:30.695]      // while-condition  =>  TRUE
[19:32:30.695]      // while "1"  (timeout="200")
[19:32:30.695]      // while-condition  =>  TRUE
[19:32:30.696]      // while "1"  (timeout="200")
[19:32:30.696]      // while-condition  =>  TRUE
[19:32:30.696]      // while "1"  (timeout="200")
[19:32:30.696]      // while-condition  =>  TRUE
[19:32:30.696]      // while "1"  (timeout="200")
[19:32:30.696]      // while-condition  =>  TRUE
[19:32:30.696]      // while "1"  (timeout="200")
[19:32:30.696]      // while-condition  =>  TRUE
[19:32:30.696]      // while "1"  (timeout="200")
[19:32:30.696]      // while-condition  =>  TRUE
[19:32:30.696]      // while "1"  (timeout="200")
[19:32:30.696]      // while-condition  =>  TRUE
[19:32:30.696]      // while "1"  (timeout="200")
[19:32:30.696]      // while-condition  =>  TRUE
[19:32:30.696]      // while "1"  (timeout="200")
[19:32:30.696]      // while-condition  =>  TRUE
[19:32:30.696]      // while "1"  (timeout="200")
[19:32:30.696]      // while-condition  =>  TRUE
[19:32:30.696]      // while "1"  (timeout="200")
[19:32:30.696]      // while-condition  =>  TRUE
[19:32:30.696]      // while "1"  (timeout="200")
[19:32:30.697]      // while-condition  =>  TRUE
[19:32:30.697]      // while "1"  (timeout="200")
[19:32:30.697]      // while  =>  TIMEOUT
[19:32:30.697]      // end while "1"
[19:32:30.697]    </control>
[19:32:30.697]    <control if="canReadPins" while="" timeout="0" info="">
[19:32:30.697]      // if-block "canReadPins"
[19:32:30.697]        // =>  TRUE
[19:32:30.697]      <control if="" while="(DAP_SWJ_Pins(nReset, nReset, 0) & nReset) == 0" timeout="1000000" info="">
[19:32:30.697]        // while "(DAP_SWJ_Pins(nReset, nReset, 0) & nReset) == 0"  (timeout="1000000")
[19:32:30.697]          // -> [DAP_SWJ_Pins(0x80, 0x80, 0) => 0x8F]   (Out: nRESET=1  =>  In: SWCLK/TCK=1, SWDIO/TMS=1, TDI=1, TDO=1, nTRST=0, nRESET=1)
[19:32:30.697]        // while-condition  =>  FALSE
[19:32:30.697]        // end while "(DAP_SWJ_Pins(nReset, nReset, 0) & nReset) == 0"
[19:32:30.697]      </control>
[19:32:30.697]      // end if-block "canReadPins"
[19:32:30.697]    </control>
[19:32:30.697]    <control if="!canReadPins" while="" timeout="0" info="">
[19:32:30.697]      // if-block "!canReadPins"
[19:32:30.697]        // =>  FALSE
[19:32:30.697]      // skip if-block "!canReadPins"
[19:32:30.697]    </control>
[19:32:30.697]    <control if="(ACCESS_POINT_VAL & 0x00E00000) == 0" while="" timeout="0" info="">
[19:32:30.697]      // if-block "(ACCESS_POINT_VAL & 0x00E00000) == 0"
[19:32:30.697]        // =>  TRUE
[19:32:30.697]      <block atomic="false" info="">
[19:32:30.697]        WriteAP(0x00, 0x190008);
[19:32:30.702]          // -> [WriteAP(0x00000000, 0x00190008)]   (__dp=0x00000000, __ap=0x00000004)
[19:32:30.702]        WriteAP(0xF0, 0x01);
[19:32:30.706]          // -> [WriteAP(0x000000F0, 0x00000001)]   (__dp=0x00000000, __ap=0x00000004)
[19:32:30.706]      </block>
[19:32:30.706]      // end if-block "(ACCESS_POINT_VAL & 0x00E00000) == 0"
[19:32:30.706]    </control>
[19:32:30.706]    <control if="(ACCESS_POINT_VAL & 0x00E00000) != 0" while="" timeout="0" info="">
[19:32:30.706]      // if-block "(ACCESS_POINT_VAL & 0x00E00000) != 0"
[19:32:30.706]        // =>  FALSE
[19:32:30.706]      // skip if-block "(ACCESS_POINT_VAL & 0x00E00000) != 0"
[19:32:30.706]    </control>
[19:32:30.706]    <block atomic="false" info="">
[19:32:30.706]      ACCESS_POINT_VAL = ReadAP(0x00);//Reading current state of access point
[19:32:30.707]        // -> [ReadAP(0x00000000) => 0x0079002F]   (__dp=0x00000000, __ap=0x00000004)
[19:32:30.707]        // -> [ACCESS_POINT_VAL <= 0x0079002F]
[19:32:30.707]      Message(0, "Current state of access point is: %x",ACCESS_POINT_VAL);
[19:32:30.707]      __ap = 0; //lets make sure we reset the access point selection
[19:32:30.707]        // -> [__ap <= 0x00000000]
[19:32:30.707]    </block>
[19:32:30.707]  </sequence>
[19:32:30.707]  
[19:32:30.733]  **********  Sequence "DebugDeviceUnlock"  (Context="Connect", Pname="", info="")
[19:32:30.733]  
[19:32:30.733]  <debugvars>
[19:32:30.733]    // Pre-defined
[19:32:30.733]    __protocol=0x00010002      (Protocol="SWD", SWJ-DP="True")
[19:32:30.733]    __connection=0x00000202    (Connection Type="Flash", Reset Type="System Reset")
[19:32:30.733]    __dp=0x00000000
[19:32:30.733]    __ap=0x00000000
[19:32:30.733]    __traceout=0x00000000      (Trace Disabled)
[19:32:30.733]    __errorcontrol=0x00000000  (Skip Errors="False")
[19:32:30.733]    __FlashAddr=0x00000000
[19:32:30.733]    __FlashLen=0x00000000
[19:32:30.733]    __FlashArg=0x00000000
[19:32:30.733]    __FlashOp=0x00000000
[19:32:30.733]    __Result=0x00000000
[19:32:30.733]  </debugvars>
[19:32:30.733]  
[19:32:30.733]  <sequence name="DebugDeviceUnlock" Pname="" disable="false" info="">
[19:32:30.733]    <block atomic="false" info="">
[19:32:30.733]      __var deviceID = 0;
[19:32:30.735]        // -> [deviceID <= 0x00000000]
[19:32:30.735]      __var version = 0;
[19:32:30.735]        // -> [version <= 0x00000000]
[19:32:30.735]      __var partNum = 0;
[19:32:30.735]        // -> [partNum <= 0x00000000]
[19:32:30.735]      __var manuf = 0;
[19:32:30.735]        // -> [manuf <= 0x00000000]
[19:32:30.735]      __var isMSPM0G1X0X_G3X0X = 0;
[19:32:30.735]        // -> [isMSPM0G1X0X_G3X0X <= 0x00000000]
[19:32:30.735]      __var isProduction = 0;
[19:32:30.735]        // -> [isProduction <= 0x00000000]
[19:32:30.735]      __var continueId = 0;
[19:32:30.735]        // -> [continueId <= 0x00000000]
[19:32:30.735]      deviceID =   Read32(0x41C40004);
[19:32:30.738]        // -> [Read32(0x41C40004) => 0x2BB8802F]   (__dp=0x00000000, __ap=0x00000000)
[19:32:30.738]        // -> [deviceID <= 0x2BB8802F]
[19:32:30.738]      version = deviceID >> 28;
[19:32:30.738]        // -> [version <= 0x00000002]
[19:32:30.738]      partNum = (deviceID & 0x0FFFF000) >> 12;
[19:32:30.738]        // -> [partNum <= 0x0000BB88]
[19:32:30.738]      manuf = (deviceID & 0x00000FFE) >> 1;
[19:32:30.738]        // -> [manuf <= 0x00000017]
[19:32:30.738]      isMSPM0G1X0X_G3X0X = (partNum == 0xBB88) && (manuf == 0x17);
[19:32:30.738]        // -> [isMSPM0G1X0X_G3X0X <= 0x00000001]
[19:32:30.738]      isProduction = (version > 0);
[19:32:30.738]        // -> [isProduction <= 0x00000001]
[19:32:30.738]    </block>
[19:32:30.738]    <control if="!isMSPM0G1X0X_G3X0X" while="" timeout="0" info="">
[19:32:30.738]      // if-block "!isMSPM0G1X0X_G3X0X"
[19:32:30.738]        // =>  FALSE
[19:32:30.738]      // skip if-block "!isMSPM0G1X0X_G3X0X"
[19:32:30.738]    </control>
[19:32:30.738]    <control if="continueId == 4" while="" timeout="0" info="">
[19:32:30.738]      // if-block "continueId == 4"
[19:32:30.738]        // =>  FALSE
[19:32:30.738]      // skip if-block "continueId == 4"
[19:32:30.738]    </control>
[19:32:30.738]    <control if="!isProduction" while="" timeout="0" info="">
[19:32:30.738]      // if-block "!isProduction"
[19:32:30.738]        // =>  FALSE
[19:32:30.738]      // skip if-block "!isProduction"
[19:32:30.738]    </control>
[19:32:30.738]  </sequence>
[19:32:30.738]  
[19:35:12.578]  **********  Sequence "DebugPortSetup"  (Context="Connect", Pname="", info="")
[19:35:12.578]  
[19:35:12.583]  <debugvars>
[19:35:12.583]    // Pre-defined
[19:35:12.583]    __protocol=0x00010002      (Protocol="SWD", SWJ-DP="True")
[19:35:12.583]    __connection=0x00000202    (Connection Type="Flash", Reset Type="System Reset")
[19:35:12.583]    __dp=0x00000000
[19:35:12.583]    __ap=0x00000000
[19:35:12.583]    __traceout=0x00000000      (Trace Disabled)
[19:35:12.583]    __errorcontrol=0x00000000  (Skip Errors="False")
[19:35:12.583]    __FlashAddr=0x00000000
[19:35:12.583]    __FlashLen=0x00000000
[19:35:12.583]    __FlashArg=0x00000000
[19:35:12.583]    __FlashOp=0x00000000
[19:35:12.583]    __Result=0x00000000
[19:35:12.583]  </debugvars>
[19:35:12.583]  
[19:35:12.583]  <sequence name="DebugPortSetup" Pname="" disable="false" info="">
[19:35:12.583]    <block atomic="false" info="">
[19:35:12.583]      __var isSWJ      = ((__protocol & 0x00010000) != 0);
[19:35:12.583]        // -> [isSWJ <= 0x00000001]
[19:35:12.583]      __var hasDormant = __protocol & 0x00020000;
[19:35:12.583]        // -> [hasDormant <= 0x00000000]
[19:35:12.583]      __var protType   = __protocol & 0x0000FFFF;
[19:35:12.583]        // -> [protType <= 0x00000002]
[19:35:12.583]    </block>
[19:35:12.583]    <control if="protType == 1" while="" timeout="0" info="">
[19:35:12.583]      // if-block "protType == 1"
[19:35:12.583]        // =>  FALSE
[19:35:12.583]      // skip if-block "protType == 1"
[19:35:12.583]    </control>
[19:35:12.583]    <control if="protType == 2" while="" timeout="0" info="">
[19:35:12.583]      // if-block "protType == 2"
[19:35:12.583]        // =>  TRUE
[19:35:12.583]      <control if="isSWJ" while="" timeout="0" info="">
[19:35:12.583]        // if-block "isSWJ"
[19:35:12.583]          // =>  TRUE
[19:35:12.583]        <control if="hasDormant" while="" timeout="0" info="">
[19:35:12.583]          // if-block "hasDormant"
[19:35:12.583]            // =>  FALSE
[19:35:12.583]          // skip if-block "hasDormant"
[19:35:12.583]        </control>
[19:35:12.583]        <control if="!hasDormant" while="" timeout="0" info="">
[19:35:12.583]          // if-block "!hasDormant"
[19:35:12.583]            // =>  TRUE
[19:35:12.583]          <block atomic="false" info="">
[19:35:12.583]            DAP_SWJ_Sequence(51, 0x0007FFFFFFFFFFFF); //lets put the JTAG line in a reset state
[19:35:12.583]              // -> [DAP_SWJ_Sequence(51, 0x0007FFFFFFFFFFFF)]
[19:35:12.583]            DAP_SWJ_Sequence(16,0xE73C); //SWD to JTAG, this is to ensure the state machine is initialized
[19:35:12.588]              // -> [DAP_SWJ_Sequence(16, 0x000000000000E73C)]
[19:35:12.588]            DAP_SWJ_Sequence(51, 0x0007FFFFFFFFFFFF); //Put it back in reset
[19:35:12.588]              // -> [DAP_SWJ_Sequence(51, 0x0007FFFFFFFFFFFF)]
[19:35:12.588]            DAP_SWJ_Sequence(16, 0xE79E); //JTAG to SWD switch
[19:35:12.594]              // -> [DAP_SWJ_Sequence(16, 0x000000000000E79E)]
[19:35:12.594]            DAP_SWJ_Sequence(51, 0x0007FFFFFFFFFFFF);  //Ensure the switch is successful 
[19:35:12.597]              // -> [DAP_SWJ_Sequence(51, 0x0007FFFFFFFFFFFF)]
[19:35:12.597]            DAP_SWJ_Sequence(7,  0x00); //Give the line some time to initialize
[19:35:12.599]              // -> [DAP_SWJ_Sequence(7, 0x0000000000000000)]
[19:35:12.599]          </block>
[19:35:12.599]          // end if-block "!hasDormant"
[19:35:12.599]        </control>
[19:35:12.599]        // end if-block "isSWJ"
[19:35:12.599]      </control>
[19:35:12.599]      <control if="!isSWJ" while="" timeout="0" info="">
[19:35:12.599]        // if-block "!isSWJ"
[19:35:12.599]          // =>  FALSE
[19:35:12.599]        // skip if-block "!isSWJ"
[19:35:12.599]      </control>
[19:35:12.599]      <block atomic="false" info="">
[19:35:12.599]        ReadDP(0x0);
[19:35:12.599]          // -> [ReadDP(0x00000000) => 0x6BA02477]   (__dp=0x00000000)
[19:35:12.599]      </block>
[19:35:12.599]      // end if-block "protType == 2"
[19:35:12.599]    </control>
[19:35:12.599]  </sequence>
[19:35:12.599]  
[19:35:12.607]  **********  Sequence "DebugPortStart"  (Context="Connect", Pname="", info="")
[19:35:12.607]  
[19:35:12.608]  <debugvars>
[19:35:12.608]    // Pre-defined
[19:35:12.609]    __protocol=0x00010002      (Protocol="SWD", SWJ-DP="True")
[19:35:12.609]    __connection=0x00000202    (Connection Type="Flash", Reset Type="System Reset")
[19:35:12.609]    __dp=0x00000000
[19:35:12.609]    __ap=0x00000000
[19:35:12.609]    __traceout=0x00000000      (Trace Disabled)
[19:35:12.609]    __errorcontrol=0x00000000  (Skip Errors="False")
[19:35:12.609]    __FlashAddr=0x00000000
[19:35:12.609]    __FlashLen=0x00000000
[19:35:12.609]    __FlashArg=0x00000000
[19:35:12.609]    __FlashOp=0x00000000
[19:35:12.609]    __Result=0x00000000
[19:35:12.609]  </debugvars>
[19:35:12.609]  
[19:35:12.609]  <sequence name="DebugPortStart" Pname="" disable="false" info="">
[19:35:12.609]    <block atomic="false" info="">
[19:35:12.609]      __var SW_DP_ABORT       = 0x0;
[19:35:12.609]        // -> [SW_DP_ABORT <= 0x00000000]
[19:35:12.609]      __var DP_CTRL_STAT      = 0x4;
[19:35:12.609]        // -> [DP_CTRL_STAT <= 0x00000004]
[19:35:12.609]      __var DP_SELECT         = 0x8;
[19:35:12.609]        // -> [DP_SELECT <= 0x00000008]
[19:35:12.609]      __var powered_down      = 0;
[19:35:12.609]        // -> [powered_down <= 0x00000000]
[19:35:12.614]      WriteDP(DP_SELECT, 0x00000000);
[19:35:12.614]        // -> [WriteDP(0x00000008, 0x00000000)]   (__dp=0x00000000)
[19:35:12.614]      powered_down = ((ReadDP(DP_CTRL_STAT) & 0xA0000000) != 0xA0000000);
[19:35:12.614]        // -> [ReadDP(0x00000004) => 0x00000040]   (__dp=0x00000000)
[19:35:12.614]        // -> [powered_down <= 0x00000001]
[19:35:12.617]    </block>
[19:35:12.617]    <control if="powered_down" while="" timeout="0" info="">
[19:35:12.617]      // if-block "powered_down"
[19:35:12.617]        // =>  TRUE
[19:35:12.617]      <block atomic="false" info="">
[19:35:12.617]        Message(0, "Debug/System power-up request sent");
[19:35:12.619]        WriteDP(DP_CTRL_STAT, 0x50000000);
[19:35:12.619]          // -> [WriteDP(0x00000004, 0x50000000)]   (__dp=0x00000000)
[19:35:12.619]      </block>
[19:35:12.619]      <control if="" while="(ReadDP(DP_CTRL_STAT) & 0xA0000000) != 0xA0000000" timeout="1000000" info="">
[19:35:12.619]        // while "(ReadDP(DP_CTRL_STAT) & 0xA0000000) != 0xA0000000"  (timeout="1000000")
[19:35:12.619]          // -> [ReadDP(0x00000004) => 0xF0000040]   (__dp=0x00000000)
[19:35:12.624]        // while-condition  =>  FALSE
[19:35:12.624]        // end while "(ReadDP(DP_CTRL_STAT) & 0xA0000000) != 0xA0000000"
[19:35:12.624]      </control>
[19:35:12.624]      <control if="(__protocol & 0xFFFF) == 1" while="" timeout="0" info="">
[19:35:12.624]        // if-block "(__protocol & 0xFFFF) == 1"
[19:35:12.624]          // =>  FALSE
[19:35:12.624]        // skip if-block "(__protocol & 0xFFFF) == 1"
[19:35:12.624]      </control>
[19:35:12.624]      <control if="(__protocol & 0xFFFF) == 2" while="" timeout="0" info="">
[19:35:12.624]        // if-block "(__protocol & 0xFFFF) == 2"
[19:35:12.624]          // =>  TRUE
[19:35:12.624]        <block atomic="false" info="">
[19:35:12.624]          Message(0, "executing SWD power up");
[19:35:12.624]          WriteDP(DP_CTRL_STAT, 0x50000F00);
[19:35:12.628]            // -> [WriteDP(0x00000004, 0x50000F00)]   (__dp=0x00000000)
[19:35:12.628]          WriteDP(SW_DP_ABORT, 0x0000001E);
[19:35:12.630]            // -> [WriteDP(0x00000000, 0x0000001E)]   (__dp=0x00000000)
[19:35:12.630]        </block>
[19:35:12.630]        // end if-block "(__protocol & 0xFFFF) == 2"
[19:35:12.630]      </control>
[19:35:12.630]      // end if-block "powered_down"
[19:35:12.630]    </control>
[19:35:12.630]    <block atomic="false" info="">
[19:35:12.630]      __var DEBUG_PORT_VAL    = 0;
[19:35:12.630]        // -> [DEBUG_PORT_VAL <= 0x00000000]
[19:35:12.630]      __var ACCESS_POINT_VAL  = 0;
[19:35:12.630]        // -> [ACCESS_POINT_VAL <= 0x00000000]
[19:35:12.630]      __ap = 1; 
[19:35:12.630]        // -> [__ap <= 0x00000001]
[19:35:12.630]      WriteAP(0x0C, 0x04); //lets use the mini pwr-ap as backup
[19:35:12.635]        // -> [WriteAP(0x0000000C, 0x00000004)]   (__dp=0x00000000, __ap=0x00000001)
[19:35:12.635]      __ap = 4;
[19:35:12.635]        // -> [__ap <= 0x00000004]
[19:35:12.635]      ACCESS_POINT_VAL = ReadAP(0x00);//Reading current state of access point
[19:35:12.639]        // -> [ReadAP(0x00000000) => 0x00080027]   (__dp=0x00000000, __ap=0x00000004)
[19:35:12.639]        // -> [ACCESS_POINT_VAL <= 0x00080027]
[19:35:12.639]      Message(0, "Current state of access point is: %x",ACCESS_POINT_VAL);
[19:35:12.640]    </block>
[19:35:12.640]    <block atomic="false" info="">
[19:35:12.640]      __var nReset = 0x80;
[19:35:12.640]        // -> [nReset <= 0x00000080]
[19:35:12.640]      __var canReadPins = 0;
[19:35:12.640]        // -> [canReadPins <= 0x00000000]
[19:35:12.640]      canReadPins = (DAP_SWJ_Pins(0x00, nReset, 0) != 0xFFFFFFFF);
[19:35:12.643]        // -> [DAP_SWJ_Pins(0x00, 0x80, 0) => 0x0F]   (Out: nRESET=0  =>  In: SWCLK/TCK=1, SWDIO/TMS=1, TDI=1, TDO=1, nTRST=0, nRESET=0)
[19:35:12.643]        // -> [canReadPins <= 0x00000001]
[19:35:12.643]    </block>
[19:35:12.643]    <control if="" while="1" timeout="200" info="">
[19:35:12.643]      // while "1"  (timeout="200")
[19:35:12.643]      // while-condition  =>  TRUE
[19:35:12.643]      // while "1"  (timeout="200")
[19:35:12.643]      // while-condition  =>  TRUE
[19:35:12.643]      // while "1"  (timeout="200")
[19:35:12.643]      // while-condition  =>  TRUE
[19:35:12.643]      // while "1"  (timeout="200")
[19:35:12.643]      // while-condition  =>  TRUE
[19:35:12.643]      // while "1"  (timeout="200")
[19:35:12.643]      // while-condition  =>  TRUE
[19:35:12.643]      // while "1"  (timeout="200")
[19:35:12.643]      // while-condition  =>  TRUE
[19:35:12.643]      // while "1"  (timeout="200")
[19:35:12.643]      // while-condition  =>  TRUE
[19:35:12.643]      // while "1"  (timeout="200")
[19:35:12.643]      // while-condition  =>  TRUE
[19:35:12.643]      // while "1"  (timeout="200")
[19:35:12.643]      // while-condition  =>  TRUE
[19:35:12.643]      // while "1"  (timeout="200")
[19:35:12.643]      // while-condition  =>  TRUE
[19:35:12.643]      // while "1"  (timeout="200")
[19:35:12.643]      // while-condition  =>  TRUE
[19:35:12.643]      // while "1"  (timeout="200")
[19:35:12.646]      // while-condition  =>  TRUE
[19:35:12.646]      // while "1"  (timeout="200")
[19:35:12.646]      // while-condition  =>  TRUE
[19:35:12.646]      // while "1"  (timeout="200")
[19:35:12.646]      // while-condition  =>  TRUE
[19:35:12.646]      // while "1"  (timeout="200")
[19:35:12.646]      // while-condition  =>  TRUE
[19:35:12.646]      // while "1"  (timeout="200")
[19:35:12.646]      // while-condition  =>  TRUE
[19:35:12.646]      // while "1"  (timeout="200")
[19:35:12.646]      // while-condition  =>  TRUE
[19:35:12.646]      // while "1"  (timeout="200")
[19:35:12.646]      // while-condition  =>  TRUE
[19:35:12.646]      // while "1"  (timeout="200")
[19:35:12.646]      // while-condition  =>  TRUE
[19:35:12.646]      // while "1"  (timeout="200")
[19:35:12.646]      // while-condition  =>  TRUE
[19:35:12.646]      // while "1"  (timeout="200")
[19:35:12.646]      // while-condition  =>  TRUE
[19:35:12.646]      // while "1"  (timeout="200")
[19:35:12.646]      // while-condition  =>  TRUE
[19:35:12.646]      // while "1"  (timeout="200")
[19:35:12.646]      // while-condition  =>  TRUE
[19:35:12.646]      // while "1"  (timeout="200")
[19:35:12.646]      // while-condition  =>  TRUE
[19:35:12.646]      // while "1"  (timeout="200")
[19:35:12.646]      // while-condition  =>  TRUE
[19:35:12.646]      // while "1"  (timeout="200")
[19:35:12.646]      // while-condition  =>  TRUE
[19:35:12.646]      // while "1"  (timeout="200")
[19:35:12.646]      // while-condition  =>  TRUE
[19:35:12.648]      // while "1"  (timeout="200")
[19:35:12.648]      // while-condition  =>  TRUE
[19:35:12.648]      // while "1"  (timeout="200")
[19:35:12.648]      // while-condition  =>  TRUE
[19:35:12.648]      // while "1"  (timeout="200")
[19:35:12.648]      // while-condition  =>  TRUE
[19:35:12.648]      // while "1"  (timeout="200")
[19:35:12.648]      // while-condition  =>  TRUE
[19:35:12.648]      // while "1"  (timeout="200")
[19:35:12.648]      // while-condition  =>  TRUE
[19:35:12.648]      // while "1"  (timeout="200")
[19:35:12.648]      // while-condition  =>  TRUE
[19:35:12.648]      // while "1"  (timeout="200")
[19:35:12.648]      // while-condition  =>  TRUE
[19:35:12.648]      // while "1"  (timeout="200")
[19:35:12.648]      // while-condition  =>  TRUE
[19:35:12.648]      // while "1"  (timeout="200")
[19:35:12.648]      // while-condition  =>  TRUE
[19:35:12.648]      // while "1"  (timeout="200")
[19:35:12.648]      // while-condition  =>  TRUE
[19:35:12.648]      // while "1"  (timeout="200")
[19:35:12.648]      // while-condition  =>  TRUE
[19:35:12.648]      // while "1"  (timeout="200")
[19:35:12.648]      // while-condition  =>  TRUE
[19:35:12.648]      // while "1"  (timeout="200")
[19:35:12.648]      // while-condition  =>  TRUE
[19:35:12.648]      // while "1"  (timeout="200")
[19:35:12.648]      // while-condition  =>  TRUE
[19:35:12.648]      // while "1"  (timeout="200")
[19:35:12.648]      // while-condition  =>  TRUE
[19:35:12.648]      // while "1"  (timeout="200")
[19:35:12.648]      // while-condition  =>  TRUE
[19:35:12.648]      // while "1"  (timeout="200")
[19:35:12.648]      // while-condition  =>  TRUE
[19:35:12.648]      // while "1"  (timeout="200")
[19:35:12.648]      // while-condition  =>  TRUE
[19:35:12.648]      // while "1"  (timeout="200")
[19:35:12.648]      // while-condition  =>  TRUE
[19:35:12.648]      // while "1"  (timeout="200")
[19:35:12.648]      // while-condition  =>  TRUE
[19:35:12.648]      // while "1"  (timeout="200")
[19:35:12.648]      // while-condition  =>  TRUE
[19:35:12.648]      // while "1"  (timeout="200")
[19:35:12.648]      // while-condition  =>  TRUE
[19:35:12.648]      // while "1"  (timeout="200")
[19:35:12.648]      // while-condition  =>  TRUE
[19:35:12.648]      // while "1"  (timeout="200")
[19:35:12.648]      // while-condition  =>  TRUE
[19:35:12.648]      // while "1"  (timeout="200")
[19:35:12.648]      // while-condition  =>  TRUE
[19:35:12.648]      // while "1"  (timeout="200")
[19:35:12.651]      // while-condition  =>  TRUE
[19:35:12.651]      // while "1"  (timeout="200")
[19:35:12.651]      // while  =>  TIMEOUT
[19:35:12.651]      // end while "1"
[19:35:12.651]    </control>
[19:35:12.651]    <control if="canReadPins" while="" timeout="0" info="">
[19:35:12.651]      // if-block "canReadPins"
[19:35:12.651]        // =>  TRUE
[19:35:12.651]      <control if="" while="(DAP_SWJ_Pins(nReset, nReset, 0) & nReset) == 0" timeout="1000000" info="">
[19:35:12.651]        // while "(DAP_SWJ_Pins(nReset, nReset, 0) & nReset) == 0"  (timeout="1000000")
[19:35:12.651]          // -> [DAP_SWJ_Pins(0x80, 0x80, 0) => 0x8F]   (Out: nRESET=1  =>  In: SWCLK/TCK=1, SWDIO/TMS=1, TDI=1, TDO=1, nTRST=0, nRESET=1)
[19:35:12.651]        // while-condition  =>  FALSE
[19:35:12.651]        // end while "(DAP_SWJ_Pins(nReset, nReset, 0) & nReset) == 0"
[19:35:12.651]      </control>
[19:35:12.651]      // end if-block "canReadPins"
[19:35:12.651]    </control>
[19:35:12.651]    <control if="!canReadPins" while="" timeout="0" info="">
[19:35:12.651]      // if-block "!canReadPins"
[19:35:12.651]        // =>  FALSE
[19:35:12.651]      // skip if-block "!canReadPins"
[19:35:12.651]    </control>
[19:35:12.651]    <control if="(ACCESS_POINT_VAL & 0x00E00000) == 0" while="" timeout="0" info="">
[19:35:12.651]      // if-block "(ACCESS_POINT_VAL & 0x00E00000) == 0"
[19:35:12.651]        // =>  TRUE
[19:35:12.651]      <block atomic="false" info="">
[19:35:12.651]        WriteAP(0x00, 0x190008);
[19:35:12.656]          // -> [WriteAP(0x00000000, 0x00190008)]   (__dp=0x00000000, __ap=0x00000004)
[19:35:12.656]        WriteAP(0xF0, 0x01);
[19:35:12.659]          // -> [WriteAP(0x000000F0, 0x00000001)]   (__dp=0x00000000, __ap=0x00000004)
[19:35:12.659]      </block>
[19:35:12.659]      // end if-block "(ACCESS_POINT_VAL & 0x00E00000) == 0"
[19:35:12.659]    </control>
[19:35:12.659]    <control if="(ACCESS_POINT_VAL & 0x00E00000) != 0" while="" timeout="0" info="">
[19:35:12.659]      // if-block "(ACCESS_POINT_VAL & 0x00E00000) != 0"
[19:35:12.659]        // =>  FALSE
[19:35:12.659]      // skip if-block "(ACCESS_POINT_VAL & 0x00E00000) != 0"
[19:35:12.661]    </control>
[19:35:12.661]    <block atomic="false" info="">
[19:35:12.661]      ACCESS_POINT_VAL = ReadAP(0x00);//Reading current state of access point
[19:35:12.665]        // -> [ReadAP(0x00000000) => 0x0079002F]   (__dp=0x00000000, __ap=0x00000004)
[19:35:12.665]        // -> [ACCESS_POINT_VAL <= 0x0079002F]
[19:35:12.665]      Message(0, "Current state of access point is: %x",ACCESS_POINT_VAL);
[19:35:12.666]      __ap = 0; //lets make sure we reset the access point selection
[19:35:12.666]        // -> [__ap <= 0x00000000]
[19:35:12.666]    </block>
[19:35:12.666]  </sequence>
[19:35:12.666]  
[19:35:12.688]  **********  Sequence "DebugDeviceUnlock"  (Context="Connect", Pname="", info="")
[19:35:12.688]  
[19:35:12.688]  <debugvars>
[19:35:12.688]    // Pre-defined
[19:35:12.688]    __protocol=0x00010002      (Protocol="SWD", SWJ-DP="True")
[19:35:12.688]    __connection=0x00000202    (Connection Type="Flash", Reset Type="System Reset")
[19:35:12.688]    __dp=0x00000000
[19:35:12.693]    __ap=0x00000000
[19:35:12.693]    __traceout=0x00000000      (Trace Disabled)
[19:35:12.693]    __errorcontrol=0x00000000  (Skip Errors="False")
[19:35:12.693]    __FlashAddr=0x00000000
[19:35:12.693]    __FlashLen=0x00000000
[19:35:12.693]    __FlashArg=0x00000000
[19:35:12.693]    __FlashOp=0x00000000
[19:35:12.693]    __Result=0x00000000
[19:35:12.693]  </debugvars>
[19:35:12.693]  
[19:35:12.693]  <sequence name="DebugDeviceUnlock" Pname="" disable="false" info="">
[19:35:12.693]    <block atomic="false" info="">
[19:35:12.693]      __var deviceID = 0;
[19:35:12.693]        // -> [deviceID <= 0x00000000]
[19:35:12.693]      __var version = 0;
[19:35:12.693]        // -> [version <= 0x00000000]
[19:35:12.693]      __var partNum = 0;
[19:35:12.693]        // -> [partNum <= 0x00000000]
[19:35:12.693]      __var manuf = 0;
[19:35:12.693]        // -> [manuf <= 0x00000000]
[19:35:12.693]      __var isMSPM0G1X0X_G3X0X = 0;
[19:35:12.693]        // -> [isMSPM0G1X0X_G3X0X <= 0x00000000]
[19:35:12.693]      __var isProduction = 0;
[19:35:12.693]        // -> [isProduction <= 0x00000000]
[19:35:12.693]      __var continueId = 0;
[19:35:12.693]        // -> [continueId <= 0x00000000]
[19:35:12.693]      deviceID =   Read32(0x41C40004);
[19:35:12.699]        // -> [Read32(0x41C40004) => 0x2BB8802F]   (__dp=0x00000000, __ap=0x00000000)
[19:35:12.699]        // -> [deviceID <= 0x2BB8802F]
[19:35:12.699]      version = deviceID >> 28;
[19:35:12.699]        // -> [version <= 0x00000002]
[19:35:12.699]      partNum = (deviceID & 0x0FFFF000) >> 12;
[19:35:12.699]        // -> [partNum <= 0x0000BB88]
[19:35:12.699]      manuf = (deviceID & 0x00000FFE) >> 1;
[19:35:12.699]        // -> [manuf <= 0x00000017]
[19:35:12.699]      isMSPM0G1X0X_G3X0X = (partNum == 0xBB88) && (manuf == 0x17);
[19:35:12.699]        // -> [isMSPM0G1X0X_G3X0X <= 0x00000001]
[19:35:12.699]      isProduction = (version > 0);
[19:35:12.699]        // -> [isProduction <= 0x00000001]
[19:35:12.699]    </block>
[19:35:12.699]    <control if="!isMSPM0G1X0X_G3X0X" while="" timeout="0" info="">
[19:35:12.699]      // if-block "!isMSPM0G1X0X_G3X0X"
[19:35:12.699]        // =>  FALSE
[19:35:12.699]      // skip if-block "!isMSPM0G1X0X_G3X0X"
[19:35:12.699]    </control>
[19:35:12.699]    <control if="continueId == 4" while="" timeout="0" info="">
[19:35:12.699]      // if-block "continueId == 4"
[19:35:12.699]        // =>  FALSE
[19:35:12.699]      // skip if-block "continueId == 4"
[19:35:12.699]    </control>
[19:35:12.699]    <control if="!isProduction" while="" timeout="0" info="">
[19:35:12.699]      // if-block "!isProduction"
[19:35:12.699]        // =>  FALSE
[19:35:12.699]      // skip if-block "!isProduction"
[19:35:12.699]    </control>
[19:35:12.699]  </sequence>
[19:35:12.699]  
[19:39:02.322]  **********  Sequence "DebugPortSetup"  (Context="Connect", Pname="", info="")
[19:39:02.322]  
[19:39:02.322]  <debugvars>
[19:39:02.322]    // Pre-defined
[19:39:02.322]    __protocol=0x00010002      (Protocol="SWD", SWJ-DP="True")
[19:39:02.322]    __connection=0x00000202    (Connection Type="Flash", Reset Type="System Reset")
[19:39:02.325]    __dp=0x00000000
[19:39:02.325]    __ap=0x00000000
[19:39:02.325]    __traceout=0x00000000      (Trace Disabled)
[19:39:02.325]    __errorcontrol=0x00000000  (Skip Errors="False")
[19:39:02.325]    __FlashAddr=0x00000000
[19:39:02.325]    __FlashLen=0x00000000
[19:39:02.325]    __FlashArg=0x00000000
[19:39:02.325]    __FlashOp=0x00000000
[19:39:02.325]    __Result=0x00000000
[19:39:02.325]  </debugvars>
[19:39:02.325]  
[19:39:02.325]  <sequence name="DebugPortSetup" Pname="" disable="false" info="">
[19:39:02.325]    <block atomic="false" info="">
[19:39:02.325]      __var isSWJ      = ((__protocol & 0x00010000) != 0);
[19:39:02.325]        // -> [isSWJ <= 0x00000001]
[19:39:02.325]      __var hasDormant = __protocol & 0x00020000;
[19:39:02.325]        // -> [hasDormant <= 0x00000000]
[19:39:02.325]      __var protType   = __protocol & 0x0000FFFF;
[19:39:02.325]        // -> [protType <= 0x00000002]
[19:39:02.325]    </block>
[19:39:02.325]    <control if="protType == 1" while="" timeout="0" info="">
[19:39:02.325]      // if-block "protType == 1"
[19:39:02.325]        // =>  FALSE
[19:39:02.325]      // skip if-block "protType == 1"
[19:39:02.325]    </control>
[19:39:02.325]    <control if="protType == 2" while="" timeout="0" info="">
[19:39:02.325]      // if-block "protType == 2"
[19:39:02.325]        // =>  TRUE
[19:39:02.325]      <control if="isSWJ" while="" timeout="0" info="">
[19:39:02.325]        // if-block "isSWJ"
[19:39:02.325]          // =>  TRUE
[19:39:02.325]        <control if="hasDormant" while="" timeout="0" info="">
[19:39:02.325]          // if-block "hasDormant"
[19:39:02.325]            // =>  FALSE
[19:39:02.325]          // skip if-block "hasDormant"
[19:39:02.325]        </control>
[19:39:02.325]        <control if="!hasDormant" while="" timeout="0" info="">
[19:39:02.325]          // if-block "!hasDormant"
[19:39:02.325]            // =>  TRUE
[19:39:02.325]          <block atomic="false" info="">
[19:39:02.325]            DAP_SWJ_Sequence(51, 0x0007FFFFFFFFFFFF); //lets put the JTAG line in a reset state
[19:39:02.329]              // -> [DAP_SWJ_Sequence(51, 0x0007FFFFFFFFFFFF)]
[19:39:02.329]            DAP_SWJ_Sequence(16,0xE73C); //SWD to JTAG, this is to ensure the state machine is initialized
[19:39:02.330]              // -> [DAP_SWJ_Sequence(16, 0x000000000000E73C)]
[19:39:02.330]            DAP_SWJ_Sequence(51, 0x0007FFFFFFFFFFFF); //Put it back in reset
[19:39:02.330]              // -> [DAP_SWJ_Sequence(51, 0x0007FFFFFFFFFFFF)]
[19:39:02.330]            DAP_SWJ_Sequence(16, 0xE79E); //JTAG to SWD switch
[19:39:02.337]              // -> [DAP_SWJ_Sequence(16, 0x000000000000E79E)]
[19:39:02.337]            DAP_SWJ_Sequence(51, 0x0007FFFFFFFFFFFF);  //Ensure the switch is successful 
[19:39:02.338]              // -> [DAP_SWJ_Sequence(51, 0x0007FFFFFFFFFFFF)]
[19:39:02.338]            DAP_SWJ_Sequence(7,  0x00); //Give the line some time to initialize
[19:39:02.340]              // -> [DAP_SWJ_Sequence(7, 0x0000000000000000)]
[19:39:02.340]          </block>
[19:39:02.340]          // end if-block "!hasDormant"
[19:39:02.340]        </control>
[19:39:02.340]        // end if-block "isSWJ"
[19:39:02.340]      </control>
[19:39:02.340]      <control if="!isSWJ" while="" timeout="0" info="">
[19:39:02.340]        // if-block "!isSWJ"
[19:39:02.340]          // =>  FALSE
[19:39:02.340]        // skip if-block "!isSWJ"
[19:39:02.340]      </control>
[19:39:02.340]      <block atomic="false" info="">
[19:39:02.340]        ReadDP(0x0);
[19:39:02.345]          // -> [ReadDP(0x00000000) => 0x6BA02477]   (__dp=0x00000000)
[19:39:02.345]      </block>
[19:39:02.345]      // end if-block "protType == 2"
[19:39:02.345]    </control>
[19:39:02.345]  </sequence>
[19:39:02.345]  
[19:39:02.351]  **********  Sequence "DebugPortStart"  (Context="Connect", Pname="", info="")
[19:39:02.351]  
[19:39:02.351]  <debugvars>
[19:39:02.351]    // Pre-defined
[19:39:02.351]    __protocol=0x00010002      (Protocol="SWD", SWJ-DP="True")
[19:39:02.351]    __connection=0x00000202    (Connection Type="Flash", Reset Type="System Reset")
[19:39:02.351]    __dp=0x00000000
[19:39:02.351]    __ap=0x00000000
[19:39:02.351]    __traceout=0x00000000      (Trace Disabled)
[19:39:02.351]    __errorcontrol=0x00000000  (Skip Errors="False")
[19:39:02.351]    __FlashAddr=0x00000000
[19:39:02.351]    __FlashLen=0x00000000
[19:39:02.351]    __FlashArg=0x00000000
[19:39:02.351]    __FlashOp=0x00000000
[19:39:02.351]    __Result=0x00000000
[19:39:02.351]  </debugvars>
[19:39:02.351]  
[19:39:02.351]  <sequence name="DebugPortStart" Pname="" disable="false" info="">
[19:39:02.351]    <block atomic="false" info="">
[19:39:02.351]      __var SW_DP_ABORT       = 0x0;
[19:39:02.351]        // -> [SW_DP_ABORT <= 0x00000000]
[19:39:02.351]      __var DP_CTRL_STAT      = 0x4;
[19:39:02.351]        // -> [DP_CTRL_STAT <= 0x00000004]
[19:39:02.351]      __var DP_SELECT         = 0x8;
[19:39:02.351]        // -> [DP_SELECT <= 0x00000008]
[19:39:02.351]      __var powered_down      = 0;
[19:39:02.351]        // -> [powered_down <= 0x00000000]
[19:39:02.351]      WriteDP(DP_SELECT, 0x00000000);
[19:39:02.351]        // -> [WriteDP(0x00000008, 0x00000000)]   (__dp=0x00000000)
[19:39:02.351]      powered_down = ((ReadDP(DP_CTRL_STAT) & 0xA0000000) != 0xA0000000);
[19:39:02.357]        // -> [ReadDP(0x00000004) => 0x00000040]   (__dp=0x00000000)
[19:39:02.357]        // -> [powered_down <= 0x00000001]
[19:39:02.357]    </block>
[19:39:02.357]    <control if="powered_down" while="" timeout="0" info="">
[19:39:02.357]      // if-block "powered_down"
[19:39:02.357]        // =>  TRUE
[19:39:02.357]      <block atomic="false" info="">
[19:39:02.357]        Message(0, "Debug/System power-up request sent");
[19:39:02.359]        WriteDP(DP_CTRL_STAT, 0x50000000);
[19:39:02.361]          // -> [WriteDP(0x00000004, 0x50000000)]   (__dp=0x00000000)
[19:39:02.361]      </block>
[19:39:02.361]      <control if="" while="(ReadDP(DP_CTRL_STAT) & 0xA0000000) != 0xA0000000" timeout="1000000" info="">
[19:39:02.361]        // while "(ReadDP(DP_CTRL_STAT) & 0xA0000000) != 0xA0000000"  (timeout="1000000")
[19:39:02.361]          // -> [ReadDP(0x00000004) => 0xF0000040]   (__dp=0x00000000)
[19:39:02.361]        // while-condition  =>  FALSE
[19:39:02.361]        // end while "(ReadDP(DP_CTRL_STAT) & 0xA0000000) != 0xA0000000"
[19:39:02.361]      </control>
[19:39:02.361]      <control if="(__protocol & 0xFFFF) == 1" while="" timeout="0" info="">
[19:39:02.361]        // if-block "(__protocol & 0xFFFF) == 1"
[19:39:02.361]          // =>  FALSE
[19:39:02.361]        // skip if-block "(__protocol & 0xFFFF) == 1"
[19:39:02.361]      </control>
[19:39:02.361]      <control if="(__protocol & 0xFFFF) == 2" while="" timeout="0" info="">
[19:39:02.361]        // if-block "(__protocol & 0xFFFF) == 2"
[19:39:02.361]          // =>  TRUE
[19:39:02.361]        <block atomic="false" info="">
[19:39:02.361]          Message(0, "executing SWD power up");
[19:39:02.361]          WriteDP(DP_CTRL_STAT, 0x50000F00);
[19:39:02.367]            // -> [WriteDP(0x00000004, 0x50000F00)]   (__dp=0x00000000)
[19:39:02.367]          WriteDP(SW_DP_ABORT, 0x0000001E);
[19:39:02.368]            // -> [WriteDP(0x00000000, 0x0000001E)]   (__dp=0x00000000)
[19:39:02.368]        </block>
[19:39:02.368]        // end if-block "(__protocol & 0xFFFF) == 2"
[19:39:02.368]      </control>
[19:39:02.368]      // end if-block "powered_down"
[19:39:02.368]    </control>
[19:39:02.368]    <block atomic="false" info="">
[19:39:02.368]      __var DEBUG_PORT_VAL    = 0;
[19:39:02.368]        // -> [DEBUG_PORT_VAL <= 0x00000000]
[19:39:02.368]      __var ACCESS_POINT_VAL  = 0;
[19:39:02.368]        // -> [ACCESS_POINT_VAL <= 0x00000000]
[19:39:02.368]      __ap = 1; 
[19:39:02.368]        // -> [__ap <= 0x00000001]
[19:39:02.368]      WriteAP(0x0C, 0x04); //lets use the mini pwr-ap as backup
[19:39:02.371]        // -> [WriteAP(0x0000000C, 0x00000004)]   (__dp=0x00000000, __ap=0x00000001)
[19:39:02.371]      __ap = 4;
[19:39:02.371]        // -> [__ap <= 0x00000004]
[19:39:02.371]      ACCESS_POINT_VAL = ReadAP(0x00);//Reading current state of access point
[19:39:02.378]        // -> [ReadAP(0x00000000) => 0x00080027]   (__dp=0x00000000, __ap=0x00000004)
[19:39:02.378]        // -> [ACCESS_POINT_VAL <= 0x00080027]
[19:39:02.378]      Message(0, "Current state of access point is: %x",ACCESS_POINT_VAL);
[19:39:02.378]    </block>
[19:39:02.378]    <block atomic="false" info="">
[19:39:02.378]      __var nReset = 0x80;
[19:39:02.378]        // -> [nReset <= 0x00000080]
[19:39:02.378]      __var canReadPins = 0;
[19:39:02.378]        // -> [canReadPins <= 0x00000000]
[19:39:02.378]      canReadPins = (DAP_SWJ_Pins(0x00, nReset, 0) != 0xFFFFFFFF);
[19:39:02.382]        // -> [DAP_SWJ_Pins(0x00, 0x80, 0) => 0x0F]   (Out: nRESET=0  =>  In: SWCLK/TCK=1, SWDIO/TMS=1, TDI=1, TDO=1, nTRST=0, nRESET=0)
[19:39:02.382]        // -> [canReadPins <= 0x00000001]
[19:39:02.382]    </block>
[19:39:02.382]    <control if="" while="1" timeout="200" info="">
[19:39:02.382]      // while "1"  (timeout="200")
[19:39:02.382]      // while-condition  =>  TRUE
[19:39:02.382]      // while "1"  (timeout="200")
[19:39:02.382]      // while-condition  =>  TRUE
[19:39:02.382]      // while "1"  (timeout="200")
[19:39:02.382]      // while-condition  =>  TRUE
[19:39:02.382]      // while "1"  (timeout="200")
[19:39:02.382]      // while-condition  =>  TRUE
[19:39:02.382]      // while "1"  (timeout="200")
[19:39:02.382]      // while-condition  =>  TRUE
[19:39:02.382]      // while "1"  (timeout="200")
[19:39:02.382]      // while-condition  =>  TRUE
[19:39:02.382]      // while "1"  (timeout="200")
[19:39:02.382]      // while-condition  =>  TRUE
[19:39:02.382]      // while "1"  (timeout="200")
[19:39:02.382]      // while-condition  =>  TRUE
[19:39:02.382]      // while "1"  (timeout="200")
[19:39:02.382]      // while-condition  =>  TRUE
[19:39:02.382]      // while "1"  (timeout="200")
[19:39:02.382]      // while-condition  =>  TRUE
[19:39:02.382]      // while "1"  (timeout="200")
[19:39:02.382]      // while-condition  =>  TRUE
[19:39:02.382]      // while "1"  (timeout="200")
[19:39:02.382]      // while-condition  =>  TRUE
[19:39:02.382]      // while "1"  (timeout="200")
[19:39:02.382]      // while-condition  =>  TRUE
[19:39:02.382]      // while "1"  (timeout="200")
[19:39:02.382]      // while-condition  =>  TRUE
[19:39:02.382]      // while "1"  (timeout="200")
[19:39:02.382]      // while-condition  =>  TRUE
[19:39:02.382]      // while "1"  (timeout="200")
[19:39:02.382]      // while-condition  =>  TRUE
[19:39:02.382]      // while "1"  (timeout="200")
[19:39:02.382]      // while-condition  =>  TRUE
[19:39:02.382]      // while "1"  (timeout="200")
[19:39:02.382]      // while-condition  =>  TRUE
[19:39:02.382]      // while "1"  (timeout="200")
[19:39:02.382]      // while-condition  =>  TRUE
[19:39:02.382]      // while "1"  (timeout="200")
[19:39:02.382]      // while-condition  =>  TRUE
[19:39:02.382]      // while "1"  (timeout="200")
[19:39:02.382]      // while-condition  =>  TRUE
[19:39:02.382]      // while "1"  (timeout="200")
[19:39:02.382]      // while-condition  =>  TRUE
[19:39:02.382]      // while "1"  (timeout="200")
[19:39:02.382]      // while-condition  =>  TRUE
[19:39:02.382]      // while "1"  (timeout="200")
[19:39:02.382]      // while-condition  =>  TRUE
[19:39:02.382]      // while "1"  (timeout="200")
[19:39:02.382]      // while-condition  =>  TRUE
[19:39:02.382]      // while "1"  (timeout="200")
[19:39:02.388]      // while-condition  =>  TRUE
[19:39:02.388]      // while "1"  (timeout="200")
[19:39:02.388]      // while  =>  TIMEOUT
[19:39:02.388]      // end while "1"
[19:39:02.388]    </control>
[19:39:02.388]    <control if="canReadPins" while="" timeout="0" info="">
[19:39:02.389]      // if-block "canReadPins"
[19:39:02.389]        // =>  TRUE
[19:39:02.389]      <control if="" while="(DAP_SWJ_Pins(nReset, nReset, 0) & nReset) == 0" timeout="1000000" info="">
[19:39:02.389]        // while "(DAP_SWJ_Pins(nReset, nReset, 0) & nReset) == 0"  (timeout="1000000")
[19:39:02.389]          // -> [DAP_SWJ_Pins(0x80, 0x80, 0) => 0x8F]   (Out: nRESET=1  =>  In: SWCLK/TCK=1, SWDIO/TMS=1, TDI=1, TDO=1, nTRST=0, nRESET=1)
[19:39:02.389]        // while-condition  =>  FALSE
[19:39:02.389]        // end while "(DAP_SWJ_Pins(nReset, nReset, 0) & nReset) == 0"
[19:39:02.389]      </control>
[19:39:02.389]      // end if-block "canReadPins"
[19:39:02.389]    </control>
[19:39:02.389]    <control if="!canReadPins" while="" timeout="0" info="">
[19:39:02.389]      // if-block "!canReadPins"
[19:39:02.389]        // =>  FALSE
[19:39:02.389]      // skip if-block "!canReadPins"
[19:39:02.389]    </control>
[19:39:02.389]    <control if="(ACCESS_POINT_VAL & 0x00E00000) == 0" while="" timeout="0" info="">
[19:39:02.389]      // if-block "(ACCESS_POINT_VAL & 0x00E00000) == 0"
[19:39:02.389]        // =>  TRUE
[19:39:02.389]      <block atomic="false" info="">
[19:39:02.389]        WriteAP(0x00, 0x190008);
[19:39:02.393]          // -> [WriteAP(0x00000000, 0x00190008)]   (__dp=0x00000000, __ap=0x00000004)
[19:39:02.393]        WriteAP(0xF0, 0x01);
[19:39:02.397]          // -> [WriteAP(0x000000F0, 0x00000001)]   (__dp=0x00000000, __ap=0x00000004)
[19:39:02.397]      </block>
[19:39:02.397]      // end if-block "(ACCESS_POINT_VAL & 0x00E00000) == 0"
[19:39:02.397]    </control>
[19:39:02.397]    <control if="(ACCESS_POINT_VAL & 0x00E00000) != 0" while="" timeout="0" info="">
[19:39:02.397]      // if-block "(ACCESS_POINT_VAL & 0x00E00000) != 0"
[19:39:02.397]        // =>  FALSE
[19:39:02.397]      // skip if-block "(ACCESS_POINT_VAL & 0x00E00000) != 0"
[19:39:02.397]    </control>
[19:39:02.398]    <block atomic="false" info="">
[19:39:02.398]      ACCESS_POINT_VAL = ReadAP(0x00);//Reading current state of access point
[19:39:02.404]        // -> [ReadAP(0x00000000) => 0x0079002F]   (__dp=0x00000000, __ap=0x00000004)
[19:39:02.404]        // -> [ACCESS_POINT_VAL <= 0x0079002F]
[19:39:02.404]      Message(0, "Current state of access point is: %x",ACCESS_POINT_VAL);
[19:39:02.404]      __ap = 0; //lets make sure we reset the access point selection
[19:39:02.404]        // -> [__ap <= 0x00000000]
[19:39:02.404]    </block>
[19:39:02.404]  </sequence>
[19:39:02.407]  
[19:39:02.427]  **********  Sequence "DebugDeviceUnlock"  (Context="Connect", Pname="", info="")
[19:39:02.427]  
[19:39:02.427]  <debugvars>
[19:39:02.427]    // Pre-defined
[19:39:02.427]    __protocol=0x00010002      (Protocol="SWD", SWJ-DP="True")
[19:39:02.427]    __connection=0x00000202    (Connection Type="Flash", Reset Type="System Reset")
[19:39:02.427]    __dp=0x00000000
[19:39:02.427]    __ap=0x00000000
[19:39:02.427]    __traceout=0x00000000      (Trace Disabled)
[19:39:02.427]    __errorcontrol=0x00000000  (Skip Errors="False")
[19:39:02.427]    __FlashAddr=0x00000000
[19:39:02.427]    __FlashLen=0x00000000
[19:39:02.428]    __FlashArg=0x00000000
[19:39:02.428]    __FlashOp=0x00000000
[19:39:02.428]    __Result=0x00000000
[19:39:02.428]  </debugvars>
[19:39:02.428]  
[19:39:02.428]  <sequence name="DebugDeviceUnlock" Pname="" disable="false" info="">
[19:39:02.428]    <block atomic="false" info="">
[19:39:02.428]      __var deviceID = 0;
[19:39:02.428]        // -> [deviceID <= 0x00000000]
[19:39:02.428]      __var version = 0;
[19:39:02.428]        // -> [version <= 0x00000000]
[19:39:02.429]      __var partNum = 0;
[19:39:02.429]        // -> [partNum <= 0x00000000]
[19:39:02.429]      __var manuf = 0;
[19:39:02.429]        // -> [manuf <= 0x00000000]
[19:39:02.429]      __var isMSPM0G1X0X_G3X0X = 0;
[19:39:02.429]        // -> [isMSPM0G1X0X_G3X0X <= 0x00000000]
[19:39:02.429]      __var isProduction = 0;
[19:39:02.429]        // -> [isProduction <= 0x00000000]
[19:39:02.429]      __var continueId = 0;
[19:39:02.429]        // -> [continueId <= 0x00000000]
[19:39:02.429]      deviceID =   Read32(0x41C40004);
[19:39:02.438]        // -> [Read32(0x41C40004) => 0x2BB8802F]   (__dp=0x00000000, __ap=0x00000000)
[19:39:02.438]        // -> [deviceID <= 0x2BB8802F]
[19:39:02.438]      version = deviceID >> 28;
[19:39:02.438]        // -> [version <= 0x00000002]
[19:39:02.439]      partNum = (deviceID & 0x0FFFF000) >> 12;
[19:39:02.439]        // -> [partNum <= 0x0000BB88]
[19:39:02.439]      manuf = (deviceID & 0x00000FFE) >> 1;
[19:39:02.439]        // -> [manuf <= 0x00000017]
[19:39:02.439]      isMSPM0G1X0X_G3X0X = (partNum == 0xBB88) && (manuf == 0x17);
[19:39:02.439]        // -> [isMSPM0G1X0X_G3X0X <= 0x00000001]
[19:39:02.439]      isProduction = (version > 0);
[19:39:02.439]        // -> [isProduction <= 0x00000001]
[19:39:02.439]    </block>
[19:39:02.439]    <control if="!isMSPM0G1X0X_G3X0X" while="" timeout="0" info="">
[19:39:02.439]      // if-block "!isMSPM0G1X0X_G3X0X"
[19:39:02.439]        // =>  FALSE
[19:39:02.439]      // skip if-block "!isMSPM0G1X0X_G3X0X"
[19:39:02.439]    </control>
[19:39:02.439]    <control if="continueId == 4" while="" timeout="0" info="">
[19:39:02.439]      // if-block "continueId == 4"
[19:39:02.439]        // =>  FALSE
[19:39:02.439]      // skip if-block "continueId == 4"
[19:39:02.439]    </control>
[19:39:02.439]    <control if="!isProduction" while="" timeout="0" info="">
[19:39:02.439]      // if-block "!isProduction"
[19:39:02.439]        // =>  FALSE
[19:39:02.439]      // skip if-block "!isProduction"
[19:39:02.439]    </control>
[19:39:02.439]  </sequence>
[19:39:02.439]  
[19:49:22.956]  **********  Sequence "DebugPortSetup"  (Context="Connect", Pname="", info="")
[19:49:22.956]  
[19:49:22.956]  <debugvars>
[19:49:22.956]    // Pre-defined
[19:49:22.956]    __protocol=0x00010002      (Protocol="SWD", SWJ-DP="True")
[19:49:22.956]    __connection=0x00000202    (Connection Type="Flash", Reset Type="System Reset")
[19:49:22.956]    __dp=0x00000000
[19:49:22.956]    __ap=0x00000000
[19:49:22.956]    __traceout=0x00000000      (Trace Disabled)
[19:49:22.956]    __errorcontrol=0x00000000  (Skip Errors="False")
[19:49:22.956]    __FlashAddr=0x00000000
[19:49:22.956]    __FlashLen=0x00000000
[19:49:22.956]    __FlashArg=0x00000000
[19:49:22.956]    __FlashOp=0x00000000
[19:49:22.956]    __Result=0x00000000
[19:49:22.956]  </debugvars>
[19:49:22.956]  
[19:49:22.956]  <sequence name="DebugPortSetup" Pname="" disable="false" info="">
[19:49:22.956]    <block atomic="false" info="">
[19:49:22.956]      __var isSWJ      = ((__protocol & 0x00010000) != 0);
[19:49:22.956]        // -> [isSWJ <= 0x00000001]
[19:49:22.956]      __var hasDormant = __protocol & 0x00020000;
[19:49:22.956]        // -> [hasDormant <= 0x00000000]
[19:49:22.956]      __var protType   = __protocol & 0x0000FFFF;
[19:49:22.956]        // -> [protType <= 0x00000002]
[19:49:22.956]    </block>
[19:49:22.956]    <control if="protType == 1" while="" timeout="0" info="">
[19:49:22.956]      // if-block "protType == 1"
[19:49:22.956]        // =>  FALSE
[19:49:22.956]      // skip if-block "protType == 1"
[19:49:22.956]    </control>
[19:49:22.956]    <control if="protType == 2" while="" timeout="0" info="">
[19:49:22.956]      // if-block "protType == 2"
[19:49:22.956]        // =>  TRUE
[19:49:22.956]      <control if="isSWJ" while="" timeout="0" info="">
[19:49:22.956]        // if-block "isSWJ"
[19:49:22.956]          // =>  TRUE
[19:49:22.956]        <control if="hasDormant" while="" timeout="0" info="">
[19:49:22.956]          // if-block "hasDormant"
[19:49:22.956]            // =>  FALSE
[19:49:22.956]          // skip if-block "hasDormant"
[19:49:22.956]        </control>
[19:49:22.956]        <control if="!hasDormant" while="" timeout="0" info="">
[19:49:22.956]          // if-block "!hasDormant"
[19:49:22.956]            // =>  TRUE
[19:49:22.961]          <block atomic="false" info="">
[19:49:22.961]            DAP_SWJ_Sequence(51, 0x0007FFFFFFFFFFFF); //lets put the JTAG line in a reset state
[19:49:22.961]              // -> [DAP_SWJ_Sequence(51, 0x0007FFFFFFFFFFFF)]
[19:49:22.961]            DAP_SWJ_Sequence(16,0xE73C); //SWD to JTAG, this is to ensure the state machine is initialized
[19:49:22.961]              // -> [DAP_SWJ_Sequence(16, 0x000000000000E73C)]
[19:49:22.961]            DAP_SWJ_Sequence(51, 0x0007FFFFFFFFFFFF); //Put it back in reset
[19:49:22.967]              // -> [DAP_SWJ_Sequence(51, 0x0007FFFFFFFFFFFF)]
[19:49:22.967]            DAP_SWJ_Sequence(16, 0xE79E); //JTAG to SWD switch
[19:49:22.967]              // -> [DAP_SWJ_Sequence(16, 0x000000000000E79E)]
[19:49:22.967]            DAP_SWJ_Sequence(51, 0x0007FFFFFFFFFFFF);  //Ensure the switch is successful 
[19:49:22.971]              // -> [DAP_SWJ_Sequence(51, 0x0007FFFFFFFFFFFF)]
[19:49:22.971]            DAP_SWJ_Sequence(7,  0x00); //Give the line some time to initialize
[19:49:22.972]              // -> [DAP_SWJ_Sequence(7, 0x0000000000000000)]
[19:49:22.972]          </block>
[19:49:22.972]          // end if-block "!hasDormant"
[19:49:22.972]        </control>
[19:49:22.972]        // end if-block "isSWJ"
[19:49:22.972]      </control>
[19:49:22.972]      <control if="!isSWJ" while="" timeout="0" info="">
[19:49:22.972]        // if-block "!isSWJ"
[19:49:22.972]          // =>  FALSE
[19:49:22.972]        // skip if-block "!isSWJ"
[19:49:22.972]      </control>
[19:49:22.972]      <block atomic="false" info="">
[19:49:22.972]        ReadDP(0x0);
[19:49:22.972]          // -> [ReadDP(0x00000000) => 0x6BA02477]   (__dp=0x00000000)
[19:49:22.972]      </block>
[19:49:22.972]      // end if-block "protType == 2"
[19:49:22.976]    </control>
[19:49:22.976]  </sequence>
[19:49:22.976]  
[19:49:22.976]  **********  Sequence "DebugPortStart"  (Context="Connect", Pname="", info="")
[19:49:22.976]  
[19:49:22.976]  <debugvars>
[19:49:22.976]    // Pre-defined
[19:49:22.976]    __protocol=0x00010002      (Protocol="SWD", SWJ-DP="True")
[19:49:22.976]    __connection=0x00000202    (Connection Type="Flash", Reset Type="System Reset")
[19:49:22.976]    __dp=0x00000000
[19:49:22.976]    __ap=0x00000000
[19:49:22.976]    __traceout=0x00000000      (Trace Disabled)
[19:49:22.976]    __errorcontrol=0x00000000  (Skip Errors="False")
[19:49:22.976]    __FlashAddr=0x00000000
[19:49:22.981]    __FlashLen=0x00000000
[19:49:22.981]    __FlashArg=0x00000000
[19:49:22.981]    __FlashOp=0x00000000
[19:49:22.981]    __Result=0x00000000
[19:49:22.981]  </debugvars>
[19:49:22.981]  
[19:49:22.981]  <sequence name="DebugPortStart" Pname="" disable="false" info="">
[19:49:22.981]    <block atomic="false" info="">
[19:49:22.981]      __var SW_DP_ABORT       = 0x0;
[19:49:22.981]        // -> [SW_DP_ABORT <= 0x00000000]
[19:49:22.981]      __var DP_CTRL_STAT      = 0x4;
[19:49:22.982]        // -> [DP_CTRL_STAT <= 0x00000004]
[19:49:22.982]      __var DP_SELECT         = 0x8;
[19:49:22.982]        // -> [DP_SELECT <= 0x00000008]
[19:49:22.982]      __var powered_down      = 0;
[19:49:22.982]        // -> [powered_down <= 0x00000000]
[19:49:22.982]      WriteDP(DP_SELECT, 0x00000000);
[19:49:22.982]        // -> [WriteDP(0x00000008, 0x00000000)]   (__dp=0x00000000)
[19:49:22.982]      powered_down = ((ReadDP(DP_CTRL_STAT) & 0xA0000000) != 0xA0000000);
[19:49:22.986]        // -> [ReadDP(0x00000004) => 0x00000040]   (__dp=0x00000000)
[19:49:22.986]        // -> [powered_down <= 0x00000001]
[19:49:22.986]    </block>
[19:49:22.986]    <control if="powered_down" while="" timeout="0" info="">
[19:49:22.986]      // if-block "powered_down"
[19:49:22.986]        // =>  TRUE
[19:49:22.986]      <block atomic="false" info="">
[19:49:22.986]        Message(0, "Debug/System power-up request sent");
[19:49:22.986]        WriteDP(DP_CTRL_STAT, 0x50000000);
[19:49:22.990]          // -> [WriteDP(0x00000004, 0x50000000)]   (__dp=0x00000000)
[19:49:22.990]      </block>
[19:49:22.990]      <control if="" while="(ReadDP(DP_CTRL_STAT) & 0xA0000000) != 0xA0000000" timeout="1000000" info="">
[19:49:22.990]        // while "(ReadDP(DP_CTRL_STAT) & 0xA0000000) != 0xA0000000"  (timeout="1000000")
[19:49:22.991]          // -> [ReadDP(0x00000004) => 0xF0000040]   (__dp=0x00000000)
[19:49:22.991]        // while-condition  =>  FALSE
[19:49:22.991]        // end while "(ReadDP(DP_CTRL_STAT) & 0xA0000000) != 0xA0000000"
[19:49:22.991]      </control>
[19:49:22.991]      <control if="(__protocol & 0xFFFF) == 1" while="" timeout="0" info="">
[19:49:22.991]        // if-block "(__protocol & 0xFFFF) == 1"
[19:49:22.991]          // =>  FALSE
[19:49:22.991]        // skip if-block "(__protocol & 0xFFFF) == 1"
[19:49:22.991]      </control>
[19:49:22.991]      <control if="(__protocol & 0xFFFF) == 2" while="" timeout="0" info="">
[19:49:22.991]        // if-block "(__protocol & 0xFFFF) == 2"
[19:49:22.991]          // =>  TRUE
[19:49:22.991]        <block atomic="false" info="">
[19:49:22.991]          Message(0, "executing SWD power up");
[19:49:22.991]          WriteDP(DP_CTRL_STAT, 0x50000F00);
[19:49:22.997]            // -> [WriteDP(0x00000004, 0x50000F00)]   (__dp=0x00000000)
[19:49:22.997]          WriteDP(SW_DP_ABORT, 0x0000001E);
[19:49:22.997]            // -> [WriteDP(0x00000000, 0x0000001E)]   (__dp=0x00000000)
[19:49:22.997]        </block>
[19:49:22.997]        // end if-block "(__protocol & 0xFFFF) == 2"
[19:49:22.997]      </control>
[19:49:22.997]      // end if-block "powered_down"
[19:49:22.997]    </control>
[19:49:22.997]    <block atomic="false" info="">
[19:49:22.997]      __var DEBUG_PORT_VAL    = 0;
[19:49:22.997]        // -> [DEBUG_PORT_VAL <= 0x00000000]
[19:49:22.997]      __var ACCESS_POINT_VAL  = 0;
[19:49:22.997]        // -> [ACCESS_POINT_VAL <= 0x00000000]
[19:49:22.997]      __ap = 1; 
[19:49:22.997]        // -> [__ap <= 0x00000001]
[19:49:22.997]      WriteAP(0x0C, 0x04); //lets use the mini pwr-ap as backup
[19:49:23.002]        // -> [WriteAP(0x0000000C, 0x00000004)]   (__dp=0x00000000, __ap=0x00000001)
[19:49:23.002]      __ap = 4;
[19:49:23.002]        // -> [__ap <= 0x00000004]
[19:49:23.002]      ACCESS_POINT_VAL = ReadAP(0x00);//Reading current state of access point
[19:49:23.009]        // -> [ReadAP(0x00000000) => 0x00080027]   (__dp=0x00000000, __ap=0x00000004)
[19:49:23.009]        // -> [ACCESS_POINT_VAL <= 0x00080027]
[19:49:23.009]      Message(0, "Current state of access point is: %x",ACCESS_POINT_VAL);
[19:49:23.009]    </block>
[19:49:23.009]    <block atomic="false" info="">
[19:49:23.009]      __var nReset = 0x80;
[19:49:23.009]        // -> [nReset <= 0x00000080]
[19:49:23.009]      __var canReadPins = 0;
[19:49:23.009]        // -> [canReadPins <= 0x00000000]
[19:49:23.009]      canReadPins = (DAP_SWJ_Pins(0x00, nReset, 0) != 0xFFFFFFFF);
[19:49:23.012]        // -> [DAP_SWJ_Pins(0x00, 0x80, 0) => 0x0F]   (Out: nRESET=0  =>  In: SWCLK/TCK=1, SWDIO/TMS=1, TDI=1, TDO=1, nTRST=0, nRESET=0)
[19:49:23.012]        // -> [canReadPins <= 0x00000001]
[19:49:23.012]    </block>
[19:49:23.012]    <control if="" while="1" timeout="200" info="">
[19:49:23.012]      // while "1"  (timeout="200")
[19:49:23.012]      // while-condition  =>  TRUE
[19:49:23.012]      // while "1"  (timeout="200")
[19:49:23.012]      // while-condition  =>  TRUE
[19:49:23.012]      // while "1"  (timeout="200")
[19:49:23.012]      // while-condition  =>  TRUE
[19:49:23.012]      // while "1"  (timeout="200")
[19:49:23.012]      // while-condition  =>  TRUE
[19:49:23.012]      // while "1"  (timeout="200")
[19:49:23.012]      // while-condition  =>  TRUE
[19:49:23.012]      // while "1"  (timeout="200")
[19:49:23.012]      // while-condition  =>  TRUE
[19:49:23.012]      // while "1"  (timeout="200")
[19:49:23.012]      // while-condition  =>  TRUE
[19:49:23.012]      // while "1"  (timeout="200")
[19:49:23.012]      // while-condition  =>  TRUE
[19:49:23.012]      // while "1"  (timeout="200")
[19:49:23.012]      // while-condition  =>  TRUE
[19:49:23.012]      // while "1"  (timeout="200")
[19:49:23.012]      // while-condition  =>  TRUE
[19:49:23.013]      // while "1"  (timeout="200")
[19:49:23.013]      // while-condition  =>  TRUE
[19:49:23.013]      // while "1"  (timeout="200")
[19:49:23.013]      // while-condition  =>  TRUE
[19:49:23.013]      // while "1"  (timeout="200")
[19:49:23.013]      // while-condition  =>  TRUE
[19:49:23.013]      // while "1"  (timeout="200")
[19:49:23.013]      // while-condition  =>  TRUE
[19:49:23.013]      // while "1"  (timeout="200")
[19:49:23.013]      // while-condition  =>  TRUE
[19:49:23.013]      // while "1"  (timeout="200")
[19:49:23.013]      // while-condition  =>  TRUE
[19:49:23.013]      // while "1"  (timeout="200")
[19:49:23.013]      // while-condition  =>  TRUE
[19:49:23.013]      // while "1"  (timeout="200")
[19:49:23.013]      // while-condition  =>  TRUE
[19:49:23.013]      // while "1"  (timeout="200")
[19:49:23.013]      // while-condition  =>  TRUE
[19:49:23.013]      // while "1"  (timeout="200")
[19:49:23.013]      // while-condition  =>  TRUE
[19:49:23.013]      // while "1"  (timeout="200")
[19:49:23.013]      // while-condition  =>  TRUE
[19:49:23.015]      // while "1"  (timeout="200")
[19:49:23.015]      // while-condition  =>  TRUE
[19:49:23.015]      // while "1"  (timeout="200")
[19:49:23.015]      // while-condition  =>  TRUE
[19:49:23.015]      // while "1"  (timeout="200")
[19:49:23.015]      // while-condition  =>  TRUE
[19:49:23.015]      // while "1"  (timeout="200")
[19:49:23.015]      // while-condition  =>  TRUE
[19:49:23.015]      // while "1"  (timeout="200")
[19:49:23.015]      // while-condition  =>  TRUE
[19:49:23.015]      // while "1"  (timeout="200")
[19:49:23.015]      // while-condition  =>  TRUE
[19:49:23.016]      // while "1"  (timeout="200")
[19:49:23.016]      // while-condition  =>  TRUE
[19:49:23.016]      // while "1"  (timeout="200")
[19:49:23.016]      // while-condition  =>  TRUE
[19:49:23.016]      // while "1"  (timeout="200")
[19:49:23.016]      // while-condition  =>  TRUE
[19:49:23.016]      // while "1"  (timeout="200")
[19:49:23.016]      // while-condition  =>  TRUE
[19:49:23.016]      // while "1"  (timeout="200")
[19:49:23.016]      // while-condition  =>  TRUE
[19:49:23.016]      // while "1"  (timeout="200")
[19:49:23.016]      // while-condition  =>  TRUE
[19:49:23.016]      // while "1"  (timeout="200")
[19:49:23.016]      // while-condition  =>  TRUE
[19:49:23.016]      // while "1"  (timeout="200")
[19:49:23.016]      // while-condition  =>  TRUE
[19:49:23.016]      // while "1"  (timeout="200")
[19:49:23.016]      // while-condition  =>  TRUE
[19:49:23.016]      // while "1"  (timeout="200")
[19:49:23.016]      // while-condition  =>  TRUE
[19:49:23.016]      // while "1"  (timeout="200")
[19:49:23.016]      // while-condition  =>  TRUE
[19:49:23.016]      // while "1"  (timeout="200")
[19:49:23.016]      // while-condition  =>  TRUE
[19:49:23.016]      // while "1"  (timeout="200")
[19:49:23.016]      // while-condition  =>  TRUE
[19:49:23.016]      // while "1"  (timeout="200")
[19:49:23.016]      // while-condition  =>  TRUE
[19:49:23.018]      // while "1"  (timeout="200")
[19:49:23.018]      // while-condition  =>  TRUE
[19:49:23.018]      // while "1"  (timeout="200")
[19:49:23.018]      // while-condition  =>  TRUE
[19:49:23.018]      // while "1"  (timeout="200")
[19:49:23.018]      // while-condition  =>  TRUE
[19:49:23.018]      // while "1"  (timeout="200")
[19:49:23.018]      // while-condition  =>  TRUE
[19:49:23.018]      // while "1"  (timeout="200")
[19:49:23.018]      // while-condition  =>  TRUE
[19:49:23.018]      // while "1"  (timeout="200")
[19:49:23.018]      // while-condition  =>  TRUE
[19:49:23.018]      // while "1"  (timeout="200")
[19:49:23.018]      // while-condition  =>  TRUE
[19:49:23.018]      // while "1"  (timeout="200")
[19:49:23.018]      // while-condition  =>  TRUE
[19:49:23.018]      // while "1"  (timeout="200")
[19:49:23.018]      // while-condition  =>  TRUE
[19:49:23.018]      // while "1"  (timeout="200")
[19:49:23.018]      // while-condition  =>  TRUE
[19:49:23.018]      // while "1"  (timeout="200")
[19:49:23.018]      // while-condition  =>  TRUE
[19:49:23.018]      // while "1"  (timeout="200")
[19:49:23.018]      // while-condition  =>  TRUE
[19:49:23.018]      // while "1"  (timeout="200")
[19:49:23.018]      // while-condition  =>  TRUE
[19:49:23.018]      // while "1"  (timeout="200")
[19:49:23.018]      // while-condition  =>  TRUE
[19:49:23.018]      // while "1"  (timeout="200")
[19:49:23.018]      // while-condition  =>  TRUE
[19:49:23.018]      // while "1"  (timeout="200")
[19:49:23.018]      // while-condition  =>  TRUE
[19:49:23.018]      // while "1"  (timeout="200")
[19:49:23.018]      // while-condition  =>  TRUE
[19:49:23.020]      // while "1"  (timeout="200")
[19:49:23.020]      // while-condition  =>  TRUE
[19:49:23.020]      // while "1"  (timeout="200")
[19:49:23.020]      // while-condition  =>  TRUE
[19:49:23.020]      // while "1"  (timeout="200")
[19:49:23.020]      // while-condition  =>  TRUE
[19:49:23.020]      // while "1"  (timeout="200")
[19:49:23.020]      // while-condition  =>  TRUE
[19:49:23.020]      // while "1"  (timeout="200")
[19:49:23.020]      // while-condition  =>  TRUE
[19:49:23.020]      // while "1"  (timeout="200")
[19:49:23.020]      // while-condition  =>  TRUE
[19:49:23.020]      // while "1"  (timeout="200")
[19:49:23.020]      // while-condition  =>  TRUE
[19:49:23.020]      // while "1"  (timeout="200")
[19:49:23.020]      // while-condition  =>  TRUE
[19:49:23.020]      // while "1"  (timeout="200")
[19:49:23.021]      // while-condition  =>  TRUE
[19:49:23.022]      // while "1"  (timeout="200")
[19:49:23.022]      // while-condition  =>  TRUE
[19:49:23.022]      // while "1"  (timeout="200")
[19:49:23.022]      // while-condition  =>  TRUE
[19:49:23.022]      // while "1"  (timeout="200")
[19:49:23.022]      // while-condition  =>  TRUE
[19:49:23.022]      // while "1"  (timeout="200")
[19:49:23.022]      // while-condition  =>  TRUE
[19:49:23.022]      // while "1"  (timeout="200")
[19:49:23.022]      // while-condition  =>  TRUE
[19:49:23.022]      // while "1"  (timeout="200")
[19:49:23.022]      // while-condition  =>  TRUE
[19:49:23.022]      // while "1"  (timeout="200")
[19:49:23.022]      // while-condition  =>  TRUE
[19:49:23.022]      // while "1"  (timeout="200")
[19:49:23.022]      // while-condition  =>  TRUE
[19:49:23.022]      // while "1"  (timeout="200")
[19:49:23.022]      // while-condition  =>  TRUE
[19:49:23.022]      // while "1"  (timeout="200")
[19:49:23.022]      // while-condition  =>  TRUE
[19:49:23.024]      // while "1"  (timeout="200")
[19:49:23.024]      // while-condition  =>  TRUE
[19:49:23.024]      // while "1"  (timeout="200")
[19:49:23.024]      // while-condition  =>  TRUE
[19:49:23.024]      // while "1"  (timeout="200")
[19:49:23.024]      // while-condition  =>  TRUE
[19:49:23.024]      // while "1"  (timeout="200")
[19:49:23.024]      // while-condition  =>  TRUE
[19:49:23.024]      // while "1"  (timeout="200")
[19:49:23.024]      // while-condition  =>  TRUE
[19:49:23.024]      // while "1"  (timeout="200")
[19:49:23.024]      // while-condition  =>  TRUE
[19:49:23.024]      // while "1"  (timeout="200")
[19:49:23.024]      // while-condition  =>  TRUE
[19:49:23.024]      // while "1"  (timeout="200")
[19:49:23.024]      // while-condition  =>  TRUE
[19:49:23.024]      // while "1"  (timeout="200")
[19:49:23.024]      // while-condition  =>  TRUE
[19:49:23.024]      // while "1"  (timeout="200")
[19:49:23.024]      // while-condition  =>  TRUE
[19:49:23.024]      // while "1"  (timeout="200")
[19:49:23.024]      // while-condition  =>  TRUE
[19:49:23.024]      // while "1"  (timeout="200")
[19:49:23.024]      // while-condition  =>  TRUE
[19:49:23.024]      // while "1"  (timeout="200")
[19:49:23.024]      // while-condition  =>  TRUE
[19:49:23.024]      // while "1"  (timeout="200")
[19:49:23.024]      // while-condition  =>  TRUE
[19:49:23.024]      // while "1"  (timeout="200")
[19:49:23.024]      // while-condition  =>  TRUE
[19:49:23.024]      // while "1"  (timeout="200")
[19:49:23.024]      // while-condition  =>  TRUE
[19:49:23.024]      // while "1"  (timeout="200")
[19:49:23.026]      // while-condition  =>  TRUE
[19:49:23.026]      // while "1"  (timeout="200")
[19:49:23.026]      // while  =>  TIMEOUT
[19:49:23.026]      // end while "1"
[19:49:23.026]    </control>
[19:49:23.026]    <control if="canReadPins" while="" timeout="0" info="">
[19:49:23.026]      // if-block "canReadPins"
[19:49:23.026]        // =>  TRUE
[19:49:23.026]      <control if="" while="(DAP_SWJ_Pins(nReset, nReset, 0) & nReset) == 0" timeout="1000000" info="">
[19:49:23.026]        // while "(DAP_SWJ_Pins(nReset, nReset, 0) & nReset) == 0"  (timeout="1000000")
[19:49:23.027]          // -> [DAP_SWJ_Pins(0x80, 0x80, 0) => 0x8F]   (Out: nRESET=1  =>  In: SWCLK/TCK=1, SWDIO/TMS=1, TDI=1, TDO=1, nTRST=0, nRESET=1)
[19:49:23.027]        // while-condition  =>  FALSE
[19:49:23.027]        // end while "(DAP_SWJ_Pins(nReset, nReset, 0) & nReset) == 0"
[19:49:23.027]      </control>
[19:49:23.027]      // end if-block "canReadPins"
[19:49:23.027]    </control>
[19:49:23.027]    <control if="!canReadPins" while="" timeout="0" info="">
[19:49:23.027]      // if-block "!canReadPins"
[19:49:23.027]        // =>  FALSE
[19:49:23.027]      // skip if-block "!canReadPins"
[19:49:23.027]    </control>
[19:49:23.029]    <control if="(ACCESS_POINT_VAL & 0x00E00000) == 0" while="" timeout="0" info="">
[19:49:23.029]      // if-block "(ACCESS_POINT_VAL & 0x00E00000) == 0"
[19:49:23.029]        // =>  TRUE
[19:49:23.029]      <block atomic="false" info="">
[19:49:23.029]        WriteAP(0x00, 0x190008);
[19:49:23.031]          // -> [WriteAP(0x00000000, 0x00190008)]   (__dp=0x00000000, __ap=0x00000004)
[19:49:23.031]        WriteAP(0xF0, 0x01);
[19:49:23.035]          // -> [WriteAP(0x000000F0, 0x00000001)]   (__dp=0x00000000, __ap=0x00000004)
[19:49:23.035]      </block>
[19:49:23.035]      // end if-block "(ACCESS_POINT_VAL & 0x00E00000) == 0"
[19:49:23.035]    </control>
[19:49:23.035]    <control if="(ACCESS_POINT_VAL & 0x00E00000) != 0" while="" timeout="0" info="">
[19:49:23.035]      // if-block "(ACCESS_POINT_VAL & 0x00E00000) != 0"
[19:49:23.035]        // =>  FALSE
[19:49:23.036]      // skip if-block "(ACCESS_POINT_VAL & 0x00E00000) != 0"
[19:49:23.036]    </control>
[19:49:23.036]    <block atomic="false" info="">
[19:49:23.036]      ACCESS_POINT_VAL = ReadAP(0x00);//Reading current state of access point
[19:49:23.044]        // -> [ReadAP(0x00000000) => 0x0079002F]   (__dp=0x00000000, __ap=0x00000004)
[19:49:23.044]        // -> [ACCESS_POINT_VAL <= 0x0079002F]
[19:49:23.044]      Message(0, "Current state of access point is: %x",ACCESS_POINT_VAL);
[19:49:23.046]      __ap = 0; //lets make sure we reset the access point selection
[19:49:23.046]        // -> [__ap <= 0x00000000]
[19:49:23.046]    </block>
[19:49:23.046]  </sequence>
[19:49:23.046]  
[19:49:23.075]  **********  Sequence "DebugDeviceUnlock"  (Context="Connect", Pname="", info="")
[19:49:23.075]  
[19:49:23.075]  <debugvars>
[19:49:23.075]    // Pre-defined
[19:49:23.075]    __protocol=0x00010002      (Protocol="SWD", SWJ-DP="True")
[19:49:23.075]    __connection=0x00000202    (Connection Type="Flash", Reset Type="System Reset")
[19:49:23.075]    __dp=0x00000000
[19:49:23.075]    __ap=0x00000000
[19:49:23.075]    __traceout=0x00000000      (Trace Disabled)
[19:49:23.075]    __errorcontrol=0x00000000  (Skip Errors="False")
[19:49:23.075]    __FlashAddr=0x00000000
[19:49:23.075]    __FlashLen=0x00000000
[19:49:23.075]    __FlashArg=0x00000000
[19:49:23.075]    __FlashOp=0x00000000
[19:49:23.075]    __Result=0x00000000
[19:49:23.075]  </debugvars>
[19:49:23.075]  
[19:49:23.075]  <sequence name="DebugDeviceUnlock" Pname="" disable="false" info="">
[19:49:23.075]    <block atomic="false" info="">
[19:49:23.075]      __var deviceID = 0;
[19:49:23.075]        // -> [deviceID <= 0x00000000]
[19:49:23.075]      __var version = 0;
[19:49:23.075]        // -> [version <= 0x00000000]
[19:49:23.077]      __var partNum = 0;
[19:49:23.077]        // -> [partNum <= 0x00000000]
[19:49:23.077]      __var manuf = 0;
[19:49:23.077]        // -> [manuf <= 0x00000000]
[19:49:23.077]      __var isMSPM0G1X0X_G3X0X = 0;
[19:49:23.077]        // -> [isMSPM0G1X0X_G3X0X <= 0x00000000]
[19:49:23.077]      __var isProduction = 0;
[19:49:23.077]        // -> [isProduction <= 0x00000000]
[19:49:23.077]      __var continueId = 0;
[19:49:23.077]        // -> [continueId <= 0x00000000]
[19:49:23.077]      deviceID =   Read32(0x41C40004);
[19:49:23.086]        // -> [Read32(0x41C40004) => 0x2BB8802F]   (__dp=0x00000000, __ap=0x00000000)
[19:49:23.086]        // -> [deviceID <= 0x2BB8802F]
[19:49:23.086]      version = deviceID >> 28;
[19:49:23.086]        // -> [version <= 0x00000002]
[19:49:23.086]      partNum = (deviceID & 0x0FFFF000) >> 12;
[19:49:23.086]        // -> [partNum <= 0x0000BB88]
[19:49:23.086]      manuf = (deviceID & 0x00000FFE) >> 1;
[19:49:23.086]        // -> [manuf <= 0x00000017]
[19:49:23.086]      isMSPM0G1X0X_G3X0X = (partNum == 0xBB88) && (manuf == 0x17);
[19:49:23.086]        // -> [isMSPM0G1X0X_G3X0X <= 0x00000001]
[19:49:23.086]      isProduction = (version > 0);
[19:49:23.086]        // -> [isProduction <= 0x00000001]
[19:49:23.086]    </block>
[19:49:23.086]    <control if="!isMSPM0G1X0X_G3X0X" while="" timeout="0" info="">
[19:49:23.086]      // if-block "!isMSPM0G1X0X_G3X0X"
[19:49:23.086]        // =>  FALSE
[19:49:23.086]      // skip if-block "!isMSPM0G1X0X_G3X0X"
[19:49:23.086]    </control>
[19:49:23.086]    <control if="continueId == 4" while="" timeout="0" info="">
[19:49:23.086]      // if-block "continueId == 4"
[19:49:23.086]        // =>  FALSE
[19:49:23.086]      // skip if-block "continueId == 4"
[19:49:23.088]    </control>
[19:49:23.088]    <control if="!isProduction" while="" timeout="0" info="">
[19:49:23.088]      // if-block "!isProduction"
[19:49:23.088]        // =>  FALSE
[19:49:23.088]      // skip if-block "!isProduction"
[19:49:23.088]    </control>
[19:49:23.088]  </sequence>
[19:49:23.088]  
[19:50:17.133]  **********  Sequence "DebugPortSetup"  (Context="Connect", Pname="", info="")
[19:50:17.133]  
[19:50:17.133]  <debugvars>
[19:50:17.133]    // Pre-defined
[19:50:17.133]    __protocol=0x00010002      (Protocol="SWD", SWJ-DP="True")
[19:50:17.133]    __connection=0x00000202    (Connection Type="Flash", Reset Type="System Reset")
[19:50:17.133]    __dp=0x00000000
[19:50:17.133]    __ap=0x00000000
[19:50:17.133]    __traceout=0x00000000      (Trace Disabled)
[19:50:17.133]    __errorcontrol=0x00000000  (Skip Errors="False")
[19:50:17.133]    __FlashAddr=0x00000000
[19:50:17.133]    __FlashLen=0x00000000
[19:50:17.133]    __FlashArg=0x00000000
[19:50:17.133]    __FlashOp=0x00000000
[19:50:17.136]    __Result=0x00000000
[19:50:17.136]  </debugvars>
[19:50:17.136]  
[19:50:17.136]  <sequence name="DebugPortSetup" Pname="" disable="false" info="">
[19:50:17.136]    <block atomic="false" info="">
[19:50:17.136]      __var isSWJ      = ((__protocol & 0x00010000) != 0);
[19:50:17.136]        // -> [isSWJ <= 0x00000001]
[19:50:17.136]      __var hasDormant = __protocol & 0x00020000;
[19:50:17.136]        // -> [hasDormant <= 0x00000000]
[19:50:17.136]      __var protType   = __protocol & 0x0000FFFF;
[19:50:17.136]        // -> [protType <= 0x00000002]
[19:50:17.136]    </block>
[19:50:17.136]    <control if="protType == 1" while="" timeout="0" info="">
[19:50:17.136]      // if-block "protType == 1"
[19:50:17.136]        // =>  FALSE
[19:50:17.136]      // skip if-block "protType == 1"
[19:50:17.136]    </control>
[19:50:17.136]    <control if="protType == 2" while="" timeout="0" info="">
[19:50:17.136]      // if-block "protType == 2"
[19:50:17.136]        // =>  TRUE
[19:50:17.136]      <control if="isSWJ" while="" timeout="0" info="">
[19:50:17.136]        // if-block "isSWJ"
[19:50:17.136]          // =>  TRUE
[19:50:17.136]        <control if="hasDormant" while="" timeout="0" info="">
[19:50:17.136]          // if-block "hasDormant"
[19:50:17.136]            // =>  FALSE
[19:50:17.136]          // skip if-block "hasDormant"
[19:50:17.136]        </control>
[19:50:17.136]        <control if="!hasDormant" while="" timeout="0" info="">
[19:50:17.136]          // if-block "!hasDormant"
[19:50:17.136]            // =>  TRUE
[19:50:17.136]          <block atomic="false" info="">
[19:50:17.136]            DAP_SWJ_Sequence(51, 0x0007FFFFFFFFFFFF); //lets put the JTAG line in a reset state
[19:50:17.136]              // -> [DAP_SWJ_Sequence(51, 0x0007FFFFFFFFFFFF)]
[19:50:17.136]            DAP_SWJ_Sequence(16,0xE73C); //SWD to JTAG, this is to ensure the state machine is initialized
[19:50:17.141]              // -> [DAP_SWJ_Sequence(16, 0x000000000000E73C)]
[19:50:17.142]            DAP_SWJ_Sequence(51, 0x0007FFFFFFFFFFFF); //Put it back in reset
[19:50:17.142]              // -> [DAP_SWJ_Sequence(51, 0x0007FFFFFFFFFFFF)]
[19:50:17.142]            DAP_SWJ_Sequence(16, 0xE79E); //JTAG to SWD switch
[19:50:17.142]              // -> [DAP_SWJ_Sequence(16, 0x000000000000E79E)]
[19:50:17.142]            DAP_SWJ_Sequence(51, 0x0007FFFFFFFFFFFF);  //Ensure the switch is successful 
[19:50:17.147]              // -> [DAP_SWJ_Sequence(51, 0x0007FFFFFFFFFFFF)]
[19:50:17.147]            DAP_SWJ_Sequence(7,  0x00); //Give the line some time to initialize
[19:50:17.147]              // -> [DAP_SWJ_Sequence(7, 0x0000000000000000)]
[19:50:17.147]          </block>
[19:50:17.147]          // end if-block "!hasDormant"
[19:50:17.147]        </control>
[19:50:17.147]        // end if-block "isSWJ"
[19:50:17.147]      </control>
[19:50:17.147]      <control if="!isSWJ" while="" timeout="0" info="">
[19:50:17.147]        // if-block "!isSWJ"
[19:50:17.151]          // =>  FALSE
[19:50:17.151]        // skip if-block "!isSWJ"
[19:50:17.151]      </control>
[19:50:17.151]      <block atomic="false" info="">
[19:50:17.151]        ReadDP(0x0);
[19:50:17.152]          // -> [ReadDP(0x00000000) => 0x6BA02477]   (__dp=0x00000000)
[19:50:17.152]      </block>
[19:50:17.152]      // end if-block "protType == 2"
[19:50:17.152]    </control>
[19:50:17.152]  </sequence>
[19:50:17.152]  
[19:50:17.157]  **********  Sequence "DebugPortStart"  (Context="Connect", Pname="", info="")
[19:50:17.157]  
[19:50:17.157]  <debugvars>
[19:50:17.157]    // Pre-defined
[19:50:17.157]    __protocol=0x00010002      (Protocol="SWD", SWJ-DP="True")
[19:50:17.157]    __connection=0x00000202    (Connection Type="Flash", Reset Type="System Reset")
[19:50:17.157]    __dp=0x00000000
[19:50:17.157]    __ap=0x00000000
[19:50:17.157]    __traceout=0x00000000      (Trace Disabled)
[19:50:17.157]    __errorcontrol=0x00000000  (Skip Errors="False")
[19:50:17.157]    __FlashAddr=0x00000000
[19:50:17.157]    __FlashLen=0x00000000
[19:50:17.157]    __FlashArg=0x00000000
[19:50:17.157]    __FlashOp=0x00000000
[19:50:17.157]    __Result=0x00000000
[19:50:17.157]  </debugvars>
[19:50:17.157]  
[19:50:17.157]  <sequence name="DebugPortStart" Pname="" disable="false" info="">
[19:50:17.157]    <block atomic="false" info="">
[19:50:17.157]      __var SW_DP_ABORT       = 0x0;
[19:50:17.157]        // -> [SW_DP_ABORT <= 0x00000000]
[19:50:17.157]      __var DP_CTRL_STAT      = 0x4;
[19:50:17.157]        // -> [DP_CTRL_STAT <= 0x00000004]
[19:50:17.157]      __var DP_SELECT         = 0x8;
[19:50:17.157]        // -> [DP_SELECT <= 0x00000008]
[19:50:17.157]      __var powered_down      = 0;
[19:50:17.157]        // -> [powered_down <= 0x00000000]
[19:50:17.157]      WriteDP(DP_SELECT, 0x00000000);
[19:50:17.162]        // -> [WriteDP(0x00000008, 0x00000000)]   (__dp=0x00000000)
[19:50:17.162]      powered_down = ((ReadDP(DP_CTRL_STAT) & 0xA0000000) != 0xA0000000);
[19:50:17.164]        // -> [ReadDP(0x00000004) => 0x00000040]   (__dp=0x00000000)
[19:50:17.164]        // -> [powered_down <= 0x00000001]
[19:50:17.164]    </block>
[19:50:17.164]    <control if="powered_down" while="" timeout="0" info="">
[19:50:17.164]      // if-block "powered_down"
[19:50:17.164]        // =>  TRUE
[19:50:17.164]      <block atomic="false" info="">
[19:50:17.164]        Message(0, "Debug/System power-up request sent");
[19:50:17.167]        WriteDP(DP_CTRL_STAT, 0x50000000);
[19:50:17.169]          // -> [WriteDP(0x00000004, 0x50000000)]   (__dp=0x00000000)
[19:50:17.169]      </block>
[19:50:17.169]      <control if="" while="(ReadDP(DP_CTRL_STAT) & 0xA0000000) != 0xA0000000" timeout="1000000" info="">
[19:50:17.169]        // while "(ReadDP(DP_CTRL_STAT) & 0xA0000000) != 0xA0000000"  (timeout="1000000")
[19:50:17.170]          // -> [ReadDP(0x00000004) => 0xF0000040]   (__dp=0x00000000)
[19:50:17.170]        // while-condition  =>  FALSE
[19:50:17.170]        // end while "(ReadDP(DP_CTRL_STAT) & 0xA0000000) != 0xA0000000"
[19:50:17.170]      </control>
[19:50:17.170]      <control if="(__protocol & 0xFFFF) == 1" while="" timeout="0" info="">
[19:50:17.170]        // if-block "(__protocol & 0xFFFF) == 1"
[19:50:17.171]          // =>  FALSE
[19:50:17.171]        // skip if-block "(__protocol & 0xFFFF) == 1"
[19:50:17.171]      </control>
[19:50:17.171]      <control if="(__protocol & 0xFFFF) == 2" while="" timeout="0" info="">
[19:50:17.172]        // if-block "(__protocol & 0xFFFF) == 2"
[19:50:17.172]          // =>  TRUE
[19:50:17.172]        <block atomic="false" info="">
[19:50:17.172]          Message(0, "executing SWD power up");
[19:50:17.172]          WriteDP(DP_CTRL_STAT, 0x50000F00);
[19:50:17.177]            // -> [WriteDP(0x00000004, 0x50000F00)]   (__dp=0x00000000)
[19:50:17.177]          WriteDP(SW_DP_ABORT, 0x0000001E);
[19:50:17.179]            // -> [WriteDP(0x00000000, 0x0000001E)]   (__dp=0x00000000)
[19:50:17.179]        </block>
[19:50:17.179]        // end if-block "(__protocol & 0xFFFF) == 2"
[19:50:17.179]      </control>
[19:50:17.179]      // end if-block "powered_down"
[19:50:17.180]    </control>
[19:50:17.180]    <block atomic="false" info="">
[19:50:17.180]      __var DEBUG_PORT_VAL    = 0;
[19:50:17.180]        // -> [DEBUG_PORT_VAL <= 0x00000000]
[19:50:17.180]      __var ACCESS_POINT_VAL  = 0;
[19:50:17.180]        // -> [ACCESS_POINT_VAL <= 0x00000000]
[19:50:17.180]      __ap = 1; 
[19:50:17.180]        // -> [__ap <= 0x00000001]
[19:50:17.180]      WriteAP(0x0C, 0x04); //lets use the mini pwr-ap as backup
[19:50:17.185]        // -> [WriteAP(0x0000000C, 0x00000004)]   (__dp=0x00000000, __ap=0x00000001)
[19:50:17.185]      __ap = 4;
[19:50:17.185]        // -> [__ap <= 0x00000004]
[19:50:17.185]      ACCESS_POINT_VAL = ReadAP(0x00);//Reading current state of access point
[19:50:17.188]        // -> [ReadAP(0x00000000) => 0x00080027]   (__dp=0x00000000, __ap=0x00000004)
[19:50:17.188]        // -> [ACCESS_POINT_VAL <= 0x00080027]
[19:50:17.188]      Message(0, "Current state of access point is: %x",ACCESS_POINT_VAL);
[19:50:17.190]    </block>
[19:50:17.190]    <block atomic="false" info="">
[19:50:17.191]      __var nReset = 0x80;
[19:50:17.192]        // -> [nReset <= 0x00000080]
[19:50:17.192]      __var canReadPins = 0;
[19:50:17.192]        // -> [canReadPins <= 0x00000000]
[19:50:17.192]      canReadPins = (DAP_SWJ_Pins(0x00, nReset, 0) != 0xFFFFFFFF);
[19:50:17.194]        // -> [DAP_SWJ_Pins(0x00, 0x80, 0) => 0x0F]   (Out: nRESET=0  =>  In: SWCLK/TCK=1, SWDIO/TMS=1, TDI=1, TDO=1, nTRST=0, nRESET=0)
[19:50:17.194]        // -> [canReadPins <= 0x00000001]
[19:50:17.194]    </block>
[19:50:17.194]    <control if="" while="1" timeout="200" info="">
[19:50:17.194]      // while "1"  (timeout="200")
[19:50:17.194]      // while-condition  =>  TRUE
[19:50:17.194]      // while "1"  (timeout="200")
[19:50:17.194]      // while-condition  =>  TRUE
[19:50:17.194]      // while "1"  (timeout="200")
[19:50:17.194]      // while-condition  =>  TRUE
[19:50:17.194]      // while "1"  (timeout="200")
[19:50:17.194]      // while-condition  =>  TRUE
[19:50:17.194]      // while "1"  (timeout="200")
[19:50:17.194]      // while-condition  =>  TRUE
[19:50:17.194]      // while "1"  (timeout="200")
[19:50:17.194]      // while-condition  =>  TRUE
[19:50:17.194]      // while "1"  (timeout="200")
[19:50:17.194]      // while-condition  =>  TRUE
[19:50:17.194]      // while "1"  (timeout="200")
[19:50:17.194]      // while-condition  =>  TRUE
[19:50:17.194]      // while "1"  (timeout="200")
[19:50:17.194]      // while-condition  =>  TRUE
[19:50:17.194]      // while "1"  (timeout="200")
[19:50:17.194]      // while-condition  =>  TRUE
[19:50:17.194]      // while "1"  (timeout="200")
[19:50:17.194]      // while-condition  =>  TRUE
[19:50:17.194]      // while "1"  (timeout="200")
[19:50:17.194]      // while-condition  =>  TRUE
[19:50:17.194]      // while "1"  (timeout="200")
[19:50:17.194]      // while-condition  =>  TRUE
[19:50:17.194]      // while "1"  (timeout="200")
[19:50:17.194]      // while-condition  =>  TRUE
[19:50:17.194]      // while "1"  (timeout="200")
[19:50:17.194]      // while-condition  =>  TRUE
[19:50:17.194]      // while "1"  (timeout="200")
[19:50:17.194]      // while-condition  =>  TRUE
[19:50:17.194]      // while "1"  (timeout="200")
[19:50:17.194]      // while-condition  =>  TRUE
[19:50:17.197]      // while "1"  (timeout="200")
[19:50:17.197]      // while-condition  =>  TRUE
[19:50:17.197]      // while "1"  (timeout="200")
[19:50:17.197]      // while-condition  =>  TRUE
[19:50:17.197]      // while "1"  (timeout="200")
[19:50:17.197]      // while-condition  =>  TRUE
[19:50:17.197]      // while "1"  (timeout="200")
[19:50:17.197]      // while-condition  =>  TRUE
[19:50:17.197]      // while "1"  (timeout="200")
[19:50:17.197]      // while-condition  =>  TRUE
[19:50:17.197]      // while "1"  (timeout="200")
[19:50:17.197]      // while-condition  =>  TRUE
[19:50:17.197]      // while "1"  (timeout="200")
[19:50:17.197]      // while-condition  =>  TRUE
[19:50:17.197]      // while "1"  (timeout="200")
[19:50:17.197]      // while-condition  =>  TRUE
[19:50:17.197]      // while "1"  (timeout="200")
[19:50:17.197]      // while-condition  =>  TRUE
[19:50:17.197]      // while "1"  (timeout="200")
[19:50:17.197]      // while-condition  =>  TRUE
[19:50:17.197]      // while "1"  (timeout="200")
[19:50:17.197]      // while-condition  =>  TRUE
[19:50:17.197]      // while "1"  (timeout="200")
[19:50:17.197]      // while-condition  =>  TRUE
[19:50:17.197]      // while "1"  (timeout="200")
[19:50:17.197]      // while-condition  =>  TRUE
[19:50:17.197]      // while "1"  (timeout="200")
[19:50:17.197]      // while-condition  =>  TRUE
[19:50:17.197]      // while "1"  (timeout="200")
[19:50:17.197]      // while-condition  =>  TRUE
[19:50:17.197]      // while "1"  (timeout="200")
[19:50:17.199]      // while-condition  =>  TRUE
[19:50:17.199]      // while "1"  (timeout="200")
[19:50:17.199]      // while  =>  TIMEOUT
[19:50:17.199]      // end while "1"
[19:50:17.199]    </control>
[19:50:17.199]    <control if="canReadPins" while="" timeout="0" info="">
[19:50:17.199]      // if-block "canReadPins"
[19:50:17.199]        // =>  TRUE
[19:50:17.199]      <control if="" while="(DAP_SWJ_Pins(nReset, nReset, 0) & nReset) == 0" timeout="1000000" info="">
[19:50:17.199]        // while "(DAP_SWJ_Pins(nReset, nReset, 0) & nReset) == 0"  (timeout="1000000")
[19:50:17.200]          // -> [DAP_SWJ_Pins(0x80, 0x80, 0) => 0x8F]   (Out: nRESET=1  =>  In: SWCLK/TCK=1, SWDIO/TMS=1, TDI=1, TDO=1, nTRST=0, nRESET=1)
[19:50:17.200]        // while-condition  =>  FALSE
[19:50:17.200]        // end while "(DAP_SWJ_Pins(nReset, nReset, 0) & nReset) == 0"
[19:50:17.200]      </control>
[19:50:17.200]      // end if-block "canReadPins"
[19:50:17.200]    </control>
[19:50:17.201]    <control if="!canReadPins" while="" timeout="0" info="">
[19:50:17.201]      // if-block "!canReadPins"
[19:50:17.202]        // =>  FALSE
[19:50:17.202]      // skip if-block "!canReadPins"
[19:50:17.202]    </control>
[19:50:17.202]    <control if="(ACCESS_POINT_VAL & 0x00E00000) == 0" while="" timeout="0" info="">
[19:50:17.202]      // if-block "(ACCESS_POINT_VAL & 0x00E00000) == 0"
[19:50:17.202]        // =>  TRUE
[19:50:17.202]      <block atomic="false" info="">
[19:50:17.202]        WriteAP(0x00, 0x190008);
[19:50:17.206]          // -> [WriteAP(0x00000000, 0x00190008)]   (__dp=0x00000000, __ap=0x00000004)
[19:50:17.206]        WriteAP(0xF0, 0x01);
[19:50:17.209]          // -> [WriteAP(0x000000F0, 0x00000001)]   (__dp=0x00000000, __ap=0x00000004)
[19:50:17.209]      </block>
[19:50:17.209]      // end if-block "(ACCESS_POINT_VAL & 0x00E00000) == 0"
[19:50:17.209]    </control>
[19:50:17.209]    <control if="(ACCESS_POINT_VAL & 0x00E00000) != 0" while="" timeout="0" info="">
[19:50:17.209]      // if-block "(ACCESS_POINT_VAL & 0x00E00000) != 0"
[19:50:17.209]        // =>  FALSE
[19:50:17.209]      // skip if-block "(ACCESS_POINT_VAL & 0x00E00000) != 0"
[19:50:17.211]    </control>
[19:50:17.211]    <block atomic="false" info="">
[19:50:17.211]      ACCESS_POINT_VAL = ReadAP(0x00);//Reading current state of access point
[19:50:17.216]        // -> [ReadAP(0x00000000) => 0x0079002F]   (__dp=0x00000000, __ap=0x00000004)
[19:50:17.216]        // -> [ACCESS_POINT_VAL <= 0x0079002F]
[19:50:17.216]      Message(0, "Current state of access point is: %x",ACCESS_POINT_VAL);
[19:50:17.216]      __ap = 0; //lets make sure we reset the access point selection
[19:50:17.218]        // -> [__ap <= 0x00000000]
[19:50:17.218]    </block>
[19:50:17.218]  </sequence>
[19:50:17.218]  
[19:50:17.241]  **********  Sequence "DebugDeviceUnlock"  (Context="Connect", Pname="", info="")
[19:50:17.241]  
[19:50:17.241]  <debugvars>
[19:50:17.241]    // Pre-defined
[19:50:17.242]    __protocol=0x00010002      (Protocol="SWD", SWJ-DP="True")
[19:50:17.242]    __connection=0x00000202    (Connection Type="Flash", Reset Type="System Reset")
[19:50:17.242]    __dp=0x00000000
[19:50:17.242]    __ap=0x00000000
[19:50:17.242]    __traceout=0x00000000      (Trace Disabled)
[19:50:17.242]    __errorcontrol=0x00000000  (Skip Errors="False")
[19:50:17.242]    __FlashAddr=0x00000000
[19:50:17.242]    __FlashLen=0x00000000
[19:50:17.242]    __FlashArg=0x00000000
[19:50:17.242]    __FlashOp=0x00000000
[19:50:17.242]    __Result=0x00000000
[19:50:17.242]  </debugvars>
[19:50:17.242]  
[19:50:17.242]  <sequence name="DebugDeviceUnlock" Pname="" disable="false" info="">
[19:50:17.242]    <block atomic="false" info="">
[19:50:17.242]      __var deviceID = 0;
[19:50:17.242]        // -> [deviceID <= 0x00000000]
[19:50:17.242]      __var version = 0;
[19:50:17.242]        // -> [version <= 0x00000000]
[19:50:17.242]      __var partNum = 0;
[19:50:17.242]        // -> [partNum <= 0x00000000]
[19:50:17.242]      __var manuf = 0;
[19:50:17.242]        // -> [manuf <= 0x00000000]
[19:50:17.242]      __var isMSPM0G1X0X_G3X0X = 0;
[19:50:17.242]        // -> [isMSPM0G1X0X_G3X0X <= 0x00000000]
[19:50:17.242]      __var isProduction = 0;
[19:50:17.242]        // -> [isProduction <= 0x00000000]
[19:50:17.242]      __var continueId = 0;
[19:50:17.242]        // -> [continueId <= 0x00000000]
[19:50:17.242]      deviceID =   Read32(0x41C40004);
[19:50:17.250]        // -> [Read32(0x41C40004) => 0x2BB8802F]   (__dp=0x00000000, __ap=0x00000000)
[19:50:17.250]        // -> [deviceID <= 0x2BB8802F]
[19:50:17.250]      version = deviceID >> 28;
[19:50:17.250]        // -> [version <= 0x00000002]
[19:50:17.250]      partNum = (deviceID & 0x0FFFF000) >> 12;
[19:50:17.250]        // -> [partNum <= 0x0000BB88]
[19:50:17.250]      manuf = (deviceID & 0x00000FFE) >> 1;
[19:50:17.250]        // -> [manuf <= 0x00000017]
[19:50:17.250]      isMSPM0G1X0X_G3X0X = (partNum == 0xBB88) && (manuf == 0x17);
[19:50:17.250]        // -> [isMSPM0G1X0X_G3X0X <= 0x00000001]
[19:50:17.250]      isProduction = (version > 0);
[19:50:17.250]        // -> [isProduction <= 0x00000001]
[19:50:17.250]    </block>
[19:50:17.250]    <control if="!isMSPM0G1X0X_G3X0X" while="" timeout="0" info="">
[19:50:17.250]      // if-block "!isMSPM0G1X0X_G3X0X"
[19:50:17.250]        // =>  FALSE
[19:50:17.250]      // skip if-block "!isMSPM0G1X0X_G3X0X"
[19:50:17.250]    </control>
[19:50:17.250]    <control if="continueId == 4" while="" timeout="0" info="">
[19:50:17.250]      // if-block "continueId == 4"
[19:50:17.251]        // =>  FALSE
[19:50:17.251]      // skip if-block "continueId == 4"
[19:50:17.251]    </control>
[19:50:17.251]    <control if="!isProduction" while="" timeout="0" info="">
[19:50:17.251]      // if-block "!isProduction"
[19:50:17.251]        // =>  FALSE
[19:50:17.251]      // skip if-block "!isProduction"
[19:50:17.251]    </control>
[19:50:17.251]  </sequence>
[19:50:17.251]  
[19:55:19.099]  **********  Sequence "DebugPortSetup"  (Context="Connect", Pname="", info="")
[19:55:19.099]  
[19:55:19.099]  <debugvars>
[19:55:19.099]    // Pre-defined
[19:55:19.099]    __protocol=0x00010002      (Protocol="SWD", SWJ-DP="True")
[19:55:19.099]    __connection=0x00000202    (Connection Type="Flash", Reset Type="System Reset")
[19:55:19.099]    __dp=0x00000000
[19:55:19.099]    __ap=0x00000000
[19:55:19.099]    __traceout=0x00000000      (Trace Disabled)
[19:55:19.099]    __errorcontrol=0x00000000  (Skip Errors="False")
[19:55:19.099]    __FlashAddr=0x00000000
[19:55:19.099]    __FlashLen=0x00000000
[19:55:19.099]    __FlashArg=0x00000000
[19:55:19.099]    __FlashOp=0x00000000
[19:55:19.099]    __Result=0x00000000
[19:55:19.099]  </debugvars>
[19:55:19.099]  
[19:55:19.099]  <sequence name="DebugPortSetup" Pname="" disable="false" info="">
[19:55:19.099]    <block atomic="false" info="">
[19:55:19.099]      __var isSWJ      = ((__protocol & 0x00010000) != 0);
[19:55:19.099]        // -> [isSWJ <= 0x00000001]
[19:55:19.099]      __var hasDormant = __protocol & 0x00020000;
[19:55:19.099]        // -> [hasDormant <= 0x00000000]
[19:55:19.099]      __var protType   = __protocol & 0x0000FFFF;
[19:55:19.099]        // -> [protType <= 0x00000002]
[19:55:19.099]    </block>
[19:55:19.099]    <control if="protType == 1" while="" timeout="0" info="">
[19:55:19.099]      // if-block "protType == 1"
[19:55:19.099]        // =>  FALSE
[19:55:19.099]      // skip if-block "protType == 1"
[19:55:19.099]    </control>
[19:55:19.099]    <control if="protType == 2" while="" timeout="0" info="">
[19:55:19.099]      // if-block "protType == 2"
[19:55:19.099]        // =>  TRUE
[19:55:19.099]      <control if="isSWJ" while="" timeout="0" info="">
[19:55:19.099]        // if-block "isSWJ"
[19:55:19.099]          // =>  TRUE
[19:55:19.099]        <control if="hasDormant" while="" timeout="0" info="">
[19:55:19.099]          // if-block "hasDormant"
[19:55:19.099]            // =>  FALSE
[19:55:19.099]          // skip if-block "hasDormant"
[19:55:19.099]        </control>
[19:55:19.099]        <control if="!hasDormant" while="" timeout="0" info="">
[19:55:19.099]          // if-block "!hasDormant"
[19:55:19.099]            // =>  TRUE
[19:55:19.099]          <block atomic="false" info="">
[19:55:19.099]            DAP_SWJ_Sequence(51, 0x0007FFFFFFFFFFFF); //lets put the JTAG line in a reset state
[19:55:19.104]              // -> [DAP_SWJ_Sequence(51, 0x0007FFFFFFFFFFFF)]
[19:55:19.105]            DAP_SWJ_Sequence(16,0xE73C); //SWD to JTAG, this is to ensure the state machine is initialized
[19:55:19.105]              // -> [DAP_SWJ_Sequence(16, 0x000000000000E73C)]
[19:55:19.105]            DAP_SWJ_Sequence(51, 0x0007FFFFFFFFFFFF); //Put it back in reset
[19:55:19.109]              // -> [DAP_SWJ_Sequence(51, 0x0007FFFFFFFFFFFF)]
[19:55:19.109]            DAP_SWJ_Sequence(16, 0xE79E); //JTAG to SWD switch
[19:55:19.109]              // -> [DAP_SWJ_Sequence(16, 0x000000000000E79E)]
[19:55:19.109]            DAP_SWJ_Sequence(51, 0x0007FFFFFFFFFFFF);  //Ensure the switch is successful 
[19:55:19.114]              // -> [DAP_SWJ_Sequence(51, 0x0007FFFFFFFFFFFF)]
[19:55:19.114]            DAP_SWJ_Sequence(7,  0x00); //Give the line some time to initialize
[19:55:19.115]              // -> [DAP_SWJ_Sequence(7, 0x0000000000000000)]
[19:55:19.115]          </block>
[19:55:19.115]          // end if-block "!hasDormant"
[19:55:19.115]        </control>
[19:55:19.115]        // end if-block "isSWJ"
[19:55:19.115]      </control>
[19:55:19.115]      <control if="!isSWJ" while="" timeout="0" info="">
[19:55:19.115]        // if-block "!isSWJ"
[19:55:19.115]          // =>  FALSE
[19:55:19.115]        // skip if-block "!isSWJ"
[19:55:19.115]      </control>
[19:55:19.115]      <block atomic="false" info="">
[19:55:19.115]        ReadDP(0x0);
[19:55:19.115]          // -> [ReadDP(0x00000000) => 0x6BA02477]   (__dp=0x00000000)
[19:55:19.115]      </block>
[19:55:19.115]      // end if-block "protType == 2"
[19:55:19.115]    </control>
[19:55:19.115]  </sequence>
[19:55:19.115]  
[19:55:19.125]  **********  Sequence "DebugPortStart"  (Context="Connect", Pname="", info="")
[19:55:19.125]  
[19:55:19.126]  <debugvars>
[19:55:19.126]    // Pre-defined
[19:55:19.126]    __protocol=0x00010002      (Protocol="SWD", SWJ-DP="True")
[19:55:19.126]    __connection=0x00000202    (Connection Type="Flash", Reset Type="System Reset")
[19:55:19.126]    __dp=0x00000000
[19:55:19.126]    __ap=0x00000000
[19:55:19.126]    __traceout=0x00000000      (Trace Disabled)
[19:55:19.126]    __errorcontrol=0x00000000  (Skip Errors="False")
[19:55:19.126]    __FlashAddr=0x00000000
[19:55:19.126]    __FlashLen=0x00000000
[19:55:19.126]    __FlashArg=0x00000000
[19:55:19.126]    __FlashOp=0x00000000
[19:55:19.126]    __Result=0x00000000
[19:55:19.126]  </debugvars>
[19:55:19.126]  
[19:55:19.126]  <sequence name="DebugPortStart" Pname="" disable="false" info="">
[19:55:19.126]    <block atomic="false" info="">
[19:55:19.126]      __var SW_DP_ABORT       = 0x0;
[19:55:19.126]        // -> [SW_DP_ABORT <= 0x00000000]
[19:55:19.126]      __var DP_CTRL_STAT      = 0x4;
[19:55:19.126]        // -> [DP_CTRL_STAT <= 0x00000004]
[19:55:19.126]      __var DP_SELECT         = 0x8;
[19:55:19.126]        // -> [DP_SELECT <= 0x00000008]
[19:55:19.126]      __var powered_down      = 0;
[19:55:19.126]        // -> [powered_down <= 0x00000000]
[19:55:19.126]      WriteDP(DP_SELECT, 0x00000000);
[19:55:19.126]        // -> [WriteDP(0x00000008, 0x00000000)]   (__dp=0x00000000)
[19:55:19.126]      powered_down = ((ReadDP(DP_CTRL_STAT) & 0xA0000000) != 0xA0000000);
[19:55:19.129]        // -> [ReadDP(0x00000004) => 0x00000040]   (__dp=0x00000000)
[19:55:19.129]        // -> [powered_down <= 0x00000001]
[19:55:19.129]    </block>
[19:55:19.129]    <control if="powered_down" while="" timeout="0" info="">
[19:55:19.129]      // if-block "powered_down"
[19:55:19.129]        // =>  TRUE
[19:55:19.129]      <block atomic="false" info="">
[19:55:19.129]        Message(0, "Debug/System power-up request sent");
[19:55:19.129]        WriteDP(DP_CTRL_STAT, 0x50000000);
[19:55:19.129]          // -> [WriteDP(0x00000004, 0x50000000)]   (__dp=0x00000000)
[19:55:19.129]      </block>
[19:55:19.129]      <control if="" while="(ReadDP(DP_CTRL_STAT) & 0xA0000000) != 0xA0000000" timeout="1000000" info="">
[19:55:19.129]        // while "(ReadDP(DP_CTRL_STAT) & 0xA0000000) != 0xA0000000"  (timeout="1000000")
[19:55:19.135]          // -> [ReadDP(0x00000004) => 0xF0000040]   (__dp=0x00000000)
[19:55:19.135]        // while-condition  =>  FALSE
[19:55:19.135]        // end while "(ReadDP(DP_CTRL_STAT) & 0xA0000000) != 0xA0000000"
[19:55:19.135]      </control>
[19:55:19.135]      <control if="(__protocol & 0xFFFF) == 1" while="" timeout="0" info="">
[19:55:19.135]        // if-block "(__protocol & 0xFFFF) == 1"
[19:55:19.135]          // =>  FALSE
[19:55:19.135]        // skip if-block "(__protocol & 0xFFFF) == 1"
[19:55:19.135]      </control>
[19:55:19.135]      <control if="(__protocol & 0xFFFF) == 2" while="" timeout="0" info="">
[19:55:19.135]        // if-block "(__protocol & 0xFFFF) == 2"
[19:55:19.135]          // =>  TRUE
[19:55:19.135]        <block atomic="false" info="">
[19:55:19.135]          Message(0, "executing SWD power up");
[19:55:19.135]          WriteDP(DP_CTRL_STAT, 0x50000F00);
[19:55:19.135]            // -> [WriteDP(0x00000004, 0x50000F00)]   (__dp=0x00000000)
[19:55:19.135]          WriteDP(SW_DP_ABORT, 0x0000001E);
[19:55:19.139]            // -> [WriteDP(0x00000000, 0x0000001E)]   (__dp=0x00000000)
[19:55:19.139]        </block>
[19:55:19.139]        // end if-block "(__protocol & 0xFFFF) == 2"
[19:55:19.139]      </control>
[19:55:19.139]      // end if-block "powered_down"
[19:55:19.139]    </control>
[19:55:19.139]    <block atomic="false" info="">
[19:55:19.139]      __var DEBUG_PORT_VAL    = 0;
[19:55:19.139]        // -> [DEBUG_PORT_VAL <= 0x00000000]
[19:55:19.139]      __var ACCESS_POINT_VAL  = 0;
[19:55:19.139]        // -> [ACCESS_POINT_VAL <= 0x00000000]
[19:55:19.139]      __ap = 1; 
[19:55:19.139]        // -> [__ap <= 0x00000001]
[19:55:19.139]      WriteAP(0x0C, 0x04); //lets use the mini pwr-ap as backup
[19:55:19.145]        // -> [WriteAP(0x0000000C, 0x00000004)]   (__dp=0x00000000, __ap=0x00000001)
[19:55:19.145]      __ap = 4;
[19:55:19.145]        // -> [__ap <= 0x00000004]
[19:55:19.145]      ACCESS_POINT_VAL = ReadAP(0x00);//Reading current state of access point
[19:55:19.149]        // -> [ReadAP(0x00000000) => 0x00080027]   (__dp=0x00000000, __ap=0x00000004)
[19:55:19.149]        // -> [ACCESS_POINT_VAL <= 0x00080027]
[19:55:19.149]      Message(0, "Current state of access point is: %x",ACCESS_POINT_VAL);
[19:55:19.149]    </block>
[19:55:19.149]    <block atomic="false" info="">
[19:55:19.149]      __var nReset = 0x80;
[19:55:19.149]        // -> [nReset <= 0x00000080]
[19:55:19.149]      __var canReadPins = 0;
[19:55:19.149]        // -> [canReadPins <= 0x00000000]
[19:55:19.149]      canReadPins = (DAP_SWJ_Pins(0x00, nReset, 0) != 0xFFFFFFFF);
[19:55:19.149]        // -> [DAP_SWJ_Pins(0x00, 0x80, 0) => 0x0F]   (Out: nRESET=0  =>  In: SWCLK/TCK=1, SWDIO/TMS=1, TDI=1, TDO=1, nTRST=0, nRESET=0)
[19:55:19.149]        // -> [canReadPins <= 0x00000001]
[19:55:19.149]    </block>
[19:55:19.149]    <control if="" while="1" timeout="200" info="">
[19:55:19.154]      // while "1"  (timeout="200")
[19:55:19.154]      // while-condition  =>  TRUE
[19:55:19.154]      // while "1"  (timeout="200")
[19:55:19.154]      // while-condition  =>  TRUE
[19:55:19.154]      // while "1"  (timeout="200")
[19:55:19.154]      // while-condition  =>  TRUE
[19:55:19.154]      // while "1"  (timeout="200")
[19:55:19.155]      // while-condition  =>  TRUE
[19:55:19.155]      // while "1"  (timeout="200")
[19:55:19.155]      // while-condition  =>  TRUE
[19:55:19.155]      // while "1"  (timeout="200")
[19:55:19.155]      // while-condition  =>  TRUE
[19:55:19.155]      // while "1"  (timeout="200")
[19:55:19.155]      // while-condition  =>  TRUE
[19:55:19.155]      // while "1"  (timeout="200")
[19:55:19.155]      // while-condition  =>  TRUE
[19:55:19.155]      // while "1"  (timeout="200")
[19:55:19.155]      // while-condition  =>  TRUE
[19:55:19.155]      // while "1"  (timeout="200")
[19:55:19.155]      // while-condition  =>  TRUE
[19:55:19.155]      // while "1"  (timeout="200")
[19:55:19.155]      // while-condition  =>  TRUE
[19:55:19.155]      // while "1"  (timeout="200")
[19:55:19.155]      // while-condition  =>  TRUE
[19:55:19.155]      // while "1"  (timeout="200")
[19:55:19.155]      // while-condition  =>  TRUE
[19:55:19.155]      // while "1"  (timeout="200")
[19:55:19.155]      // while-condition  =>  TRUE
[19:55:19.155]      // while "1"  (timeout="200")
[19:55:19.155]      // while-condition  =>  TRUE
[19:55:19.155]      // while "1"  (timeout="200")
[19:55:19.155]      // while-condition  =>  TRUE
[19:55:19.155]      // while "1"  (timeout="200")
[19:55:19.155]      // while-condition  =>  TRUE
[19:55:19.155]      // while "1"  (timeout="200")
[19:55:19.155]      // while-condition  =>  TRUE
[19:55:19.155]      // while "1"  (timeout="200")
[19:55:19.155]      // while-condition  =>  TRUE
[19:55:19.155]      // while "1"  (timeout="200")
[19:55:19.155]      // while-condition  =>  TRUE
[19:55:19.155]      // while "1"  (timeout="200")
[19:55:19.155]      // while-condition  =>  TRUE
[19:55:19.155]      // while "1"  (timeout="200")
[19:55:19.155]      // while-condition  =>  TRUE
[19:55:19.155]      // while "1"  (timeout="200")
[19:55:19.155]      // while-condition  =>  TRUE
[19:55:19.155]      // while "1"  (timeout="200")
[19:55:19.155]      // while-condition  =>  TRUE
[19:55:19.155]      // while "1"  (timeout="200")
[19:55:19.155]      // while-condition  =>  TRUE
[19:55:19.155]      // while "1"  (timeout="200")
[19:55:19.155]      // while-condition  =>  TRUE
[19:55:19.155]      // while "1"  (timeout="200")
[19:55:19.155]      // while-condition  =>  TRUE
[19:55:19.155]      // while "1"  (timeout="200")
[19:55:19.155]      // while-condition  =>  TRUE
[19:55:19.155]      // while "1"  (timeout="200")
[19:55:19.155]      // while-condition  =>  TRUE
[19:55:19.155]      // while "1"  (timeout="200")
[19:55:19.155]      // while-condition  =>  TRUE
[19:55:19.155]      // while "1"  (timeout="200")
[19:55:19.155]      // while-condition  =>  TRUE
[19:55:19.155]      // while "1"  (timeout="200")
[19:55:19.155]      // while-condition  =>  TRUE
[19:55:19.155]      // while "1"  (timeout="200")
[19:55:19.155]      // while-condition  =>  TRUE
[19:55:19.155]      // while "1"  (timeout="200")
[19:55:19.155]      // while-condition  =>  TRUE
[19:55:19.155]      // while "1"  (timeout="200")
[19:55:19.155]      // while-condition  =>  TRUE
[19:55:19.155]      // while "1"  (timeout="200")
[19:55:19.155]      // while-condition  =>  TRUE
[19:55:19.155]      // while "1"  (timeout="200")
[19:55:19.155]      // while-condition  =>  TRUE
[19:55:19.155]      // while "1"  (timeout="200")
[19:55:19.155]      // while-condition  =>  TRUE
[19:55:19.155]      // while "1"  (timeout="200")
[19:55:19.155]      // while-condition  =>  TRUE
[19:55:19.155]      // while "1"  (timeout="200")
[19:55:19.155]      // while-condition  =>  TRUE
[19:55:19.155]      // while "1"  (timeout="200")
[19:55:19.155]      // while-condition  =>  TRUE
[19:55:19.155]      // while "1"  (timeout="200")
[19:55:19.155]      // while-condition  =>  TRUE
[19:55:19.159]      // while "1"  (timeout="200")
[19:55:19.159]      // while-condition  =>  TRUE
[19:55:19.159]      // while "1"  (timeout="200")
[19:55:19.159]      // while-condition  =>  TRUE
[19:55:19.159]      // while "1"  (timeout="200")
[19:55:19.159]      // while-condition  =>  TRUE
[19:55:19.159]      // while "1"  (timeout="200")
[19:55:19.159]      // while-condition  =>  TRUE
[19:55:19.159]      // while "1"  (timeout="200")
[19:55:19.159]      // while-condition  =>  TRUE
[19:55:19.159]      // while "1"  (timeout="200")
[19:55:19.159]      // while-condition  =>  TRUE
[19:55:19.159]      // while "1"  (timeout="200")
[19:55:19.159]      // while-condition  =>  TRUE
[19:55:19.159]      // while "1"  (timeout="200")
[19:55:19.159]      // while-condition  =>  TRUE
[19:55:19.159]      // while "1"  (timeout="200")
[19:55:19.159]      // while-condition  =>  TRUE
[19:55:19.159]      // while "1"  (timeout="200")
[19:55:19.159]      // while-condition  =>  TRUE
[19:55:19.159]      // while "1"  (timeout="200")
[19:55:19.159]      // while-condition  =>  TRUE
[19:55:19.159]      // while "1"  (timeout="200")
[19:55:19.159]      // while-condition  =>  TRUE
[19:55:19.159]      // while "1"  (timeout="200")
[19:55:19.159]      // while-condition  =>  TRUE
[19:55:19.159]      // while "1"  (timeout="200")
[19:55:19.159]      // while-condition  =>  TRUE
[19:55:19.159]      // while "1"  (timeout="200")
[19:55:19.159]      // while-condition  =>  TRUE
[19:55:19.159]      // while "1"  (timeout="200")
[19:55:19.159]      // while-condition  =>  TRUE
[19:55:19.159]      // while "1"  (timeout="200")
[19:55:19.159]      // while-condition  =>  TRUE
[19:55:19.159]      // while "1"  (timeout="200")
[19:55:19.159]      // while-condition  =>  TRUE
[19:55:19.159]      // while "1"  (timeout="200")
[19:55:19.159]      // while-condition  =>  TRUE
[19:55:19.159]      // while "1"  (timeout="200")
[19:55:19.159]      // while-condition  =>  TRUE
[19:55:19.159]      // while "1"  (timeout="200")
[19:55:19.159]      // while-condition  =>  TRUE
[19:55:19.159]      // while "1"  (timeout="200")
[19:55:19.159]      // while-condition  =>  TRUE
[19:55:19.159]      // while "1"  (timeout="200")
[19:55:19.159]      // while-condition  =>  TRUE
[19:55:19.159]      // while "1"  (timeout="200")
[19:55:19.159]      // while-condition  =>  TRUE
[19:55:19.159]      // while "1"  (timeout="200")
[19:55:19.159]      // while-condition  =>  TRUE
[19:55:19.159]      // while "1"  (timeout="200")
[19:55:19.159]      // while-condition  =>  TRUE
[19:55:19.159]      // while "1"  (timeout="200")
[19:55:19.159]      // while-condition  =>  TRUE
[19:55:19.159]      // while "1"  (timeout="200")
[19:55:19.159]      // while-condition  =>  TRUE
[19:55:19.159]      // while "1"  (timeout="200")
[19:55:19.159]      // while-condition  =>  TRUE
[19:55:19.159]      // while "1"  (timeout="200")
[19:55:19.159]      // while-condition  =>  TRUE
[19:55:19.159]      // while "1"  (timeout="200")
[19:55:19.159]      // while-condition  =>  TRUE
[19:55:19.159]      // while "1"  (timeout="200")
[19:55:19.159]      // while-condition  =>  TRUE
[19:55:19.159]      // while "1"  (timeout="200")
[19:55:19.159]      // while-condition  =>  TRUE
[19:55:19.159]      // while "1"  (timeout="200")
[19:55:19.159]      // while-condition  =>  TRUE
[19:55:19.159]      // while "1"  (timeout="200")
[19:55:19.159]      // while-condition  =>  TRUE
[19:55:19.159]      // while "1"  (timeout="200")
[19:55:19.159]      // while-condition  =>  TRUE
[19:55:19.164]      // while "1"  (timeout="200")
[19:55:19.164]      // while-condition  =>  TRUE
[19:55:19.164]      // while "1"  (timeout="200")
[19:55:19.164]      // while-condition  =>  TRUE
[19:55:19.164]      // while "1"  (timeout="200")
[19:55:19.164]      // while-condition  =>  TRUE
[19:55:19.164]      // while "1"  (timeout="200")
[19:55:19.164]      // while-condition  =>  TRUE
[19:55:19.164]      // while "1"  (timeout="200")
[19:55:19.164]      // while-condition  =>  TRUE
[19:55:19.164]      // while "1"  (timeout="200")
[19:55:19.164]      // while-condition  =>  TRUE
[19:55:19.164]      // while "1"  (timeout="200")
[19:55:19.164]      // while-condition  =>  TRUE
[19:55:19.164]      // while "1"  (timeout="200")
[19:55:19.164]      // while-condition  =>  TRUE
[19:55:19.164]      // while "1"  (timeout="200")
[19:55:19.164]      // while-condition  =>  TRUE
[19:55:19.164]      // while "1"  (timeout="200")
[19:55:19.164]      // while-condition  =>  TRUE
[19:55:19.164]      // while "1"  (timeout="200")
[19:55:19.164]      // while-condition  =>  TRUE
[19:55:19.165]      // while "1"  (timeout="200")
[19:55:19.165]      // while-condition  =>  TRUE
[19:55:19.165]      // while "1"  (timeout="200")
[19:55:19.165]      // while-condition  =>  TRUE
[19:55:19.165]      // while "1"  (timeout="200")
[19:55:19.165]      // while-condition  =>  TRUE
[19:55:19.165]      // while "1"  (timeout="200")
[19:55:19.165]      // while-condition  =>  TRUE
[19:55:19.165]      // while "1"  (timeout="200")
[19:55:19.165]      // while-condition  =>  TRUE
[19:55:19.165]      // while "1"  (timeout="200")
[19:55:19.165]      // while-condition  =>  TRUE
[19:55:19.165]      // while "1"  (timeout="200")
[19:55:19.165]      // while-condition  =>  TRUE
[19:55:19.165]      // while "1"  (timeout="200")
[19:55:19.165]      // while-condition  =>  TRUE
[19:55:19.165]      // while "1"  (timeout="200")
[19:55:19.165]      // while-condition  =>  TRUE
[19:55:19.165]      // while "1"  (timeout="200")
[19:55:19.165]      // while-condition  =>  TRUE
[19:55:19.165]      // while "1"  (timeout="200")
[19:55:19.165]      // while-condition  =>  TRUE
[19:55:19.165]      // while "1"  (timeout="200")
[19:55:19.165]      // while-condition  =>  TRUE
[19:55:19.165]      // while "1"  (timeout="200")
[19:55:19.165]      // while-condition  =>  TRUE
[19:55:19.165]      // while "1"  (timeout="200")
[19:55:19.165]      // while-condition  =>  TRUE
[19:55:19.165]      // while "1"  (timeout="200")
[19:55:19.165]      // while-condition  =>  TRUE
[19:55:19.165]      // while "1"  (timeout="200")
[19:55:19.165]      // while-condition  =>  TRUE
[19:55:19.165]      // while "1"  (timeout="200")
[19:55:19.165]      // while-condition  =>  TRUE
[19:55:19.165]      // while "1"  (timeout="200")
[19:55:19.165]      // while-condition  =>  TRUE
[19:55:19.165]      // while "1"  (timeout="200")
[19:55:19.165]      // while-condition  =>  TRUE
[19:55:19.165]      // while "1"  (timeout="200")
[19:55:19.165]      // while-condition  =>  TRUE
[19:55:19.165]      // while "1"  (timeout="200")
[19:55:19.165]      // while-condition  =>  TRUE
[19:55:19.165]      // while "1"  (timeout="200")
[19:55:19.165]      // while-condition  =>  TRUE
[19:55:19.165]      // while "1"  (timeout="200")
[19:55:19.165]      // while-condition  =>  TRUE
[19:55:19.165]      // while "1"  (timeout="200")
[19:55:19.165]      // while-condition  =>  TRUE
[19:55:19.165]      // while "1"  (timeout="200")
[19:55:19.165]      // while-condition  =>  TRUE
[19:55:19.165]      // while "1"  (timeout="200")
[19:55:19.165]      // while-condition  =>  TRUE
[19:55:19.165]      // while "1"  (timeout="200")
[19:55:19.165]      // while-condition  =>  TRUE
[19:55:19.165]      // while "1"  (timeout="200")
[19:55:19.165]      // while-condition  =>  TRUE
[19:55:19.165]      // while "1"  (timeout="200")
[19:55:19.165]      // while-condition  =>  TRUE
[19:55:19.165]      // while "1"  (timeout="200")
[19:55:19.165]      // while-condition  =>  TRUE
[19:55:19.165]      // while "1"  (timeout="200")
[19:55:19.165]      // while-condition  =>  TRUE
[19:55:19.165]      // while "1"  (timeout="200")
[19:55:19.165]      // while-condition  =>  TRUE
[19:55:19.165]      // while "1"  (timeout="200")
[19:55:19.165]      // while-condition  =>  TRUE
[19:55:19.165]      // while "1"  (timeout="200")
[19:55:19.165]      // while-condition  =>  TRUE
[19:55:19.165]      // while "1"  (timeout="200")
[19:55:19.165]      // while-condition  =>  TRUE
[19:55:19.165]      // while "1"  (timeout="200")
[19:55:19.165]      // while-condition  =>  TRUE
[19:55:19.165]      // while "1"  (timeout="200")
[19:55:19.165]      // while-condition  =>  TRUE
[19:55:19.165]      // while "1"  (timeout="200")
[19:55:19.165]      // while-condition  =>  TRUE
[19:55:19.165]      // while "1"  (timeout="200")
[19:55:19.165]      // while-condition  =>  TRUE
[19:55:19.165]      // while "1"  (timeout="200")
[19:55:19.165]      // while-condition  =>  TRUE
[19:55:19.165]      // while "1"  (timeout="200")
[19:55:19.169]      // while-condition  =>  TRUE
[19:55:19.169]      // while "1"  (timeout="200")
[19:55:19.169]      // while  =>  TIMEOUT
[19:55:19.169]      // end while "1"
[19:55:19.169]    </control>
[19:55:19.169]    <control if="canReadPins" while="" timeout="0" info="">
[19:55:19.169]      // if-block "canReadPins"
[19:55:19.169]        // =>  TRUE
[19:55:19.169]      <control if="" while="(DAP_SWJ_Pins(nReset, nReset, 0) & nReset) == 0" timeout="1000000" info="">
[19:55:19.169]        // while "(DAP_SWJ_Pins(nReset, nReset, 0) & nReset) == 0"  (timeout="1000000")
[19:55:19.169]          // -> [DAP_SWJ_Pins(0x80, 0x80, 0) => 0x8F]   (Out: nRESET=1  =>  In: SWCLK/TCK=1, SWDIO/TMS=1, TDI=1, TDO=1, nTRST=0, nRESET=1)
[19:55:19.169]        // while-condition  =>  FALSE
[19:55:19.169]        // end while "(DAP_SWJ_Pins(nReset, nReset, 0) & nReset) == 0"
[19:55:19.169]      </control>
[19:55:19.169]      // end if-block "canReadPins"
[19:55:19.169]    </control>
[19:55:19.169]    <control if="!canReadPins" while="" timeout="0" info="">
[19:55:19.169]      // if-block "!canReadPins"
[19:55:19.169]        // =>  FALSE
[19:55:19.169]      // skip if-block "!canReadPins"
[19:55:19.169]    </control>
[19:55:19.169]    <control if="(ACCESS_POINT_VAL & 0x00E00000) == 0" while="" timeout="0" info="">
[19:55:19.169]      // if-block "(ACCESS_POINT_VAL & 0x00E00000) == 0"
[19:55:19.169]        // =>  TRUE
[19:55:19.169]      <block atomic="false" info="">
[19:55:19.169]        WriteAP(0x00, 0x190008);
[19:55:19.174]          // -> [WriteAP(0x00000000, 0x00190008)]   (__dp=0x00000000, __ap=0x00000004)
[19:55:19.174]        WriteAP(0xF0, 0x01);
[19:55:19.175]          // -> [WriteAP(0x000000F0, 0x00000001)]   (__dp=0x00000000, __ap=0x00000004)
[19:55:19.175]      </block>
[19:55:19.175]      // end if-block "(ACCESS_POINT_VAL & 0x00E00000) == 0"
[19:55:19.175]    </control>
[19:55:19.175]    <control if="(ACCESS_POINT_VAL & 0x00E00000) != 0" while="" timeout="0" info="">
[19:55:19.175]      // if-block "(ACCESS_POINT_VAL & 0x00E00000) != 0"
[19:55:19.175]        // =>  FALSE
[19:55:19.175]      // skip if-block "(ACCESS_POINT_VAL & 0x00E00000) != 0"
[19:55:19.175]    </control>
[19:55:19.175]    <block atomic="false" info="">
[19:55:19.175]      ACCESS_POINT_VAL = ReadAP(0x00);//Reading current state of access point
[19:55:19.184]        // -> [ReadAP(0x00000000) => 0x0079002F]   (__dp=0x00000000, __ap=0x00000004)
[19:55:19.184]        // -> [ACCESS_POINT_VAL <= 0x0079002F]
[19:55:19.184]      Message(0, "Current state of access point is: %x",ACCESS_POINT_VAL);
[19:55:19.185]      __ap = 0; //lets make sure we reset the access point selection
[19:55:19.185]        // -> [__ap <= 0x00000000]
[19:55:19.185]    </block>
[19:55:19.185]  </sequence>
[19:55:19.185]  
[19:55:19.205]  **********  Sequence "DebugDeviceUnlock"  (Context="Connect", Pname="", info="")
[19:55:19.205]  
[19:55:19.205]  <debugvars>
[19:55:19.205]    // Pre-defined
[19:55:19.205]    __protocol=0x00010002      (Protocol="SWD", SWJ-DP="True")
[19:55:19.205]    __connection=0x00000202    (Connection Type="Flash", Reset Type="System Reset")
[19:55:19.205]    __dp=0x00000000
[19:55:19.205]    __ap=0x00000000
[19:55:19.205]    __traceout=0x00000000      (Trace Disabled)
[19:55:19.205]    __errorcontrol=0x00000000  (Skip Errors="False")
[19:55:19.205]    __FlashAddr=0x00000000
[19:55:19.205]    __FlashLen=0x00000000
[19:55:19.205]    __FlashArg=0x00000000
[19:55:19.205]    __FlashOp=0x00000000
[19:55:19.205]    __Result=0x00000000
[19:55:19.205]  </debugvars>
[19:55:19.205]  
[19:55:19.205]  <sequence name="DebugDeviceUnlock" Pname="" disable="false" info="">
[19:55:19.205]    <block atomic="false" info="">
[19:55:19.205]      __var deviceID = 0;
[19:55:19.205]        // -> [deviceID <= 0x00000000]
[19:55:19.205]      __var version = 0;
[19:55:19.205]        // -> [version <= 0x00000000]
[19:55:19.205]      __var partNum = 0;
[19:55:19.205]        // -> [partNum <= 0x00000000]
[19:55:19.205]      __var manuf = 0;
[19:55:19.205]        // -> [manuf <= 0x00000000]
[19:55:19.205]      __var isMSPM0G1X0X_G3X0X = 0;
[19:55:19.205]        // -> [isMSPM0G1X0X_G3X0X <= 0x00000000]
[19:55:19.205]      __var isProduction = 0;
[19:55:19.205]        // -> [isProduction <= 0x00000000]
[19:55:19.205]      __var continueId = 0;
[19:55:19.205]        // -> [continueId <= 0x00000000]
[19:55:19.205]      deviceID =   Read32(0x41C40004);
[19:55:19.214]        // -> [Read32(0x41C40004) => 0x2BB8802F]   (__dp=0x00000000, __ap=0x00000000)
[19:55:19.214]        // -> [deviceID <= 0x2BB8802F]
[19:55:19.214]      version = deviceID >> 28;
[19:55:19.214]        // -> [version <= 0x00000002]
[19:55:19.214]      partNum = (deviceID & 0x0FFFF000) >> 12;
[19:55:19.214]        // -> [partNum <= 0x0000BB88]
[19:55:19.214]      manuf = (deviceID & 0x00000FFE) >> 1;
[19:55:19.214]        // -> [manuf <= 0x00000017]
[19:55:19.214]      isMSPM0G1X0X_G3X0X = (partNum == 0xBB88) && (manuf == 0x17);
[19:55:19.215]        // -> [isMSPM0G1X0X_G3X0X <= 0x00000001]
[19:55:19.215]      isProduction = (version > 0);
[19:55:19.215]        // -> [isProduction <= 0x00000001]
[19:55:19.215]    </block>
[19:55:19.215]    <control if="!isMSPM0G1X0X_G3X0X" while="" timeout="0" info="">
[19:55:19.216]      // if-block "!isMSPM0G1X0X_G3X0X"
[19:55:19.216]        // =>  FALSE
[19:55:19.216]      // skip if-block "!isMSPM0G1X0X_G3X0X"
[19:55:19.216]    </control>
[19:55:19.216]    <control if="continueId == 4" while="" timeout="0" info="">
[19:55:19.216]      // if-block "continueId == 4"
[19:55:19.216]        // =>  FALSE
[19:55:19.216]      // skip if-block "continueId == 4"
[19:55:19.216]    </control>
[19:55:19.216]    <control if="!isProduction" while="" timeout="0" info="">
[19:55:19.216]      // if-block "!isProduction"
[19:55:19.216]        // =>  FALSE
[19:55:19.216]      // skip if-block "!isProduction"
[19:55:19.216]    </control>
[19:55:19.216]  </sequence>
[19:55:19.216]  
[19:57:26.795]  **********  Sequence "DebugPortSetup"  (Context="Connect", Pname="", info="")
[19:57:26.795]  
[19:57:26.795]  <debugvars>
[19:57:26.795]    // Pre-defined
[19:57:26.795]    __protocol=0x00010002      (Protocol="SWD", SWJ-DP="True")
[19:57:26.795]    __connection=0x00000202    (Connection Type="Flash", Reset Type="System Reset")
[19:57:26.795]    __dp=0x00000000
[19:57:26.795]    __ap=0x00000000
[19:57:26.795]    __traceout=0x00000000      (Trace Disabled)
[19:57:26.795]    __errorcontrol=0x00000000  (Skip Errors="False")
[19:57:26.795]    __FlashAddr=0x00000000
[19:57:26.795]    __FlashLen=0x00000000
[19:57:26.795]    __FlashArg=0x00000000
[19:57:26.795]    __FlashOp=0x00000000
[19:57:26.795]    __Result=0x00000000
[19:57:26.795]  </debugvars>
[19:57:26.795]  
[19:57:26.795]  <sequence name="DebugPortSetup" Pname="" disable="false" info="">
[19:57:26.795]    <block atomic="false" info="">
[19:57:26.795]      __var isSWJ      = ((__protocol & 0x00010000) != 0);
[19:57:26.795]        // -> [isSWJ <= 0x00000001]
[19:57:26.795]      __var hasDormant = __protocol & 0x00020000;
[19:57:26.795]        // -> [hasDormant <= 0x00000000]
[19:57:26.795]      __var protType   = __protocol & 0x0000FFFF;
[19:57:26.795]        // -> [protType <= 0x00000002]
[19:57:26.795]    </block>
[19:57:26.795]    <control if="protType == 1" while="" timeout="0" info="">
[19:57:26.795]      // if-block "protType == 1"
[19:57:26.795]        // =>  FALSE
[19:57:26.795]      // skip if-block "protType == 1"
[19:57:26.795]    </control>
[19:57:26.795]    <control if="protType == 2" while="" timeout="0" info="">
[19:57:26.795]      // if-block "protType == 2"
[19:57:26.795]        // =>  TRUE
[19:57:26.795]      <control if="isSWJ" while="" timeout="0" info="">
[19:57:26.795]        // if-block "isSWJ"
[19:57:26.798]          // =>  TRUE
[19:57:26.798]        <control if="hasDormant" while="" timeout="0" info="">
[19:57:26.798]          // if-block "hasDormant"
[19:57:26.798]            // =>  FALSE
[19:57:26.798]          // skip if-block "hasDormant"
[19:57:26.798]        </control>
[19:57:26.798]        <control if="!hasDormant" while="" timeout="0" info="">
[19:57:26.798]          // if-block "!hasDormant"
[19:57:26.798]            // =>  TRUE
[19:57:26.798]          <block atomic="false" info="">
[19:57:26.798]            DAP_SWJ_Sequence(51, 0x0007FFFFFFFFFFFF); //lets put the JTAG line in a reset state
[19:57:26.798]              // -> [DAP_SWJ_Sequence(51, 0x0007FFFFFFFFFFFF)]
[19:57:26.798]            DAP_SWJ_Sequence(16,0xE73C); //SWD to JTAG, this is to ensure the state machine is initialized
[19:57:26.803]              // -> [DAP_SWJ_Sequence(16, 0x000000000000E73C)]
[19:57:26.803]            DAP_SWJ_Sequence(51, 0x0007FFFFFFFFFFFF); //Put it back in reset
[19:57:26.806]              // -> [DAP_SWJ_Sequence(51, 0x0007FFFFFFFFFFFF)]
[19:57:26.806]            DAP_SWJ_Sequence(16, 0xE79E); //JTAG to SWD switch
[19:57:26.806]              // -> [DAP_SWJ_Sequence(16, 0x000000000000E79E)]
[19:57:26.806]            DAP_SWJ_Sequence(51, 0x0007FFFFFFFFFFFF);  //Ensure the switch is successful 
[19:57:26.808]              // -> [DAP_SWJ_Sequence(51, 0x0007FFFFFFFFFFFF)]
[19:57:26.808]            DAP_SWJ_Sequence(7,  0x00); //Give the line some time to initialize
[19:57:26.808]              // -> [DAP_SWJ_Sequence(7, 0x0000000000000000)]
[19:57:26.808]          </block>
[19:57:26.808]          // end if-block "!hasDormant"
[19:57:26.808]        </control>
[19:57:26.813]        // end if-block "isSWJ"
[19:57:26.813]      </control>
[19:57:26.813]      <control if="!isSWJ" while="" timeout="0" info="">
[19:57:26.813]        // if-block "!isSWJ"
[19:57:26.813]          // =>  FALSE
[19:57:26.813]        // skip if-block "!isSWJ"
[19:57:26.813]      </control>
[19:57:26.813]      <block atomic="false" info="">
[19:57:26.813]        ReadDP(0x0);
[19:57:26.815]          // -> [ReadDP(0x00000000) => 0x6BA02477]   (__dp=0x00000000)
[19:57:26.815]      </block>
[19:57:26.815]      // end if-block "protType == 2"
[19:57:26.815]    </control>
[19:57:26.815]  </sequence>
[19:57:26.815]  
[19:57:26.818]  **********  Sequence "DebugPortStart"  (Context="Connect", Pname="", info="")
[19:57:26.818]  
[19:57:26.818]  <debugvars>
[19:57:26.818]    // Pre-defined
[19:57:26.818]    __protocol=0x00010002      (Protocol="SWD", SWJ-DP="True")
[19:57:26.818]    __connection=0x00000202    (Connection Type="Flash", Reset Type="System Reset")
[19:57:26.818]    __dp=0x00000000
[19:57:26.818]    __ap=0x00000000
[19:57:26.818]    __traceout=0x00000000      (Trace Disabled)
[19:57:26.818]    __errorcontrol=0x00000000  (Skip Errors="False")
[19:57:26.818]    __FlashAddr=0x00000000
[19:57:26.818]    __FlashLen=0x00000000
[19:57:26.818]    __FlashArg=0x00000000
[19:57:26.818]    __FlashOp=0x00000000
[19:57:26.818]    __Result=0x00000000
[19:57:26.818]  </debugvars>
[19:57:26.818]  
[19:57:26.818]  <sequence name="DebugPortStart" Pname="" disable="false" info="">
[19:57:26.818]    <block atomic="false" info="">
[19:57:26.818]      __var SW_DP_ABORT       = 0x0;
[19:57:26.818]        // -> [SW_DP_ABORT <= 0x00000000]
[19:57:26.818]      __var DP_CTRL_STAT      = 0x4;
[19:57:26.818]        // -> [DP_CTRL_STAT <= 0x00000004]
[19:57:26.818]      __var DP_SELECT         = 0x8;
[19:57:26.818]        // -> [DP_SELECT <= 0x00000008]
[19:57:26.818]      __var powered_down      = 0;
[19:57:26.818]        // -> [powered_down <= 0x00000000]
[19:57:26.818]      WriteDP(DP_SELECT, 0x00000000);
[19:57:26.818]        // -> [WriteDP(0x00000008, 0x00000000)]   (__dp=0x00000000)
[19:57:26.818]      powered_down = ((ReadDP(DP_CTRL_STAT) & 0xA0000000) != 0xA0000000);
[19:57:26.825]        // -> [ReadDP(0x00000004) => 0x00000040]   (__dp=0x00000000)
[19:57:26.825]        // -> [powered_down <= 0x00000001]
[19:57:26.825]    </block>
[19:57:26.825]    <control if="powered_down" while="" timeout="0" info="">
[19:57:26.825]      // if-block "powered_down"
[19:57:26.825]        // =>  TRUE
[19:57:26.825]      <block atomic="false" info="">
[19:57:26.825]        Message(0, "Debug/System power-up request sent");
[19:57:26.827]        WriteDP(DP_CTRL_STAT, 0x50000000);
[19:57:26.827]          // -> [WriteDP(0x00000004, 0x50000000)]   (__dp=0x00000000)
[19:57:26.827]      </block>
[19:57:26.827]      <control if="" while="(ReadDP(DP_CTRL_STAT) & 0xA0000000) != 0xA0000000" timeout="1000000" info="">
[19:57:26.827]        // while "(ReadDP(DP_CTRL_STAT) & 0xA0000000) != 0xA0000000"  (timeout="1000000")
[19:57:26.829]          // -> [ReadDP(0x00000004) => 0xF0000040]   (__dp=0x00000000)
[19:57:26.829]        // while-condition  =>  FALSE
[19:57:26.829]        // end while "(ReadDP(DP_CTRL_STAT) & 0xA0000000) != 0xA0000000"
[19:57:26.829]      </control>
[19:57:26.829]      <control if="(__protocol & 0xFFFF) == 1" while="" timeout="0" info="">
[19:57:26.829]        // if-block "(__protocol & 0xFFFF) == 1"
[19:57:26.829]          // =>  FALSE
[19:57:26.829]        // skip if-block "(__protocol & 0xFFFF) == 1"
[19:57:26.829]      </control>
[19:57:26.829]      <control if="(__protocol & 0xFFFF) == 2" while="" timeout="0" info="">
[19:57:26.829]        // if-block "(__protocol & 0xFFFF) == 2"
[19:57:26.829]          // =>  TRUE
[19:57:26.829]        <block atomic="false" info="">
[19:57:26.829]          Message(0, "executing SWD power up");
[19:57:26.829]          WriteDP(DP_CTRL_STAT, 0x50000F00);
[19:57:26.829]            // -> [WriteDP(0x00000004, 0x50000F00)]   (__dp=0x00000000)
[19:57:26.829]          WriteDP(SW_DP_ABORT, 0x0000001E);
[19:57:26.836]            // -> [WriteDP(0x00000000, 0x0000001E)]   (__dp=0x00000000)
[19:57:26.836]        </block>
[19:57:26.836]        // end if-block "(__protocol & 0xFFFF) == 2"
[19:57:26.836]      </control>
[19:57:26.836]      // end if-block "powered_down"
[19:57:26.836]    </control>
[19:57:26.836]    <block atomic="false" info="">
[19:57:26.836]      __var DEBUG_PORT_VAL    = 0;
[19:57:26.836]        // -> [DEBUG_PORT_VAL <= 0x00000000]
[19:57:26.836]      __var ACCESS_POINT_VAL  = 0;
[19:57:26.836]        // -> [ACCESS_POINT_VAL <= 0x00000000]
[19:57:26.836]      __ap = 1; 
[19:57:26.836]        // -> [__ap <= 0x00000001]
[19:57:26.836]      WriteAP(0x0C, 0x04); //lets use the mini pwr-ap as backup
[19:57:26.839]        // -> [WriteAP(0x0000000C, 0x00000004)]   (__dp=0x00000000, __ap=0x00000001)
[19:57:26.839]      __ap = 4;
[19:57:26.839]        // -> [__ap <= 0x00000004]
[19:57:26.839]      ACCESS_POINT_VAL = ReadAP(0x00);//Reading current state of access point
[19:57:26.844]        // -> [ReadAP(0x00000000) => 0x00080027]   (__dp=0x00000000, __ap=0x00000004)
[19:57:26.845]        // -> [ACCESS_POINT_VAL <= 0x00080027]
[19:57:26.845]      Message(0, "Current state of access point is: %x",ACCESS_POINT_VAL);
[19:57:26.845]    </block>
[19:57:26.845]    <block atomic="false" info="">
[19:57:26.845]      __var nReset = 0x80;
[19:57:26.845]        // -> [nReset <= 0x00000080]
[19:57:26.845]      __var canReadPins = 0;
[19:57:26.845]        // -> [canReadPins <= 0x00000000]
[19:57:26.845]      canReadPins = (DAP_SWJ_Pins(0x00, nReset, 0) != 0xFFFFFFFF);
[19:57:26.849]        // -> [DAP_SWJ_Pins(0x00, 0x80, 0) => 0x0F]   (Out: nRESET=0  =>  In: SWCLK/TCK=1, SWDIO/TMS=1, TDI=1, TDO=1, nTRST=0, nRESET=0)
[19:57:26.850]        // -> [canReadPins <= 0x00000001]
[19:57:26.850]    </block>
[19:57:26.850]    <control if="" while="1" timeout="200" info="">
[19:57:26.850]      // while "1"  (timeout="200")
[19:57:26.850]      // while-condition  =>  TRUE
[19:57:26.850]      // while "1"  (timeout="200")
[19:57:26.850]      // while-condition  =>  TRUE
[19:57:26.850]      // while "1"  (timeout="200")
[19:57:26.850]      // while-condition  =>  TRUE
[19:57:26.850]      // while "1"  (timeout="200")
[19:57:26.850]      // while-condition  =>  TRUE
[19:57:26.850]      // while "1"  (timeout="200")
[19:57:26.850]      // while-condition  =>  TRUE
[19:57:26.850]      // while "1"  (timeout="200")
[19:57:26.850]      // while-condition  =>  TRUE
[19:57:26.850]      // while "1"  (timeout="200")
[19:57:26.850]      // while-condition  =>  TRUE
[19:57:26.850]      // while "1"  (timeout="200")
[19:57:26.850]      // while-condition  =>  TRUE
[19:57:26.850]      // while "1"  (timeout="200")
[19:57:26.850]      // while-condition  =>  TRUE
[19:57:26.850]      // while "1"  (timeout="200")
[19:57:26.850]      // while-condition  =>  TRUE
[19:57:26.850]      // while "1"  (timeout="200")
[19:57:26.850]      // while-condition  =>  TRUE
[19:57:26.850]      // while "1"  (timeout="200")
[19:57:26.850]      // while-condition  =>  TRUE
[19:57:26.850]      // while "1"  (timeout="200")
[19:57:26.850]      // while-condition  =>  TRUE
[19:57:26.850]      // while "1"  (timeout="200")
[19:57:26.850]      // while-condition  =>  TRUE
[19:57:26.850]      // while "1"  (timeout="200")
[19:57:26.850]      // while-condition  =>  TRUE
[19:57:26.850]      // while "1"  (timeout="200")
[19:57:26.850]      // while-condition  =>  TRUE
[19:57:26.850]      // while "1"  (timeout="200")
[19:57:26.850]      // while-condition  =>  TRUE
[19:57:26.850]      // while "1"  (timeout="200")
[19:57:26.850]      // while-condition  =>  TRUE
[19:57:26.850]      // while "1"  (timeout="200")
[19:57:26.850]      // while-condition  =>  TRUE
[19:57:26.850]      // while "1"  (timeout="200")
[19:57:26.850]      // while-condition  =>  TRUE
[19:57:26.850]      // while "1"  (timeout="200")
[19:57:26.850]      // while-condition  =>  TRUE
[19:57:26.850]      // while "1"  (timeout="200")
[19:57:26.850]      // while-condition  =>  TRUE
[19:57:26.850]      // while "1"  (timeout="200")
[19:57:26.850]      // while-condition  =>  TRUE
[19:57:26.850]      // while "1"  (timeout="200")
[19:57:26.850]      // while-condition  =>  TRUE
[19:57:26.850]      // while "1"  (timeout="200")
[19:57:26.850]      // while-condition  =>  TRUE
[19:57:26.850]      // while "1"  (timeout="200")
[19:57:26.850]      // while-condition  =>  TRUE
[19:57:26.850]      // while "1"  (timeout="200")
[19:57:26.850]      // while-condition  =>  TRUE
[19:57:26.850]      // while "1"  (timeout="200")
[19:57:26.850]      // while-condition  =>  TRUE
[19:57:26.850]      // while "1"  (timeout="200")
[19:57:26.850]      // while-condition  =>  TRUE
[19:57:26.850]      // while "1"  (timeout="200")
[19:57:26.850]      // while-condition  =>  TRUE
[19:57:26.850]      // while "1"  (timeout="200")
[19:57:26.850]      // while-condition  =>  TRUE
[19:57:26.850]      // while "1"  (timeout="200")
[19:57:26.850]      // while-condition  =>  TRUE
[19:57:26.850]      // while "1"  (timeout="200")
[19:57:26.850]      // while-condition  =>  TRUE
[19:57:26.850]      // while "1"  (timeout="200")
[19:57:26.850]      // while-condition  =>  TRUE
[19:57:26.850]      // while "1"  (timeout="200")
[19:57:26.850]      // while-condition  =>  TRUE
[19:57:26.850]      // while "1"  (timeout="200")
[19:57:26.850]      // while-condition  =>  TRUE
[19:57:26.850]      // while "1"  (timeout="200")
[19:57:26.850]      // while-condition  =>  TRUE
[19:57:26.850]      // while "1"  (timeout="200")
[19:57:26.850]      // while-condition  =>  TRUE
[19:57:26.850]      // while "1"  (timeout="200")
[19:57:26.850]      // while-condition  =>  TRUE
[19:57:26.850]      // while "1"  (timeout="200")
[19:57:26.850]      // while-condition  =>  TRUE
[19:57:26.850]      // while "1"  (timeout="200")
[19:57:26.850]      // while-condition  =>  TRUE
[19:57:26.850]      // while "1"  (timeout="200")
[19:57:26.850]      // while-condition  =>  TRUE
[19:57:26.850]      // while "1"  (timeout="200")
[19:57:26.850]      // while-condition  =>  TRUE
[19:57:26.850]      // while "1"  (timeout="200")
[19:57:26.850]      // while-condition  =>  TRUE
[19:57:26.850]      // while "1"  (timeout="200")
[19:57:26.850]      // while-condition  =>  TRUE
[19:57:26.850]      // while "1"  (timeout="200")
[19:57:26.850]      // while-condition  =>  TRUE
[19:57:26.850]      // while "1"  (timeout="200")
[19:57:26.850]      // while-condition  =>  TRUE
[19:57:26.854]      // while "1"  (timeout="200")
[19:57:26.854]      // while  =>  TIMEOUT
[19:57:26.854]      // end while "1"
[19:57:26.854]    </control>
[19:57:26.854]    <control if="canReadPins" while="" timeout="0" info="">
[19:57:26.854]      // if-block "canReadPins"
[19:57:26.854]        // =>  TRUE
[19:57:26.854]      <control if="" while="(DAP_SWJ_Pins(nReset, nReset, 0) & nReset) == 0" timeout="1000000" info="">
[19:57:26.854]        // while "(DAP_SWJ_Pins(nReset, nReset, 0) & nReset) == 0"  (timeout="1000000")
[19:57:26.855]          // -> [DAP_SWJ_Pins(0x80, 0x80, 0) => 0x8F]   (Out: nRESET=1  =>  In: SWCLK/TCK=1, SWDIO/TMS=1, TDI=1, TDO=1, nTRST=0, nRESET=1)
[19:57:26.855]        // while-condition  =>  FALSE
[19:57:26.855]        // end while "(DAP_SWJ_Pins(nReset, nReset, 0) & nReset) == 0"
[19:57:26.855]      </control>
[19:57:26.855]      // end if-block "canReadPins"
[19:57:26.855]    </control>
[19:57:26.855]    <control if="!canReadPins" while="" timeout="0" info="">
[19:57:26.855]      // if-block "!canReadPins"
[19:57:26.855]        // =>  FALSE
[19:57:26.855]      // skip if-block "!canReadPins"
[19:57:26.855]    </control>
[19:57:26.855]    <control if="(ACCESS_POINT_VAL & 0x00E00000) == 0" while="" timeout="0" info="">
[19:57:26.855]      // if-block "(ACCESS_POINT_VAL & 0x00E00000) == 0"
[19:57:26.855]        // =>  TRUE
[19:57:26.855]      <block atomic="false" info="">
[19:57:26.855]        WriteAP(0x00, 0x190008);
[19:57:26.859]          // -> [WriteAP(0x00000000, 0x00190008)]   (__dp=0x00000000, __ap=0x00000004)
[19:57:26.859]        WriteAP(0xF0, 0x01);
[19:57:26.859]          // -> [WriteAP(0x000000F0, 0x00000001)]   (__dp=0x00000000, __ap=0x00000004)
[19:57:26.859]      </block>
[19:57:26.859]      // end if-block "(ACCESS_POINT_VAL & 0x00E00000) == 0"
[19:57:26.859]    </control>
[19:57:26.859]    <control if="(ACCESS_POINT_VAL & 0x00E00000) != 0" while="" timeout="0" info="">
[19:57:26.859]      // if-block "(ACCESS_POINT_VAL & 0x00E00000) != 0"
[19:57:26.864]        // =>  FALSE
[19:57:26.864]      // skip if-block "(ACCESS_POINT_VAL & 0x00E00000) != 0"
[19:57:26.864]    </control>
[19:57:26.864]    <block atomic="false" info="">
[19:57:26.864]      ACCESS_POINT_VAL = ReadAP(0x00);//Reading current state of access point
[19:57:26.866]        // -> [ReadAP(0x00000000) => 0x0079002F]   (__dp=0x00000000, __ap=0x00000004)
[19:57:26.866]        // -> [ACCESS_POINT_VAL <= 0x0079002F]
[19:57:26.866]      Message(0, "Current state of access point is: %x",ACCESS_POINT_VAL);
[19:57:26.866]      __ap = 0; //lets make sure we reset the access point selection
[19:57:26.866]        // -> [__ap <= 0x00000000]
[19:57:26.866]    </block>
[19:57:26.866]  </sequence>
[19:57:26.866]  
[19:57:26.890]  **********  Sequence "DebugDeviceUnlock"  (Context="Connect", Pname="", info="")
[19:57:26.890]  
[19:57:26.890]  <debugvars>
[19:57:26.890]    // Pre-defined
[19:57:26.890]    __protocol=0x00010002      (Protocol="SWD", SWJ-DP="True")
[19:57:26.890]    __connection=0x00000202    (Connection Type="Flash", Reset Type="System Reset")
[19:57:26.890]    __dp=0x00000000
[19:57:26.890]    __ap=0x00000000
[19:57:26.890]    __traceout=0x00000000      (Trace Disabled)
[19:57:26.890]    __errorcontrol=0x00000000  (Skip Errors="False")
[19:57:26.890]    __FlashAddr=0x00000000
[19:57:26.890]    __FlashLen=0x00000000
[19:57:26.890]    __FlashArg=0x00000000
[19:57:26.890]    __FlashOp=0x00000000
[19:57:26.890]    __Result=0x00000000
[19:57:26.890]  </debugvars>
[19:57:26.890]  
[19:57:26.890]  <sequence name="DebugDeviceUnlock" Pname="" disable="false" info="">
[19:57:26.894]    <block atomic="false" info="">
[19:57:26.894]      __var deviceID = 0;
[19:57:26.894]        // -> [deviceID <= 0x00000000]
[19:57:26.894]      __var version = 0;
[19:57:26.894]        // -> [version <= 0x00000000]
[19:57:26.894]      __var partNum = 0;
[19:57:26.894]        // -> [partNum <= 0x00000000]
[19:57:26.894]      __var manuf = 0;
[19:57:26.894]        // -> [manuf <= 0x00000000]
[19:57:26.895]      __var isMSPM0G1X0X_G3X0X = 0;
[19:57:26.895]        // -> [isMSPM0G1X0X_G3X0X <= 0x00000000]
[19:57:26.895]      __var isProduction = 0;
[19:57:26.895]        // -> [isProduction <= 0x00000000]
[19:57:26.895]      __var continueId = 0;
[19:57:26.895]        // -> [continueId <= 0x00000000]
[19:57:26.895]      deviceID =   Read32(0x41C40004);
[19:57:26.900]        // -> [Read32(0x41C40004) => 0x2BB8802F]   (__dp=0x00000000, __ap=0x00000000)
[19:57:26.900]        // -> [deviceID <= 0x2BB8802F]
[19:57:26.900]      version = deviceID >> 28;
[19:57:26.900]        // -> [version <= 0x00000002]
[19:57:26.900]      partNum = (deviceID & 0x0FFFF000) >> 12;
[19:57:26.900]        // -> [partNum <= 0x0000BB88]
[19:57:26.900]      manuf = (deviceID & 0x00000FFE) >> 1;
[19:57:26.900]        // -> [manuf <= 0x00000017]
[19:57:26.900]      isMSPM0G1X0X_G3X0X = (partNum == 0xBB88) && (manuf == 0x17);
[19:57:26.900]        // -> [isMSPM0G1X0X_G3X0X <= 0x00000001]
[19:57:26.900]      isProduction = (version > 0);
[19:57:26.900]        // -> [isProduction <= 0x00000001]
[19:57:26.900]    </block>
[19:57:26.900]    <control if="!isMSPM0G1X0X_G3X0X" while="" timeout="0" info="">
[19:57:26.900]      // if-block "!isMSPM0G1X0X_G3X0X"
[19:57:26.900]        // =>  FALSE
[19:57:26.900]      // skip if-block "!isMSPM0G1X0X_G3X0X"
[19:57:26.900]    </control>
[19:57:26.900]    <control if="continueId == 4" while="" timeout="0" info="">
[19:57:26.900]      // if-block "continueId == 4"
[19:57:26.900]        // =>  FALSE
[19:57:26.900]      // skip if-block "continueId == 4"
[19:57:26.900]    </control>
[19:57:26.900]    <control if="!isProduction" while="" timeout="0" info="">
[19:57:26.900]      // if-block "!isProduction"
[19:57:26.900]        // =>  FALSE
[19:57:26.900]      // skip if-block "!isProduction"
[19:57:26.900]    </control>
[19:57:26.900]  </sequence>
[19:57:26.900]  
[19:57:33.597]  **********  Sequence "DebugPortSetup"  (Context="Connect", Pname="", info="")
[19:57:33.602]  
[19:57:33.602]  <debugvars>
[19:57:33.602]    // Pre-defined
[19:57:33.602]    __protocol=0x00010002      (Protocol="SWD", SWJ-DP="True")
[19:57:33.602]    __connection=0x00000202    (Connection Type="Flash", Reset Type="System Reset")
[19:57:33.602]    __dp=0x00000000
[19:57:33.602]    __ap=0x00000000
[19:57:33.602]    __traceout=0x00000000      (Trace Disabled)
[19:57:33.602]    __errorcontrol=0x00000000  (Skip Errors="False")
[19:57:33.602]    __FlashAddr=0x00000000
[19:57:33.602]    __FlashLen=0x00000000
[19:57:33.602]    __FlashArg=0x00000000
[19:57:33.602]    __FlashOp=0x00000000
[19:57:33.602]    __Result=0x00000000
[19:57:33.602]  </debugvars>
[19:57:33.602]  
[19:57:33.602]  <sequence name="DebugPortSetup" Pname="" disable="false" info="">
[19:57:33.602]    <block atomic="false" info="">
[19:57:33.602]      __var isSWJ      = ((__protocol & 0x00010000) != 0);
[19:57:33.602]        // -> [isSWJ <= 0x00000001]
[19:57:33.602]      __var hasDormant = __protocol & 0x00020000;
[19:57:33.602]        // -> [hasDormant <= 0x00000000]
[19:57:33.602]      __var protType   = __protocol & 0x0000FFFF;
[19:57:33.602]        // -> [protType <= 0x00000002]
[19:57:33.602]    </block>
[19:57:33.602]    <control if="protType == 1" while="" timeout="0" info="">
[19:57:33.602]      // if-block "protType == 1"
[19:57:33.602]        // =>  FALSE
[19:57:33.602]      // skip if-block "protType == 1"
[19:57:33.602]    </control>
[19:57:33.602]    <control if="protType == 2" while="" timeout="0" info="">
[19:57:33.602]      // if-block "protType == 2"
[19:57:33.602]        // =>  TRUE
[19:57:33.602]      <control if="isSWJ" while="" timeout="0" info="">
[19:57:33.602]        // if-block "isSWJ"
[19:57:33.602]          // =>  TRUE
[19:57:33.602]        <control if="hasDormant" while="" timeout="0" info="">
[19:57:33.602]          // if-block "hasDormant"
[19:57:33.602]            // =>  FALSE
[19:57:33.602]          // skip if-block "hasDormant"
[19:57:33.602]        </control>
[19:57:33.602]        <control if="!hasDormant" while="" timeout="0" info="">
[19:57:33.602]          // if-block "!hasDormant"
[19:57:33.602]            // =>  TRUE
[19:57:33.602]          <block atomic="false" info="">
[19:57:33.602]            DAP_SWJ_Sequence(51, 0x0007FFFFFFFFFFFF); //lets put the JTAG line in a reset state
[19:57:33.605]              // -> [DAP_SWJ_Sequence(51, 0x0007FFFFFFFFFFFF)]
[19:57:33.605]            DAP_SWJ_Sequence(16,0xE73C); //SWD to JTAG, this is to ensure the state machine is initialized
[19:57:33.607]              // -> [DAP_SWJ_Sequence(16, 0x000000000000E73C)]
[19:57:33.607]            DAP_SWJ_Sequence(51, 0x0007FFFFFFFFFFFF); //Put it back in reset
[19:57:33.609]              // -> [DAP_SWJ_Sequence(51, 0x0007FFFFFFFFFFFF)]
[19:57:33.609]            DAP_SWJ_Sequence(16, 0xE79E); //JTAG to SWD switch
[19:57:33.612]              // -> [DAP_SWJ_Sequence(16, 0x000000000000E79E)]
[19:57:33.612]            DAP_SWJ_Sequence(51, 0x0007FFFFFFFFFFFF);  //Ensure the switch is successful 
[19:57:33.616]              // -> [DAP_SWJ_Sequence(51, 0x0007FFFFFFFFFFFF)]
[19:57:33.616]            DAP_SWJ_Sequence(7,  0x00); //Give the line some time to initialize
[19:57:33.618]              // -> [DAP_SWJ_Sequence(7, 0x0000000000000000)]
[19:57:33.618]          </block>
[19:57:33.618]          // end if-block "!hasDormant"
[19:57:33.618]        </control>
[19:57:33.618]        // end if-block "isSWJ"
[19:57:33.618]      </control>
[19:57:33.618]      <control if="!isSWJ" while="" timeout="0" info="">
[19:57:33.618]        // if-block "!isSWJ"
[19:57:33.618]          // =>  FALSE
[19:57:33.618]        // skip if-block "!isSWJ"
[19:57:33.618]      </control>
[19:57:33.618]      <block atomic="false" info="">
[19:57:33.618]        ReadDP(0x0);
[19:57:33.618]          // -> [ReadDP(0x00000000) => 0x6BA02477]   (__dp=0x00000000)
[19:57:33.618]      </block>
[19:57:33.618]      // end if-block "protType == 2"
[19:57:33.618]    </control>
[19:57:33.618]  </sequence>
[19:57:33.618]  
[19:57:33.623]  **********  Sequence "DebugPortStart"  (Context="Connect", Pname="", info="")
[19:57:33.623]  
[19:57:33.623]  <debugvars>
[19:57:33.623]    // Pre-defined
[19:57:33.623]    __protocol=0x00010002      (Protocol="SWD", SWJ-DP="True")
[19:57:33.623]    __connection=0x00000202    (Connection Type="Flash", Reset Type="System Reset")
[19:57:33.623]    __dp=0x00000000
[19:57:33.624]    __ap=0x00000000
[19:57:33.624]    __traceout=0x00000000      (Trace Disabled)
[19:57:33.624]    __errorcontrol=0x00000000  (Skip Errors="False")
[19:57:33.624]    __FlashAddr=0x00000000
[19:57:33.624]    __FlashLen=0x00000000
[19:57:33.624]    __FlashArg=0x00000000
[19:57:33.624]    __FlashOp=0x00000000
[19:57:33.624]    __Result=0x00000000
[19:57:33.624]  </debugvars>
[19:57:33.624]  
[19:57:33.624]  <sequence name="DebugPortStart" Pname="" disable="false" info="">
[19:57:33.625]    <block atomic="false" info="">
[19:57:33.625]      __var SW_DP_ABORT       = 0x0;
[19:57:33.625]        // -> [SW_DP_ABORT <= 0x00000000]
[19:57:33.625]      __var DP_CTRL_STAT      = 0x4;
[19:57:33.625]        // -> [DP_CTRL_STAT <= 0x00000004]
[19:57:33.625]      __var DP_SELECT         = 0x8;
[19:57:33.625]        // -> [DP_SELECT <= 0x00000008]
[19:57:33.625]      __var powered_down      = 0;
[19:57:33.625]        // -> [powered_down <= 0x00000000]
[19:57:33.625]      WriteDP(DP_SELECT, 0x00000000);
[19:57:33.627]        // -> [WriteDP(0x00000008, 0x00000000)]   (__dp=0x00000000)
[19:57:33.627]      powered_down = ((ReadDP(DP_CTRL_STAT) & 0xA0000000) != 0xA0000000);
[19:57:33.629]        // -> [ReadDP(0x00000004) => 0x00000040]   (__dp=0x00000000)
[19:57:33.629]        // -> [powered_down <= 0x00000001]
[19:57:33.629]    </block>
[19:57:33.629]    <control if="powered_down" while="" timeout="0" info="">
[19:57:33.629]      // if-block "powered_down"
[19:57:33.629]        // =>  TRUE
[19:57:33.629]      <block atomic="false" info="">
[19:57:33.629]        Message(0, "Debug/System power-up request sent");
[19:57:33.629]        WriteDP(DP_CTRL_STAT, 0x50000000);
[19:57:33.631]          // -> [WriteDP(0x00000004, 0x50000000)]   (__dp=0x00000000)
[19:57:33.631]      </block>
[19:57:33.631]      <control if="" while="(ReadDP(DP_CTRL_STAT) & 0xA0000000) != 0xA0000000" timeout="1000000" info="">
[19:57:33.634]        // while "(ReadDP(DP_CTRL_STAT) & 0xA0000000) != 0xA0000000"  (timeout="1000000")
[19:57:33.635]          // -> [ReadDP(0x00000004) => 0xF0000040]   (__dp=0x00000000)
[19:57:33.635]        // while-condition  =>  FALSE
[19:57:33.635]        // end while "(ReadDP(DP_CTRL_STAT) & 0xA0000000) != 0xA0000000"
[19:57:33.635]      </control>
[19:57:33.635]      <control if="(__protocol & 0xFFFF) == 1" while="" timeout="0" info="">
[19:57:33.635]        // if-block "(__protocol & 0xFFFF) == 1"
[19:57:33.635]          // =>  FALSE
[19:57:33.635]        // skip if-block "(__protocol & 0xFFFF) == 1"
[19:57:33.635]      </control>
[19:57:33.635]      <control if="(__protocol & 0xFFFF) == 2" while="" timeout="0" info="">
[19:57:33.635]        // if-block "(__protocol & 0xFFFF) == 2"
[19:57:33.635]          // =>  TRUE
[19:57:33.635]        <block atomic="false" info="">
[19:57:33.635]          Message(0, "executing SWD power up");
[19:57:33.635]          WriteDP(DP_CTRL_STAT, 0x50000F00);
[19:57:33.639]            // -> [WriteDP(0x00000004, 0x50000F00)]   (__dp=0x00000000)
[19:57:33.639]          WriteDP(SW_DP_ABORT, 0x0000001E);
[19:57:33.639]            // -> [WriteDP(0x00000000, 0x0000001E)]   (__dp=0x00000000)
[19:57:33.639]        </block>
[19:57:33.639]        // end if-block "(__protocol & 0xFFFF) == 2"
[19:57:33.639]      </control>
[19:57:33.639]      // end if-block "powered_down"
[19:57:33.639]    </control>
[19:57:33.639]    <block atomic="false" info="">
[19:57:33.639]      __var DEBUG_PORT_VAL    = 0;
[19:57:33.639]        // -> [DEBUG_PORT_VAL <= 0x00000000]
[19:57:33.639]      __var ACCESS_POINT_VAL  = 0;
[19:57:33.639]        // -> [ACCESS_POINT_VAL <= 0x00000000]
[19:57:33.639]      __ap = 1; 
[19:57:33.639]        // -> [__ap <= 0x00000001]
[19:57:33.639]      WriteAP(0x0C, 0x04); //lets use the mini pwr-ap as backup
[19:57:33.645]        // -> [WriteAP(0x0000000C, 0x00000004)]   (__dp=0x00000000, __ap=0x00000001)
[19:57:33.645]      __ap = 4;
[19:57:33.645]        // -> [__ap <= 0x00000004]
[19:57:33.645]      ACCESS_POINT_VAL = ReadAP(0x00);//Reading current state of access point
[19:57:33.652]        // -> [ReadAP(0x00000000) => 0x00080427]   (__dp=0x00000000, __ap=0x00000004)
[19:57:33.652]        // -> [ACCESS_POINT_VAL <= 0x00080427]
[19:57:33.652]      Message(0, "Current state of access point is: %x",ACCESS_POINT_VAL);
[19:57:33.652]    </block>
[19:57:33.652]    <block atomic="false" info="">
[19:57:33.652]      __var nReset = 0x80;
[19:57:33.652]        // -> [nReset <= 0x00000080]
[19:57:33.652]      __var canReadPins = 0;
[19:57:33.652]        // -> [canReadPins <= 0x00000000]
[19:57:33.652]      canReadPins = (DAP_SWJ_Pins(0x00, nReset, 0) != 0xFFFFFFFF);
[19:57:33.654]        // -> [DAP_SWJ_Pins(0x00, 0x80, 0) => 0x0F]   (Out: nRESET=0  =>  In: SWCLK/TCK=1, SWDIO/TMS=1, TDI=1, TDO=1, nTRST=0, nRESET=0)
[19:57:33.655]        // -> [canReadPins <= 0x00000001]
[19:57:33.655]    </block>
[19:57:33.655]    <control if="" while="1" timeout="200" info="">
[19:57:33.655]      // while "1"  (timeout="200")
[19:57:33.655]      // while-condition  =>  TRUE
[19:57:33.655]      // while "1"  (timeout="200")
[19:57:33.655]      // while-condition  =>  TRUE
[19:57:33.655]      // while "1"  (timeout="200")
[19:57:33.655]      // while-condition  =>  TRUE
[19:57:33.655]      // while "1"  (timeout="200")
[19:57:33.655]      // while-condition  =>  TRUE
[19:57:33.655]      // while "1"  (timeout="200")
[19:57:33.655]      // while-condition  =>  TRUE
[19:57:33.655]      // while "1"  (timeout="200")
[19:57:33.655]      // while-condition  =>  TRUE
[19:57:33.655]      // while "1"  (timeout="200")
[19:57:33.655]      // while-condition  =>  TRUE
[19:57:33.655]      // while "1"  (timeout="200")
[19:57:33.655]      // while-condition  =>  TRUE
[19:57:33.655]      // while "1"  (timeout="200")
[19:57:33.655]      // while-condition  =>  TRUE
[19:57:33.655]      // while "1"  (timeout="200")
[19:57:33.655]      // while-condition  =>  TRUE
[19:57:33.655]      // while "1"  (timeout="200")
[19:57:33.655]      // while-condition  =>  TRUE
[19:57:33.655]      // while "1"  (timeout="200")
[19:57:33.655]      // while-condition  =>  TRUE
[19:57:33.655]      // while "1"  (timeout="200")
[19:57:33.655]      // while-condition  =>  TRUE
[19:57:33.655]      // while "1"  (timeout="200")
[19:57:33.655]      // while-condition  =>  TRUE
[19:57:33.655]      // while "1"  (timeout="200")
[19:57:33.655]      // while-condition  =>  TRUE
[19:57:33.655]      // while "1"  (timeout="200")
[19:57:33.655]      // while-condition  =>  TRUE
[19:57:33.655]      // while "1"  (timeout="200")
[19:57:33.655]      // while-condition  =>  TRUE
[19:57:33.655]      // while "1"  (timeout="200")
[19:57:33.655]      // while-condition  =>  TRUE
[19:57:33.655]      // while "1"  (timeout="200")
[19:57:33.655]      // while-condition  =>  TRUE
[19:57:33.655]      // while "1"  (timeout="200")
[19:57:33.655]      // while-condition  =>  TRUE
[19:57:33.655]      // while "1"  (timeout="200")
[19:57:33.655]      // while-condition  =>  TRUE
[19:57:33.655]      // while "1"  (timeout="200")
[19:57:33.655]      // while-condition  =>  TRUE
[19:57:33.655]      // while "1"  (timeout="200")
[19:57:33.655]      // while-condition  =>  TRUE
[19:57:33.655]      // while "1"  (timeout="200")
[19:57:33.655]      // while-condition  =>  TRUE
[19:57:33.655]      // while "1"  (timeout="200")
[19:57:33.655]      // while-condition  =>  TRUE
[19:57:33.655]      // while "1"  (timeout="200")
[19:57:33.655]      // while-condition  =>  TRUE
[19:57:33.655]      // while "1"  (timeout="200")
[19:57:33.655]      // while-condition  =>  TRUE
[19:57:33.655]      // while "1"  (timeout="200")
[19:57:33.655]      // while-condition  =>  TRUE
[19:57:33.655]      // while "1"  (timeout="200")
[19:57:33.655]      // while-condition  =>  TRUE
[19:57:33.655]      // while "1"  (timeout="200")
[19:57:33.655]      // while-condition  =>  TRUE
[19:57:33.655]      // while "1"  (timeout="200")
[19:57:33.655]      // while-condition  =>  TRUE
[19:57:33.655]      // while "1"  (timeout="200")
[19:57:33.655]      // while-condition  =>  TRUE
[19:57:33.655]      // while "1"  (timeout="200")
[19:57:33.655]      // while-condition  =>  TRUE
[19:57:33.655]      // while "1"  (timeout="200")
[19:57:33.655]      // while-condition  =>  TRUE
[19:57:33.655]      // while "1"  (timeout="200")
[19:57:33.655]      // while-condition  =>  TRUE
[19:57:33.655]      // while "1"  (timeout="200")
[19:57:33.655]      // while-condition  =>  TRUE
[19:57:33.655]      // while "1"  (timeout="200")
[19:57:33.655]      // while-condition  =>  TRUE
[19:57:33.655]      // while "1"  (timeout="200")
[19:57:33.655]      // while-condition  =>  TRUE
[19:57:33.655]      // while "1"  (timeout="200")
[19:57:33.655]      // while-condition  =>  TRUE
[19:57:33.655]      // while "1"  (timeout="200")
[19:57:33.655]      // while-condition  =>  TRUE
[19:57:33.655]      // while "1"  (timeout="200")
[19:57:33.659]      // while-condition  =>  TRUE
[19:57:33.659]      // while "1"  (timeout="200")
[19:57:33.659]      // while-condition  =>  TRUE
[19:57:33.659]      // while "1"  (timeout="200")
[19:57:33.659]      // while-condition  =>  TRUE
[19:57:33.659]      // while "1"  (timeout="200")
[19:57:33.659]      // while-condition  =>  TRUE
[19:57:33.659]      // while "1"  (timeout="200")
[19:57:33.659]      // while-condition  =>  TRUE
[19:57:33.659]      // while "1"  (timeout="200")
[19:57:33.659]      // while-condition  =>  TRUE
[19:57:33.659]      // while "1"  (timeout="200")
[19:57:33.659]      // while-condition  =>  TRUE
[19:57:33.659]      // while "1"  (timeout="200")
[19:57:33.659]      // while-condition  =>  TRUE
[19:57:33.659]      // while "1"  (timeout="200")
[19:57:33.659]      // while-condition  =>  TRUE
[19:57:33.659]      // while "1"  (timeout="200")
[19:57:33.659]      // while-condition  =>  TRUE
[19:57:33.659]      // while "1"  (timeout="200")
[19:57:33.659]      // while-condition  =>  TRUE
[19:57:33.659]      // while "1"  (timeout="200")
[19:57:33.659]      // while-condition  =>  TRUE
[19:57:33.659]      // while "1"  (timeout="200")
[19:57:33.659]      // while-condition  =>  TRUE
[19:57:33.659]      // while "1"  (timeout="200")
[19:57:33.659]      // while-condition  =>  TRUE
[19:57:33.659]      // while "1"  (timeout="200")
[19:57:33.659]      // while-condition  =>  TRUE
[19:57:33.659]      // while "1"  (timeout="200")
[19:57:33.659]      // while-condition  =>  TRUE
[19:57:33.659]      // while "1"  (timeout="200")
[19:57:33.659]      // while-condition  =>  TRUE
[19:57:33.659]      // while "1"  (timeout="200")
[19:57:33.659]      // while-condition  =>  TRUE
[19:57:33.659]      // while "1"  (timeout="200")
[19:57:33.659]      // while-condition  =>  TRUE
[19:57:33.659]      // while "1"  (timeout="200")
[19:57:33.659]      // while-condition  =>  TRUE
[19:57:33.659]      // while "1"  (timeout="200")
[19:57:33.659]      // while-condition  =>  TRUE
[19:57:33.659]      // while "1"  (timeout="200")
[19:57:33.659]      // while-condition  =>  TRUE
[19:57:33.659]      // while "1"  (timeout="200")
[19:57:33.659]      // while-condition  =>  TRUE
[19:57:33.659]      // while "1"  (timeout="200")
[19:57:33.659]      // while-condition  =>  TRUE
[19:57:33.659]      // while "1"  (timeout="200")
[19:57:33.659]      // while-condition  =>  TRUE
[19:57:33.659]      // while "1"  (timeout="200")
[19:57:33.659]      // while-condition  =>  TRUE
[19:57:33.659]      // while "1"  (timeout="200")
[19:57:33.659]      // while-condition  =>  TRUE
[19:57:33.659]      // while "1"  (timeout="200")
[19:57:33.659]      // while-condition  =>  TRUE
[19:57:33.659]      // while "1"  (timeout="200")
[19:57:33.659]      // while-condition  =>  TRUE
[19:57:33.659]      // while "1"  (timeout="200")
[19:57:33.659]      // while-condition  =>  TRUE
[19:57:33.659]      // while "1"  (timeout="200")
[19:57:33.659]      // while-condition  =>  TRUE
[19:57:33.659]      // while "1"  (timeout="200")
[19:57:33.659]      // while-condition  =>  TRUE
[19:57:33.659]      // while "1"  (timeout="200")
[19:57:33.659]      // while-condition  =>  TRUE
[19:57:33.659]      // while "1"  (timeout="200")
[19:57:33.659]      // while-condition  =>  TRUE
[19:57:33.659]      // while "1"  (timeout="200")
[19:57:33.659]      // while-condition  =>  TRUE
[19:57:33.659]      // while "1"  (timeout="200")
[19:57:33.659]      // while-condition  =>  TRUE
[19:57:33.659]      // while "1"  (timeout="200")
[19:57:33.659]      // while-condition  =>  TRUE
[19:57:33.659]      // while "1"  (timeout="200")
[19:57:33.659]      // while-condition  =>  TRUE
[19:57:33.659]      // while "1"  (timeout="200")
[19:57:33.659]      // while-condition  =>  TRUE
[19:57:33.659]      // while "1"  (timeout="200")
[19:57:33.659]      // while-condition  =>  TRUE
[19:57:33.659]      // while "1"  (timeout="200")
[19:57:33.659]      // while-condition  =>  TRUE
[19:57:33.659]      // while "1"  (timeout="200")
[19:57:33.659]      // while-condition  =>  TRUE
[19:57:33.659]      // while "1"  (timeout="200")
[19:57:33.659]      // while-condition  =>  TRUE
[19:57:33.659]      // while "1"  (timeout="200")
[19:57:33.659]      // while-condition  =>  TRUE
[19:57:33.659]      // while "1"  (timeout="200")
[19:57:33.659]      // while-condition  =>  TRUE
[19:57:33.659]      // while "1"  (timeout="200")
[19:57:33.659]      // while-condition  =>  TRUE
[19:57:33.659]      // while "1"  (timeout="200")
[19:57:33.659]      // while-condition  =>  TRUE
[19:57:33.659]      // while "1"  (timeout="200")
[19:57:33.659]      // while-condition  =>  TRUE
[19:57:33.664]      // while "1"  (timeout="200")
[19:57:33.664]      // while-condition  =>  TRUE
[19:57:33.664]      // while "1"  (timeout="200")
[19:57:33.664]      // while-condition  =>  TRUE
[19:57:33.664]      // while "1"  (timeout="200")
[19:57:33.664]      // while-condition  =>  TRUE
[19:57:33.664]      // while "1"  (timeout="200")
[19:57:33.664]      // while-condition  =>  TRUE
[19:57:33.664]      // while "1"  (timeout="200")
[19:57:33.664]      // while-condition  =>  TRUE
[19:57:33.664]      // while "1"  (timeout="200")
[19:57:33.664]      // while-condition  =>  TRUE
[19:57:33.664]      // while "1"  (timeout="200")
[19:57:33.664]      // while-condition  =>  TRUE
[19:57:33.664]      // while "1"  (timeout="200")
[19:57:33.664]      // while-condition  =>  TRUE
[19:57:33.664]      // while "1"  (timeout="200")
[19:57:33.664]      // while-condition  =>  TRUE
[19:57:33.664]      // while "1"  (timeout="200")
[19:57:33.664]      // while-condition  =>  TRUE
[19:57:33.664]      // while "1"  (timeout="200")
[19:57:33.664]      // while-condition  =>  TRUE
[19:57:33.664]      // while "1"  (timeout="200")
[19:57:33.664]      // while-condition  =>  TRUE
[19:57:33.665]      // while "1"  (timeout="200")
[19:57:33.665]      // while-condition  =>  TRUE
[19:57:33.665]      // while "1"  (timeout="200")
[19:57:33.666]      // while-condition  =>  TRUE
[19:57:33.666]      // while "1"  (timeout="200")
[19:57:33.666]      // while-condition  =>  TRUE
[19:57:33.666]      // while "1"  (timeout="200")
[19:57:33.666]      // while-condition  =>  TRUE
[19:57:33.666]      // while "1"  (timeout="200")
[19:57:33.666]      // while-condition  =>  TRUE
[19:57:33.666]      // while "1"  (timeout="200")
[19:57:33.666]      // while-condition  =>  TRUE
[19:57:33.666]      // while "1"  (timeout="200")
[19:57:33.666]      // while-condition  =>  TRUE
[19:57:33.666]      // while "1"  (timeout="200")
[19:57:33.666]      // while-condition  =>  TRUE
[19:57:33.666]      // while "1"  (timeout="200")
[19:57:33.666]      // while-condition  =>  TRUE
[19:57:33.666]      // while "1"  (timeout="200")
[19:57:33.666]      // while-condition  =>  TRUE
[19:57:33.666]      // while "1"  (timeout="200")
[19:57:33.666]      // while-condition  =>  TRUE
[19:57:33.666]      // while "1"  (timeout="200")
[19:57:33.666]      // while-condition  =>  TRUE
[19:57:33.666]      // while "1"  (timeout="200")
[19:57:33.666]      // while-condition  =>  TRUE
[19:57:33.666]      // while "1"  (timeout="200")
[19:57:33.666]      // while-condition  =>  TRUE
[19:57:33.666]      // while "1"  (timeout="200")
[19:57:33.666]      // while-condition  =>  TRUE
[19:57:33.666]      // while "1"  (timeout="200")
[19:57:33.666]      // while-condition  =>  TRUE
[19:57:33.666]      // while "1"  (timeout="200")
[19:57:33.666]      // while-condition  =>  TRUE
[19:57:33.666]      // while "1"  (timeout="200")
[19:57:33.666]      // while-condition  =>  TRUE
[19:57:33.666]      // while "1"  (timeout="200")
[19:57:33.666]      // while-condition  =>  TRUE
[19:57:33.666]      // while "1"  (timeout="200")
[19:57:33.666]      // while-condition  =>  TRUE
[19:57:33.666]      // while "1"  (timeout="200")
[19:57:33.666]      // while-condition  =>  TRUE
[19:57:33.666]      // while "1"  (timeout="200")
[19:57:33.666]      // while-condition  =>  TRUE
[19:57:33.666]      // while "1"  (timeout="200")
[19:57:33.666]      // while-condition  =>  TRUE
[19:57:33.666]      // while "1"  (timeout="200")
[19:57:33.666]      // while-condition  =>  TRUE
[19:57:33.666]      // while "1"  (timeout="200")
[19:57:33.666]      // while-condition  =>  TRUE
[19:57:33.666]      // while "1"  (timeout="200")
[19:57:33.666]      // while-condition  =>  TRUE
[19:57:33.666]      // while "1"  (timeout="200")
[19:57:33.666]      // while-condition  =>  TRUE
[19:57:33.666]      // while "1"  (timeout="200")
[19:57:33.666]      // while-condition  =>  TRUE
[19:57:33.666]      // while "1"  (timeout="200")
[19:57:33.666]      // while-condition  =>  TRUE
[19:57:33.666]      // while "1"  (timeout="200")
[19:57:33.666]      // while-condition  =>  TRUE
[19:57:33.666]      // while "1"  (timeout="200")
[19:57:33.666]      // while-condition  =>  TRUE
[19:57:33.666]      // while "1"  (timeout="200")
[19:57:33.666]      // while-condition  =>  TRUE
[19:57:33.666]      // while "1"  (timeout="200")
[19:57:33.666]      // while-condition  =>  TRUE
[19:57:33.666]      // while "1"  (timeout="200")
[19:57:33.666]      // while-condition  =>  TRUE
[19:57:33.666]      // while "1"  (timeout="200")
[19:57:33.666]      // while-condition  =>  TRUE
[19:57:33.666]      // while "1"  (timeout="200")
[19:57:33.666]      // while-condition  =>  TRUE
[19:57:33.666]      // while "1"  (timeout="200")
[19:57:33.666]      // while-condition  =>  TRUE
[19:57:33.666]      // while "1"  (timeout="200")
[19:57:33.666]      // while-condition  =>  TRUE
[19:57:33.666]      // while "1"  (timeout="200")
[19:57:33.666]      // while-condition  =>  TRUE
[19:57:33.666]      // while "1"  (timeout="200")
[19:57:33.669]      // while-condition  =>  TRUE
[19:57:33.669]      // while "1"  (timeout="200")
[19:57:33.669]      // while  =>  TIMEOUT
[19:57:33.669]      // end while "1"
[19:57:33.669]    </control>
[19:57:33.669]    <control if="canReadPins" while="" timeout="0" info="">
[19:57:33.669]      // if-block "canReadPins"
[19:57:33.669]        // =>  TRUE
[19:57:33.669]      <control if="" while="(DAP_SWJ_Pins(nReset, nReset, 0) & nReset) == 0" timeout="1000000" info="">
[19:57:33.669]        // while "(DAP_SWJ_Pins(nReset, nReset, 0) & nReset) == 0"  (timeout="1000000")
[19:57:33.669]          // -> [DAP_SWJ_Pins(0x80, 0x80, 0) => 0x8F]   (Out: nRESET=1  =>  In: SWCLK/TCK=1, SWDIO/TMS=1, TDI=1, TDO=1, nTRST=0, nRESET=1)
[19:57:33.669]        // while-condition  =>  FALSE
[19:57:33.669]        // end while "(DAP_SWJ_Pins(nReset, nReset, 0) & nReset) == 0"
[19:57:33.669]      </control>
[19:57:33.669]      // end if-block "canReadPins"
[19:57:33.669]    </control>
[19:57:33.669]    <control if="!canReadPins" while="" timeout="0" info="">
[19:57:33.669]      // if-block "!canReadPins"
[19:57:33.669]        // =>  FALSE
[19:57:33.669]      // skip if-block "!canReadPins"
[19:57:33.669]    </control>
[19:57:33.669]    <control if="(ACCESS_POINT_VAL & 0x00E00000) == 0" while="" timeout="0" info="">
[19:57:33.669]      // if-block "(ACCESS_POINT_VAL & 0x00E00000) == 0"
[19:57:33.669]        // =>  TRUE
[19:57:33.669]      <block atomic="false" info="">
[19:57:33.669]        WriteAP(0x00, 0x190008);
[19:57:33.669]          // -> [WriteAP(0x00000000, 0x00190008)]   (__dp=0x00000000, __ap=0x00000004)
[19:57:33.674]        WriteAP(0xF0, 0x01);
[19:57:33.675]          // -> [WriteAP(0x000000F0, 0x00000001)]   (__dp=0x00000000, __ap=0x00000004)
[19:57:33.675]      </block>
[19:57:33.675]      // end if-block "(ACCESS_POINT_VAL & 0x00E00000) == 0"
[19:57:33.675]    </control>
[19:57:33.675]    <control if="(ACCESS_POINT_VAL & 0x00E00000) != 0" while="" timeout="0" info="">
[19:57:33.675]      // if-block "(ACCESS_POINT_VAL & 0x00E00000) != 0"
[19:57:33.675]        // =>  FALSE
[19:57:33.675]      // skip if-block "(ACCESS_POINT_VAL & 0x00E00000) != 0"
[19:57:33.675]    </control>
[19:57:33.675]    <block atomic="false" info="">
[19:57:33.675]      ACCESS_POINT_VAL = ReadAP(0x00);//Reading current state of access point
[19:57:33.693]        // -> [ReadAP(0x00000000) => 0x0079042F]   (__dp=0x00000000, __ap=0x00000004)
[19:57:33.694]        // -> [ACCESS_POINT_VAL <= 0x0079042F]
[19:57:33.694]      Message(0, "Current state of access point is: %x",ACCESS_POINT_VAL);
[19:57:33.695]      __ap = 0; //lets make sure we reset the access point selection
[19:57:33.695]        // -> [__ap <= 0x00000000]
[19:57:33.695]    </block>
[19:57:33.695]  </sequence>
[19:57:33.695]  
[19:57:33.715]  **********  Sequence "DebugDeviceUnlock"  (Context="Connect", Pname="", info="")
[19:57:33.715]  
[19:57:33.715]  <debugvars>
[19:57:33.715]    // Pre-defined
[19:57:33.715]    __protocol=0x00010002      (Protocol="SWD", SWJ-DP="True")
[19:57:33.715]    __connection=0x00000202    (Connection Type="Flash", Reset Type="System Reset")
[19:57:33.715]    __dp=0x00000000
[19:57:33.715]    __ap=0x00000000
[19:57:33.715]    __traceout=0x00000000      (Trace Disabled)
[19:57:33.715]    __errorcontrol=0x00000000  (Skip Errors="False")
[19:57:33.715]    __FlashAddr=0x00000000
[19:57:33.715]    __FlashLen=0x00000000
[19:57:33.715]    __FlashArg=0x00000000
[19:57:33.715]    __FlashOp=0x00000000
[19:57:33.715]    __Result=0x00000000
[19:57:33.715]  </debugvars>
[19:57:33.715]  
[19:57:33.715]  <sequence name="DebugDeviceUnlock" Pname="" disable="false" info="">
[19:57:33.715]    <block atomic="false" info="">
[19:57:33.715]      __var deviceID = 0;
[19:57:33.715]        // -> [deviceID <= 0x00000000]
[19:57:33.715]      __var version = 0;
[19:57:33.715]        // -> [version <= 0x00000000]
[19:57:33.715]      __var partNum = 0;
[19:57:33.715]        // -> [partNum <= 0x00000000]
[19:57:33.715]      __var manuf = 0;
[19:57:33.715]        // -> [manuf <= 0x00000000]
[19:57:33.715]      __var isMSPM0G1X0X_G3X0X = 0;
[19:57:33.715]        // -> [isMSPM0G1X0X_G3X0X <= 0x00000000]
[19:57:33.715]      __var isProduction = 0;
[19:57:33.715]        // -> [isProduction <= 0x00000000]
[19:57:33.715]      __var continueId = 0;
[19:57:33.715]        // -> [continueId <= 0x00000000]
[19:57:33.715]      deviceID =   Read32(0x41C40004);
[19:57:33.724]        // -> [Read32(0x41C40004) => 0x2BB8802F]   (__dp=0x00000000, __ap=0x00000000)
[19:57:33.724]        // -> [deviceID <= 0x2BB8802F]
[19:57:33.724]      version = deviceID >> 28;
[19:57:33.724]        // -> [version <= 0x00000002]
[19:57:33.724]      partNum = (deviceID & 0x0FFFF000) >> 12;
[19:57:33.724]        // -> [partNum <= 0x0000BB88]
[19:57:33.724]      manuf = (deviceID & 0x00000FFE) >> 1;
[19:57:33.724]        // -> [manuf <= 0x00000017]
[19:57:33.724]      isMSPM0G1X0X_G3X0X = (partNum == 0xBB88) && (manuf == 0x17);
[19:57:33.724]        // -> [isMSPM0G1X0X_G3X0X <= 0x00000001]
[19:57:33.724]      isProduction = (version > 0);
[19:57:33.724]        // -> [isProduction <= 0x00000001]
[19:57:33.724]    </block>
[19:57:33.724]    <control if="!isMSPM0G1X0X_G3X0X" while="" timeout="0" info="">
[19:57:33.724]      // if-block "!isMSPM0G1X0X_G3X0X"
[19:57:33.724]        // =>  FALSE
[19:57:33.724]      // skip if-block "!isMSPM0G1X0X_G3X0X"
[19:57:33.724]    </control>
[19:57:33.725]    <control if="continueId == 4" while="" timeout="0" info="">
[19:57:33.725]      // if-block "continueId == 4"
[19:57:33.725]        // =>  FALSE
[19:57:33.725]      // skip if-block "continueId == 4"
[19:57:33.725]    </control>
[19:57:33.725]    <control if="!isProduction" while="" timeout="0" info="">
[19:57:33.725]      // if-block "!isProduction"
[19:57:33.725]        // =>  FALSE
[19:57:33.725]      // skip if-block "!isProduction"
[19:57:33.725]    </control>
[19:57:33.725]  </sequence>
[19:57:33.725]  
[20:23:14.026]  **********  Sequence "DebugPortSetup"  (Context="Connect", Pname="", info="")
[20:23:14.026]  
[20:23:14.026]  <debugvars>
[20:23:14.033]    // Pre-defined
[20:23:14.033]    __protocol=0x00010002      (Protocol="SWD", SWJ-DP="True")
[20:23:14.033]    __connection=0x00000202    (Connection Type="Flash", Reset Type="System Reset")
[20:23:14.033]    __dp=0x00000000
[20:23:14.033]    __ap=0x00000000
[20:23:14.033]    __traceout=0x00000000      (Trace Disabled)
[20:23:14.033]    __errorcontrol=0x00000000  (Skip Errors="False")
[20:23:14.033]    __FlashAddr=0x00000000
[20:23:14.033]    __FlashLen=0x00000000
[20:23:14.033]    __FlashArg=0x00000000
[20:23:14.033]    __FlashOp=0x00000000
[20:23:14.033]    __Result=0x00000000
[20:23:14.033]  </debugvars>
[20:23:14.034]  
[20:23:14.034]  <sequence name="DebugPortSetup" Pname="" disable="false" info="">
[20:23:14.034]    <block atomic="false" info="">
[20:23:14.034]      __var isSWJ      = ((__protocol & 0x00010000) != 0);
[20:23:14.034]        // -> [isSWJ <= 0x00000001]
[20:23:14.034]      __var hasDormant = __protocol & 0x00020000;
[20:23:14.034]        // -> [hasDormant <= 0x00000000]
[20:23:14.034]      __var protType   = __protocol & 0x0000FFFF;
[20:23:14.034]        // -> [protType <= 0x00000002]
[20:23:14.034]    </block>
[20:23:14.034]    <control if="protType == 1" while="" timeout="0" info="">
[20:23:14.034]      // if-block "protType == 1"
[20:23:14.034]        // =>  FALSE
[20:23:14.034]      // skip if-block "protType == 1"
[20:23:14.034]    </control>
[20:23:14.034]    <control if="protType == 2" while="" timeout="0" info="">
[20:23:14.034]      // if-block "protType == 2"
[20:23:14.034]        // =>  TRUE
[20:23:14.034]      <control if="isSWJ" while="" timeout="0" info="">
[20:23:14.034]        // if-block "isSWJ"
[20:23:14.034]          // =>  TRUE
[20:23:14.034]        <control if="hasDormant" while="" timeout="0" info="">
[20:23:14.034]          // if-block "hasDormant"
[20:23:14.034]            // =>  FALSE
[20:23:14.034]          // skip if-block "hasDormant"
[20:23:14.034]        </control>
[20:23:14.034]        <control if="!hasDormant" while="" timeout="0" info="">
[20:23:14.034]          // if-block "!hasDormant"
[20:23:14.034]            // =>  TRUE
[20:23:14.034]          <block atomic="false" info="">
[20:23:14.034]            DAP_SWJ_Sequence(51, 0x0007FFFFFFFFFFFF); //lets put the JTAG line in a reset state
[20:23:14.034]              // -> [DAP_SWJ_Sequence(51, 0x0007FFFFFFFFFFFF)]
[20:23:14.034]            DAP_SWJ_Sequence(16,0xE73C); //SWD to JTAG, this is to ensure the state machine is initialized
[20:23:14.044]              // -> [DAP_SWJ_Sequence(16, 0x000000000000E73C)]
[20:23:14.044]            DAP_SWJ_Sequence(51, 0x0007FFFFFFFFFFFF); //Put it back in reset
[20:23:14.044]              // -> [DAP_SWJ_Sequence(51, 0x0007FFFFFFFFFFFF)]
[20:23:14.044]            DAP_SWJ_Sequence(16, 0xE79E); //JTAG to SWD switch
[20:23:14.044]              // -> [DAP_SWJ_Sequence(16, 0x000000000000E79E)]
[20:23:14.044]            DAP_SWJ_Sequence(51, 0x0007FFFFFFFFFFFF);  //Ensure the switch is successful 
[20:23:14.044]              // -> [DAP_SWJ_Sequence(51, 0x0007FFFFFFFFFFFF)]
[20:23:14.044]            DAP_SWJ_Sequence(7,  0x00); //Give the line some time to initialize
[20:23:14.044]              // -> [DAP_SWJ_Sequence(7, 0x0000000000000000)]
[20:23:14.044]          </block>
[20:23:14.044]          // end if-block "!hasDormant"
[20:23:14.044]        </control>
[20:23:14.044]        // end if-block "isSWJ"
[20:23:14.044]      </control>
[20:23:14.044]      <control if="!isSWJ" while="" timeout="0" info="">
[20:23:14.044]        // if-block "!isSWJ"
[20:23:14.044]          // =>  FALSE
[20:23:14.044]        // skip if-block "!isSWJ"
[20:23:14.053]      </control>
[20:23:14.053]      <block atomic="false" info="">
[20:23:14.053]        ReadDP(0x0);
[20:23:14.053]          // -> [ReadDP(0x00000000) => 0x6BA02477]   (__dp=0x00000000)
[20:23:14.053]      </block>
[20:23:14.053]      // end if-block "protType == 2"
[20:23:14.053]    </control>
[20:23:14.053]  </sequence>
[20:23:14.053]  
[20:23:14.053]  **********  Sequence "DebugPortStart"  (Context="Connect", Pname="", info="")
[20:23:14.053]  
[20:23:14.053]  <debugvars>
[20:23:14.053]    // Pre-defined
[20:23:14.053]    __protocol=0x00010002      (Protocol="SWD", SWJ-DP="True")
[20:23:14.053]    __connection=0x00000202    (Connection Type="Flash", Reset Type="System Reset")
[20:23:14.053]    __dp=0x00000000
[20:23:14.053]    __ap=0x00000000
[20:23:14.053]    __traceout=0x00000000      (Trace Disabled)
[20:23:14.053]    __errorcontrol=0x00000000  (Skip Errors="False")
[20:23:14.053]    __FlashAddr=0x00000000
[20:23:14.053]    __FlashLen=0x00000000
[20:23:14.053]    __FlashArg=0x00000000
[20:23:14.053]    __FlashOp=0x00000000
[20:23:14.053]    __Result=0x00000000
[20:23:14.053]  </debugvars>
[20:23:14.053]  
[20:23:14.053]  <sequence name="DebugPortStart" Pname="" disable="false" info="">
[20:23:14.053]    <block atomic="false" info="">
[20:23:14.053]      __var SW_DP_ABORT       = 0x0;
[20:23:14.053]        // -> [SW_DP_ABORT <= 0x00000000]
[20:23:14.053]      __var DP_CTRL_STAT      = 0x4;
[20:23:14.053]        // -> [DP_CTRL_STAT <= 0x00000004]
[20:23:14.053]      __var DP_SELECT         = 0x8;
[20:23:14.053]        // -> [DP_SELECT <= 0x00000008]
[20:23:14.053]      __var powered_down      = 0;
[20:23:14.053]        // -> [powered_down <= 0x00000000]
[20:23:14.063]      WriteDP(DP_SELECT, 0x00000000);
[20:23:14.064]        // -> [WriteDP(0x00000008, 0x00000000)]   (__dp=0x00000000)
[20:23:14.064]      powered_down = ((ReadDP(DP_CTRL_STAT) & 0xA0000000) != 0xA0000000);
[20:23:14.064]        // -> [ReadDP(0x00000004) => 0x00000040]   (__dp=0x00000000)
[20:23:14.064]        // -> [powered_down <= 0x00000001]
[20:23:14.064]    </block>
[20:23:14.064]    <control if="powered_down" while="" timeout="0" info="">
[20:23:14.064]      // if-block "powered_down"
[20:23:14.064]        // =>  TRUE
[20:23:14.064]      <block atomic="false" info="">
[20:23:14.064]        Message(0, "Debug/System power-up request sent");
[20:23:14.064]        WriteDP(DP_CTRL_STAT, 0x50000000);
[20:23:14.064]          // -> [WriteDP(0x00000004, 0x50000000)]   (__dp=0x00000000)
[20:23:14.064]      </block>
[20:23:14.064]      <control if="" while="(ReadDP(DP_CTRL_STAT) & 0xA0000000) != 0xA0000000" timeout="1000000" info="">
[20:23:14.064]        // while "(ReadDP(DP_CTRL_STAT) & 0xA0000000) != 0xA0000000"  (timeout="1000000")
[20:23:14.064]          // -> [ReadDP(0x00000004) => 0xF0000040]   (__dp=0x00000000)
[20:23:14.064]        // while-condition  =>  FALSE
[20:23:14.064]        // end while "(ReadDP(DP_CTRL_STAT) & 0xA0000000) != 0xA0000000"
[20:23:14.064]      </control>
[20:23:14.064]      <control if="(__protocol & 0xFFFF) == 1" while="" timeout="0" info="">
[20:23:14.064]        // if-block "(__protocol & 0xFFFF) == 1"
[20:23:14.064]          // =>  FALSE
[20:23:14.064]        // skip if-block "(__protocol & 0xFFFF) == 1"
[20:23:14.064]      </control>
[20:23:14.064]      <control if="(__protocol & 0xFFFF) == 2" while="" timeout="0" info="">
[20:23:14.064]        // if-block "(__protocol & 0xFFFF) == 2"
[20:23:14.064]          // =>  TRUE
[20:23:14.064]        <block atomic="false" info="">
[20:23:14.064]          Message(0, "executing SWD power up");
[20:23:14.064]          WriteDP(DP_CTRL_STAT, 0x50000F00);
[20:23:14.074]            // -> [WriteDP(0x00000004, 0x50000F00)]   (__dp=0x00000000)
[20:23:14.074]          WriteDP(SW_DP_ABORT, 0x0000001E);
[20:23:14.074]            // -> [WriteDP(0x00000000, 0x0000001E)]   (__dp=0x00000000)
[20:23:14.074]        </block>
[20:23:14.074]        // end if-block "(__protocol & 0xFFFF) == 2"
[20:23:14.074]      </control>
[20:23:14.074]      // end if-block "powered_down"
[20:23:14.074]    </control>
[20:23:14.074]    <block atomic="false" info="">
[20:23:14.074]      __var DEBUG_PORT_VAL    = 0;
[20:23:14.074]        // -> [DEBUG_PORT_VAL <= 0x00000000]
[20:23:14.074]      __var ACCESS_POINT_VAL  = 0;
[20:23:14.074]        // -> [ACCESS_POINT_VAL <= 0x00000000]
[20:23:14.074]      __ap = 1; 
[20:23:14.074]        // -> [__ap <= 0x00000001]
[20:23:14.074]      WriteAP(0x0C, 0x04); //lets use the mini pwr-ap as backup
[20:23:14.074]        // -> [WriteAP(0x0000000C, 0x00000004)]   (__dp=0x00000000, __ap=0x00000001)
[20:23:14.074]      __ap = 4;
[20:23:14.074]        // -> [__ap <= 0x00000004]
[20:23:14.074]      ACCESS_POINT_VAL = ReadAP(0x00);//Reading current state of access point
[20:23:14.083]        // -> [ReadAP(0x00000000) => 0x00080027]   (__dp=0x00000000, __ap=0x00000004)
[20:23:14.083]        // -> [ACCESS_POINT_VAL <= 0x00080027]
[20:23:14.083]      Message(0, "Current state of access point is: %x",ACCESS_POINT_VAL);
[20:23:14.083]    </block>
[20:23:14.083]    <block atomic="false" info="">
[20:23:14.083]      __var nReset = 0x80;
[20:23:14.083]        // -> [nReset <= 0x00000080]
[20:23:14.083]      __var canReadPins = 0;
[20:23:14.083]        // -> [canReadPins <= 0x00000000]
[20:23:14.083]      canReadPins = (DAP_SWJ_Pins(0x00, nReset, 0) != 0xFFFFFFFF);
[20:23:14.083]        // -> [DAP_SWJ_Pins(0x00, 0x80, 0) => 0x0F]   (Out: nRESET=0  =>  In: SWCLK/TCK=1, SWDIO/TMS=1, TDI=1, TDO=1, nTRST=0, nRESET=0)
[20:23:14.083]        // -> [canReadPins <= 0x00000001]
[20:23:14.083]    </block>
[20:23:14.083]    <control if="" while="1" timeout="200" info="">
[20:23:14.083]      // while "1"  (timeout="200")
[20:23:14.083]      // while-condition  =>  TRUE
[20:23:14.083]      // while "1"  (timeout="200")
[20:23:14.083]      // while-condition  =>  TRUE
[20:23:14.083]      // while "1"  (timeout="200")
[20:23:14.083]      // while-condition  =>  TRUE
[20:23:14.083]      // while "1"  (timeout="200")
[20:23:14.083]      // while-condition  =>  TRUE
[20:23:14.083]      // while "1"  (timeout="200")
[20:23:14.083]      // while-condition  =>  TRUE
[20:23:14.083]      // while "1"  (timeout="200")
[20:23:14.083]      // while-condition  =>  TRUE
[20:23:14.083]      // while "1"  (timeout="200")
[20:23:14.083]      // while-condition  =>  TRUE
[20:23:14.083]      // while "1"  (timeout="200")
[20:23:14.083]      // while-condition  =>  TRUE
[20:23:14.083]      // while "1"  (timeout="200")
[20:23:14.083]      // while-condition  =>  TRUE
[20:23:14.083]      // while "1"  (timeout="200")
[20:23:14.083]      // while-condition  =>  TRUE
[20:23:14.083]      // while "1"  (timeout="200")
[20:23:14.083]      // while-condition  =>  TRUE
[20:23:14.083]      // while "1"  (timeout="200")
[20:23:14.083]      // while-condition  =>  TRUE
[20:23:14.083]      // while "1"  (timeout="200")
[20:23:14.083]      // while-condition  =>  TRUE
[20:23:14.083]      // while "1"  (timeout="200")
[20:23:14.083]      // while-condition  =>  TRUE
[20:23:14.083]      // while "1"  (timeout="200")
[20:23:14.083]      // while-condition  =>  TRUE
[20:23:14.083]      // while "1"  (timeout="200")
[20:23:14.083]      // while-condition  =>  TRUE
[20:23:14.083]      // while "1"  (timeout="200")
[20:23:14.083]      // while-condition  =>  TRUE
[20:23:14.083]      // while "1"  (timeout="200")
[20:23:14.083]      // while-condition  =>  TRUE
[20:23:14.083]      // while "1"  (timeout="200")
[20:23:14.083]      // while-condition  =>  TRUE
[20:23:14.083]      // while "1"  (timeout="200")
[20:23:14.083]      // while-condition  =>  TRUE
[20:23:14.083]      // while "1"  (timeout="200")
[20:23:14.083]      // while-condition  =>  TRUE
[20:23:14.083]      // while "1"  (timeout="200")
[20:23:14.083]      // while-condition  =>  TRUE
[20:23:14.083]      // while "1"  (timeout="200")
[20:23:14.083]      // while-condition  =>  TRUE
[20:23:14.083]      // while "1"  (timeout="200")
[20:23:14.083]      // while-condition  =>  TRUE
[20:23:14.083]      // while "1"  (timeout="200")
[20:23:14.083]      // while-condition  =>  TRUE
[20:23:14.083]      // while "1"  (timeout="200")
[20:23:14.083]      // while-condition  =>  TRUE
[20:23:14.083]      // while "1"  (timeout="200")
[20:23:14.083]      // while-condition  =>  TRUE
[20:23:14.083]      // while "1"  (timeout="200")
[20:23:14.083]      // while-condition  =>  TRUE
[20:23:14.083]      // while "1"  (timeout="200")
[20:23:14.083]      // while-condition  =>  TRUE
[20:23:14.083]      // while "1"  (timeout="200")
[20:23:14.083]      // while-condition  =>  TRUE
[20:23:14.083]      // while "1"  (timeout="200")
[20:23:14.083]      // while-condition  =>  TRUE
[20:23:14.083]      // while "1"  (timeout="200")
[20:23:14.083]      // while-condition  =>  TRUE
[20:23:14.083]      // while "1"  (timeout="200")
[20:23:14.083]      // while-condition  =>  TRUE
[20:23:14.083]      // while "1"  (timeout="200")
[20:23:14.083]      // while-condition  =>  TRUE
[20:23:14.083]      // while "1"  (timeout="200")
[20:23:14.083]      // while-condition  =>  TRUE
[20:23:14.083]      // while "1"  (timeout="200")
[20:23:14.083]      // while-condition  =>  TRUE
[20:23:14.083]      // while "1"  (timeout="200")
[20:23:14.083]      // while-condition  =>  TRUE
[20:23:14.083]      // while "1"  (timeout="200")
[20:23:14.083]      // while-condition  =>  TRUE
[20:23:14.083]      // while "1"  (timeout="200")
[20:23:14.083]      // while-condition  =>  TRUE
[20:23:14.083]      // while "1"  (timeout="200")
[20:23:14.083]      // while-condition  =>  TRUE
[20:23:14.083]      // while "1"  (timeout="200")
[20:23:14.083]      // while-condition  =>  TRUE
[20:23:14.083]      // while "1"  (timeout="200")
[20:23:14.083]      // while-condition  =>  TRUE
[20:23:14.083]      // while "1"  (timeout="200")
[20:23:14.083]      // while-condition  =>  TRUE
[20:23:14.083]      // while "1"  (timeout="200")
[20:23:14.083]      // while-condition  =>  TRUE
[20:23:14.083]      // while "1"  (timeout="200")
[20:23:14.083]      // while-condition  =>  TRUE
[20:23:14.083]      // while "1"  (timeout="200")
[20:23:14.083]      // while-condition  =>  TRUE
[20:23:14.083]      // while "1"  (timeout="200")
[20:23:14.083]      // while-condition  =>  TRUE
[20:23:14.083]      // while "1"  (timeout="200")
[20:23:14.083]      // while-condition  =>  TRUE
[20:23:14.083]      // while "1"  (timeout="200")
[20:23:14.083]      // while-condition  =>  TRUE
[20:23:14.083]      // while "1"  (timeout="200")
[20:23:14.083]      // while-condition  =>  TRUE
[20:23:14.083]      // while "1"  (timeout="200")
[20:23:14.083]      // while-condition  =>  TRUE
[20:23:14.083]      // while "1"  (timeout="200")
[20:23:14.083]      // while-condition  =>  TRUE
[20:23:14.083]      // while "1"  (timeout="200")
[20:23:14.083]      // while-condition  =>  TRUE
[20:23:14.083]      // while "1"  (timeout="200")
[20:23:14.083]      // while-condition  =>  TRUE
[20:23:14.083]      // while "1"  (timeout="200")
[20:23:14.083]      // while-condition  =>  TRUE
[20:23:14.083]      // while "1"  (timeout="200")
[20:23:14.083]      // while-condition  =>  TRUE
[20:23:14.083]      // while "1"  (timeout="200")
[20:23:14.083]      // while-condition  =>  TRUE
[20:23:14.083]      // while "1"  (timeout="200")
[20:23:14.083]      // while-condition  =>  TRUE
[20:23:14.083]      // while "1"  (timeout="200")
[20:23:14.093]      // while-condition  =>  TRUE
[20:23:14.093]      // while "1"  (timeout="200")
[20:23:14.093]      // while  =>  TIMEOUT
[20:23:14.093]      // end while "1"
[20:23:14.094]    </control>
[20:23:14.094]    <control if="canReadPins" while="" timeout="0" info="">
[20:23:14.094]      // if-block "canReadPins"
[20:23:14.094]        // =>  TRUE
[20:23:14.094]      <control if="" while="(DAP_SWJ_Pins(nReset, nReset, 0) & nReset) == 0" timeout="1000000" info="">
[20:23:14.094]        // while "(DAP_SWJ_Pins(nReset, nReset, 0) & nReset) == 0"  (timeout="1000000")
[20:23:14.094]          // -> [DAP_SWJ_Pins(0x80, 0x80, 0) => 0x8F]   (Out: nRESET=1  =>  In: SWCLK/TCK=1, SWDIO/TMS=1, TDI=1, TDO=1, nTRST=0, nRESET=1)
[20:23:14.094]        // while-condition  =>  FALSE
[20:23:14.094]        // end while "(DAP_SWJ_Pins(nReset, nReset, 0) & nReset) == 0"
[20:23:14.094]      </control>
[20:23:14.094]      // end if-block "canReadPins"
[20:23:14.094]    </control>
[20:23:14.094]    <control if="!canReadPins" while="" timeout="0" info="">
[20:23:14.094]      // if-block "!canReadPins"
[20:23:14.094]        // =>  FALSE
[20:23:14.094]      // skip if-block "!canReadPins"
[20:23:14.094]    </control>
[20:23:14.094]    <control if="(ACCESS_POINT_VAL & 0x00E00000) == 0" while="" timeout="0" info="">
[20:23:14.094]      // if-block "(ACCESS_POINT_VAL & 0x00E00000) == 0"
[20:23:14.094]        // =>  TRUE
[20:23:14.094]      <block atomic="false" info="">
[20:23:14.094]        WriteAP(0x00, 0x190008);
[20:23:14.094]          // -> [WriteAP(0x00000000, 0x00190008)]   (__dp=0x00000000, __ap=0x00000004)
[20:23:14.094]        WriteAP(0xF0, 0x01);
[20:23:14.103]          // -> [WriteAP(0x000000F0, 0x00000001)]   (__dp=0x00000000, __ap=0x00000004)
[20:23:14.103]      </block>
[20:23:14.103]      // end if-block "(ACCESS_POINT_VAL & 0x00E00000) == 0"
[20:23:14.103]    </control>
[20:23:14.103]    <control if="(ACCESS_POINT_VAL & 0x00E00000) != 0" while="" timeout="0" info="">
[20:23:14.103]      // if-block "(ACCESS_POINT_VAL & 0x00E00000) != 0"
[20:23:14.103]        // =>  FALSE
[20:23:14.103]      // skip if-block "(ACCESS_POINT_VAL & 0x00E00000) != 0"
[20:23:14.104]    </control>
[20:23:14.104]    <block atomic="false" info="">
[20:23:14.104]      ACCESS_POINT_VAL = ReadAP(0x00);//Reading current state of access point
[20:23:14.104]        // -> [ReadAP(0x00000000) => 0x0079002F]   (__dp=0x00000000, __ap=0x00000004)
[20:23:14.104]        // -> [ACCESS_POINT_VAL <= 0x0079002F]
[20:23:14.104]      Message(0, "Current state of access point is: %x",ACCESS_POINT_VAL);
[20:23:14.104]      __ap = 0; //lets make sure we reset the access point selection
[20:23:14.104]        // -> [__ap <= 0x00000000]
[20:23:14.104]    </block>
[20:23:14.104]  </sequence>
[20:23:14.104]  
[20:23:14.126]  **********  Sequence "DebugDeviceUnlock"  (Context="Connect", Pname="", info="")
[20:23:14.126]  
[20:23:14.126]  <debugvars>
[20:23:14.126]    // Pre-defined
[20:23:14.126]    __protocol=0x00010002      (Protocol="SWD", SWJ-DP="True")
[20:23:14.126]    __connection=0x00000202    (Connection Type="Flash", Reset Type="System Reset")
[20:23:14.126]    __dp=0x00000000
[20:23:14.126]    __ap=0x00000000
[20:23:14.126]    __traceout=0x00000000      (Trace Disabled)
[20:23:14.126]    __errorcontrol=0x00000000  (Skip Errors="False")
[20:23:14.126]    __FlashAddr=0x00000000
[20:23:14.126]    __FlashLen=0x00000000
[20:23:14.126]    __FlashArg=0x00000000
[20:23:14.126]    __FlashOp=0x00000000
[20:23:14.126]    __Result=0x00000000
[20:23:14.126]  </debugvars>
[20:23:14.126]  
[20:23:14.126]  <sequence name="DebugDeviceUnlock" Pname="" disable="false" info="">
[20:23:14.126]    <block atomic="false" info="">
[20:23:14.126]      __var deviceID = 0;
[20:23:14.126]        // -> [deviceID <= 0x00000000]
[20:23:14.126]      __var version = 0;
[20:23:14.126]        // -> [version <= 0x00000000]
[20:23:14.126]      __var partNum = 0;
[20:23:14.126]        // -> [partNum <= 0x00000000]
[20:23:14.126]      __var manuf = 0;
[20:23:14.126]        // -> [manuf <= 0x00000000]
[20:23:14.126]      __var isMSPM0G1X0X_G3X0X = 0;
[20:23:14.126]        // -> [isMSPM0G1X0X_G3X0X <= 0x00000000]
[20:23:14.126]      __var isProduction = 0;
[20:23:14.126]        // -> [isProduction <= 0x00000000]
[20:23:14.126]      __var continueId = 0;
[20:23:14.126]        // -> [continueId <= 0x00000000]
[20:23:14.126]      deviceID =   Read32(0x41C40004);
[20:23:14.134]        // -> [Read32(0x41C40004) => 0x2BB8802F]   (__dp=0x00000000, __ap=0x00000000)
[20:23:14.134]        // -> [deviceID <= 0x2BB8802F]
[20:23:14.134]      version = deviceID >> 28;
[20:23:14.134]        // -> [version <= 0x00000002]
[20:23:14.134]      partNum = (deviceID & 0x0FFFF000) >> 12;
[20:23:14.134]        // -> [partNum <= 0x0000BB88]
[20:23:14.134]      manuf = (deviceID & 0x00000FFE) >> 1;
[20:23:14.134]        // -> [manuf <= 0x00000017]
[20:23:14.134]      isMSPM0G1X0X_G3X0X = (partNum == 0xBB88) && (manuf == 0x17);
[20:23:14.134]        // -> [isMSPM0G1X0X_G3X0X <= 0x00000001]
[20:23:14.134]      isProduction = (version > 0);
[20:23:14.134]        // -> [isProduction <= 0x00000001]
[20:23:14.134]    </block>
[20:23:14.134]    <control if="!isMSPM0G1X0X_G3X0X" while="" timeout="0" info="">
[20:23:14.134]      // if-block "!isMSPM0G1X0X_G3X0X"
[20:23:14.134]        // =>  FALSE
[20:23:14.134]      // skip if-block "!isMSPM0G1X0X_G3X0X"
[20:23:14.134]    </control>
[20:23:14.134]    <control if="continueId == 4" while="" timeout="0" info="">
[20:23:14.134]      // if-block "continueId == 4"
[20:23:14.134]        // =>  FALSE
[20:23:14.134]      // skip if-block "continueId == 4"
[20:23:14.134]    </control>
[20:23:14.134]    <control if="!isProduction" while="" timeout="0" info="">
[20:23:14.134]      // if-block "!isProduction"
[20:23:14.134]        // =>  FALSE
[20:23:14.134]      // skip if-block "!isProduction"
[20:23:14.134]    </control>
[20:23:14.134]  </sequence>
[20:23:14.134]  
[20:36:16.892]  **********  Sequence "DebugPortSetup"  (Context="Connect", Pname="", info="")
[20:36:16.892]  
[20:36:16.892]  <debugvars>
[20:36:16.892]    // Pre-defined
[20:36:16.893]    __protocol=0x00010002      (Protocol="SWD", SWJ-DP="True")
[20:36:16.893]    __connection=0x00000202    (Connection Type="Flash", Reset Type="System Reset")
[20:36:16.893]    __dp=0x00000000
[20:36:16.893]    __ap=0x00000000
[20:36:16.893]    __traceout=0x00000000      (Trace Disabled)
[20:36:16.893]    __errorcontrol=0x00000000  (Skip Errors="False")
[20:36:16.894]    __FlashAddr=0x00000000
[20:36:16.894]    __FlashLen=0x00000000
[20:36:16.894]    __FlashArg=0x00000000
[20:36:16.894]    __FlashOp=0x00000000
[20:36:16.894]    __Result=0x00000000
[20:36:16.894]  </debugvars>
[20:36:16.894]  
[20:36:16.894]  <sequence name="DebugPortSetup" Pname="" disable="false" info="">
[20:36:16.894]    <block atomic="false" info="">
[20:36:16.894]      __var isSWJ      = ((__protocol & 0x00010000) != 0);
[20:36:16.894]        // -> [isSWJ <= 0x00000001]
[20:36:16.894]      __var hasDormant = __protocol & 0x00020000;
[20:36:16.894]        // -> [hasDormant <= 0x00000000]
[20:36:16.894]      __var protType   = __protocol & 0x0000FFFF;
[20:36:16.894]        // -> [protType <= 0x00000002]
[20:36:16.894]    </block>
[20:36:16.894]    <control if="protType == 1" while="" timeout="0" info="">
[20:36:16.894]      // if-block "protType == 1"
[20:36:16.894]        // =>  FALSE
[20:36:16.894]      // skip if-block "protType == 1"
[20:36:16.894]    </control>
[20:36:16.894]    <control if="protType == 2" while="" timeout="0" info="">
[20:36:16.894]      // if-block "protType == 2"
[20:36:16.894]        // =>  TRUE
[20:36:16.894]      <control if="isSWJ" while="" timeout="0" info="">
[20:36:16.894]        // if-block "isSWJ"
[20:36:16.894]          // =>  TRUE
[20:36:16.894]        <control if="hasDormant" while="" timeout="0" info="">
[20:36:16.894]          // if-block "hasDormant"
[20:36:16.894]            // =>  FALSE
[20:36:16.894]          // skip if-block "hasDormant"
[20:36:16.894]        </control>
[20:36:16.894]        <control if="!hasDormant" while="" timeout="0" info="">
[20:36:16.894]          // if-block "!hasDormant"
[20:36:16.894]            // =>  TRUE
[20:36:16.894]          <block atomic="false" info="">
[20:36:16.894]            DAP_SWJ_Sequence(51, 0x0007FFFFFFFFFFFF); //lets put the JTAG line in a reset state
[20:36:16.894]              // -> [DAP_SWJ_Sequence(51, 0x0007FFFFFFFFFFFF)]
[20:36:16.894]            DAP_SWJ_Sequence(16,0xE73C); //SWD to JTAG, this is to ensure the state machine is initialized
[20:36:16.900]              // -> [DAP_SWJ_Sequence(16, 0x000000000000E73C)]
[20:36:16.900]            DAP_SWJ_Sequence(51, 0x0007FFFFFFFFFFFF); //Put it back in reset
[20:36:16.904]              // -> [DAP_SWJ_Sequence(51, 0x0007FFFFFFFFFFFF)]
[20:36:16.904]            DAP_SWJ_Sequence(16, 0xE79E); //JTAG to SWD switch
[20:36:16.906]              // -> [DAP_SWJ_Sequence(16, 0x000000000000E79E)]
[20:36:16.906]            DAP_SWJ_Sequence(51, 0x0007FFFFFFFFFFFF);  //Ensure the switch is successful 
[20:36:16.906]              // -> [DAP_SWJ_Sequence(51, 0x0007FFFFFFFFFFFF)]
[20:36:16.906]            DAP_SWJ_Sequence(7,  0x00); //Give the line some time to initialize
[20:36:16.910]              // -> [DAP_SWJ_Sequence(7, 0x0000000000000000)]
[20:36:16.910]          </block>
[20:36:16.910]          // end if-block "!hasDormant"
[20:36:16.910]        </control>
[20:36:16.910]        // end if-block "isSWJ"
[20:36:16.910]      </control>
[20:36:16.910]      <control if="!isSWJ" while="" timeout="0" info="">
[20:36:16.910]        // if-block "!isSWJ"
[20:36:16.910]          // =>  FALSE
[20:36:16.910]        // skip if-block "!isSWJ"
[20:36:16.910]      </control>
[20:36:16.910]      <block atomic="false" info="">
[20:36:16.910]        ReadDP(0x0);
[20:36:16.910]          // -> [ReadDP(0x00000000) => 0x6BA02477]   (__dp=0x00000000)
[20:36:16.910]      </block>
[20:36:16.910]      // end if-block "protType == 2"
[20:36:16.910]    </control>
[20:36:16.910]  </sequence>
[20:36:16.910]  
[20:36:16.914]  **********  Sequence "DebugPortStart"  (Context="Connect", Pname="", info="")
[20:36:16.914]  
[20:36:16.914]  <debugvars>
[20:36:16.914]    // Pre-defined
[20:36:16.914]    __protocol=0x00010002      (Protocol="SWD", SWJ-DP="True")
[20:36:16.914]    __connection=0x00000202    (Connection Type="Flash", Reset Type="System Reset")
[20:36:16.914]    __dp=0x00000000
[20:36:16.914]    __ap=0x00000000
[20:36:16.914]    __traceout=0x00000000      (Trace Disabled)
[20:36:16.914]    __errorcontrol=0x00000000  (Skip Errors="False")
[20:36:16.914]    __FlashAddr=0x00000000
[20:36:16.914]    __FlashLen=0x00000000
[20:36:16.914]    __FlashArg=0x00000000
[20:36:16.914]    __FlashOp=0x00000000
[20:36:16.914]    __Result=0x00000000
[20:36:16.914]  </debugvars>
[20:36:16.914]  
[20:36:16.914]  <sequence name="DebugPortStart" Pname="" disable="false" info="">
[20:36:16.914]    <block atomic="false" info="">
[20:36:16.914]      __var SW_DP_ABORT       = 0x0;
[20:36:16.914]        // -> [SW_DP_ABORT <= 0x00000000]
[20:36:16.914]      __var DP_CTRL_STAT      = 0x4;
[20:36:16.914]        // -> [DP_CTRL_STAT <= 0x00000004]
[20:36:16.914]      __var DP_SELECT         = 0x8;
[20:36:16.914]        // -> [DP_SELECT <= 0x00000008]
[20:36:16.914]      __var powered_down      = 0;
[20:36:16.914]        // -> [powered_down <= 0x00000000]
[20:36:16.914]      WriteDP(DP_SELECT, 0x00000000);
[20:36:16.914]        // -> [WriteDP(0x00000008, 0x00000000)]   (__dp=0x00000000)
[20:36:16.914]      powered_down = ((ReadDP(DP_CTRL_STAT) & 0xA0000000) != 0xA0000000);
[20:36:16.920]        // -> [ReadDP(0x00000004) => 0x00000040]   (__dp=0x00000000)
[20:36:16.920]        // -> [powered_down <= 0x00000001]
[20:36:16.920]    </block>
[20:36:16.920]    <control if="powered_down" while="" timeout="0" info="">
[20:36:16.920]      // if-block "powered_down"
[20:36:16.920]        // =>  TRUE
[20:36:16.920]      <block atomic="false" info="">
[20:36:16.920]        Message(0, "Debug/System power-up request sent");
[20:36:16.923]        WriteDP(DP_CTRL_STAT, 0x50000000);
[20:36:16.924]          // -> [WriteDP(0x00000004, 0x50000000)]   (__dp=0x00000000)
[20:36:16.924]      </block>
[20:36:16.924]      <control if="" while="(ReadDP(DP_CTRL_STAT) & 0xA0000000) != 0xA0000000" timeout="1000000" info="">
[20:36:16.924]        // while "(ReadDP(DP_CTRL_STAT) & 0xA0000000) != 0xA0000000"  (timeout="1000000")
[20:36:16.924]          // -> [ReadDP(0x00000004) => 0xF0000040]   (__dp=0x00000000)
[20:36:16.924]        // while-condition  =>  FALSE
[20:36:16.924]        // end while "(ReadDP(DP_CTRL_STAT) & 0xA0000000) != 0xA0000000"
[20:36:16.924]      </control>
[20:36:16.924]      <control if="(__protocol & 0xFFFF) == 1" while="" timeout="0" info="">
[20:36:16.924]        // if-block "(__protocol & 0xFFFF) == 1"
[20:36:16.924]          // =>  FALSE
[20:36:16.924]        // skip if-block "(__protocol & 0xFFFF) == 1"
[20:36:16.924]      </control>
[20:36:16.924]      <control if="(__protocol & 0xFFFF) == 2" while="" timeout="0" info="">
[20:36:16.924]        // if-block "(__protocol & 0xFFFF) == 2"
[20:36:16.924]          // =>  TRUE
[20:36:16.924]        <block atomic="false" info="">
[20:36:16.924]          Message(0, "executing SWD power up");
[20:36:16.924]          WriteDP(DP_CTRL_STAT, 0x50000F00);
[20:36:16.930]            // -> [WriteDP(0x00000004, 0x50000F00)]   (__dp=0x00000000)
[20:36:16.930]          WriteDP(SW_DP_ABORT, 0x0000001E);
[20:36:16.933]            // -> [WriteDP(0x00000000, 0x0000001E)]   (__dp=0x00000000)
[20:36:16.933]        </block>
[20:36:16.934]        // end if-block "(__protocol & 0xFFFF) == 2"
[20:36:16.934]      </control>
[20:36:16.934]      // end if-block "powered_down"
[20:36:16.934]    </control>
[20:36:16.934]    <block atomic="false" info="">
[20:36:16.934]      __var DEBUG_PORT_VAL    = 0;
[20:36:16.934]        // -> [DEBUG_PORT_VAL <= 0x00000000]
[20:36:16.934]      __var ACCESS_POINT_VAL  = 0;
[20:36:16.934]        // -> [ACCESS_POINT_VAL <= 0x00000000]
[20:36:16.934]      __ap = 1; 
[20:36:16.934]        // -> [__ap <= 0x00000001]
[20:36:16.934]      WriteAP(0x0C, 0x04); //lets use the mini pwr-ap as backup
[20:36:16.936]        // -> [WriteAP(0x0000000C, 0x00000004)]   (__dp=0x00000000, __ap=0x00000001)
[20:36:16.936]      __ap = 4;
[20:36:16.936]        // -> [__ap <= 0x00000004]
[20:36:16.936]      ACCESS_POINT_VAL = ReadAP(0x00);//Reading current state of access point
[20:36:16.940]        // -> [ReadAP(0x00000000) => 0x00080027]   (__dp=0x00000000, __ap=0x00000004)
[20:36:16.943]        // -> [ACCESS_POINT_VAL <= 0x00080027]
[20:36:16.943]      Message(0, "Current state of access point is: %x",ACCESS_POINT_VAL);
[20:36:16.943]    </block>
[20:36:16.944]    <block atomic="false" info="">
[20:36:16.944]      __var nReset = 0x80;
[20:36:16.944]        // -> [nReset <= 0x00000080]
[20:36:16.944]      __var canReadPins = 0;
[20:36:16.944]        // -> [canReadPins <= 0x00000000]
[20:36:16.944]      canReadPins = (DAP_SWJ_Pins(0x00, nReset, 0) != 0xFFFFFFFF);
[20:36:16.944]        // -> [DAP_SWJ_Pins(0x00, 0x80, 0) => 0x0F]   (Out: nRESET=0  =>  In: SWCLK/TCK=1, SWDIO/TMS=1, TDI=1, TDO=1, nTRST=0, nRESET=0)
[20:36:16.944]        // -> [canReadPins <= 0x00000001]
[20:36:16.944]    </block>
[20:36:16.944]    <control if="" while="1" timeout="200" info="">
[20:36:16.944]      // while "1"  (timeout="200")
[20:36:16.944]      // while-condition  =>  TRUE
[20:36:16.944]      // while "1"  (timeout="200")
[20:36:16.944]      // while-condition  =>  TRUE
[20:36:16.944]      // while "1"  (timeout="200")
[20:36:16.944]      // while-condition  =>  TRUE
[20:36:16.944]      // while "1"  (timeout="200")
[20:36:16.944]      // while-condition  =>  TRUE
[20:36:16.944]      // while "1"  (timeout="200")
[20:36:16.944]      // while-condition  =>  TRUE
[20:36:16.944]      // while "1"  (timeout="200")
[20:36:16.944]      // while-condition  =>  TRUE
[20:36:16.944]      // while "1"  (timeout="200")
[20:36:16.944]      // while-condition  =>  TRUE
[20:36:16.944]      // while "1"  (timeout="200")
[20:36:16.944]      // while-condition  =>  TRUE
[20:36:16.944]      // while "1"  (timeout="200")
[20:36:16.944]      // while-condition  =>  TRUE
[20:36:16.944]      // while "1"  (timeout="200")
[20:36:16.944]      // while-condition  =>  TRUE
[20:36:16.944]      // while "1"  (timeout="200")
[20:36:16.944]      // while-condition  =>  TRUE
[20:36:16.944]      // while "1"  (timeout="200")
[20:36:16.944]      // while-condition  =>  TRUE
[20:36:16.944]      // while "1"  (timeout="200")
[20:36:16.944]      // while-condition  =>  TRUE
[20:36:16.944]      // while "1"  (timeout="200")
[20:36:16.944]      // while-condition  =>  TRUE
[20:36:16.944]      // while "1"  (timeout="200")
[20:36:16.944]      // while-condition  =>  TRUE
[20:36:16.944]      // while "1"  (timeout="200")
[20:36:16.944]      // while-condition  =>  TRUE
[20:36:16.944]      // while "1"  (timeout="200")
[20:36:16.944]      // while-condition  =>  TRUE
[20:36:16.944]      // while "1"  (timeout="200")
[20:36:16.944]      // while-condition  =>  TRUE
[20:36:16.944]      // while "1"  (timeout="200")
[20:36:16.944]      // while-condition  =>  TRUE
[20:36:16.944]      // while "1"  (timeout="200")
[20:36:16.944]      // while-condition  =>  TRUE
[20:36:16.944]      // while "1"  (timeout="200")
[20:36:16.944]      // while-condition  =>  TRUE
[20:36:16.944]      // while "1"  (timeout="200")
[20:36:16.944]      // while-condition  =>  TRUE
[20:36:16.944]      // while "1"  (timeout="200")
[20:36:16.944]      // while-condition  =>  TRUE
[20:36:16.944]      // while "1"  (timeout="200")
[20:36:16.944]      // while-condition  =>  TRUE
[20:36:16.944]      // while "1"  (timeout="200")
[20:36:16.944]      // while-condition  =>  TRUE
[20:36:16.944]      // while "1"  (timeout="200")
[20:36:16.944]      // while-condition  =>  TRUE
[20:36:16.944]      // while "1"  (timeout="200")
[20:36:16.944]      // while-condition  =>  TRUE
[20:36:16.944]      // while "1"  (timeout="200")
[20:36:16.944]      // while-condition  =>  TRUE
[20:36:16.944]      // while "1"  (timeout="200")
[20:36:16.944]      // while-condition  =>  TRUE
[20:36:16.944]      // while "1"  (timeout="200")
[20:36:16.944]      // while-condition  =>  TRUE
[20:36:16.944]      // while "1"  (timeout="200")
[20:36:16.944]      // while-condition  =>  TRUE
[20:36:16.944]      // while "1"  (timeout="200")
[20:36:16.944]      // while-condition  =>  TRUE
[20:36:16.944]      // while "1"  (timeout="200")
[20:36:16.944]      // while-condition  =>  TRUE
[20:36:16.944]      // while "1"  (timeout="200")
[20:36:16.944]      // while-condition  =>  TRUE
[20:36:16.944]      // while "1"  (timeout="200")
[20:36:16.944]      // while-condition  =>  TRUE
[20:36:16.944]      // while "1"  (timeout="200")
[20:36:16.944]      // while-condition  =>  TRUE
[20:36:16.944]      // while "1"  (timeout="200")
[20:36:16.944]      // while-condition  =>  TRUE
[20:36:16.944]      // while "1"  (timeout="200")
[20:36:16.944]      // while-condition  =>  TRUE
[20:36:16.944]      // while "1"  (timeout="200")
[20:36:16.944]      // while-condition  =>  TRUE
[20:36:16.944]      // while "1"  (timeout="200")
[20:36:16.944]      // while-condition  =>  TRUE
[20:36:16.944]      // while "1"  (timeout="200")
[20:36:16.944]      // while-condition  =>  TRUE
[20:36:16.944]      // while "1"  (timeout="200")
[20:36:16.944]      // while-condition  =>  TRUE
[20:36:16.944]      // while "1"  (timeout="200")
[20:36:16.944]      // while-condition  =>  TRUE
[20:36:16.944]      // while "1"  (timeout="200")
[20:36:16.944]      // while-condition  =>  TRUE
[20:36:16.944]      // while "1"  (timeout="200")
[20:36:16.950]      // while-condition  =>  TRUE
[20:36:16.950]      // while "1"  (timeout="200")
[20:36:16.950]      // while  =>  TIMEOUT
[20:36:16.950]      // end while "1"
[20:36:16.950]    </control>
[20:36:16.950]    <control if="canReadPins" while="" timeout="0" info="">
[20:36:16.950]      // if-block "canReadPins"
[20:36:16.950]        // =>  TRUE
[20:36:16.950]      <control if="" while="(DAP_SWJ_Pins(nReset, nReset, 0) & nReset) == 0" timeout="1000000" info="">
[20:36:16.950]        // while "(DAP_SWJ_Pins(nReset, nReset, 0) & nReset) == 0"  (timeout="1000000")
[20:36:16.950]          // -> [DAP_SWJ_Pins(0x80, 0x80, 0) => 0x8F]   (Out: nRESET=1  =>  In: SWCLK/TCK=1, SWDIO/TMS=1, TDI=1, TDO=1, nTRST=0, nRESET=1)
[20:36:16.950]        // while-condition  =>  FALSE
[20:36:16.950]        // end while "(DAP_SWJ_Pins(nReset, nReset, 0) & nReset) == 0"
[20:36:16.950]      </control>
[20:36:16.950]      // end if-block "canReadPins"
[20:36:16.950]    </control>
[20:36:16.950]    <control if="!canReadPins" while="" timeout="0" info="">
[20:36:16.950]      // if-block "!canReadPins"
[20:36:16.950]        // =>  FALSE
[20:36:16.950]      // skip if-block "!canReadPins"
[20:36:16.950]    </control>
[20:36:16.950]    <control if="(ACCESS_POINT_VAL & 0x00E00000) == 0" while="" timeout="0" info="">
[20:36:16.953]      // if-block "(ACCESS_POINT_VAL & 0x00E00000) == 0"
[20:36:16.953]        // =>  TRUE
[20:36:16.953]      <block atomic="false" info="">
[20:36:16.953]        WriteAP(0x00, 0x190008);
[20:36:16.955]          // -> [WriteAP(0x00000000, 0x00190008)]   (__dp=0x00000000, __ap=0x00000004)
[20:36:16.955]        WriteAP(0xF0, 0x01);
[20:36:16.957]          // -> [WriteAP(0x000000F0, 0x00000001)]   (__dp=0x00000000, __ap=0x00000004)
[20:36:16.957]      </block>
[20:36:16.957]      // end if-block "(ACCESS_POINT_VAL & 0x00E00000) == 0"
[20:36:16.957]    </control>
[20:36:16.957]    <control if="(ACCESS_POINT_VAL & 0x00E00000) != 0" while="" timeout="0" info="">
[20:36:16.957]      // if-block "(ACCESS_POINT_VAL & 0x00E00000) != 0"
[20:36:16.957]        // =>  FALSE
[20:36:16.957]      // skip if-block "(ACCESS_POINT_VAL & 0x00E00000) != 0"
[20:36:16.957]    </control>
[20:36:16.957]    <block atomic="false" info="">
[20:36:16.957]      ACCESS_POINT_VAL = ReadAP(0x00);//Reading current state of access point
[20:36:16.963]        // -> [ReadAP(0x00000000) => 0x0079002F]   (__dp=0x00000000, __ap=0x00000004)
[20:36:16.963]        // -> [ACCESS_POINT_VAL <= 0x0079002F]
[20:36:16.964]      Message(0, "Current state of access point is: %x",ACCESS_POINT_VAL);
[20:36:16.964]      __ap = 0; //lets make sure we reset the access point selection
[20:36:16.964]        // -> [__ap <= 0x00000000]
[20:36:16.964]    </block>
[20:36:16.964]  </sequence>
[20:36:16.964]  
[20:36:16.984]  **********  Sequence "DebugDeviceUnlock"  (Context="Connect", Pname="", info="")
[20:36:16.984]  
[20:36:16.984]  <debugvars>
[20:36:16.984]    // Pre-defined
[20:36:16.984]    __protocol=0x00010002      (Protocol="SWD", SWJ-DP="True")
[20:36:16.984]    __connection=0x00000202    (Connection Type="Flash", Reset Type="System Reset")
[20:36:16.984]    __dp=0x00000000
[20:36:16.984]    __ap=0x00000000
[20:36:16.984]    __traceout=0x00000000      (Trace Disabled)
[20:36:16.984]    __errorcontrol=0x00000000  (Skip Errors="False")
[20:36:16.984]    __FlashAddr=0x00000000
[20:36:16.984]    __FlashLen=0x00000000
[20:36:16.984]    __FlashArg=0x00000000
[20:36:16.984]    __FlashOp=0x00000000
[20:36:16.984]    __Result=0x00000000
[20:36:16.984]  </debugvars>
[20:36:16.984]  
[20:36:16.984]  <sequence name="DebugDeviceUnlock" Pname="" disable="false" info="">
[20:36:16.984]    <block atomic="false" info="">
[20:36:16.984]      __var deviceID = 0;
[20:36:16.984]        // -> [deviceID <= 0x00000000]
[20:36:16.984]      __var version = 0;
[20:36:16.984]        // -> [version <= 0x00000000]
[20:36:16.984]      __var partNum = 0;
[20:36:16.984]        // -> [partNum <= 0x00000000]
[20:36:16.984]      __var manuf = 0;
[20:36:16.984]        // -> [manuf <= 0x00000000]
[20:36:16.984]      __var isMSPM0G1X0X_G3X0X = 0;
[20:36:16.984]        // -> [isMSPM0G1X0X_G3X0X <= 0x00000000]
[20:36:16.984]      __var isProduction = 0;
[20:36:16.984]        // -> [isProduction <= 0x00000000]
[20:36:16.984]      __var continueId = 0;
[20:36:16.984]        // -> [continueId <= 0x00000000]
[20:36:16.984]      deviceID =   Read32(0x41C40004);
[20:36:16.993]        // -> [Read32(0x41C40004) => 0x2BB8802F]   (__dp=0x00000000, __ap=0x00000000)
[20:36:16.994]        // -> [deviceID <= 0x2BB8802F]
[20:36:16.994]      version = deviceID >> 28;
[20:36:16.994]        // -> [version <= 0x00000002]
[20:36:16.994]      partNum = (deviceID & 0x0FFFF000) >> 12;
[20:36:16.994]        // -> [partNum <= 0x0000BB88]
[20:36:16.994]      manuf = (deviceID & 0x00000FFE) >> 1;
[20:36:16.994]        // -> [manuf <= 0x00000017]
[20:36:16.994]      isMSPM0G1X0X_G3X0X = (partNum == 0xBB88) && (manuf == 0x17);
[20:36:16.994]        // -> [isMSPM0G1X0X_G3X0X <= 0x00000001]
[20:36:16.994]      isProduction = (version > 0);
[20:36:16.994]        // -> [isProduction <= 0x00000001]
[20:36:16.994]    </block>
[20:36:16.994]    <control if="!isMSPM0G1X0X_G3X0X" while="" timeout="0" info="">
[20:36:16.994]      // if-block "!isMSPM0G1X0X_G3X0X"
[20:36:16.994]        // =>  FALSE
[20:36:16.994]      // skip if-block "!isMSPM0G1X0X_G3X0X"
[20:36:16.994]    </control>
[20:36:16.994]    <control if="continueId == 4" while="" timeout="0" info="">
[20:36:16.994]      // if-block "continueId == 4"
[20:36:16.994]        // =>  FALSE
[20:36:16.994]      // skip if-block "continueId == 4"
[20:36:16.994]    </control>
[20:36:16.994]    <control if="!isProduction" while="" timeout="0" info="">
[20:36:16.994]      // if-block "!isProduction"
[20:36:16.994]        // =>  FALSE
[20:36:16.994]      // skip if-block "!isProduction"
[20:36:16.994]    </control>
[20:36:16.994]  </sequence>
[20:36:16.994]  
[20:36:50.847]  **********  Sequence "DebugPortSetup"  (Context="Connect", Pname="", info="")
[20:36:50.847]  
[20:36:50.847]  <debugvars>
[20:36:50.847]    // Pre-defined
[20:36:50.847]    __protocol=0x00010002      (Protocol="SWD", SWJ-DP="True")
[20:36:50.847]    __connection=0x00000202    (Connection Type="Flash", Reset Type="System Reset")
[20:36:50.847]    __dp=0x00000000
[20:36:50.847]    __ap=0x00000000
[20:36:50.847]    __traceout=0x00000000      (Trace Disabled)
[20:36:50.847]    __errorcontrol=0x00000000  (Skip Errors="False")
[20:36:50.847]    __FlashAddr=0x00000000
[20:36:50.847]    __FlashLen=0x00000000
[20:36:50.847]    __FlashArg=0x00000000
[20:36:50.847]    __FlashOp=0x00000000
[20:36:50.847]    __Result=0x00000000
[20:36:50.847]  </debugvars>
[20:36:50.847]  
[20:36:50.847]  <sequence name="DebugPortSetup" Pname="" disable="false" info="">
[20:36:50.847]    <block atomic="false" info="">
[20:36:50.847]      __var isSWJ      = ((__protocol & 0x00010000) != 0);
[20:36:50.847]        // -> [isSWJ <= 0x00000001]
[20:36:50.847]      __var hasDormant = __protocol & 0x00020000;
[20:36:50.847]        // -> [hasDormant <= 0x00000000]
[20:36:50.847]      __var protType   = __protocol & 0x0000FFFF;
[20:36:50.847]        // -> [protType <= 0x00000002]
[20:36:50.847]    </block>
[20:36:50.847]    <control if="protType == 1" while="" timeout="0" info="">
[20:36:50.847]      // if-block "protType == 1"
[20:36:50.847]        // =>  FALSE
[20:36:50.847]      // skip if-block "protType == 1"
[20:36:50.847]    </control>
[20:36:50.847]    <control if="protType == 2" while="" timeout="0" info="">
[20:36:50.847]      // if-block "protType == 2"
[20:36:50.847]        // =>  TRUE
[20:36:50.847]      <control if="isSWJ" while="" timeout="0" info="">
[20:36:50.847]        // if-block "isSWJ"
[20:36:50.847]          // =>  TRUE
[20:36:50.847]        <control if="hasDormant" while="" timeout="0" info="">
[20:36:50.847]          // if-block "hasDormant"
[20:36:50.847]            // =>  FALSE
[20:36:50.847]          // skip if-block "hasDormant"
[20:36:50.847]        </control>
[20:36:50.847]        <control if="!hasDormant" while="" timeout="0" info="">
[20:36:50.847]          // if-block "!hasDormant"
[20:36:50.847]            // =>  TRUE
[20:36:50.847]          <block atomic="false" info="">
[20:36:50.847]            DAP_SWJ_Sequence(51, 0x0007FFFFFFFFFFFF); //lets put the JTAG line in a reset state
[20:36:50.847]              // -> [DAP_SWJ_Sequence(51, 0x0007FFFFFFFFFFFF)]
[20:36:50.847]            DAP_SWJ_Sequence(16,0xE73C); //SWD to JTAG, this is to ensure the state machine is initialized
[20:36:50.854]              // -> [DAP_SWJ_Sequence(16, 0x000000000000E73C)]
[20:36:50.854]            DAP_SWJ_Sequence(51, 0x0007FFFFFFFFFFFF); //Put it back in reset
[20:36:50.855]              // -> [DAP_SWJ_Sequence(51, 0x0007FFFFFFFFFFFF)]
[20:36:50.855]            DAP_SWJ_Sequence(16, 0xE79E); //JTAG to SWD switch
[20:36:50.855]              // -> [DAP_SWJ_Sequence(16, 0x000000000000E79E)]
[20:36:50.855]            DAP_SWJ_Sequence(51, 0x0007FFFFFFFFFFFF);  //Ensure the switch is successful 
[20:36:50.855]              // -> [DAP_SWJ_Sequence(51, 0x0007FFFFFFFFFFFF)]
[20:36:50.855]            DAP_SWJ_Sequence(7,  0x00); //Give the line some time to initialize
[20:36:50.855]              // -> [DAP_SWJ_Sequence(7, 0x0000000000000000)]
[20:36:50.855]          </block>
[20:36:50.855]          // end if-block "!hasDormant"
[20:36:50.855]        </control>
[20:36:50.855]        // end if-block "isSWJ"
[20:36:50.855]      </control>
[20:36:50.855]      <control if="!isSWJ" while="" timeout="0" info="">
[20:36:50.855]        // if-block "!isSWJ"
[20:36:50.855]          // =>  FALSE
[20:36:50.855]        // skip if-block "!isSWJ"
[20:36:50.855]      </control>
[20:36:50.855]      <block atomic="false" info="">
[20:36:50.855]        ReadDP(0x0);
[20:36:50.864]          // -> [ReadDP(0x00000000) => 0x6BA02477]   (__dp=0x00000000)
[20:36:50.864]      </block>
[20:36:50.864]      // end if-block "protType == 2"
[20:36:50.864]    </control>
[20:36:50.864]  </sequence>
[20:36:50.865]  
[20:36:50.867]  **********  Sequence "DebugPortStart"  (Context="Connect", Pname="", info="")
[20:36:50.867]  
[20:36:50.867]  <debugvars>
[20:36:50.867]    // Pre-defined
[20:36:50.867]    __protocol=0x00010002      (Protocol="SWD", SWJ-DP="True")
[20:36:50.867]    __connection=0x00000202    (Connection Type="Flash", Reset Type="System Reset")
[20:36:50.867]    __dp=0x00000000
[20:36:50.867]    __ap=0x00000000
[20:36:50.867]    __traceout=0x00000000      (Trace Disabled)
[20:36:50.867]    __errorcontrol=0x00000000  (Skip Errors="False")
[20:36:50.867]    __FlashAddr=0x00000000
[20:36:50.867]    __FlashLen=0x00000000
[20:36:50.867]    __FlashArg=0x00000000
[20:36:50.867]    __FlashOp=0x00000000
[20:36:50.867]    __Result=0x00000000
[20:36:50.867]  </debugvars>
[20:36:50.867]  
[20:36:50.867]  <sequence name="DebugPortStart" Pname="" disable="false" info="">
[20:36:50.867]    <block atomic="false" info="">
[20:36:50.867]      __var SW_DP_ABORT       = 0x0;
[20:36:50.867]        // -> [SW_DP_ABORT <= 0x00000000]
[20:36:50.867]      __var DP_CTRL_STAT      = 0x4;
[20:36:50.867]        // -> [DP_CTRL_STAT <= 0x00000004]
[20:36:50.867]      __var DP_SELECT         = 0x8;
[20:36:50.867]        // -> [DP_SELECT <= 0x00000008]
[20:36:50.867]      __var powered_down      = 0;
[20:36:50.867]        // -> [powered_down <= 0x00000000]
[20:36:50.867]      WriteDP(DP_SELECT, 0x00000000);
[20:36:50.867]        // -> [WriteDP(0x00000008, 0x00000000)]   (__dp=0x00000000)
[20:36:50.867]      powered_down = ((ReadDP(DP_CTRL_STAT) & 0xA0000000) != 0xA0000000);
[20:36:50.873]        // -> [ReadDP(0x00000004) => 0x00000040]   (__dp=0x00000000)
[20:36:50.873]        // -> [powered_down <= 0x00000001]
[20:36:50.873]    </block>
[20:36:50.873]    <control if="powered_down" while="" timeout="0" info="">
[20:36:50.873]      // if-block "powered_down"
[20:36:50.873]        // =>  TRUE
[20:36:50.873]      <block atomic="false" info="">
[20:36:50.873]        Message(0, "Debug/System power-up request sent");
[20:36:50.874]        WriteDP(DP_CTRL_STAT, 0x50000000);
[20:36:50.876]          // -> [WriteDP(0x00000004, 0x50000000)]   (__dp=0x00000000)
[20:36:50.876]      </block>
[20:36:50.876]      <control if="" while="(ReadDP(DP_CTRL_STAT) & 0xA0000000) != 0xA0000000" timeout="1000000" info="">
[20:36:50.876]        // while "(ReadDP(DP_CTRL_STAT) & 0xA0000000) != 0xA0000000"  (timeout="1000000")
[20:36:50.876]          // -> [ReadDP(0x00000004) => 0xF0000040]   (__dp=0x00000000)
[20:36:50.876]        // while-condition  =>  FALSE
[20:36:50.876]        // end while "(ReadDP(DP_CTRL_STAT) & 0xA0000000) != 0xA0000000"
[20:36:50.876]      </control>
[20:36:50.876]      <control if="(__protocol & 0xFFFF) == 1" while="" timeout="0" info="">
[20:36:50.876]        // if-block "(__protocol & 0xFFFF) == 1"
[20:36:50.876]          // =>  FALSE
[20:36:50.876]        // skip if-block "(__protocol & 0xFFFF) == 1"
[20:36:50.876]      </control>
[20:36:50.876]      <control if="(__protocol & 0xFFFF) == 2" while="" timeout="0" info="">
[20:36:50.876]        // if-block "(__protocol & 0xFFFF) == 2"
[20:36:50.876]          // =>  TRUE
[20:36:50.876]        <block atomic="false" info="">
[20:36:50.876]          Message(0, "executing SWD power up");
[20:36:50.876]          WriteDP(DP_CTRL_STAT, 0x50000F00);
[20:36:50.876]            // -> [WriteDP(0x00000004, 0x50000F00)]   (__dp=0x00000000)
[20:36:50.876]          WriteDP(SW_DP_ABORT, 0x0000001E);
[20:36:50.884]            // -> [WriteDP(0x00000000, 0x0000001E)]   (__dp=0x00000000)
[20:36:50.884]        </block>
[20:36:50.884]        // end if-block "(__protocol & 0xFFFF) == 2"
[20:36:50.884]      </control>
[20:36:50.884]      // end if-block "powered_down"
[20:36:50.884]    </control>
[20:36:50.884]    <block atomic="false" info="">
[20:36:50.884]      __var DEBUG_PORT_VAL    = 0;
[20:36:50.884]        // -> [DEBUG_PORT_VAL <= 0x00000000]
[20:36:50.884]      __var ACCESS_POINT_VAL  = 0;
[20:36:50.884]        // -> [ACCESS_POINT_VAL <= 0x00000000]
[20:36:50.884]      __ap = 1; 
[20:36:50.884]        // -> [__ap <= 0x00000001]
[20:36:50.884]      WriteAP(0x0C, 0x04); //lets use the mini pwr-ap as backup
[20:36:50.884]        // -> [WriteAP(0x0000000C, 0x00000004)]   (__dp=0x00000000, __ap=0x00000001)
[20:36:50.884]      __ap = 4;
[20:36:50.884]        // -> [__ap <= 0x00000004]
[20:36:50.884]      ACCESS_POINT_VAL = ReadAP(0x00);//Reading current state of access point
[20:36:50.894]        // -> [ReadAP(0x00000000) => 0x00080027]   (__dp=0x00000000, __ap=0x00000004)
[20:36:50.894]        // -> [ACCESS_POINT_VAL <= 0x00080027]
[20:36:50.894]      Message(0, "Current state of access point is: %x",ACCESS_POINT_VAL);
[20:36:50.894]    </block>
[20:36:50.894]    <block atomic="false" info="">
[20:36:50.894]      __var nReset = 0x80;
[20:36:50.894]        // -> [nReset <= 0x00000080]
[20:36:50.894]      __var canReadPins = 0;
[20:36:50.894]        // -> [canReadPins <= 0x00000000]
[20:36:50.894]      canReadPins = (DAP_SWJ_Pins(0x00, nReset, 0) != 0xFFFFFFFF);
[20:36:50.897]        // -> [DAP_SWJ_Pins(0x00, 0x80, 0) => 0x0F]   (Out: nRESET=0  =>  In: SWCLK/TCK=1, SWDIO/TMS=1, TDI=1, TDO=1, nTRST=0, nRESET=0)
[20:36:50.897]        // -> [canReadPins <= 0x00000001]
[20:36:50.897]    </block>
[20:36:50.897]    <control if="" while="1" timeout="200" info="">
[20:36:50.897]      // while "1"  (timeout="200")
[20:36:50.897]      // while-condition  =>  TRUE
[20:36:50.897]      // while "1"  (timeout="200")
[20:36:50.897]      // while-condition  =>  TRUE
[20:36:50.897]      // while "1"  (timeout="200")
[20:36:50.897]      // while-condition  =>  TRUE
[20:36:50.897]      // while "1"  (timeout="200")
[20:36:50.897]      // while-condition  =>  TRUE
[20:36:50.897]      // while "1"  (timeout="200")
[20:36:50.897]      // while-condition  =>  TRUE
[20:36:50.897]      // while "1"  (timeout="200")
[20:36:50.897]      // while-condition  =>  TRUE
[20:36:50.897]      // while "1"  (timeout="200")
[20:36:50.897]      // while-condition  =>  TRUE
[20:36:50.897]      // while "1"  (timeout="200")
[20:36:50.897]      // while-condition  =>  TRUE
[20:36:50.897]      // while "1"  (timeout="200")
[20:36:50.897]      // while-condition  =>  TRUE
[20:36:50.897]      // while "1"  (timeout="200")
[20:36:50.897]      // while-condition  =>  TRUE
[20:36:50.897]      // while "1"  (timeout="200")
[20:36:50.897]      // while-condition  =>  TRUE
[20:36:50.897]      // while "1"  (timeout="200")
[20:36:50.897]      // while-condition  =>  TRUE
[20:36:50.897]      // while "1"  (timeout="200")
[20:36:50.897]      // while-condition  =>  TRUE
[20:36:50.897]      // while "1"  (timeout="200")
[20:36:50.897]      // while-condition  =>  TRUE
[20:36:50.897]      // while "1"  (timeout="200")
[20:36:50.897]      // while-condition  =>  TRUE
[20:36:50.897]      // while "1"  (timeout="200")
[20:36:50.897]      // while-condition  =>  TRUE
[20:36:50.897]      // while "1"  (timeout="200")
[20:36:50.897]      // while-condition  =>  TRUE
[20:36:50.897]      // while "1"  (timeout="200")
[20:36:50.897]      // while-condition  =>  TRUE
[20:36:50.897]      // while "1"  (timeout="200")
[20:36:50.897]      // while-condition  =>  TRUE
[20:36:50.897]      // while "1"  (timeout="200")
[20:36:50.897]      // while-condition  =>  TRUE
[20:36:50.897]      // while "1"  (timeout="200")
[20:36:50.897]      // while-condition  =>  TRUE
[20:36:50.897]      // while "1"  (timeout="200")
[20:36:50.897]      // while-condition  =>  TRUE
[20:36:50.897]      // while "1"  (timeout="200")
[20:36:50.897]      // while-condition  =>  TRUE
[20:36:50.897]      // while "1"  (timeout="200")
[20:36:50.897]      // while-condition  =>  TRUE
[20:36:50.897]      // while "1"  (timeout="200")
[20:36:50.897]      // while-condition  =>  TRUE
[20:36:50.897]      // while "1"  (timeout="200")
[20:36:50.897]      // while-condition  =>  TRUE
[20:36:50.897]      // while "1"  (timeout="200")
[20:36:50.897]      // while-condition  =>  TRUE
[20:36:50.897]      // while "1"  (timeout="200")
[20:36:50.897]      // while-condition  =>  TRUE
[20:36:50.897]      // while "1"  (timeout="200")
[20:36:50.897]      // while-condition  =>  TRUE
[20:36:50.897]      // while "1"  (timeout="200")
[20:36:50.897]      // while-condition  =>  TRUE
[20:36:50.897]      // while "1"  (timeout="200")
[20:36:50.897]      // while-condition  =>  TRUE
[20:36:50.897]      // while "1"  (timeout="200")
[20:36:50.897]      // while-condition  =>  TRUE
[20:36:50.897]      // while "1"  (timeout="200")
[20:36:50.897]      // while-condition  =>  TRUE
[20:36:50.897]      // while "1"  (timeout="200")
[20:36:50.897]      // while-condition  =>  TRUE
[20:36:50.897]      // while "1"  (timeout="200")
[20:36:50.897]      // while-condition  =>  TRUE
[20:36:50.897]      // while "1"  (timeout="200")
[20:36:50.897]      // while-condition  =>  TRUE
[20:36:50.897]      // while "1"  (timeout="200")
[20:36:50.897]      // while-condition  =>  TRUE
[20:36:50.897]      // while "1"  (timeout="200")
[20:36:50.897]      // while-condition  =>  TRUE
[20:36:50.897]      // while "1"  (timeout="200")
[20:36:50.897]      // while-condition  =>  TRUE
[20:36:50.897]      // while "1"  (timeout="200")
[20:36:50.897]      // while-condition  =>  TRUE
[20:36:50.897]      // while "1"  (timeout="200")
[20:36:50.897]      // while-condition  =>  TRUE
[20:36:50.897]      // while "1"  (timeout="200")
[20:36:50.897]      // while-condition  =>  TRUE
[20:36:50.897]      // while "1"  (timeout="200")
[20:36:50.897]      // while-condition  =>  TRUE
[20:36:50.897]      // while "1"  (timeout="200")
[20:36:50.897]      // while-condition  =>  TRUE
[20:36:50.897]      // while "1"  (timeout="200")
[20:36:50.897]      // while-condition  =>  TRUE
[20:36:50.897]      // while "1"  (timeout="200")
[20:36:50.897]      // while-condition  =>  TRUE
[20:36:50.897]      // while "1"  (timeout="200")
[20:36:50.897]      // while-condition  =>  TRUE
[20:36:50.897]      // while "1"  (timeout="200")
[20:36:50.897]      // while-condition  =>  TRUE
[20:36:50.897]      // while "1"  (timeout="200")
[20:36:50.897]      // while-condition  =>  TRUE
[20:36:50.897]      // while "1"  (timeout="200")
[20:36:50.897]      // while-condition  =>  TRUE
[20:36:50.897]      // while "1"  (timeout="200")
[20:36:50.897]      // while-condition  =>  TRUE
[20:36:50.897]      // while "1"  (timeout="200")
[20:36:50.897]      // while-condition  =>  TRUE
[20:36:50.897]      // while "1"  (timeout="200")
[20:36:50.897]      // while-condition  =>  TRUE
[20:36:50.897]      // while "1"  (timeout="200")
[20:36:50.897]      // while-condition  =>  TRUE
[20:36:50.897]      // while "1"  (timeout="200")
[20:36:50.897]      // while-condition  =>  TRUE
[20:36:50.897]      // while "1"  (timeout="200")
[20:36:50.897]      // while-condition  =>  TRUE
[20:36:50.897]      // while "1"  (timeout="200")
[20:36:50.903]      // while-condition  =>  TRUE
[20:36:50.903]      // while "1"  (timeout="200")
[20:36:50.903]      // while  =>  TIMEOUT
[20:36:50.903]      // end while "1"
[20:36:50.903]    </control>
[20:36:50.903]    <control if="canReadPins" while="" timeout="0" info="">
[20:36:50.903]      // if-block "canReadPins"
[20:36:50.903]        // =>  TRUE
[20:36:50.903]      <control if="" while="(DAP_SWJ_Pins(nReset, nReset, 0) & nReset) == 0" timeout="1000000" info="">
[20:36:50.903]        // while "(DAP_SWJ_Pins(nReset, nReset, 0) & nReset) == 0"  (timeout="1000000")
[20:36:50.903]          // -> [DAP_SWJ_Pins(0x80, 0x80, 0) => 0x8F]   (Out: nRESET=1  =>  In: SWCLK/TCK=1, SWDIO/TMS=1, TDI=1, TDO=1, nTRST=0, nRESET=1)
[20:36:50.903]        // while-condition  =>  FALSE
[20:36:50.903]        // end while "(DAP_SWJ_Pins(nReset, nReset, 0) & nReset) == 0"
[20:36:50.903]      </control>
[20:36:50.903]      // end if-block "canReadPins"
[20:36:50.903]    </control>
[20:36:50.903]    <control if="!canReadPins" while="" timeout="0" info="">
[20:36:50.903]      // if-block "!canReadPins"
[20:36:50.903]        // =>  FALSE
[20:36:50.903]      // skip if-block "!canReadPins"
[20:36:50.903]    </control>
[20:36:50.903]    <control if="(ACCESS_POINT_VAL & 0x00E00000) == 0" while="" timeout="0" info="">
[20:36:50.903]      // if-block "(ACCESS_POINT_VAL & 0x00E00000) == 0"
[20:36:50.903]        // =>  TRUE
[20:36:50.903]      <block atomic="false" info="">
[20:36:50.903]        WriteAP(0x00, 0x190008);
[20:36:50.903]          // -> [WriteAP(0x00000000, 0x00190008)]   (__dp=0x00000000, __ap=0x00000004)
[20:36:50.903]        WriteAP(0xF0, 0x01);
[20:36:50.913]          // -> [WriteAP(0x000000F0, 0x00000001)]   (__dp=0x00000000, __ap=0x00000004)
[20:36:50.913]      </block>
[20:36:50.913]      // end if-block "(ACCESS_POINT_VAL & 0x00E00000) == 0"
[20:36:50.913]    </control>
[20:36:50.913]    <control if="(ACCESS_POINT_VAL & 0x00E00000) != 0" while="" timeout="0" info="">
[20:36:50.913]      // if-block "(ACCESS_POINT_VAL & 0x00E00000) != 0"
[20:36:50.913]        // =>  FALSE
[20:36:50.913]      // skip if-block "(ACCESS_POINT_VAL & 0x00E00000) != 0"
[20:36:50.914]    </control>
[20:36:50.914]    <block atomic="false" info="">
[20:36:50.914]      ACCESS_POINT_VAL = ReadAP(0x00);//Reading current state of access point
[20:36:50.914]        // -> [ReadAP(0x00000000) => 0x0079002F]   (__dp=0x00000000, __ap=0x00000004)
[20:36:50.914]        // -> [ACCESS_POINT_VAL <= 0x0079002F]
[20:36:50.914]      Message(0, "Current state of access point is: %x",ACCESS_POINT_VAL);
[20:36:50.914]      __ap = 0; //lets make sure we reset the access point selection
[20:36:50.914]        // -> [__ap <= 0x00000000]
[20:36:50.914]    </block>
[20:36:50.914]  </sequence>
[20:36:50.914]  
[20:36:50.934]  **********  Sequence "DebugDeviceUnlock"  (Context="Connect", Pname="", info="")
[20:36:50.934]  
[20:36:50.934]  <debugvars>
[20:36:50.934]    // Pre-defined
[20:36:50.934]    __protocol=0x00010002      (Protocol="SWD", SWJ-DP="True")
[20:36:50.934]    __connection=0x00000202    (Connection Type="Flash", Reset Type="System Reset")
[20:36:50.934]    __dp=0x00000000
[20:36:50.934]    __ap=0x00000000
[20:36:50.934]    __traceout=0x00000000      (Trace Disabled)
[20:36:50.934]    __errorcontrol=0x00000000  (Skip Errors="False")
[20:36:50.934]    __FlashAddr=0x00000000
[20:36:50.934]    __FlashLen=0x00000000
[20:36:50.934]    __FlashArg=0x00000000
[20:36:50.934]    __FlashOp=0x00000000
[20:36:50.934]    __Result=0x00000000
[20:36:50.934]  </debugvars>
[20:36:50.934]  
[20:36:50.934]  <sequence name="DebugDeviceUnlock" Pname="" disable="false" info="">
[20:36:50.934]    <block atomic="false" info="">
[20:36:50.934]      __var deviceID = 0;
[20:36:50.934]        // -> [deviceID <= 0x00000000]
[20:36:50.934]      __var version = 0;
[20:36:50.934]        // -> [version <= 0x00000000]
[20:36:50.934]      __var partNum = 0;
[20:36:50.934]        // -> [partNum <= 0x00000000]
[20:36:50.934]      __var manuf = 0;
[20:36:50.934]        // -> [manuf <= 0x00000000]
[20:36:50.934]      __var isMSPM0G1X0X_G3X0X = 0;
[20:36:50.934]        // -> [isMSPM0G1X0X_G3X0X <= 0x00000000]
[20:36:50.934]      __var isProduction = 0;
[20:36:50.934]        // -> [isProduction <= 0x00000000]
[20:36:50.943]      __var continueId = 0;
[20:36:50.943]        // -> [continueId <= 0x00000000]
[20:36:50.943]      deviceID =   Read32(0x41C40004);
[20:36:50.947]        // -> [Read32(0x41C40004) => 0x2BB8802F]   (__dp=0x00000000, __ap=0x00000000)
[20:36:50.947]        // -> [deviceID <= 0x2BB8802F]
[20:36:50.947]      version = deviceID >> 28;
[20:36:50.947]        // -> [version <= 0x00000002]
[20:36:50.947]      partNum = (deviceID & 0x0FFFF000) >> 12;
[20:36:50.947]        // -> [partNum <= 0x0000BB88]
[20:36:50.947]      manuf = (deviceID & 0x00000FFE) >> 1;
[20:36:50.947]        // -> [manuf <= 0x00000017]
[20:36:50.947]      isMSPM0G1X0X_G3X0X = (partNum == 0xBB88) && (manuf == 0x17);
[20:36:50.947]        // -> [isMSPM0G1X0X_G3X0X <= 0x00000001]
[20:36:50.947]      isProduction = (version > 0);
[20:36:50.947]        // -> [isProduction <= 0x00000001]
[20:36:50.947]    </block>
[20:36:50.947]    <control if="!isMSPM0G1X0X_G3X0X" while="" timeout="0" info="">
[20:36:50.947]      // if-block "!isMSPM0G1X0X_G3X0X"
[20:36:50.947]        // =>  FALSE
[20:36:50.947]      // skip if-block "!isMSPM0G1X0X_G3X0X"
[20:36:50.947]    </control>
[20:36:50.947]    <control if="continueId == 4" while="" timeout="0" info="">
[20:36:50.947]      // if-block "continueId == 4"
[20:36:50.947]        // =>  FALSE
[20:36:50.947]      // skip if-block "continueId == 4"
[20:36:50.947]    </control>
[20:36:50.947]    <control if="!isProduction" while="" timeout="0" info="">
[20:36:50.947]      // if-block "!isProduction"
[20:36:50.947]        // =>  FALSE
[20:36:50.947]      // skip if-block "!isProduction"
[20:36:50.947]    </control>
[20:36:50.947]  </sequence>
[20:36:50.947]  
[20:37:11.527]  **********  Sequence "DebugPortSetup"  (Context="Connect", Pname="", info="")
[20:37:11.527]  
[20:37:11.527]  <debugvars>
[20:37:11.527]    // Pre-defined
[20:37:11.527]    __protocol=0x00010002      (Protocol="SWD", SWJ-DP="True")
[20:37:11.527]    __connection=0x00000202    (Connection Type="Flash", Reset Type="System Reset")
[20:37:11.527]    __dp=0x00000000
[20:37:11.527]    __ap=0x00000000
[20:37:11.527]    __traceout=0x00000000      (Trace Disabled)
[20:37:11.527]    __errorcontrol=0x00000000  (Skip Errors="False")
[20:37:11.527]    __FlashAddr=0x00000000
[20:37:11.533]    __FlashLen=0x00000000
[20:37:11.533]    __FlashArg=0x00000000
[20:37:11.533]    __FlashOp=0x00000000
[20:37:11.534]    __Result=0x00000000
[20:37:11.534]  </debugvars>
[20:37:11.534]  
[20:37:11.534]  <sequence name="DebugPortSetup" Pname="" disable="false" info="">
[20:37:11.534]    <block atomic="false" info="">
[20:37:11.534]      __var isSWJ      = ((__protocol & 0x00010000) != 0);
[20:37:11.534]        // -> [isSWJ <= 0x00000001]
[20:37:11.534]      __var hasDormant = __protocol & 0x00020000;
[20:37:11.534]        // -> [hasDormant <= 0x00000000]
[20:37:11.534]      __var protType   = __protocol & 0x0000FFFF;
[20:37:11.534]        // -> [protType <= 0x00000002]
[20:37:11.534]    </block>
[20:37:11.534]    <control if="protType == 1" while="" timeout="0" info="">
[20:37:11.534]      // if-block "protType == 1"
[20:37:11.534]        // =>  FALSE
[20:37:11.534]      // skip if-block "protType == 1"
[20:37:11.534]    </control>
[20:37:11.534]    <control if="protType == 2" while="" timeout="0" info="">
[20:37:11.534]      // if-block "protType == 2"
[20:37:11.534]        // =>  TRUE
[20:37:11.534]      <control if="isSWJ" while="" timeout="0" info="">
[20:37:11.534]        // if-block "isSWJ"
[20:37:11.534]          // =>  TRUE
[20:37:11.534]        <control if="hasDormant" while="" timeout="0" info="">
[20:37:11.534]          // if-block "hasDormant"
[20:37:11.534]            // =>  FALSE
[20:37:11.534]          // skip if-block "hasDormant"
[20:37:11.534]        </control>
[20:37:11.534]        <control if="!hasDormant" while="" timeout="0" info="">
[20:37:11.534]          // if-block "!hasDormant"
[20:37:11.534]            // =>  TRUE
[20:37:11.534]          <block atomic="false" info="">
[20:37:11.534]            DAP_SWJ_Sequence(51, 0x0007FFFFFFFFFFFF); //lets put the JTAG line in a reset state
[20:37:11.534]              // -> [DAP_SWJ_Sequence(51, 0x0007FFFFFFFFFFFF)]
[20:37:11.534]            DAP_SWJ_Sequence(16,0xE73C); //SWD to JTAG, this is to ensure the state machine is initialized
[20:37:11.534]              // -> [DAP_SWJ_Sequence(16, 0x000000000000E73C)]
[20:37:11.534]            DAP_SWJ_Sequence(51, 0x0007FFFFFFFFFFFF); //Put it back in reset
[20:37:11.541]              // -> [DAP_SWJ_Sequence(51, 0x0007FFFFFFFFFFFF)]
[20:37:11.541]            DAP_SWJ_Sequence(16, 0xE79E); //JTAG to SWD switch
[20:37:11.543]              // -> [DAP_SWJ_Sequence(16, 0x000000000000E79E)]
[20:37:11.544]            DAP_SWJ_Sequence(51, 0x0007FFFFFFFFFFFF);  //Ensure the switch is successful 
[20:37:11.544]              // -> [DAP_SWJ_Sequence(51, 0x0007FFFFFFFFFFFF)]
[20:37:11.544]            DAP_SWJ_Sequence(7,  0x00); //Give the line some time to initialize
[20:37:11.547]              // -> [DAP_SWJ_Sequence(7, 0x0000000000000000)]
[20:37:11.547]          </block>
[20:37:11.547]          // end if-block "!hasDormant"
[20:37:11.547]        </control>
[20:37:11.547]        // end if-block "isSWJ"
[20:37:11.547]      </control>
[20:37:11.547]      <control if="!isSWJ" while="" timeout="0" info="">
[20:37:11.547]        // if-block "!isSWJ"
[20:37:11.547]          // =>  FALSE
[20:37:11.547]        // skip if-block "!isSWJ"
[20:37:11.547]      </control>
[20:37:11.547]      <block atomic="false" info="">
[20:37:11.547]        ReadDP(0x0);
[20:37:11.547]          // -> [ReadDP(0x00000000) => 0x6BA02477]   (__dp=0x00000000)
[20:37:11.547]      </block>
[20:37:11.547]      // end if-block "protType == 2"
[20:37:11.547]    </control>
[20:37:11.547]  </sequence>
[20:37:11.547]  
[20:37:11.555]  **********  Sequence "DebugPortStart"  (Context="Connect", Pname="", info="")
[20:37:11.555]  
[20:37:11.555]  <debugvars>
[20:37:11.555]    // Pre-defined
[20:37:11.555]    __protocol=0x00010002      (Protocol="SWD", SWJ-DP="True")
[20:37:11.555]    __connection=0x00000202    (Connection Type="Flash", Reset Type="System Reset")
[20:37:11.555]    __dp=0x00000000
[20:37:11.555]    __ap=0x00000000
[20:37:11.555]    __traceout=0x00000000      (Trace Disabled)
[20:37:11.555]    __errorcontrol=0x00000000  (Skip Errors="False")
[20:37:11.555]    __FlashAddr=0x00000000
[20:37:11.555]    __FlashLen=0x00000000
[20:37:11.555]    __FlashArg=0x00000000
[20:37:11.555]    __FlashOp=0x00000000
[20:37:11.555]    __Result=0x00000000
[20:37:11.555]  </debugvars>
[20:37:11.555]  
[20:37:11.555]  <sequence name="DebugPortStart" Pname="" disable="false" info="">
[20:37:11.555]    <block atomic="false" info="">
[20:37:11.555]      __var SW_DP_ABORT       = 0x0;
[20:37:11.555]        // -> [SW_DP_ABORT <= 0x00000000]
[20:37:11.555]      __var DP_CTRL_STAT      = 0x4;
[20:37:11.555]        // -> [DP_CTRL_STAT <= 0x00000004]
[20:37:11.555]      __var DP_SELECT         = 0x8;
[20:37:11.555]        // -> [DP_SELECT <= 0x00000008]
[20:37:11.555]      __var powered_down      = 0;
[20:37:11.555]        // -> [powered_down <= 0x00000000]
[20:37:11.555]      WriteDP(DP_SELECT, 0x00000000);
[20:37:11.555]        // -> [WriteDP(0x00000008, 0x00000000)]   (__dp=0x00000000)
[20:37:11.555]      powered_down = ((ReadDP(DP_CTRL_STAT) & 0xA0000000) != 0xA0000000);
[20:37:11.555]        // -> [ReadDP(0x00000004) => 0x00000040]   (__dp=0x00000000)
[20:37:11.555]        // -> [powered_down <= 0x00000001]
[20:37:11.555]    </block>
[20:37:11.555]    <control if="powered_down" while="" timeout="0" info="">
[20:37:11.555]      // if-block "powered_down"
[20:37:11.555]        // =>  TRUE
[20:37:11.555]      <block atomic="false" info="">
[20:37:11.555]        Message(0, "Debug/System power-up request sent");
[20:37:11.555]        WriteDP(DP_CTRL_STAT, 0x50000000);
[20:37:11.564]          // -> [WriteDP(0x00000004, 0x50000000)]   (__dp=0x00000000)
[20:37:11.564]      </block>
[20:37:11.564]      <control if="" while="(ReadDP(DP_CTRL_STAT) & 0xA0000000) != 0xA0000000" timeout="1000000" info="">
[20:37:11.564]        // while "(ReadDP(DP_CTRL_STAT) & 0xA0000000) != 0xA0000000"  (timeout="1000000")
[20:37:11.564]          // -> [ReadDP(0x00000004) => 0xF0000040]   (__dp=0x00000000)
[20:37:11.564]        // while-condition  =>  FALSE
[20:37:11.564]        // end while "(ReadDP(DP_CTRL_STAT) & 0xA0000000) != 0xA0000000"
[20:37:11.564]      </control>
[20:37:11.564]      <control if="(__protocol & 0xFFFF) == 1" while="" timeout="0" info="">
[20:37:11.564]        // if-block "(__protocol & 0xFFFF) == 1"
[20:37:11.564]          // =>  FALSE
[20:37:11.564]        // skip if-block "(__protocol & 0xFFFF) == 1"
[20:37:11.564]      </control>
[20:37:11.564]      <control if="(__protocol & 0xFFFF) == 2" while="" timeout="0" info="">
[20:37:11.564]        // if-block "(__protocol & 0xFFFF) == 2"
[20:37:11.564]          // =>  TRUE
[20:37:11.564]        <block atomic="false" info="">
[20:37:11.564]          Message(0, "executing SWD power up");
[20:37:11.564]          WriteDP(DP_CTRL_STAT, 0x50000F00);
[20:37:11.564]            // -> [WriteDP(0x00000004, 0x50000F00)]   (__dp=0x00000000)
[20:37:11.564]          WriteDP(SW_DP_ABORT, 0x0000001E);
[20:37:11.564]            // -> [WriteDP(0x00000000, 0x0000001E)]   (__dp=0x00000000)
[20:37:11.564]        </block>
[20:37:11.564]        // end if-block "(__protocol & 0xFFFF) == 2"
[20:37:11.564]      </control>
[20:37:11.564]      // end if-block "powered_down"
[20:37:11.564]    </control>
[20:37:11.564]    <block atomic="false" info="">
[20:37:11.564]      __var DEBUG_PORT_VAL    = 0;
[20:37:11.564]        // -> [DEBUG_PORT_VAL <= 0x00000000]
[20:37:11.564]      __var ACCESS_POINT_VAL  = 0;
[20:37:11.564]        // -> [ACCESS_POINT_VAL <= 0x00000000]
[20:37:11.564]      __ap = 1; 
[20:37:11.564]        // -> [__ap <= 0x00000001]
[20:37:11.564]      WriteAP(0x0C, 0x04); //lets use the mini pwr-ap as backup
[20:37:11.576]        // -> [WriteAP(0x0000000C, 0x00000004)]   (__dp=0x00000000, __ap=0x00000001)
[20:37:11.576]      __ap = 4;
[20:37:11.576]        // -> [__ap <= 0x00000004]
[20:37:11.576]      ACCESS_POINT_VAL = ReadAP(0x00);//Reading current state of access point
[20:37:11.576]        // -> [ReadAP(0x00000000) => 0x00080027]   (__dp=0x00000000, __ap=0x00000004)
[20:37:11.576]        // -> [ACCESS_POINT_VAL <= 0x00080027]
[20:37:11.576]      Message(0, "Current state of access point is: %x",ACCESS_POINT_VAL);
[20:37:11.576]    </block>
[20:37:11.576]    <block atomic="false" info="">
[20:37:11.576]      __var nReset = 0x80;
[20:37:11.576]        // -> [nReset <= 0x00000080]
[20:37:11.576]      __var canReadPins = 0;
[20:37:11.576]        // -> [canReadPins <= 0x00000000]
[20:37:11.576]      canReadPins = (DAP_SWJ_Pins(0x00, nReset, 0) != 0xFFFFFFFF);
[20:37:11.584]        // -> [DAP_SWJ_Pins(0x00, 0x80, 0) => 0x0F]   (Out: nRESET=0  =>  In: SWCLK/TCK=1, SWDIO/TMS=1, TDI=1, TDO=1, nTRST=0, nRESET=0)
[20:37:11.584]        // -> [canReadPins <= 0x00000001]
[20:37:11.584]    </block>
[20:37:11.584]    <control if="" while="1" timeout="200" info="">
[20:37:11.584]      // while "1"  (timeout="200")
[20:37:11.584]      // while-condition  =>  TRUE
[20:37:11.584]      // while "1"  (timeout="200")
[20:37:11.584]      // while-condition  =>  TRUE
[20:37:11.584]      // while "1"  (timeout="200")
[20:37:11.584]      // while-condition  =>  TRUE
[20:37:11.584]      // while "1"  (timeout="200")
[20:37:11.584]      // while-condition  =>  TRUE
[20:37:11.584]      // while "1"  (timeout="200")
[20:37:11.584]      // while-condition  =>  TRUE
[20:37:11.584]      // while "1"  (timeout="200")
[20:37:11.584]      // while-condition  =>  TRUE
[20:37:11.584]      // while "1"  (timeout="200")
[20:37:11.584]      // while-condition  =>  TRUE
[20:37:11.584]      // while "1"  (timeout="200")
[20:37:11.584]      // while-condition  =>  TRUE
[20:37:11.584]      // while "1"  (timeout="200")
[20:37:11.584]      // while-condition  =>  TRUE
[20:37:11.584]      // while "1"  (timeout="200")
[20:37:11.584]      // while-condition  =>  TRUE
[20:37:11.584]      // while "1"  (timeout="200")
[20:37:11.584]      // while-condition  =>  TRUE
[20:37:11.584]      // while "1"  (timeout="200")
[20:37:11.584]      // while-condition  =>  TRUE
[20:37:11.584]      // while "1"  (timeout="200")
[20:37:11.584]      // while-condition  =>  TRUE
[20:37:11.584]      // while "1"  (timeout="200")
[20:37:11.584]      // while-condition  =>  TRUE
[20:37:11.584]      // while "1"  (timeout="200")
[20:37:11.584]      // while-condition  =>  TRUE
[20:37:11.584]      // while "1"  (timeout="200")
[20:37:11.584]      // while-condition  =>  TRUE
[20:37:11.584]      // while "1"  (timeout="200")
[20:37:11.584]      // while-condition  =>  TRUE
[20:37:11.584]      // while "1"  (timeout="200")
[20:37:11.584]      // while-condition  =>  TRUE
[20:37:11.584]      // while "1"  (timeout="200")
[20:37:11.584]      // while-condition  =>  TRUE
[20:37:11.584]      // while "1"  (timeout="200")
[20:37:11.584]      // while-condition  =>  TRUE
[20:37:11.584]      // while "1"  (timeout="200")
[20:37:11.584]      // while-condition  =>  TRUE
[20:37:11.584]      // while "1"  (timeout="200")
[20:37:11.584]      // while-condition  =>  TRUE
[20:37:11.584]      // while "1"  (timeout="200")
[20:37:11.584]      // while-condition  =>  TRUE
[20:37:11.584]      // while "1"  (timeout="200")
[20:37:11.584]      // while-condition  =>  TRUE
[20:37:11.584]      // while "1"  (timeout="200")
[20:37:11.584]      // while-condition  =>  TRUE
[20:37:11.584]      // while "1"  (timeout="200")
[20:37:11.584]      // while-condition  =>  TRUE
[20:37:11.584]      // while "1"  (timeout="200")
[20:37:11.584]      // while-condition  =>  TRUE
[20:37:11.584]      // while "1"  (timeout="200")
[20:37:11.584]      // while-condition  =>  TRUE
[20:37:11.584]      // while "1"  (timeout="200")
[20:37:11.584]      // while-condition  =>  TRUE
[20:37:11.584]      // while "1"  (timeout="200")
[20:37:11.584]      // while-condition  =>  TRUE
[20:37:11.584]      // while "1"  (timeout="200")
[20:37:11.584]      // while-condition  =>  TRUE
[20:37:11.584]      // while "1"  (timeout="200")
[20:37:11.584]      // while-condition  =>  TRUE
[20:37:11.584]      // while "1"  (timeout="200")
[20:37:11.584]      // while-condition  =>  TRUE
[20:37:11.584]      // while "1"  (timeout="200")
[20:37:11.584]      // while-condition  =>  TRUE
[20:37:11.584]      // while "1"  (timeout="200")
[20:37:11.584]      // while-condition  =>  TRUE
[20:37:11.584]      // while "1"  (timeout="200")
[20:37:11.584]      // while-condition  =>  TRUE
[20:37:11.584]      // while "1"  (timeout="200")
[20:37:11.584]      // while-condition  =>  TRUE
[20:37:11.584]      // while "1"  (timeout="200")
[20:37:11.584]      // while-condition  =>  TRUE
[20:37:11.584]      // while "1"  (timeout="200")
[20:37:11.584]      // while-condition  =>  TRUE
[20:37:11.584]      // while "1"  (timeout="200")
[20:37:11.584]      // while-condition  =>  TRUE
[20:37:11.584]      // while "1"  (timeout="200")
[20:37:11.584]      // while-condition  =>  TRUE
[20:37:11.584]      // while "1"  (timeout="200")
[20:37:11.584]      // while-condition  =>  TRUE
[20:37:11.584]      // while "1"  (timeout="200")
[20:37:11.584]      // while-condition  =>  TRUE
[20:37:11.584]      // while "1"  (timeout="200")
[20:37:11.584]      // while-condition  =>  TRUE
[20:37:11.584]      // while "1"  (timeout="200")
[20:37:11.584]      // while-condition  =>  TRUE
[20:37:11.584]      // while "1"  (timeout="200")
[20:37:11.584]      // while-condition  =>  TRUE
[20:37:11.584]      // while "1"  (timeout="200")
[20:37:11.584]      // while-condition  =>  TRUE
[20:37:11.584]      // while "1"  (timeout="200")
[20:37:11.584]      // while-condition  =>  TRUE
[20:37:11.584]      // while "1"  (timeout="200")
[20:37:11.584]      // while-condition  =>  TRUE
[20:37:11.584]      // while "1"  (timeout="200")
[20:37:11.584]      // while-condition  =>  TRUE
[20:37:11.584]      // while "1"  (timeout="200")
[20:37:11.584]      // while-condition  =>  TRUE
[20:37:11.584]      // while "1"  (timeout="200")
[20:37:11.584]      // while-condition  =>  TRUE
[20:37:11.584]      // while "1"  (timeout="200")
[20:37:11.584]      // while-condition  =>  TRUE
[20:37:11.584]      // while "1"  (timeout="200")
[20:37:11.584]      // while-condition  =>  TRUE
[20:37:11.584]      // while "1"  (timeout="200")
[20:37:11.584]      // while-condition  =>  TRUE
[20:37:11.584]      // while "1"  (timeout="200")
[20:37:11.584]      // while-condition  =>  TRUE
[20:37:11.584]      // while "1"  (timeout="200")
[20:37:11.584]      // while-condition  =>  TRUE
[20:37:11.584]      // while "1"  (timeout="200")
[20:37:11.584]      // while-condition  =>  TRUE
[20:37:11.584]      // while "1"  (timeout="200")
[20:37:11.584]      // while-condition  =>  TRUE
[20:37:11.584]      // while "1"  (timeout="200")
[20:37:11.584]      // while-condition  =>  TRUE
[20:37:11.584]      // while "1"  (timeout="200")
[20:37:11.584]      // while-condition  =>  TRUE
[20:37:11.584]      // while "1"  (timeout="200")
[20:37:11.584]      // while-condition  =>  TRUE
[20:37:11.584]      // while "1"  (timeout="200")
[20:37:11.584]      // while-condition  =>  TRUE
[20:37:11.584]      // while "1"  (timeout="200")
[20:37:11.584]      // while-condition  =>  TRUE
[20:37:11.584]      // while "1"  (timeout="200")
[20:37:11.584]      // while-condition  =>  TRUE
[20:37:11.584]      // while "1"  (timeout="200")
[20:37:11.584]      // while-condition  =>  TRUE
[20:37:11.584]      // while "1"  (timeout="200")
[20:37:11.584]      // while-condition  =>  TRUE
[20:37:11.584]      // while "1"  (timeout="200")
[20:37:11.584]      // while-condition  =>  TRUE
[20:37:11.584]      // while "1"  (timeout="200")
[20:37:11.584]      // while-condition  =>  TRUE
[20:37:11.584]      // while "1"  (timeout="200")
[20:37:11.584]      // while-condition  =>  TRUE
[20:37:11.584]      // while "1"  (timeout="200")
[20:37:11.584]      // while-condition  =>  TRUE
[20:37:11.584]      // while "1"  (timeout="200")
[20:37:11.584]      // while-condition  =>  TRUE
[20:37:11.584]      // while "1"  (timeout="200")
[20:37:11.584]      // while-condition  =>  TRUE
[20:37:11.584]      // while "1"  (timeout="200")
[20:37:11.584]      // while-condition  =>  TRUE
[20:37:11.584]      // while "1"  (timeout="200")
[20:37:11.584]      // while-condition  =>  TRUE
[20:37:11.584]      // while "1"  (timeout="200")
[20:37:11.584]      // while-condition  =>  TRUE
[20:37:11.584]      // while "1"  (timeout="200")
[20:37:11.584]      // while-condition  =>  TRUE
[20:37:11.584]      // while "1"  (timeout="200")
[20:37:11.584]      // while-condition  =>  TRUE
[20:37:11.584]      // while "1"  (timeout="200")
[20:37:11.593]      // while-condition  =>  TRUE
[20:37:11.593]      // while "1"  (timeout="200")
[20:37:11.593]      // while  =>  TIMEOUT
[20:37:11.593]      // end while "1"
[20:37:11.593]    </control>
[20:37:11.593]    <control if="canReadPins" while="" timeout="0" info="">
[20:37:11.593]      // if-block "canReadPins"
[20:37:11.593]        // =>  TRUE
[20:37:11.593]      <control if="" while="(DAP_SWJ_Pins(nReset, nReset, 0) & nReset) == 0" timeout="1000000" info="">
[20:37:11.593]        // while "(DAP_SWJ_Pins(nReset, nReset, 0) & nReset) == 0"  (timeout="1000000")
[20:37:11.595]          // -> [DAP_SWJ_Pins(0x80, 0x80, 0) => 0x8F]   (Out: nRESET=1  =>  In: SWCLK/TCK=1, SWDIO/TMS=1, TDI=1, TDO=1, nTRST=0, nRESET=1)
[20:37:11.595]        // while-condition  =>  FALSE
[20:37:11.595]        // end while "(DAP_SWJ_Pins(nReset, nReset, 0) & nReset) == 0"
[20:37:11.595]      </control>
[20:37:11.595]      // end if-block "canReadPins"
[20:37:11.595]    </control>
[20:37:11.595]    <control if="!canReadPins" while="" timeout="0" info="">
[20:37:11.595]      // if-block "!canReadPins"
[20:37:11.595]        // =>  FALSE
[20:37:11.595]      // skip if-block "!canReadPins"
[20:37:11.595]    </control>
[20:37:11.595]    <control if="(ACCESS_POINT_VAL & 0x00E00000) == 0" while="" timeout="0" info="">
[20:37:11.595]      // if-block "(ACCESS_POINT_VAL & 0x00E00000) == 0"
[20:37:11.595]        // =>  TRUE
[20:37:11.595]      <block atomic="false" info="">
[20:37:11.595]        WriteAP(0x00, 0x190008);
[20:37:11.595]          // -> [WriteAP(0x00000000, 0x00190008)]   (__dp=0x00000000, __ap=0x00000004)
[20:37:11.595]        WriteAP(0xF0, 0x01);
[20:37:11.604]          // -> [WriteAP(0x000000F0, 0x00000001)]   (__dp=0x00000000, __ap=0x00000004)
[20:37:11.604]      </block>
[20:37:11.604]      // end if-block "(ACCESS_POINT_VAL & 0x00E00000) == 0"
[20:37:11.604]    </control>
[20:37:11.604]    <control if="(ACCESS_POINT_VAL & 0x00E00000) != 0" while="" timeout="0" info="">
[20:37:11.604]      // if-block "(ACCESS_POINT_VAL & 0x00E00000) != 0"
[20:37:11.604]        // =>  FALSE
[20:37:11.604]      // skip if-block "(ACCESS_POINT_VAL & 0x00E00000) != 0"
[20:37:11.604]    </control>
[20:37:11.604]    <block atomic="false" info="">
[20:37:11.604]      ACCESS_POINT_VAL = ReadAP(0x00);//Reading current state of access point
[20:37:11.604]        // -> [ReadAP(0x00000000) => 0x0079002F]   (__dp=0x00000000, __ap=0x00000004)
[20:37:11.604]        // -> [ACCESS_POINT_VAL <= 0x0079002F]
[20:37:11.604]      Message(0, "Current state of access point is: %x",ACCESS_POINT_VAL);
[20:37:11.604]      __ap = 0; //lets make sure we reset the access point selection
[20:37:11.604]        // -> [__ap <= 0x00000000]
[20:37:11.604]    </block>
[20:37:11.604]  </sequence>
[20:37:11.604]  
[20:37:11.627]  **********  Sequence "DebugDeviceUnlock"  (Context="Connect", Pname="", info="")
[20:37:11.627]  
[20:37:11.627]  <debugvars>
[20:37:11.627]    // Pre-defined
[20:37:11.627]    __protocol=0x00010002      (Protocol="SWD", SWJ-DP="True")
[20:37:11.627]    __connection=0x00000202    (Connection Type="Flash", Reset Type="System Reset")
[20:37:11.627]    __dp=0x00000000
[20:37:11.627]    __ap=0x00000000
[20:37:11.627]    __traceout=0x00000000      (Trace Disabled)
[20:37:11.627]    __errorcontrol=0x00000000  (Skip Errors="False")
[20:37:11.633]    __FlashAddr=0x00000000
[20:37:11.633]    __FlashLen=0x00000000
[20:37:11.633]    __FlashArg=0x00000000
[20:37:11.634]    __FlashOp=0x00000000
[20:37:11.634]    __Result=0x00000000
[20:37:11.634]  </debugvars>
[20:37:11.634]  
[20:37:11.634]  <sequence name="DebugDeviceUnlock" Pname="" disable="false" info="">
[20:37:11.634]    <block atomic="false" info="">
[20:37:11.634]      __var deviceID = 0;
[20:37:11.634]        // -> [deviceID <= 0x00000000]
[20:37:11.634]      __var version = 0;
[20:37:11.634]        // -> [version <= 0x00000000]
[20:37:11.634]      __var partNum = 0;
[20:37:11.634]        // -> [partNum <= 0x00000000]
[20:37:11.634]      __var manuf = 0;
[20:37:11.634]        // -> [manuf <= 0x00000000]
[20:37:11.634]      __var isMSPM0G1X0X_G3X0X = 0;
[20:37:11.634]        // -> [isMSPM0G1X0X_G3X0X <= 0x00000000]
[20:37:11.634]      __var isProduction = 0;
[20:37:11.634]        // -> [isProduction <= 0x00000000]
[20:37:11.634]      __var continueId = 0;
[20:37:11.634]        // -> [continueId <= 0x00000000]
[20:37:11.634]      deviceID =   Read32(0x41C40004);
[20:37:11.642]        // -> [Read32(0x41C40004) => 0x2BB8802F]   (__dp=0x00000000, __ap=0x00000000)
[20:37:11.642]        // -> [deviceID <= 0x2BB8802F]
[20:37:11.642]      version = deviceID >> 28;
[20:37:11.642]        // -> [version <= 0x00000002]
[20:37:11.642]      partNum = (deviceID & 0x0FFFF000) >> 12;
[20:37:11.642]        // -> [partNum <= 0x0000BB88]
[20:37:11.642]      manuf = (deviceID & 0x00000FFE) >> 1;
[20:37:11.642]        // -> [manuf <= 0x00000017]
[20:37:11.642]      isMSPM0G1X0X_G3X0X = (partNum == 0xBB88) && (manuf == 0x17);
[20:37:11.642]        // -> [isMSPM0G1X0X_G3X0X <= 0x00000001]
[20:37:11.642]      isProduction = (version > 0);
[20:37:11.642]        // -> [isProduction <= 0x00000001]
[20:37:11.642]    </block>
[20:37:11.642]    <control if="!isMSPM0G1X0X_G3X0X" while="" timeout="0" info="">
[20:37:11.642]      // if-block "!isMSPM0G1X0X_G3X0X"
[20:37:11.642]        // =>  FALSE
[20:37:11.642]      // skip if-block "!isMSPM0G1X0X_G3X0X"
[20:37:11.642]    </control>
[20:37:11.642]    <control if="continueId == 4" while="" timeout="0" info="">
[20:37:11.642]      // if-block "continueId == 4"
[20:37:11.642]        // =>  FALSE
[20:37:11.642]      // skip if-block "continueId == 4"
[20:37:11.642]    </control>
[20:37:11.642]    <control if="!isProduction" while="" timeout="0" info="">
[20:37:11.642]      // if-block "!isProduction"
[20:37:11.642]        // =>  FALSE
[20:37:11.642]      // skip if-block "!isProduction"
[20:37:11.642]    </control>
[20:37:11.642]  </sequence>
[20:37:11.642]  
[20:37:19.136]  **********  Sequence "DebugPortSetup"  (Context="Connect", Pname="", info="")
[20:37:19.136]  
[20:37:19.136]  <debugvars>
[20:37:19.136]    // Pre-defined
[20:37:19.136]    __protocol=0x00010002      (Protocol="SWD", SWJ-DP="True")
[20:37:19.136]    __connection=0x00000202    (Connection Type="Flash", Reset Type="System Reset")
[20:37:19.136]    __dp=0x00000000
[20:37:19.136]    __ap=0x00000000
[20:37:19.136]    __traceout=0x00000000      (Trace Disabled)
[20:37:19.136]    __errorcontrol=0x00000000  (Skip Errors="False")
[20:37:19.143]    __FlashAddr=0x00000000
[20:37:19.143]    __FlashLen=0x00000000
[20:37:19.143]    __FlashArg=0x00000000
[20:37:19.143]    __FlashOp=0x00000000
[20:37:19.143]    __Result=0x00000000
[20:37:19.143]  </debugvars>
[20:37:19.143]  
[20:37:19.143]  <sequence name="DebugPortSetup" Pname="" disable="false" info="">
[20:37:19.143]    <block atomic="false" info="">
[20:37:19.143]      __var isSWJ      = ((__protocol & 0x00010000) != 0);
[20:37:19.143]        // -> [isSWJ <= 0x00000001]
[20:37:19.143]      __var hasDormant = __protocol & 0x00020000;
[20:37:19.143]        // -> [hasDormant <= 0x00000000]
[20:37:19.144]      __var protType   = __protocol & 0x0000FFFF;
[20:37:19.144]        // -> [protType <= 0x00000002]
[20:37:19.144]    </block>
[20:37:19.144]    <control if="protType == 1" while="" timeout="0" info="">
[20:37:19.144]      // if-block "protType == 1"
[20:37:19.144]        // =>  FALSE
[20:37:19.144]      // skip if-block "protType == 1"
[20:37:19.144]    </control>
[20:37:19.144]    <control if="protType == 2" while="" timeout="0" info="">
[20:37:19.144]      // if-block "protType == 2"
[20:37:19.144]        // =>  TRUE
[20:37:19.144]      <control if="isSWJ" while="" timeout="0" info="">
[20:37:19.144]        // if-block "isSWJ"
[20:37:19.144]          // =>  TRUE
[20:37:19.144]        <control if="hasDormant" while="" timeout="0" info="">
[20:37:19.144]          // if-block "hasDormant"
[20:37:19.144]            // =>  FALSE
[20:37:19.144]          // skip if-block "hasDormant"
[20:37:19.144]        </control>
[20:37:19.144]        <control if="!hasDormant" while="" timeout="0" info="">
[20:37:19.144]          // if-block "!hasDormant"
[20:37:19.144]            // =>  TRUE
[20:37:19.144]          <block atomic="false" info="">
[20:37:19.144]            DAP_SWJ_Sequence(51, 0x0007FFFFFFFFFFFF); //lets put the JTAG line in a reset state
[20:37:19.146]              // -> [DAP_SWJ_Sequence(51, 0x0007FFFFFFFFFFFF)]
[20:37:19.146]            DAP_SWJ_Sequence(16,0xE73C); //SWD to JTAG, this is to ensure the state machine is initialized
[20:37:19.146]              // -> [DAP_SWJ_Sequence(16, 0x000000000000E73C)]
[20:37:19.146]            DAP_SWJ_Sequence(51, 0x0007FFFFFFFFFFFF); //Put it back in reset
[20:37:19.146]              // -> [DAP_SWJ_Sequence(51, 0x0007FFFFFFFFFFFF)]
[20:37:19.146]            DAP_SWJ_Sequence(16, 0xE79E); //JTAG to SWD switch
[20:37:19.153]              // -> [DAP_SWJ_Sequence(16, 0x000000000000E79E)]
[20:37:19.153]            DAP_SWJ_Sequence(51, 0x0007FFFFFFFFFFFF);  //Ensure the switch is successful 
[20:37:19.156]              // -> [DAP_SWJ_Sequence(51, 0x0007FFFFFFFFFFFF)]
[20:37:19.156]            DAP_SWJ_Sequence(7,  0x00); //Give the line some time to initialize
[20:37:19.157]              // -> [DAP_SWJ_Sequence(7, 0x0000000000000000)]
[20:37:19.157]          </block>
[20:37:19.157]          // end if-block "!hasDormant"
[20:37:19.157]        </control>
[20:37:19.157]        // end if-block "isSWJ"
[20:37:19.157]      </control>
[20:37:19.157]      <control if="!isSWJ" while="" timeout="0" info="">
[20:37:19.157]        // if-block "!isSWJ"
[20:37:19.157]          // =>  FALSE
[20:37:19.157]        // skip if-block "!isSWJ"
[20:37:19.157]      </control>
[20:37:19.157]      <block atomic="false" info="">
[20:37:19.157]        ReadDP(0x0);
[20:37:19.157]          // -> [ReadDP(0x00000000) => 0x6BA02477]   (__dp=0x00000000)
[20:37:19.157]      </block>
[20:37:19.157]      // end if-block "protType == 2"
[20:37:19.157]    </control>
[20:37:19.157]  </sequence>
[20:37:19.157]  
[20:37:19.164]  **********  Sequence "DebugPortStart"  (Context="Connect", Pname="", info="")
[20:37:19.164]  
[20:37:19.164]  <debugvars>
[20:37:19.164]    // Pre-defined
[20:37:19.164]    __protocol=0x00010002      (Protocol="SWD", SWJ-DP="True")
[20:37:19.164]    __connection=0x00000202    (Connection Type="Flash", Reset Type="System Reset")
[20:37:19.164]    __dp=0x00000000
[20:37:19.164]    __ap=0x00000000
[20:37:19.164]    __traceout=0x00000000      (Trace Disabled)
[20:37:19.164]    __errorcontrol=0x00000000  (Skip Errors="False")
[20:37:19.164]    __FlashAddr=0x00000000
[20:37:19.164]    __FlashLen=0x00000000
[20:37:19.164]    __FlashArg=0x00000000
[20:37:19.164]    __FlashOp=0x00000000
[20:37:19.164]    __Result=0x00000000
[20:37:19.164]  </debugvars>
[20:37:19.164]  
[20:37:19.164]  <sequence name="DebugPortStart" Pname="" disable="false" info="">
[20:37:19.164]    <block atomic="false" info="">
[20:37:19.164]      __var SW_DP_ABORT       = 0x0;
[20:37:19.164]        // -> [SW_DP_ABORT <= 0x00000000]
[20:37:19.164]      __var DP_CTRL_STAT      = 0x4;
[20:37:19.164]        // -> [DP_CTRL_STAT <= 0x00000004]
[20:37:19.164]      __var DP_SELECT         = 0x8;
[20:37:19.164]        // -> [DP_SELECT <= 0x00000008]
[20:37:19.164]      __var powered_down      = 0;
[20:37:19.164]        // -> [powered_down <= 0x00000000]
[20:37:19.164]      WriteDP(DP_SELECT, 0x00000000);
[20:37:19.164]        // -> [WriteDP(0x00000008, 0x00000000)]   (__dp=0x00000000)
[20:37:19.164]      powered_down = ((ReadDP(DP_CTRL_STAT) & 0xA0000000) != 0xA0000000);
[20:37:19.164]        // -> [ReadDP(0x00000004) => 0x00000040]   (__dp=0x00000000)
[20:37:19.164]        // -> [powered_down <= 0x00000001]
[20:37:19.164]    </block>
[20:37:19.164]    <control if="powered_down" while="" timeout="0" info="">
[20:37:19.164]      // if-block "powered_down"
[20:37:19.164]        // =>  TRUE
[20:37:19.164]      <block atomic="false" info="">
[20:37:19.164]        Message(0, "Debug/System power-up request sent");
[20:37:19.164]        WriteDP(DP_CTRL_STAT, 0x50000000);
[20:37:19.164]          // -> [WriteDP(0x00000004, 0x50000000)]   (__dp=0x00000000)
[20:37:19.164]      </block>
[20:37:19.164]      <control if="" while="(ReadDP(DP_CTRL_STAT) & 0xA0000000) != 0xA0000000" timeout="1000000" info="">
[20:37:19.164]        // while "(ReadDP(DP_CTRL_STAT) & 0xA0000000) != 0xA0000000"  (timeout="1000000")
[20:37:19.173]          // -> [ReadDP(0x00000004) => 0xF0000040]   (__dp=0x00000000)
[20:37:19.174]        // while-condition  =>  FALSE
[20:37:19.174]        // end while "(ReadDP(DP_CTRL_STAT) & 0xA0000000) != 0xA0000000"
[20:37:19.174]      </control>
[20:37:19.174]      <control if="(__protocol & 0xFFFF) == 1" while="" timeout="0" info="">
[20:37:19.174]        // if-block "(__protocol & 0xFFFF) == 1"
[20:37:19.174]          // =>  FALSE
[20:37:19.174]        // skip if-block "(__protocol & 0xFFFF) == 1"
[20:37:19.174]      </control>
[20:37:19.174]      <control if="(__protocol & 0xFFFF) == 2" while="" timeout="0" info="">
[20:37:19.174]        // if-block "(__protocol & 0xFFFF) == 2"
[20:37:19.174]          // =>  TRUE
[20:37:19.174]        <block atomic="false" info="">
[20:37:19.174]          Message(0, "executing SWD power up");
[20:37:19.174]          WriteDP(DP_CTRL_STAT, 0x50000F00);
[20:37:19.178]            // -> [WriteDP(0x00000004, 0x50000F00)]   (__dp=0x00000000)
[20:37:19.178]          WriteDP(SW_DP_ABORT, 0x0000001E);
[20:37:19.178]            // -> [WriteDP(0x00000000, 0x0000001E)]   (__dp=0x00000000)
[20:37:19.178]        </block>
[20:37:19.178]        // end if-block "(__protocol & 0xFFFF) == 2"
[20:37:19.178]      </control>
[20:37:19.178]      // end if-block "powered_down"
[20:37:19.178]    </control>
[20:37:19.178]    <block atomic="false" info="">
[20:37:19.178]      __var DEBUG_PORT_VAL    = 0;
[20:37:19.178]        // -> [DEBUG_PORT_VAL <= 0x00000000]
[20:37:19.178]      __var ACCESS_POINT_VAL  = 0;
[20:37:19.178]        // -> [ACCESS_POINT_VAL <= 0x00000000]
[20:37:19.178]      __ap = 1; 
[20:37:19.178]        // -> [__ap <= 0x00000001]
[20:37:19.178]      WriteAP(0x0C, 0x04); //lets use the mini pwr-ap as backup
[20:37:19.183]        // -> [WriteAP(0x0000000C, 0x00000004)]   (__dp=0x00000000, __ap=0x00000001)
[20:37:19.183]      __ap = 4;
[20:37:19.183]        // -> [__ap <= 0x00000004]
[20:37:19.184]      ACCESS_POINT_VAL = ReadAP(0x00);//Reading current state of access point
[20:37:19.185]        // -> [ReadAP(0x00000000) => 0x00080027]   (__dp=0x00000000, __ap=0x00000004)
[20:37:19.185]        // -> [ACCESS_POINT_VAL <= 0x00080027]
[20:37:19.185]      Message(0, "Current state of access point is: %x",ACCESS_POINT_VAL);
[20:37:19.185]    </block>
[20:37:19.185]    <block atomic="false" info="">
[20:37:19.185]      __var nReset = 0x80;
[20:37:19.185]        // -> [nReset <= 0x00000080]
[20:37:19.185]      __var canReadPins = 0;
[20:37:19.185]        // -> [canReadPins <= 0x00000000]
[20:37:19.185]      canReadPins = (DAP_SWJ_Pins(0x00, nReset, 0) != 0xFFFFFFFF);
[20:37:19.185]        // -> [DAP_SWJ_Pins(0x00, 0x80, 0) => 0x0F]   (Out: nRESET=0  =>  In: SWCLK/TCK=1, SWDIO/TMS=1, TDI=1, TDO=1, nTRST=0, nRESET=0)
[20:37:19.185]        // -> [canReadPins <= 0x00000001]
[20:37:19.185]    </block>
[20:37:19.185]    <control if="" while="1" timeout="200" info="">
[20:37:19.185]      // while "1"  (timeout="200")
[20:37:19.185]      // while-condition  =>  TRUE
[20:37:19.185]      // while "1"  (timeout="200")
[20:37:19.185]      // while-condition  =>  TRUE
[20:37:19.185]      // while "1"  (timeout="200")
[20:37:19.185]      // while-condition  =>  TRUE
[20:37:19.185]      // while "1"  (timeout="200")
[20:37:19.185]      // while-condition  =>  TRUE
[20:37:19.193]      // while "1"  (timeout="200")
[20:37:19.193]      // while-condition  =>  TRUE
[20:37:19.193]      // while "1"  (timeout="200")
[20:37:19.193]      // while-condition  =>  TRUE
[20:37:19.193]      // while "1"  (timeout="200")
[20:37:19.194]      // while-condition  =>  TRUE
[20:37:19.194]      // while "1"  (timeout="200")
[20:37:19.194]      // while-condition  =>  TRUE
[20:37:19.194]      // while "1"  (timeout="200")
[20:37:19.194]      // while-condition  =>  TRUE
[20:37:19.194]      // while "1"  (timeout="200")
[20:37:19.194]      // while-condition  =>  TRUE
[20:37:19.194]      // while "1"  (timeout="200")
[20:37:19.194]      // while-condition  =>  TRUE
[20:37:19.194]      // while "1"  (timeout="200")
[20:37:19.194]      // while-condition  =>  TRUE
[20:37:19.194]      // while "1"  (timeout="200")
[20:37:19.194]      // while-condition  =>  TRUE
[20:37:19.194]      // while "1"  (timeout="200")
[20:37:19.194]      // while-condition  =>  TRUE
[20:37:19.194]      // while "1"  (timeout="200")
[20:37:19.194]      // while-condition  =>  TRUE
[20:37:19.194]      // while "1"  (timeout="200")
[20:37:19.194]      // while-condition  =>  TRUE
[20:37:19.194]      // while "1"  (timeout="200")
[20:37:19.194]      // while-condition  =>  TRUE
[20:37:19.194]      // while "1"  (timeout="200")
[20:37:19.194]      // while-condition  =>  TRUE
[20:37:19.194]      // while "1"  (timeout="200")
[20:37:19.194]      // while-condition  =>  TRUE
[20:37:19.194]      // while "1"  (timeout="200")
[20:37:19.194]      // while-condition  =>  TRUE
[20:37:19.194]      // while "1"  (timeout="200")
[20:37:19.194]      // while-condition  =>  TRUE
[20:37:19.194]      // while "1"  (timeout="200")
[20:37:19.194]      // while-condition  =>  TRUE
[20:37:19.194]      // while "1"  (timeout="200")
[20:37:19.194]      // while-condition  =>  TRUE
[20:37:19.194]      // while "1"  (timeout="200")
[20:37:19.194]      // while-condition  =>  TRUE
[20:37:19.194]      // while "1"  (timeout="200")
[20:37:19.194]      // while-condition  =>  TRUE
[20:37:19.194]      // while "1"  (timeout="200")
[20:37:19.194]      // while-condition  =>  TRUE
[20:37:19.194]      // while "1"  (timeout="200")
[20:37:19.194]      // while-condition  =>  TRUE
[20:37:19.194]      // while "1"  (timeout="200")
[20:37:19.194]      // while-condition  =>  TRUE
[20:37:19.194]      // while "1"  (timeout="200")
[20:37:19.194]      // while-condition  =>  TRUE
[20:37:19.194]      // while "1"  (timeout="200")
[20:37:19.194]      // while-condition  =>  TRUE
[20:37:19.194]      // while "1"  (timeout="200")
[20:37:19.194]      // while-condition  =>  TRUE
[20:37:19.194]      // while "1"  (timeout="200")
[20:37:19.194]      // while-condition  =>  TRUE
[20:37:19.194]      // while "1"  (timeout="200")
[20:37:19.194]      // while-condition  =>  TRUE
[20:37:19.194]      // while "1"  (timeout="200")
[20:37:19.194]      // while-condition  =>  TRUE
[20:37:19.194]      // while "1"  (timeout="200")
[20:37:19.194]      // while-condition  =>  TRUE
[20:37:19.194]      // while "1"  (timeout="200")
[20:37:19.194]      // while-condition  =>  TRUE
[20:37:19.194]      // while "1"  (timeout="200")
[20:37:19.194]      // while-condition  =>  TRUE
[20:37:19.194]      // while "1"  (timeout="200")
[20:37:19.194]      // while-condition  =>  TRUE
[20:37:19.194]      // while "1"  (timeout="200")
[20:37:19.194]      // while-condition  =>  TRUE
[20:37:19.194]      // while "1"  (timeout="200")
[20:37:19.194]      // while-condition  =>  TRUE
[20:37:19.194]      // while "1"  (timeout="200")
[20:37:19.194]      // while-condition  =>  TRUE
[20:37:19.194]      // while "1"  (timeout="200")
[20:37:19.194]      // while-condition  =>  TRUE
[20:37:19.194]      // while "1"  (timeout="200")
[20:37:19.194]      // while-condition  =>  TRUE
[20:37:19.194]      // while "1"  (timeout="200")
[20:37:19.194]      // while-condition  =>  TRUE
[20:37:19.194]      // while "1"  (timeout="200")
[20:37:19.194]      // while-condition  =>  TRUE
[20:37:19.194]      // while "1"  (timeout="200")
[20:37:19.194]      // while-condition  =>  TRUE
[20:37:19.194]      // while "1"  (timeout="200")
[20:37:19.194]      // while-condition  =>  TRUE
[20:37:19.194]      // while "1"  (timeout="200")
[20:37:19.194]      // while-condition  =>  TRUE
[20:37:19.194]      // while "1"  (timeout="200")
[20:37:19.194]      // while-condition  =>  TRUE
[20:37:19.194]      // while "1"  (timeout="200")
[20:37:19.194]      // while-condition  =>  TRUE
[20:37:19.194]      // while "1"  (timeout="200")
[20:37:19.194]      // while-condition  =>  TRUE
[20:37:19.194]      // while "1"  (timeout="200")
[20:37:19.194]      // while-condition  =>  TRUE
[20:37:19.194]      // while "1"  (timeout="200")
[20:37:19.194]      // while-condition  =>  TRUE
[20:37:19.194]      // while "1"  (timeout="200")
[20:37:19.194]      // while-condition  =>  TRUE
[20:37:19.194]      // while "1"  (timeout="200")
[20:37:19.194]      // while-condition  =>  TRUE
[20:37:19.194]      // while "1"  (timeout="200")
[20:37:19.194]      // while-condition  =>  TRUE
[20:37:19.194]      // while "1"  (timeout="200")
[20:37:19.194]      // while-condition  =>  TRUE
[20:37:19.194]      // while "1"  (timeout="200")
[20:37:19.194]      // while-condition  =>  TRUE
[20:37:19.194]      // while "1"  (timeout="200")
[20:37:19.194]      // while-condition  =>  TRUE
[20:37:19.194]      // while "1"  (timeout="200")
[20:37:19.194]      // while-condition  =>  TRUE
[20:37:19.194]      // while "1"  (timeout="200")
[20:37:19.194]      // while-condition  =>  TRUE
[20:37:19.194]      // while "1"  (timeout="200")
[20:37:19.194]      // while-condition  =>  TRUE
[20:37:19.194]      // while "1"  (timeout="200")
[20:37:19.194]      // while-condition  =>  TRUE
[20:37:19.194]      // while "1"  (timeout="200")
[20:37:19.194]      // while-condition  =>  TRUE
[20:37:19.194]      // while "1"  (timeout="200")
[20:37:19.194]      // while-condition  =>  TRUE
[20:37:19.194]      // while "1"  (timeout="200")
[20:37:19.194]      // while-condition  =>  TRUE
[20:37:19.194]      // while "1"  (timeout="200")
[20:37:19.194]      // while-condition  =>  TRUE
[20:37:19.194]      // while "1"  (timeout="200")
[20:37:19.194]      // while-condition  =>  TRUE
[20:37:19.194]      // while "1"  (timeout="200")
[20:37:19.194]      // while-condition  =>  TRUE
[20:37:19.194]      // while "1"  (timeout="200")
[20:37:19.194]      // while-condition  =>  TRUE
[20:37:19.194]      // while "1"  (timeout="200")
[20:37:19.194]      // while-condition  =>  TRUE
[20:37:19.194]      // while "1"  (timeout="200")
[20:37:19.194]      // while-condition  =>  TRUE
[20:37:19.194]      // while "1"  (timeout="200")
[20:37:19.194]      // while-condition  =>  TRUE
[20:37:19.194]      // while "1"  (timeout="200")
[20:37:19.194]      // while-condition  =>  TRUE
[20:37:19.194]      // while "1"  (timeout="200")
[20:37:19.194]      // while-condition  =>  TRUE
[20:37:19.194]      // while "1"  (timeout="200")
[20:37:19.194]      // while-condition  =>  TRUE
[20:37:19.194]      // while "1"  (timeout="200")
[20:37:19.194]      // while-condition  =>  TRUE
[20:37:19.194]      // while "1"  (timeout="200")
[20:37:19.194]      // while-condition  =>  TRUE
[20:37:19.194]      // while "1"  (timeout="200")
[20:37:19.194]      // while-condition  =>  TRUE
[20:37:19.194]      // while "1"  (timeout="200")
[20:37:19.194]      // while-condition  =>  TRUE
[20:37:19.194]      // while "1"  (timeout="200")
[20:37:19.194]      // while-condition  =>  TRUE
[20:37:19.194]      // while "1"  (timeout="200")
[20:37:19.194]      // while-condition  =>  TRUE
[20:37:19.194]      // while "1"  (timeout="200")
[20:37:19.194]      // while-condition  =>  TRUE
[20:37:19.194]      // while "1"  (timeout="200")
[20:37:19.194]      // while-condition  =>  TRUE
[20:37:19.194]      // while "1"  (timeout="200")
[20:37:19.194]      // while-condition  =>  TRUE
[20:37:19.194]      // while "1"  (timeout="200")
[20:37:19.194]      // while-condition  =>  TRUE
[20:37:19.194]      // while "1"  (timeout="200")
[20:37:19.194]      // while-condition  =>  TRUE
[20:37:19.194]      // while "1"  (timeout="200")
[20:37:19.194]      // while-condition  =>  TRUE
[20:37:19.194]      // while "1"  (timeout="200")
[20:37:19.194]      // while-condition  =>  TRUE
[20:37:19.194]      // while "1"  (timeout="200")
[20:37:19.194]      // while-condition  =>  TRUE
[20:37:19.194]      // while "1"  (timeout="200")
[20:37:19.194]      // while-condition  =>  TRUE
[20:37:19.194]      // while "1"  (timeout="200")
[20:37:19.194]      // while-condition  =>  TRUE
[20:37:19.194]      // while "1"  (timeout="200")
[20:37:19.194]      // while-condition  =>  TRUE
[20:37:19.194]      // while "1"  (timeout="200")
[20:37:19.194]      // while-condition  =>  TRUE
[20:37:19.194]      // while "1"  (timeout="200")
[20:37:19.194]      // while-condition  =>  TRUE
[20:37:19.194]      // while "1"  (timeout="200")
[20:37:19.194]      // while-condition  =>  TRUE
[20:37:19.194]      // while "1"  (timeout="200")
[20:37:19.194]      // while-condition  =>  TRUE
[20:37:19.203]      // while "1"  (timeout="200")
[20:37:19.203]      // while  =>  TIMEOUT
[20:37:19.203]      // end while "1"
[20:37:19.203]    </control>
[20:37:19.203]    <control if="canReadPins" while="" timeout="0" info="">
[20:37:19.203]      // if-block "canReadPins"
[20:37:19.203]        // =>  TRUE
[20:37:19.203]      <control if="" while="(DAP_SWJ_Pins(nReset, nReset, 0) & nReset) == 0" timeout="1000000" info="">
[20:37:19.203]        // while "(DAP_SWJ_Pins(nReset, nReset, 0) & nReset) == 0"  (timeout="1000000")
[20:37:19.206]          // -> [DAP_SWJ_Pins(0x80, 0x80, 0) => 0x8F]   (Out: nRESET=1  =>  In: SWCLK/TCK=1, SWDIO/TMS=1, TDI=1, TDO=1, nTRST=0, nRESET=1)
[20:37:19.206]        // while-condition  =>  FALSE
[20:37:19.206]        // end while "(DAP_SWJ_Pins(nReset, nReset, 0) & nReset) == 0"
[20:37:19.206]      </control>
[20:37:19.206]      // end if-block "canReadPins"
[20:37:19.206]    </control>
[20:37:19.206]    <control if="!canReadPins" while="" timeout="0" info="">
[20:37:19.206]      // if-block "!canReadPins"
[20:37:19.206]        // =>  FALSE
[20:37:19.206]      // skip if-block "!canReadPins"
[20:37:19.206]    </control>
[20:37:19.206]    <control if="(ACCESS_POINT_VAL & 0x00E00000) == 0" while="" timeout="0" info="">
[20:37:19.206]      // if-block "(ACCESS_POINT_VAL & 0x00E00000) == 0"
[20:37:19.206]        // =>  TRUE
[20:37:19.206]      <block atomic="false" info="">
[20:37:19.206]        WriteAP(0x00, 0x190008);
[20:37:19.208]          // -> [WriteAP(0x00000000, 0x00190008)]   (__dp=0x00000000, __ap=0x00000004)
[20:37:19.208]        WriteAP(0xF0, 0x01);
[20:37:19.208]          // -> [WriteAP(0x000000F0, 0x00000001)]   (__dp=0x00000000, __ap=0x00000004)
[20:37:19.208]      </block>
[20:37:19.208]      // end if-block "(ACCESS_POINT_VAL & 0x00E00000) == 0"
[20:37:19.208]    </control>
[20:37:19.208]    <control if="(ACCESS_POINT_VAL & 0x00E00000) != 0" while="" timeout="0" info="">
[20:37:19.208]      // if-block "(ACCESS_POINT_VAL & 0x00E00000) != 0"
[20:37:19.208]        // =>  FALSE
[20:37:19.208]      // skip if-block "(ACCESS_POINT_VAL & 0x00E00000) != 0"
[20:37:19.208]    </control>
[20:37:19.208]    <block atomic="false" info="">
[20:37:19.208]      ACCESS_POINT_VAL = ReadAP(0x00);//Reading current state of access point
[20:37:19.214]        // -> [ReadAP(0x00000000) => 0x0079002F]   (__dp=0x00000000, __ap=0x00000004)
[20:37:19.214]        // -> [ACCESS_POINT_VAL <= 0x0079002F]
[20:37:19.214]      Message(0, "Current state of access point is: %x",ACCESS_POINT_VAL);
[20:37:19.214]      __ap = 0; //lets make sure we reset the access point selection
[20:37:19.214]        // -> [__ap <= 0x00000000]
[20:37:19.214]    </block>
[20:37:19.214]  </sequence>
[20:37:19.214]  
[20:37:19.234]  **********  Sequence "DebugDeviceUnlock"  (Context="Connect", Pname="", info="")
[20:37:19.234]  
[20:37:19.234]  <debugvars>
[20:37:19.234]    // Pre-defined
[20:37:19.234]    __protocol=0x00010002      (Protocol="SWD", SWJ-DP="True")
[20:37:19.234]    __connection=0x00000202    (Connection Type="Flash", Reset Type="System Reset")
[20:37:19.234]    __dp=0x00000000
[20:37:19.234]    __ap=0x00000000
[20:37:19.234]    __traceout=0x00000000      (Trace Disabled)
[20:37:19.234]    __errorcontrol=0x00000000  (Skip Errors="False")
[20:37:19.234]    __FlashAddr=0x00000000
[20:37:19.234]    __FlashLen=0x00000000
[20:37:19.234]    __FlashArg=0x00000000
[20:37:19.234]    __FlashOp=0x00000000
[20:37:19.234]    __Result=0x00000000
[20:37:19.234]  </debugvars>
[20:37:19.234]  
[20:37:19.234]  <sequence name="DebugDeviceUnlock" Pname="" disable="false" info="">
[20:37:19.234]    <block atomic="false" info="">
[20:37:19.234]      __var deviceID = 0;
[20:37:19.234]        // -> [deviceID <= 0x00000000]
[20:37:19.234]      __var version = 0;
[20:37:19.234]        // -> [version <= 0x00000000]
[20:37:19.234]      __var partNum = 0;
[20:37:19.234]        // -> [partNum <= 0x00000000]
[20:37:19.234]      __var manuf = 0;
[20:37:19.234]        // -> [manuf <= 0x00000000]
[20:37:19.234]      __var isMSPM0G1X0X_G3X0X = 0;
[20:37:19.234]        // -> [isMSPM0G1X0X_G3X0X <= 0x00000000]
[20:37:19.234]      __var isProduction = 0;
[20:37:19.234]        // -> [isProduction <= 0x00000000]
[20:37:19.234]      __var continueId = 0;
[20:37:19.234]        // -> [continueId <= 0x00000000]
[20:37:19.234]      deviceID =   Read32(0x41C40004);
[20:37:19.245]        // -> [Read32(0x41C40004) => 0x2BB8802F]   (__dp=0x00000000, __ap=0x00000000)
[20:37:19.245]        // -> [deviceID <= 0x2BB8802F]
[20:37:19.245]      version = deviceID >> 28;
[20:37:19.245]        // -> [version <= 0x00000002]
[20:37:19.245]      partNum = (deviceID & 0x0FFFF000) >> 12;
[20:37:19.245]        // -> [partNum <= 0x0000BB88]
[20:37:19.245]      manuf = (deviceID & 0x00000FFE) >> 1;
[20:37:19.245]        // -> [manuf <= 0x00000017]
[20:37:19.245]      isMSPM0G1X0X_G3X0X = (partNum == 0xBB88) && (manuf == 0x17);
[20:37:19.245]        // -> [isMSPM0G1X0X_G3X0X <= 0x00000001]
[20:37:19.245]      isProduction = (version > 0);
[20:37:19.245]        // -> [isProduction <= 0x00000001]
[20:37:19.245]    </block>
[20:37:19.245]    <control if="!isMSPM0G1X0X_G3X0X" while="" timeout="0" info="">
[20:37:19.245]      // if-block "!isMSPM0G1X0X_G3X0X"
[20:37:19.245]        // =>  FALSE
[20:37:19.245]      // skip if-block "!isMSPM0G1X0X_G3X0X"
[20:37:19.245]    </control>
[20:37:19.245]    <control if="continueId == 4" while="" timeout="0" info="">
[20:37:19.245]      // if-block "continueId == 4"
[20:37:19.245]        // =>  FALSE
[20:37:19.245]      // skip if-block "continueId == 4"
[20:37:19.245]    </control>
[20:37:19.245]    <control if="!isProduction" while="" timeout="0" info="">
[20:37:19.245]      // if-block "!isProduction"
[20:37:19.246]        // =>  FALSE
[20:37:19.246]      // skip if-block "!isProduction"
[20:37:19.246]    </control>
[20:37:19.246]  </sequence>
[20:37:19.246]  
[20:39:50.088]  **********  Sequence "DebugPortSetup"  (Context="Connect", Pname="", info="")
[20:39:50.088]  
[20:39:50.088]  <debugvars>
[20:39:50.088]    // Pre-defined
[20:39:50.088]    __protocol=0x00010002      (Protocol="SWD", SWJ-DP="True")
[20:39:50.088]    __connection=0x00000202    (Connection Type="Flash", Reset Type="System Reset")
[20:39:50.088]    __dp=0x00000000
[20:39:50.088]    __ap=0x00000000
[20:39:50.088]    __traceout=0x00000000      (Trace Disabled)
[20:39:50.088]    __errorcontrol=0x00000000  (Skip Errors="False")
[20:39:50.088]    __FlashAddr=0x00000000
[20:39:50.088]    __FlashLen=0x00000000
[20:39:50.088]    __FlashArg=0x00000000
[20:39:50.088]    __FlashOp=0x00000000
[20:39:50.088]    __Result=0x00000000
[20:39:50.088]  </debugvars>
[20:39:50.088]  
[20:39:50.088]  <sequence name="DebugPortSetup" Pname="" disable="false" info="">
[20:39:50.088]    <block atomic="false" info="">
[20:39:50.088]      __var isSWJ      = ((__protocol & 0x00010000) != 0);
[20:39:50.090]        // -> [isSWJ <= 0x00000001]
[20:39:50.090]      __var hasDormant = __protocol & 0x00020000;
[20:39:50.090]        // -> [hasDormant <= 0x00000000]
[20:39:50.090]      __var protType   = __protocol & 0x0000FFFF;
[20:39:50.090]        // -> [protType <= 0x00000002]
[20:39:50.090]    </block>
[20:39:50.090]    <control if="protType == 1" while="" timeout="0" info="">
[20:39:50.090]      // if-block "protType == 1"
[20:39:50.090]        // =>  FALSE
[20:39:50.090]      // skip if-block "protType == 1"
[20:39:50.090]    </control>
[20:39:50.090]    <control if="protType == 2" while="" timeout="0" info="">
[20:39:50.090]      // if-block "protType == 2"
[20:39:50.090]        // =>  TRUE
[20:39:50.090]      <control if="isSWJ" while="" timeout="0" info="">
[20:39:50.090]        // if-block "isSWJ"
[20:39:50.090]          // =>  TRUE
[20:39:50.090]        <control if="hasDormant" while="" timeout="0" info="">
[20:39:50.090]          // if-block "hasDormant"
[20:39:50.090]            // =>  FALSE
[20:39:50.090]          // skip if-block "hasDormant"
[20:39:50.090]        </control>
[20:39:50.090]        <control if="!hasDormant" while="" timeout="0" info="">
[20:39:50.090]          // if-block "!hasDormant"
[20:39:50.090]            // =>  TRUE
[20:39:50.090]          <block atomic="false" info="">
[20:39:50.090]            DAP_SWJ_Sequence(51, 0x0007FFFFFFFFFFFF); //lets put the JTAG line in a reset state
[20:39:50.092]              // -> [DAP_SWJ_Sequence(51, 0x0007FFFFFFFFFFFF)]
[20:39:50.092]            DAP_SWJ_Sequence(16,0xE73C); //SWD to JTAG, this is to ensure the state machine is initialized
[20:39:50.094]              // -> [DAP_SWJ_Sequence(16, 0x000000000000E73C)]
[20:39:50.094]            DAP_SWJ_Sequence(51, 0x0007FFFFFFFFFFFF); //Put it back in reset
[20:39:50.096]              // -> [DAP_SWJ_Sequence(51, 0x0007FFFFFFFFFFFF)]
[20:39:50.096]            DAP_SWJ_Sequence(16, 0xE79E); //JTAG to SWD switch
[20:39:50.098]              // -> [DAP_SWJ_Sequence(16, 0x000000000000E79E)]
[20:39:50.098]            DAP_SWJ_Sequence(51, 0x0007FFFFFFFFFFFF);  //Ensure the switch is successful 
[20:39:50.100]              // -> [DAP_SWJ_Sequence(51, 0x0007FFFFFFFFFFFF)]
[20:39:50.100]            DAP_SWJ_Sequence(7,  0x00); //Give the line some time to initialize
[20:39:50.102]              // -> [DAP_SWJ_Sequence(7, 0x0000000000000000)]
[20:39:50.102]          </block>
[20:39:50.102]          // end if-block "!hasDormant"
[20:39:50.102]        </control>
[20:39:50.102]        // end if-block "isSWJ"
[20:39:50.102]      </control>
[20:39:50.102]      <control if="!isSWJ" while="" timeout="0" info="">
[20:39:50.102]        // if-block "!isSWJ"
[20:39:50.102]          // =>  FALSE
[20:39:50.102]        // skip if-block "!isSWJ"
[20:39:50.102]      </control>
[20:39:50.102]      <block atomic="false" info="">
[20:39:50.102]        ReadDP(0x0);
[20:39:50.104]          // -> [ReadDP(0x00000000) => 0x6BA02477]   (__dp=0x00000000)
[20:39:50.104]      </block>
[20:39:50.104]      // end if-block "protType == 2"
[20:39:50.104]    </control>
[20:39:50.104]  </sequence>
[20:39:50.104]  
[20:39:50.108]  **********  Sequence "DebugPortStart"  (Context="Connect", Pname="", info="")
[20:39:50.108]  
[20:39:50.108]  <debugvars>
[20:39:50.108]    // Pre-defined
[20:39:50.108]    __protocol=0x00010002      (Protocol="SWD", SWJ-DP="True")
[20:39:50.108]    __connection=0x00000202    (Connection Type="Flash", Reset Type="System Reset")
[20:39:50.108]    __dp=0x00000000
[20:39:50.108]    __ap=0x00000000
[20:39:50.108]    __traceout=0x00000000      (Trace Disabled)
[20:39:50.108]    __errorcontrol=0x00000000  (Skip Errors="False")
[20:39:50.108]    __FlashAddr=0x00000000
[20:39:50.108]    __FlashLen=0x00000000
[20:39:50.108]    __FlashArg=0x00000000
[20:39:50.108]    __FlashOp=0x00000000
[20:39:50.108]    __Result=0x00000000
[20:39:50.108]  </debugvars>
[20:39:50.108]  
[20:39:50.108]  <sequence name="DebugPortStart" Pname="" disable="false" info="">
[20:39:50.108]    <block atomic="false" info="">
[20:39:50.108]      __var SW_DP_ABORT       = 0x0;
[20:39:50.108]        // -> [SW_DP_ABORT <= 0x00000000]
[20:39:50.108]      __var DP_CTRL_STAT      = 0x4;
[20:39:50.108]        // -> [DP_CTRL_STAT <= 0x00000004]
[20:39:50.108]      __var DP_SELECT         = 0x8;
[20:39:50.108]        // -> [DP_SELECT <= 0x00000008]
[20:39:50.108]      __var powered_down      = 0;
[20:39:50.108]        // -> [powered_down <= 0x00000000]
[20:39:50.108]      WriteDP(DP_SELECT, 0x00000000);
[20:39:50.108]        // -> [WriteDP(0x00000008, 0x00000000)]   (__dp=0x00000000)
[20:39:50.108]      powered_down = ((ReadDP(DP_CTRL_STAT) & 0xA0000000) != 0xA0000000);
[20:39:50.114]        // -> [ReadDP(0x00000004) => 0x00000040]   (__dp=0x00000000)
[20:39:50.114]        // -> [powered_down <= 0x00000001]
[20:39:50.114]    </block>
[20:39:50.114]    <control if="powered_down" while="" timeout="0" info="">
[20:39:50.114]      // if-block "powered_down"
[20:39:50.114]        // =>  TRUE
[20:39:50.114]      <block atomic="false" info="">
[20:39:50.114]        Message(0, "Debug/System power-up request sent");
[20:39:50.114]        WriteDP(DP_CTRL_STAT, 0x50000000);
[20:39:50.117]          // -> [WriteDP(0x00000004, 0x50000000)]   (__dp=0x00000000)
[20:39:50.117]      </block>
[20:39:50.117]      <control if="" while="(ReadDP(DP_CTRL_STAT) & 0xA0000000) != 0xA0000000" timeout="1000000" info="">
[20:39:50.117]        // while "(ReadDP(DP_CTRL_STAT) & 0xA0000000) != 0xA0000000"  (timeout="1000000")
[20:39:50.119]          // -> [ReadDP(0x00000004) => 0xF0000040]   (__dp=0x00000000)
[20:39:50.119]        // while-condition  =>  FALSE
[20:39:50.119]        // end while "(ReadDP(DP_CTRL_STAT) & 0xA0000000) != 0xA0000000"
[20:39:50.119]      </control>
[20:39:50.120]      <control if="(__protocol & 0xFFFF) == 1" while="" timeout="0" info="">
[20:39:50.120]        // if-block "(__protocol & 0xFFFF) == 1"
[20:39:50.120]          // =>  FALSE
[20:39:50.120]        // skip if-block "(__protocol & 0xFFFF) == 1"
[20:39:50.120]      </control>
[20:39:50.120]      <control if="(__protocol & 0xFFFF) == 2" while="" timeout="0" info="">
[20:39:50.120]        // if-block "(__protocol & 0xFFFF) == 2"
[20:39:50.120]          // =>  TRUE
[20:39:50.120]        <block atomic="false" info="">
[20:39:50.120]          Message(0, "executing SWD power up");
[20:39:50.121]          WriteDP(DP_CTRL_STAT, 0x50000F00);
[20:39:50.122]            // -> [WriteDP(0x00000004, 0x50000F00)]   (__dp=0x00000000)
[20:39:50.122]          WriteDP(SW_DP_ABORT, 0x0000001E);
[20:39:50.124]            // -> [WriteDP(0x00000000, 0x0000001E)]   (__dp=0x00000000)
[20:39:50.124]        </block>
[20:39:50.124]        // end if-block "(__protocol & 0xFFFF) == 2"
[20:39:50.124]      </control>
[20:39:50.124]      // end if-block "powered_down"
[20:39:50.124]    </control>
[20:39:50.125]    <block atomic="false" info="">
[20:39:50.125]      __var DEBUG_PORT_VAL    = 0;
[20:39:50.125]        // -> [DEBUG_PORT_VAL <= 0x00000000]
[20:39:50.125]      __var ACCESS_POINT_VAL  = 0;
[20:39:50.125]        // -> [ACCESS_POINT_VAL <= 0x00000000]
[20:39:50.125]      __ap = 1; 
[20:39:50.125]        // -> [__ap <= 0x00000001]
[20:39:50.125]      WriteAP(0x0C, 0x04); //lets use the mini pwr-ap as backup
[20:39:50.129]        // -> [WriteAP(0x0000000C, 0x00000004)]   (__dp=0x00000000, __ap=0x00000001)
[20:39:50.129]      __ap = 4;
[20:39:50.129]        // -> [__ap <= 0x00000004]
[20:39:50.129]      ACCESS_POINT_VAL = ReadAP(0x00);//Reading current state of access point
[20:39:50.133]        // -> [ReadAP(0x00000000) => 0x00080027]   (__dp=0x00000000, __ap=0x00000004)
[20:39:50.133]        // -> [ACCESS_POINT_VAL <= 0x00080027]
[20:39:50.133]      Message(0, "Current state of access point is: %x",ACCESS_POINT_VAL);
[20:39:50.134]    </block>
[20:39:50.134]    <block atomic="false" info="">
[20:39:50.134]      __var nReset = 0x80;
[20:39:50.134]        // -> [nReset <= 0x00000080]
[20:39:50.134]      __var canReadPins = 0;
[20:39:50.134]        // -> [canReadPins <= 0x00000000]
[20:39:50.134]      canReadPins = (DAP_SWJ_Pins(0x00, nReset, 0) != 0xFFFFFFFF);
[20:39:50.134]        // -> [DAP_SWJ_Pins(0x00, 0x80, 0) => 0x0F]   (Out: nRESET=0  =>  In: SWCLK/TCK=1, SWDIO/TMS=1, TDI=1, TDO=1, nTRST=0, nRESET=0)
[20:39:50.134]        // -> [canReadPins <= 0x00000001]
[20:39:50.134]    </block>
[20:39:50.134]    <control if="" while="1" timeout="200" info="">
[20:39:50.134]      // while "1"  (timeout="200")
[20:39:50.134]      // while-condition  =>  TRUE
[20:39:50.134]      // while "1"  (timeout="200")
[20:39:50.134]      // while-condition  =>  TRUE
[20:39:50.134]      // while "1"  (timeout="200")
[20:39:50.134]      // while-condition  =>  TRUE
[20:39:50.134]      // while "1"  (timeout="200")
[20:39:50.134]      // while-condition  =>  TRUE
[20:39:50.134]      // while "1"  (timeout="200")
[20:39:50.134]      // while-condition  =>  TRUE
[20:39:50.134]      // while "1"  (timeout="200")
[20:39:50.134]      // while-condition  =>  TRUE
[20:39:50.134]      // while "1"  (timeout="200")
[20:39:50.134]      // while-condition  =>  TRUE
[20:39:50.134]      // while "1"  (timeout="200")
[20:39:50.134]      // while-condition  =>  TRUE
[20:39:50.134]      // while "1"  (timeout="200")
[20:39:50.134]      // while-condition  =>  TRUE
[20:39:50.134]      // while "1"  (timeout="200")
[20:39:50.134]      // while-condition  =>  TRUE
[20:39:50.134]      // while "1"  (timeout="200")
[20:39:50.134]      // while-condition  =>  TRUE
[20:39:50.134]      // while "1"  (timeout="200")
[20:39:50.134]      // while-condition  =>  TRUE
[20:39:50.134]      // while "1"  (timeout="200")
[20:39:50.134]      // while-condition  =>  TRUE
[20:39:50.134]      // while "1"  (timeout="200")
[20:39:50.134]      // while-condition  =>  TRUE
[20:39:50.134]      // while "1"  (timeout="200")
[20:39:50.134]      // while-condition  =>  TRUE
[20:39:50.134]      // while "1"  (timeout="200")
[20:39:50.134]      // while-condition  =>  TRUE
[20:39:50.134]      // while "1"  (timeout="200")
[20:39:50.134]      // while-condition  =>  TRUE
[20:39:50.134]      // while "1"  (timeout="200")
[20:39:50.134]      // while-condition  =>  TRUE
[20:39:50.134]      // while "1"  (timeout="200")
[20:39:50.134]      // while-condition  =>  TRUE
[20:39:50.134]      // while "1"  (timeout="200")
[20:39:50.134]      // while-condition  =>  TRUE
[20:39:50.134]      // while "1"  (timeout="200")
[20:39:50.134]      // while-condition  =>  TRUE
[20:39:50.134]      // while "1"  (timeout="200")
[20:39:50.134]      // while-condition  =>  TRUE
[20:39:50.134]      // while "1"  (timeout="200")
[20:39:50.134]      // while-condition  =>  TRUE
[20:39:50.134]      // while "1"  (timeout="200")
[20:39:50.134]      // while-condition  =>  TRUE
[20:39:50.134]      // while "1"  (timeout="200")
[20:39:50.134]      // while-condition  =>  TRUE
[20:39:50.134]      // while "1"  (timeout="200")
[20:39:50.134]      // while-condition  =>  TRUE
[20:39:50.134]      // while "1"  (timeout="200")
[20:39:50.134]      // while-condition  =>  TRUE
[20:39:50.134]      // while "1"  (timeout="200")
[20:39:50.134]      // while-condition  =>  TRUE
[20:39:50.134]      // while "1"  (timeout="200")
[20:39:50.134]      // while-condition  =>  TRUE
[20:39:50.134]      // while "1"  (timeout="200")
[20:39:50.134]      // while-condition  =>  TRUE
[20:39:50.134]      // while "1"  (timeout="200")
[20:39:50.134]      // while-condition  =>  TRUE
[20:39:50.134]      // while "1"  (timeout="200")
[20:39:50.134]      // while-condition  =>  TRUE
[20:39:50.134]      // while "1"  (timeout="200")
[20:39:50.134]      // while-condition  =>  TRUE
[20:39:50.134]      // while "1"  (timeout="200")
[20:39:50.134]      // while-condition  =>  TRUE
[20:39:50.134]      // while "1"  (timeout="200")
[20:39:50.134]      // while-condition  =>  TRUE
[20:39:50.134]      // while "1"  (timeout="200")
[20:39:50.134]      // while-condition  =>  TRUE
[20:39:50.134]      // while "1"  (timeout="200")
[20:39:50.134]      // while-condition  =>  TRUE
[20:39:50.134]      // while "1"  (timeout="200")
[20:39:50.134]      // while-condition  =>  TRUE
[20:39:50.134]      // while "1"  (timeout="200")
[20:39:50.134]      // while-condition  =>  TRUE
[20:39:50.134]      // while "1"  (timeout="200")
[20:39:50.134]      // while-condition  =>  TRUE
[20:39:50.134]      // while "1"  (timeout="200")
[20:39:50.134]      // while-condition  =>  TRUE
[20:39:50.134]      // while "1"  (timeout="200")
[20:39:50.134]      // while-condition  =>  TRUE
[20:39:50.134]      // while "1"  (timeout="200")
[20:39:50.134]      // while-condition  =>  TRUE
[20:39:50.134]      // while "1"  (timeout="200")
[20:39:50.134]      // while-condition  =>  TRUE
[20:39:50.134]      // while "1"  (timeout="200")
[20:39:50.134]      // while-condition  =>  TRUE
[20:39:50.134]      // while "1"  (timeout="200")
[20:39:50.134]      // while-condition  =>  TRUE
[20:39:50.134]      // while "1"  (timeout="200")
[20:39:50.134]      // while-condition  =>  TRUE
[20:39:50.134]      // while "1"  (timeout="200")
[20:39:50.134]      // while-condition  =>  TRUE
[20:39:50.134]      // while "1"  (timeout="200")
[20:39:50.134]      // while-condition  =>  TRUE
[20:39:50.134]      // while "1"  (timeout="200")
[20:39:50.134]      // while-condition  =>  TRUE
[20:39:50.134]      // while "1"  (timeout="200")
[20:39:50.134]      // while-condition  =>  TRUE
[20:39:50.134]      // while "1"  (timeout="200")
[20:39:50.134]      // while-condition  =>  TRUE
[20:39:50.134]      // while "1"  (timeout="200")
[20:39:50.134]      // while-condition  =>  TRUE
[20:39:50.134]      // while "1"  (timeout="200")
[20:39:50.134]      // while-condition  =>  TRUE
[20:39:50.143]      // while "1"  (timeout="200")
[20:39:50.143]      // while-condition  =>  TRUE
[20:39:50.143]      // while "1"  (timeout="200")
[20:39:50.143]      // while-condition  =>  TRUE
[20:39:50.143]      // while "1"  (timeout="200")
[20:39:50.144]      // while-condition  =>  TRUE
[20:39:50.144]      // while "1"  (timeout="200")
[20:39:50.144]      // while-condition  =>  TRUE
[20:39:50.145]      // while "1"  (timeout="200")
[20:39:50.145]      // while-condition  =>  TRUE
[20:39:50.145]      // while "1"  (timeout="200")
[20:39:50.145]      // while-condition  =>  TRUE
[20:39:50.145]      // while "1"  (timeout="200")
[20:39:50.145]      // while-condition  =>  TRUE
[20:39:50.145]      // while "1"  (timeout="200")
[20:39:50.145]      // while-condition  =>  TRUE
[20:39:50.145]      // while "1"  (timeout="200")
[20:39:50.145]      // while-condition  =>  TRUE
[20:39:50.145]      // while "1"  (timeout="200")
[20:39:50.145]      // while-condition  =>  TRUE
[20:39:50.145]      // while "1"  (timeout="200")
[20:39:50.145]      // while-condition  =>  TRUE
[20:39:50.145]      // while "1"  (timeout="200")
[20:39:50.145]      // while-condition  =>  TRUE
[20:39:50.145]      // while "1"  (timeout="200")
[20:39:50.145]      // while-condition  =>  TRUE
[20:39:50.145]      // while "1"  (timeout="200")
[20:39:50.145]      // while-condition  =>  TRUE
[20:39:50.145]      // while "1"  (timeout="200")
[20:39:50.145]      // while-condition  =>  TRUE
[20:39:50.145]      // while "1"  (timeout="200")
[20:39:50.145]      // while-condition  =>  TRUE
[20:39:50.145]      // while "1"  (timeout="200")
[20:39:50.145]      // while-condition  =>  TRUE
[20:39:50.145]      // while "1"  (timeout="200")
[20:39:50.145]      // while-condition  =>  TRUE
[20:39:50.145]      // while "1"  (timeout="200")
[20:39:50.145]      // while-condition  =>  TRUE
[20:39:50.145]      // while "1"  (timeout="200")
[20:39:50.145]      // while-condition  =>  TRUE
[20:39:50.145]      // while "1"  (timeout="200")
[20:39:50.145]      // while-condition  =>  TRUE
[20:39:50.145]      // while "1"  (timeout="200")
[20:39:50.145]      // while-condition  =>  TRUE
[20:39:50.145]      // while "1"  (timeout="200")
[20:39:50.145]      // while-condition  =>  TRUE
[20:39:50.145]      // while "1"  (timeout="200")
[20:39:50.145]      // while-condition  =>  TRUE
[20:39:50.145]      // while "1"  (timeout="200")
[20:39:50.145]      // while-condition  =>  TRUE
[20:39:50.145]      // while "1"  (timeout="200")
[20:39:50.145]      // while-condition  =>  TRUE
[20:39:50.145]      // while "1"  (timeout="200")
[20:39:50.145]      // while-condition  =>  TRUE
[20:39:50.145]      // while "1"  (timeout="200")
[20:39:50.145]      // while-condition  =>  TRUE
[20:39:50.145]      // while "1"  (timeout="200")
[20:39:50.145]      // while-condition  =>  TRUE
[20:39:50.145]      // while "1"  (timeout="200")
[20:39:50.145]      // while-condition  =>  TRUE
[20:39:50.145]      // while "1"  (timeout="200")
[20:39:50.145]      // while-condition  =>  TRUE
[20:39:50.145]      // while "1"  (timeout="200")
[20:39:50.145]      // while-condition  =>  TRUE
[20:39:50.145]      // while "1"  (timeout="200")
[20:39:50.145]      // while-condition  =>  TRUE
[20:39:50.145]      // while "1"  (timeout="200")
[20:39:50.145]      // while-condition  =>  TRUE
[20:39:50.145]      // while "1"  (timeout="200")
[20:39:50.145]      // while-condition  =>  TRUE
[20:39:50.145]      // while "1"  (timeout="200")
[20:39:50.145]      // while-condition  =>  TRUE
[20:39:50.145]      // while "1"  (timeout="200")
[20:39:50.145]      // while-condition  =>  TRUE
[20:39:50.145]      // while "1"  (timeout="200")
[20:39:50.145]      // while-condition  =>  TRUE
[20:39:50.145]      // while "1"  (timeout="200")
[20:39:50.145]      // while-condition  =>  TRUE
[20:39:50.145]      // while "1"  (timeout="200")
[20:39:50.145]      // while-condition  =>  TRUE
[20:39:50.145]      // while "1"  (timeout="200")
[20:39:50.145]      // while-condition  =>  TRUE
[20:39:50.145]      // while "1"  (timeout="200")
[20:39:50.145]      // while-condition  =>  TRUE
[20:39:50.145]      // while "1"  (timeout="200")
[20:39:50.145]      // while-condition  =>  TRUE
[20:39:50.145]      // while "1"  (timeout="200")
[20:39:50.145]      // while-condition  =>  TRUE
[20:39:50.145]      // while "1"  (timeout="200")
[20:39:50.145]      // while-condition  =>  TRUE
[20:39:50.145]      // while "1"  (timeout="200")
[20:39:50.145]      // while-condition  =>  TRUE
[20:39:50.145]      // while "1"  (timeout="200")
[20:39:50.145]      // while-condition  =>  TRUE
[20:39:50.145]      // while "1"  (timeout="200")
[20:39:50.145]      // while-condition  =>  TRUE
[20:39:50.145]      // while "1"  (timeout="200")
[20:39:50.145]      // while-condition  =>  TRUE
[20:39:50.145]      // while "1"  (timeout="200")
[20:39:50.145]      // while-condition  =>  TRUE
[20:39:50.150]      // while "1"  (timeout="200")
[20:39:50.150]      // while  =>  TIMEOUT
[20:39:50.150]      // end while "1"
[20:39:50.150]    </control>
[20:39:50.150]    <control if="canReadPins" while="" timeout="0" info="">
[20:39:50.150]      // if-block "canReadPins"
[20:39:50.150]        // =>  TRUE
[20:39:50.150]      <control if="" while="(DAP_SWJ_Pins(nReset, nReset, 0) & nReset) == 0" timeout="1000000" info="">
[20:39:50.150]        // while "(DAP_SWJ_Pins(nReset, nReset, 0) & nReset) == 0"  (timeout="1000000")
[20:39:50.152]          // -> [DAP_SWJ_Pins(0x80, 0x80, 0) => 0x8F]   (Out: nRESET=1  =>  In: SWCLK/TCK=1, SWDIO/TMS=1, TDI=1, TDO=1, nTRST=0, nRESET=1)
[20:39:50.152]        // while-condition  =>  FALSE
[20:39:50.152]        // end while "(DAP_SWJ_Pins(nReset, nReset, 0) & nReset) == 0"
[20:39:50.152]      </control>
[20:39:50.152]      // end if-block "canReadPins"
[20:39:50.152]    </control>
[20:39:50.152]    <control if="!canReadPins" while="" timeout="0" info="">
[20:39:50.152]      // if-block "!canReadPins"
[20:39:50.152]        // =>  FALSE
[20:39:50.152]      // skip if-block "!canReadPins"
[20:39:50.152]    </control>
[20:39:50.152]    <control if="(ACCESS_POINT_VAL & 0x00E00000) == 0" while="" timeout="0" info="">
[20:39:50.153]      // if-block "(ACCESS_POINT_VAL & 0x00E00000) == 0"
[20:39:50.153]        // =>  TRUE
[20:39:50.153]      <block atomic="false" info="">
[20:39:50.153]        WriteAP(0x00, 0x190008);
[20:39:50.155]          // -> [WriteAP(0x00000000, 0x00190008)]   (__dp=0x00000000, __ap=0x00000004)
[20:39:50.155]        WriteAP(0xF0, 0x01);
[20:39:50.159]          // -> [WriteAP(0x000000F0, 0x00000001)]   (__dp=0x00000000, __ap=0x00000004)
[20:39:50.159]      </block>
[20:39:50.159]      // end if-block "(ACCESS_POINT_VAL & 0x00E00000) == 0"
[20:39:50.159]    </control>
[20:39:50.159]    <control if="(ACCESS_POINT_VAL & 0x00E00000) != 0" while="" timeout="0" info="">
[20:39:50.159]      // if-block "(ACCESS_POINT_VAL & 0x00E00000) != 0"
[20:39:50.159]        // =>  FALSE
[20:39:50.159]      // skip if-block "(ACCESS_POINT_VAL & 0x00E00000) != 0"
[20:39:50.159]    </control>
[20:39:50.159]    <block atomic="false" info="">
[20:39:50.159]      ACCESS_POINT_VAL = ReadAP(0x00);//Reading current state of access point
[20:39:50.163]        // -> [ReadAP(0x00000000) => 0x0079002F]   (__dp=0x00000000, __ap=0x00000004)
[20:39:50.163]        // -> [ACCESS_POINT_VAL <= 0x0079002F]
[20:39:50.163]      Message(0, "Current state of access point is: %x",ACCESS_POINT_VAL);
[20:39:50.164]      __ap = 0; //lets make sure we reset the access point selection
[20:39:50.164]        // -> [__ap <= 0x00000000]
[20:39:50.165]    </block>
[20:39:50.165]  </sequence>
[20:39:50.165]  
[20:39:50.184]  **********  Sequence "DebugDeviceUnlock"  (Context="Connect", Pname="", info="")
[20:39:50.184]  
[20:39:50.184]  <debugvars>
[20:39:50.184]    // Pre-defined
[20:39:50.185]    __protocol=0x00010002      (Protocol="SWD", SWJ-DP="True")
[20:39:50.185]    __connection=0x00000202    (Connection Type="Flash", Reset Type="System Reset")
[20:39:50.185]    __dp=0x00000000
[20:39:50.185]    __ap=0x00000000
[20:39:50.185]    __traceout=0x00000000      (Trace Disabled)
[20:39:50.185]    __errorcontrol=0x00000000  (Skip Errors="False")
[20:39:50.185]    __FlashAddr=0x00000000
[20:39:50.185]    __FlashLen=0x00000000
[20:39:50.185]    __FlashArg=0x00000000
[20:39:50.185]    __FlashOp=0x00000000
[20:39:50.185]    __Result=0x00000000
[20:39:50.185]  </debugvars>
[20:39:50.185]  
[20:39:50.185]  <sequence name="DebugDeviceUnlock" Pname="" disable="false" info="">
[20:39:50.185]    <block atomic="false" info="">
[20:39:50.185]      __var deviceID = 0;
[20:39:50.185]        // -> [deviceID <= 0x00000000]
[20:39:50.185]      __var version = 0;
[20:39:50.185]        // -> [version <= 0x00000000]
[20:39:50.185]      __var partNum = 0;
[20:39:50.185]        // -> [partNum <= 0x00000000]
[20:39:50.186]      __var manuf = 0;
[20:39:50.186]        // -> [manuf <= 0x00000000]
[20:39:50.186]      __var isMSPM0G1X0X_G3X0X = 0;
[20:39:50.186]        // -> [isMSPM0G1X0X_G3X0X <= 0x00000000]
[20:39:50.186]      __var isProduction = 0;
[20:39:50.186]        // -> [isProduction <= 0x00000000]
[20:39:50.186]      __var continueId = 0;
[20:39:50.186]        // -> [continueId <= 0x00000000]
[20:39:50.186]      deviceID =   Read32(0x41C40004);
[20:39:50.191]        // -> [Read32(0x41C40004) => 0x2BB8802F]   (__dp=0x00000000, __ap=0x00000000)
[20:39:50.192]        // -> [deviceID <= 0x2BB8802F]
[20:39:50.192]      version = deviceID >> 28;
[20:39:50.192]        // -> [version <= 0x00000002]
[20:39:50.192]      partNum = (deviceID & 0x0FFFF000) >> 12;
[20:39:50.192]        // -> [partNum <= 0x0000BB88]
[20:39:50.192]      manuf = (deviceID & 0x00000FFE) >> 1;
[20:39:50.192]        // -> [manuf <= 0x00000017]
[20:39:50.192]      isMSPM0G1X0X_G3X0X = (partNum == 0xBB88) && (manuf == 0x17);
[20:39:50.192]        // -> [isMSPM0G1X0X_G3X0X <= 0x00000001]
[20:39:50.192]      isProduction = (version > 0);
[20:39:50.192]        // -> [isProduction <= 0x00000001]
[20:39:50.192]    </block>
[20:39:50.192]    <control if="!isMSPM0G1X0X_G3X0X" while="" timeout="0" info="">
[20:39:50.192]      // if-block "!isMSPM0G1X0X_G3X0X"
[20:39:50.193]        // =>  FALSE
[20:39:50.193]      // skip if-block "!isMSPM0G1X0X_G3X0X"
[20:39:50.193]    </control>
[20:39:50.193]    <control if="continueId == 4" while="" timeout="0" info="">
[20:39:50.193]      // if-block "continueId == 4"
[20:39:50.193]        // =>  FALSE
[20:39:50.194]      // skip if-block "continueId == 4"
[20:39:50.194]    </control>
[20:39:50.194]    <control if="!isProduction" while="" timeout="0" info="">
[20:39:50.194]      // if-block "!isProduction"
[20:39:50.194]        // =>  FALSE
[20:39:50.194]      // skip if-block "!isProduction"
[20:39:50.194]    </control>
[20:39:50.194]  </sequence>
[20:39:50.194]  
[20:45:41.630]  **********  Sequence "DebugPortSetup"  (Context="Connect", Pname="", info="")
[20:45:41.630]  
[20:45:41.630]  <debugvars>
[20:45:41.630]    // Pre-defined
[20:45:41.630]    __protocol=0x00010002      (Protocol="SWD", SWJ-DP="True")
[20:45:41.630]    __connection=0x00000202    (Connection Type="Flash", Reset Type="System Reset")
[20:45:41.630]    __dp=0x00000000
[20:45:41.630]    __ap=0x00000000
[20:45:41.630]    __traceout=0x00000000      (Trace Disabled)
[20:45:41.630]    __errorcontrol=0x00000000  (Skip Errors="False")
[20:45:41.630]    __FlashAddr=0x00000000
[20:45:41.630]    __FlashLen=0x00000000
[20:45:41.630]    __FlashArg=0x00000000
[20:45:41.630]    __FlashOp=0x00000000
[20:45:41.630]    __Result=0x00000000
[20:45:41.630]  </debugvars>
[20:45:41.630]  
[20:45:41.630]  <sequence name="DebugPortSetup" Pname="" disable="false" info="">
[20:45:41.630]    <block atomic="false" info="">
[20:45:41.630]      __var isSWJ      = ((__protocol & 0x00010000) != 0);
[20:45:41.630]        // -> [isSWJ <= 0x00000001]
[20:45:41.630]      __var hasDormant = __protocol & 0x00020000;
[20:45:41.630]        // -> [hasDormant <= 0x00000000]
[20:45:41.630]      __var protType   = __protocol & 0x0000FFFF;
[20:45:41.630]        // -> [protType <= 0x00000002]
[20:45:41.630]    </block>
[20:45:41.630]    <control if="protType == 1" while="" timeout="0" info="">
[20:45:41.630]      // if-block "protType == 1"
[20:45:41.630]        // =>  FALSE
[20:45:41.630]      // skip if-block "protType == 1"
[20:45:41.632]    </control>
[20:45:41.632]    <control if="protType == 2" while="" timeout="0" info="">
[20:45:41.632]      // if-block "protType == 2"
[20:45:41.633]        // =>  TRUE
[20:45:41.633]      <control if="isSWJ" while="" timeout="0" info="">
[20:45:41.633]        // if-block "isSWJ"
[20:45:41.633]          // =>  TRUE
[20:45:41.633]        <control if="hasDormant" while="" timeout="0" info="">
[20:45:41.633]          // if-block "hasDormant"
[20:45:41.633]            // =>  FALSE
[20:45:41.633]          // skip if-block "hasDormant"
[20:45:41.633]        </control>
[20:45:41.633]        <control if="!hasDormant" while="" timeout="0" info="">
[20:45:41.633]          // if-block "!hasDormant"
[20:45:41.633]            // =>  TRUE
[20:45:41.633]          <block atomic="false" info="">
[20:45:41.633]            DAP_SWJ_Sequence(51, 0x0007FFFFFFFFFFFF); //lets put the JTAG line in a reset state
[20:45:41.635]              // -> [DAP_SWJ_Sequence(51, 0x0007FFFFFFFFFFFF)]
[20:45:41.635]            DAP_SWJ_Sequence(16,0xE73C); //SWD to JTAG, this is to ensure the state machine is initialized
[20:45:41.637]              // -> [DAP_SWJ_Sequence(16, 0x000000000000E73C)]
[20:45:41.637]            DAP_SWJ_Sequence(51, 0x0007FFFFFFFFFFFF); //Put it back in reset
[20:45:41.639]              // -> [DAP_SWJ_Sequence(51, 0x0007FFFFFFFFFFFF)]
[20:45:41.639]            DAP_SWJ_Sequence(16, 0xE79E); //JTAG to SWD switch
[20:45:41.642]              // -> [DAP_SWJ_Sequence(16, 0x000000000000E79E)]
[20:45:41.642]            DAP_SWJ_Sequence(51, 0x0007FFFFFFFFFFFF);  //Ensure the switch is successful 
[20:45:41.643]              // -> [DAP_SWJ_Sequence(51, 0x0007FFFFFFFFFFFF)]
[20:45:41.643]            DAP_SWJ_Sequence(7,  0x00); //Give the line some time to initialize
[20:45:41.644]              // -> [DAP_SWJ_Sequence(7, 0x0000000000000000)]
[20:45:41.644]          </block>
[20:45:41.644]          // end if-block "!hasDormant"
[20:45:41.644]        </control>
[20:45:41.644]        // end if-block "isSWJ"
[20:45:41.644]      </control>
[20:45:41.644]      <control if="!isSWJ" while="" timeout="0" info="">
[20:45:41.644]        // if-block "!isSWJ"
[20:45:41.644]          // =>  FALSE
[20:45:41.644]        // skip if-block "!isSWJ"
[20:45:41.644]      </control>
[20:45:41.644]      <block atomic="false" info="">
[20:45:41.644]        ReadDP(0x0);
[20:45:41.649]          // -> [ReadDP(0x00000000) => 0x6BA02477]   (__dp=0x00000000)
[20:45:41.649]      </block>
[20:45:41.649]      // end if-block "protType == 2"
[20:45:41.649]    </control>
[20:45:41.649]  </sequence>
[20:45:41.649]  
[20:45:41.653]  **********  Sequence "DebugPortStart"  (Context="Connect", Pname="", info="")
[20:45:41.653]  
[20:45:41.653]  <debugvars>
[20:45:41.653]    // Pre-defined
[20:45:41.653]    __protocol=0x00010002      (Protocol="SWD", SWJ-DP="True")
[20:45:41.653]    __connection=0x00000202    (Connection Type="Flash", Reset Type="System Reset")
[20:45:41.653]    __dp=0x00000000
[20:45:41.653]    __ap=0x00000000
[20:45:41.653]    __traceout=0x00000000      (Trace Disabled)
[20:45:41.653]    __errorcontrol=0x00000000  (Skip Errors="False")
[20:45:41.653]    __FlashAddr=0x00000000
[20:45:41.653]    __FlashLen=0x00000000
[20:45:41.653]    __FlashArg=0x00000000
[20:45:41.653]    __FlashOp=0x00000000
[20:45:41.653]    __Result=0x00000000
[20:45:41.653]  </debugvars>
[20:45:41.653]  
[20:45:41.653]  <sequence name="DebugPortStart" Pname="" disable="false" info="">
[20:45:41.653]    <block atomic="false" info="">
[20:45:41.653]      __var SW_DP_ABORT       = 0x0;
[20:45:41.653]        // -> [SW_DP_ABORT <= 0x00000000]
[20:45:41.653]      __var DP_CTRL_STAT      = 0x4;
[20:45:41.653]        // -> [DP_CTRL_STAT <= 0x00000004]
[20:45:41.653]      __var DP_SELECT         = 0x8;
[20:45:41.653]        // -> [DP_SELECT <= 0x00000008]
[20:45:41.653]      __var powered_down      = 0;
[20:45:41.653]        // -> [powered_down <= 0x00000000]
[20:45:41.653]      WriteDP(DP_SELECT, 0x00000000);
[20:45:41.655]        // -> [WriteDP(0x00000008, 0x00000000)]   (__dp=0x00000000)
[20:45:41.655]      powered_down = ((ReadDP(DP_CTRL_STAT) & 0xA0000000) != 0xA0000000);
[20:45:41.657]        // -> [ReadDP(0x00000004) => 0x00000040]   (__dp=0x00000000)
[20:45:41.657]        // -> [powered_down <= 0x00000001]
[20:45:41.657]    </block>
[20:45:41.657]    <control if="powered_down" while="" timeout="0" info="">
[20:45:41.657]      // if-block "powered_down"
[20:45:41.657]        // =>  TRUE
[20:45:41.657]      <block atomic="false" info="">
[20:45:41.659]        Message(0, "Debug/System power-up request sent");
[20:45:41.659]        WriteDP(DP_CTRL_STAT, 0x50000000);
[20:45:41.663]          // -> [WriteDP(0x00000004, 0x50000000)]   (__dp=0x00000000)
[20:45:41.663]      </block>
[20:45:41.663]      <control if="" while="(ReadDP(DP_CTRL_STAT) & 0xA0000000) != 0xA0000000" timeout="1000000" info="">
[20:45:41.663]        // while "(ReadDP(DP_CTRL_STAT) & 0xA0000000) != 0xA0000000"  (timeout="1000000")
[20:45:41.664]          // -> [ReadDP(0x00000004) => 0xF0000040]   (__dp=0x00000000)
[20:45:41.664]        // while-condition  =>  FALSE
[20:45:41.664]        // end while "(ReadDP(DP_CTRL_STAT) & 0xA0000000) != 0xA0000000"
[20:45:41.664]      </control>
[20:45:41.664]      <control if="(__protocol & 0xFFFF) == 1" while="" timeout="0" info="">
[20:45:41.665]        // if-block "(__protocol & 0xFFFF) == 1"
[20:45:41.665]          // =>  FALSE
[20:45:41.665]        // skip if-block "(__protocol & 0xFFFF) == 1"
[20:45:41.665]      </control>
[20:45:41.665]      <control if="(__protocol & 0xFFFF) == 2" while="" timeout="0" info="">
[20:45:41.665]        // if-block "(__protocol & 0xFFFF) == 2"
[20:45:41.665]          // =>  TRUE
[20:45:41.665]        <block atomic="false" info="">
[20:45:41.665]          Message(0, "executing SWD power up");
[20:45:41.665]          WriteDP(DP_CTRL_STAT, 0x50000F00);
[20:45:41.667]            // -> [WriteDP(0x00000004, 0x50000F00)]   (__dp=0x00000000)
[20:45:41.667]          WriteDP(SW_DP_ABORT, 0x0000001E);
[20:45:41.669]            // -> [WriteDP(0x00000000, 0x0000001E)]   (__dp=0x00000000)
[20:45:41.669]        </block>
[20:45:41.669]        // end if-block "(__protocol & 0xFFFF) == 2"
[20:45:41.669]      </control>
[20:45:41.669]      // end if-block "powered_down"
[20:45:41.669]    </control>
[20:45:41.671]    <block atomic="false" info="">
[20:45:41.671]      __var DEBUG_PORT_VAL    = 0;
[20:45:41.671]        // -> [DEBUG_PORT_VAL <= 0x00000000]
[20:45:41.671]      __var ACCESS_POINT_VAL  = 0;
[20:45:41.671]        // -> [ACCESS_POINT_VAL <= 0x00000000]
[20:45:41.671]      __ap = 1; 
[20:45:41.671]        // -> [__ap <= 0x00000001]
[20:45:41.671]      WriteAP(0x0C, 0x04); //lets use the mini pwr-ap as backup
[20:45:41.675]        // -> [WriteAP(0x0000000C, 0x00000004)]   (__dp=0x00000000, __ap=0x00000001)
[20:45:41.675]      __ap = 4;
[20:45:41.675]        // -> [__ap <= 0x00000004]
[20:45:41.675]      ACCESS_POINT_VAL = ReadAP(0x00);//Reading current state of access point
[20:45:41.677]        // -> [ReadAP(0x00000000) => 0x00080027]   (__dp=0x00000000, __ap=0x00000004)
[20:45:41.677]        // -> [ACCESS_POINT_VAL <= 0x00080027]
[20:45:41.677]      Message(0, "Current state of access point is: %x",ACCESS_POINT_VAL);
[20:45:41.677]    </block>
[20:45:41.677]    <block atomic="false" info="">
[20:45:41.677]      __var nReset = 0x80;
[20:45:41.677]        // -> [nReset <= 0x00000080]
[20:45:41.677]      __var canReadPins = 0;
[20:45:41.677]        // -> [canReadPins <= 0x00000000]
[20:45:41.677]      canReadPins = (DAP_SWJ_Pins(0x00, nReset, 0) != 0xFFFFFFFF);
[20:45:41.683]        // -> [DAP_SWJ_Pins(0x00, 0x80, 0) => 0x0F]   (Out: nRESET=0  =>  In: SWCLK/TCK=1, SWDIO/TMS=1, TDI=1, TDO=1, nTRST=0, nRESET=0)
[20:45:41.683]        // -> [canReadPins <= 0x00000001]
[20:45:41.683]    </block>
[20:45:41.683]    <control if="" while="1" timeout="200" info="">
[20:45:41.683]      // while "1"  (timeout="200")
[20:45:41.683]      // while-condition  =>  TRUE
[20:45:41.683]      // while "1"  (timeout="200")
[20:45:41.683]      // while-condition  =>  TRUE
[20:45:41.683]      // while "1"  (timeout="200")
[20:45:41.683]      // while-condition  =>  TRUE
[20:45:41.683]      // while "1"  (timeout="200")
[20:45:41.683]      // while-condition  =>  TRUE
[20:45:41.683]      // while "1"  (timeout="200")
[20:45:41.683]      // while-condition  =>  TRUE
[20:45:41.683]      // while "1"  (timeout="200")
[20:45:41.683]      // while-condition  =>  TRUE
[20:45:41.683]      // while "1"  (timeout="200")
[20:45:41.683]      // while-condition  =>  TRUE
[20:45:41.683]      // while "1"  (timeout="200")
[20:45:41.683]      // while-condition  =>  TRUE
[20:45:41.683]      // while "1"  (timeout="200")
[20:45:41.683]      // while-condition  =>  TRUE
[20:45:41.683]      // while "1"  (timeout="200")
[20:45:41.683]      // while-condition  =>  TRUE
[20:45:41.683]      // while "1"  (timeout="200")
[20:45:41.683]      // while-condition  =>  TRUE
[20:45:41.683]      // while "1"  (timeout="200")
[20:45:41.683]      // while-condition  =>  TRUE
[20:45:41.683]      // while "1"  (timeout="200")
[20:45:41.683]      // while-condition  =>  TRUE
[20:45:41.683]      // while "1"  (timeout="200")
[20:45:41.683]      // while-condition  =>  TRUE
[20:45:41.683]      // while "1"  (timeout="200")
[20:45:41.683]      // while-condition  =>  TRUE
[20:45:41.683]      // while "1"  (timeout="200")
[20:45:41.683]      // while-condition  =>  TRUE
[20:45:41.683]      // while "1"  (timeout="200")
[20:45:41.683]      // while-condition  =>  TRUE
[20:45:41.683]      // while "1"  (timeout="200")
[20:45:41.683]      // while-condition  =>  TRUE
[20:45:41.685]      // while "1"  (timeout="200")
[20:45:41.685]      // while-condition  =>  TRUE
[20:45:41.685]      // while "1"  (timeout="200")
[20:45:41.685]      // while-condition  =>  TRUE
[20:45:41.685]      // while "1"  (timeout="200")
[20:45:41.685]      // while-condition  =>  TRUE
[20:45:41.685]      // while "1"  (timeout="200")
[20:45:41.685]      // while-condition  =>  TRUE
[20:45:41.685]      // while "1"  (timeout="200")
[20:45:41.685]      // while-condition  =>  TRUE
[20:45:41.685]      // while "1"  (timeout="200")
[20:45:41.685]      // while-condition  =>  TRUE
[20:45:41.685]      // while "1"  (timeout="200")
[20:45:41.685]      // while-condition  =>  TRUE
[20:45:41.685]      // while "1"  (timeout="200")
[20:45:41.685]      // while-condition  =>  TRUE
[20:45:41.685]      // while "1"  (timeout="200")
[20:45:41.685]      // while-condition  =>  TRUE
[20:45:41.685]      // while "1"  (timeout="200")
[20:45:41.685]      // while-condition  =>  TRUE
[20:45:41.685]      // while "1"  (timeout="200")
[20:45:41.685]      // while-condition  =>  TRUE
[20:45:41.685]      // while "1"  (timeout="200")
[20:45:41.685]      // while-condition  =>  TRUE
[20:45:41.685]      // while "1"  (timeout="200")
[20:45:41.685]      // while-condition  =>  TRUE
[20:45:41.685]      // while "1"  (timeout="200")
[20:45:41.685]      // while-condition  =>  TRUE
[20:45:41.685]      // while "1"  (timeout="200")
[20:45:41.685]      // while-condition  =>  TRUE
[20:45:41.685]      // while "1"  (timeout="200")
[20:45:41.685]      // while-condition  =>  TRUE
[20:45:41.685]      // while "1"  (timeout="200")
[20:45:41.685]      // while-condition  =>  TRUE
[20:45:41.685]      // while "1"  (timeout="200")
[20:45:41.685]      // while-condition  =>  TRUE
[20:45:41.685]      // while "1"  (timeout="200")
[20:45:41.685]      // while-condition  =>  TRUE
[20:45:41.685]      // while "1"  (timeout="200")
[20:45:41.685]      // while-condition  =>  TRUE
[20:45:41.685]      // while "1"  (timeout="200")
[20:45:41.685]      // while-condition  =>  TRUE
[20:45:41.685]      // while "1"  (timeout="200")
[20:45:41.685]      // while-condition  =>  TRUE
[20:45:41.685]      // while "1"  (timeout="200")
[20:45:41.687]      // while-condition  =>  TRUE
[20:45:41.687]      // while "1"  (timeout="200")
[20:45:41.687]      // while-condition  =>  TRUE
[20:45:41.687]      // while "1"  (timeout="200")
[20:45:41.687]      // while-condition  =>  TRUE
[20:45:41.687]      // while "1"  (timeout="200")
[20:45:41.687]      // while-condition  =>  TRUE
[20:45:41.687]      // while "1"  (timeout="200")
[20:45:41.687]      // while-condition  =>  TRUE
[20:45:41.687]      // while "1"  (timeout="200")
[20:45:41.687]      // while-condition  =>  TRUE
[20:45:41.687]      // while "1"  (timeout="200")
[20:45:41.687]      // while-condition  =>  TRUE
[20:45:41.687]      // while "1"  (timeout="200")
[20:45:41.687]      // while-condition  =>  TRUE
[20:45:41.687]      // while "1"  (timeout="200")
[20:45:41.687]      // while-condition  =>  TRUE
[20:45:41.687]      // while "1"  (timeout="200")
[20:45:41.687]      // while-condition  =>  TRUE
[20:45:41.687]      // while "1"  (timeout="200")
[20:45:41.687]      // while-condition  =>  TRUE
[20:45:41.687]      // while "1"  (timeout="200")
[20:45:41.687]      // while-condition  =>  TRUE
[20:45:41.687]      // while "1"  (timeout="200")
[20:45:41.687]      // while-condition  =>  TRUE
[20:45:41.687]      // while "1"  (timeout="200")
[20:45:41.687]      // while-condition  =>  TRUE
[20:45:41.687]      // while "1"  (timeout="200")
[20:45:41.687]      // while-condition  =>  TRUE
[20:45:41.687]      // while "1"  (timeout="200")
[20:45:41.687]      // while-condition  =>  TRUE
[20:45:41.687]      // while "1"  (timeout="200")
[20:45:41.687]      // while-condition  =>  TRUE
[20:45:41.687]      // while "1"  (timeout="200")
[20:45:41.689]      // while-condition  =>  TRUE
[20:45:41.689]      // while "1"  (timeout="200")
[20:45:41.689]      // while-condition  =>  TRUE
[20:45:41.689]      // while "1"  (timeout="200")
[20:45:41.689]      // while-condition  =>  TRUE
[20:45:41.689]      // while "1"  (timeout="200")
[20:45:41.689]      // while-condition  =>  TRUE
[20:45:41.689]      // while "1"  (timeout="200")
[20:45:41.689]      // while-condition  =>  TRUE
[20:45:41.689]      // while "1"  (timeout="200")
[20:45:41.689]      // while-condition  =>  TRUE
[20:45:41.689]      // while "1"  (timeout="200")
[20:45:41.689]      // while-condition  =>  TRUE
[20:45:41.689]      // while "1"  (timeout="200")
[20:45:41.689]      // while-condition  =>  TRUE
[20:45:41.689]      // while "1"  (timeout="200")
[20:45:41.689]      // while-condition  =>  TRUE
[20:45:41.689]      // while "1"  (timeout="200")
[20:45:41.689]      // while-condition  =>  TRUE
[20:45:41.689]      // while "1"  (timeout="200")
[20:45:41.689]      // while-condition  =>  TRUE
[20:45:41.689]      // while "1"  (timeout="200")
[20:45:41.689]      // while-condition  =>  TRUE
[20:45:41.689]      // while "1"  (timeout="200")
[20:45:41.689]      // while-condition  =>  TRUE
[20:45:41.689]      // while "1"  (timeout="200")
[20:45:41.689]      // while-condition  =>  TRUE
[20:45:41.689]      // while "1"  (timeout="200")
[20:45:41.689]      // while-condition  =>  TRUE
[20:45:41.689]      // while "1"  (timeout="200")
[20:45:41.689]      // while-condition  =>  TRUE
[20:45:41.691]      // while "1"  (timeout="200")
[20:45:41.691]      // while-condition  =>  TRUE
[20:45:41.691]      // while "1"  (timeout="200")
[20:45:41.691]      // while-condition  =>  TRUE
[20:45:41.691]      // while "1"  (timeout="200")
[20:45:41.691]      // while-condition  =>  TRUE
[20:45:41.692]      // while "1"  (timeout="200")
[20:45:41.692]      // while-condition  =>  TRUE
[20:45:41.692]      // while "1"  (timeout="200")
[20:45:41.692]      // while-condition  =>  TRUE
[20:45:41.692]      // while "1"  (timeout="200")
[20:45:41.692]      // while-condition  =>  TRUE
[20:45:41.692]      // while "1"  (timeout="200")
[20:45:41.692]      // while-condition  =>  TRUE
[20:45:41.692]      // while "1"  (timeout="200")
[20:45:41.692]      // while-condition  =>  TRUE
[20:45:41.692]      // while "1"  (timeout="200")
[20:45:41.692]      // while-condition  =>  TRUE
[20:45:41.692]      // while "1"  (timeout="200")
[20:45:41.692]      // while-condition  =>  TRUE
[20:45:41.692]      // while "1"  (timeout="200")
[20:45:41.692]      // while-condition  =>  TRUE
[20:45:41.692]      // while "1"  (timeout="200")
[20:45:41.693]      // while-condition  =>  TRUE
[20:45:41.693]      // while "1"  (timeout="200")
[20:45:41.693]      // while-condition  =>  TRUE
[20:45:41.693]      // while "1"  (timeout="200")
[20:45:41.693]      // while-condition  =>  TRUE
[20:45:41.693]      // while "1"  (timeout="200")
[20:45:41.693]      // while-condition  =>  TRUE
[20:45:41.693]      // while "1"  (timeout="200")
[20:45:41.693]      // while-condition  =>  TRUE
[20:45:41.693]      // while "1"  (timeout="200")
[20:45:41.693]      // while-condition  =>  TRUE
[20:45:41.693]      // while "1"  (timeout="200")
[20:45:41.693]      // while-condition  =>  TRUE
[20:45:41.693]      // while "1"  (timeout="200")
[20:45:41.693]      // while-condition  =>  TRUE
[20:45:41.693]      // while "1"  (timeout="200")
[20:45:41.693]      // while-condition  =>  TRUE
[20:45:41.693]      // while "1"  (timeout="200")
[20:45:41.693]      // while-condition  =>  TRUE
[20:45:41.693]      // while "1"  (timeout="200")
[20:45:41.693]      // while-condition  =>  TRUE
[20:45:41.693]      // while "1"  (timeout="200")
[20:45:41.693]      // while-condition  =>  TRUE
[20:45:41.693]      // while "1"  (timeout="200")
[20:45:41.693]      // while-condition  =>  TRUE
[20:45:41.693]      // while "1"  (timeout="200")
[20:45:41.693]      // while-condition  =>  TRUE
[20:45:41.693]      // while "1"  (timeout="200")
[20:45:41.693]      // while-condition  =>  TRUE
[20:45:41.693]      // while "1"  (timeout="200")
[20:45:41.693]      // while-condition  =>  TRUE
[20:45:41.693]      // while "1"  (timeout="200")
[20:45:41.693]      // while-condition  =>  TRUE
[20:45:41.693]      // while "1"  (timeout="200")
[20:45:41.693]      // while-condition  =>  TRUE
[20:45:41.693]      // while "1"  (timeout="200")
[20:45:41.693]      // while-condition  =>  TRUE
[20:45:41.693]      // while "1"  (timeout="200")
[20:45:41.693]      // while-condition  =>  TRUE
[20:45:41.695]      // while "1"  (timeout="200")
[20:45:41.695]      // while-condition  =>  TRUE
[20:45:41.695]      // while "1"  (timeout="200")
[20:45:41.695]      // while-condition  =>  TRUE
[20:45:41.695]      // while "1"  (timeout="200")
[20:45:41.695]      // while-condition  =>  TRUE
[20:45:41.695]      // while "1"  (timeout="200")
[20:45:41.695]      // while-condition  =>  TRUE
[20:45:41.695]      // while "1"  (timeout="200")
[20:45:41.695]      // while-condition  =>  TRUE
[20:45:41.695]      // while "1"  (timeout="200")
[20:45:41.695]      // while-condition  =>  TRUE
[20:45:41.695]      // while "1"  (timeout="200")
[20:45:41.695]      // while-condition  =>  TRUE
[20:45:41.695]      // while "1"  (timeout="200")
[20:45:41.695]      // while-condition  =>  TRUE
[20:45:41.695]      // while "1"  (timeout="200")
[20:45:41.695]      // while-condition  =>  TRUE
[20:45:41.695]      // while "1"  (timeout="200")
[20:45:41.695]      // while-condition  =>  TRUE
[20:45:41.695]      // while "1"  (timeout="200")
[20:45:41.695]      // while-condition  =>  TRUE
[20:45:41.695]      // while "1"  (timeout="200")
[20:45:41.695]      // while-condition  =>  TRUE
[20:45:41.695]      // while "1"  (timeout="200")
[20:45:41.695]      // while-condition  =>  TRUE
[20:45:41.695]      // while "1"  (timeout="200")
[20:45:41.695]      // while-condition  =>  TRUE
[20:45:41.695]      // while "1"  (timeout="200")
[20:45:41.695]      // while-condition  =>  TRUE
[20:45:41.695]      // while "1"  (timeout="200")
[20:45:41.695]      // while-condition  =>  TRUE
[20:45:41.695]      // while "1"  (timeout="200")
[20:45:41.695]      // while-condition  =>  TRUE
[20:45:41.695]      // while "1"  (timeout="200")
[20:45:41.695]      // while-condition  =>  TRUE
[20:45:41.695]      // while "1"  (timeout="200")
[20:45:41.695]      // while-condition  =>  TRUE
[20:45:41.695]      // while "1"  (timeout="200")
[20:45:41.697]      // while-condition  =>  TRUE
[20:45:41.697]      // while "1"  (timeout="200")
[20:45:41.697]      // while  =>  TIMEOUT
[20:45:41.697]      // end while "1"
[20:45:41.697]    </control>
[20:45:41.697]    <control if="canReadPins" while="" timeout="0" info="">
[20:45:41.697]      // if-block "canReadPins"
[20:45:41.697]        // =>  TRUE
[20:45:41.697]      <control if="" while="(DAP_SWJ_Pins(nReset, nReset, 0) & nReset) == 0" timeout="1000000" info="">
[20:45:41.697]        // while "(DAP_SWJ_Pins(nReset, nReset, 0) & nReset) == 0"  (timeout="1000000")
[20:45:41.699]          // -> [DAP_SWJ_Pins(0x80, 0x80, 0) => 0x8F]   (Out: nRESET=1  =>  In: SWCLK/TCK=1, SWDIO/TMS=1, TDI=1, TDO=1, nTRST=0, nRESET=1)
[20:45:41.699]        // while-condition  =>  FALSE
[20:45:41.699]        // end while "(DAP_SWJ_Pins(nReset, nReset, 0) & nReset) == 0"
[20:45:41.699]      </control>
[20:45:41.699]      // end if-block "canReadPins"
[20:45:41.699]    </control>
[20:45:41.701]    <control if="!canReadPins" while="" timeout="0" info="">
[20:45:41.701]      // if-block "!canReadPins"
[20:45:41.701]        // =>  FALSE
[20:45:41.701]      // skip if-block "!canReadPins"
[20:45:41.701]    </control>
[20:45:41.701]    <control if="(ACCESS_POINT_VAL & 0x00E00000) == 0" while="" timeout="0" info="">
[20:45:41.701]      // if-block "(ACCESS_POINT_VAL & 0x00E00000) == 0"
[20:45:41.702]        // =>  TRUE
[20:45:41.702]      <block atomic="false" info="">
[20:45:41.702]        WriteAP(0x00, 0x190008);
[20:45:41.703]          // -> [WriteAP(0x00000000, 0x00190008)]   (__dp=0x00000000, __ap=0x00000004)
[20:45:41.703]        WriteAP(0xF0, 0x01);
[20:45:41.707]          // -> [WriteAP(0x000000F0, 0x00000001)]   (__dp=0x00000000, __ap=0x00000004)
[20:45:41.707]      </block>
[20:45:41.707]      // end if-block "(ACCESS_POINT_VAL & 0x00E00000) == 0"
[20:45:41.707]    </control>
[20:45:41.707]    <control if="(ACCESS_POINT_VAL & 0x00E00000) != 0" while="" timeout="0" info="">
[20:45:41.707]      // if-block "(ACCESS_POINT_VAL & 0x00E00000) != 0"
[20:45:41.707]        // =>  FALSE
[20:45:41.707]      // skip if-block "(ACCESS_POINT_VAL & 0x00E00000) != 0"
[20:45:41.707]    </control>
[20:45:41.707]    <block atomic="false" info="">
[20:45:41.707]      ACCESS_POINT_VAL = ReadAP(0x00);//Reading current state of access point
[20:45:41.713]        // -> [ReadAP(0x00000000) => 0x0079002F]   (__dp=0x00000000, __ap=0x00000004)
[20:45:41.713]        // -> [ACCESS_POINT_VAL <= 0x0079002F]
[20:45:41.713]      Message(0, "Current state of access point is: %x",ACCESS_POINT_VAL);
[20:45:41.713]      __ap = 0; //lets make sure we reset the access point selection
[20:45:41.713]        // -> [__ap <= 0x00000000]
[20:45:41.713]    </block>
[20:45:41.713]  </sequence>
[20:45:41.713]  
[20:45:41.734]  **********  Sequence "DebugDeviceUnlock"  (Context="Connect", Pname="", info="")
[20:45:41.734]  
[20:45:41.734]  <debugvars>
[20:45:41.734]    // Pre-defined
[20:45:41.734]    __protocol=0x00010002      (Protocol="SWD", SWJ-DP="True")
[20:45:41.734]    __connection=0x00000202    (Connection Type="Flash", Reset Type="System Reset")
[20:45:41.734]    __dp=0x00000000
[20:45:41.734]    __ap=0x00000000
[20:45:41.734]    __traceout=0x00000000      (Trace Disabled)
[20:45:41.734]    __errorcontrol=0x00000000  (Skip Errors="False")
[20:45:41.734]    __FlashAddr=0x00000000
[20:45:41.734]    __FlashLen=0x00000000
[20:45:41.734]    __FlashArg=0x00000000
[20:45:41.734]    __FlashOp=0x00000000
[20:45:41.734]    __Result=0x00000000
[20:45:41.734]  </debugvars>
[20:45:41.734]  
[20:45:41.734]  <sequence name="DebugDeviceUnlock" Pname="" disable="false" info="">
[20:45:41.734]    <block atomic="false" info="">
[20:45:41.734]      __var deviceID = 0;
[20:45:41.734]        // -> [deviceID <= 0x00000000]
[20:45:41.734]      __var version = 0;
[20:45:41.734]        // -> [version <= 0x00000000]
[20:45:41.734]      __var partNum = 0;
[20:45:41.734]        // -> [partNum <= 0x00000000]
[20:45:41.734]      __var manuf = 0;
[20:45:41.736]        // -> [manuf <= 0x00000000]
[20:45:41.736]      __var isMSPM0G1X0X_G3X0X = 0;
[20:45:41.736]        // -> [isMSPM0G1X0X_G3X0X <= 0x00000000]
[20:45:41.736]      __var isProduction = 0;
[20:45:41.736]        // -> [isProduction <= 0x00000000]
[20:45:41.736]      __var continueId = 0;
[20:45:41.736]        // -> [continueId <= 0x00000000]
[20:45:41.736]      deviceID =   Read32(0x41C40004);
[20:45:41.743]        // -> [Read32(0x41C40004) => 0x2BB8802F]   (__dp=0x00000000, __ap=0x00000000)
[20:45:41.743]        // -> [deviceID <= 0x2BB8802F]
[20:45:41.743]      version = deviceID >> 28;
[20:45:41.743]        // -> [version <= 0x00000002]
[20:45:41.743]      partNum = (deviceID & 0x0FFFF000) >> 12;
[20:45:41.743]        // -> [partNum <= 0x0000BB88]
[20:45:41.743]      manuf = (deviceID & 0x00000FFE) >> 1;
[20:45:41.743]        // -> [manuf <= 0x00000017]
[20:45:41.743]      isMSPM0G1X0X_G3X0X = (partNum == 0xBB88) && (manuf == 0x17);
[20:45:41.743]        // -> [isMSPM0G1X0X_G3X0X <= 0x00000001]
[20:45:41.743]      isProduction = (version > 0);
[20:45:41.743]        // -> [isProduction <= 0x00000001]
[20:45:41.743]    </block>
[20:45:41.743]    <control if="!isMSPM0G1X0X_G3X0X" while="" timeout="0" info="">
[20:45:41.743]      // if-block "!isMSPM0G1X0X_G3X0X"
[20:45:41.745]        // =>  FALSE
[20:45:41.745]      // skip if-block "!isMSPM0G1X0X_G3X0X"
[20:45:41.745]    </control>
[20:45:41.745]    <control if="continueId == 4" while="" timeout="0" info="">
[20:45:41.745]      // if-block "continueId == 4"
[20:45:41.745]        // =>  FALSE
[20:45:41.745]      // skip if-block "continueId == 4"
[20:45:41.745]    </control>
[20:45:41.745]    <control if="!isProduction" while="" timeout="0" info="">
[20:45:41.745]      // if-block "!isProduction"
[20:45:41.745]        // =>  FALSE
[20:45:41.745]      // skip if-block "!isProduction"
[20:45:41.745]    </control>
[20:45:41.745]  </sequence>
[20:45:41.745]  
[21:02:45.867]  **********  Sequence "DebugPortSetup"  (Context="Connect", Pname="", info="")
[21:02:45.867]  
[21:02:45.867]  <debugvars>
[21:02:45.867]    // Pre-defined
[21:02:45.867]    __protocol=0x00010002      (Protocol="SWD", SWJ-DP="True")
[21:02:45.867]    __connection=0x00000202    (Connection Type="Flash", Reset Type="System Reset")
[21:02:45.867]    __dp=0x00000000
[21:02:45.867]    __ap=0x00000000
[21:02:45.867]    __traceout=0x00000000      (Trace Disabled)
[21:02:45.867]    __errorcontrol=0x00000000  (Skip Errors="False")
[21:02:45.867]    __FlashAddr=0x00000000
[21:02:45.867]    __FlashLen=0x00000000
[21:02:45.867]    __FlashArg=0x00000000
[21:02:45.867]    __FlashOp=0x00000000
[21:02:45.867]    __Result=0x00000000
[21:02:45.867]  </debugvars>
[21:02:45.867]  
[21:02:45.867]  <sequence name="DebugPortSetup" Pname="" disable="false" info="">
[21:02:45.867]    <block atomic="false" info="">
[21:02:45.867]      __var isSWJ      = ((__protocol & 0x00010000) != 0);
[21:02:45.867]        // -> [isSWJ <= 0x00000001]
[21:02:45.867]      __var hasDormant = __protocol & 0x00020000;
[21:02:45.867]        // -> [hasDormant <= 0x00000000]
[21:02:45.867]      __var protType   = __protocol & 0x0000FFFF;
[21:02:45.867]        // -> [protType <= 0x00000002]
[21:02:45.867]    </block>
[21:02:45.867]    <control if="protType == 1" while="" timeout="0" info="">
[21:02:45.867]      // if-block "protType == 1"
[21:02:45.867]        // =>  FALSE
[21:02:45.867]      // skip if-block "protType == 1"
[21:02:45.867]    </control>
[21:02:45.867]    <control if="protType == 2" while="" timeout="0" info="">
[21:02:45.867]      // if-block "protType == 2"
[21:02:45.867]        // =>  TRUE
[21:02:45.867]      <control if="isSWJ" while="" timeout="0" info="">
[21:02:45.867]        // if-block "isSWJ"
[21:02:45.867]          // =>  TRUE
[21:02:45.867]        <control if="hasDormant" while="" timeout="0" info="">
[21:02:45.867]          // if-block "hasDormant"
[21:02:45.867]            // =>  FALSE
[21:02:45.867]          // skip if-block "hasDormant"
[21:02:45.867]        </control>
[21:02:45.867]        <control if="!hasDormant" while="" timeout="0" info="">
[21:02:45.867]          // if-block "!hasDormant"
[21:02:45.867]            // =>  TRUE
[21:02:45.867]          <block atomic="false" info="">
[21:02:45.867]            DAP_SWJ_Sequence(51, 0x0007FFFFFFFFFFFF); //lets put the JTAG line in a reset state
[21:02:45.872]              // -> [DAP_SWJ_Sequence(51, 0x0007FFFFFFFFFFFF)]
[21:02:45.872]            DAP_SWJ_Sequence(16,0xE73C); //SWD to JTAG, this is to ensure the state machine is initialized
[21:02:45.873]              // -> [DAP_SWJ_Sequence(16, 0x000000000000E73C)]
[21:02:45.873]            DAP_SWJ_Sequence(51, 0x0007FFFFFFFFFFFF); //Put it back in reset
[21:02:45.873]              // -> [DAP_SWJ_Sequence(51, 0x0007FFFFFFFFFFFF)]
[21:02:45.873]            DAP_SWJ_Sequence(16, 0xE79E); //JTAG to SWD switch
[21:02:45.873]              // -> [DAP_SWJ_Sequence(16, 0x000000000000E79E)]
[21:02:45.873]            DAP_SWJ_Sequence(51, 0x0007FFFFFFFFFFFF);  //Ensure the switch is successful 
[21:02:45.882]              // -> [DAP_SWJ_Sequence(51, 0x0007FFFFFFFFFFFF)]
[21:02:45.882]            DAP_SWJ_Sequence(7,  0x00); //Give the line some time to initialize
[21:02:45.885]              // -> [DAP_SWJ_Sequence(7, 0x0000000000000000)]
[21:02:45.885]          </block>
[21:02:45.885]          // end if-block "!hasDormant"
[21:02:45.885]        </control>
[21:02:45.885]        // end if-block "isSWJ"
[21:02:45.885]      </control>
[21:02:45.885]      <control if="!isSWJ" while="" timeout="0" info="">
[21:02:45.885]        // if-block "!isSWJ"
[21:02:45.885]          // =>  FALSE
[21:02:45.885]        // skip if-block "!isSWJ"
[21:02:45.885]      </control>
[21:02:45.885]      <block atomic="false" info="">
[21:02:45.885]        ReadDP(0x0);
[21:02:45.887]          // -> [ReadDP(0x00000000) => 0x6BA02477]   (__dp=0x00000000)
[21:02:45.887]      </block>
[21:02:45.887]      // end if-block "protType == 2"
[21:02:45.887]    </control>
[21:02:45.887]  </sequence>
[21:02:45.887]  
[21:02:45.893]  **********  Sequence "DebugPortStart"  (Context="Connect", Pname="", info="")
[21:02:45.893]  
[21:02:45.893]  <debugvars>
[21:02:45.893]    // Pre-defined
[21:02:45.893]    __protocol=0x00010002      (Protocol="SWD", SWJ-DP="True")
[21:02:45.893]    __connection=0x00000202    (Connection Type="Flash", Reset Type="System Reset")
[21:02:45.893]    __dp=0x00000000
[21:02:45.893]    __ap=0x00000000
[21:02:45.893]    __traceout=0x00000000      (Trace Disabled)
[21:02:45.893]    __errorcontrol=0x00000000  (Skip Errors="False")
[21:02:45.893]    __FlashAddr=0x00000000
[21:02:45.893]    __FlashLen=0x00000000
[21:02:45.893]    __FlashArg=0x00000000
[21:02:45.893]    __FlashOp=0x00000000
[21:02:45.893]    __Result=0x00000000
[21:02:45.893]  </debugvars>
[21:02:45.893]  
[21:02:45.893]  <sequence name="DebugPortStart" Pname="" disable="false" info="">
[21:02:45.893]    <block atomic="false" info="">
[21:02:45.893]      __var SW_DP_ABORT       = 0x0;
[21:02:45.893]        // -> [SW_DP_ABORT <= 0x00000000]
[21:02:45.893]      __var DP_CTRL_STAT      = 0x4;
[21:02:45.893]        // -> [DP_CTRL_STAT <= 0x00000004]
[21:02:45.893]      __var DP_SELECT         = 0x8;
[21:02:45.893]        // -> [DP_SELECT <= 0x00000008]
[21:02:45.893]      __var powered_down      = 0;
[21:02:45.893]        // -> [powered_down <= 0x00000000]
[21:02:45.893]      WriteDP(DP_SELECT, 0x00000000);
[21:02:45.896]        // -> [WriteDP(0x00000008, 0x00000000)]   (__dp=0x00000000)
[21:02:45.896]      powered_down = ((ReadDP(DP_CTRL_STAT) & 0xA0000000) != 0xA0000000);
[21:02:45.896]        // -> [ReadDP(0x00000004) => 0x00000040]   (__dp=0x00000000)
[21:02:45.896]        // -> [powered_down <= 0x00000001]
[21:02:45.896]    </block>
[21:02:45.896]    <control if="powered_down" while="" timeout="0" info="">
[21:02:45.896]      // if-block "powered_down"
[21:02:45.896]        // =>  TRUE
[21:02:45.896]      <block atomic="false" info="">
[21:02:45.896]        Message(0, "Debug/System power-up request sent");
[21:02:45.896]        WriteDP(DP_CTRL_STAT, 0x50000000);
[21:02:45.903]          // -> [WriteDP(0x00000004, 0x50000000)]   (__dp=0x00000000)
[21:02:45.903]      </block>
[21:02:45.903]      <control if="" while="(ReadDP(DP_CTRL_STAT) & 0xA0000000) != 0xA0000000" timeout="1000000" info="">
[21:02:45.903]        // while "(ReadDP(DP_CTRL_STAT) & 0xA0000000) != 0xA0000000"  (timeout="1000000")
[21:02:45.905]          // -> [ReadDP(0x00000004) => 0xF0000040]   (__dp=0x00000000)
[21:02:45.905]        // while-condition  =>  FALSE
[21:02:45.905]        // end while "(ReadDP(DP_CTRL_STAT) & 0xA0000000) != 0xA0000000"
[21:02:45.905]      </control>
[21:02:45.905]      <control if="(__protocol & 0xFFFF) == 1" while="" timeout="0" info="">
[21:02:45.905]        // if-block "(__protocol & 0xFFFF) == 1"
[21:02:45.905]          // =>  FALSE
[21:02:45.905]        // skip if-block "(__protocol & 0xFFFF) == 1"
[21:02:45.905]      </control>
[21:02:45.905]      <control if="(__protocol & 0xFFFF) == 2" while="" timeout="0" info="">
[21:02:45.905]        // if-block "(__protocol & 0xFFFF) == 2"
[21:02:45.905]          // =>  TRUE
[21:02:45.905]        <block atomic="false" info="">
[21:02:45.905]          Message(0, "executing SWD power up");
[21:02:45.905]          WriteDP(DP_CTRL_STAT, 0x50000F00);
[21:02:45.907]            // -> [WriteDP(0x00000004, 0x50000F00)]   (__dp=0x00000000)
[21:02:45.907]          WriteDP(SW_DP_ABORT, 0x0000001E);
[21:02:45.907]            // -> [WriteDP(0x00000000, 0x0000001E)]   (__dp=0x00000000)
[21:02:45.907]        </block>
[21:02:45.907]        // end if-block "(__protocol & 0xFFFF) == 2"
[21:02:45.907]      </control>
[21:02:45.907]      // end if-block "powered_down"
[21:02:45.907]    </control>
[21:02:45.907]    <block atomic="false" info="">
[21:02:45.907]      __var DEBUG_PORT_VAL    = 0;
[21:02:45.907]        // -> [DEBUG_PORT_VAL <= 0x00000000]
[21:02:45.907]      __var ACCESS_POINT_VAL  = 0;
[21:02:45.907]        // -> [ACCESS_POINT_VAL <= 0x00000000]
[21:02:45.907]      __ap = 1; 
[21:02:45.907]        // -> [__ap <= 0x00000001]
[21:02:45.907]      WriteAP(0x0C, 0x04); //lets use the mini pwr-ap as backup
[21:02:45.913]        // -> [WriteAP(0x0000000C, 0x00000004)]   (__dp=0x00000000, __ap=0x00000001)
[21:02:45.913]      __ap = 4;
[21:02:45.913]        // -> [__ap <= 0x00000004]
[21:02:45.913]      ACCESS_POINT_VAL = ReadAP(0x00);//Reading current state of access point
[21:02:45.913]        // -> [ReadAP(0x00000000) => 0x00080027]   (__dp=0x00000000, __ap=0x00000004)
[21:02:45.913]        // -> [ACCESS_POINT_VAL <= 0x00080027]
[21:02:45.913]      Message(0, "Current state of access point is: %x",ACCESS_POINT_VAL);
[21:02:45.913]    </block>
[21:02:45.913]    <block atomic="false" info="">
[21:02:45.913]      __var nReset = 0x80;
[21:02:45.913]        // -> [nReset <= 0x00000080]
[21:02:45.913]      __var canReadPins = 0;
[21:02:45.913]        // -> [canReadPins <= 0x00000000]
[21:02:45.913]      canReadPins = (DAP_SWJ_Pins(0x00, nReset, 0) != 0xFFFFFFFF);
[21:02:45.923]        // -> [DAP_SWJ_Pins(0x00, 0x80, 0) => 0x0F]   (Out: nRESET=0  =>  In: SWCLK/TCK=1, SWDIO/TMS=1, TDI=1, TDO=1, nTRST=0, nRESET=0)
[21:02:45.923]        // -> [canReadPins <= 0x00000001]
[21:02:45.923]    </block>
[21:02:45.923]    <control if="" while="1" timeout="200" info="">
[21:02:45.923]      // while "1"  (timeout="200")
[21:02:45.923]      // while-condition  =>  TRUE
[21:02:45.923]      // while "1"  (timeout="200")
[21:02:45.923]      // while-condition  =>  TRUE
[21:02:45.923]      // while "1"  (timeout="200")
[21:02:45.923]      // while-condition  =>  TRUE
[21:02:45.923]      // while "1"  (timeout="200")
[21:02:45.923]      // while-condition  =>  TRUE
[21:02:45.923]      // while "1"  (timeout="200")
[21:02:45.923]      // while-condition  =>  TRUE
[21:02:45.923]      // while "1"  (timeout="200")
[21:02:45.923]      // while-condition  =>  TRUE
[21:02:45.923]      // while "1"  (timeout="200")
[21:02:45.923]      // while-condition  =>  TRUE
[21:02:45.923]      // while "1"  (timeout="200")
[21:02:45.923]      // while-condition  =>  TRUE
[21:02:45.923]      // while "1"  (timeout="200")
[21:02:45.923]      // while-condition  =>  TRUE
[21:02:45.923]      // while "1"  (timeout="200")
[21:02:45.923]      // while-condition  =>  TRUE
[21:02:45.923]      // while "1"  (timeout="200")
[21:02:45.923]      // while-condition  =>  TRUE
[21:02:45.923]      // while "1"  (timeout="200")
[21:02:45.923]      // while-condition  =>  TRUE
[21:02:45.923]      // while "1"  (timeout="200")
[21:02:45.923]      // while-condition  =>  TRUE
[21:02:45.923]      // while "1"  (timeout="200")
[21:02:45.923]      // while-condition  =>  TRUE
[21:02:45.923]      // while "1"  (timeout="200")
[21:02:45.923]      // while-condition  =>  TRUE
[21:02:45.923]      // while "1"  (timeout="200")
[21:02:45.923]      // while-condition  =>  TRUE
[21:02:45.923]      // while "1"  (timeout="200")
[21:02:45.923]      // while-condition  =>  TRUE
[21:02:45.923]      // while "1"  (timeout="200")
[21:02:45.923]      // while-condition  =>  TRUE
[21:02:45.923]      // while "1"  (timeout="200")
[21:02:45.923]      // while-condition  =>  TRUE
[21:02:45.923]      // while "1"  (timeout="200")
[21:02:45.923]      // while-condition  =>  TRUE
[21:02:45.923]      // while "1"  (timeout="200")
[21:02:45.923]      // while-condition  =>  TRUE
[21:02:45.923]      // while "1"  (timeout="200")
[21:02:45.923]      // while-condition  =>  TRUE
[21:02:45.923]      // while "1"  (timeout="200")
[21:02:45.923]      // while-condition  =>  TRUE
[21:02:45.923]      // while "1"  (timeout="200")
[21:02:45.923]      // while-condition  =>  TRUE
[21:02:45.923]      // while "1"  (timeout="200")
[21:02:45.923]      // while-condition  =>  TRUE
[21:02:45.923]      // while "1"  (timeout="200")
[21:02:45.923]      // while-condition  =>  TRUE
[21:02:45.923]      // while "1"  (timeout="200")
[21:02:45.923]      // while-condition  =>  TRUE
[21:02:45.923]      // while "1"  (timeout="200")
[21:02:45.923]      // while-condition  =>  TRUE
[21:02:45.923]      // while "1"  (timeout="200")
[21:02:45.923]      // while-condition  =>  TRUE
[21:02:45.923]      // while "1"  (timeout="200")
[21:02:45.923]      // while-condition  =>  TRUE
[21:02:45.923]      // while "1"  (timeout="200")
[21:02:45.923]      // while-condition  =>  TRUE
[21:02:45.923]      // while "1"  (timeout="200")
[21:02:45.923]      // while-condition  =>  TRUE
[21:02:45.923]      // while "1"  (timeout="200")
[21:02:45.923]      // while-condition  =>  TRUE
[21:02:45.923]      // while "1"  (timeout="200")
[21:02:45.923]      // while-condition  =>  TRUE
[21:02:45.923]      // while "1"  (timeout="200")
[21:02:45.923]      // while-condition  =>  TRUE
[21:02:45.923]      // while "1"  (timeout="200")
[21:02:45.923]      // while-condition  =>  TRUE
[21:02:45.923]      // while "1"  (timeout="200")
[21:02:45.923]      // while-condition  =>  TRUE
[21:02:45.923]      // while "1"  (timeout="200")
[21:02:45.923]      // while-condition  =>  TRUE
[21:02:45.923]      // while "1"  (timeout="200")
[21:02:45.923]      // while-condition  =>  TRUE
[21:02:45.923]      // while "1"  (timeout="200")
[21:02:45.923]      // while-condition  =>  TRUE
[21:02:45.923]      // while "1"  (timeout="200")
[21:02:45.923]      // while-condition  =>  TRUE
[21:02:45.923]      // while "1"  (timeout="200")
[21:02:45.923]      // while-condition  =>  TRUE
[21:02:45.923]      // while "1"  (timeout="200")
[21:02:45.923]      // while-condition  =>  TRUE
[21:02:45.923]      // while "1"  (timeout="200")
[21:02:45.923]      // while-condition  =>  TRUE
[21:02:45.923]      // while "1"  (timeout="200")
[21:02:45.923]      // while-condition  =>  TRUE
[21:02:45.923]      // while "1"  (timeout="200")
[21:02:45.923]      // while-condition  =>  TRUE
[21:02:45.923]      // while "1"  (timeout="200")
[21:02:45.923]      // while-condition  =>  TRUE
[21:02:45.923]      // while "1"  (timeout="200")
[21:02:45.923]      // while-condition  =>  TRUE
[21:02:45.923]      // while "1"  (timeout="200")
[21:02:45.923]      // while-condition  =>  TRUE
[21:02:45.923]      // while "1"  (timeout="200")
[21:02:45.923]      // while-condition  =>  TRUE
[21:02:45.923]      // while "1"  (timeout="200")
[21:02:45.923]      // while-condition  =>  TRUE
[21:02:45.923]      // while "1"  (timeout="200")
[21:02:45.923]      // while-condition  =>  TRUE
[21:02:45.923]      // while "1"  (timeout="200")
[21:02:45.923]      // while-condition  =>  TRUE
[21:02:45.923]      // while "1"  (timeout="200")
[21:02:45.923]      // while-condition  =>  TRUE
[21:02:45.923]      // while "1"  (timeout="200")
[21:02:45.923]      // while-condition  =>  TRUE
[21:02:45.923]      // while "1"  (timeout="200")
[21:02:45.923]      // while-condition  =>  TRUE
[21:02:45.923]      // while "1"  (timeout="200")
[21:02:45.923]      // while-condition  =>  TRUE
[21:02:45.923]      // while "1"  (timeout="200")
[21:02:45.923]      // while-condition  =>  TRUE
[21:02:45.923]      // while "1"  (timeout="200")
[21:02:45.923]      // while-condition  =>  TRUE
[21:02:45.923]      // while "1"  (timeout="200")
[21:02:45.923]      // while-condition  =>  TRUE
[21:02:45.923]      // while "1"  (timeout="200")
[21:02:45.923]      // while-condition  =>  TRUE
[21:02:45.923]      // while "1"  (timeout="200")
[21:02:45.923]      // while-condition  =>  TRUE
[21:02:45.923]      // while "1"  (timeout="200")
[21:02:45.923]      // while-condition  =>  TRUE
[21:02:45.923]      // while "1"  (timeout="200")
[21:02:45.923]      // while-condition  =>  TRUE
[21:02:45.923]      // while "1"  (timeout="200")
[21:02:45.923]      // while-condition  =>  TRUE
[21:02:45.923]      // while "1"  (timeout="200")
[21:02:45.923]      // while-condition  =>  TRUE
[21:02:45.923]      // while "1"  (timeout="200")
[21:02:45.923]      // while-condition  =>  TRUE
[21:02:45.923]      // while "1"  (timeout="200")
[21:02:45.923]      // while-condition  =>  TRUE
[21:02:45.923]      // while "1"  (timeout="200")
[21:02:45.923]      // while-condition  =>  TRUE
[21:02:45.923]      // while "1"  (timeout="200")
[21:02:45.923]      // while-condition  =>  TRUE
[21:02:45.923]      // while "1"  (timeout="200")
[21:02:45.923]      // while-condition  =>  TRUE
[21:02:45.923]      // while "1"  (timeout="200")
[21:02:45.923]      // while-condition  =>  TRUE
[21:02:45.923]      // while "1"  (timeout="200")
[21:02:45.923]      // while-condition  =>  TRUE
[21:02:45.923]      // while "1"  (timeout="200")
[21:02:45.923]      // while-condition  =>  TRUE
[21:02:45.923]      // while "1"  (timeout="200")
[21:02:45.923]      // while-condition  =>  TRUE
[21:02:45.923]      // while "1"  (timeout="200")
[21:02:45.923]      // while-condition  =>  TRUE
[21:02:45.923]      // while "1"  (timeout="200")
[21:02:45.923]      // while-condition  =>  TRUE
[21:02:45.923]      // while "1"  (timeout="200")
[21:02:45.923]      // while-condition  =>  TRUE
[21:02:45.923]      // while "1"  (timeout="200")
[21:02:45.923]      // while-condition  =>  TRUE
[21:02:45.923]      // while "1"  (timeout="200")
[21:02:45.923]      // while-condition  =>  TRUE
[21:02:45.923]      // while "1"  (timeout="200")
[21:02:45.923]      // while-condition  =>  TRUE
[21:02:45.923]      // while "1"  (timeout="200")
[21:02:45.923]      // while-condition  =>  TRUE
[21:02:45.923]      // while "1"  (timeout="200")
[21:02:45.923]      // while-condition  =>  TRUE
[21:02:45.923]      // while "1"  (timeout="200")
[21:02:45.923]      // while-condition  =>  TRUE
[21:02:45.923]      // while "1"  (timeout="200")
[21:02:45.932]      // while-condition  =>  TRUE
[21:02:45.932]      // while "1"  (timeout="200")
[21:02:45.932]      // while  =>  TIMEOUT
[21:02:45.932]      // end while "1"
[21:02:45.932]    </control>
[21:02:45.932]    <control if="canReadPins" while="" timeout="0" info="">
[21:02:45.932]      // if-block "canReadPins"
[21:02:45.932]        // =>  TRUE
[21:02:45.932]      <control if="" while="(DAP_SWJ_Pins(nReset, nReset, 0) & nReset) == 0" timeout="1000000" info="">
[21:02:45.932]        // while "(DAP_SWJ_Pins(nReset, nReset, 0) & nReset) == 0"  (timeout="1000000")
[21:02:45.934]          // -> [DAP_SWJ_Pins(0x80, 0x80, 0) => 0x8F]   (Out: nRESET=1  =>  In: SWCLK/TCK=1, SWDIO/TMS=1, TDI=1, TDO=1, nTRST=0, nRESET=1)
[21:02:45.934]        // while-condition  =>  FALSE
[21:02:45.934]        // end while "(DAP_SWJ_Pins(nReset, nReset, 0) & nReset) == 0"
[21:02:45.934]      </control>
[21:02:45.934]      // end if-block "canReadPins"
[21:02:45.934]    </control>
[21:02:45.934]    <control if="!canReadPins" while="" timeout="0" info="">
[21:02:45.934]      // if-block "!canReadPins"
[21:02:45.934]        // =>  FALSE
[21:02:45.934]      // skip if-block "!canReadPins"
[21:02:45.934]    </control>
[21:02:45.934]    <control if="(ACCESS_POINT_VAL & 0x00E00000) == 0" while="" timeout="0" info="">
[21:02:45.934]      // if-block "(ACCESS_POINT_VAL & 0x00E00000) == 0"
[21:02:45.934]        // =>  TRUE
[21:02:45.934]      <block atomic="false" info="">
[21:02:45.934]        WriteAP(0x00, 0x190008);
[21:02:45.937]          // -> [WriteAP(0x00000000, 0x00190008)]   (__dp=0x00000000, __ap=0x00000004)
[21:02:45.937]        WriteAP(0xF0, 0x01);
[21:02:45.942]          // -> [WriteAP(0x000000F0, 0x00000001)]   (__dp=0x00000000, __ap=0x00000004)
[21:02:45.943]      </block>
[21:02:45.943]      // end if-block "(ACCESS_POINT_VAL & 0x00E00000) == 0"
[21:02:45.943]    </control>
[21:02:45.943]    <control if="(ACCESS_POINT_VAL & 0x00E00000) != 0" while="" timeout="0" info="">
[21:02:45.943]      // if-block "(ACCESS_POINT_VAL & 0x00E00000) != 0"
[21:02:45.943]        // =>  FALSE
[21:02:45.943]      // skip if-block "(ACCESS_POINT_VAL & 0x00E00000) != 0"
[21:02:45.943]    </control>
[21:02:45.943]    <block atomic="false" info="">
[21:02:45.943]      ACCESS_POINT_VAL = ReadAP(0x00);//Reading current state of access point
[21:02:45.945]        // -> [ReadAP(0x00000000) => 0x0079002F]   (__dp=0x00000000, __ap=0x00000004)
[21:02:45.945]        // -> [ACCESS_POINT_VAL <= 0x0079002F]
[21:02:45.945]      Message(0, "Current state of access point is: %x",ACCESS_POINT_VAL);
[21:02:45.945]      __ap = 0; //lets make sure we reset the access point selection
[21:02:45.945]        // -> [__ap <= 0x00000000]
[21:02:45.945]    </block>
[21:02:45.945]  </sequence>
[21:02:45.945]  
[21:02:45.966]  **********  Sequence "DebugDeviceUnlock"  (Context="Connect", Pname="", info="")
[21:02:45.966]  
[21:02:45.966]  <debugvars>
[21:02:45.966]    // Pre-defined
[21:02:45.966]    __protocol=0x00010002      (Protocol="SWD", SWJ-DP="True")
[21:02:45.966]    __connection=0x00000202    (Connection Type="Flash", Reset Type="System Reset")
[21:02:45.966]    __dp=0x00000000
[21:02:45.966]    __ap=0x00000000
[21:02:45.966]    __traceout=0x00000000      (Trace Disabled)
[21:02:45.966]    __errorcontrol=0x00000000  (Skip Errors="False")
[21:02:45.966]    __FlashAddr=0x00000000
[21:02:45.966]    __FlashLen=0x00000000
[21:02:45.966]    __FlashArg=0x00000000
[21:02:45.966]    __FlashOp=0x00000000
[21:02:45.966]    __Result=0x00000000
[21:02:45.966]  </debugvars>
[21:02:45.966]  
[21:02:45.966]  <sequence name="DebugDeviceUnlock" Pname="" disable="false" info="">
[21:02:45.966]    <block atomic="false" info="">
[21:02:45.966]      __var deviceID = 0;
[21:02:45.966]        // -> [deviceID <= 0x00000000]
[21:02:45.966]      __var version = 0;
[21:02:45.966]        // -> [version <= 0x00000000]
[21:02:45.966]      __var partNum = 0;
[21:02:45.966]        // -> [partNum <= 0x00000000]
[21:02:45.966]      __var manuf = 0;
[21:02:45.966]        // -> [manuf <= 0x00000000]
[21:02:45.966]      __var isMSPM0G1X0X_G3X0X = 0;
[21:02:45.966]        // -> [isMSPM0G1X0X_G3X0X <= 0x00000000]
[21:02:45.966]      __var isProduction = 0;
[21:02:45.966]        // -> [isProduction <= 0x00000000]
[21:02:45.966]      __var continueId = 0;
[21:02:45.966]        // -> [continueId <= 0x00000000]
[21:02:45.966]      deviceID =   Read32(0x41C40004);
[21:02:45.974]        // -> [Read32(0x41C40004) => 0x2BB8802F]   (__dp=0x00000000, __ap=0x00000000)
[21:02:45.974]        // -> [deviceID <= 0x2BB8802F]
[21:02:45.974]      version = deviceID >> 28;
[21:02:45.974]        // -> [version <= 0x00000002]
[21:02:45.974]      partNum = (deviceID & 0x0FFFF000) >> 12;
[21:02:45.974]        // -> [partNum <= 0x0000BB88]
[21:02:45.974]      manuf = (deviceID & 0x00000FFE) >> 1;
[21:02:45.974]        // -> [manuf <= 0x00000017]
[21:02:45.974]      isMSPM0G1X0X_G3X0X = (partNum == 0xBB88) && (manuf == 0x17);
[21:02:45.974]        // -> [isMSPM0G1X0X_G3X0X <= 0x00000001]
[21:02:45.974]      isProduction = (version > 0);
[21:02:45.974]        // -> [isProduction <= 0x00000001]
[21:02:45.974]    </block>
[21:02:45.974]    <control if="!isMSPM0G1X0X_G3X0X" while="" timeout="0" info="">
[21:02:45.974]      // if-block "!isMSPM0G1X0X_G3X0X"
[21:02:45.974]        // =>  FALSE
[21:02:45.974]      // skip if-block "!isMSPM0G1X0X_G3X0X"
[21:02:45.974]    </control>
[21:02:45.974]    <control if="continueId == 4" while="" timeout="0" info="">
[21:02:45.974]      // if-block "continueId == 4"
[21:02:45.974]        // =>  FALSE
[21:02:45.974]      // skip if-block "continueId == 4"
[21:02:45.974]    </control>
[21:02:45.974]    <control if="!isProduction" while="" timeout="0" info="">
[21:02:45.974]      // if-block "!isProduction"
[21:02:45.974]        // =>  FALSE
[21:02:45.974]      // skip if-block "!isProduction"
[21:02:45.974]    </control>
[21:02:45.974]  </sequence>
[21:02:45.974]  
[21:25:45.989]  **********  Sequence "DebugPortSetup"  (Context="Connect", Pname="", info="")
[21:25:45.989]  
[21:25:45.989]  <debugvars>
[21:25:45.989]    // Pre-defined
[21:25:45.989]    __protocol=0x00010002      (Protocol="SWD", SWJ-DP="True")
[21:25:45.989]    __connection=0x00000202    (Connection Type="Flash", Reset Type="System Reset")
[21:25:45.989]    __dp=0x00000000
[21:25:45.989]    __ap=0x00000000
[21:25:45.989]    __traceout=0x00000000      (Trace Disabled)
[21:25:45.989]    __errorcontrol=0x00000000  (Skip Errors="False")
[21:25:45.989]    __FlashAddr=0x00000000
[21:25:45.989]    __FlashLen=0x00000000
[21:25:45.989]    __FlashArg=0x00000000
[21:25:45.989]    __FlashOp=0x00000000
[21:25:45.989]    __Result=0x00000000
[21:25:45.989]  </debugvars>
[21:25:45.989]  
[21:25:45.989]  <sequence name="DebugPortSetup" Pname="" disable="false" info="">
[21:25:45.990]    <block atomic="false" info="">
[21:25:45.990]      __var isSWJ      = ((__protocol & 0x00010000) != 0);
[21:25:45.990]        // -> [isSWJ <= 0x00000001]
[21:25:45.990]      __var hasDormant = __protocol & 0x00020000;
[21:25:45.990]        // -> [hasDormant <= 0x00000000]
[21:25:45.990]      __var protType   = __protocol & 0x0000FFFF;
[21:25:45.990]        // -> [protType <= 0x00000002]
[21:25:45.990]    </block>
[21:25:45.990]    <control if="protType == 1" while="" timeout="0" info="">
[21:25:45.990]      // if-block "protType == 1"
[21:25:45.990]        // =>  FALSE
[21:25:45.990]      // skip if-block "protType == 1"
[21:25:45.990]    </control>
[21:25:45.990]    <control if="protType == 2" while="" timeout="0" info="">
[21:25:45.990]      // if-block "protType == 2"
[21:25:45.990]        // =>  TRUE
[21:25:45.990]      <control if="isSWJ" while="" timeout="0" info="">
[21:25:45.990]        // if-block "isSWJ"
[21:25:45.990]          // =>  TRUE
[21:25:45.990]        <control if="hasDormant" while="" timeout="0" info="">
[21:25:45.990]          // if-block "hasDormant"
[21:25:45.990]            // =>  FALSE
[21:25:45.990]          // skip if-block "hasDormant"
[21:25:45.990]        </control>
[21:25:45.990]        <control if="!hasDormant" while="" timeout="0" info="">
[21:25:45.990]          // if-block "!hasDormant"
[21:25:45.990]            // =>  TRUE
[21:25:45.990]          <block atomic="false" info="">
[21:25:45.990]            DAP_SWJ_Sequence(51, 0x0007FFFFFFFFFFFF); //lets put the JTAG line in a reset state
[21:25:45.992]              // -> [DAP_SWJ_Sequence(51, 0x0007FFFFFFFFFFFF)]
[21:25:45.992]            DAP_SWJ_Sequence(16,0xE73C); //SWD to JTAG, this is to ensure the state machine is initialized
[21:25:45.994]              // -> [DAP_SWJ_Sequence(16, 0x000000000000E73C)]
[21:25:45.994]            DAP_SWJ_Sequence(51, 0x0007FFFFFFFFFFFF); //Put it back in reset
[21:25:45.996]              // -> [DAP_SWJ_Sequence(51, 0x0007FFFFFFFFFFFF)]
[21:25:45.996]            DAP_SWJ_Sequence(16, 0xE79E); //JTAG to SWD switch
[21:25:46.000]              // -> [DAP_SWJ_Sequence(16, 0x000000000000E79E)]
[21:25:46.000]            DAP_SWJ_Sequence(51, 0x0007FFFFFFFFFFFF);  //Ensure the switch is successful 
[21:25:46.001]              // -> [DAP_SWJ_Sequence(51, 0x0007FFFFFFFFFFFF)]
[21:25:46.001]            DAP_SWJ_Sequence(7,  0x00); //Give the line some time to initialize
[21:25:46.003]              // -> [DAP_SWJ_Sequence(7, 0x0000000000000000)]
[21:25:46.003]          </block>
[21:25:46.003]          // end if-block "!hasDormant"
[21:25:46.003]        </control>
[21:25:46.003]        // end if-block "isSWJ"
[21:25:46.003]      </control>
[21:25:46.003]      <control if="!isSWJ" while="" timeout="0" info="">
[21:25:46.003]        // if-block "!isSWJ"
[21:25:46.003]          // =>  FALSE
[21:25:46.003]        // skip if-block "!isSWJ"
[21:25:46.003]      </control>
[21:25:46.003]      <block atomic="false" info="">
[21:25:46.003]        ReadDP(0x0);
[21:25:46.005]          // -> [ReadDP(0x00000000) => 0x6BA02477]   (__dp=0x00000000)
[21:25:46.005]      </block>
[21:25:46.005]      // end if-block "protType == 2"
[21:25:46.005]    </control>
[21:25:46.005]  </sequence>
[21:25:46.005]  
[21:25:46.009]  **********  Sequence "DebugPortStart"  (Context="Connect", Pname="", info="")
[21:25:46.009]  
[21:25:46.009]  <debugvars>
[21:25:46.009]    // Pre-defined
[21:25:46.009]    __protocol=0x00010002      (Protocol="SWD", SWJ-DP="True")
[21:25:46.009]    __connection=0x00000202    (Connection Type="Flash", Reset Type="System Reset")
[21:25:46.010]    __dp=0x00000000
[21:25:46.010]    __ap=0x00000000
[21:25:46.010]    __traceout=0x00000000      (Trace Disabled)
[21:25:46.010]    __errorcontrol=0x00000000  (Skip Errors="False")
[21:25:46.010]    __FlashAddr=0x00000000
[21:25:46.011]    __FlashLen=0x00000000
[21:25:46.011]    __FlashArg=0x00000000
[21:25:46.011]    __FlashOp=0x00000000
[21:25:46.011]    __Result=0x00000000
[21:25:46.011]  </debugvars>
[21:25:46.011]  
[21:25:46.011]  <sequence name="DebugPortStart" Pname="" disable="false" info="">
[21:25:46.011]    <block atomic="false" info="">
[21:25:46.011]      __var SW_DP_ABORT       = 0x0;
[21:25:46.011]        // -> [SW_DP_ABORT <= 0x00000000]
[21:25:46.011]      __var DP_CTRL_STAT      = 0x4;
[21:25:46.011]        // -> [DP_CTRL_STAT <= 0x00000004]
[21:25:46.011]      __var DP_SELECT         = 0x8;
[21:25:46.011]        // -> [DP_SELECT <= 0x00000008]
[21:25:46.011]      __var powered_down      = 0;
[21:25:46.011]        // -> [powered_down <= 0x00000000]
[21:25:46.011]      WriteDP(DP_SELECT, 0x00000000);
[21:25:46.013]        // -> [WriteDP(0x00000008, 0x00000000)]   (__dp=0x00000000)
[21:25:46.013]      powered_down = ((ReadDP(DP_CTRL_STAT) & 0xA0000000) != 0xA0000000);
[21:25:46.015]        // -> [ReadDP(0x00000004) => 0x00000040]   (__dp=0x00000000)
[21:25:46.015]        // -> [powered_down <= 0x00000001]
[21:25:46.015]    </block>
[21:25:46.015]    <control if="powered_down" while="" timeout="0" info="">
[21:25:46.015]      // if-block "powered_down"
[21:25:46.015]        // =>  TRUE
[21:25:46.015]      <block atomic="false" info="">
[21:25:46.015]        Message(0, "Debug/System power-up request sent");
[21:25:46.017]        WriteDP(DP_CTRL_STAT, 0x50000000);
[21:25:46.019]          // -> [WriteDP(0x00000004, 0x50000000)]   (__dp=0x00000000)
[21:25:46.020]      </block>
[21:25:46.020]      <control if="" while="(ReadDP(DP_CTRL_STAT) & 0xA0000000) != 0xA0000000" timeout="1000000" info="">
[21:25:46.020]        // while "(ReadDP(DP_CTRL_STAT) & 0xA0000000) != 0xA0000000"  (timeout="1000000")
[21:25:46.022]          // -> [ReadDP(0x00000004) => 0xF0000040]   (__dp=0x00000000)
[21:25:46.024]        // while-condition  =>  FALSE
[21:25:46.024]        // end while "(ReadDP(DP_CTRL_STAT) & 0xA0000000) != 0xA0000000"
[21:25:46.024]      </control>
[21:25:46.024]      <control if="(__protocol & 0xFFFF) == 1" while="" timeout="0" info="">
[21:25:46.024]        // if-block "(__protocol & 0xFFFF) == 1"
[21:25:46.024]          // =>  FALSE
[21:25:46.024]        // skip if-block "(__protocol & 0xFFFF) == 1"
[21:25:46.024]      </control>
[21:25:46.024]      <control if="(__protocol & 0xFFFF) == 2" while="" timeout="0" info="">
[21:25:46.024]        // if-block "(__protocol & 0xFFFF) == 2"
[21:25:46.024]          // =>  TRUE
[21:25:46.024]        <block atomic="false" info="">
[21:25:46.024]          Message(0, "executing SWD power up");
[21:25:46.026]          WriteDP(DP_CTRL_STAT, 0x50000F00);
[21:25:46.026]            // -> [WriteDP(0x00000004, 0x50000F00)]   (__dp=0x00000000)
[21:25:46.026]          WriteDP(SW_DP_ABORT, 0x0000001E);
[21:25:46.029]            // -> [WriteDP(0x00000000, 0x0000001E)]   (__dp=0x00000000)
[21:25:46.029]        </block>
[21:25:46.029]        // end if-block "(__protocol & 0xFFFF) == 2"
[21:25:46.029]      </control>
[21:25:46.030]      // end if-block "powered_down"
[21:25:46.030]    </control>
[21:25:46.030]    <block atomic="false" info="">
[21:25:46.030]      __var DEBUG_PORT_VAL    = 0;
[21:25:46.030]        // -> [DEBUG_PORT_VAL <= 0x00000000]
[21:25:46.030]      __var ACCESS_POINT_VAL  = 0;
[21:25:46.030]        // -> [ACCESS_POINT_VAL <= 0x00000000]
[21:25:46.030]      __ap = 1; 
[21:25:46.030]        // -> [__ap <= 0x00000001]
[21:25:46.030]      WriteAP(0x0C, 0x04); //lets use the mini pwr-ap as backup
[21:25:46.035]        // -> [WriteAP(0x0000000C, 0x00000004)]   (__dp=0x00000000, __ap=0x00000001)
[21:25:46.035]      __ap = 4;
[21:25:46.035]        // -> [__ap <= 0x00000004]
[21:25:46.035]      ACCESS_POINT_VAL = ReadAP(0x00);//Reading current state of access point
[21:25:46.037]        // -> [ReadAP(0x00000000) => 0x00080027]   (__dp=0x00000000, __ap=0x00000004)
[21:25:46.037]        // -> [ACCESS_POINT_VAL <= 0x00080027]
[21:25:46.037]      Message(0, "Current state of access point is: %x",ACCESS_POINT_VAL);
[21:25:46.040]    </block>
[21:25:46.040]    <block atomic="false" info="">
[21:25:46.040]      __var nReset = 0x80;
[21:25:46.040]        // -> [nReset <= 0x00000080]
[21:25:46.040]      __var canReadPins = 0;
[21:25:46.040]        // -> [canReadPins <= 0x00000000]
[21:25:46.040]      canReadPins = (DAP_SWJ_Pins(0x00, nReset, 0) != 0xFFFFFFFF);
[21:25:46.042]        // -> [DAP_SWJ_Pins(0x00, 0x80, 0) => 0x0F]   (Out: nRESET=0  =>  In: SWCLK/TCK=1, SWDIO/TMS=1, TDI=1, TDO=1, nTRST=0, nRESET=0)
[21:25:46.042]        // -> [canReadPins <= 0x00000001]
[21:25:46.042]    </block>
[21:25:46.042]    <control if="" while="1" timeout="200" info="">
[21:25:46.042]      // while "1"  (timeout="200")
[21:25:46.044]      // while-condition  =>  TRUE
[21:25:46.044]      // while "1"  (timeout="200")
[21:25:46.044]      // while-condition  =>  TRUE
[21:25:46.044]      // while "1"  (timeout="200")
[21:25:46.044]      // while-condition  =>  TRUE
[21:25:46.044]      // while "1"  (timeout="200")
[21:25:46.044]      // while-condition  =>  TRUE
[21:25:46.044]      // while "1"  (timeout="200")
[21:25:46.044]      // while-condition  =>  TRUE
[21:25:46.044]      // while "1"  (timeout="200")
[21:25:46.044]      // while-condition  =>  TRUE
[21:25:46.044]      // while "1"  (timeout="200")
[21:25:46.044]      // while-condition  =>  TRUE
[21:25:46.044]      // while "1"  (timeout="200")
[21:25:46.044]      // while-condition  =>  TRUE
[21:25:46.044]      // while "1"  (timeout="200")
[21:25:46.044]      // while-condition  =>  TRUE
[21:25:46.044]      // while "1"  (timeout="200")
[21:25:46.044]      // while-condition  =>  TRUE
[21:25:46.044]      // while "1"  (timeout="200")
[21:25:46.044]      // while-condition  =>  TRUE
[21:25:46.044]      // while "1"  (timeout="200")
[21:25:46.044]      // while-condition  =>  TRUE
[21:25:46.044]      // while "1"  (timeout="200")
[21:25:46.044]      // while-condition  =>  TRUE
[21:25:46.044]      // while "1"  (timeout="200")
[21:25:46.044]      // while-condition  =>  TRUE
[21:25:46.044]      // while "1"  (timeout="200")
[21:25:46.044]      // while-condition  =>  TRUE
[21:25:46.044]      // while "1"  (timeout="200")
[21:25:46.044]      // while-condition  =>  TRUE
[21:25:46.044]      // while "1"  (timeout="200")
[21:25:46.044]      // while-condition  =>  TRUE
[21:25:46.046]      // while "1"  (timeout="200")
[21:25:46.046]      // while-condition  =>  TRUE
[21:25:46.046]      // while "1"  (timeout="200")
[21:25:46.046]      // while-condition  =>  TRUE
[21:25:46.046]      // while "1"  (timeout="200")
[21:25:46.046]      // while-condition  =>  TRUE
[21:25:46.046]      // while "1"  (timeout="200")
[21:25:46.046]      // while-condition  =>  TRUE
[21:25:46.046]      // while "1"  (timeout="200")
[21:25:46.046]      // while-condition  =>  TRUE
[21:25:46.046]      // while "1"  (timeout="200")
[21:25:46.046]      // while-condition  =>  TRUE
[21:25:46.046]      // while "1"  (timeout="200")
[21:25:46.046]      // while-condition  =>  TRUE
[21:25:46.046]      // while "1"  (timeout="200")
[21:25:46.046]      // while-condition  =>  TRUE
[21:25:46.046]      // while "1"  (timeout="200")
[21:25:46.046]      // while-condition  =>  TRUE
[21:25:46.046]      // while "1"  (timeout="200")
[21:25:46.046]      // while-condition  =>  TRUE
[21:25:46.046]      // while "1"  (timeout="200")
[21:25:46.046]      // while-condition  =>  TRUE
[21:25:46.046]      // while "1"  (timeout="200")
[21:25:46.046]      // while-condition  =>  TRUE
[21:25:46.046]      // while "1"  (timeout="200")
[21:25:46.046]      // while-condition  =>  TRUE
[21:25:46.046]      // while "1"  (timeout="200")
[21:25:46.046]      // while-condition  =>  TRUE
[21:25:46.046]      // while "1"  (timeout="200")
[21:25:46.046]      // while-condition  =>  TRUE
[21:25:46.046]      // while "1"  (timeout="200")
[21:25:46.046]      // while-condition  =>  TRUE
[21:25:46.046]      // while "1"  (timeout="200")
[21:25:46.046]      // while-condition  =>  TRUE
[21:25:46.046]      // while "1"  (timeout="200")
[21:25:46.046]      // while-condition  =>  TRUE
[21:25:46.046]      // while "1"  (timeout="200")
[21:25:46.046]      // while-condition  =>  TRUE
[21:25:46.046]      // while "1"  (timeout="200")
[21:25:46.046]      // while-condition  =>  TRUE
[21:25:46.046]      // while "1"  (timeout="200")
[21:25:46.046]      // while-condition  =>  TRUE
[21:25:46.046]      // while "1"  (timeout="200")
[21:25:46.046]      // while-condition  =>  TRUE
[21:25:46.046]      // while "1"  (timeout="200")
[21:25:46.046]      // while-condition  =>  TRUE
[21:25:46.046]      // while "1"  (timeout="200")
[21:25:46.048]      // while-condition  =>  TRUE
[21:25:46.048]      // while "1"  (timeout="200")
[21:25:46.048]      // while-condition  =>  TRUE
[21:25:46.048]      // while "1"  (timeout="200")
[21:25:46.048]      // while-condition  =>  TRUE
[21:25:46.048]      // while "1"  (timeout="200")
[21:25:46.048]      // while-condition  =>  TRUE
[21:25:46.048]      // while "1"  (timeout="200")
[21:25:46.048]      // while-condition  =>  TRUE
[21:25:46.048]      // while "1"  (timeout="200")
[21:25:46.048]      // while-condition  =>  TRUE
[21:25:46.048]      // while "1"  (timeout="200")
[21:25:46.048]      // while-condition  =>  TRUE
[21:25:46.048]      // while "1"  (timeout="200")
[21:25:46.048]      // while-condition  =>  TRUE
[21:25:46.048]      // while "1"  (timeout="200")
[21:25:46.048]      // while-condition  =>  TRUE
[21:25:46.048]      // while "1"  (timeout="200")
[21:25:46.048]      // while-condition  =>  TRUE
[21:25:46.048]      // while "1"  (timeout="200")
[21:25:46.048]      // while-condition  =>  TRUE
[21:25:46.048]      // while "1"  (timeout="200")
[21:25:46.048]      // while-condition  =>  TRUE
[21:25:46.048]      // while "1"  (timeout="200")
[21:25:46.049]      // while-condition  =>  TRUE
[21:25:46.049]      // while "1"  (timeout="200")
[21:25:46.050]      // while-condition  =>  TRUE
[21:25:46.050]      // while "1"  (timeout="200")
[21:25:46.050]      // while-condition  =>  TRUE
[21:25:46.050]      // while "1"  (timeout="200")
[21:25:46.050]      // while-condition  =>  TRUE
[21:25:46.050]      // while "1"  (timeout="200")
[21:25:46.050]      // while-condition  =>  TRUE
[21:25:46.050]      // while "1"  (timeout="200")
[21:25:46.050]      // while-condition  =>  TRUE
[21:25:46.050]      // while "1"  (timeout="200")
[21:25:46.050]      // while-condition  =>  TRUE
[21:25:46.050]      // while "1"  (timeout="200")
[21:25:46.050]      // while-condition  =>  TRUE
[21:25:46.050]      // while "1"  (timeout="200")
[21:25:46.050]      // while-condition  =>  TRUE
[21:25:46.050]      // while "1"  (timeout="200")
[21:25:46.050]      // while-condition  =>  TRUE
[21:25:46.050]      // while "1"  (timeout="200")
[21:25:46.050]      // while-condition  =>  TRUE
[21:25:46.050]      // while "1"  (timeout="200")
[21:25:46.050]      // while-condition  =>  TRUE
[21:25:46.050]      // while "1"  (timeout="200")
[21:25:46.050]      // while-condition  =>  TRUE
[21:25:46.050]      // while "1"  (timeout="200")
[21:25:46.050]      // while-condition  =>  TRUE
[21:25:46.050]      // while "1"  (timeout="200")
[21:25:46.050]      // while-condition  =>  TRUE
[21:25:46.050]      // while "1"  (timeout="200")
[21:25:46.050]      // while-condition  =>  TRUE
[21:25:46.050]      // while "1"  (timeout="200")
[21:25:46.050]      // while-condition  =>  TRUE
[21:25:46.050]      // while "1"  (timeout="200")
[21:25:46.050]      // while-condition  =>  TRUE
[21:25:46.050]      // while "1"  (timeout="200")
[21:25:46.050]      // while-condition  =>  TRUE
[21:25:46.050]      // while "1"  (timeout="200")
[21:25:46.050]      // while-condition  =>  TRUE
[21:25:46.050]      // while "1"  (timeout="200")
[21:25:46.050]      // while-condition  =>  TRUE
[21:25:46.050]      // while "1"  (timeout="200")
[21:25:46.050]      // while-condition  =>  TRUE
[21:25:46.050]      // while "1"  (timeout="200")
[21:25:46.050]      // while-condition  =>  TRUE
[21:25:46.050]      // while "1"  (timeout="200")
[21:25:46.050]      // while-condition  =>  TRUE
[21:25:46.050]      // while "1"  (timeout="200")
[21:25:46.050]      // while-condition  =>  TRUE
[21:25:46.053]      // while "1"  (timeout="200")
[21:25:46.053]      // while-condition  =>  TRUE
[21:25:46.053]      // while "1"  (timeout="200")
[21:25:46.053]      // while-condition  =>  TRUE
[21:25:46.053]      // while "1"  (timeout="200")
[21:25:46.053]      // while-condition  =>  TRUE
[21:25:46.053]      // while "1"  (timeout="200")
[21:25:46.053]      // while-condition  =>  TRUE
[21:25:46.053]      // while "1"  (timeout="200")
[21:25:46.053]      // while-condition  =>  TRUE
[21:25:46.053]      // while "1"  (timeout="200")
[21:25:46.053]      // while-condition  =>  TRUE
[21:25:46.053]      // while "1"  (timeout="200")
[21:25:46.053]      // while-condition  =>  TRUE
[21:25:46.053]      // while "1"  (timeout="200")
[21:25:46.053]      // while-condition  =>  TRUE
[21:25:46.053]      // while "1"  (timeout="200")
[21:25:46.053]      // while-condition  =>  TRUE
[21:25:46.053]      // while "1"  (timeout="200")
[21:25:46.053]      // while-condition  =>  TRUE
[21:25:46.053]      // while "1"  (timeout="200")
[21:25:46.053]      // while-condition  =>  TRUE
[21:25:46.053]      // while "1"  (timeout="200")
[21:25:46.053]      // while-condition  =>  TRUE
[21:25:46.053]      // while "1"  (timeout="200")
[21:25:46.053]      // while-condition  =>  TRUE
[21:25:46.053]      // while "1"  (timeout="200")
[21:25:46.053]      // while-condition  =>  TRUE
[21:25:46.053]      // while "1"  (timeout="200")
[21:25:46.053]      // while-condition  =>  TRUE
[21:25:46.053]      // while "1"  (timeout="200")
[21:25:46.053]      // while-condition  =>  TRUE
[21:25:46.053]      // while "1"  (timeout="200")
[21:25:46.053]      // while-condition  =>  TRUE
[21:25:46.053]      // while "1"  (timeout="200")
[21:25:46.053]      // while-condition  =>  TRUE
[21:25:46.053]      // while "1"  (timeout="200")
[21:25:46.053]      // while-condition  =>  TRUE
[21:25:46.053]      // while "1"  (timeout="200")
[21:25:46.053]      // while-condition  =>  TRUE
[21:25:46.053]      // while "1"  (timeout="200")
[21:25:46.053]      // while-condition  =>  TRUE
[21:25:46.053]      // while "1"  (timeout="200")
[21:25:46.053]      // while-condition  =>  TRUE
[21:25:46.053]      // while "1"  (timeout="200")
[21:25:46.055]      // while-condition  =>  TRUE
[21:25:46.055]      // while "1"  (timeout="200")
[21:25:46.055]      // while-condition  =>  TRUE
[21:25:46.055]      // while "1"  (timeout="200")
[21:25:46.055]      // while-condition  =>  TRUE
[21:25:46.055]      // while "1"  (timeout="200")
[21:25:46.055]      // while-condition  =>  TRUE
[21:25:46.055]      // while "1"  (timeout="200")
[21:25:46.055]      // while-condition  =>  TRUE
[21:25:46.055]      // while "1"  (timeout="200")
[21:25:46.055]      // while-condition  =>  TRUE
[21:25:46.055]      // while "1"  (timeout="200")
[21:25:46.055]      // while-condition  =>  TRUE
[21:25:46.055]      // while "1"  (timeout="200")
[21:25:46.055]      // while-condition  =>  TRUE
[21:25:46.055]      // while "1"  (timeout="200")
[21:25:46.055]      // while-condition  =>  TRUE
[21:25:46.055]      // while "1"  (timeout="200")
[21:25:46.055]      // while-condition  =>  TRUE
[21:25:46.055]      // while "1"  (timeout="200")
[21:25:46.055]      // while-condition  =>  TRUE
[21:25:46.055]      // while "1"  (timeout="200")
[21:25:46.055]      // while-condition  =>  TRUE
[21:25:46.055]      // while "1"  (timeout="200")
[21:25:46.055]      // while-condition  =>  TRUE
[21:25:46.055]      // while "1"  (timeout="200")
[21:25:46.055]      // while-condition  =>  TRUE
[21:25:46.055]      // while "1"  (timeout="200")
[21:25:46.055]      // while-condition  =>  TRUE
[21:25:46.055]      // while "1"  (timeout="200")
[21:25:46.055]      // while-condition  =>  TRUE
[21:25:46.055]      // while "1"  (timeout="200")
[21:25:46.055]      // while-condition  =>  TRUE
[21:25:46.055]      // while "1"  (timeout="200")
[21:25:46.055]      // while-condition  =>  TRUE
[21:25:46.055]      // while "1"  (timeout="200")
[21:25:46.055]      // while-condition  =>  TRUE
[21:25:46.055]      // while "1"  (timeout="200")
[21:25:46.055]      // while-condition  =>  TRUE
[21:25:46.055]      // while "1"  (timeout="200")
[21:25:46.057]      // while-condition  =>  TRUE
[21:25:46.057]      // while "1"  (timeout="200")
[21:25:46.057]      // while  =>  TIMEOUT
[21:25:46.057]      // end while "1"
[21:25:46.057]    </control>
[21:25:46.057]    <control if="canReadPins" while="" timeout="0" info="">
[21:25:46.057]      // if-block "canReadPins"
[21:25:46.057]        // =>  TRUE
[21:25:46.057]      <control if="" while="(DAP_SWJ_Pins(nReset, nReset, 0) & nReset) == 0" timeout="1000000" info="">
[21:25:46.057]        // while "(DAP_SWJ_Pins(nReset, nReset, 0) & nReset) == 0"  (timeout="1000000")
[21:25:46.059]          // -> [DAP_SWJ_Pins(0x80, 0x80, 0) => 0x8F]   (Out: nRESET=1  =>  In: SWCLK/TCK=1, SWDIO/TMS=1, TDI=1, TDO=1, nTRST=0, nRESET=1)
[21:25:46.059]        // while-condition  =>  FALSE
[21:25:46.059]        // end while "(DAP_SWJ_Pins(nReset, nReset, 0) & nReset) == 0"
[21:25:46.059]      </control>
[21:25:46.059]      // end if-block "canReadPins"
[21:25:46.059]    </control>
[21:25:46.059]    <control if="!canReadPins" while="" timeout="0" info="">
[21:25:46.059]      // if-block "!canReadPins"
[21:25:46.059]        // =>  FALSE
[21:25:46.059]      // skip if-block "!canReadPins"
[21:25:46.059]    </control>
[21:25:46.059]    <control if="(ACCESS_POINT_VAL & 0x00E00000) == 0" while="" timeout="0" info="">
[21:25:46.060]      // if-block "(ACCESS_POINT_VAL & 0x00E00000) == 0"
[21:25:46.060]        // =>  TRUE
[21:25:46.060]      <block atomic="false" info="">
[21:25:46.060]        WriteAP(0x00, 0x190008);
[21:25:46.062]          // -> [WriteAP(0x00000000, 0x00190008)]   (__dp=0x00000000, __ap=0x00000004)
[21:25:46.064]        WriteAP(0xF0, 0x01);
[21:25:46.066]          // -> [WriteAP(0x000000F0, 0x00000001)]   (__dp=0x00000000, __ap=0x00000004)
[21:25:46.066]      </block>
[21:25:46.068]      // end if-block "(ACCESS_POINT_VAL & 0x00E00000) == 0"
[21:25:46.068]    </control>
[21:25:46.068]    <control if="(ACCESS_POINT_VAL & 0x00E00000) != 0" while="" timeout="0" info="">
[21:25:46.068]      // if-block "(ACCESS_POINT_VAL & 0x00E00000) != 0"
[21:25:46.068]        // =>  FALSE
[21:25:46.068]      // skip if-block "(ACCESS_POINT_VAL & 0x00E00000) != 0"
[21:25:46.068]    </control>
[21:25:46.068]    <block atomic="false" info="">
[21:25:46.068]      ACCESS_POINT_VAL = ReadAP(0x00);//Reading current state of access point
[21:25:46.073]        // -> [ReadAP(0x00000000) => 0x0079002F]   (__dp=0x00000000, __ap=0x00000004)
[21:25:46.075]        // -> [ACCESS_POINT_VAL <= 0x0079002F]
[21:25:46.075]      Message(0, "Current state of access point is: %x",ACCESS_POINT_VAL);
[21:25:46.075]      __ap = 0; //lets make sure we reset the access point selection
[21:25:46.075]        // -> [__ap <= 0x00000000]
[21:25:46.075]    </block>
[21:25:46.075]  </sequence>
[21:25:46.075]  
[21:25:46.098]  **********  Sequence "DebugDeviceUnlock"  (Context="Connect", Pname="", info="")
[21:25:46.098]  
[21:25:46.098]  <debugvars>
[21:25:46.098]    // Pre-defined
[21:25:46.098]    __protocol=0x00010002      (Protocol="SWD", SWJ-DP="True")
[21:25:46.098]    __connection=0x00000202    (Connection Type="Flash", Reset Type="System Reset")
[21:25:46.098]    __dp=0x00000000
[21:25:46.098]    __ap=0x00000000
[21:25:46.098]    __traceout=0x00000000      (Trace Disabled)
[21:25:46.098]    __errorcontrol=0x00000000  (Skip Errors="False")
[21:25:46.098]    __FlashAddr=0x00000000
[21:25:46.098]    __FlashLen=0x00000000
[21:25:46.098]    __FlashArg=0x00000000
[21:25:46.098]    __FlashOp=0x00000000
[21:25:46.098]    __Result=0x00000000
[21:25:46.098]  </debugvars>
[21:25:46.098]  
[21:25:46.098]  <sequence name="DebugDeviceUnlock" Pname="" disable="false" info="">
[21:25:46.098]    <block atomic="false" info="">
[21:25:46.098]      __var deviceID = 0;
[21:25:46.098]        // -> [deviceID <= 0x00000000]
[21:25:46.098]      __var version = 0;
[21:25:46.098]        // -> [version <= 0x00000000]
[21:25:46.098]      __var partNum = 0;
[21:25:46.099]        // -> [partNum <= 0x00000000]
[21:25:46.099]      __var manuf = 0;
[21:25:46.099]        // -> [manuf <= 0x00000000]
[21:25:46.099]      __var isMSPM0G1X0X_G3X0X = 0;
[21:25:46.099]        // -> [isMSPM0G1X0X_G3X0X <= 0x00000000]
[21:25:46.099]      __var isProduction = 0;
[21:25:46.099]        // -> [isProduction <= 0x00000000]
[21:25:46.099]      __var continueId = 0;
[21:25:46.099]        // -> [continueId <= 0x00000000]
[21:25:46.099]      deviceID =   Read32(0x41C40004);
[21:25:46.108]        // -> [Read32(0x41C40004) => 0x2BB8802F]   (__dp=0x00000000, __ap=0x00000000)
[21:25:46.108]        // -> [deviceID <= 0x2BB8802F]
[21:25:46.108]      version = deviceID >> 28;
[21:25:46.108]        // -> [version <= 0x00000002]
[21:25:46.108]      partNum = (deviceID & 0x0FFFF000) >> 12;
[21:25:46.108]        // -> [partNum <= 0x0000BB88]
[21:25:46.109]      manuf = (deviceID & 0x00000FFE) >> 1;
[21:25:46.109]        // -> [manuf <= 0x00000017]
[21:25:46.110]      isMSPM0G1X0X_G3X0X = (partNum == 0xBB88) && (manuf == 0x17);
[21:25:46.110]        // -> [isMSPM0G1X0X_G3X0X <= 0x00000001]
[21:25:46.110]      isProduction = (version > 0);
[21:25:46.111]        // -> [isProduction <= 0x00000001]
[21:25:46.111]    </block>
[21:25:46.111]    <control if="!isMSPM0G1X0X_G3X0X" while="" timeout="0" info="">
[21:25:46.111]      // if-block "!isMSPM0G1X0X_G3X0X"
[21:25:46.111]        // =>  FALSE
[21:25:46.111]      // skip if-block "!isMSPM0G1X0X_G3X0X"
[21:25:46.111]    </control>
[21:25:46.111]    <control if="continueId == 4" while="" timeout="0" info="">
[21:25:46.111]      // if-block "continueId == 4"
[21:25:46.111]        // =>  FALSE
[21:25:46.111]      // skip if-block "continueId == 4"
[21:25:46.111]    </control>
[21:25:46.111]    <control if="!isProduction" while="" timeout="0" info="">
[21:25:46.111]      // if-block "!isProduction"
[21:25:46.111]        // =>  FALSE
[21:25:46.111]      // skip if-block "!isProduction"
[21:25:46.111]    </control>
[21:25:46.111]  </sequence>
[21:25:46.111]  
[21:27:34.778]  **********  Sequence "DebugPortSetup"  (Context="Connect", Pname="", info="")
[21:27:34.778]  
[21:27:34.778]  <debugvars>
[21:27:34.778]    // Pre-defined
[21:27:34.778]    __protocol=0x00010002      (Protocol="SWD", SWJ-DP="True")
[21:27:34.778]    __connection=0x00000202    (Connection Type="Flash", Reset Type="System Reset")
[21:27:34.778]    __dp=0x00000000
[21:27:34.778]    __ap=0x00000000
[21:27:34.778]    __traceout=0x00000000      (Trace Disabled)
[21:27:34.778]    __errorcontrol=0x00000000  (Skip Errors="False")
[21:27:34.778]    __FlashAddr=0x00000000
[21:27:34.778]    __FlashLen=0x00000000
[21:27:34.778]    __FlashArg=0x00000000
[21:27:34.778]    __FlashOp=0x00000000
[21:27:34.778]    __Result=0x00000000
[21:27:34.778]  </debugvars>
[21:27:34.778]  
[21:27:34.778]  <sequence name="DebugPortSetup" Pname="" disable="false" info="">
[21:27:34.778]    <block atomic="false" info="">
[21:27:34.778]      __var isSWJ      = ((__protocol & 0x00010000) != 0);
[21:27:34.778]        // -> [isSWJ <= 0x00000001]
[21:27:34.778]      __var hasDormant = __protocol & 0x00020000;
[21:27:34.778]        // -> [hasDormant <= 0x00000000]
[21:27:34.778]      __var protType   = __protocol & 0x0000FFFF;
[21:27:34.778]        // -> [protType <= 0x00000002]
[21:27:34.778]    </block>
[21:27:34.778]    <control if="protType == 1" while="" timeout="0" info="">
[21:27:34.778]      // if-block "protType == 1"
[21:27:34.778]        // =>  FALSE
[21:27:34.778]      // skip if-block "protType == 1"
[21:27:34.778]    </control>
[21:27:34.778]    <control if="protType == 2" while="" timeout="0" info="">
[21:27:34.778]      // if-block "protType == 2"
[21:27:34.778]        // =>  TRUE
[21:27:34.778]      <control if="isSWJ" while="" timeout="0" info="">
[21:27:34.778]        // if-block "isSWJ"
[21:27:34.778]          // =>  TRUE
[21:27:34.778]        <control if="hasDormant" while="" timeout="0" info="">
[21:27:34.778]          // if-block "hasDormant"
[21:27:34.778]            // =>  FALSE
[21:27:34.778]          // skip if-block "hasDormant"
[21:27:34.778]        </control>
[21:27:34.778]        <control if="!hasDormant" while="" timeout="0" info="">
[21:27:34.778]          // if-block "!hasDormant"
[21:27:34.778]            // =>  TRUE
[21:27:34.778]          <block atomic="false" info="">
[21:27:34.778]            DAP_SWJ_Sequence(51, 0x0007FFFFFFFFFFFF); //lets put the JTAG line in a reset state
[21:27:34.778]              // -> [DAP_SWJ_Sequence(51, 0x0007FFFFFFFFFFFF)]
[21:27:34.787]            DAP_SWJ_Sequence(16,0xE73C); //SWD to JTAG, this is to ensure the state machine is initialized
[21:27:34.788]              // -> [DAP_SWJ_Sequence(16, 0x000000000000E73C)]
[21:27:34.788]            DAP_SWJ_Sequence(51, 0x0007FFFFFFFFFFFF); //Put it back in reset
[21:27:34.788]              // -> [DAP_SWJ_Sequence(51, 0x0007FFFFFFFFFFFF)]
[21:27:34.788]            DAP_SWJ_Sequence(16, 0xE79E); //JTAG to SWD switch
[21:27:34.788]              // -> [DAP_SWJ_Sequence(16, 0x000000000000E79E)]
[21:27:34.788]            DAP_SWJ_Sequence(51, 0x0007FFFFFFFFFFFF);  //Ensure the switch is successful 
[21:27:34.788]              // -> [DAP_SWJ_Sequence(51, 0x0007FFFFFFFFFFFF)]
[21:27:34.788]            DAP_SWJ_Sequence(7,  0x00); //Give the line some time to initialize
[21:27:34.798]              // -> [DAP_SWJ_Sequence(7, 0x0000000000000000)]
[21:27:34.798]          </block>
[21:27:34.798]          // end if-block "!hasDormant"
[21:27:34.798]        </control>
[21:27:34.798]        // end if-block "isSWJ"
[21:27:34.798]      </control>
[21:27:34.798]      <control if="!isSWJ" while="" timeout="0" info="">
[21:27:34.798]        // if-block "!isSWJ"
[21:27:34.798]          // =>  FALSE
[21:27:34.798]        // skip if-block "!isSWJ"
[21:27:34.798]      </control>
[21:27:34.798]      <block atomic="false" info="">
[21:27:34.798]        ReadDP(0x0);
[21:27:34.798]          // -> [ReadDP(0x00000000) => 0x6BA02477]   (__dp=0x00000000)
[21:27:34.798]      </block>
[21:27:34.798]      // end if-block "protType == 2"
[21:27:34.798]    </control>
[21:27:34.798]  </sequence>
[21:27:34.798]  
[21:27:34.798]  **********  Sequence "DebugPortStart"  (Context="Connect", Pname="", info="")
[21:27:34.798]  
[21:27:34.798]  <debugvars>
[21:27:34.798]    // Pre-defined
[21:27:34.798]    __protocol=0x00010002      (Protocol="SWD", SWJ-DP="True")
[21:27:34.798]    __connection=0x00000202    (Connection Type="Flash", Reset Type="System Reset")
[21:27:34.798]    __dp=0x00000000
[21:27:34.798]    __ap=0x00000000
[21:27:34.798]    __traceout=0x00000000      (Trace Disabled)
[21:27:34.798]    __errorcontrol=0x00000000  (Skip Errors="False")
[21:27:34.798]    __FlashAddr=0x00000000
[21:27:34.798]    __FlashLen=0x00000000
[21:27:34.798]    __FlashArg=0x00000000
[21:27:34.798]    __FlashOp=0x00000000
[21:27:34.798]    __Result=0x00000000
[21:27:34.798]  </debugvars>
[21:27:34.798]  
[21:27:34.798]  <sequence name="DebugPortStart" Pname="" disable="false" info="">
[21:27:34.798]    <block atomic="false" info="">
[21:27:34.798]      __var SW_DP_ABORT       = 0x0;
[21:27:34.798]        // -> [SW_DP_ABORT <= 0x00000000]
[21:27:34.798]      __var DP_CTRL_STAT      = 0x4;
[21:27:34.798]        // -> [DP_CTRL_STAT <= 0x00000004]
[21:27:34.798]      __var DP_SELECT         = 0x8;
[21:27:34.798]        // -> [DP_SELECT <= 0x00000008]
[21:27:34.798]      __var powered_down      = 0;
[21:27:34.798]        // -> [powered_down <= 0x00000000]
[21:27:34.798]      WriteDP(DP_SELECT, 0x00000000);
[21:27:34.807]        // -> [WriteDP(0x00000008, 0x00000000)]   (__dp=0x00000000)
[21:27:34.807]      powered_down = ((ReadDP(DP_CTRL_STAT) & 0xA0000000) != 0xA0000000);
[21:27:34.808]        // -> [ReadDP(0x00000004) => 0x00000040]   (__dp=0x00000000)
[21:27:34.808]        // -> [powered_down <= 0x00000001]
[21:27:34.808]    </block>
[21:27:34.808]    <control if="powered_down" while="" timeout="0" info="">
[21:27:34.808]      // if-block "powered_down"
[21:27:34.808]        // =>  TRUE
[21:27:34.808]      <block atomic="false" info="">
[21:27:34.808]        Message(0, "Debug/System power-up request sent");
[21:27:34.808]        WriteDP(DP_CTRL_STAT, 0x50000000);
[21:27:34.808]          // -> [WriteDP(0x00000004, 0x50000000)]   (__dp=0x00000000)
[21:27:34.808]      </block>
[21:27:34.808]      <control if="" while="(ReadDP(DP_CTRL_STAT) & 0xA0000000) != 0xA0000000" timeout="1000000" info="">
[21:27:34.808]        // while "(ReadDP(DP_CTRL_STAT) & 0xA0000000) != 0xA0000000"  (timeout="1000000")
[21:27:34.808]          // -> [ReadDP(0x00000004) => 0xF0000040]   (__dp=0x00000000)
[21:27:34.808]        // while-condition  =>  FALSE
[21:27:34.808]        // end while "(ReadDP(DP_CTRL_STAT) & 0xA0000000) != 0xA0000000"
[21:27:34.808]      </control>
[21:27:34.808]      <control if="(__protocol & 0xFFFF) == 1" while="" timeout="0" info="">
[21:27:34.808]        // if-block "(__protocol & 0xFFFF) == 1"
[21:27:34.808]          // =>  FALSE
[21:27:34.808]        // skip if-block "(__protocol & 0xFFFF) == 1"
[21:27:34.808]      </control>
[21:27:34.808]      <control if="(__protocol & 0xFFFF) == 2" while="" timeout="0" info="">
[21:27:34.808]        // if-block "(__protocol & 0xFFFF) == 2"
[21:27:34.808]          // =>  TRUE
[21:27:34.808]        <block atomic="false" info="">
[21:27:34.808]          Message(0, "executing SWD power up");
[21:27:34.818]          WriteDP(DP_CTRL_STAT, 0x50000F00);
[21:27:34.818]            // -> [WriteDP(0x00000004, 0x50000F00)]   (__dp=0x00000000)
[21:27:34.818]          WriteDP(SW_DP_ABORT, 0x0000001E);
[21:27:34.818]            // -> [WriteDP(0x00000000, 0x0000001E)]   (__dp=0x00000000)
[21:27:34.818]        </block>
[21:27:34.818]        // end if-block "(__protocol & 0xFFFF) == 2"
[21:27:34.818]      </control>
[21:27:34.818]      // end if-block "powered_down"
[21:27:34.818]    </control>
[21:27:34.818]    <block atomic="false" info="">
[21:27:34.818]      __var DEBUG_PORT_VAL    = 0;
[21:27:34.818]        // -> [DEBUG_PORT_VAL <= 0x00000000]
[21:27:34.818]      __var ACCESS_POINT_VAL  = 0;
[21:27:34.818]        // -> [ACCESS_POINT_VAL <= 0x00000000]
[21:27:34.818]      __ap = 1; 
[21:27:34.818]        // -> [__ap <= 0x00000001]
[21:27:34.818]      WriteAP(0x0C, 0x04); //lets use the mini pwr-ap as backup
[21:27:34.827]        // -> [WriteAP(0x0000000C, 0x00000004)]   (__dp=0x00000000, __ap=0x00000001)
[21:27:34.827]      __ap = 4;
[21:27:34.827]        // -> [__ap <= 0x00000004]
[21:27:34.827]      ACCESS_POINT_VAL = ReadAP(0x00);//Reading current state of access point
[21:27:34.828]        // -> [ReadAP(0x00000000) => 0x00080027]   (__dp=0x00000000, __ap=0x00000004)
[21:27:34.828]        // -> [ACCESS_POINT_VAL <= 0x00080027]
[21:27:34.828]      Message(0, "Current state of access point is: %x",ACCESS_POINT_VAL);
[21:27:34.828]    </block>
[21:27:34.828]    <block atomic="false" info="">
[21:27:34.828]      __var nReset = 0x80;
[21:27:34.828]        // -> [nReset <= 0x00000080]
[21:27:34.828]      __var canReadPins = 0;
[21:27:34.828]        // -> [canReadPins <= 0x00000000]
[21:27:34.828]      canReadPins = (DAP_SWJ_Pins(0x00, nReset, 0) != 0xFFFFFFFF);
[21:27:34.833]        // -> [DAP_SWJ_Pins(0x00, 0x80, 0) => 0x0F]   (Out: nRESET=0  =>  In: SWCLK/TCK=1, SWDIO/TMS=1, TDI=1, TDO=1, nTRST=0, nRESET=0)
[21:27:34.833]        // -> [canReadPins <= 0x00000001]
[21:27:34.833]    </block>
[21:27:34.833]    <control if="" while="1" timeout="200" info="">
[21:27:34.833]      // while "1"  (timeout="200")
[21:27:34.833]      // while-condition  =>  TRUE
[21:27:34.835]      // while "1"  (timeout="200")
[21:27:34.835]      // while-condition  =>  TRUE
[21:27:34.835]      // while "1"  (timeout="200")
[21:27:34.835]      // while-condition  =>  TRUE
[21:27:34.835]      // while "1"  (timeout="200")
[21:27:34.835]      // while-condition  =>  TRUE
[21:27:34.835]      // while "1"  (timeout="200")
[21:27:34.835]      // while-condition  =>  TRUE
[21:27:34.835]      // while "1"  (timeout="200")
[21:27:34.835]      // while-condition  =>  TRUE
[21:27:34.835]      // while "1"  (timeout="200")
[21:27:34.835]      // while-condition  =>  TRUE
[21:27:34.835]      // while "1"  (timeout="200")
[21:27:34.835]      // while-condition  =>  TRUE
[21:27:34.835]      // while "1"  (timeout="200")
[21:27:34.835]      // while-condition  =>  TRUE
[21:27:34.835]      // while "1"  (timeout="200")
[21:27:34.835]      // while-condition  =>  TRUE
[21:27:34.835]      // while "1"  (timeout="200")
[21:27:34.835]      // while-condition  =>  TRUE
[21:27:34.835]      // while "1"  (timeout="200")
[21:27:34.835]      // while-condition  =>  TRUE
[21:27:34.835]      // while "1"  (timeout="200")
[21:27:34.837]      // while-condition  =>  TRUE
[21:27:34.837]      // while "1"  (timeout="200")
[21:27:34.837]      // while-condition  =>  TRUE
[21:27:34.837]      // while "1"  (timeout="200")
[21:27:34.837]      // while-condition  =>  TRUE
[21:27:34.837]      // while "1"  (timeout="200")
[21:27:34.837]      // while-condition  =>  TRUE
[21:27:34.837]      // while "1"  (timeout="200")
[21:27:34.837]      // while-condition  =>  TRUE
[21:27:34.837]      // while "1"  (timeout="200")
[21:27:34.837]      // while-condition  =>  TRUE
[21:27:34.837]      // while "1"  (timeout="200")
[21:27:34.837]      // while-condition  =>  TRUE
[21:27:34.837]      // while "1"  (timeout="200")
[21:27:34.837]      // while-condition  =>  TRUE
[21:27:34.837]      // while "1"  (timeout="200")
[21:27:34.837]      // while-condition  =>  TRUE
[21:27:34.837]      // while "1"  (timeout="200")
[21:27:34.838]      // while-condition  =>  TRUE
[21:27:34.838]      // while "1"  (timeout="200")
[21:27:34.838]      // while  =>  TIMEOUT
[21:27:34.838]      // end while "1"
[21:27:34.838]    </control>
[21:27:34.839]    <control if="canReadPins" while="" timeout="0" info="">
[21:27:34.839]      // if-block "canReadPins"
[21:27:34.839]        // =>  TRUE
[21:27:34.839]      <control if="" while="(DAP_SWJ_Pins(nReset, nReset, 0) & nReset) == 0" timeout="1000000" info="">
[21:27:34.839]        // while "(DAP_SWJ_Pins(nReset, nReset, 0) & nReset) == 0"  (timeout="1000000")
[21:27:34.841]          // -> [DAP_SWJ_Pins(0x80, 0x80, 0) => 0x8F]   (Out: nRESET=1  =>  In: SWCLK/TCK=1, SWDIO/TMS=1, TDI=1, TDO=1, nTRST=0, nRESET=1)
[21:27:34.841]        // while-condition  =>  FALSE
[21:27:34.841]        // end while "(DAP_SWJ_Pins(nReset, nReset, 0) & nReset) == 0"
[21:27:34.841]      </control>
[21:27:34.841]      // end if-block "canReadPins"
[21:27:34.841]    </control>
[21:27:34.841]    <control if="!canReadPins" while="" timeout="0" info="">
[21:27:34.841]      // if-block "!canReadPins"
[21:27:34.841]        // =>  FALSE
[21:27:34.841]      // skip if-block "!canReadPins"
[21:27:34.841]    </control>
[21:27:34.841]    <control if="(ACCESS_POINT_VAL & 0x00E00000) == 0" while="" timeout="0" info="">
[21:27:34.841]      // if-block "(ACCESS_POINT_VAL & 0x00E00000) == 0"
[21:27:34.841]        // =>  TRUE
[21:27:34.841]      <block atomic="false" info="">
[21:27:34.841]        WriteAP(0x00, 0x190008);
[21:27:34.843]          // -> [WriteAP(0x00000000, 0x00190008)]   (__dp=0x00000000, __ap=0x00000004)
[21:27:34.843]        WriteAP(0xF0, 0x01);
[21:27:34.848]          // -> [WriteAP(0x000000F0, 0x00000001)]   (__dp=0x00000000, __ap=0x00000004)
[21:27:34.848]      </block>
[21:27:34.848]      // end if-block "(ACCESS_POINT_VAL & 0x00E00000) == 0"
[21:27:34.848]    </control>
[21:27:34.848]    <control if="(ACCESS_POINT_VAL & 0x00E00000) != 0" while="" timeout="0" info="">
[21:27:34.848]      // if-block "(ACCESS_POINT_VAL & 0x00E00000) != 0"
[21:27:34.848]        // =>  FALSE
[21:27:34.848]      // skip if-block "(ACCESS_POINT_VAL & 0x00E00000) != 0"
[21:27:34.848]    </control>
[21:27:34.848]    <block atomic="false" info="">
[21:27:34.850]      ACCESS_POINT_VAL = ReadAP(0x00);//Reading current state of access point
[21:27:34.853]        // -> [ReadAP(0x00000000) => 0x0079002F]   (__dp=0x00000000, __ap=0x00000004)
[21:27:34.853]        // -> [ACCESS_POINT_VAL <= 0x0079002F]
[21:27:34.853]      Message(0, "Current state of access point is: %x",ACCESS_POINT_VAL);
[21:27:34.853]      __ap = 0; //lets make sure we reset the access point selection
[21:27:34.855]        // -> [__ap <= 0x00000000]
[21:27:34.855]    </block>
[21:27:34.855]  </sequence>
[21:27:34.855]  
[21:27:34.869]  **********  Sequence "DebugDeviceUnlock"  (Context="Connect", Pname="", info="")
[21:27:34.869]  
[21:27:34.869]  <debugvars>
[21:27:34.869]    // Pre-defined
[21:27:34.869]    __protocol=0x00010002      (Protocol="SWD", SWJ-DP="True")
[21:27:34.869]    __connection=0x00000202    (Connection Type="Flash", Reset Type="System Reset")
[21:27:34.869]    __dp=0x00000000
[21:27:34.869]    __ap=0x00000000
[21:27:34.869]    __traceout=0x00000000      (Trace Disabled)
[21:27:34.869]    __errorcontrol=0x00000000  (Skip Errors="False")
[21:27:34.869]    __FlashAddr=0x00000000
[21:27:34.869]    __FlashLen=0x00000000
[21:27:34.869]    __FlashArg=0x00000000
[21:27:34.869]    __FlashOp=0x00000000
[21:27:34.869]    __Result=0x00000000
[21:27:34.869]  </debugvars>
[21:27:34.869]  
[21:27:34.869]  <sequence name="DebugDeviceUnlock" Pname="" disable="false" info="">
[21:27:34.877]    <block atomic="false" info="">
[21:27:34.877]      __var deviceID = 0;
[21:27:34.877]        // -> [deviceID <= 0x00000000]
[21:27:34.877]      __var version = 0;
[21:27:34.877]        // -> [version <= 0x00000000]
[21:27:34.877]      __var partNum = 0;
[21:27:34.877]        // -> [partNum <= 0x00000000]
[21:27:34.877]      __var manuf = 0;
[21:27:34.877]        // -> [manuf <= 0x00000000]
[21:27:34.877]      __var isMSPM0G1X0X_G3X0X = 0;
[21:27:34.877]        // -> [isMSPM0G1X0X_G3X0X <= 0x00000000]
[21:27:34.877]      __var isProduction = 0;
[21:27:34.877]        // -> [isProduction <= 0x00000000]
[21:27:34.877]      __var continueId = 0;
[21:27:34.878]        // -> [continueId <= 0x00000000]
[21:27:34.878]      deviceID =   Read32(0x41C40004);
[21:27:34.878]        // -> [Read32(0x41C40004) => 0x2BB8802F]   (__dp=0x00000000, __ap=0x00000000)
[21:27:34.878]        // -> [deviceID <= 0x2BB8802F]
[21:27:34.878]      version = deviceID >> 28;
[21:27:34.878]        // -> [version <= 0x00000002]
[21:27:34.878]      partNum = (deviceID & 0x0FFFF000) >> 12;
[21:27:34.878]        // -> [partNum <= 0x0000BB88]
[21:27:34.878]      manuf = (deviceID & 0x00000FFE) >> 1;
[21:27:34.878]        // -> [manuf <= 0x00000017]
[21:27:34.878]      isMSPM0G1X0X_G3X0X = (partNum == 0xBB88) && (manuf == 0x17);
[21:27:34.878]        // -> [isMSPM0G1X0X_G3X0X <= 0x00000001]
[21:27:34.878]      isProduction = (version > 0);
[21:27:34.878]        // -> [isProduction <= 0x00000001]
[21:27:34.878]    </block>
[21:27:34.878]    <control if="!isMSPM0G1X0X_G3X0X" while="" timeout="0" info="">
[21:27:34.878]      // if-block "!isMSPM0G1X0X_G3X0X"
[21:27:34.878]        // =>  FALSE
[21:27:34.878]      // skip if-block "!isMSPM0G1X0X_G3X0X"
[21:27:34.878]    </control>
[21:27:34.878]    <control if="continueId == 4" while="" timeout="0" info="">
[21:27:34.878]      // if-block "continueId == 4"
[21:27:34.878]        // =>  FALSE
[21:27:34.878]      // skip if-block "continueId == 4"
[21:27:34.878]    </control>
[21:27:34.878]    <control if="!isProduction" while="" timeout="0" info="">
[21:27:34.878]      // if-block "!isProduction"
[21:27:34.878]        // =>  FALSE
[21:27:34.878]      // skip if-block "!isProduction"
[21:27:34.878]    </control>
[21:27:34.878]  </sequence>
[21:27:34.878]  
[21:30:31.810]  **********  Sequence "DebugPortSetup"  (Context="Connect", Pname="", info="")
[21:30:31.810]  
[21:30:31.810]  <debugvars>
[21:30:31.811]    // Pre-defined
[21:30:31.811]    __protocol=0x00010002      (Protocol="SWD", SWJ-DP="True")
[21:30:31.811]    __connection=0x00000202    (Connection Type="Flash", Reset Type="System Reset")
[21:30:31.811]    __dp=0x00000000
[21:30:31.811]    __ap=0x00000000
[21:30:31.811]    __traceout=0x00000000      (Trace Disabled)
[21:30:31.811]    __errorcontrol=0x00000000  (Skip Errors="False")
[21:30:31.811]    __FlashAddr=0x00000000
[21:30:31.811]    __FlashLen=0x00000000
[21:30:31.811]    __FlashArg=0x00000000
[21:30:31.811]    __FlashOp=0x00000000
[21:30:31.811]    __Result=0x00000000
[21:30:31.811]  </debugvars>
[21:30:31.811]  
[21:30:31.811]  <sequence name="DebugPortSetup" Pname="" disable="false" info="">
[21:30:31.811]    <block atomic="false" info="">
[21:30:31.811]      __var isSWJ      = ((__protocol & 0x00010000) != 0);
[21:30:31.811]        // -> [isSWJ <= 0x00000001]
[21:30:31.811]      __var hasDormant = __protocol & 0x00020000;
[21:30:31.811]        // -> [hasDormant <= 0x00000000]
[21:30:31.811]      __var protType   = __protocol & 0x0000FFFF;
[21:30:31.811]        // -> [protType <= 0x00000002]
[21:30:31.811]    </block>
[21:30:31.811]    <control if="protType == 1" while="" timeout="0" info="">
[21:30:31.811]      // if-block "protType == 1"
[21:30:31.811]        // =>  FALSE
[21:30:31.811]      // skip if-block "protType == 1"
[21:30:31.811]    </control>
[21:30:31.811]    <control if="protType == 2" while="" timeout="0" info="">
[21:30:31.811]      // if-block "protType == 2"
[21:30:31.811]        // =>  TRUE
[21:30:31.811]      <control if="isSWJ" while="" timeout="0" info="">
[21:30:31.811]        // if-block "isSWJ"
[21:30:31.811]          // =>  TRUE
[21:30:31.811]        <control if="hasDormant" while="" timeout="0" info="">
[21:30:31.811]          // if-block "hasDormant"
[21:30:31.811]            // =>  FALSE
[21:30:31.811]          // skip if-block "hasDormant"
[21:30:31.811]        </control>
[21:30:31.811]        <control if="!hasDormant" while="" timeout="0" info="">
[21:30:31.811]          // if-block "!hasDormant"
[21:30:31.811]            // =>  TRUE
[21:30:31.811]          <block atomic="false" info="">
[21:30:31.811]            DAP_SWJ_Sequence(51, 0x0007FFFFFFFFFFFF); //lets put the JTAG line in a reset state
[21:30:31.811]              // -> [DAP_SWJ_Sequence(51, 0x0007FFFFFFFFFFFF)]
[21:30:31.811]            DAP_SWJ_Sequence(16,0xE73C); //SWD to JTAG, this is to ensure the state machine is initialized
[21:30:31.817]              // -> [DAP_SWJ_Sequence(16, 0x000000000000E73C)]
[21:30:31.817]            DAP_SWJ_Sequence(51, 0x0007FFFFFFFFFFFF); //Put it back in reset
[21:30:31.818]              // -> [DAP_SWJ_Sequence(51, 0x0007FFFFFFFFFFFF)]
[21:30:31.818]            DAP_SWJ_Sequence(16, 0xE79E); //JTAG to SWD switch
[21:30:31.818]              // -> [DAP_SWJ_Sequence(16, 0x000000000000E79E)]
[21:30:31.818]            DAP_SWJ_Sequence(51, 0x0007FFFFFFFFFFFF);  //Ensure the switch is successful 
[21:30:31.818]              // -> [DAP_SWJ_Sequence(51, 0x0007FFFFFFFFFFFF)]
[21:30:31.818]            DAP_SWJ_Sequence(7,  0x00); //Give the line some time to initialize
[21:30:31.827]              // -> [DAP_SWJ_Sequence(7, 0x0000000000000000)]
[21:30:31.827]          </block>
[21:30:31.827]          // end if-block "!hasDormant"
[21:30:31.827]        </control>
[21:30:31.827]        // end if-block "isSWJ"
[21:30:31.827]      </control>
[21:30:31.827]      <control if="!isSWJ" while="" timeout="0" info="">
[21:30:31.827]        // if-block "!isSWJ"
[21:30:31.827]          // =>  FALSE
[21:30:31.827]        // skip if-block "!isSWJ"
[21:30:31.827]      </control>
[21:30:31.827]      <block atomic="false" info="">
[21:30:31.827]        ReadDP(0x0);
[21:30:31.829]          // -> [ReadDP(0x00000000) => 0x6BA02477]   (__dp=0x00000000)
[21:30:31.829]      </block>
[21:30:31.829]      // end if-block "protType == 2"
[21:30:31.829]    </control>
[21:30:31.829]  </sequence>
[21:30:31.829]  
[21:30:31.829]  **********  Sequence "DebugPortStart"  (Context="Connect", Pname="", info="")
[21:30:31.829]  
[21:30:31.829]  <debugvars>
[21:30:31.829]    // Pre-defined
[21:30:31.829]    __protocol=0x00010002      (Protocol="SWD", SWJ-DP="True")
[21:30:31.829]    __connection=0x00000202    (Connection Type="Flash", Reset Type="System Reset")
[21:30:31.829]    __dp=0x00000000
[21:30:31.829]    __ap=0x00000000
[21:30:31.829]    __traceout=0x00000000      (Trace Disabled)
[21:30:31.829]    __errorcontrol=0x00000000  (Skip Errors="False")
[21:30:31.829]    __FlashAddr=0x00000000
[21:30:31.829]    __FlashLen=0x00000000
[21:30:31.829]    __FlashArg=0x00000000
[21:30:31.829]    __FlashOp=0x00000000
[21:30:31.829]    __Result=0x00000000
[21:30:31.829]  </debugvars>
[21:30:31.829]  
[21:30:31.829]  <sequence name="DebugPortStart" Pname="" disable="false" info="">
[21:30:31.829]    <block atomic="false" info="">
[21:30:31.829]      __var SW_DP_ABORT       = 0x0;
[21:30:31.829]        // -> [SW_DP_ABORT <= 0x00000000]
[21:30:31.829]      __var DP_CTRL_STAT      = 0x4;
[21:30:31.829]        // -> [DP_CTRL_STAT <= 0x00000004]
[21:30:31.829]      __var DP_SELECT         = 0x8;
[21:30:31.829]        // -> [DP_SELECT <= 0x00000008]
[21:30:31.829]      __var powered_down      = 0;
[21:30:31.829]        // -> [powered_down <= 0x00000000]
[21:30:31.829]      WriteDP(DP_SELECT, 0x00000000);
[21:30:31.829]        // -> [WriteDP(0x00000008, 0x00000000)]   (__dp=0x00000000)
[21:30:31.829]      powered_down = ((ReadDP(DP_CTRL_STAT) & 0xA0000000) != 0xA0000000);
[21:30:31.838]        // -> [ReadDP(0x00000004) => 0x00000040]   (__dp=0x00000000)
[21:30:31.838]        // -> [powered_down <= 0x00000001]
[21:30:31.838]    </block>
[21:30:31.838]    <control if="powered_down" while="" timeout="0" info="">
[21:30:31.838]      // if-block "powered_down"
[21:30:31.838]        // =>  TRUE
[21:30:31.838]      <block atomic="false" info="">
[21:30:31.838]        Message(0, "Debug/System power-up request sent");
[21:30:31.838]        WriteDP(DP_CTRL_STAT, 0x50000000);
[21:30:31.838]          // -> [WriteDP(0x00000004, 0x50000000)]   (__dp=0x00000000)
[21:30:31.838]      </block>
[21:30:31.838]      <control if="" while="(ReadDP(DP_CTRL_STAT) & 0xA0000000) != 0xA0000000" timeout="1000000" info="">
[21:30:31.838]        // while "(ReadDP(DP_CTRL_STAT) & 0xA0000000) != 0xA0000000"  (timeout="1000000")
[21:30:31.838]          // -> [ReadDP(0x00000004) => 0xF0000040]   (__dp=0x00000000)
[21:30:31.838]        // while-condition  =>  FALSE
[21:30:31.838]        // end while "(ReadDP(DP_CTRL_STAT) & 0xA0000000) != 0xA0000000"
[21:30:31.838]      </control>
[21:30:31.838]      <control if="(__protocol & 0xFFFF) == 1" while="" timeout="0" info="">
[21:30:31.838]        // if-block "(__protocol & 0xFFFF) == 1"
[21:30:31.838]          // =>  FALSE
[21:30:31.838]        // skip if-block "(__protocol & 0xFFFF) == 1"
[21:30:31.838]      </control>
[21:30:31.838]      <control if="(__protocol & 0xFFFF) == 2" while="" timeout="0" info="">
[21:30:31.838]        // if-block "(__protocol & 0xFFFF) == 2"
[21:30:31.838]          // =>  TRUE
[21:30:31.838]        <block atomic="false" info="">
[21:30:31.838]          Message(0, "executing SWD power up");
[21:30:31.838]          WriteDP(DP_CTRL_STAT, 0x50000F00);
[21:30:31.847]            // -> [WriteDP(0x00000004, 0x50000F00)]   (__dp=0x00000000)
[21:30:31.847]          WriteDP(SW_DP_ABORT, 0x0000001E);
[21:30:31.848]            // -> [WriteDP(0x00000000, 0x0000001E)]   (__dp=0x00000000)
[21:30:31.848]        </block>
[21:30:31.848]        // end if-block "(__protocol & 0xFFFF) == 2"
[21:30:31.848]      </control>
[21:30:31.848]      // end if-block "powered_down"
[21:30:31.848]    </control>
[21:30:31.848]    <block atomic="false" info="">
[21:30:31.848]      __var DEBUG_PORT_VAL    = 0;
[21:30:31.848]        // -> [DEBUG_PORT_VAL <= 0x00000000]
[21:30:31.848]      __var ACCESS_POINT_VAL  = 0;
[21:30:31.848]        // -> [ACCESS_POINT_VAL <= 0x00000000]
[21:30:31.848]      __ap = 1; 
[21:30:31.848]        // -> [__ap <= 0x00000001]
[21:30:31.848]      WriteAP(0x0C, 0x04); //lets use the mini pwr-ap as backup
[21:30:31.853]        // -> [WriteAP(0x0000000C, 0x00000004)]   (__dp=0x00000000, __ap=0x00000001)
[21:30:31.853]      __ap = 4;
[21:30:31.853]        // -> [__ap <= 0x00000004]
[21:30:31.853]      ACCESS_POINT_VAL = ReadAP(0x00);//Reading current state of access point
[21:30:31.858]        // -> [ReadAP(0x00000000) => 0x00080027]   (__dp=0x00000000, __ap=0x00000004)
[21:30:31.859]        // -> [ACCESS_POINT_VAL <= 0x00080027]
[21:30:31.859]      Message(0, "Current state of access point is: %x",ACCESS_POINT_VAL);
[21:30:31.861]    </block>
[21:30:31.861]    <block atomic="false" info="">
[21:30:31.863]      __var nReset = 0x80;
[21:30:31.863]        // -> [nReset <= 0x00000080]
[21:30:31.863]      __var canReadPins = 0;
[21:30:31.863]        // -> [canReadPins <= 0x00000000]
[21:30:31.863]      canReadPins = (DAP_SWJ_Pins(0x00, nReset, 0) != 0xFFFFFFFF);
[21:30:31.865]        // -> [DAP_SWJ_Pins(0x00, 0x80, 0) => 0x0F]   (Out: nRESET=0  =>  In: SWCLK/TCK=1, SWDIO/TMS=1, TDI=1, TDO=1, nTRST=0, nRESET=0)
[21:30:31.865]        // -> [canReadPins <= 0x00000001]
[21:30:31.865]    </block>
[21:30:31.865]    <control if="" while="1" timeout="200" info="">
[21:30:31.865]      // while "1"  (timeout="200")
[21:30:31.865]      // while-condition  =>  TRUE
[21:30:31.865]      // while "1"  (timeout="200")
[21:30:31.865]      // while-condition  =>  TRUE
[21:30:31.865]      // while "1"  (timeout="200")
[21:30:31.865]      // while-condition  =>  TRUE
[21:30:31.865]      // while "1"  (timeout="200")
[21:30:31.865]      // while-condition  =>  TRUE
[21:30:31.865]      // while "1"  (timeout="200")
[21:30:31.865]      // while-condition  =>  TRUE
[21:30:31.865]      // while "1"  (timeout="200")
[21:30:31.865]      // while-condition  =>  TRUE
[21:30:31.865]      // while "1"  (timeout="200")
[21:30:31.865]      // while-condition  =>  TRUE
[21:30:31.865]      // while "1"  (timeout="200")
[21:30:31.865]      // while-condition  =>  TRUE
[21:30:31.865]      // while "1"  (timeout="200")
[21:30:31.865]      // while-condition  =>  TRUE
[21:30:31.865]      // while "1"  (timeout="200")
[21:30:31.865]      // while-condition  =>  TRUE
[21:30:31.865]      // while "1"  (timeout="200")
[21:30:31.865]      // while-condition  =>  TRUE
[21:30:31.865]      // while "1"  (timeout="200")
[21:30:31.865]      // while-condition  =>  TRUE
[21:30:31.865]      // while "1"  (timeout="200")
[21:30:31.865]      // while-condition  =>  TRUE
[21:30:31.865]      // while "1"  (timeout="200")
[21:30:31.865]      // while-condition  =>  TRUE
[21:30:31.865]      // while "1"  (timeout="200")
[21:30:31.865]      // while-condition  =>  TRUE
[21:30:31.865]      // while "1"  (timeout="200")
[21:30:31.865]      // while-condition  =>  TRUE
[21:30:31.865]      // while "1"  (timeout="200")
[21:30:31.865]      // while-condition  =>  TRUE
[21:30:31.865]      // while "1"  (timeout="200")
[21:30:31.867]      // while-condition  =>  TRUE
[21:30:31.867]      // while "1"  (timeout="200")
[21:30:31.867]      // while-condition  =>  TRUE
[21:30:31.867]      // while "1"  (timeout="200")
[21:30:31.867]      // while-condition  =>  TRUE
[21:30:31.867]      // while "1"  (timeout="200")
[21:30:31.868]      // while-condition  =>  TRUE
[21:30:31.868]      // while "1"  (timeout="200")
[21:30:31.868]      // while-condition  =>  TRUE
[21:30:31.868]      // while "1"  (timeout="200")
[21:30:31.868]      // while-condition  =>  TRUE
[21:30:31.868]      // while "1"  (timeout="200")
[21:30:31.868]      // while-condition  =>  TRUE
[21:30:31.868]      // while "1"  (timeout="200")
[21:30:31.868]      // while-condition  =>  TRUE
[21:30:31.868]      // while "1"  (timeout="200")
[21:30:31.868]      // while-condition  =>  TRUE
[21:30:31.868]      // while "1"  (timeout="200")
[21:30:31.868]      // while-condition  =>  TRUE
[21:30:31.868]      // while "1"  (timeout="200")
[21:30:31.868]      // while-condition  =>  TRUE
[21:30:31.868]      // while "1"  (timeout="200")
[21:30:31.868]      // while-condition  =>  TRUE
[21:30:31.868]      // while "1"  (timeout="200")
[21:30:31.868]      // while-condition  =>  TRUE
[21:30:31.868]      // while "1"  (timeout="200")
[21:30:31.868]      // while-condition  =>  TRUE
[21:30:31.868]      // while "1"  (timeout="200")
[21:30:31.868]      // while-condition  =>  TRUE
[21:30:31.868]      // while "1"  (timeout="200")
[21:30:31.868]      // while-condition  =>  TRUE
[21:30:31.868]      // while "1"  (timeout="200")
[21:30:31.868]      // while-condition  =>  TRUE
[21:30:31.868]      // while "1"  (timeout="200")
[21:30:31.868]      // while-condition  =>  TRUE
[21:30:31.868]      // while "1"  (timeout="200")
[21:30:31.868]      // while-condition  =>  TRUE
[21:30:31.868]      // while "1"  (timeout="200")
[21:30:31.868]      // while-condition  =>  TRUE
[21:30:31.868]      // while "1"  (timeout="200")
[21:30:31.868]      // while-condition  =>  TRUE
[21:30:31.868]      // while "1"  (timeout="200")
[21:30:31.868]      // while-condition  =>  TRUE
[21:30:31.868]      // while "1"  (timeout="200")
[21:30:31.868]      // while-condition  =>  TRUE
[21:30:31.868]      // while "1"  (timeout="200")
[21:30:31.868]      // while-condition  =>  TRUE
[21:30:31.868]      // while "1"  (timeout="200")
[21:30:31.868]      // while-condition  =>  TRUE
[21:30:31.868]      // while "1"  (timeout="200")
[21:30:31.868]      // while-condition  =>  TRUE
[21:30:31.868]      // while "1"  (timeout="200")
[21:30:31.868]      // while-condition  =>  TRUE
[21:30:31.868]      // while "1"  (timeout="200")
[21:30:31.868]      // while-condition  =>  TRUE
[21:30:31.868]      // while "1"  (timeout="200")
[21:30:31.868]      // while-condition  =>  TRUE
[21:30:31.868]      // while "1"  (timeout="200")
[21:30:31.868]      // while-condition  =>  TRUE
[21:30:31.868]      // while "1"  (timeout="200")
[21:30:31.868]      // while-condition  =>  TRUE
[21:30:31.868]      // while "1"  (timeout="200")
[21:30:31.868]      // while-condition  =>  TRUE
[21:30:31.868]      // while "1"  (timeout="200")
[21:30:31.868]      // while-condition  =>  TRUE
[21:30:31.868]      // while "1"  (timeout="200")
[21:30:31.868]      // while-condition  =>  TRUE
[21:30:31.868]      // while "1"  (timeout="200")
[21:30:31.868]      // while-condition  =>  TRUE
[21:30:31.868]      // while "1"  (timeout="200")
[21:30:31.868]      // while-condition  =>  TRUE
[21:30:31.868]      // while "1"  (timeout="200")
[21:30:31.868]      // while-condition  =>  TRUE
[21:30:31.868]      // while "1"  (timeout="200")
[21:30:31.868]      // while-condition  =>  TRUE
[21:30:31.868]      // while "1"  (timeout="200")
[21:30:31.868]      // while-condition  =>  TRUE
[21:30:31.868]      // while "1"  (timeout="200")
[21:30:31.868]      // while-condition  =>  TRUE
[21:30:31.868]      // while "1"  (timeout="200")
[21:30:31.868]      // while-condition  =>  TRUE
[21:30:31.868]      // while "1"  (timeout="200")
[21:30:31.868]      // while-condition  =>  TRUE
[21:30:31.868]      // while "1"  (timeout="200")
[21:30:31.868]      // while-condition  =>  TRUE
[21:30:31.868]      // while "1"  (timeout="200")
[21:30:31.868]      // while-condition  =>  TRUE
[21:30:31.868]      // while "1"  (timeout="200")
[21:30:31.868]      // while-condition  =>  TRUE
[21:30:31.868]      // while "1"  (timeout="200")
[21:30:31.868]      // while-condition  =>  TRUE
[21:30:31.868]      // while "1"  (timeout="200")
[21:30:31.868]      // while-condition  =>  TRUE
[21:30:31.868]      // while "1"  (timeout="200")
[21:30:31.868]      // while-condition  =>  TRUE
[21:30:31.868]      // while "1"  (timeout="200")
[21:30:31.868]      // while-condition  =>  TRUE
[21:30:31.868]      // while "1"  (timeout="200")
[21:30:31.868]      // while-condition  =>  TRUE
[21:30:31.868]      // while "1"  (timeout="200")
[21:30:31.868]      // while-condition  =>  TRUE
[21:30:31.868]      // while "1"  (timeout="200")
[21:30:31.868]      // while-condition  =>  TRUE
[21:30:31.868]      // while "1"  (timeout="200")
[21:30:31.868]      // while-condition  =>  TRUE
[21:30:31.868]      // while "1"  (timeout="200")
[21:30:31.868]      // while-condition  =>  TRUE
[21:30:31.868]      // while "1"  (timeout="200")
[21:30:31.868]      // while-condition  =>  TRUE
[21:30:31.868]      // while "1"  (timeout="200")
[21:30:31.868]      // while-condition  =>  TRUE
[21:30:31.868]      // while "1"  (timeout="200")
[21:30:31.868]      // while-condition  =>  TRUE
[21:30:31.868]      // while "1"  (timeout="200")
[21:30:31.868]      // while-condition  =>  TRUE
[21:30:31.868]      // while "1"  (timeout="200")
[21:30:31.868]      // while-condition  =>  TRUE
[21:30:31.868]      // while "1"  (timeout="200")
[21:30:31.868]      // while-condition  =>  TRUE
[21:30:31.868]      // while "1"  (timeout="200")
[21:30:31.868]      // while-condition  =>  TRUE
[21:30:31.868]      // while "1"  (timeout="200")
[21:30:31.868]      // while-condition  =>  TRUE
[21:30:31.868]      // while "1"  (timeout="200")
[21:30:31.868]      // while-condition  =>  TRUE
[21:30:31.868]      // while "1"  (timeout="200")
[21:30:31.868]      // while-condition  =>  TRUE
[21:30:31.868]      // while "1"  (timeout="200")
[21:30:31.868]      // while-condition  =>  TRUE
[21:30:31.868]      // while "1"  (timeout="200")
[21:30:31.868]      // while-condition  =>  TRUE
[21:30:31.868]      // while "1"  (timeout="200")
[21:30:31.868]      // while-condition  =>  TRUE
[21:30:31.868]      // while "1"  (timeout="200")
[21:30:31.868]      // while-condition  =>  TRUE
[21:30:31.868]      // while "1"  (timeout="200")
[21:30:31.868]      // while-condition  =>  TRUE
[21:30:31.868]      // while "1"  (timeout="200")
[21:30:31.868]      // while-condition  =>  TRUE
[21:30:31.868]      // while "1"  (timeout="200")
[21:30:31.868]      // while-condition  =>  TRUE
[21:30:31.868]      // while "1"  (timeout="200")
[21:30:31.868]      // while-condition  =>  TRUE
[21:30:31.868]      // while "1"  (timeout="200")
[21:30:31.868]      // while-condition  =>  TRUE
[21:30:31.868]      // while "1"  (timeout="200")
[21:30:31.868]      // while-condition  =>  TRUE
[21:30:31.868]      // while "1"  (timeout="200")
[21:30:31.868]      // while-condition  =>  TRUE
[21:30:31.868]      // while "1"  (timeout="200")
[21:30:31.868]      // while-condition  =>  TRUE
[21:30:31.868]      // while "1"  (timeout="200")
[21:30:31.868]      // while-condition  =>  TRUE
[21:30:31.868]      // while "1"  (timeout="200")
[21:30:31.868]      // while-condition  =>  TRUE
[21:30:31.868]      // while "1"  (timeout="200")
[21:30:31.868]      // while-condition  =>  TRUE
[21:30:31.868]      // while "1"  (timeout="200")
[21:30:31.868]      // while-condition  =>  TRUE
[21:30:31.868]      // while "1"  (timeout="200")
[21:30:31.868]      // while-condition  =>  TRUE
[21:30:31.868]      // while "1"  (timeout="200")
[21:30:31.868]      // while-condition  =>  TRUE
[21:30:31.868]      // while "1"  (timeout="200")
[21:30:31.868]      // while-condition  =>  TRUE
[21:30:31.868]      // while "1"  (timeout="200")
[21:30:31.868]      // while-condition  =>  TRUE
[21:30:31.868]      // while "1"  (timeout="200")
[21:30:31.868]      // while-condition  =>  TRUE
[21:30:31.868]      // while "1"  (timeout="200")
[21:30:31.868]      // while-condition  =>  TRUE
[21:30:31.868]      // while "1"  (timeout="200")
[21:30:31.868]      // while-condition  =>  TRUE
[21:30:31.868]      // while "1"  (timeout="200")
[21:30:31.868]      // while-condition  =>  TRUE
[21:30:31.868]      // while "1"  (timeout="200")
[21:30:31.868]      // while-condition  =>  TRUE
[21:30:31.868]      // while "1"  (timeout="200")
[21:30:31.868]      // while-condition  =>  TRUE
[21:30:31.868]      // while "1"  (timeout="200")
[21:30:31.868]      // while-condition  =>  TRUE
[21:30:31.868]      // while "1"  (timeout="200")
[21:30:31.868]      // while-condition  =>  TRUE
[21:30:31.868]      // while "1"  (timeout="200")
[21:30:31.868]      // while-condition  =>  TRUE
[21:30:31.877]      // while "1"  (timeout="200")
[21:30:31.877]      // while  =>  TIMEOUT
[21:30:31.877]      // end while "1"
[21:30:31.877]    </control>
[21:30:31.877]    <control if="canReadPins" while="" timeout="0" info="">
[21:30:31.877]      // if-block "canReadPins"
[21:30:31.877]        // =>  TRUE
[21:30:31.877]      <control if="" while="(DAP_SWJ_Pins(nReset, nReset, 0) & nReset) == 0" timeout="1000000" info="">
[21:30:31.877]        // while "(DAP_SWJ_Pins(nReset, nReset, 0) & nReset) == 0"  (timeout="1000000")
[21:30:31.879]          // -> [DAP_SWJ_Pins(0x80, 0x80, 0) => 0x8F]   (Out: nRESET=1  =>  In: SWCLK/TCK=1, SWDIO/TMS=1, TDI=1, TDO=1, nTRST=0, nRESET=1)
[21:30:31.879]        // while-condition  =>  FALSE
[21:30:31.879]        // end while "(DAP_SWJ_Pins(nReset, nReset, 0) & nReset) == 0"
[21:30:31.879]      </control>
[21:30:31.879]      // end if-block "canReadPins"
[21:30:31.879]    </control>
[21:30:31.879]    <control if="!canReadPins" while="" timeout="0" info="">
[21:30:31.879]      // if-block "!canReadPins"
[21:30:31.879]        // =>  FALSE
[21:30:31.879]      // skip if-block "!canReadPins"
[21:30:31.879]    </control>
[21:30:31.879]    <control if="(ACCESS_POINT_VAL & 0x00E00000) == 0" while="" timeout="0" info="">
[21:30:31.879]      // if-block "(ACCESS_POINT_VAL & 0x00E00000) == 0"
[21:30:31.879]        // =>  TRUE
[21:30:31.879]      <block atomic="false" info="">
[21:30:31.879]        WriteAP(0x00, 0x190008);
[21:30:31.879]          // -> [WriteAP(0x00000000, 0x00190008)]   (__dp=0x00000000, __ap=0x00000004)
[21:30:31.879]        WriteAP(0xF0, 0x01);
[21:30:31.879]          // -> [WriteAP(0x000000F0, 0x00000001)]   (__dp=0x00000000, __ap=0x00000004)
[21:30:31.879]      </block>
[21:30:31.879]      // end if-block "(ACCESS_POINT_VAL & 0x00E00000) == 0"
[21:30:31.879]    </control>
[21:30:31.879]    <control if="(ACCESS_POINT_VAL & 0x00E00000) != 0" while="" timeout="0" info="">
[21:30:31.879]      // if-block "(ACCESS_POINT_VAL & 0x00E00000) != 0"
[21:30:31.879]        // =>  FALSE
[21:30:31.879]      // skip if-block "(ACCESS_POINT_VAL & 0x00E00000) != 0"
[21:30:31.879]    </control>
[21:30:31.879]    <block atomic="false" info="">
[21:30:31.887]      ACCESS_POINT_VAL = ReadAP(0x00);//Reading current state of access point
[21:30:31.889]        // -> [ReadAP(0x00000000) => 0x0079002F]   (__dp=0x00000000, __ap=0x00000004)
[21:30:31.889]        // -> [ACCESS_POINT_VAL <= 0x0079002F]
[21:30:31.889]      Message(0, "Current state of access point is: %x",ACCESS_POINT_VAL);
[21:30:31.889]      __ap = 0; //lets make sure we reset the access point selection
[21:30:31.889]        // -> [__ap <= 0x00000000]
[21:30:31.889]    </block>
[21:30:31.889]  </sequence>
[21:30:31.889]  
[21:30:31.908]  **********  Sequence "DebugDeviceUnlock"  (Context="Connect", Pname="", info="")
[21:30:31.908]  
[21:30:31.908]  <debugvars>
[21:30:31.908]    // Pre-defined
[21:30:31.908]    __protocol=0x00010002      (Protocol="SWD", SWJ-DP="True")
[21:30:31.908]    __connection=0x00000202    (Connection Type="Flash", Reset Type="System Reset")
[21:30:31.908]    __dp=0x00000000
[21:30:31.908]    __ap=0x00000000
[21:30:31.908]    __traceout=0x00000000      (Trace Disabled)
[21:30:31.908]    __errorcontrol=0x00000000  (Skip Errors="False")
[21:30:31.908]    __FlashAddr=0x00000000
[21:30:31.908]    __FlashLen=0x00000000
[21:30:31.908]    __FlashArg=0x00000000
[21:30:31.908]    __FlashOp=0x00000000
[21:30:31.908]    __Result=0x00000000
[21:30:31.908]  </debugvars>
[21:30:31.908]  
[21:30:31.908]  <sequence name="DebugDeviceUnlock" Pname="" disable="false" info="">
[21:30:31.908]    <block atomic="false" info="">
[21:30:31.908]      __var deviceID = 0;
[21:30:31.908]        // -> [deviceID <= 0x00000000]
[21:30:31.908]      __var version = 0;
[21:30:31.908]        // -> [version <= 0x00000000]
[21:30:31.908]      __var partNum = 0;
[21:30:31.908]        // -> [partNum <= 0x00000000]
[21:30:31.908]      __var manuf = 0;
[21:30:31.908]        // -> [manuf <= 0x00000000]
[21:30:31.908]      __var isMSPM0G1X0X_G3X0X = 0;
[21:30:31.908]        // -> [isMSPM0G1X0X_G3X0X <= 0x00000000]
[21:30:31.908]      __var isProduction = 0;
[21:30:31.908]        // -> [isProduction <= 0x00000000]
[21:30:31.908]      __var continueId = 0;
[21:30:31.908]        // -> [continueId <= 0x00000000]
[21:30:31.908]      deviceID =   Read32(0x41C40004);
[21:30:31.918]        // -> [Read32(0x41C40004) => 0x2BB8802F]   (__dp=0x00000000, __ap=0x00000000)
[21:30:31.918]        // -> [deviceID <= 0x2BB8802F]
[21:30:31.918]      version = deviceID >> 28;
[21:30:31.918]        // -> [version <= 0x00000002]
[21:30:31.918]      partNum = (deviceID & 0x0FFFF000) >> 12;
[21:30:31.918]        // -> [partNum <= 0x0000BB88]
[21:30:31.918]      manuf = (deviceID & 0x00000FFE) >> 1;
[21:30:31.918]        // -> [manuf <= 0x00000017]
[21:30:31.918]      isMSPM0G1X0X_G3X0X = (partNum == 0xBB88) && (manuf == 0x17);
[21:30:31.918]        // -> [isMSPM0G1X0X_G3X0X <= 0x00000001]
[21:30:31.918]      isProduction = (version > 0);
[21:30:31.918]        // -> [isProduction <= 0x00000001]
[21:30:31.918]    </block>
[21:30:31.918]    <control if="!isMSPM0G1X0X_G3X0X" while="" timeout="0" info="">
[21:30:31.918]      // if-block "!isMSPM0G1X0X_G3X0X"
[21:30:31.918]        // =>  FALSE
[21:30:31.918]      // skip if-block "!isMSPM0G1X0X_G3X0X"
[21:30:31.918]    </control>
[21:30:31.918]    <control if="continueId == 4" while="" timeout="0" info="">
[21:30:31.918]      // if-block "continueId == 4"
[21:30:31.918]        // =>  FALSE
[21:30:31.918]      // skip if-block "continueId == 4"
[21:30:31.918]    </control>
[21:30:31.918]    <control if="!isProduction" while="" timeout="0" info="">
[21:30:31.918]      // if-block "!isProduction"
[21:30:31.918]        // =>  FALSE
[21:30:31.918]      // skip if-block "!isProduction"
[21:30:31.927]    </control>
[21:30:31.927]  </sequence>
[21:30:31.927]  
[21:44:06.387]  **********  Sequence "DebugPortSetup"  (Context="Connect", Pname="", info="")
[21:44:06.387]  
[21:44:06.387]  <debugvars>
[21:44:06.387]    // Pre-defined
[21:44:06.387]    __protocol=0x00010002      (Protocol="SWD", SWJ-DP="True")
[21:44:06.387]    __connection=0x00000202    (Connection Type="Flash", Reset Type="System Reset")
[21:44:06.387]    __dp=0x00000000
[21:44:06.387]    __ap=0x00000000
[21:44:06.387]    __traceout=0x00000000      (Trace Disabled)
[21:44:06.387]    __errorcontrol=0x00000000  (Skip Errors="False")
[21:44:06.387]    __FlashAddr=0x00000000
[21:44:06.387]    __FlashLen=0x00000000
[21:44:06.387]    __FlashArg=0x00000000
[21:44:06.387]    __FlashOp=0x00000000
[21:44:06.387]    __Result=0x00000000
[21:44:06.387]  </debugvars>
[21:44:06.387]  
[21:44:06.387]  <sequence name="DebugPortSetup" Pname="" disable="false" info="">
[21:44:06.387]    <block atomic="false" info="">
[21:44:06.387]      __var isSWJ      = ((__protocol & 0x00010000) != 0);
[21:44:06.387]        // -> [isSWJ <= 0x00000001]
[21:44:06.387]      __var hasDormant = __protocol & 0x00020000;
[21:44:06.387]        // -> [hasDormant <= 0x00000000]
[21:44:06.387]      __var protType   = __protocol & 0x0000FFFF;
[21:44:06.387]        // -> [protType <= 0x00000002]
[21:44:06.387]    </block>
[21:44:06.387]    <control if="protType == 1" while="" timeout="0" info="">
[21:44:06.387]      // if-block "protType == 1"
[21:44:06.387]        // =>  FALSE
[21:44:06.387]      // skip if-block "protType == 1"
[21:44:06.387]    </control>
[21:44:06.387]    <control if="protType == 2" while="" timeout="0" info="">
[21:44:06.387]      // if-block "protType == 2"
[21:44:06.387]        // =>  TRUE
[21:44:06.387]      <control if="isSWJ" while="" timeout="0" info="">
[21:44:06.387]        // if-block "isSWJ"
[21:44:06.387]          // =>  TRUE
[21:44:06.387]        <control if="hasDormant" while="" timeout="0" info="">
[21:44:06.387]          // if-block "hasDormant"
[21:44:06.387]            // =>  FALSE
[21:44:06.387]          // skip if-block "hasDormant"
[21:44:06.387]        </control>
[21:44:06.387]        <control if="!hasDormant" while="" timeout="0" info="">
[21:44:06.387]          // if-block "!hasDormant"
[21:44:06.387]            // =>  TRUE
[21:44:06.387]          <block atomic="false" info="">
[21:44:06.387]            DAP_SWJ_Sequence(51, 0x0007FFFFFFFFFFFF); //lets put the JTAG line in a reset state
[21:44:06.387]              // -> [DAP_SWJ_Sequence(51, 0x0007FFFFFFFFFFFF)]
[21:44:06.387]            DAP_SWJ_Sequence(16,0xE73C); //SWD to JTAG, this is to ensure the state machine is initialized
[21:44:06.398]              // -> [DAP_SWJ_Sequence(16, 0x000000000000E73C)]
[21:44:06.398]            DAP_SWJ_Sequence(51, 0x0007FFFFFFFFFFFF); //Put it back in reset
[21:44:06.398]              // -> [DAP_SWJ_Sequence(51, 0x0007FFFFFFFFFFFF)]
[21:44:06.398]            DAP_SWJ_Sequence(16, 0xE79E); //JTAG to SWD switch
[21:44:06.398]              // -> [DAP_SWJ_Sequence(16, 0x000000000000E79E)]
[21:44:06.398]            DAP_SWJ_Sequence(51, 0x0007FFFFFFFFFFFF);  //Ensure the switch is successful 
[21:44:06.398]              // -> [DAP_SWJ_Sequence(51, 0x0007FFFFFFFFFFFF)]
[21:44:06.398]            DAP_SWJ_Sequence(7,  0x00); //Give the line some time to initialize
[21:44:06.408]              // -> [DAP_SWJ_Sequence(7, 0x0000000000000000)]
[21:44:06.408]          </block>
[21:44:06.408]          // end if-block "!hasDormant"
[21:44:06.408]        </control>
[21:44:06.408]        // end if-block "isSWJ"
[21:44:06.408]      </control>
[21:44:06.408]      <control if="!isSWJ" while="" timeout="0" info="">
[21:44:06.408]        // if-block "!isSWJ"
[21:44:06.408]          // =>  FALSE
[21:44:06.408]        // skip if-block "!isSWJ"
[21:44:06.408]      </control>
[21:44:06.408]      <block atomic="false" info="">
[21:44:06.408]        ReadDP(0x0);
[21:44:06.408]          // -> [ReadDP(0x00000000) => 0x6BA02477]   (__dp=0x00000000)
[21:44:06.408]      </block>
[21:44:06.408]      // end if-block "protType == 2"
[21:44:06.408]    </control>
[21:44:06.408]  </sequence>
[21:44:06.408]  
[21:44:06.408]  **********  Sequence "DebugPortStart"  (Context="Connect", Pname="", info="")
[21:44:06.408]  
[21:44:06.418]  <debugvars>
[21:44:06.418]    // Pre-defined
[21:44:06.418]    __protocol=0x00010002      (Protocol="SWD", SWJ-DP="True")
[21:44:06.418]    __connection=0x00000202    (Connection Type="Flash", Reset Type="System Reset")
[21:44:06.418]    __dp=0x00000000
[21:44:06.418]    __ap=0x00000000
[21:44:06.418]    __traceout=0x00000000      (Trace Disabled)
[21:44:06.418]    __errorcontrol=0x00000000  (Skip Errors="False")
[21:44:06.418]    __FlashAddr=0x00000000
[21:44:06.418]    __FlashLen=0x00000000
[21:44:06.418]    __FlashArg=0x00000000
[21:44:06.418]    __FlashOp=0x00000000
[21:44:06.418]    __Result=0x00000000
[21:44:06.418]  </debugvars>
[21:44:06.418]  
[21:44:06.418]  <sequence name="DebugPortStart" Pname="" disable="false" info="">
[21:44:06.418]    <block atomic="false" info="">
[21:44:06.418]      __var SW_DP_ABORT       = 0x0;
[21:44:06.418]        // -> [SW_DP_ABORT <= 0x00000000]
[21:44:06.418]      __var DP_CTRL_STAT      = 0x4;
[21:44:06.418]        // -> [DP_CTRL_STAT <= 0x00000004]
[21:44:06.418]      __var DP_SELECT         = 0x8;
[21:44:06.418]        // -> [DP_SELECT <= 0x00000008]
[21:44:06.418]      __var powered_down      = 0;
[21:44:06.418]        // -> [powered_down <= 0x00000000]
[21:44:06.418]      WriteDP(DP_SELECT, 0x00000000);
[21:44:06.418]        // -> [WriteDP(0x00000008, 0x00000000)]   (__dp=0x00000000)
[21:44:06.418]      powered_down = ((ReadDP(DP_CTRL_STAT) & 0xA0000000) != 0xA0000000);
[21:44:06.418]        // -> [ReadDP(0x00000004) => 0x00000040]   (__dp=0x00000000)
[21:44:06.418]        // -> [powered_down <= 0x00000001]
[21:44:06.418]    </block>
[21:44:06.418]    <control if="powered_down" while="" timeout="0" info="">
[21:44:06.418]      // if-block "powered_down"
[21:44:06.418]        // =>  TRUE
[21:44:06.418]      <block atomic="false" info="">
[21:44:06.418]        Message(0, "Debug/System power-up request sent");
[21:44:06.418]        WriteDP(DP_CTRL_STAT, 0x50000000);
[21:44:06.418]          // -> [WriteDP(0x00000004, 0x50000000)]   (__dp=0x00000000)
[21:44:06.418]      </block>
[21:44:06.418]      <control if="" while="(ReadDP(DP_CTRL_STAT) & 0xA0000000) != 0xA0000000" timeout="1000000" info="">
[21:44:06.418]        // while "(ReadDP(DP_CTRL_STAT) & 0xA0000000) != 0xA0000000"  (timeout="1000000")
[21:44:06.428]          // -> [ReadDP(0x00000004) => 0xF0000040]   (__dp=0x00000000)
[21:44:06.428]        // while-condition  =>  FALSE
[21:44:06.428]        // end while "(ReadDP(DP_CTRL_STAT) & 0xA0000000) != 0xA0000000"
[21:44:06.428]      </control>
[21:44:06.428]      <control if="(__protocol & 0xFFFF) == 1" while="" timeout="0" info="">
[21:44:06.428]        // if-block "(__protocol & 0xFFFF) == 1"
[21:44:06.428]          // =>  FALSE
[21:44:06.428]        // skip if-block "(__protocol & 0xFFFF) == 1"
[21:44:06.428]      </control>
[21:44:06.428]      <control if="(__protocol & 0xFFFF) == 2" while="" timeout="0" info="">
[21:44:06.428]        // if-block "(__protocol & 0xFFFF) == 2"
[21:44:06.428]          // =>  TRUE
[21:44:06.428]        <block atomic="false" info="">
[21:44:06.428]          Message(0, "executing SWD power up");
[21:44:06.428]          WriteDP(DP_CTRL_STAT, 0x50000F00);
[21:44:06.428]            // -> [WriteDP(0x00000004, 0x50000F00)]   (__dp=0x00000000)
[21:44:06.428]          WriteDP(SW_DP_ABORT, 0x0000001E);
[21:44:06.428]            // -> [WriteDP(0x00000000, 0x0000001E)]   (__dp=0x00000000)
[21:44:06.428]        </block>
[21:44:06.428]        // end if-block "(__protocol & 0xFFFF) == 2"
[21:44:06.428]      </control>
[21:44:06.428]      // end if-block "powered_down"
[21:44:06.428]    </control>
[21:44:06.428]    <block atomic="false" info="">
[21:44:06.428]      __var DEBUG_PORT_VAL    = 0;
[21:44:06.428]        // -> [DEBUG_PORT_VAL <= 0x00000000]
[21:44:06.428]      __var ACCESS_POINT_VAL  = 0;
[21:44:06.428]        // -> [ACCESS_POINT_VAL <= 0x00000000]
[21:44:06.428]      __ap = 1; 
[21:44:06.428]        // -> [__ap <= 0x00000001]
[21:44:06.428]      WriteAP(0x0C, 0x04); //lets use the mini pwr-ap as backup
[21:44:06.438]        // -> [WriteAP(0x0000000C, 0x00000004)]   (__dp=0x00000000, __ap=0x00000001)
[21:44:06.438]      __ap = 4;
[21:44:06.438]        // -> [__ap <= 0x00000004]
[21:44:06.438]      ACCESS_POINT_VAL = ReadAP(0x00);//Reading current state of access point
[21:44:06.438]        // -> [ReadAP(0x00000000) => 0x00080027]   (__dp=0x00000000, __ap=0x00000004)
[21:44:06.438]        // -> [ACCESS_POINT_VAL <= 0x00080027]
[21:44:06.438]      Message(0, "Current state of access point is: %x",ACCESS_POINT_VAL);
[21:44:06.438]    </block>
[21:44:06.438]    <block atomic="false" info="">
[21:44:06.438]      __var nReset = 0x80;
[21:44:06.438]        // -> [nReset <= 0x00000080]
[21:44:06.438]      __var canReadPins = 0;
[21:44:06.438]        // -> [canReadPins <= 0x00000000]
[21:44:06.438]      canReadPins = (DAP_SWJ_Pins(0x00, nReset, 0) != 0xFFFFFFFF);
[21:44:06.448]        // -> [DAP_SWJ_Pins(0x00, 0x80, 0) => 0x0F]   (Out: nRESET=0  =>  In: SWCLK/TCK=1, SWDIO/TMS=1, TDI=1, TDO=1, nTRST=0, nRESET=0)
[21:44:06.448]        // -> [canReadPins <= 0x00000001]
[21:44:06.448]    </block>
[21:44:06.448]    <control if="" while="1" timeout="200" info="">
[21:44:06.448]      // while "1"  (timeout="200")
[21:44:06.448]      // while-condition  =>  TRUE
[21:44:06.448]      // while "1"  (timeout="200")
[21:44:06.448]      // while-condition  =>  TRUE
[21:44:06.448]      // while "1"  (timeout="200")
[21:44:06.448]      // while-condition  =>  TRUE
[21:44:06.448]      // while "1"  (timeout="200")
[21:44:06.448]      // while-condition  =>  TRUE
[21:44:06.448]      // while "1"  (timeout="200")
[21:44:06.448]      // while-condition  =>  TRUE
[21:44:06.448]      // while "1"  (timeout="200")
[21:44:06.448]      // while-condition  =>  TRUE
[21:44:06.448]      // while "1"  (timeout="200")
[21:44:06.448]      // while-condition  =>  TRUE
[21:44:06.448]      // while "1"  (timeout="200")
[21:44:06.448]      // while-condition  =>  TRUE
[21:44:06.448]      // while "1"  (timeout="200")
[21:44:06.448]      // while-condition  =>  TRUE
[21:44:06.448]      // while "1"  (timeout="200")
[21:44:06.448]      // while-condition  =>  TRUE
[21:44:06.448]      // while "1"  (timeout="200")
[21:44:06.448]      // while-condition  =>  TRUE
[21:44:06.448]      // while "1"  (timeout="200")
[21:44:06.448]      // while-condition  =>  TRUE
[21:44:06.448]      // while "1"  (timeout="200")
[21:44:06.448]      // while-condition  =>  TRUE
[21:44:06.448]      // while "1"  (timeout="200")
[21:44:06.448]      // while-condition  =>  TRUE
[21:44:06.448]      // while "1"  (timeout="200")
[21:44:06.448]      // while-condition  =>  TRUE
[21:44:06.448]      // while "1"  (timeout="200")
[21:44:06.448]      // while-condition  =>  TRUE
[21:44:06.448]      // while "1"  (timeout="200")
[21:44:06.448]      // while-condition  =>  TRUE
[21:44:06.448]      // while "1"  (timeout="200")
[21:44:06.448]      // while-condition  =>  TRUE
[21:44:06.448]      // while "1"  (timeout="200")
[21:44:06.448]      // while-condition  =>  TRUE
[21:44:06.448]      // while "1"  (timeout="200")
[21:44:06.448]      // while-condition  =>  TRUE
[21:44:06.448]      // while "1"  (timeout="200")
[21:44:06.448]      // while-condition  =>  TRUE
[21:44:06.448]      // while "1"  (timeout="200")
[21:44:06.448]      // while-condition  =>  TRUE
[21:44:06.448]      // while "1"  (timeout="200")
[21:44:06.448]      // while-condition  =>  TRUE
[21:44:06.448]      // while "1"  (timeout="200")
[21:44:06.448]      // while-condition  =>  TRUE
[21:44:06.448]      // while "1"  (timeout="200")
[21:44:06.448]      // while-condition  =>  TRUE
[21:44:06.448]      // while "1"  (timeout="200")
[21:44:06.448]      // while-condition  =>  TRUE
[21:44:06.448]      // while "1"  (timeout="200")
[21:44:06.448]      // while-condition  =>  TRUE
[21:44:06.448]      // while "1"  (timeout="200")
[21:44:06.448]      // while-condition  =>  TRUE
[21:44:06.448]      // while "1"  (timeout="200")
[21:44:06.448]      // while-condition  =>  TRUE
[21:44:06.448]      // while "1"  (timeout="200")
[21:44:06.448]      // while-condition  =>  TRUE
[21:44:06.448]      // while "1"  (timeout="200")
[21:44:06.448]      // while-condition  =>  TRUE
[21:44:06.448]      // while "1"  (timeout="200")
[21:44:06.448]      // while-condition  =>  TRUE
[21:44:06.448]      // while "1"  (timeout="200")
[21:44:06.448]      // while-condition  =>  TRUE
[21:44:06.448]      // while "1"  (timeout="200")
[21:44:06.448]      // while-condition  =>  TRUE
[21:44:06.448]      // while "1"  (timeout="200")
[21:44:06.448]      // while-condition  =>  TRUE
[21:44:06.448]      // while "1"  (timeout="200")
[21:44:06.448]      // while-condition  =>  TRUE
[21:44:06.448]      // while "1"  (timeout="200")
[21:44:06.448]      // while-condition  =>  TRUE
[21:44:06.448]      // while "1"  (timeout="200")
[21:44:06.448]      // while-condition  =>  TRUE
[21:44:06.448]      // while "1"  (timeout="200")
[21:44:06.448]      // while-condition  =>  TRUE
[21:44:06.448]      // while "1"  (timeout="200")
[21:44:06.448]      // while-condition  =>  TRUE
[21:44:06.448]      // while "1"  (timeout="200")
[21:44:06.448]      // while-condition  =>  TRUE
[21:44:06.448]      // while "1"  (timeout="200")
[21:44:06.448]      // while-condition  =>  TRUE
[21:44:06.448]      // while "1"  (timeout="200")
[21:44:06.448]      // while-condition  =>  TRUE
[21:44:06.448]      // while "1"  (timeout="200")
[21:44:06.448]      // while-condition  =>  TRUE
[21:44:06.448]      // while "1"  (timeout="200")
[21:44:06.448]      // while-condition  =>  TRUE
[21:44:06.448]      // while "1"  (timeout="200")
[21:44:06.448]      // while-condition  =>  TRUE
[21:44:06.448]      // while "1"  (timeout="200")
[21:44:06.448]      // while-condition  =>  TRUE
[21:44:06.448]      // while "1"  (timeout="200")
[21:44:06.448]      // while-condition  =>  TRUE
[21:44:06.448]      // while "1"  (timeout="200")
[21:44:06.448]      // while-condition  =>  TRUE
[21:44:06.448]      // while "1"  (timeout="200")
[21:44:06.448]      // while-condition  =>  TRUE
[21:44:06.448]      // while "1"  (timeout="200")
[21:44:06.448]      // while-condition  =>  TRUE
[21:44:06.448]      // while "1"  (timeout="200")
[21:44:06.448]      // while-condition  =>  TRUE
[21:44:06.448]      // while "1"  (timeout="200")
[21:44:06.448]      // while-condition  =>  TRUE
[21:44:06.448]      // while "1"  (timeout="200")
[21:44:06.448]      // while-condition  =>  TRUE
[21:44:06.448]      // while "1"  (timeout="200")
[21:44:06.448]      // while-condition  =>  TRUE
[21:44:06.448]      // while "1"  (timeout="200")
[21:44:06.448]      // while-condition  =>  TRUE
[21:44:06.448]      // while "1"  (timeout="200")
[21:44:06.448]      // while-condition  =>  TRUE
[21:44:06.448]      // while "1"  (timeout="200")
[21:44:06.448]      // while-condition  =>  TRUE
[21:44:06.448]      // while "1"  (timeout="200")
[21:44:06.448]      // while-condition  =>  TRUE
[21:44:06.448]      // while "1"  (timeout="200")
[21:44:06.448]      // while-condition  =>  TRUE
[21:44:06.448]      // while "1"  (timeout="200")
[21:44:06.448]      // while-condition  =>  TRUE
[21:44:06.448]      // while "1"  (timeout="200")
[21:44:06.448]      // while-condition  =>  TRUE
[21:44:06.448]      // while "1"  (timeout="200")
[21:44:06.448]      // while-condition  =>  TRUE
[21:44:06.448]      // while "1"  (timeout="200")
[21:44:06.448]      // while-condition  =>  TRUE
[21:44:06.448]      // while "1"  (timeout="200")
[21:44:06.448]      // while-condition  =>  TRUE
[21:44:06.448]      // while "1"  (timeout="200")
[21:44:06.448]      // while-condition  =>  TRUE
[21:44:06.448]      // while "1"  (timeout="200")
[21:44:06.448]      // while-condition  =>  TRUE
[21:44:06.448]      // while "1"  (timeout="200")
[21:44:06.448]      // while-condition  =>  TRUE
[21:44:06.448]      // while "1"  (timeout="200")
[21:44:06.448]      // while-condition  =>  TRUE
[21:44:06.448]      // while "1"  (timeout="200")
[21:44:06.448]      // while-condition  =>  TRUE
[21:44:06.448]      // while "1"  (timeout="200")
[21:44:06.448]      // while-condition  =>  TRUE
[21:44:06.448]      // while "1"  (timeout="200")
[21:44:06.448]      // while-condition  =>  TRUE
[21:44:06.448]      // while "1"  (timeout="200")
[21:44:06.448]      // while-condition  =>  TRUE
[21:44:06.448]      // while "1"  (timeout="200")
[21:44:06.448]      // while-condition  =>  TRUE
[21:44:06.448]      // while "1"  (timeout="200")
[21:44:06.448]      // while-condition  =>  TRUE
[21:44:06.448]      // while "1"  (timeout="200")
[21:44:06.448]      // while-condition  =>  TRUE
[21:44:06.448]      // while "1"  (timeout="200")
[21:44:06.448]      // while-condition  =>  TRUE
[21:44:06.448]      // while "1"  (timeout="200")
[21:44:06.448]      // while-condition  =>  TRUE
[21:44:06.448]      // while "1"  (timeout="200")
[21:44:06.448]      // while-condition  =>  TRUE
[21:44:06.448]      // while "1"  (timeout="200")
[21:44:06.448]      // while-condition  =>  TRUE
[21:44:06.458]      // while "1"  (timeout="200")
[21:44:06.458]      // while-condition  =>  TRUE
[21:44:06.458]      // while "1"  (timeout="200")
[21:44:06.458]      // while-condition  =>  TRUE
[21:44:06.458]      // while "1"  (timeout="200")
[21:44:06.458]      // while-condition  =>  TRUE
[21:44:06.458]      // while "1"  (timeout="200")
[21:44:06.458]      // while-condition  =>  TRUE
[21:44:06.458]      // while "1"  (timeout="200")
[21:44:06.458]      // while-condition  =>  TRUE
[21:44:06.458]      // while "1"  (timeout="200")
[21:44:06.458]      // while-condition  =>  TRUE
[21:44:06.458]      // while "1"  (timeout="200")
[21:44:06.458]      // while-condition  =>  TRUE
[21:44:06.458]      // while "1"  (timeout="200")
[21:44:06.458]      // while-condition  =>  TRUE
[21:44:06.458]      // while "1"  (timeout="200")
[21:44:06.458]      // while-condition  =>  TRUE
[21:44:06.458]      // while "1"  (timeout="200")
[21:44:06.458]      // while-condition  =>  TRUE
[21:44:06.458]      // while "1"  (timeout="200")
[21:44:06.458]      // while-condition  =>  TRUE
[21:44:06.458]      // while "1"  (timeout="200")
[21:44:06.458]      // while-condition  =>  TRUE
[21:44:06.458]      // while "1"  (timeout="200")
[21:44:06.458]      // while-condition  =>  TRUE
[21:44:06.458]      // while "1"  (timeout="200")
[21:44:06.458]      // while-condition  =>  TRUE
[21:44:06.458]      // while "1"  (timeout="200")
[21:44:06.458]      // while-condition  =>  TRUE
[21:44:06.458]      // while "1"  (timeout="200")
[21:44:06.458]      // while-condition  =>  TRUE
[21:44:06.458]      // while "1"  (timeout="200")
[21:44:06.458]      // while-condition  =>  TRUE
[21:44:06.458]      // while "1"  (timeout="200")
[21:44:06.458]      // while-condition  =>  TRUE
[21:44:06.458]      // while "1"  (timeout="200")
[21:44:06.458]      // while-condition  =>  TRUE
[21:44:06.458]      // while "1"  (timeout="200")
[21:44:06.458]      // while-condition  =>  TRUE
[21:44:06.458]      // while "1"  (timeout="200")
[21:44:06.458]      // while-condition  =>  TRUE
[21:44:06.458]      // while "1"  (timeout="200")
[21:44:06.458]      // while-condition  =>  TRUE
[21:44:06.458]      // while "1"  (timeout="200")
[21:44:06.458]      // while-condition  =>  TRUE
[21:44:06.458]      // while "1"  (timeout="200")
[21:44:06.458]      // while-condition  =>  TRUE
[21:44:06.458]      // while "1"  (timeout="200")
[21:44:06.458]      // while-condition  =>  TRUE
[21:44:06.458]      // while "1"  (timeout="200")
[21:44:06.458]      // while-condition  =>  TRUE
[21:44:06.458]      // while "1"  (timeout="200")
[21:44:06.458]      // while-condition  =>  TRUE
[21:44:06.458]      // while "1"  (timeout="200")
[21:44:06.458]      // while-condition  =>  TRUE
[21:44:06.458]      // while "1"  (timeout="200")
[21:44:06.458]      // while-condition  =>  TRUE
[21:44:06.458]      // while "1"  (timeout="200")
[21:44:06.458]      // while-condition  =>  TRUE
[21:44:06.458]      // while "1"  (timeout="200")
[21:44:06.458]      // while-condition  =>  TRUE
[21:44:06.458]      // while "1"  (timeout="200")
[21:44:06.458]      // while-condition  =>  TRUE
[21:44:06.458]      // while "1"  (timeout="200")
[21:44:06.458]      // while-condition  =>  TRUE
[21:44:06.458]      // while "1"  (timeout="200")
[21:44:06.458]      // while-condition  =>  TRUE
[21:44:06.458]      // while "1"  (timeout="200")
[21:44:06.458]      // while-condition  =>  TRUE
[21:44:06.458]      // while "1"  (timeout="200")
[21:44:06.458]      // while-condition  =>  TRUE
[21:44:06.458]      // while "1"  (timeout="200")
[21:44:06.458]      // while-condition  =>  TRUE
[21:44:06.458]      // while "1"  (timeout="200")
[21:44:06.458]      // while-condition  =>  TRUE
[21:44:06.458]      // while "1"  (timeout="200")
[21:44:06.458]      // while-condition  =>  TRUE
[21:44:06.458]      // while "1"  (timeout="200")
[21:44:06.458]      // while-condition  =>  TRUE
[21:44:06.458]      // while "1"  (timeout="200")
[21:44:06.458]      // while-condition  =>  TRUE
[21:44:06.458]      // while "1"  (timeout="200")
[21:44:06.458]      // while-condition  =>  TRUE
[21:44:06.458]      // while "1"  (timeout="200")
[21:44:06.458]      // while-condition  =>  TRUE
[21:44:06.458]      // while "1"  (timeout="200")
[21:44:06.458]      // while-condition  =>  TRUE
[21:44:06.458]      // while "1"  (timeout="200")
[21:44:06.458]      // while-condition  =>  TRUE
[21:44:06.458]      // while "1"  (timeout="200")
[21:44:06.458]      // while-condition  =>  TRUE
[21:44:06.458]      // while "1"  (timeout="200")
[21:44:06.458]      // while-condition  =>  TRUE
[21:44:06.458]      // while "1"  (timeout="200")
[21:44:06.458]      // while-condition  =>  TRUE
[21:44:06.458]      // while "1"  (timeout="200")
[21:44:06.458]      // while-condition  =>  TRUE
[21:44:06.458]      // while "1"  (timeout="200")
[21:44:06.458]      // while-condition  =>  TRUE
[21:44:06.458]      // while "1"  (timeout="200")
[21:44:06.458]      // while-condition  =>  TRUE
[21:44:06.458]      // while "1"  (timeout="200")
[21:44:06.458]      // while-condition  =>  TRUE
[21:44:06.458]      // while "1"  (timeout="200")
[21:44:06.458]      // while-condition  =>  TRUE
[21:44:06.458]      // while "1"  (timeout="200")
[21:44:06.458]      // while-condition  =>  TRUE
[21:44:06.458]      // while "1"  (timeout="200")
[21:44:06.458]      // while-condition  =>  TRUE
[21:44:06.458]      // while "1"  (timeout="200")
[21:44:06.458]      // while-condition  =>  TRUE
[21:44:06.458]      // while "1"  (timeout="200")
[21:44:06.458]      // while-condition  =>  TRUE
[21:44:06.458]      // while "1"  (timeout="200")
[21:44:06.458]      // while-condition  =>  TRUE
[21:44:06.458]      // while "1"  (timeout="200")
[21:44:06.458]      // while-condition  =>  TRUE
[21:44:06.458]      // while "1"  (timeout="200")
[21:44:06.458]      // while-condition  =>  TRUE
[21:44:06.458]      // while "1"  (timeout="200")
[21:44:06.458]      // while-condition  =>  TRUE
[21:44:06.458]      // while "1"  (timeout="200")
[21:44:06.458]      // while-condition  =>  TRUE
[21:44:06.458]      // while "1"  (timeout="200")
[21:44:06.458]      // while-condition  =>  TRUE
[21:44:06.458]      // while "1"  (timeout="200")
[21:44:06.458]      // while-condition  =>  TRUE
[21:44:06.458]      // while "1"  (timeout="200")
[21:44:06.458]      // while-condition  =>  TRUE
[21:44:06.458]      // while "1"  (timeout="200")
[21:44:06.458]      // while-condition  =>  TRUE
[21:44:06.458]      // while "1"  (timeout="200")
[21:44:06.458]      // while-condition  =>  TRUE
[21:44:06.458]      // while "1"  (timeout="200")
[21:44:06.458]      // while-condition  =>  TRUE
[21:44:06.458]      // while "1"  (timeout="200")
[21:44:06.458]      // while-condition  =>  TRUE
[21:44:06.458]      // while "1"  (timeout="200")
[21:44:06.458]      // while-condition  =>  TRUE
[21:44:06.458]      // while "1"  (timeout="200")
[21:44:06.458]      // while-condition  =>  TRUE
[21:44:06.458]      // while "1"  (timeout="200")
[21:44:06.458]      // while-condition  =>  TRUE
[21:44:06.458]      // while "1"  (timeout="200")
[21:44:06.458]      // while-condition  =>  TRUE
[21:44:06.458]      // while "1"  (timeout="200")
[21:44:06.458]      // while-condition  =>  TRUE
[21:44:06.458]      // while "1"  (timeout="200")
[21:44:06.458]      // while-condition  =>  TRUE
[21:44:06.458]      // while "1"  (timeout="200")
[21:44:06.458]      // while-condition  =>  TRUE
[21:44:06.458]      // while "1"  (timeout="200")
[21:44:06.458]      // while-condition  =>  TRUE
[21:44:06.458]      // while "1"  (timeout="200")
[21:44:06.458]      // while-condition  =>  TRUE
[21:44:06.458]      // while "1"  (timeout="200")
[21:44:06.458]      // while-condition  =>  TRUE
[21:44:06.458]      // while "1"  (timeout="200")
[21:44:06.458]      // while-condition  =>  TRUE
[21:44:06.458]      // while "1"  (timeout="200")
[21:44:06.458]      // while-condition  =>  TRUE
[21:44:06.458]      // while "1"  (timeout="200")
[21:44:06.458]      // while-condition  =>  TRUE
[21:44:06.458]      // while "1"  (timeout="200")
[21:44:06.458]      // while-condition  =>  TRUE
[21:44:06.458]      // while "1"  (timeout="200")
[21:44:06.458]      // while-condition  =>  TRUE
[21:44:06.458]      // while "1"  (timeout="200")
[21:44:06.458]      // while-condition  =>  TRUE
[21:44:06.458]      // while "1"  (timeout="200")
[21:44:06.458]      // while-condition  =>  TRUE
[21:44:06.458]      // while "1"  (timeout="200")
[21:44:06.458]      // while-condition  =>  TRUE
[21:44:06.458]      // while "1"  (timeout="200")
[21:44:06.458]      // while-condition  =>  TRUE
[21:44:06.458]      // while "1"  (timeout="200")
[21:44:06.458]      // while-condition  =>  TRUE
[21:44:06.458]      // while "1"  (timeout="200")
[21:44:06.458]      // while-condition  =>  TRUE
[21:44:06.458]      // while "1"  (timeout="200")
[21:44:06.458]      // while-condition  =>  TRUE
[21:44:06.458]      // while "1"  (timeout="200")
[21:44:06.458]      // while-condition  =>  TRUE
[21:44:06.458]      // while "1"  (timeout="200")
[21:44:06.458]      // while-condition  =>  TRUE
[21:44:06.458]      // while "1"  (timeout="200")
[21:44:06.458]      // while-condition  =>  TRUE
[21:44:06.458]      // while "1"  (timeout="200")
[21:44:06.458]      // while-condition  =>  TRUE
[21:44:06.458]      // while "1"  (timeout="200")
[21:44:06.458]      // while-condition  =>  TRUE
[21:44:06.458]      // while "1"  (timeout="200")
[21:44:06.458]      // while-condition  =>  TRUE
[21:44:06.458]      // while "1"  (timeout="200")
[21:44:06.458]      // while-condition  =>  TRUE
[21:44:06.458]      // while "1"  (timeout="200")
[21:44:06.458]      // while-condition  =>  TRUE
[21:44:06.458]      // while "1"  (timeout="200")
[21:44:06.458]      // while-condition  =>  TRUE
[21:44:06.458]      // while "1"  (timeout="200")
[21:44:06.458]      // while-condition  =>  TRUE
[21:44:06.458]      // while "1"  (timeout="200")
[21:44:06.458]      // while-condition  =>  TRUE
[21:44:06.458]      // while "1"  (timeout="200")
[21:44:06.458]      // while-condition  =>  TRUE
[21:44:06.458]      // while "1"  (timeout="200")
[21:44:06.458]      // while-condition  =>  TRUE
[21:44:06.458]      // while "1"  (timeout="200")
[21:44:06.458]      // while-condition  =>  TRUE
[21:44:06.468]      // while "1"  (timeout="200")
[21:44:06.468]      // while  =>  TIMEOUT
[21:44:06.468]      // end while "1"
[21:44:06.468]    </control>
[21:44:06.468]    <control if="canReadPins" while="" timeout="0" info="">
[21:44:06.468]      // if-block "canReadPins"
[21:44:06.468]        // =>  TRUE
[21:44:06.468]      <control if="" while="(DAP_SWJ_Pins(nReset, nReset, 0) & nReset) == 0" timeout="1000000" info="">
[21:44:06.468]        // while "(DAP_SWJ_Pins(nReset, nReset, 0) & nReset) == 0"  (timeout="1000000")
[21:44:06.468]          // -> [DAP_SWJ_Pins(0x80, 0x80, 0) => 0x8F]   (Out: nRESET=1  =>  In: SWCLK/TCK=1, SWDIO/TMS=1, TDI=1, TDO=1, nTRST=0, nRESET=1)
[21:44:06.468]        // while-condition  =>  FALSE
[21:44:06.468]        // end while "(DAP_SWJ_Pins(nReset, nReset, 0) & nReset) == 0"
[21:44:06.468]      </control>
[21:44:06.468]      // end if-block "canReadPins"
[21:44:06.468]    </control>
[21:44:06.468]    <control if="!canReadPins" while="" timeout="0" info="">
[21:44:06.468]      // if-block "!canReadPins"
[21:44:06.468]        // =>  FALSE
[21:44:06.468]      // skip if-block "!canReadPins"
[21:44:06.468]    </control>
[21:44:06.468]    <control if="(ACCESS_POINT_VAL & 0x00E00000) == 0" while="" timeout="0" info="">
[21:44:06.468]      // if-block "(ACCESS_POINT_VAL & 0x00E00000) == 0"
[21:44:06.468]        // =>  TRUE
[21:44:06.468]      <block atomic="false" info="">
[21:44:06.468]        WriteAP(0x00, 0x190008);
[21:44:06.468]          // -> [WriteAP(0x00000000, 0x00190008)]   (__dp=0x00000000, __ap=0x00000004)
[21:44:06.468]        WriteAP(0xF0, 0x01);
[21:44:06.479]          // -> [WriteAP(0x000000F0, 0x00000001)]   (__dp=0x00000000, __ap=0x00000004)
[21:44:06.479]      </block>
[21:44:06.479]      // end if-block "(ACCESS_POINT_VAL & 0x00E00000) == 0"
[21:44:06.479]    </control>
[21:44:06.479]    <control if="(ACCESS_POINT_VAL & 0x00E00000) != 0" while="" timeout="0" info="">
[21:44:06.479]      // if-block "(ACCESS_POINT_VAL & 0x00E00000) != 0"
[21:44:06.479]        // =>  FALSE
[21:44:06.479]      // skip if-block "(ACCESS_POINT_VAL & 0x00E00000) != 0"
[21:44:06.479]    </control>
[21:44:06.479]    <block atomic="false" info="">
[21:44:06.479]      ACCESS_POINT_VAL = ReadAP(0x00);//Reading current state of access point
[21:44:06.479]        // -> [ReadAP(0x00000000) => 0x0079002F]   (__dp=0x00000000, __ap=0x00000004)
[21:44:06.479]        // -> [ACCESS_POINT_VAL <= 0x0079002F]
[21:44:06.479]      Message(0, "Current state of access point is: %x",ACCESS_POINT_VAL);
[21:44:06.479]      __ap = 0; //lets make sure we reset the access point selection
[21:44:06.479]        // -> [__ap <= 0x00000000]
[21:44:06.479]    </block>
[21:44:06.479]  </sequence>
[21:44:06.479]  
[21:44:06.499]  **********  Sequence "DebugDeviceUnlock"  (Context="Connect", Pname="", info="")
[21:44:06.499]  
[21:44:06.499]  <debugvars>
[21:44:06.499]    // Pre-defined
[21:44:06.499]    __protocol=0x00010002      (Protocol="SWD", SWJ-DP="True")
[21:44:06.499]    __connection=0x00000202    (Connection Type="Flash", Reset Type="System Reset")
[21:44:06.499]    __dp=0x00000000
[21:44:06.499]    __ap=0x00000000
[21:44:06.499]    __traceout=0x00000000      (Trace Disabled)
[21:44:06.499]    __errorcontrol=0x00000000  (Skip Errors="False")
[21:44:06.499]    __FlashAddr=0x00000000
[21:44:06.499]    __FlashLen=0x00000000
[21:44:06.499]    __FlashArg=0x00000000
[21:44:06.499]    __FlashOp=0x00000000
[21:44:06.499]    __Result=0x00000000
[21:44:06.499]  </debugvars>
[21:44:06.499]  
[21:44:06.499]  <sequence name="DebugDeviceUnlock" Pname="" disable="false" info="">
[21:44:06.499]    <block atomic="false" info="">
[21:44:06.499]      __var deviceID = 0;
[21:44:06.499]        // -> [deviceID <= 0x00000000]
[21:44:06.499]      __var version = 0;
[21:44:06.499]        // -> [version <= 0x00000000]
[21:44:06.499]      __var partNum = 0;
[21:44:06.499]        // -> [partNum <= 0x00000000]
[21:44:06.499]      __var manuf = 0;
[21:44:06.499]        // -> [manuf <= 0x00000000]
[21:44:06.499]      __var isMSPM0G1X0X_G3X0X = 0;
[21:44:06.499]        // -> [isMSPM0G1X0X_G3X0X <= 0x00000000]
[21:44:06.499]      __var isProduction = 0;
[21:44:06.499]        // -> [isProduction <= 0x00000000]
[21:44:06.499]      __var continueId = 0;
[21:44:06.499]        // -> [continueId <= 0x00000000]
[21:44:06.499]      deviceID =   Read32(0x41C40004);
[21:44:06.514]        // -> [Read32(0x41C40004) => 0x2BB8802F]   (__dp=0x00000000, __ap=0x00000000)
[21:44:06.514]        // -> [deviceID <= 0x2BB8802F]
[21:44:06.514]      version = deviceID >> 28;
[21:44:06.514]        // -> [version <= 0x00000002]
[21:44:06.514]      partNum = (deviceID & 0x0FFFF000) >> 12;
[21:44:06.514]        // -> [partNum <= 0x0000BB88]
[21:44:06.514]      manuf = (deviceID & 0x00000FFE) >> 1;
[21:44:06.514]        // -> [manuf <= 0x00000017]
[21:44:06.514]      isMSPM0G1X0X_G3X0X = (partNum == 0xBB88) && (manuf == 0x17);
[21:44:06.514]        // -> [isMSPM0G1X0X_G3X0X <= 0x00000001]
[21:44:06.514]      isProduction = (version > 0);
[21:44:06.514]        // -> [isProduction <= 0x00000001]
[21:44:06.514]    </block>
[21:44:06.514]    <control if="!isMSPM0G1X0X_G3X0X" while="" timeout="0" info="">
[21:44:06.514]      // if-block "!isMSPM0G1X0X_G3X0X"
[21:44:06.514]        // =>  FALSE
[21:44:06.514]      // skip if-block "!isMSPM0G1X0X_G3X0X"
[21:44:06.514]    </control>
[21:44:06.514]    <control if="continueId == 4" while="" timeout="0" info="">
[21:44:06.514]      // if-block "continueId == 4"
[21:44:06.514]        // =>  FALSE
[21:44:06.514]      // skip if-block "continueId == 4"
[21:44:06.514]    </control>
[21:44:06.514]    <control if="!isProduction" while="" timeout="0" info="">
[21:44:06.514]      // if-block "!isProduction"
[21:44:06.514]        // =>  FALSE
[21:44:06.514]      // skip if-block "!isProduction"
[21:44:06.514]    </control>
[21:44:06.514]  </sequence>
[21:44:06.514]  
[21:51:10.012]  **********  Sequence "DebugPortSetup"  (Context="Connect", Pname="", info="")
[21:51:10.012]  
[21:51:10.012]  <debugvars>
[21:51:10.012]    // Pre-defined
[21:51:10.012]    __protocol=0x00010002      (Protocol="SWD", SWJ-DP="True")
[21:51:10.012]    __connection=0x00000202    (Connection Type="Flash", Reset Type="System Reset")
[21:51:10.012]    __dp=0x00000000
[21:51:10.012]    __ap=0x00000000
[21:51:10.012]    __traceout=0x00000000      (Trace Disabled)
[21:51:10.012]    __errorcontrol=0x00000000  (Skip Errors="False")
[21:51:10.012]    __FlashAddr=0x00000000
[21:51:10.012]    __FlashLen=0x00000000
[21:51:10.012]    __FlashArg=0x00000000
[21:51:10.012]    __FlashOp=0x00000000
[21:51:10.012]    __Result=0x00000000
[21:51:10.012]  </debugvars>
[21:51:10.012]  
[21:51:10.012]  <sequence name="DebugPortSetup" Pname="" disable="false" info="">
[21:51:10.012]    <block atomic="false" info="">
[21:51:10.012]      __var isSWJ      = ((__protocol & 0x00010000) != 0);
[21:51:10.012]        // -> [isSWJ <= 0x00000001]
[21:51:10.012]      __var hasDormant = __protocol & 0x00020000;
[21:51:10.012]        // -> [hasDormant <= 0x00000000]
[21:51:10.012]      __var protType   = __protocol & 0x0000FFFF;
[21:51:10.012]        // -> [protType <= 0x00000002]
[21:51:10.012]    </block>
[21:51:10.012]    <control if="protType == 1" while="" timeout="0" info="">
[21:51:10.012]      // if-block "protType == 1"
[21:51:10.012]        // =>  FALSE
[21:51:10.012]      // skip if-block "protType == 1"
[21:51:10.012]    </control>
[21:51:10.012]    <control if="protType == 2" while="" timeout="0" info="">
[21:51:10.012]      // if-block "protType == 2"
[21:51:10.012]        // =>  TRUE
[21:51:10.012]      <control if="isSWJ" while="" timeout="0" info="">
[21:51:10.012]        // if-block "isSWJ"
[21:51:10.012]          // =>  TRUE
[21:51:10.012]        <control if="hasDormant" while="" timeout="0" info="">
[21:51:10.012]          // if-block "hasDormant"
[21:51:10.012]            // =>  FALSE
[21:51:10.012]          // skip if-block "hasDormant"
[21:51:10.012]        </control>
[21:51:10.012]        <control if="!hasDormant" while="" timeout="0" info="">
[21:51:10.012]          // if-block "!hasDormant"
[21:51:10.012]            // =>  TRUE
[21:51:10.012]          <block atomic="false" info="">
[21:51:10.012]            DAP_SWJ_Sequence(51, 0x0007FFFFFFFFFFFF); //lets put the JTAG line in a reset state
[21:51:10.012]              // -> [DAP_SWJ_Sequence(51, 0x0007FFFFFFFFFFFF)]
[21:51:10.012]            DAP_SWJ_Sequence(16,0xE73C); //SWD to JTAG, this is to ensure the state machine is initialized
[21:51:10.012]              // -> [DAP_SWJ_Sequence(16, 0x000000000000E73C)]
[21:51:10.012]            DAP_SWJ_Sequence(51, 0x0007FFFFFFFFFFFF); //Put it back in reset
[21:51:10.022]              // -> [DAP_SWJ_Sequence(51, 0x0007FFFFFFFFFFFF)]
[21:51:10.022]            DAP_SWJ_Sequence(16, 0xE79E); //JTAG to SWD switch
[21:51:10.022]              // -> [DAP_SWJ_Sequence(16, 0x000000000000E79E)]
[21:51:10.022]            DAP_SWJ_Sequence(51, 0x0007FFFFFFFFFFFF);  //Ensure the switch is successful 
[21:51:10.022]              // -> [DAP_SWJ_Sequence(51, 0x0007FFFFFFFFFFFF)]
[21:51:10.022]            DAP_SWJ_Sequence(7,  0x00); //Give the line some time to initialize
[21:51:10.022]              // -> [DAP_SWJ_Sequence(7, 0x0000000000000000)]
[21:51:10.022]          </block>
[21:51:10.022]          // end if-block "!hasDormant"
[21:51:10.022]        </control>
[21:51:10.022]        // end if-block "isSWJ"
[21:51:10.022]      </control>
[21:51:10.022]      <control if="!isSWJ" while="" timeout="0" info="">
[21:51:10.022]        // if-block "!isSWJ"
[21:51:10.022]          // =>  FALSE
[21:51:10.022]        // skip if-block "!isSWJ"
[21:51:10.022]      </control>
[21:51:10.022]      <block atomic="false" info="">
[21:51:10.022]        ReadDP(0x0);
[21:51:10.032]          // -> [ReadDP(0x00000000) => 0x6BA02477]   (__dp=0x00000000)
[21:51:10.032]      </block>
[21:51:10.032]      // end if-block "protType == 2"
[21:51:10.032]    </control>
[21:51:10.032]  </sequence>
[21:51:10.032]  
[21:51:10.032]  **********  Sequence "DebugPortStart"  (Context="Connect", Pname="", info="")
[21:51:10.032]  
[21:51:10.032]  <debugvars>
[21:51:10.032]    // Pre-defined
[21:51:10.032]    __protocol=0x00010002      (Protocol="SWD", SWJ-DP="True")
[21:51:10.032]    __connection=0x00000202    (Connection Type="Flash", Reset Type="System Reset")
[21:51:10.032]    __dp=0x00000000
[21:51:10.032]    __ap=0x00000000
[21:51:10.032]    __traceout=0x00000000      (Trace Disabled)
[21:51:10.032]    __errorcontrol=0x00000000  (Skip Errors="False")
[21:51:10.032]    __FlashAddr=0x00000000
[21:51:10.032]    __FlashLen=0x00000000
[21:51:10.032]    __FlashArg=0x00000000
[21:51:10.032]    __FlashOp=0x00000000
[21:51:10.032]    __Result=0x00000000
[21:51:10.032]  </debugvars>
[21:51:10.032]  
[21:51:10.032]  <sequence name="DebugPortStart" Pname="" disable="false" info="">
[21:51:10.032]    <block atomic="false" info="">
[21:51:10.032]      __var SW_DP_ABORT       = 0x0;
[21:51:10.032]        // -> [SW_DP_ABORT <= 0x00000000]
[21:51:10.032]      __var DP_CTRL_STAT      = 0x4;
[21:51:10.032]        // -> [DP_CTRL_STAT <= 0x00000004]
[21:51:10.032]      __var DP_SELECT         = 0x8;
[21:51:10.032]        // -> [DP_SELECT <= 0x00000008]
[21:51:10.032]      __var powered_down      = 0;
[21:51:10.032]        // -> [powered_down <= 0x00000000]
[21:51:10.032]      WriteDP(DP_SELECT, 0x00000000);
[21:51:10.032]        // -> [WriteDP(0x00000008, 0x00000000)]   (__dp=0x00000000)
[21:51:10.032]      powered_down = ((ReadDP(DP_CTRL_STAT) & 0xA0000000) != 0xA0000000);
[21:51:10.042]        // -> [ReadDP(0x00000004) => 0x00000040]   (__dp=0x00000000)
[21:51:10.042]        // -> [powered_down <= 0x00000001]
[21:51:10.042]    </block>
[21:51:10.042]    <control if="powered_down" while="" timeout="0" info="">
[21:51:10.042]      // if-block "powered_down"
[21:51:10.042]        // =>  TRUE
[21:51:10.042]      <block atomic="false" info="">
[21:51:10.042]        Message(0, "Debug/System power-up request sent");
[21:51:10.042]        WriteDP(DP_CTRL_STAT, 0x50000000);
[21:51:10.042]          // -> [WriteDP(0x00000004, 0x50000000)]   (__dp=0x00000000)
[21:51:10.042]      </block>
[21:51:10.042]      <control if="" while="(ReadDP(DP_CTRL_STAT) & 0xA0000000) != 0xA0000000" timeout="1000000" info="">
[21:51:10.042]        // while "(ReadDP(DP_CTRL_STAT) & 0xA0000000) != 0xA0000000"  (timeout="1000000")
[21:51:10.042]          // -> [ReadDP(0x00000004) => 0xF0000040]   (__dp=0x00000000)
[21:51:10.042]        // while-condition  =>  FALSE
[21:51:10.042]        // end while "(ReadDP(DP_CTRL_STAT) & 0xA0000000) != 0xA0000000"
[21:51:10.042]      </control>
[21:51:10.042]      <control if="(__protocol & 0xFFFF) == 1" while="" timeout="0" info="">
[21:51:10.042]        // if-block "(__protocol & 0xFFFF) == 1"
[21:51:10.042]          // =>  FALSE
[21:51:10.042]        // skip if-block "(__protocol & 0xFFFF) == 1"
[21:51:10.042]      </control>
[21:51:10.042]      <control if="(__protocol & 0xFFFF) == 2" while="" timeout="0" info="">
[21:51:10.042]        // if-block "(__protocol & 0xFFFF) == 2"
[21:51:10.042]          // =>  TRUE
[21:51:10.042]        <block atomic="false" info="">
[21:51:10.042]          Message(0, "executing SWD power up");
[21:51:10.042]          WriteDP(DP_CTRL_STAT, 0x50000F00);
[21:51:10.042]            // -> [WriteDP(0x00000004, 0x50000F00)]   (__dp=0x00000000)
[21:51:10.042]          WriteDP(SW_DP_ABORT, 0x0000001E);
[21:51:10.052]            // -> [WriteDP(0x00000000, 0x0000001E)]   (__dp=0x00000000)
[21:51:10.052]        </block>
[21:51:10.052]        // end if-block "(__protocol & 0xFFFF) == 2"
[21:51:10.052]      </control>
[21:51:10.052]      // end if-block "powered_down"
[21:51:10.052]    </control>
[21:51:10.052]    <block atomic="false" info="">
[21:51:10.052]      __var DEBUG_PORT_VAL    = 0;
[21:51:10.052]        // -> [DEBUG_PORT_VAL <= 0x00000000]
[21:51:10.052]      __var ACCESS_POINT_VAL  = 0;
[21:51:10.052]        // -> [ACCESS_POINT_VAL <= 0x00000000]
[21:51:10.052]      __ap = 1; 
[21:51:10.052]        // -> [__ap <= 0x00000001]
[21:51:10.052]      WriteAP(0x0C, 0x04); //lets use the mini pwr-ap as backup
[21:51:10.052]        // -> [WriteAP(0x0000000C, 0x00000004)]   (__dp=0x00000000, __ap=0x00000001)
[21:51:10.052]      __ap = 4;
[21:51:10.052]        // -> [__ap <= 0x00000004]
[21:51:10.052]      ACCESS_POINT_VAL = ReadAP(0x00);//Reading current state of access point
[21:51:10.062]        // -> [ReadAP(0x00000000) => 0x00080027]   (__dp=0x00000000, __ap=0x00000004)
[21:51:10.062]        // -> [ACCESS_POINT_VAL <= 0x00080027]
[21:51:10.062]      Message(0, "Current state of access point is: %x",ACCESS_POINT_VAL);
[21:51:10.062]    </block>
[21:51:10.062]    <block atomic="false" info="">
[21:51:10.062]      __var nReset = 0x80;
[21:51:10.062]        // -> [nReset <= 0x00000080]
[21:51:10.062]      __var canReadPins = 0;
[21:51:10.062]        // -> [canReadPins <= 0x00000000]
[21:51:10.062]      canReadPins = (DAP_SWJ_Pins(0x00, nReset, 0) != 0xFFFFFFFF);
[21:51:10.062]        // -> [DAP_SWJ_Pins(0x00, 0x80, 0) => 0x0F]   (Out: nRESET=0  =>  In: SWCLK/TCK=1, SWDIO/TMS=1, TDI=1, TDO=1, nTRST=0, nRESET=0)
[21:51:10.062]        // -> [canReadPins <= 0x00000001]
[21:51:10.062]    </block>
[21:51:10.062]    <control if="" while="1" timeout="200" info="">
[21:51:10.062]      // while "1"  (timeout="200")
[21:51:10.062]      // while-condition  =>  TRUE
[21:51:10.062]      // while "1"  (timeout="200")
[21:51:10.062]      // while-condition  =>  TRUE
[21:51:10.062]      // while "1"  (timeout="200")
[21:51:10.062]      // while-condition  =>  TRUE
[21:51:10.062]      // while "1"  (timeout="200")
[21:51:10.062]      // while-condition  =>  TRUE
[21:51:10.062]      // while "1"  (timeout="200")
[21:51:10.062]      // while-condition  =>  TRUE
[21:51:10.062]      // while "1"  (timeout="200")
[21:51:10.062]      // while-condition  =>  TRUE
[21:51:10.062]      // while "1"  (timeout="200")
[21:51:10.062]      // while-condition  =>  TRUE
[21:51:10.062]      // while "1"  (timeout="200")
[21:51:10.062]      // while-condition  =>  TRUE
[21:51:10.062]      // while "1"  (timeout="200")
[21:51:10.062]      // while-condition  =>  TRUE
[21:51:10.062]      // while "1"  (timeout="200")
[21:51:10.062]      // while-condition  =>  TRUE
[21:51:10.062]      // while "1"  (timeout="200")
[21:51:10.062]      // while-condition  =>  TRUE
[21:51:10.062]      // while "1"  (timeout="200")
[21:51:10.062]      // while-condition  =>  TRUE
[21:51:10.062]      // while "1"  (timeout="200")
[21:51:10.062]      // while-condition  =>  TRUE
[21:51:10.062]      // while "1"  (timeout="200")
[21:51:10.062]      // while-condition  =>  TRUE
[21:51:10.062]      // while "1"  (timeout="200")
[21:51:10.062]      // while-condition  =>  TRUE
[21:51:10.062]      // while "1"  (timeout="200")
[21:51:10.062]      // while-condition  =>  TRUE
[21:51:10.062]      // while "1"  (timeout="200")
[21:51:10.062]      // while-condition  =>  TRUE
[21:51:10.062]      // while "1"  (timeout="200")
[21:51:10.062]      // while-condition  =>  TRUE
[21:51:10.062]      // while "1"  (timeout="200")
[21:51:10.062]      // while-condition  =>  TRUE
[21:51:10.062]      // while "1"  (timeout="200")
[21:51:10.062]      // while-condition  =>  TRUE
[21:51:10.062]      // while "1"  (timeout="200")
[21:51:10.062]      // while-condition  =>  TRUE
[21:51:10.062]      // while "1"  (timeout="200")
[21:51:10.062]      // while-condition  =>  TRUE
[21:51:10.062]      // while "1"  (timeout="200")
[21:51:10.062]      // while-condition  =>  TRUE
[21:51:10.062]      // while "1"  (timeout="200")
[21:51:10.062]      // while-condition  =>  TRUE
[21:51:10.062]      // while "1"  (timeout="200")
[21:51:10.062]      // while-condition  =>  TRUE
[21:51:10.062]      // while "1"  (timeout="200")
[21:51:10.062]      // while-condition  =>  TRUE
[21:51:10.062]      // while "1"  (timeout="200")
[21:51:10.062]      // while-condition  =>  TRUE
[21:51:10.062]      // while "1"  (timeout="200")
[21:51:10.062]      // while-condition  =>  TRUE
[21:51:10.062]      // while "1"  (timeout="200")
[21:51:10.062]      // while-condition  =>  TRUE
[21:51:10.062]      // while "1"  (timeout="200")
[21:51:10.062]      // while-condition  =>  TRUE
[21:51:10.062]      // while "1"  (timeout="200")
[21:51:10.062]      // while-condition  =>  TRUE
[21:51:10.062]      // while "1"  (timeout="200")
[21:51:10.062]      // while-condition  =>  TRUE
[21:51:10.062]      // while "1"  (timeout="200")
[21:51:10.062]      // while-condition  =>  TRUE
[21:51:10.062]      // while "1"  (timeout="200")
[21:51:10.062]      // while-condition  =>  TRUE
[21:51:10.062]      // while "1"  (timeout="200")
[21:51:10.062]      // while-condition  =>  TRUE
[21:51:10.062]      // while "1"  (timeout="200")
[21:51:10.062]      // while-condition  =>  TRUE
[21:51:10.062]      // while "1"  (timeout="200")
[21:51:10.062]      // while-condition  =>  TRUE
[21:51:10.062]      // while "1"  (timeout="200")
[21:51:10.062]      // while-condition  =>  TRUE
[21:51:10.062]      // while "1"  (timeout="200")
[21:51:10.062]      // while-condition  =>  TRUE
[21:51:10.062]      // while "1"  (timeout="200")
[21:51:10.062]      // while-condition  =>  TRUE
[21:51:10.062]      // while "1"  (timeout="200")
[21:51:10.062]      // while-condition  =>  TRUE
[21:51:10.062]      // while "1"  (timeout="200")
[21:51:10.062]      // while-condition  =>  TRUE
[21:51:10.062]      // while "1"  (timeout="200")
[21:51:10.062]      // while-condition  =>  TRUE
[21:51:10.062]      // while "1"  (timeout="200")
[21:51:10.062]      // while-condition  =>  TRUE
[21:51:10.062]      // while "1"  (timeout="200")
[21:51:10.062]      // while-condition  =>  TRUE
[21:51:10.062]      // while "1"  (timeout="200")
[21:51:10.062]      // while-condition  =>  TRUE
[21:51:10.062]      // while "1"  (timeout="200")
[21:51:10.062]      // while-condition  =>  TRUE
[21:51:10.062]      // while "1"  (timeout="200")
[21:51:10.062]      // while-condition  =>  TRUE
[21:51:10.062]      // while "1"  (timeout="200")
[21:51:10.062]      // while-condition  =>  TRUE
[21:51:10.062]      // while "1"  (timeout="200")
[21:51:10.062]      // while-condition  =>  TRUE
[21:51:10.062]      // while "1"  (timeout="200")
[21:51:10.062]      // while-condition  =>  TRUE
[21:51:10.062]      // while "1"  (timeout="200")
[21:51:10.062]      // while-condition  =>  TRUE
[21:51:10.062]      // while "1"  (timeout="200")
[21:51:10.062]      // while-condition  =>  TRUE
[21:51:10.062]      // while "1"  (timeout="200")
[21:51:10.062]      // while-condition  =>  TRUE
[21:51:10.062]      // while "1"  (timeout="200")
[21:51:10.062]      // while-condition  =>  TRUE
[21:51:10.062]      // while "1"  (timeout="200")
[21:51:10.062]      // while-condition  =>  TRUE
[21:51:10.062]      // while "1"  (timeout="200")
[21:51:10.062]      // while-condition  =>  TRUE
[21:51:10.062]      // while "1"  (timeout="200")
[21:51:10.062]      // while-condition  =>  TRUE
[21:51:10.062]      // while "1"  (timeout="200")
[21:51:10.062]      // while-condition  =>  TRUE
[21:51:10.062]      // while "1"  (timeout="200")
[21:51:10.062]      // while-condition  =>  TRUE
[21:51:10.062]      // while "1"  (timeout="200")
[21:51:10.062]      // while-condition  =>  TRUE
[21:51:10.062]      // while "1"  (timeout="200")
[21:51:10.062]      // while-condition  =>  TRUE
[21:51:10.062]      // while "1"  (timeout="200")
[21:51:10.073]      // while-condition  =>  TRUE
[21:51:10.073]      // while "1"  (timeout="200")
[21:51:10.073]      // while  =>  TIMEOUT
[21:51:10.073]      // end while "1"
[21:51:10.073]    </control>
[21:51:10.073]    <control if="canReadPins" while="" timeout="0" info="">
[21:51:10.073]      // if-block "canReadPins"
[21:51:10.073]        // =>  TRUE
[21:51:10.073]      <control if="" while="(DAP_SWJ_Pins(nReset, nReset, 0) & nReset) == 0" timeout="1000000" info="">
[21:51:10.073]        // while "(DAP_SWJ_Pins(nReset, nReset, 0) & nReset) == 0"  (timeout="1000000")
[21:51:10.073]          // -> [DAP_SWJ_Pins(0x80, 0x80, 0) => 0x8F]   (Out: nRESET=1  =>  In: SWCLK/TCK=1, SWDIO/TMS=1, TDI=1, TDO=1, nTRST=0, nRESET=1)
[21:51:10.073]        // while-condition  =>  FALSE
[21:51:10.073]        // end while "(DAP_SWJ_Pins(nReset, nReset, 0) & nReset) == 0"
[21:51:10.073]      </control>
[21:51:10.073]      // end if-block "canReadPins"
[21:51:10.073]    </control>
[21:51:10.073]    <control if="!canReadPins" while="" timeout="0" info="">
[21:51:10.073]      // if-block "!canReadPins"
[21:51:10.073]        // =>  FALSE
[21:51:10.073]      // skip if-block "!canReadPins"
[21:51:10.073]    </control>
[21:51:10.073]    <control if="(ACCESS_POINT_VAL & 0x00E00000) == 0" while="" timeout="0" info="">
[21:51:10.073]      // if-block "(ACCESS_POINT_VAL & 0x00E00000) == 0"
[21:51:10.073]        // =>  TRUE
[21:51:10.073]      <block atomic="false" info="">
[21:51:10.073]        WriteAP(0x00, 0x190008);
[21:51:10.073]          // -> [WriteAP(0x00000000, 0x00190008)]   (__dp=0x00000000, __ap=0x00000004)
[21:51:10.073]        WriteAP(0xF0, 0x01);
[21:51:10.073]          // -> [WriteAP(0x000000F0, 0x00000001)]   (__dp=0x00000000, __ap=0x00000004)
[21:51:10.073]      </block>
[21:51:10.073]      // end if-block "(ACCESS_POINT_VAL & 0x00E00000) == 0"
[21:51:10.073]    </control>
[21:51:10.073]    <control if="(ACCESS_POINT_VAL & 0x00E00000) != 0" while="" timeout="0" info="">
[21:51:10.073]      // if-block "(ACCESS_POINT_VAL & 0x00E00000) != 0"
[21:51:10.073]        // =>  FALSE
[21:51:10.073]      // skip if-block "(ACCESS_POINT_VAL & 0x00E00000) != 0"
[21:51:10.073]    </control>
[21:51:10.073]    <block atomic="false" info="">
[21:51:10.073]      ACCESS_POINT_VAL = ReadAP(0x00);//Reading current state of access point
[21:51:10.083]        // -> [ReadAP(0x00000000) => 0x0079002F]   (__dp=0x00000000, __ap=0x00000004)
[21:51:10.083]        // -> [ACCESS_POINT_VAL <= 0x0079002F]
[21:51:10.083]      Message(0, "Current state of access point is: %x",ACCESS_POINT_VAL);
[21:51:10.083]      __ap = 0; //lets make sure we reset the access point selection
[21:51:10.083]        // -> [__ap <= 0x00000000]
[21:51:10.083]    </block>
[21:51:10.083]  </sequence>
[21:51:10.083]  
[21:51:10.104]  **********  Sequence "DebugDeviceUnlock"  (Context="Connect", Pname="", info="")
[21:51:10.104]  
[21:51:10.104]  <debugvars>
[21:51:10.104]    // Pre-defined
[21:51:10.104]    __protocol=0x00010002      (Protocol="SWD", SWJ-DP="True")
[21:51:10.104]    __connection=0x00000202    (Connection Type="Flash", Reset Type="System Reset")
[21:51:10.104]    __dp=0x00000000
[21:51:10.104]    __ap=0x00000000
[21:51:10.104]    __traceout=0x00000000      (Trace Disabled)
[21:51:10.104]    __errorcontrol=0x00000000  (Skip Errors="False")
[21:51:10.104]    __FlashAddr=0x00000000
[21:51:10.104]    __FlashLen=0x00000000
[21:51:10.104]    __FlashArg=0x00000000
[21:51:10.104]    __FlashOp=0x00000000
[21:51:10.104]    __Result=0x00000000
[21:51:10.104]  </debugvars>
[21:51:10.104]  
[21:51:10.104]  <sequence name="DebugDeviceUnlock" Pname="" disable="false" info="">
[21:51:10.104]    <block atomic="false" info="">
[21:51:10.104]      __var deviceID = 0;
[21:51:10.104]        // -> [deviceID <= 0x00000000]
[21:51:10.104]      __var version = 0;
[21:51:10.104]        // -> [version <= 0x00000000]
[21:51:10.104]      __var partNum = 0;
[21:51:10.104]        // -> [partNum <= 0x00000000]
[21:51:10.104]      __var manuf = 0;
[21:51:10.104]        // -> [manuf <= 0x00000000]
[21:51:10.104]      __var isMSPM0G1X0X_G3X0X = 0;
[21:51:10.104]        // -> [isMSPM0G1X0X_G3X0X <= 0x00000000]
[21:51:10.104]      __var isProduction = 0;
[21:51:10.104]        // -> [isProduction <= 0x00000000]
[21:51:10.104]      __var continueId = 0;
[21:51:10.104]        // -> [continueId <= 0x00000000]
[21:51:10.104]      deviceID =   Read32(0x41C40004);
[21:51:10.118]        // -> [Read32(0x41C40004) => 0x2BB8802F]   (__dp=0x00000000, __ap=0x00000000)
[21:51:10.118]        // -> [deviceID <= 0x2BB8802F]
[21:51:10.118]      version = deviceID >> 28;
[21:51:10.118]        // -> [version <= 0x00000002]
[21:51:10.118]      partNum = (deviceID & 0x0FFFF000) >> 12;
[21:51:10.118]        // -> [partNum <= 0x0000BB88]
[21:51:10.118]      manuf = (deviceID & 0x00000FFE) >> 1;
[21:51:10.118]        // -> [manuf <= 0x00000017]
[21:51:10.118]      isMSPM0G1X0X_G3X0X = (partNum == 0xBB88) && (manuf == 0x17);
[21:51:10.118]        // -> [isMSPM0G1X0X_G3X0X <= 0x00000001]
[21:51:10.118]      isProduction = (version > 0);
[21:51:10.118]        // -> [isProduction <= 0x00000001]
[21:51:10.118]    </block>
[21:51:10.118]    <control if="!isMSPM0G1X0X_G3X0X" while="" timeout="0" info="">
[21:51:10.118]      // if-block "!isMSPM0G1X0X_G3X0X"
[21:51:10.118]        // =>  FALSE
[21:51:10.118]      // skip if-block "!isMSPM0G1X0X_G3X0X"
[21:51:10.118]    </control>
[21:51:10.118]    <control if="continueId == 4" while="" timeout="0" info="">
[21:51:10.118]      // if-block "continueId == 4"
[21:51:10.118]        // =>  FALSE
[21:51:10.118]      // skip if-block "continueId == 4"
[21:51:10.118]    </control>
[21:51:10.118]    <control if="!isProduction" while="" timeout="0" info="">
[21:51:10.118]      // if-block "!isProduction"
[21:51:10.118]        // =>  FALSE
[21:51:10.118]      // skip if-block "!isProduction"
[21:51:10.118]    </control>
[21:51:10.118]  </sequence>
[21:51:10.118]  
[21:53:39.782]  **********  Sequence "DebugPortSetup"  (Context="Connect", Pname="", info="")
[21:53:39.782]  
[21:53:39.782]  <debugvars>
[21:53:39.782]    // Pre-defined
[21:53:39.782]    __protocol=0x00010002      (Protocol="SWD", SWJ-DP="True")
[21:53:39.782]    __connection=0x00000202    (Connection Type="Flash", Reset Type="System Reset")
[21:53:39.782]    __dp=0x00000000
[21:53:39.782]    __ap=0x00000000
[21:53:39.782]    __traceout=0x00000000      (Trace Disabled)
[21:53:39.782]    __errorcontrol=0x00000000  (Skip Errors="False")
[21:53:39.782]    __FlashAddr=0x00000000
[21:53:39.782]    __FlashLen=0x00000000
[21:53:39.782]    __FlashArg=0x00000000
[21:53:39.782]    __FlashOp=0x00000000
[21:53:39.782]    __Result=0x00000000
[21:53:39.782]  </debugvars>
[21:53:39.782]  
[21:53:39.783]  <sequence name="DebugPortSetup" Pname="" disable="false" info="">
[21:53:39.783]    <block atomic="false" info="">
[21:53:39.783]      __var isSWJ      = ((__protocol & 0x00010000) != 0);
[21:53:39.783]        // -> [isSWJ <= 0x00000001]
[21:53:39.783]      __var hasDormant = __protocol & 0x00020000;
[21:53:39.783]        // -> [hasDormant <= 0x00000000]
[21:53:39.783]      __var protType   = __protocol & 0x0000FFFF;
[21:53:39.783]        // -> [protType <= 0x00000002]
[21:53:39.783]    </block>
[21:53:39.783]    <control if="protType == 1" while="" timeout="0" info="">
[21:53:39.783]      // if-block "protType == 1"
[21:53:39.783]        // =>  FALSE
[21:53:39.783]      // skip if-block "protType == 1"
[21:53:39.783]    </control>
[21:53:39.783]    <control if="protType == 2" while="" timeout="0" info="">
[21:53:39.783]      // if-block "protType == 2"
[21:53:39.783]        // =>  TRUE
[21:53:39.783]      <control if="isSWJ" while="" timeout="0" info="">
[21:53:39.783]        // if-block "isSWJ"
[21:53:39.783]          // =>  TRUE
[21:53:39.783]        <control if="hasDormant" while="" timeout="0" info="">
[21:53:39.783]          // if-block "hasDormant"
[21:53:39.784]            // =>  FALSE
[21:53:39.784]          // skip if-block "hasDormant"
[21:53:39.784]        </control>
[21:53:39.784]        <control if="!hasDormant" while="" timeout="0" info="">
[21:53:39.784]          // if-block "!hasDormant"
[21:53:39.784]            // =>  TRUE
[21:53:39.784]          <block atomic="false" info="">
[21:53:39.784]            DAP_SWJ_Sequence(51, 0x0007FFFFFFFFFFFF); //lets put the JTAG line in a reset state
[21:53:39.788]              // -> [DAP_SWJ_Sequence(51, 0x0007FFFFFFFFFFFF)]
[21:53:39.788]            DAP_SWJ_Sequence(16,0xE73C); //SWD to JTAG, this is to ensure the state machine is initialized
[21:53:39.789]              // -> [DAP_SWJ_Sequence(16, 0x000000000000E73C)]
[21:53:39.790]            DAP_SWJ_Sequence(51, 0x0007FFFFFFFFFFFF); //Put it back in reset
[21:53:39.791]              // -> [DAP_SWJ_Sequence(51, 0x0007FFFFFFFFFFFF)]
[21:53:39.792]            DAP_SWJ_Sequence(16, 0xE79E); //JTAG to SWD switch
[21:53:39.793]              // -> [DAP_SWJ_Sequence(16, 0x000000000000E79E)]
[21:53:39.794]            DAP_SWJ_Sequence(51, 0x0007FFFFFFFFFFFF);  //Ensure the switch is successful 
[21:53:39.795]              // -> [DAP_SWJ_Sequence(51, 0x0007FFFFFFFFFFFF)]
[21:53:39.795]            DAP_SWJ_Sequence(7,  0x00); //Give the line some time to initialize
[21:53:39.795]              // -> [DAP_SWJ_Sequence(7, 0x0000000000000000)]
[21:53:39.795]          </block>
[21:53:39.795]          // end if-block "!hasDormant"
[21:53:39.795]        </control>
[21:53:39.795]        // end if-block "isSWJ"
[21:53:39.795]      </control>
[21:53:39.795]      <control if="!isSWJ" while="" timeout="0" info="">
[21:53:39.795]        // if-block "!isSWJ"
[21:53:39.795]          // =>  FALSE
[21:53:39.795]        // skip if-block "!isSWJ"
[21:53:39.795]      </control>
[21:53:39.795]      <block atomic="false" info="">
[21:53:39.795]        ReadDP(0x0);
[21:53:39.795]          // -> [ReadDP(0x00000000) => 0x6BA02477]   (__dp=0x00000000)
[21:53:39.795]      </block>
[21:53:39.795]      // end if-block "protType == 2"
[21:53:39.795]    </control>
[21:53:39.795]  </sequence>
[21:53:39.795]  
[21:53:39.804]  **********  Sequence "DebugPortStart"  (Context="Connect", Pname="", info="")
[21:53:39.804]  
[21:53:39.804]  <debugvars>
[21:53:39.804]    // Pre-defined
[21:53:39.804]    __protocol=0x00010002      (Protocol="SWD", SWJ-DP="True")
[21:53:39.804]    __connection=0x00000202    (Connection Type="Flash", Reset Type="System Reset")
[21:53:39.804]    __dp=0x00000000
[21:53:39.804]    __ap=0x00000000
[21:53:39.804]    __traceout=0x00000000      (Trace Disabled)
[21:53:39.804]    __errorcontrol=0x00000000  (Skip Errors="False")
[21:53:39.804]    __FlashAddr=0x00000000
[21:53:39.804]    __FlashLen=0x00000000
[21:53:39.804]    __FlashArg=0x00000000
[21:53:39.804]    __FlashOp=0x00000000
[21:53:39.804]    __Result=0x00000000
[21:53:39.804]  </debugvars>
[21:53:39.804]  
[21:53:39.804]  <sequence name="DebugPortStart" Pname="" disable="false" info="">
[21:53:39.804]    <block atomic="false" info="">
[21:53:39.804]      __var SW_DP_ABORT       = 0x0;
[21:53:39.804]        // -> [SW_DP_ABORT <= 0x00000000]
[21:53:39.806]      __var DP_CTRL_STAT      = 0x4;
[21:53:39.806]        // -> [DP_CTRL_STAT <= 0x00000004]
[21:53:39.806]      __var DP_SELECT         = 0x8;
[21:53:39.806]        // -> [DP_SELECT <= 0x00000008]
[21:53:39.806]      __var powered_down      = 0;
[21:53:39.806]        // -> [powered_down <= 0x00000000]
[21:53:39.806]      WriteDP(DP_SELECT, 0x00000000);
[21:53:39.806]        // -> [WriteDP(0x00000008, 0x00000000)]   (__dp=0x00000000)
[21:53:39.806]      powered_down = ((ReadDP(DP_CTRL_STAT) & 0xA0000000) != 0xA0000000);
[21:53:39.809]        // -> [ReadDP(0x00000004) => 0x00000040]   (__dp=0x00000000)
[21:53:39.809]        // -> [powered_down <= 0x00000001]
[21:53:39.809]    </block>
[21:53:39.809]    <control if="powered_down" while="" timeout="0" info="">
[21:53:39.809]      // if-block "powered_down"
[21:53:39.809]        // =>  TRUE
[21:53:39.809]      <block atomic="false" info="">
[21:53:39.809]        Message(0, "Debug/System power-up request sent");
[21:53:39.809]        WriteDP(DP_CTRL_STAT, 0x50000000);
[21:53:39.812]          // -> [WriteDP(0x00000004, 0x50000000)]   (__dp=0x00000000)
[21:53:39.812]      </block>
[21:53:39.812]      <control if="" while="(ReadDP(DP_CTRL_STAT) & 0xA0000000) != 0xA0000000" timeout="1000000" info="">
[21:53:39.812]        // while "(ReadDP(DP_CTRL_STAT) & 0xA0000000) != 0xA0000000"  (timeout="1000000")
[21:53:39.814]          // -> [ReadDP(0x00000004) => 0xF0000040]   (__dp=0x00000000)
[21:53:39.814]        // while-condition  =>  FALSE
[21:53:39.814]        // end while "(ReadDP(DP_CTRL_STAT) & 0xA0000000) != 0xA0000000"
[21:53:39.814]      </control>
[21:53:39.814]      <control if="(__protocol & 0xFFFF) == 1" while="" timeout="0" info="">
[21:53:39.814]        // if-block "(__protocol & 0xFFFF) == 1"
[21:53:39.814]          // =>  FALSE
[21:53:39.814]        // skip if-block "(__protocol & 0xFFFF) == 1"
[21:53:39.814]      </control>
[21:53:39.814]      <control if="(__protocol & 0xFFFF) == 2" while="" timeout="0" info="">
[21:53:39.814]        // if-block "(__protocol & 0xFFFF) == 2"
[21:53:39.814]          // =>  TRUE
[21:53:39.814]        <block atomic="false" info="">
[21:53:39.814]          Message(0, "executing SWD power up");
[21:53:39.815]          WriteDP(DP_CTRL_STAT, 0x50000F00);
[21:53:39.818]            // -> [WriteDP(0x00000004, 0x50000F00)]   (__dp=0x00000000)
[21:53:39.818]          WriteDP(SW_DP_ABORT, 0x0000001E);
[21:53:39.820]            // -> [WriteDP(0x00000000, 0x0000001E)]   (__dp=0x00000000)
[21:53:39.820]        </block>
[21:53:39.821]        // end if-block "(__protocol & 0xFFFF) == 2"
[21:53:39.821]      </control>
[21:53:39.821]      // end if-block "powered_down"
[21:53:39.821]    </control>
[21:53:39.821]    <block atomic="false" info="">
[21:53:39.821]      __var DEBUG_PORT_VAL    = 0;
[21:53:39.821]        // -> [DEBUG_PORT_VAL <= 0x00000000]
[21:53:39.821]      __var ACCESS_POINT_VAL  = 0;
[21:53:39.821]        // -> [ACCESS_POINT_VAL <= 0x00000000]
[21:53:39.821]      __ap = 1; 
[21:53:39.821]        // -> [__ap <= 0x00000001]
[21:53:39.821]      WriteAP(0x0C, 0x04); //lets use the mini pwr-ap as backup
[21:53:39.824]        // -> [WriteAP(0x0000000C, 0x00000004)]   (__dp=0x00000000, __ap=0x00000001)
[21:53:39.824]      __ap = 4;
[21:53:39.824]        // -> [__ap <= 0x00000004]
[21:53:39.824]      ACCESS_POINT_VAL = ReadAP(0x00);//Reading current state of access point
[21:53:39.831]        // -> [ReadAP(0x00000000) => 0x00080027]   (__dp=0x00000000, __ap=0x00000004)
[21:53:39.831]        // -> [ACCESS_POINT_VAL <= 0x00080027]
[21:53:39.832]      Message(0, "Current state of access point is: %x",ACCESS_POINT_VAL);
[21:53:39.833]    </block>
[21:53:39.833]    <block atomic="false" info="">
[21:53:39.833]      __var nReset = 0x80;
[21:53:39.834]        // -> [nReset <= 0x00000080]
[21:53:39.834]      __var canReadPins = 0;
[21:53:39.834]        // -> [canReadPins <= 0x00000000]
[21:53:39.834]      canReadPins = (DAP_SWJ_Pins(0x00, nReset, 0) != 0xFFFFFFFF);
[21:53:39.836]        // -> [DAP_SWJ_Pins(0x00, 0x80, 0) => 0x0F]   (Out: nRESET=0  =>  In: SWCLK/TCK=1, SWDIO/TMS=1, TDI=1, TDO=1, nTRST=0, nRESET=0)
[21:53:39.836]        // -> [canReadPins <= 0x00000001]
[21:53:39.836]    </block>
[21:53:39.837]    <control if="" while="1" timeout="200" info="">
[21:53:39.837]      // while "1"  (timeout="200")
[21:53:39.837]      // while-condition  =>  TRUE
[21:53:39.838]      // while "1"  (timeout="200")
[21:53:39.838]      // while  =>  TIMEOUT
[21:53:39.838]      // end while "1"
[21:53:39.838]    </control>
[21:53:39.838]    <control if="canReadPins" while="" timeout="0" info="">
[21:53:39.838]      // if-block "canReadPins"
[21:53:39.838]        // =>  TRUE
[21:53:39.838]      <control if="" while="(DAP_SWJ_Pins(nReset, nReset, 0) & nReset) == 0" timeout="1000000" info="">
[21:53:39.838]        // while "(DAP_SWJ_Pins(nReset, nReset, 0) & nReset) == 0"  (timeout="1000000")
[21:53:39.839]          // -> [DAP_SWJ_Pins(0x80, 0x80, 0) => 0x8F]   (Out: nRESET=1  =>  In: SWCLK/TCK=1, SWDIO/TMS=1, TDI=1, TDO=1, nTRST=0, nRESET=1)
[21:53:39.840]        // while-condition  =>  FALSE
[21:53:39.840]        // end while "(DAP_SWJ_Pins(nReset, nReset, 0) & nReset) == 0"
[21:53:39.840]      </control>
[21:53:39.840]      // end if-block "canReadPins"
[21:53:39.840]    </control>
[21:53:39.840]    <control if="!canReadPins" while="" timeout="0" info="">
[21:53:39.840]      // if-block "!canReadPins"
[21:53:39.840]        // =>  FALSE
[21:53:39.840]      // skip if-block "!canReadPins"
[21:53:39.840]    </control>
[21:53:39.840]    <control if="(ACCESS_POINT_VAL & 0x00E00000) == 0" while="" timeout="0" info="">
[21:53:39.840]      // if-block "(ACCESS_POINT_VAL & 0x00E00000) == 0"
[21:53:39.840]        // =>  TRUE
[21:53:39.840]      <block atomic="false" info="">
[21:53:39.840]        WriteAP(0x00, 0x190008);
[21:53:39.842]          // -> [WriteAP(0x00000000, 0x00190008)]   (__dp=0x00000000, __ap=0x00000004)
[21:53:39.843]        WriteAP(0xF0, 0x01);
[21:53:39.846]          // -> [WriteAP(0x000000F0, 0x00000001)]   (__dp=0x00000000, __ap=0x00000004)
[21:53:39.846]      </block>
[21:53:39.846]      // end if-block "(ACCESS_POINT_VAL & 0x00E00000) == 0"
[21:53:39.846]    </control>
[21:53:39.846]    <control if="(ACCESS_POINT_VAL & 0x00E00000) != 0" while="" timeout="0" info="">
[21:53:39.846]      // if-block "(ACCESS_POINT_VAL & 0x00E00000) != 0"
[21:53:39.846]        // =>  FALSE
[21:53:39.848]      // skip if-block "(ACCESS_POINT_VAL & 0x00E00000) != 0"
[21:53:39.848]    </control>
[21:53:39.848]    <block atomic="false" info="">
[21:53:39.848]      ACCESS_POINT_VAL = ReadAP(0x00);//Reading current state of access point
[21:53:39.848]        // -> [ReadAP(0x00000000) => 0x0079002F]   (__dp=0x00000000, __ap=0x00000004)
[21:53:39.848]        // -> [ACCESS_POINT_VAL <= 0x0079002F]
[21:53:39.848]      Message(0, "Current state of access point is: %x",ACCESS_POINT_VAL);
[21:53:39.854]      __ap = 0; //lets make sure we reset the access point selection
[21:53:39.854]        // -> [__ap <= 0x00000000]
[21:53:39.854]    </block>
[21:53:39.854]  </sequence>
[21:53:39.854]  
[21:53:39.878]  **********  Sequence "DebugDeviceUnlock"  (Context="Connect", Pname="", info="")
[21:53:39.878]  
[21:53:39.878]  <debugvars>
[21:53:39.878]    // Pre-defined
[21:53:39.878]    __protocol=0x00010002      (Protocol="SWD", SWJ-DP="True")
[21:53:39.878]    __connection=0x00000202    (Connection Type="Flash", Reset Type="System Reset")
[21:53:39.878]    __dp=0x00000000
[21:53:39.879]    __ap=0x00000000
[21:53:39.879]    __traceout=0x00000000      (Trace Disabled)
[21:53:39.879]    __errorcontrol=0x00000000  (Skip Errors="False")
[21:53:39.879]    __FlashAddr=0x00000000
[21:53:39.879]    __FlashLen=0x00000000
[21:53:39.879]    __FlashArg=0x00000000
[21:53:39.879]    __FlashOp=0x00000000
[21:53:39.879]    __Result=0x00000000
[21:53:39.879]  </debugvars>
[21:53:39.879]  
[21:53:39.879]  <sequence name="DebugDeviceUnlock" Pname="" disable="false" info="">
[21:53:39.879]    <block atomic="false" info="">
[21:53:39.879]      __var deviceID = 0;
[21:53:39.879]        // -> [deviceID <= 0x00000000]
[21:53:39.879]      __var version = 0;
[21:53:39.879]        // -> [version <= 0x00000000]
[21:53:39.879]      __var partNum = 0;
[21:53:39.879]        // -> [partNum <= 0x00000000]
[21:53:39.879]      __var manuf = 0;
[21:53:39.879]        // -> [manuf <= 0x00000000]
[21:53:39.879]      __var isMSPM0G1X0X_G3X0X = 0;
[21:53:39.879]        // -> [isMSPM0G1X0X_G3X0X <= 0x00000000]
[21:53:39.879]      __var isProduction = 0;
[21:53:39.879]        // -> [isProduction <= 0x00000000]
[21:53:39.880]      __var continueId = 0;
[21:53:39.880]        // -> [continueId <= 0x00000000]
[21:53:39.880]      deviceID =   Read32(0x41C40004);
[21:53:39.887]        // -> [Read32(0x41C40004) => 0x2BB8802F]   (__dp=0x00000000, __ap=0x00000000)
[21:53:39.887]        // -> [deviceID <= 0x2BB8802F]
[21:53:39.887]      version = deviceID >> 28;
[21:53:39.887]        // -> [version <= 0x00000002]
[21:53:39.887]      partNum = (deviceID & 0x0FFFF000) >> 12;
[21:53:39.887]        // -> [partNum <= 0x0000BB88]
[21:53:39.887]      manuf = (deviceID & 0x00000FFE) >> 1;
[21:53:39.887]        // -> [manuf <= 0x00000017]
[21:53:39.887]      isMSPM0G1X0X_G3X0X = (partNum == 0xBB88) && (manuf == 0x17);
[21:53:39.887]        // -> [isMSPM0G1X0X_G3X0X <= 0x00000001]
[21:53:39.887]      isProduction = (version > 0);
[21:53:39.887]        // -> [isProduction <= 0x00000001]
[21:53:39.887]    </block>
[21:53:39.887]    <control if="!isMSPM0G1X0X_G3X0X" while="" timeout="0" info="">
[21:53:39.887]      // if-block "!isMSPM0G1X0X_G3X0X"
[21:53:39.887]        // =>  FALSE
[21:53:39.887]      // skip if-block "!isMSPM0G1X0X_G3X0X"
[21:53:39.887]    </control>
[21:53:39.887]    <control if="continueId == 4" while="" timeout="0" info="">
[21:53:39.887]      // if-block "continueId == 4"
[21:53:39.887]        // =>  FALSE
[21:53:39.887]      // skip if-block "continueId == 4"
[21:53:39.887]    </control>
[21:53:39.887]    <control if="!isProduction" while="" timeout="0" info="">
[21:53:39.887]      // if-block "!isProduction"
[21:53:39.887]        // =>  FALSE
[21:53:39.887]      // skip if-block "!isProduction"
[21:53:39.887]    </control>
[21:53:39.887]  </sequence>
[21:53:39.887]  
[22:21:14.863]  **********  Sequence "DebugPortSetup"  (Context="Connect", Pname="", info="")
[22:21:14.863]  
[22:21:14.863]  <debugvars>
[22:21:14.863]    // Pre-defined
[22:21:14.863]    __protocol=0x00010002      (Protocol="SWD", SWJ-DP="True")
[22:21:14.863]    __connection=0x00000202    (Connection Type="Flash", Reset Type="System Reset")
[22:21:14.863]    __dp=0x00000000
[22:21:14.863]    __ap=0x00000000
[22:21:14.863]    __traceout=0x00000000      (Trace Disabled)
[22:21:14.863]    __errorcontrol=0x00000000  (Skip Errors="False")
[22:21:14.863]    __FlashAddr=0x00000000
[22:21:14.863]    __FlashLen=0x00000000
[22:21:14.863]    __FlashArg=0x00000000
[22:21:14.863]    __FlashOp=0x00000000
[22:21:14.863]    __Result=0x00000000
[22:21:14.863]  </debugvars>
[22:21:14.863]  
[22:21:14.863]  <sequence name="DebugPortSetup" Pname="" disable="false" info="">
[22:21:14.863]    <block atomic="false" info="">
[22:21:14.863]      __var isSWJ      = ((__protocol & 0x00010000) != 0);
[22:21:14.863]        // -> [isSWJ <= 0x00000001]
[22:21:14.863]      __var hasDormant = __protocol & 0x00020000;
[22:21:14.863]        // -> [hasDormant <= 0x00000000]
[22:21:14.863]      __var protType   = __protocol & 0x0000FFFF;
[22:21:14.863]        // -> [protType <= 0x00000002]
[22:21:14.863]    </block>
[22:21:14.864]    <control if="protType == 1" while="" timeout="0" info="">
[22:21:14.864]      // if-block "protType == 1"
[22:21:14.865]        // =>  FALSE
[22:21:14.865]      // skip if-block "protType == 1"
[22:21:14.865]    </control>
[22:21:14.865]    <control if="protType == 2" while="" timeout="0" info="">
[22:21:14.865]      // if-block "protType == 2"
[22:21:14.865]        // =>  TRUE
[22:21:14.865]      <control if="isSWJ" while="" timeout="0" info="">
[22:21:14.865]        // if-block "isSWJ"
[22:21:14.865]          // =>  TRUE
[22:21:14.865]        <control if="hasDormant" while="" timeout="0" info="">
[22:21:14.865]          // if-block "hasDormant"
[22:21:14.865]            // =>  FALSE
[22:21:14.865]          // skip if-block "hasDormant"
[22:21:14.865]        </control>
[22:21:14.865]        <control if="!hasDormant" while="" timeout="0" info="">
[22:21:14.865]          // if-block "!hasDormant"
[22:21:14.865]            // =>  TRUE
[22:21:14.865]          <block atomic="false" info="">
[22:21:14.865]            DAP_SWJ_Sequence(51, 0x0007FFFFFFFFFFFF); //lets put the JTAG line in a reset state
[22:21:14.867]              // -> [DAP_SWJ_Sequence(51, 0x0007FFFFFFFFFFFF)]
[22:21:14.867]            DAP_SWJ_Sequence(16,0xE73C); //SWD to JTAG, this is to ensure the state machine is initialized
[22:21:14.869]              // -> [DAP_SWJ_Sequence(16, 0x000000000000E73C)]
[22:21:14.869]            DAP_SWJ_Sequence(51, 0x0007FFFFFFFFFFFF); //Put it back in reset
[22:21:14.871]              // -> [DAP_SWJ_Sequence(51, 0x0007FFFFFFFFFFFF)]
[22:21:14.871]            DAP_SWJ_Sequence(16, 0xE79E); //JTAG to SWD switch
[22:21:14.875]              // -> [DAP_SWJ_Sequence(16, 0x000000000000E79E)]
[22:21:14.875]            DAP_SWJ_Sequence(51, 0x0007FFFFFFFFFFFF);  //Ensure the switch is successful 
[22:21:14.878]              // -> [DAP_SWJ_Sequence(51, 0x0007FFFFFFFFFFFF)]
[22:21:14.878]            DAP_SWJ_Sequence(7,  0x00); //Give the line some time to initialize
[22:21:14.882]              // -> [DAP_SWJ_Sequence(7, 0x0000000000000000)]
[22:21:14.882]          </block>
[22:21:14.882]          // end if-block "!hasDormant"
[22:21:14.882]        </control>
[22:21:14.882]        // end if-block "isSWJ"
[22:21:14.882]      </control>
[22:21:14.882]      <control if="!isSWJ" while="" timeout="0" info="">
[22:21:14.882]        // if-block "!isSWJ"
[22:21:14.882]          // =>  FALSE
[22:21:14.882]        // skip if-block "!isSWJ"
[22:21:14.884]      </control>
[22:21:14.884]      <block atomic="false" info="">
[22:21:14.884]        ReadDP(0x0);
[22:21:14.885]          // -> [ReadDP(0x00000000) => 0x6BA02477]   (__dp=0x00000000)
[22:21:14.885]      </block>
[22:21:14.885]      // end if-block "protType == 2"
[22:21:14.885]    </control>
[22:21:14.887]  </sequence>
[22:21:14.887]  
[22:21:14.889]  **********  Sequence "DebugPortStart"  (Context="Connect", Pname="", info="")
[22:21:14.889]  
[22:21:14.889]  <debugvars>
[22:21:14.889]    // Pre-defined
[22:21:14.889]    __protocol=0x00010002      (Protocol="SWD", SWJ-DP="True")
[22:21:14.891]    __connection=0x00000202    (Connection Type="Flash", Reset Type="System Reset")
[22:21:14.891]    __dp=0x00000000
[22:21:14.891]    __ap=0x00000000
[22:21:14.891]    __traceout=0x00000000      (Trace Disabled)
[22:21:14.891]    __errorcontrol=0x00000000  (Skip Errors="False")
[22:21:14.891]    __FlashAddr=0x00000000
[22:21:14.891]    __FlashLen=0x00000000
[22:21:14.891]    __FlashArg=0x00000000
[22:21:14.891]    __FlashOp=0x00000000
[22:21:14.891]    __Result=0x00000000
[22:21:14.891]  </debugvars>
[22:21:14.891]  
[22:21:14.891]  <sequence name="DebugPortStart" Pname="" disable="false" info="">
[22:21:14.891]    <block atomic="false" info="">
[22:21:14.891]      __var SW_DP_ABORT       = 0x0;
[22:21:14.891]        // -> [SW_DP_ABORT <= 0x00000000]
[22:21:14.891]      __var DP_CTRL_STAT      = 0x4;
[22:21:14.891]        // -> [DP_CTRL_STAT <= 0x00000004]
[22:21:14.891]      __var DP_SELECT         = 0x8;
[22:21:14.891]        // -> [DP_SELECT <= 0x00000008]
[22:21:14.891]      __var powered_down      = 0;
[22:21:14.891]        // -> [powered_down <= 0x00000000]
[22:21:14.891]      WriteDP(DP_SELECT, 0x00000000);
[22:21:14.893]        // -> [WriteDP(0x00000008, 0x00000000)]   (__dp=0x00000000)
[22:21:14.893]      powered_down = ((ReadDP(DP_CTRL_STAT) & 0xA0000000) != 0xA0000000);
[22:21:14.895]        // -> [ReadDP(0x00000004) => 0x00000040]   (__dp=0x00000000)
[22:21:14.895]        // -> [powered_down <= 0x00000001]
[22:21:14.895]    </block>
[22:21:14.895]    <control if="powered_down" while="" timeout="0" info="">
[22:21:14.895]      // if-block "powered_down"
[22:21:14.895]        // =>  TRUE
[22:21:14.895]      <block atomic="false" info="">
[22:21:14.895]        Message(0, "Debug/System power-up request sent");
[22:21:14.897]        WriteDP(DP_CTRL_STAT, 0x50000000);
[22:21:14.899]          // -> [WriteDP(0x00000004, 0x50000000)]   (__dp=0x00000000)
[22:21:14.899]      </block>
[22:21:14.899]      <control if="" while="(ReadDP(DP_CTRL_STAT) & 0xA0000000) != 0xA0000000" timeout="1000000" info="">
[22:21:14.899]        // while "(ReadDP(DP_CTRL_STAT) & 0xA0000000) != 0xA0000000"  (timeout="1000000")
[22:21:14.901]          // -> [ReadDP(0x00000004) => 0xF0000040]   (__dp=0x00000000)
[22:21:14.901]        // while-condition  =>  FALSE
[22:21:14.901]        // end while "(ReadDP(DP_CTRL_STAT) & 0xA0000000) != 0xA0000000"
[22:21:14.901]      </control>
[22:21:14.901]      <control if="(__protocol & 0xFFFF) == 1" while="" timeout="0" info="">
[22:21:14.901]        // if-block "(__protocol & 0xFFFF) == 1"
[22:21:14.901]          // =>  FALSE
[22:21:14.901]        // skip if-block "(__protocol & 0xFFFF) == 1"
[22:21:14.901]      </control>
[22:21:14.901]      <control if="(__protocol & 0xFFFF) == 2" while="" timeout="0" info="">
[22:21:14.901]        // if-block "(__protocol & 0xFFFF) == 2"
[22:21:14.901]          // =>  TRUE
[22:21:14.901]        <block atomic="false" info="">
[22:21:14.901]          Message(0, "executing SWD power up");
[22:21:14.901]          WriteDP(DP_CTRL_STAT, 0x50000F00);
[22:21:14.905]            // -> [WriteDP(0x00000004, 0x50000F00)]   (__dp=0x00000000)
[22:21:14.905]          WriteDP(SW_DP_ABORT, 0x0000001E);
[22:21:14.906]            // -> [WriteDP(0x00000000, 0x0000001E)]   (__dp=0x00000000)
[22:21:14.906]        </block>
[22:21:14.906]        // end if-block "(__protocol & 0xFFFF) == 2"
[22:21:14.906]      </control>
[22:21:14.906]      // end if-block "powered_down"
[22:21:14.906]    </control>
[22:21:14.906]    <block atomic="false" info="">
[22:21:14.906]      __var DEBUG_PORT_VAL    = 0;
[22:21:14.906]        // -> [DEBUG_PORT_VAL <= 0x00000000]
[22:21:14.906]      __var ACCESS_POINT_VAL  = 0;
[22:21:14.906]        // -> [ACCESS_POINT_VAL <= 0x00000000]
[22:21:14.906]      __ap = 1; 
[22:21:14.906]        // -> [__ap <= 0x00000001]
[22:21:14.906]      WriteAP(0x0C, 0x04); //lets use the mini pwr-ap as backup
[22:21:14.906]        // -> [WriteAP(0x0000000C, 0x00000004)]   (__dp=0x00000000, __ap=0x00000001)
[22:21:14.906]      __ap = 4;
[22:21:14.906]        // -> [__ap <= 0x00000004]
[22:21:14.906]      ACCESS_POINT_VAL = ReadAP(0x00);//Reading current state of access point
[22:21:14.916]        // -> [ReadAP(0x00000000) => 0x00080027]   (__dp=0x00000000, __ap=0x00000004)
[22:21:14.916]        // -> [ACCESS_POINT_VAL <= 0x00080027]
[22:21:14.916]      Message(0, "Current state of access point is: %x",ACCESS_POINT_VAL);
[22:21:14.916]    </block>
[22:21:14.916]    <block atomic="false" info="">
[22:21:14.916]      __var nReset = 0x80;
[22:21:14.916]        // -> [nReset <= 0x00000080]
[22:21:14.916]      __var canReadPins = 0;
[22:21:14.916]        // -> [canReadPins <= 0x00000000]
[22:21:14.916]      canReadPins = (DAP_SWJ_Pins(0x00, nReset, 0) != 0xFFFFFFFF);
[22:21:14.918]        // -> [DAP_SWJ_Pins(0x00, 0x80, 0) => 0x0F]   (Out: nRESET=0  =>  In: SWCLK/TCK=1, SWDIO/TMS=1, TDI=1, TDO=1, nTRST=0, nRESET=0)
[22:21:14.918]        // -> [canReadPins <= 0x00000001]
[22:21:14.918]    </block>
[22:21:14.918]    <control if="" while="1" timeout="200" info="">
[22:21:14.918]      // while "1"  (timeout="200")
[22:21:14.918]      // while-condition  =>  TRUE
[22:21:14.918]      // while "1"  (timeout="200")
[22:21:14.918]      // while-condition  =>  TRUE
[22:21:14.918]      // while "1"  (timeout="200")
[22:21:14.918]      // while-condition  =>  TRUE
[22:21:14.918]      // while "1"  (timeout="200")
[22:21:14.918]      // while-condition  =>  TRUE
[22:21:14.918]      // while "1"  (timeout="200")
[22:21:14.918]      // while-condition  =>  TRUE
[22:21:14.918]      // while "1"  (timeout="200")
[22:21:14.918]      // while-condition  =>  TRUE
[22:21:14.918]      // while "1"  (timeout="200")
[22:21:14.920]      // while-condition  =>  TRUE
[22:21:14.920]      // while "1"  (timeout="200")
[22:21:14.920]      // while-condition  =>  TRUE
[22:21:14.920]      // while "1"  (timeout="200")
[22:21:14.920]      // while-condition  =>  TRUE
[22:21:14.920]      // while "1"  (timeout="200")
[22:21:14.920]      // while-condition  =>  TRUE
[22:21:14.920]      // while "1"  (timeout="200")
[22:21:14.920]      // while-condition  =>  TRUE
[22:21:14.920]      // while "1"  (timeout="200")
[22:21:14.920]      // while-condition  =>  TRUE
[22:21:14.920]      // while "1"  (timeout="200")
[22:21:14.920]      // while-condition  =>  TRUE
[22:21:14.920]      // while "1"  (timeout="200")
[22:21:14.920]      // while-condition  =>  TRUE
[22:21:14.920]      // while "1"  (timeout="200")
[22:21:14.920]      // while-condition  =>  TRUE
[22:21:14.920]      // while "1"  (timeout="200")
[22:21:14.920]      // while-condition  =>  TRUE
[22:21:14.920]      // while "1"  (timeout="200")
[22:21:14.920]      // while-condition  =>  TRUE
[22:21:14.921]      // while "1"  (timeout="200")
[22:21:14.921]      // while-condition  =>  TRUE
[22:21:14.921]      // while "1"  (timeout="200")
[22:21:14.921]      // while-condition  =>  TRUE
[22:21:14.921]      // while "1"  (timeout="200")
[22:21:14.921]      // while-condition  =>  TRUE
[22:21:14.921]      // while "1"  (timeout="200")
[22:21:14.921]      // while-condition  =>  TRUE
[22:21:14.921]      // while "1"  (timeout="200")
[22:21:14.921]      // while-condition  =>  TRUE
[22:21:14.921]      // while "1"  (timeout="200")
[22:21:14.921]      // while-condition  =>  TRUE
[22:21:14.921]      // while "1"  (timeout="200")
[22:21:14.921]      // while-condition  =>  TRUE
[22:21:14.921]      // while "1"  (timeout="200")
[22:21:14.921]      // while-condition  =>  TRUE
[22:21:14.921]      // while "1"  (timeout="200")
[22:21:14.921]      // while-condition  =>  TRUE
[22:21:14.921]      // while "1"  (timeout="200")
[22:21:14.921]      // while-condition  =>  TRUE
[22:21:14.921]      // while "1"  (timeout="200")
[22:21:14.921]      // while-condition  =>  TRUE
[22:21:14.921]      // while "1"  (timeout="200")
[22:21:14.921]      // while-condition  =>  TRUE
[22:21:14.921]      // while "1"  (timeout="200")
[22:21:14.921]      // while-condition  =>  TRUE
[22:21:14.921]      // while "1"  (timeout="200")
[22:21:14.921]      // while-condition  =>  TRUE
[22:21:14.921]      // while "1"  (timeout="200")
[22:21:14.921]      // while-condition  =>  TRUE
[22:21:14.921]      // while "1"  (timeout="200")
[22:21:14.921]      // while-condition  =>  TRUE
[22:21:14.921]      // while "1"  (timeout="200")
[22:21:14.921]      // while-condition  =>  TRUE
[22:21:14.921]      // while "1"  (timeout="200")
[22:21:14.921]      // while-condition  =>  TRUE
[22:21:14.921]      // while "1"  (timeout="200")
[22:21:14.923]      // while-condition  =>  TRUE
[22:21:14.923]      // while "1"  (timeout="200")
[22:21:14.923]      // while-condition  =>  TRUE
[22:21:14.923]      // while "1"  (timeout="200")
[22:21:14.923]      // while-condition  =>  TRUE
[22:21:14.923]      // while "1"  (timeout="200")
[22:21:14.923]      // while-condition  =>  TRUE
[22:21:14.923]      // while "1"  (timeout="200")
[22:21:14.923]      // while-condition  =>  TRUE
[22:21:14.923]      // while "1"  (timeout="200")
[22:21:14.923]      // while-condition  =>  TRUE
[22:21:14.923]      // while "1"  (timeout="200")
[22:21:14.923]      // while-condition  =>  TRUE
[22:21:14.923]      // while "1"  (timeout="200")
[22:21:14.923]      // while-condition  =>  TRUE
[22:21:14.923]      // while "1"  (timeout="200")
[22:21:14.923]      // while-condition  =>  TRUE
[22:21:14.923]      // while "1"  (timeout="200")
[22:21:14.923]      // while-condition  =>  TRUE
[22:21:14.923]      // while "1"  (timeout="200")
[22:21:14.923]      // while-condition  =>  TRUE
[22:21:14.923]      // while "1"  (timeout="200")
[22:21:14.923]      // while-condition  =>  TRUE
[22:21:14.923]      // while "1"  (timeout="200")
[22:21:14.924]      // while-condition  =>  TRUE
[22:21:14.924]      // while "1"  (timeout="200")
[22:21:14.924]      // while-condition  =>  TRUE
[22:21:14.924]      // while "1"  (timeout="200")
[22:21:14.924]      // while-condition  =>  TRUE
[22:21:14.925]      // while "1"  (timeout="200")
[22:21:14.925]      // while-condition  =>  TRUE
[22:21:14.925]      // while "1"  (timeout="200")
[22:21:14.925]      // while-condition  =>  TRUE
[22:21:14.925]      // while "1"  (timeout="200")
[22:21:14.925]      // while-condition  =>  TRUE
[22:21:14.925]      // while "1"  (timeout="200")
[22:21:14.925]      // while-condition  =>  TRUE
[22:21:14.925]      // while "1"  (timeout="200")
[22:21:14.925]      // while-condition  =>  TRUE
[22:21:14.925]      // while "1"  (timeout="200")
[22:21:14.925]      // while-condition  =>  TRUE
[22:21:14.925]      // while "1"  (timeout="200")
[22:21:14.925]      // while-condition  =>  TRUE
[22:21:14.925]      // while "1"  (timeout="200")
[22:21:14.925]      // while-condition  =>  TRUE
[22:21:14.925]      // while "1"  (timeout="200")
[22:21:14.925]      // while-condition  =>  TRUE
[22:21:14.925]      // while "1"  (timeout="200")
[22:21:14.925]      // while-condition  =>  TRUE
[22:21:14.925]      // while "1"  (timeout="200")
[22:21:14.925]      // while-condition  =>  TRUE
[22:21:14.925]      // while "1"  (timeout="200")
[22:21:14.925]      // while-condition  =>  TRUE
[22:21:14.925]      // while "1"  (timeout="200")
[22:21:14.925]      // while-condition  =>  TRUE
[22:21:14.925]      // while "1"  (timeout="200")
[22:21:14.925]      // while-condition  =>  TRUE
[22:21:14.925]      // while "1"  (timeout="200")
[22:21:14.925]      // while-condition  =>  TRUE
[22:21:14.925]      // while "1"  (timeout="200")
[22:21:14.925]      // while-condition  =>  TRUE
[22:21:14.925]      // while "1"  (timeout="200")
[22:21:14.925]      // while-condition  =>  TRUE
[22:21:14.925]      // while "1"  (timeout="200")
[22:21:14.925]      // while-condition  =>  TRUE
[22:21:14.925]      // while "1"  (timeout="200")
[22:21:14.925]      // while-condition  =>  TRUE
[22:21:14.925]      // while "1"  (timeout="200")
[22:21:14.927]      // while-condition  =>  TRUE
[22:21:14.927]      // while "1"  (timeout="200")
[22:21:14.927]      // while-condition  =>  TRUE
[22:21:14.927]      // while "1"  (timeout="200")
[22:21:14.927]      // while-condition  =>  TRUE
[22:21:14.927]      // while "1"  (timeout="200")
[22:21:14.927]      // while-condition  =>  TRUE
[22:21:14.927]      // while "1"  (timeout="200")
[22:21:14.927]      // while-condition  =>  TRUE
[22:21:14.927]      // while "1"  (timeout="200")
[22:21:14.927]      // while-condition  =>  TRUE
[22:21:14.927]      // while "1"  (timeout="200")
[22:21:14.927]      // while-condition  =>  TRUE
[22:21:14.927]      // while "1"  (timeout="200")
[22:21:14.927]      // while-condition  =>  TRUE
[22:21:14.927]      // while "1"  (timeout="200")
[22:21:14.927]      // while-condition  =>  TRUE
[22:21:14.927]      // while "1"  (timeout="200")
[22:21:14.927]      // while-condition  =>  TRUE
[22:21:14.927]      // while "1"  (timeout="200")
[22:21:14.927]      // while-condition  =>  TRUE
[22:21:14.927]      // while "1"  (timeout="200")
[22:21:14.927]      // while-condition  =>  TRUE
[22:21:14.927]      // while "1"  (timeout="200")
[22:21:14.927]      // while-condition  =>  TRUE
[22:21:14.927]      // while "1"  (timeout="200")
[22:21:14.927]      // while-condition  =>  TRUE
[22:21:14.927]      // while "1"  (timeout="200")
[22:21:14.927]      // while-condition  =>  TRUE
[22:21:14.927]      // while "1"  (timeout="200")
[22:21:14.927]      // while-condition  =>  TRUE
[22:21:14.927]      // while "1"  (timeout="200")
[22:21:14.927]      // while-condition  =>  TRUE
[22:21:14.927]      // while "1"  (timeout="200")
[22:21:14.927]      // while-condition  =>  TRUE
[22:21:14.929]      // while "1"  (timeout="200")
[22:21:14.929]      // while-condition  =>  TRUE
[22:21:14.929]      // while "1"  (timeout="200")
[22:21:14.929]      // while-condition  =>  TRUE
[22:21:14.929]      // while "1"  (timeout="200")
[22:21:14.929]      // while-condition  =>  TRUE
[22:21:14.929]      // while "1"  (timeout="200")
[22:21:14.929]      // while-condition  =>  TRUE
[22:21:14.929]      // while "1"  (timeout="200")
[22:21:14.929]      // while-condition  =>  TRUE
[22:21:14.929]      // while "1"  (timeout="200")
[22:21:14.929]      // while-condition  =>  TRUE
[22:21:14.929]      // while "1"  (timeout="200")
[22:21:14.929]      // while-condition  =>  TRUE
[22:21:14.929]      // while "1"  (timeout="200")
[22:21:14.929]      // while-condition  =>  TRUE
[22:21:14.929]      // while "1"  (timeout="200")
[22:21:14.929]      // while-condition  =>  TRUE
[22:21:14.929]      // while "1"  (timeout="200")
[22:21:14.929]      // while-condition  =>  TRUE
[22:21:14.929]      // while "1"  (timeout="200")
[22:21:14.929]      // while-condition  =>  TRUE
[22:21:14.929]      // while "1"  (timeout="200")
[22:21:14.929]      // while-condition  =>  TRUE
[22:21:14.929]      // while "1"  (timeout="200")
[22:21:14.929]      // while-condition  =>  TRUE
[22:21:14.929]      // while "1"  (timeout="200")
[22:21:14.929]      // while-condition  =>  TRUE
[22:21:14.929]      // while "1"  (timeout="200")
[22:21:14.929]      // while-condition  =>  TRUE
[22:21:14.929]      // while "1"  (timeout="200")
[22:21:14.929]      // while-condition  =>  TRUE
[22:21:14.929]      // while "1"  (timeout="200")
[22:21:14.929]      // while-condition  =>  TRUE
[22:21:14.929]      // while "1"  (timeout="200")
[22:21:14.929]      // while-condition  =>  TRUE
[22:21:14.929]      // while "1"  (timeout="200")
[22:21:14.929]      // while-condition  =>  TRUE
[22:21:14.929]      // while "1"  (timeout="200")
[22:21:14.931]      // while-condition  =>  TRUE
[22:21:14.931]      // while "1"  (timeout="200")
[22:21:14.931]      // while-condition  =>  TRUE
[22:21:14.931]      // while "1"  (timeout="200")
[22:21:14.931]      // while-condition  =>  TRUE
[22:21:14.931]      // while "1"  (timeout="200")
[22:21:14.931]      // while-condition  =>  TRUE
[22:21:14.931]      // while "1"  (timeout="200")
[22:21:14.931]      // while-condition  =>  TRUE
[22:21:14.931]      // while "1"  (timeout="200")
[22:21:14.931]      // while-condition  =>  TRUE
[22:21:14.931]      // while "1"  (timeout="200")
[22:21:14.931]      // while-condition  =>  TRUE
[22:21:14.931]      // while "1"  (timeout="200")
[22:21:14.931]      // while-condition  =>  TRUE
[22:21:14.931]      // while "1"  (timeout="200")
[22:21:14.931]      // while-condition  =>  TRUE
[22:21:14.931]      // while "1"  (timeout="200")
[22:21:14.931]      // while-condition  =>  TRUE
[22:21:14.931]      // while "1"  (timeout="200")
[22:21:14.931]      // while-condition  =>  TRUE
[22:21:14.931]      // while "1"  (timeout="200")
[22:21:14.931]      // while-condition  =>  TRUE
[22:21:14.931]      // while "1"  (timeout="200")
[22:21:14.931]      // while-condition  =>  TRUE
[22:21:14.931]      // while "1"  (timeout="200")
[22:21:14.931]      // while-condition  =>  TRUE
[22:21:14.931]      // while "1"  (timeout="200")
[22:21:14.931]      // while-condition  =>  TRUE
[22:21:14.931]      // while "1"  (timeout="200")
[22:21:14.931]      // while-condition  =>  TRUE
[22:21:14.931]      // while "1"  (timeout="200")
[22:21:14.931]      // while-condition  =>  TRUE
[22:21:14.931]      // while "1"  (timeout="200")
[22:21:14.931]      // while-condition  =>  TRUE
[22:21:14.931]      // while "1"  (timeout="200")
[22:21:14.931]      // while-condition  =>  TRUE
[22:21:14.931]      // while "1"  (timeout="200")
[22:21:14.931]      // while-condition  =>  TRUE
[22:21:14.931]      // while "1"  (timeout="200")
[22:21:14.933]      // while-condition  =>  TRUE
[22:21:14.933]      // while "1"  (timeout="200")
[22:21:14.933]      // while  =>  TIMEOUT
[22:21:14.933]      // end while "1"
[22:21:14.933]    </control>
[22:21:14.933]    <control if="canReadPins" while="" timeout="0" info="">
[22:21:14.933]      // if-block "canReadPins"
[22:21:14.933]        // =>  TRUE
[22:21:14.933]      <control if="" while="(DAP_SWJ_Pins(nReset, nReset, 0) & nReset) == 0" timeout="1000000" info="">
[22:21:14.933]        // while "(DAP_SWJ_Pins(nReset, nReset, 0) & nReset) == 0"  (timeout="1000000")
[22:21:14.935]          // -> [DAP_SWJ_Pins(0x80, 0x80, 0) => 0x8F]   (Out: nRESET=1  =>  In: SWCLK/TCK=1, SWDIO/TMS=1, TDI=1, TDO=1, nTRST=0, nRESET=1)
[22:21:14.935]        // while-condition  =>  FALSE
[22:21:14.935]        // end while "(DAP_SWJ_Pins(nReset, nReset, 0) & nReset) == 0"
[22:21:14.935]      </control>
[22:21:14.935]      // end if-block "canReadPins"
[22:21:14.935]    </control>
[22:21:14.935]    <control if="!canReadPins" while="" timeout="0" info="">
[22:21:14.935]      // if-block "!canReadPins"
[22:21:14.935]        // =>  FALSE
[22:21:14.935]      // skip if-block "!canReadPins"
[22:21:14.935]    </control>
[22:21:14.935]    <control if="(ACCESS_POINT_VAL & 0x00E00000) == 0" while="" timeout="0" info="">
[22:21:14.935]      // if-block "(ACCESS_POINT_VAL & 0x00E00000) == 0"
[22:21:14.935]        // =>  TRUE
[22:21:14.935]      <block atomic="false" info="">
[22:21:14.935]        WriteAP(0x00, 0x190008);
[22:21:14.937]          // -> [WriteAP(0x00000000, 0x00190008)]   (__dp=0x00000000, __ap=0x00000004)
[22:21:14.937]        WriteAP(0xF0, 0x01);
[22:21:14.941]          // -> [WriteAP(0x000000F0, 0x00000001)]   (__dp=0x00000000, __ap=0x00000004)
[22:21:14.941]      </block>
[22:21:14.941]      // end if-block "(ACCESS_POINT_VAL & 0x00E00000) == 0"
[22:21:14.941]    </control>
[22:21:14.941]    <control if="(ACCESS_POINT_VAL & 0x00E00000) != 0" while="" timeout="0" info="">
[22:21:14.941]      // if-block "(ACCESS_POINT_VAL & 0x00E00000) != 0"
[22:21:14.941]        // =>  FALSE
[22:21:14.941]      // skip if-block "(ACCESS_POINT_VAL & 0x00E00000) != 0"
[22:21:14.941]    </control>
[22:21:14.941]    <block atomic="false" info="">
[22:21:14.941]      ACCESS_POINT_VAL = ReadAP(0x00);//Reading current state of access point
[22:21:14.948]        // -> [ReadAP(0x00000000) => 0x0079002F]   (__dp=0x00000000, __ap=0x00000004)
[22:21:14.948]        // -> [ACCESS_POINT_VAL <= 0x0079002F]
[22:21:14.948]      Message(0, "Current state of access point is: %x",ACCESS_POINT_VAL);
[22:21:14.948]      __ap = 0; //lets make sure we reset the access point selection
[22:21:14.948]        // -> [__ap <= 0x00000000]
[22:21:14.948]    </block>
[22:21:14.948]  </sequence>
[22:21:14.950]  
[22:21:14.970]  **********  Sequence "DebugDeviceUnlock"  (Context="Connect", Pname="", info="")
[22:21:14.970]  
[22:21:14.970]  <debugvars>
[22:21:14.970]    // Pre-defined
[22:21:14.970]    __protocol=0x00010002      (Protocol="SWD", SWJ-DP="True")
[22:21:14.970]    __connection=0x00000202    (Connection Type="Flash", Reset Type="System Reset")
[22:21:14.970]    __dp=0x00000000
[22:21:14.970]    __ap=0x00000000
[22:21:14.970]    __traceout=0x00000000      (Trace Disabled)
[22:21:14.970]    __errorcontrol=0x00000000  (Skip Errors="False")
[22:21:14.970]    __FlashAddr=0x00000000
[22:21:14.970]    __FlashLen=0x00000000
[22:21:14.970]    __FlashArg=0x00000000
[22:21:14.970]    __FlashOp=0x00000000
[22:21:14.970]    __Result=0x00000000
[22:21:14.970]  </debugvars>
[22:21:14.970]  
[22:21:14.970]  <sequence name="DebugDeviceUnlock" Pname="" disable="false" info="">
[22:21:14.970]    <block atomic="false" info="">
[22:21:14.970]      __var deviceID = 0;
[22:21:14.970]        // -> [deviceID <= 0x00000000]
[22:21:14.970]      __var version = 0;
[22:21:14.970]        // -> [version <= 0x00000000]
[22:21:14.970]      __var partNum = 0;
[22:21:14.970]        // -> [partNum <= 0x00000000]
[22:21:14.970]      __var manuf = 0;
[22:21:14.970]        // -> [manuf <= 0x00000000]
[22:21:14.970]      __var isMSPM0G1X0X_G3X0X = 0;
[22:21:14.970]        // -> [isMSPM0G1X0X_G3X0X <= 0x00000000]
[22:21:14.970]      __var isProduction = 0;
[22:21:14.972]        // -> [isProduction <= 0x00000000]
[22:21:14.972]      __var continueId = 0;
[22:21:14.972]        // -> [continueId <= 0x00000000]
[22:21:14.972]      deviceID =   Read32(0x41C40004);
[22:21:14.975]        // -> [Read32(0x41C40004) => 0x2BB8802F]   (__dp=0x00000000, __ap=0x00000000)
[22:21:14.975]        // -> [deviceID <= 0x2BB8802F]
[22:21:14.975]      version = deviceID >> 28;
[22:21:14.975]        // -> [version <= 0x00000002]
[22:21:14.975]      partNum = (deviceID & 0x0FFFF000) >> 12;
[22:21:14.975]        // -> [partNum <= 0x0000BB88]
[22:21:14.975]      manuf = (deviceID & 0x00000FFE) >> 1;
[22:21:14.975]        // -> [manuf <= 0x00000017]
[22:21:14.975]      isMSPM0G1X0X_G3X0X = (partNum == 0xBB88) && (manuf == 0x17);
[22:21:14.975]        // -> [isMSPM0G1X0X_G3X0X <= 0x00000001]
[22:21:14.975]      isProduction = (version > 0);
[22:21:14.975]        // -> [isProduction <= 0x00000001]
[22:21:14.975]    </block>
[22:21:14.975]    <control if="!isMSPM0G1X0X_G3X0X" while="" timeout="0" info="">
[22:21:14.975]      // if-block "!isMSPM0G1X0X_G3X0X"
[22:21:14.975]        // =>  FALSE
[22:21:14.975]      // skip if-block "!isMSPM0G1X0X_G3X0X"
[22:21:14.975]    </control>
[22:21:14.975]    <control if="continueId == 4" while="" timeout="0" info="">
[22:21:14.975]      // if-block "continueId == 4"
[22:21:14.975]        // =>  FALSE
[22:21:14.975]      // skip if-block "continueId == 4"
[22:21:14.975]    </control>
[22:21:14.975]    <control if="!isProduction" while="" timeout="0" info="">
[22:21:14.975]      // if-block "!isProduction"
[22:21:14.975]        // =>  FALSE
[22:21:14.975]      // skip if-block "!isProduction"
[22:21:14.975]    </control>
[22:21:14.975]  </sequence>
[22:21:14.975]  
[22:28:25.715]  **********  Sequence "DebugPortSetup"  (Context="Connect", Pname="", info="")
[22:28:25.715]  
[22:28:25.715]  <debugvars>
[22:28:25.715]    // Pre-defined
[22:28:25.715]    __protocol=0x00010002      (Protocol="SWD", SWJ-DP="True")
[22:28:25.715]    __connection=0x00000202    (Connection Type="Flash", Reset Type="System Reset")
[22:28:25.715]    __dp=0x00000000
[22:28:25.715]    __ap=0x00000000
[22:28:25.715]    __traceout=0x00000000      (Trace Disabled)
[22:28:25.715]    __errorcontrol=0x00000000  (Skip Errors="False")
[22:28:25.715]    __FlashAddr=0x00000000
[22:28:25.715]    __FlashLen=0x00000000
[22:28:25.715]    __FlashArg=0x00000000
[22:28:25.715]    __FlashOp=0x00000000
[22:28:25.715]    __Result=0x00000000
[22:28:25.715]  </debugvars>
[22:28:25.715]  
[22:28:25.715]  <sequence name="DebugPortSetup" Pname="" disable="false" info="">
[22:28:25.715]    <block atomic="false" info="">
[22:28:25.715]      __var isSWJ      = ((__protocol & 0x00010000) != 0);
[22:28:25.715]        // -> [isSWJ <= 0x00000001]
[22:28:25.715]      __var hasDormant = __protocol & 0x00020000;
[22:28:25.715]        // -> [hasDormant <= 0x00000000]
[22:28:25.715]      __var protType   = __protocol & 0x0000FFFF;
[22:28:25.715]        // -> [protType <= 0x00000002]
[22:28:25.715]    </block>
[22:28:25.715]    <control if="protType == 1" while="" timeout="0" info="">
[22:28:25.715]      // if-block "protType == 1"
[22:28:25.715]        // =>  FALSE
[22:28:25.715]      // skip if-block "protType == 1"
[22:28:25.715]    </control>
[22:28:25.715]    <control if="protType == 2" while="" timeout="0" info="">
[22:28:25.715]      // if-block "protType == 2"
[22:28:25.715]        // =>  TRUE
[22:28:25.715]      <control if="isSWJ" while="" timeout="0" info="">
[22:28:25.715]        // if-block "isSWJ"
[22:28:25.715]          // =>  TRUE
[22:28:25.715]        <control if="hasDormant" while="" timeout="0" info="">
[22:28:25.715]          // if-block "hasDormant"
[22:28:25.715]            // =>  FALSE
[22:28:25.715]          // skip if-block "hasDormant"
[22:28:25.715]        </control>
[22:28:25.715]        <control if="!hasDormant" while="" timeout="0" info="">
[22:28:25.715]          // if-block "!hasDormant"
[22:28:25.715]            // =>  TRUE
[22:28:25.715]          <block atomic="false" info="">
[22:28:25.715]            DAP_SWJ_Sequence(51, 0x0007FFFFFFFFFFFF); //lets put the JTAG line in a reset state
[22:28:25.715]              // -> [DAP_SWJ_Sequence(51, 0x0007FFFFFFFFFFFF)]
[22:28:25.715]            DAP_SWJ_Sequence(16,0xE73C); //SWD to JTAG, this is to ensure the state machine is initialized
[22:28:25.726]              // -> [DAP_SWJ_Sequence(16, 0x000000000000E73C)]
[22:28:25.726]            DAP_SWJ_Sequence(51, 0x0007FFFFFFFFFFFF); //Put it back in reset
[22:28:25.726]              // -> [DAP_SWJ_Sequence(51, 0x0007FFFFFFFFFFFF)]
[22:28:25.726]            DAP_SWJ_Sequence(16, 0xE79E); //JTAG to SWD switch
[22:28:25.726]              // -> [DAP_SWJ_Sequence(16, 0x000000000000E79E)]
[22:28:25.726]            DAP_SWJ_Sequence(51, 0x0007FFFFFFFFFFFF);  //Ensure the switch is successful 
[22:28:25.726]              // -> [DAP_SWJ_Sequence(51, 0x0007FFFFFFFFFFFF)]
[22:28:25.726]            DAP_SWJ_Sequence(7,  0x00); //Give the line some time to initialize
[22:28:25.726]              // -> [DAP_SWJ_Sequence(7, 0x0000000000000000)]
[22:28:25.726]          </block>
[22:28:25.726]          // end if-block "!hasDormant"
[22:28:25.726]        </control>
[22:28:25.726]        // end if-block "isSWJ"
[22:28:25.726]      </control>
[22:28:25.726]      <control if="!isSWJ" while="" timeout="0" info="">
[22:28:25.726]        // if-block "!isSWJ"
[22:28:25.726]          // =>  FALSE
[22:28:25.726]        // skip if-block "!isSWJ"
[22:28:25.726]      </control>
[22:28:25.726]      <block atomic="false" info="">
[22:28:25.726]        ReadDP(0x0);
[22:28:25.736]          // -> [ReadDP(0x00000000) => 0x6BA02477]   (__dp=0x00000000)
[22:28:25.736]      </block>
[22:28:25.736]      // end if-block "protType == 2"
[22:28:25.736]    </control>
[22:28:25.736]  </sequence>
[22:28:25.736]  
[22:28:25.736]  **********  Sequence "DebugPortStart"  (Context="Connect", Pname="", info="")
[22:28:25.736]  
[22:28:25.736]  <debugvars>
[22:28:25.736]    // Pre-defined
[22:28:25.736]    __protocol=0x00010002      (Protocol="SWD", SWJ-DP="True")
[22:28:25.736]    __connection=0x00000202    (Connection Type="Flash", Reset Type="System Reset")
[22:28:25.736]    __dp=0x00000000
[22:28:25.736]    __ap=0x00000000
[22:28:25.736]    __traceout=0x00000000      (Trace Disabled)
[22:28:25.736]    __errorcontrol=0x00000000  (Skip Errors="False")
[22:28:25.736]    __FlashAddr=0x00000000
[22:28:25.736]    __FlashLen=0x00000000
[22:28:25.736]    __FlashArg=0x00000000
[22:28:25.736]    __FlashOp=0x00000000
[22:28:25.736]    __Result=0x00000000
[22:28:25.736]  </debugvars>
[22:28:25.736]  
[22:28:25.736]  <sequence name="DebugPortStart" Pname="" disable="false" info="">
[22:28:25.736]    <block atomic="false" info="">
[22:28:25.736]      __var SW_DP_ABORT       = 0x0;
[22:28:25.736]        // -> [SW_DP_ABORT <= 0x00000000]
[22:28:25.736]      __var DP_CTRL_STAT      = 0x4;
[22:28:25.736]        // -> [DP_CTRL_STAT <= 0x00000004]
[22:28:25.736]      __var DP_SELECT         = 0x8;
[22:28:25.736]        // -> [DP_SELECT <= 0x00000008]
[22:28:25.736]      __var powered_down      = 0;
[22:28:25.736]        // -> [powered_down <= 0x00000000]
[22:28:25.736]      WriteDP(DP_SELECT, 0x00000000);
[22:28:25.736]        // -> [WriteDP(0x00000008, 0x00000000)]   (__dp=0x00000000)
[22:28:25.736]      powered_down = ((ReadDP(DP_CTRL_STAT) & 0xA0000000) != 0xA0000000);
[22:28:25.736]        // -> [ReadDP(0x00000004) => 0x00000040]   (__dp=0x00000000)
[22:28:25.736]        // -> [powered_down <= 0x00000001]
[22:28:25.736]    </block>
[22:28:25.736]    <control if="powered_down" while="" timeout="0" info="">
[22:28:25.745]      // if-block "powered_down"
[22:28:25.745]        // =>  TRUE
[22:28:25.745]      <block atomic="false" info="">
[22:28:25.745]        Message(0, "Debug/System power-up request sent");
[22:28:25.746]        WriteDP(DP_CTRL_STAT, 0x50000000);
[22:28:25.746]          // -> [WriteDP(0x00000004, 0x50000000)]   (__dp=0x00000000)
[22:28:25.746]      </block>
[22:28:25.746]      <control if="" while="(ReadDP(DP_CTRL_STAT) & 0xA0000000) != 0xA0000000" timeout="1000000" info="">
[22:28:25.746]        // while "(ReadDP(DP_CTRL_STAT) & 0xA0000000) != 0xA0000000"  (timeout="1000000")
[22:28:25.750]          // -> [ReadDP(0x00000004) => 0xF0000040]   (__dp=0x00000000)
[22:28:25.750]        // while-condition  =>  FALSE
[22:28:25.750]        // end while "(ReadDP(DP_CTRL_STAT) & 0xA0000000) != 0xA0000000"
[22:28:25.750]      </control>
[22:28:25.750]      <control if="(__protocol & 0xFFFF) == 1" while="" timeout="0" info="">
[22:28:25.750]        // if-block "(__protocol & 0xFFFF) == 1"
[22:28:25.750]          // =>  FALSE
[22:28:25.750]        // skip if-block "(__protocol & 0xFFFF) == 1"
[22:28:25.750]      </control>
[22:28:25.750]      <control if="(__protocol & 0xFFFF) == 2" while="" timeout="0" info="">
[22:28:25.750]        // if-block "(__protocol & 0xFFFF) == 2"
[22:28:25.750]          // =>  TRUE
[22:28:25.750]        <block atomic="false" info="">
[22:28:25.750]          Message(0, "executing SWD power up");
[22:28:25.750]          WriteDP(DP_CTRL_STAT, 0x50000F00);
[22:28:25.755]            // -> [WriteDP(0x00000004, 0x50000F00)]   (__dp=0x00000000)
[22:28:25.755]          WriteDP(SW_DP_ABORT, 0x0000001E);
[22:28:25.756]            // -> [WriteDP(0x00000000, 0x0000001E)]   (__dp=0x00000000)
[22:28:25.756]        </block>
[22:28:25.756]        // end if-block "(__protocol & 0xFFFF) == 2"
[22:28:25.756]      </control>
[22:28:25.756]      // end if-block "powered_down"
[22:28:25.756]    </control>
[22:28:25.756]    <block atomic="false" info="">
[22:28:25.756]      __var DEBUG_PORT_VAL    = 0;
[22:28:25.756]        // -> [DEBUG_PORT_VAL <= 0x00000000]
[22:28:25.756]      __var ACCESS_POINT_VAL  = 0;
[22:28:25.756]        // -> [ACCESS_POINT_VAL <= 0x00000000]
[22:28:25.756]      __ap = 1; 
[22:28:25.756]        // -> [__ap <= 0x00000001]
[22:28:25.756]      WriteAP(0x0C, 0x04); //lets use the mini pwr-ap as backup
[22:28:25.756]        // -> [WriteAP(0x0000000C, 0x00000004)]   (__dp=0x00000000, __ap=0x00000001)
[22:28:25.756]      __ap = 4;
[22:28:25.756]        // -> [__ap <= 0x00000004]
[22:28:25.756]      ACCESS_POINT_VAL = ReadAP(0x00);//Reading current state of access point
[22:28:25.766]        // -> [ReadAP(0x00000000) => 0x00080027]   (__dp=0x00000000, __ap=0x00000004)
[22:28:25.766]        // -> [ACCESS_POINT_VAL <= 0x00080027]
[22:28:25.766]      Message(0, "Current state of access point is: %x",ACCESS_POINT_VAL);
[22:28:25.766]    </block>
[22:28:25.766]    <block atomic="false" info="">
[22:28:25.766]      __var nReset = 0x80;
[22:28:25.766]        // -> [nReset <= 0x00000080]
[22:28:25.766]      __var canReadPins = 0;
[22:28:25.766]        // -> [canReadPins <= 0x00000000]
[22:28:25.766]      canReadPins = (DAP_SWJ_Pins(0x00, nReset, 0) != 0xFFFFFFFF);
[22:28:25.766]        // -> [DAP_SWJ_Pins(0x00, 0x80, 0) => 0x0F]   (Out: nRESET=0  =>  In: SWCLK/TCK=1, SWDIO/TMS=1, TDI=1, TDO=1, nTRST=0, nRESET=0)
[22:28:25.766]        // -> [canReadPins <= 0x00000001]
[22:28:25.766]    </block>
[22:28:25.766]    <control if="" while="1" timeout="200" info="">
[22:28:25.766]      // while "1"  (timeout="200")
[22:28:25.766]      // while-condition  =>  TRUE
[22:28:25.766]      // while "1"  (timeout="200")
[22:28:25.766]      // while-condition  =>  TRUE
[22:28:25.766]      // while "1"  (timeout="200")
[22:28:25.766]      // while-condition  =>  TRUE
[22:28:25.766]      // while "1"  (timeout="200")
[22:28:25.766]      // while-condition  =>  TRUE
[22:28:25.766]      // while "1"  (timeout="200")
[22:28:25.766]      // while-condition  =>  TRUE
[22:28:25.766]      // while "1"  (timeout="200")
[22:28:25.766]      // while-condition  =>  TRUE
[22:28:25.766]      // while "1"  (timeout="200")
[22:28:25.766]      // while-condition  =>  TRUE
[22:28:25.766]      // while "1"  (timeout="200")
[22:28:25.766]      // while-condition  =>  TRUE
[22:28:25.766]      // while "1"  (timeout="200")
[22:28:25.766]      // while-condition  =>  TRUE
[22:28:25.766]      // while "1"  (timeout="200")
[22:28:25.766]      // while-condition  =>  TRUE
[22:28:25.766]      // while "1"  (timeout="200")
[22:28:25.766]      // while-condition  =>  TRUE
[22:28:25.766]      // while "1"  (timeout="200")
[22:28:25.766]      // while-condition  =>  TRUE
[22:28:25.766]      // while "1"  (timeout="200")
[22:28:25.766]      // while-condition  =>  TRUE
[22:28:25.766]      // while "1"  (timeout="200")
[22:28:25.766]      // while-condition  =>  TRUE
[22:28:25.766]      // while "1"  (timeout="200")
[22:28:25.766]      // while-condition  =>  TRUE
[22:28:25.766]      // while "1"  (timeout="200")
[22:28:25.766]      // while-condition  =>  TRUE
[22:28:25.766]      // while "1"  (timeout="200")
[22:28:25.766]      // while-condition  =>  TRUE
[22:28:25.766]      // while "1"  (timeout="200")
[22:28:25.766]      // while-condition  =>  TRUE
[22:28:25.766]      // while "1"  (timeout="200")
[22:28:25.766]      // while-condition  =>  TRUE
[22:28:25.766]      // while "1"  (timeout="200")
[22:28:25.766]      // while-condition  =>  TRUE
[22:28:25.766]      // while "1"  (timeout="200")
[22:28:25.766]      // while-condition  =>  TRUE
[22:28:25.766]      // while "1"  (timeout="200")
[22:28:25.766]      // while-condition  =>  TRUE
[22:28:25.766]      // while "1"  (timeout="200")
[22:28:25.766]      // while-condition  =>  TRUE
[22:28:25.766]      // while "1"  (timeout="200")
[22:28:25.766]      // while-condition  =>  TRUE
[22:28:25.766]      // while "1"  (timeout="200")
[22:28:25.766]      // while-condition  =>  TRUE
[22:28:25.766]      // while "1"  (timeout="200")
[22:28:25.766]      // while-condition  =>  TRUE
[22:28:25.766]      // while "1"  (timeout="200")
[22:28:25.766]      // while-condition  =>  TRUE
[22:28:25.766]      // while "1"  (timeout="200")
[22:28:25.766]      // while-condition  =>  TRUE
[22:28:25.766]      // while "1"  (timeout="200")
[22:28:25.766]      // while-condition  =>  TRUE
[22:28:25.766]      // while "1"  (timeout="200")
[22:28:25.766]      // while-condition  =>  TRUE
[22:28:25.766]      // while "1"  (timeout="200")
[22:28:25.766]      // while-condition  =>  TRUE
[22:28:25.766]      // while "1"  (timeout="200")
[22:28:25.766]      // while-condition  =>  TRUE
[22:28:25.766]      // while "1"  (timeout="200")
[22:28:25.766]      // while-condition  =>  TRUE
[22:28:25.766]      // while "1"  (timeout="200")
[22:28:25.766]      // while-condition  =>  TRUE
[22:28:25.766]      // while "1"  (timeout="200")
[22:28:25.766]      // while-condition  =>  TRUE
[22:28:25.766]      // while "1"  (timeout="200")
[22:28:25.766]      // while-condition  =>  TRUE
[22:28:25.766]      // while "1"  (timeout="200")
[22:28:25.766]      // while-condition  =>  TRUE
[22:28:25.766]      // while "1"  (timeout="200")
[22:28:25.766]      // while-condition  =>  TRUE
[22:28:25.766]      // while "1"  (timeout="200")
[22:28:25.766]      // while-condition  =>  TRUE
[22:28:25.766]      // while "1"  (timeout="200")
[22:28:25.766]      // while-condition  =>  TRUE
[22:28:25.766]      // while "1"  (timeout="200")
[22:28:25.766]      // while-condition  =>  TRUE
[22:28:25.766]      // while "1"  (timeout="200")
[22:28:25.766]      // while-condition  =>  TRUE
[22:28:25.766]      // while "1"  (timeout="200")
[22:28:25.766]      // while-condition  =>  TRUE
[22:28:25.766]      // while "1"  (timeout="200")
[22:28:25.766]      // while-condition  =>  TRUE
[22:28:25.766]      // while "1"  (timeout="200")
[22:28:25.766]      // while-condition  =>  TRUE
[22:28:25.766]      // while "1"  (timeout="200")
[22:28:25.766]      // while-condition  =>  TRUE
[22:28:25.766]      // while "1"  (timeout="200")
[22:28:25.766]      // while-condition  =>  TRUE
[22:28:25.766]      // while "1"  (timeout="200")
[22:28:25.766]      // while-condition  =>  TRUE
[22:28:25.766]      // while "1"  (timeout="200")
[22:28:25.766]      // while-condition  =>  TRUE
[22:28:25.766]      // while "1"  (timeout="200")
[22:28:25.766]      // while-condition  =>  TRUE
[22:28:25.766]      // while "1"  (timeout="200")
[22:28:25.766]      // while-condition  =>  TRUE
[22:28:25.766]      // while "1"  (timeout="200")
[22:28:25.766]      // while-condition  =>  TRUE
[22:28:25.766]      // while "1"  (timeout="200")
[22:28:25.766]      // while-condition  =>  TRUE
[22:28:25.766]      // while "1"  (timeout="200")
[22:28:25.766]      // while-condition  =>  TRUE
[22:28:25.766]      // while "1"  (timeout="200")
[22:28:25.766]      // while-condition  =>  TRUE
[22:28:25.766]      // while "1"  (timeout="200")
[22:28:25.775]      // while-condition  =>  TRUE
[22:28:25.775]      // while "1"  (timeout="200")
[22:28:25.775]      // while  =>  TIMEOUT
[22:28:25.775]      // end while "1"
[22:28:25.775]    </control>
[22:28:25.775]    <control if="canReadPins" while="" timeout="0" info="">
[22:28:25.775]      // if-block "canReadPins"
[22:28:25.775]        // =>  TRUE
[22:28:25.775]      <control if="" while="(DAP_SWJ_Pins(nReset, nReset, 0) & nReset) == 0" timeout="1000000" info="">
[22:28:25.775]        // while "(DAP_SWJ_Pins(nReset, nReset, 0) & nReset) == 0"  (timeout="1000000")
[22:28:25.776]          // -> [DAP_SWJ_Pins(0x80, 0x80, 0) => 0x8F]   (Out: nRESET=1  =>  In: SWCLK/TCK=1, SWDIO/TMS=1, TDI=1, TDO=1, nTRST=0, nRESET=1)
[22:28:25.776]        // while-condition  =>  FALSE
[22:28:25.776]        // end while "(DAP_SWJ_Pins(nReset, nReset, 0) & nReset) == 0"
[22:28:25.776]      </control>
[22:28:25.776]      // end if-block "canReadPins"
[22:28:25.776]    </control>
[22:28:25.776]    <control if="!canReadPins" while="" timeout="0" info="">
[22:28:25.776]      // if-block "!canReadPins"
[22:28:25.776]        // =>  FALSE
[22:28:25.776]      // skip if-block "!canReadPins"
[22:28:25.776]    </control>
[22:28:25.776]    <control if="(ACCESS_POINT_VAL & 0x00E00000) == 0" while="" timeout="0" info="">
[22:28:25.776]      // if-block "(ACCESS_POINT_VAL & 0x00E00000) == 0"
[22:28:25.776]        // =>  TRUE
[22:28:25.776]      <block atomic="false" info="">
[22:28:25.776]        WriteAP(0x00, 0x190008);
[22:28:25.780]          // -> [WriteAP(0x00000000, 0x00190008)]   (__dp=0x00000000, __ap=0x00000004)
[22:28:25.780]        WriteAP(0xF0, 0x01);
[22:28:25.780]          // -> [WriteAP(0x000000F0, 0x00000001)]   (__dp=0x00000000, __ap=0x00000004)
[22:28:25.785]      </block>
[22:28:25.785]      // end if-block "(ACCESS_POINT_VAL & 0x00E00000) == 0"
[22:28:25.785]    </control>
[22:28:25.785]    <control if="(ACCESS_POINT_VAL & 0x00E00000) != 0" while="" timeout="0" info="">
[22:28:25.785]      // if-block "(ACCESS_POINT_VAL & 0x00E00000) != 0"
[22:28:25.785]        // =>  FALSE
[22:28:25.785]      // skip if-block "(ACCESS_POINT_VAL & 0x00E00000) != 0"
[22:28:25.785]    </control>
[22:28:25.785]    <block atomic="false" info="">
[22:28:25.785]      ACCESS_POINT_VAL = ReadAP(0x00);//Reading current state of access point
[22:28:25.786]        // -> [ReadAP(0x00000000) => 0x0079002F]   (__dp=0x00000000, __ap=0x00000004)
[22:28:25.786]        // -> [ACCESS_POINT_VAL <= 0x0079002F]
[22:28:25.786]      Message(0, "Current state of access point is: %x",ACCESS_POINT_VAL);
[22:28:25.786]      __ap = 0; //lets make sure we reset the access point selection
[22:28:25.786]        // -> [__ap <= 0x00000000]
[22:28:25.786]    </block>
[22:28:25.786]  </sequence>
[22:28:25.786]  
[22:28:25.806]  **********  Sequence "DebugDeviceUnlock"  (Context="Connect", Pname="", info="")
[22:28:25.806]  
[22:28:25.806]  <debugvars>
[22:28:25.806]    // Pre-defined
[22:28:25.806]    __protocol=0x00010002      (Protocol="SWD", SWJ-DP="True")
[22:28:25.806]    __connection=0x00000202    (Connection Type="Flash", Reset Type="System Reset")
[22:28:25.806]    __dp=0x00000000
[22:28:25.806]    __ap=0x00000000
[22:28:25.806]    __traceout=0x00000000      (Trace Disabled)
[22:28:25.806]    __errorcontrol=0x00000000  (Skip Errors="False")
[22:28:25.806]    __FlashAddr=0x00000000
[22:28:25.806]    __FlashLen=0x00000000
[22:28:25.806]    __FlashArg=0x00000000
[22:28:25.806]    __FlashOp=0x00000000
[22:28:25.806]    __Result=0x00000000
[22:28:25.806]  </debugvars>
[22:28:25.806]  
[22:28:25.806]  <sequence name="DebugDeviceUnlock" Pname="" disable="false" info="">
[22:28:25.806]    <block atomic="false" info="">
[22:28:25.806]      __var deviceID = 0;
[22:28:25.806]        // -> [deviceID <= 0x00000000]
[22:28:25.806]      __var version = 0;
[22:28:25.806]        // -> [version <= 0x00000000]
[22:28:25.806]      __var partNum = 0;
[22:28:25.806]        // -> [partNum <= 0x00000000]
[22:28:25.806]      __var manuf = 0;
[22:28:25.806]        // -> [manuf <= 0x00000000]
[22:28:25.806]      __var isMSPM0G1X0X_G3X0X = 0;
[22:28:25.806]        // -> [isMSPM0G1X0X_G3X0X <= 0x00000000]
[22:28:25.806]      __var isProduction = 0;
[22:28:25.806]        // -> [isProduction <= 0x00000000]
[22:28:25.806]      __var continueId = 0;
[22:28:25.806]        // -> [continueId <= 0x00000000]
[22:28:25.806]      deviceID =   Read32(0x41C40004);
[22:28:25.816]        // -> [Read32(0x41C40004) => 0x2BB8802F]   (__dp=0x00000000, __ap=0x00000000)
[22:28:25.816]        // -> [deviceID <= 0x2BB8802F]
[22:28:25.816]      version = deviceID >> 28;
[22:28:25.816]        // -> [version <= 0x00000002]
[22:28:25.816]      partNum = (deviceID & 0x0FFFF000) >> 12;
[22:28:25.816]        // -> [partNum <= 0x0000BB88]
[22:28:25.816]      manuf = (deviceID & 0x00000FFE) >> 1;
[22:28:25.816]        // -> [manuf <= 0x00000017]
[22:28:25.816]      isMSPM0G1X0X_G3X0X = (partNum == 0xBB88) && (manuf == 0x17);
[22:28:25.816]        // -> [isMSPM0G1X0X_G3X0X <= 0x00000001]
[22:28:25.816]      isProduction = (version > 0);
[22:28:25.816]        // -> [isProduction <= 0x00000001]
[22:28:25.816]    </block>
[22:28:25.816]    <control if="!isMSPM0G1X0X_G3X0X" while="" timeout="0" info="">
[22:28:25.816]      // if-block "!isMSPM0G1X0X_G3X0X"
[22:28:25.816]        // =>  FALSE
[22:28:25.816]      // skip if-block "!isMSPM0G1X0X_G3X0X"
[22:28:25.816]    </control>
[22:28:25.816]    <control if="continueId == 4" while="" timeout="0" info="">
[22:28:25.816]      // if-block "continueId == 4"
[22:28:25.816]        // =>  FALSE
[22:28:25.816]      // skip if-block "continueId == 4"
[22:28:25.816]    </control>
[22:28:25.816]    <control if="!isProduction" while="" timeout="0" info="">
[22:28:25.816]      // if-block "!isProduction"
[22:28:25.816]        // =>  FALSE
[22:28:25.816]      // skip if-block "!isProduction"
[22:28:25.816]    </control>
[22:28:25.816]  </sequence>
[22:28:25.816]  
[22:30:23.205]  **********  Sequence "DebugPortSetup"  (Context="Connect", Pname="", info="")
[22:30:23.205]  
[22:30:23.205]  <debugvars>
[22:30:23.205]    // Pre-defined
[22:30:23.205]    __protocol=0x00010002      (Protocol="SWD", SWJ-DP="True")
[22:30:23.205]    __connection=0x00000202    (Connection Type="Flash", Reset Type="System Reset")
[22:30:23.205]    __dp=0x00000000
[22:30:23.205]    __ap=0x00000000
[22:30:23.205]    __traceout=0x00000000      (Trace Disabled)
[22:30:23.205]    __errorcontrol=0x00000000  (Skip Errors="False")
[22:30:23.205]    __FlashAddr=0x00000000
[22:30:23.205]    __FlashLen=0x00000000
[22:30:23.205]    __FlashArg=0x00000000
[22:30:23.205]    __FlashOp=0x00000000
[22:30:23.205]    __Result=0x00000000
[22:30:23.205]  </debugvars>
[22:30:23.205]  
[22:30:23.205]  <sequence name="DebugPortSetup" Pname="" disable="false" info="">
[22:30:23.205]    <block atomic="false" info="">
[22:30:23.205]      __var isSWJ      = ((__protocol & 0x00010000) != 0);
[22:30:23.214]        // -> [isSWJ <= 0x00000001]
[22:30:23.214]      __var hasDormant = __protocol & 0x00020000;
[22:30:23.214]        // -> [hasDormant <= 0x00000000]
[22:30:23.214]      __var protType   = __protocol & 0x0000FFFF;
[22:30:23.215]        // -> [protType <= 0x00000002]
[22:30:23.215]    </block>
[22:30:23.215]    <control if="protType == 1" while="" timeout="0" info="">
[22:30:23.215]      // if-block "protType == 1"
[22:30:23.215]        // =>  FALSE
[22:30:23.215]      // skip if-block "protType == 1"
[22:30:23.215]    </control>
[22:30:23.215]    <control if="protType == 2" while="" timeout="0" info="">
[22:30:23.215]      // if-block "protType == 2"
[22:30:23.215]        // =>  TRUE
[22:30:23.215]      <control if="isSWJ" while="" timeout="0" info="">
[22:30:23.215]        // if-block "isSWJ"
[22:30:23.215]          // =>  TRUE
[22:30:23.215]        <control if="hasDormant" while="" timeout="0" info="">
[22:30:23.215]          // if-block "hasDormant"
[22:30:23.215]            // =>  FALSE
[22:30:23.215]          // skip if-block "hasDormant"
[22:30:23.215]        </control>
[22:30:23.215]        <control if="!hasDormant" while="" timeout="0" info="">
[22:30:23.215]          // if-block "!hasDormant"
[22:30:23.215]            // =>  TRUE
[22:30:23.215]          <block atomic="false" info="">
[22:30:23.215]            DAP_SWJ_Sequence(51, 0x0007FFFFFFFFFFFF); //lets put the JTAG line in a reset state
[22:30:23.215]              // -> [DAP_SWJ_Sequence(51, 0x0007FFFFFFFFFFFF)]
[22:30:23.215]            DAP_SWJ_Sequence(16,0xE73C); //SWD to JTAG, this is to ensure the state machine is initialized
[22:30:23.215]              // -> [DAP_SWJ_Sequence(16, 0x000000000000E73C)]
[22:30:23.215]            DAP_SWJ_Sequence(51, 0x0007FFFFFFFFFFFF); //Put it back in reset
[22:30:23.215]              // -> [DAP_SWJ_Sequence(51, 0x0007FFFFFFFFFFFF)]
[22:30:23.215]            DAP_SWJ_Sequence(16, 0xE79E); //JTAG to SWD switch
[22:30:23.215]              // -> [DAP_SWJ_Sequence(16, 0x000000000000E79E)]
[22:30:23.224]            DAP_SWJ_Sequence(51, 0x0007FFFFFFFFFFFF);  //Ensure the switch is successful 
[22:30:23.225]              // -> [DAP_SWJ_Sequence(51, 0x0007FFFFFFFFFFFF)]
[22:30:23.225]            DAP_SWJ_Sequence(7,  0x00); //Give the line some time to initialize
[22:30:23.225]              // -> [DAP_SWJ_Sequence(7, 0x0000000000000000)]
[22:30:23.225]          </block>
[22:30:23.225]          // end if-block "!hasDormant"
[22:30:23.225]        </control>
[22:30:23.225]        // end if-block "isSWJ"
[22:30:23.225]      </control>
[22:30:23.225]      <control if="!isSWJ" while="" timeout="0" info="">
[22:30:23.225]        // if-block "!isSWJ"
[22:30:23.225]          // =>  FALSE
[22:30:23.225]        // skip if-block "!isSWJ"
[22:30:23.225]      </control>
[22:30:23.225]      <block atomic="false" info="">
[22:30:23.225]        ReadDP(0x0);
[22:30:23.225]          // -> [ReadDP(0x00000000) => 0x6BA02477]   (__dp=0x00000000)
[22:30:23.225]      </block>
[22:30:23.225]      // end if-block "protType == 2"
[22:30:23.225]    </control>
[22:30:23.225]  </sequence>
[22:30:23.225]  
[22:30:23.234]  **********  Sequence "DebugPortStart"  (Context="Connect", Pname="", info="")
[22:30:23.234]  
[22:30:23.234]  <debugvars>
[22:30:23.234]    // Pre-defined
[22:30:23.234]    __protocol=0x00010002      (Protocol="SWD", SWJ-DP="True")
[22:30:23.234]    __connection=0x00000202    (Connection Type="Flash", Reset Type="System Reset")
[22:30:23.234]    __dp=0x00000000
[22:30:23.234]    __ap=0x00000000
[22:30:23.234]    __traceout=0x00000000      (Trace Disabled)
[22:30:23.234]    __errorcontrol=0x00000000  (Skip Errors="False")
[22:30:23.234]    __FlashAddr=0x00000000
[22:30:23.234]    __FlashLen=0x00000000
[22:30:23.234]    __FlashArg=0x00000000
[22:30:23.234]    __FlashOp=0x00000000
[22:30:23.235]    __Result=0x00000000
[22:30:23.235]  </debugvars>
[22:30:23.235]  
[22:30:23.235]  <sequence name="DebugPortStart" Pname="" disable="false" info="">
[22:30:23.235]    <block atomic="false" info="">
[22:30:23.235]      __var SW_DP_ABORT       = 0x0;
[22:30:23.235]        // -> [SW_DP_ABORT <= 0x00000000]
[22:30:23.235]      __var DP_CTRL_STAT      = 0x4;
[22:30:23.235]        // -> [DP_CTRL_STAT <= 0x00000004]
[22:30:23.235]      __var DP_SELECT         = 0x8;
[22:30:23.235]        // -> [DP_SELECT <= 0x00000008]
[22:30:23.235]      __var powered_down      = 0;
[22:30:23.235]        // -> [powered_down <= 0x00000000]
[22:30:23.235]      WriteDP(DP_SELECT, 0x00000000);
[22:30:23.235]        // -> [WriteDP(0x00000008, 0x00000000)]   (__dp=0x00000000)
[22:30:23.235]      powered_down = ((ReadDP(DP_CTRL_STAT) & 0xA0000000) != 0xA0000000);
[22:30:23.235]        // -> [ReadDP(0x00000004) => 0x00000040]   (__dp=0x00000000)
[22:30:23.235]        // -> [powered_down <= 0x00000001]
[22:30:23.235]    </block>
[22:30:23.235]    <control if="powered_down" while="" timeout="0" info="">
[22:30:23.235]      // if-block "powered_down"
[22:30:23.235]        // =>  TRUE
[22:30:23.235]      <block atomic="false" info="">
[22:30:23.235]        Message(0, "Debug/System power-up request sent");
[22:30:23.235]        WriteDP(DP_CTRL_STAT, 0x50000000);
[22:30:23.235]          // -> [WriteDP(0x00000004, 0x50000000)]   (__dp=0x00000000)
[22:30:23.235]      </block>
[22:30:23.235]      <control if="" while="(ReadDP(DP_CTRL_STAT) & 0xA0000000) != 0xA0000000" timeout="1000000" info="">
[22:30:23.235]        // while "(ReadDP(DP_CTRL_STAT) & 0xA0000000) != 0xA0000000"  (timeout="1000000")
[22:30:23.244]          // -> [ReadDP(0x00000004) => 0xF0000040]   (__dp=0x00000000)
[22:30:23.244]        // while-condition  =>  FALSE
[22:30:23.244]        // end while "(ReadDP(DP_CTRL_STAT) & 0xA0000000) != 0xA0000000"
[22:30:23.244]      </control>
[22:30:23.244]      <control if="(__protocol & 0xFFFF) == 1" while="" timeout="0" info="">
[22:30:23.244]        // if-block "(__protocol & 0xFFFF) == 1"
[22:30:23.244]          // =>  FALSE
[22:30:23.244]        // skip if-block "(__protocol & 0xFFFF) == 1"
[22:30:23.244]      </control>
[22:30:23.244]      <control if="(__protocol & 0xFFFF) == 2" while="" timeout="0" info="">
[22:30:23.244]        // if-block "(__protocol & 0xFFFF) == 2"
[22:30:23.244]          // =>  TRUE
[22:30:23.244]        <block atomic="false" info="">
[22:30:23.244]          Message(0, "executing SWD power up");
[22:30:23.244]          WriteDP(DP_CTRL_STAT, 0x50000F00);
[22:30:23.244]            // -> [WriteDP(0x00000004, 0x50000F00)]   (__dp=0x00000000)
[22:30:23.244]          WriteDP(SW_DP_ABORT, 0x0000001E);
[22:30:23.244]            // -> [WriteDP(0x00000000, 0x0000001E)]   (__dp=0x00000000)
[22:30:23.244]        </block>
[22:30:23.244]        // end if-block "(__protocol & 0xFFFF) == 2"
[22:30:23.244]      </control>
[22:30:23.244]      // end if-block "powered_down"
[22:30:23.244]    </control>
[22:30:23.244]    <block atomic="false" info="">
[22:30:23.244]      __var DEBUG_PORT_VAL    = 0;
[22:30:23.244]        // -> [DEBUG_PORT_VAL <= 0x00000000]
[22:30:23.244]      __var ACCESS_POINT_VAL  = 0;
[22:30:23.244]        // -> [ACCESS_POINT_VAL <= 0x00000000]
[22:30:23.244]      __ap = 1; 
[22:30:23.244]        // -> [__ap <= 0x00000001]
[22:30:23.244]      WriteAP(0x0C, 0x04); //lets use the mini pwr-ap as backup
[22:30:23.254]        // -> [WriteAP(0x0000000C, 0x00000004)]   (__dp=0x00000000, __ap=0x00000001)
[22:30:23.254]      __ap = 4;
[22:30:23.254]        // -> [__ap <= 0x00000004]
[22:30:23.254]      ACCESS_POINT_VAL = ReadAP(0x00);//Reading current state of access point
[22:30:23.255]        // -> [ReadAP(0x00000000) => 0x00080027]   (__dp=0x00000000, __ap=0x00000004)
[22:30:23.255]        // -> [ACCESS_POINT_VAL <= 0x00080027]
[22:30:23.255]      Message(0, "Current state of access point is: %x",ACCESS_POINT_VAL);
[22:30:23.255]    </block>
[22:30:23.255]    <block atomic="false" info="">
[22:30:23.255]      __var nReset = 0x80;
[22:30:23.255]        // -> [nReset <= 0x00000080]
[22:30:23.255]      __var canReadPins = 0;
[22:30:23.255]        // -> [canReadPins <= 0x00000000]
[22:30:23.255]      canReadPins = (DAP_SWJ_Pins(0x00, nReset, 0) != 0xFFFFFFFF);
[22:30:23.255]        // -> [DAP_SWJ_Pins(0x00, 0x80, 0) => 0x0F]   (Out: nRESET=0  =>  In: SWCLK/TCK=1, SWDIO/TMS=1, TDI=1, TDO=1, nTRST=0, nRESET=0)
[22:30:23.255]        // -> [canReadPins <= 0x00000001]
[22:30:23.255]    </block>
[22:30:23.255]    <control if="" while="1" timeout="200" info="">
[22:30:23.255]      // while "1"  (timeout="200")
[22:30:23.255]      // while-condition  =>  TRUE
[22:30:23.255]      // while "1"  (timeout="200")
[22:30:23.255]      // while-condition  =>  TRUE
[22:30:23.255]      // while "1"  (timeout="200")
[22:30:23.255]      // while-condition  =>  TRUE
[22:30:23.255]      // while "1"  (timeout="200")
[22:30:23.255]      // while-condition  =>  TRUE
[22:30:23.255]      // while "1"  (timeout="200")
[22:30:23.255]      // while-condition  =>  TRUE
[22:30:23.255]      // while "1"  (timeout="200")
[22:30:23.255]      // while-condition  =>  TRUE
[22:30:23.255]      // while "1"  (timeout="200")
[22:30:23.255]      // while-condition  =>  TRUE
[22:30:23.255]      // while "1"  (timeout="200")
[22:30:23.255]      // while-condition  =>  TRUE
[22:30:23.255]      // while "1"  (timeout="200")
[22:30:23.255]      // while-condition  =>  TRUE
[22:30:23.255]      // while "1"  (timeout="200")
[22:30:23.255]      // while-condition  =>  TRUE
[22:30:23.255]      // while "1"  (timeout="200")
[22:30:23.255]      // while-condition  =>  TRUE
[22:30:23.255]      // while "1"  (timeout="200")
[22:30:23.255]      // while-condition  =>  TRUE
[22:30:23.255]      // while "1"  (timeout="200")
[22:30:23.255]      // while-condition  =>  TRUE
[22:30:23.255]      // while "1"  (timeout="200")
[22:30:23.255]      // while-condition  =>  TRUE
[22:30:23.255]      // while "1"  (timeout="200")
[22:30:23.255]      // while-condition  =>  TRUE
[22:30:23.255]      // while "1"  (timeout="200")
[22:30:23.255]      // while-condition  =>  TRUE
[22:30:23.255]      // while "1"  (timeout="200")
[22:30:23.255]      // while-condition  =>  TRUE
[22:30:23.255]      // while "1"  (timeout="200")
[22:30:23.255]      // while-condition  =>  TRUE
[22:30:23.255]      // while "1"  (timeout="200")
[22:30:23.255]      // while-condition  =>  TRUE
[22:30:23.255]      // while "1"  (timeout="200")
[22:30:23.263]      // while-condition  =>  TRUE
[22:30:23.263]      // while "1"  (timeout="200")
[22:30:23.263]      // while  =>  TIMEOUT
[22:30:23.263]      // end while "1"
[22:30:23.263]    </control>
[22:30:23.263]    <control if="canReadPins" while="" timeout="0" info="">
[22:30:23.263]      // if-block "canReadPins"
[22:30:23.263]        // =>  TRUE
[22:30:23.263]      <control if="" while="(DAP_SWJ_Pins(nReset, nReset, 0) & nReset) == 0" timeout="1000000" info="">
[22:30:23.263]        // while "(DAP_SWJ_Pins(nReset, nReset, 0) & nReset) == 0"  (timeout="1000000")
[22:30:23.265]          // -> [DAP_SWJ_Pins(0x80, 0x80, 0) => 0x8F]   (Out: nRESET=1  =>  In: SWCLK/TCK=1, SWDIO/TMS=1, TDI=1, TDO=1, nTRST=0, nRESET=1)
[22:30:23.265]        // while-condition  =>  FALSE
[22:30:23.265]        // end while "(DAP_SWJ_Pins(nReset, nReset, 0) & nReset) == 0"
[22:30:23.265]      </control>
[22:30:23.265]      // end if-block "canReadPins"
[22:30:23.265]    </control>
[22:30:23.265]    <control if="!canReadPins" while="" timeout="0" info="">
[22:30:23.265]      // if-block "!canReadPins"
[22:30:23.265]        // =>  FALSE
[22:30:23.265]      // skip if-block "!canReadPins"
[22:30:23.265]    </control>
[22:30:23.265]    <control if="(ACCESS_POINT_VAL & 0x00E00000) == 0" while="" timeout="0" info="">
[22:30:23.265]      // if-block "(ACCESS_POINT_VAL & 0x00E00000) == 0"
[22:30:23.265]        // =>  TRUE
[22:30:23.265]      <block atomic="false" info="">
[22:30:23.265]        WriteAP(0x00, 0x190008);
[22:30:23.265]          // -> [WriteAP(0x00000000, 0x00190008)]   (__dp=0x00000000, __ap=0x00000004)
[22:30:23.265]        WriteAP(0xF0, 0x01);
[22:30:23.265]          // -> [WriteAP(0x000000F0, 0x00000001)]   (__dp=0x00000000, __ap=0x00000004)
[22:30:23.265]      </block>
[22:30:23.265]      // end if-block "(ACCESS_POINT_VAL & 0x00E00000) == 0"
[22:30:23.265]    </control>
[22:30:23.265]    <control if="(ACCESS_POINT_VAL & 0x00E00000) != 0" while="" timeout="0" info="">
[22:30:23.265]      // if-block "(ACCESS_POINT_VAL & 0x00E00000) != 0"
[22:30:23.265]        // =>  FALSE
[22:30:23.265]      // skip if-block "(ACCESS_POINT_VAL & 0x00E00000) != 0"
[22:30:23.265]    </control>
[22:30:23.265]    <block atomic="false" info="">
[22:30:23.265]      ACCESS_POINT_VAL = ReadAP(0x00);//Reading current state of access point
[22:30:23.275]        // -> [ReadAP(0x00000000) => 0x0079002F]   (__dp=0x00000000, __ap=0x00000004)
[22:30:23.275]        // -> [ACCESS_POINT_VAL <= 0x0079002F]
[22:30:23.275]      Message(0, "Current state of access point is: %x",ACCESS_POINT_VAL);
[22:30:23.275]      __ap = 0; //lets make sure we reset the access point selection
[22:30:23.275]        // -> [__ap <= 0x00000000]
[22:30:23.275]    </block>
[22:30:23.275]  </sequence>
[22:30:23.275]  
[22:30:23.295]  **********  Sequence "DebugDeviceUnlock"  (Context="Connect", Pname="", info="")
[22:30:23.295]  
[22:30:23.295]  <debugvars>
[22:30:23.295]    // Pre-defined
[22:30:23.295]    __protocol=0x00010002      (Protocol="SWD", SWJ-DP="True")
[22:30:23.295]    __connection=0x00000202    (Connection Type="Flash", Reset Type="System Reset")
[22:30:23.295]    __dp=0x00000000
[22:30:23.295]    __ap=0x00000000
[22:30:23.295]    __traceout=0x00000000      (Trace Disabled)
[22:30:23.295]    __errorcontrol=0x00000000  (Skip Errors="False")
[22:30:23.295]    __FlashAddr=0x00000000
[22:30:23.295]    __FlashLen=0x00000000
[22:30:23.295]    __FlashArg=0x00000000
[22:30:23.295]    __FlashOp=0x00000000
[22:30:23.295]    __Result=0x00000000
[22:30:23.295]  </debugvars>
[22:30:23.295]  
[22:30:23.295]  <sequence name="DebugDeviceUnlock" Pname="" disable="false" info="">
[22:30:23.295]    <block atomic="false" info="">
[22:30:23.295]      __var deviceID = 0;
[22:30:23.295]        // -> [deviceID <= 0x00000000]
[22:30:23.295]      __var version = 0;
[22:30:23.295]        // -> [version <= 0x00000000]
[22:30:23.295]      __var partNum = 0;
[22:30:23.295]        // -> [partNum <= 0x00000000]
[22:30:23.295]      __var manuf = 0;
[22:30:23.295]        // -> [manuf <= 0x00000000]
[22:30:23.295]      __var isMSPM0G1X0X_G3X0X = 0;
[22:30:23.295]        // -> [isMSPM0G1X0X_G3X0X <= 0x00000000]
[22:30:23.295]      __var isProduction = 0;
[22:30:23.295]        // -> [isProduction <= 0x00000000]
[22:30:23.295]      __var continueId = 0;
[22:30:23.295]        // -> [continueId <= 0x00000000]
[22:30:23.295]      deviceID =   Read32(0x41C40004);
[22:30:23.305]        // -> [Read32(0x41C40004) => 0x2BB8802F]   (__dp=0x00000000, __ap=0x00000000)
[22:30:23.305]        // -> [deviceID <= 0x2BB8802F]
[22:30:23.305]      version = deviceID >> 28;
[22:30:23.305]        // -> [version <= 0x00000002]
[22:30:23.305]      partNum = (deviceID & 0x0FFFF000) >> 12;
[22:30:23.305]        // -> [partNum <= 0x0000BB88]
[22:30:23.305]      manuf = (deviceID & 0x00000FFE) >> 1;
[22:30:23.305]        // -> [manuf <= 0x00000017]
[22:30:23.305]      isMSPM0G1X0X_G3X0X = (partNum == 0xBB88) && (manuf == 0x17);
[22:30:23.305]        // -> [isMSPM0G1X0X_G3X0X <= 0x00000001]
[22:30:23.305]      isProduction = (version > 0);
[22:30:23.305]        // -> [isProduction <= 0x00000001]
[22:30:23.305]    </block>
[22:30:23.305]    <control if="!isMSPM0G1X0X_G3X0X" while="" timeout="0" info="">
[22:30:23.305]      // if-block "!isMSPM0G1X0X_G3X0X"
[22:30:23.305]        // =>  FALSE
[22:30:23.305]      // skip if-block "!isMSPM0G1X0X_G3X0X"
[22:30:23.305]    </control>
[22:30:23.305]    <control if="continueId == 4" while="" timeout="0" info="">
[22:30:23.305]      // if-block "continueId == 4"
[22:30:23.305]        // =>  FALSE
[22:30:23.305]      // skip if-block "continueId == 4"
[22:30:23.305]    </control>
[22:30:23.305]    <control if="!isProduction" while="" timeout="0" info="">
[22:30:23.305]      // if-block "!isProduction"
[22:30:23.305]        // =>  FALSE
[22:30:23.305]      // skip if-block "!isProduction"
[22:30:23.305]    </control>
[22:30:23.305]  </sequence>
[22:30:23.305]  
[22:33:23.459]  **********  Sequence "DebugPortSetup"  (Context="Connect", Pname="", info="")
[22:33:23.459]  
[22:33:23.459]  <debugvars>
[22:33:23.459]    // Pre-defined
[22:33:23.459]    __protocol=0x00010002      (Protocol="SWD", SWJ-DP="True")
[22:33:23.459]    __connection=0x00000202    (Connection Type="Flash", Reset Type="System Reset")
[22:33:23.459]    __dp=0x00000000
[22:33:23.459]    __ap=0x00000000
[22:33:23.459]    __traceout=0x00000000      (Trace Disabled)
[22:33:23.459]    __errorcontrol=0x00000000  (Skip Errors="False")
[22:33:23.459]    __FlashAddr=0x00000000
[22:33:23.459]    __FlashLen=0x00000000
[22:33:23.459]    __FlashArg=0x00000000
[22:33:23.459]    __FlashOp=0x00000000
[22:33:23.459]    __Result=0x00000000
[22:33:23.459]  </debugvars>
[22:33:23.459]  
[22:33:23.459]  <sequence name="DebugPortSetup" Pname="" disable="false" info="">
[22:33:23.459]    <block atomic="false" info="">
[22:33:23.459]      __var isSWJ      = ((__protocol & 0x00010000) != 0);
[22:33:23.459]        // -> [isSWJ <= 0x00000001]
[22:33:23.459]      __var hasDormant = __protocol & 0x00020000;
[22:33:23.459]        // -> [hasDormant <= 0x00000000]
[22:33:23.459]      __var protType   = __protocol & 0x0000FFFF;
[22:33:23.459]        // -> [protType <= 0x00000002]
[22:33:23.459]    </block>
[22:33:23.459]    <control if="protType == 1" while="" timeout="0" info="">
[22:33:23.459]      // if-block "protType == 1"
[22:33:23.459]        // =>  FALSE
[22:33:23.459]      // skip if-block "protType == 1"
[22:33:23.459]    </control>
[22:33:23.459]    <control if="protType == 2" while="" timeout="0" info="">
[22:33:23.459]      // if-block "protType == 2"
[22:33:23.459]        // =>  TRUE
[22:33:23.459]      <control if="isSWJ" while="" timeout="0" info="">
[22:33:23.459]        // if-block "isSWJ"
[22:33:23.459]          // =>  TRUE
[22:33:23.459]        <control if="hasDormant" while="" timeout="0" info="">
[22:33:23.459]          // if-block "hasDormant"
[22:33:23.459]            // =>  FALSE
[22:33:23.459]          // skip if-block "hasDormant"
[22:33:23.459]        </control>
[22:33:23.459]        <control if="!hasDormant" while="" timeout="0" info="">
[22:33:23.459]          // if-block "!hasDormant"
[22:33:23.459]            // =>  TRUE
[22:33:23.459]          <block atomic="false" info="">
[22:33:23.459]            DAP_SWJ_Sequence(51, 0x0007FFFFFFFFFFFF); //lets put the JTAG line in a reset state
[22:33:23.466]              // -> [DAP_SWJ_Sequence(51, 0x0007FFFFFFFFFFFF)]
[22:33:23.467]            DAP_SWJ_Sequence(16,0xE73C); //SWD to JTAG, this is to ensure the state machine is initialized
[22:33:23.467]              // -> [DAP_SWJ_Sequence(16, 0x000000000000E73C)]
[22:33:23.467]            DAP_SWJ_Sequence(51, 0x0007FFFFFFFFFFFF); //Put it back in reset
[22:33:23.469]              // -> [DAP_SWJ_Sequence(51, 0x0007FFFFFFFFFFFF)]
[22:33:23.469]            DAP_SWJ_Sequence(16, 0xE79E); //JTAG to SWD switch
[22:33:23.471]              // -> [DAP_SWJ_Sequence(16, 0x000000000000E79E)]
[22:33:23.471]            DAP_SWJ_Sequence(51, 0x0007FFFFFFFFFFFF);  //Ensure the switch is successful 
[22:33:23.474]              // -> [DAP_SWJ_Sequence(51, 0x0007FFFFFFFFFFFF)]
[22:33:23.474]            DAP_SWJ_Sequence(7,  0x00); //Give the line some time to initialize
[22:33:23.475]              // -> [DAP_SWJ_Sequence(7, 0x0000000000000000)]
[22:33:23.475]          </block>
[22:33:23.475]          // end if-block "!hasDormant"
[22:33:23.475]        </control>
[22:33:23.475]        // end if-block "isSWJ"
[22:33:23.475]      </control>
[22:33:23.475]      <control if="!isSWJ" while="" timeout="0" info="">
[22:33:23.475]        // if-block "!isSWJ"
[22:33:23.475]          // =>  FALSE
[22:33:23.475]        // skip if-block "!isSWJ"
[22:33:23.475]      </control>
[22:33:23.475]      <block atomic="false" info="">
[22:33:23.475]        ReadDP(0x0);
[22:33:23.477]          // -> [ReadDP(0x00000000) => 0x6BA02477]   (__dp=0x00000000)
[22:33:23.477]      </block>
[22:33:23.477]      // end if-block "protType == 2"
[22:33:23.477]    </control>
[22:33:23.477]  </sequence>
[22:33:23.477]  
[22:33:23.482]  **********  Sequence "DebugPortStart"  (Context="Connect", Pname="", info="")
[22:33:23.482]  
[22:33:23.482]  <debugvars>
[22:33:23.482]    // Pre-defined
[22:33:23.482]    __protocol=0x00010002      (Protocol="SWD", SWJ-DP="True")
[22:33:23.482]    __connection=0x00000202    (Connection Type="Flash", Reset Type="System Reset")
[22:33:23.482]    __dp=0x00000000
[22:33:23.482]    __ap=0x00000000
[22:33:23.482]    __traceout=0x00000000      (Trace Disabled)
[22:33:23.482]    __errorcontrol=0x00000000  (Skip Errors="False")
[22:33:23.482]    __FlashAddr=0x00000000
[22:33:23.482]    __FlashLen=0x00000000
[22:33:23.483]    __FlashArg=0x00000000
[22:33:23.483]    __FlashOp=0x00000000
[22:33:23.483]    __Result=0x00000000
[22:33:23.483]  </debugvars>
[22:33:23.483]  
[22:33:23.483]  <sequence name="DebugPortStart" Pname="" disable="false" info="">
[22:33:23.483]    <block atomic="false" info="">
[22:33:23.483]      __var SW_DP_ABORT       = 0x0;
[22:33:23.483]        // -> [SW_DP_ABORT <= 0x00000000]
[22:33:23.483]      __var DP_CTRL_STAT      = 0x4;
[22:33:23.483]        // -> [DP_CTRL_STAT <= 0x00000004]
[22:33:23.483]      __var DP_SELECT         = 0x8;
[22:33:23.483]        // -> [DP_SELECT <= 0x00000008]
[22:33:23.483]      __var powered_down      = 0;
[22:33:23.483]        // -> [powered_down <= 0x00000000]
[22:33:23.483]      WriteDP(DP_SELECT, 0x00000000);
[22:33:23.485]        // -> [WriteDP(0x00000008, 0x00000000)]   (__dp=0x00000000)
[22:33:23.485]      powered_down = ((ReadDP(DP_CTRL_STAT) & 0xA0000000) != 0xA0000000);
[22:33:23.487]        // -> [ReadDP(0x00000004) => 0x00000040]   (__dp=0x00000000)
[22:33:23.487]        // -> [powered_down <= 0x00000001]
[22:33:23.487]    </block>
[22:33:23.487]    <control if="powered_down" while="" timeout="0" info="">
[22:33:23.487]      // if-block "powered_down"
[22:33:23.487]        // =>  TRUE
[22:33:23.487]      <block atomic="false" info="">
[22:33:23.487]        Message(0, "Debug/System power-up request sent");
[22:33:23.489]        WriteDP(DP_CTRL_STAT, 0x50000000);
[22:33:23.490]          // -> [WriteDP(0x00000004, 0x50000000)]   (__dp=0x00000000)
[22:33:23.491]      </block>
[22:33:23.491]      <control if="" while="(ReadDP(DP_CTRL_STAT) & 0xA0000000) != 0xA0000000" timeout="1000000" info="">
[22:33:23.491]        // while "(ReadDP(DP_CTRL_STAT) & 0xA0000000) != 0xA0000000"  (timeout="1000000")
[22:33:23.492]          // -> [ReadDP(0x00000004) => 0xF0000040]   (__dp=0x00000000)
[22:33:23.493]        // while-condition  =>  FALSE
[22:33:23.493]        // end while "(ReadDP(DP_CTRL_STAT) & 0xA0000000) != 0xA0000000"
[22:33:23.493]      </control>
[22:33:23.493]      <control if="(__protocol & 0xFFFF) == 1" while="" timeout="0" info="">
[22:33:23.493]        // if-block "(__protocol & 0xFFFF) == 1"
[22:33:23.493]          // =>  FALSE
[22:33:23.493]        // skip if-block "(__protocol & 0xFFFF) == 1"
[22:33:23.493]      </control>
[22:33:23.493]      <control if="(__protocol & 0xFFFF) == 2" while="" timeout="0" info="">
[22:33:23.493]        // if-block "(__protocol & 0xFFFF) == 2"
[22:33:23.493]          // =>  TRUE
[22:33:23.493]        <block atomic="false" info="">
[22:33:23.493]          Message(0, "executing SWD power up");
[22:33:23.494]          WriteDP(DP_CTRL_STAT, 0x50000F00);
[22:33:23.497]            // -> [WriteDP(0x00000004, 0x50000F00)]   (__dp=0x00000000)
[22:33:23.497]          WriteDP(SW_DP_ABORT, 0x0000001E);
[22:33:23.499]            // -> [WriteDP(0x00000000, 0x0000001E)]   (__dp=0x00000000)
[22:33:23.499]        </block>
[22:33:23.499]        // end if-block "(__protocol & 0xFFFF) == 2"
[22:33:23.499]      </control>
[22:33:23.499]      // end if-block "powered_down"
[22:33:23.499]    </control>
[22:33:23.499]    <block atomic="false" info="">
[22:33:23.499]      __var DEBUG_PORT_VAL    = 0;
[22:33:23.499]        // -> [DEBUG_PORT_VAL <= 0x00000000]
[22:33:23.499]      __var ACCESS_POINT_VAL  = 0;
[22:33:23.499]        // -> [ACCESS_POINT_VAL <= 0x00000000]
[22:33:23.499]      __ap = 1; 
[22:33:23.499]        // -> [__ap <= 0x00000001]
[22:33:23.499]      WriteAP(0x0C, 0x04); //lets use the mini pwr-ap as backup
[22:33:23.505]        // -> [WriteAP(0x0000000C, 0x00000004)]   (__dp=0x00000000, __ap=0x00000001)
[22:33:23.505]      __ap = 4;
[22:33:23.506]        // -> [__ap <= 0x00000004]
[22:33:23.506]      ACCESS_POINT_VAL = ReadAP(0x00);//Reading current state of access point
[22:33:23.506]        // -> [ReadAP(0x00000000) => 0x00080027]   (__dp=0x00000000, __ap=0x00000004)
[22:33:23.509]        // -> [ACCESS_POINT_VAL <= 0x00080027]
[22:33:23.509]      Message(0, "Current state of access point is: %x",ACCESS_POINT_VAL);
[22:33:23.509]    </block>
[22:33:23.509]    <block atomic="false" info="">
[22:33:23.509]      __var nReset = 0x80;
[22:33:23.509]        // -> [nReset <= 0x00000080]
[22:33:23.509]      __var canReadPins = 0;
[22:33:23.509]        // -> [canReadPins <= 0x00000000]
[22:33:23.509]      canReadPins = (DAP_SWJ_Pins(0x00, nReset, 0) != 0xFFFFFFFF);
[22:33:23.509]        // -> [DAP_SWJ_Pins(0x00, 0x80, 0) => 0x0F]   (Out: nRESET=0  =>  In: SWCLK/TCK=1, SWDIO/TMS=1, TDI=1, TDO=1, nTRST=0, nRESET=0)
[22:33:23.509]        // -> [canReadPins <= 0x00000001]
[22:33:23.509]    </block>
[22:33:23.509]    <control if="" while="1" timeout="200" info="">
[22:33:23.509]      // while "1"  (timeout="200")
[22:33:23.509]      // while-condition  =>  TRUE
[22:33:23.509]      // while "1"  (timeout="200")
[22:33:23.509]      // while-condition  =>  TRUE
[22:33:23.509]      // while "1"  (timeout="200")
[22:33:23.509]      // while-condition  =>  TRUE
[22:33:23.509]      // while "1"  (timeout="200")
[22:33:23.509]      // while-condition  =>  TRUE
[22:33:23.509]      // while "1"  (timeout="200")
[22:33:23.509]      // while-condition  =>  TRUE
[22:33:23.509]      // while "1"  (timeout="200")
[22:33:23.509]      // while-condition  =>  TRUE
[22:33:23.509]      // while "1"  (timeout="200")
[22:33:23.509]      // while-condition  =>  TRUE
[22:33:23.509]      // while "1"  (timeout="200")
[22:33:23.509]      // while-condition  =>  TRUE
[22:33:23.509]      // while "1"  (timeout="200")
[22:33:23.509]      // while-condition  =>  TRUE
[22:33:23.509]      // while "1"  (timeout="200")
[22:33:23.509]      // while-condition  =>  TRUE
[22:33:23.509]      // while "1"  (timeout="200")
[22:33:23.514]      // while-condition  =>  TRUE
[22:33:23.514]      // while "1"  (timeout="200")
[22:33:23.514]      // while  =>  TIMEOUT
[22:33:23.515]      // end while "1"
[22:33:23.515]    </control>
[22:33:23.515]    <control if="canReadPins" while="" timeout="0" info="">
[22:33:23.515]      // if-block "canReadPins"
[22:33:23.515]        // =>  TRUE
[22:33:23.515]      <control if="" while="(DAP_SWJ_Pins(nReset, nReset, 0) & nReset) == 0" timeout="1000000" info="">
[22:33:23.515]        // while "(DAP_SWJ_Pins(nReset, nReset, 0) & nReset) == 0"  (timeout="1000000")
[22:33:23.517]          // -> [DAP_SWJ_Pins(0x80, 0x80, 0) => 0x8F]   (Out: nRESET=1  =>  In: SWCLK/TCK=1, SWDIO/TMS=1, TDI=1, TDO=1, nTRST=0, nRESET=1)
[22:33:23.517]        // while-condition  =>  FALSE
[22:33:23.517]        // end while "(DAP_SWJ_Pins(nReset, nReset, 0) & nReset) == 0"
[22:33:23.517]      </control>
[22:33:23.517]      // end if-block "canReadPins"
[22:33:23.517]    </control>
[22:33:23.517]    <control if="!canReadPins" while="" timeout="0" info="">
[22:33:23.517]      // if-block "!canReadPins"
[22:33:23.518]        // =>  FALSE
[22:33:23.518]      // skip if-block "!canReadPins"
[22:33:23.518]    </control>
[22:33:23.518]    <control if="(ACCESS_POINT_VAL & 0x00E00000) == 0" while="" timeout="0" info="">
[22:33:23.518]      // if-block "(ACCESS_POINT_VAL & 0x00E00000) == 0"
[22:33:23.518]        // =>  TRUE
[22:33:23.518]      <block atomic="false" info="">
[22:33:23.518]        WriteAP(0x00, 0x190008);
[22:33:23.520]          // -> [WriteAP(0x00000000, 0x00190008)]   (__dp=0x00000000, __ap=0x00000004)
[22:33:23.520]        WriteAP(0xF0, 0x01);
[22:33:23.526]          // -> [WriteAP(0x000000F0, 0x00000001)]   (__dp=0x00000000, __ap=0x00000004)
[22:33:23.526]      </block>
[22:33:23.526]      // end if-block "(ACCESS_POINT_VAL & 0x00E00000) == 0"
[22:33:23.526]    </control>
[22:33:23.526]    <control if="(ACCESS_POINT_VAL & 0x00E00000) != 0" while="" timeout="0" info="">
[22:33:23.526]      // if-block "(ACCESS_POINT_VAL & 0x00E00000) != 0"
[22:33:23.526]        // =>  FALSE
[22:33:23.526]      // skip if-block "(ACCESS_POINT_VAL & 0x00E00000) != 0"
[22:33:23.526]    </control>
[22:33:23.527]    <block atomic="false" info="">
[22:33:23.527]      ACCESS_POINT_VAL = ReadAP(0x00);//Reading current state of access point
[22:33:23.531]        // -> [ReadAP(0x00000000) => 0x0079002F]   (__dp=0x00000000, __ap=0x00000004)
[22:33:23.531]        // -> [ACCESS_POINT_VAL <= 0x0079002F]
[22:33:23.531]      Message(0, "Current state of access point is: %x",ACCESS_POINT_VAL);
[22:33:23.531]      __ap = 0; //lets make sure we reset the access point selection
[22:33:23.531]        // -> [__ap <= 0x00000000]
[22:33:23.531]    </block>
[22:33:23.531]  </sequence>
[22:33:23.531]  
[22:33:23.555]  **********  Sequence "DebugDeviceUnlock"  (Context="Connect", Pname="", info="")
[22:33:23.555]  
[22:33:23.555]  <debugvars>
[22:33:23.555]    // Pre-defined
[22:33:23.555]    __protocol=0x00010002      (Protocol="SWD", SWJ-DP="True")
[22:33:23.555]    __connection=0x00000202    (Connection Type="Flash", Reset Type="System Reset")
[22:33:23.555]    __dp=0x00000000
[22:33:23.555]    __ap=0x00000000
[22:33:23.555]    __traceout=0x00000000      (Trace Disabled)
[22:33:23.555]    __errorcontrol=0x00000000  (Skip Errors="False")
[22:33:23.555]    __FlashAddr=0x00000000
[22:33:23.555]    __FlashLen=0x00000000
[22:33:23.555]    __FlashArg=0x00000000
[22:33:23.555]    __FlashOp=0x00000000
[22:33:23.555]    __Result=0x00000000
[22:33:23.555]  </debugvars>
[22:33:23.555]  
[22:33:23.555]  <sequence name="DebugDeviceUnlock" Pname="" disable="false" info="">
[22:33:23.555]    <block atomic="false" info="">
[22:33:23.555]      __var deviceID = 0;
[22:33:23.555]        // -> [deviceID <= 0x00000000]
[22:33:23.555]      __var version = 0;
[22:33:23.555]        // -> [version <= 0x00000000]
[22:33:23.555]      __var partNum = 0;
[22:33:23.555]        // -> [partNum <= 0x00000000]
[22:33:23.555]      __var manuf = 0;
[22:33:23.555]        // -> [manuf <= 0x00000000]
[22:33:23.555]      __var isMSPM0G1X0X_G3X0X = 0;
[22:33:23.555]        // -> [isMSPM0G1X0X_G3X0X <= 0x00000000]
[22:33:23.555]      __var isProduction = 0;
[22:33:23.555]        // -> [isProduction <= 0x00000000]
[22:33:23.555]      __var continueId = 0;
[22:33:23.555]        // -> [continueId <= 0x00000000]
[22:33:23.555]      deviceID =   Read32(0x41C40004);
[22:33:23.566]        // -> [Read32(0x41C40004) => 0x2BB8802F]   (__dp=0x00000000, __ap=0x00000000)
[22:33:23.566]        // -> [deviceID <= 0x2BB8802F]
[22:33:23.566]      version = deviceID >> 28;
[22:33:23.566]        // -> [version <= 0x00000002]
[22:33:23.566]      partNum = (deviceID & 0x0FFFF000) >> 12;
[22:33:23.566]        // -> [partNum <= 0x0000BB88]
[22:33:23.566]      manuf = (deviceID & 0x00000FFE) >> 1;
[22:33:23.566]        // -> [manuf <= 0x00000017]
[22:33:23.566]      isMSPM0G1X0X_G3X0X = (partNum == 0xBB88) && (manuf == 0x17);
[22:33:23.567]        // -> [isMSPM0G1X0X_G3X0X <= 0x00000001]
[22:33:23.567]      isProduction = (version > 0);
[22:33:23.567]        // -> [isProduction <= 0x00000001]
[22:33:23.567]    </block>
[22:33:23.567]    <control if="!isMSPM0G1X0X_G3X0X" while="" timeout="0" info="">
[22:33:23.567]      // if-block "!isMSPM0G1X0X_G3X0X"
[22:33:23.567]        // =>  FALSE
[22:33:23.567]      // skip if-block "!isMSPM0G1X0X_G3X0X"
[22:33:23.567]    </control>
[22:33:23.567]    <control if="continueId == 4" while="" timeout="0" info="">
[22:33:23.567]      // if-block "continueId == 4"
[22:33:23.567]        // =>  FALSE
[22:33:23.567]      // skip if-block "continueId == 4"
[22:33:23.567]    </control>
[22:33:23.567]    <control if="!isProduction" while="" timeout="0" info="">
[22:33:23.567]      // if-block "!isProduction"
[22:33:23.567]        // =>  FALSE
[22:33:23.567]      // skip if-block "!isProduction"
[22:33:23.567]    </control>
[22:33:23.567]  </sequence>
[22:33:23.567]  
[23:04:37.304]  **********  Sequence "DebugPortSetup"  (Context="Connect", Pname="", info="")
[23:04:37.304]  
[23:04:37.315]  <debugvars>
[23:04:37.315]    // Pre-defined
[23:04:37.315]    __protocol=0x00010002      (Protocol="SWD", SWJ-DP="True")
[23:04:37.315]    __connection=0x00000202    (Connection Type="Flash", Reset Type="System Reset")
[23:04:37.315]    __dp=0x00000000
[23:04:37.315]    __ap=0x00000000
[23:04:37.315]    __traceout=0x00000000      (Trace Disabled)
[23:04:37.315]    __errorcontrol=0x00000000  (Skip Errors="False")
[23:04:37.315]    __FlashAddr=0x00000000
[23:04:37.315]    __FlashLen=0x00000000
[23:04:37.315]    __FlashArg=0x00000000
[23:04:37.315]    __FlashOp=0x00000000
[23:04:37.315]    __Result=0x00000000
[23:04:37.315]  </debugvars>
[23:04:37.315]  
[23:04:37.315]  <sequence name="DebugPortSetup" Pname="" disable="false" info="">
[23:04:37.315]    <block atomic="false" info="">
[23:04:37.315]      __var isSWJ      = ((__protocol & 0x00010000) != 0);
[23:04:37.315]        // -> [isSWJ <= 0x00000001]
[23:04:37.315]      __var hasDormant = __protocol & 0x00020000;
[23:04:37.315]        // -> [hasDormant <= 0x00000000]
[23:04:37.315]      __var protType   = __protocol & 0x0000FFFF;
[23:04:37.315]        // -> [protType <= 0x00000002]
[23:04:37.315]    </block>
[23:04:37.315]    <control if="protType == 1" while="" timeout="0" info="">
[23:04:37.315]      // if-block "protType == 1"
[23:04:37.315]        // =>  FALSE
[23:04:37.315]      // skip if-block "protType == 1"
[23:04:37.315]    </control>
[23:04:37.315]    <control if="protType == 2" while="" timeout="0" info="">
[23:04:37.315]      // if-block "protType == 2"
[23:04:37.315]        // =>  TRUE
[23:04:37.315]      <control if="isSWJ" while="" timeout="0" info="">
[23:04:37.315]        // if-block "isSWJ"
[23:04:37.315]          // =>  TRUE
[23:04:37.315]        <control if="hasDormant" while="" timeout="0" info="">
[23:04:37.315]          // if-block "hasDormant"
[23:04:37.315]            // =>  FALSE
[23:04:37.315]          // skip if-block "hasDormant"
[23:04:37.318]        </control>
[23:04:37.318]        <control if="!hasDormant" while="" timeout="0" info="">
[23:04:37.318]          // if-block "!hasDormant"
[23:04:37.318]            // =>  TRUE
[23:04:37.318]          <block atomic="false" info="">
[23:04:37.318]            DAP_SWJ_Sequence(51, 0x0007FFFFFFFFFFFF); //lets put the JTAG line in a reset state
[23:04:37.318]              // -> [DAP_SWJ_Sequence(51, 0x0007FFFFFFFFFFFF)]
[23:04:37.318]            DAP_SWJ_Sequence(16,0xE73C); //SWD to JTAG, this is to ensure the state machine is initialized
[23:04:37.323]              // -> [DAP_SWJ_Sequence(16, 0x000000000000E73C)]
[23:04:37.324]            DAP_SWJ_Sequence(51, 0x0007FFFFFFFFFFFF); //Put it back in reset
[23:04:37.324]              // -> [DAP_SWJ_Sequence(51, 0x0007FFFFFFFFFFFF)]
[23:04:37.324]            DAP_SWJ_Sequence(16, 0xE79E); //JTAG to SWD switch
[23:04:37.326]              // -> [DAP_SWJ_Sequence(16, 0x000000000000E79E)]
[23:04:37.326]            DAP_SWJ_Sequence(51, 0x0007FFFFFFFFFFFF);  //Ensure the switch is successful 
[23:04:37.328]              // -> [DAP_SWJ_Sequence(51, 0x0007FFFFFFFFFFFF)]
[23:04:37.328]            DAP_SWJ_Sequence(7,  0x00); //Give the line some time to initialize
[23:04:37.330]              // -> [DAP_SWJ_Sequence(7, 0x0000000000000000)]
[23:04:37.330]          </block>
[23:04:37.330]          // end if-block "!hasDormant"
[23:04:37.330]        </control>
[23:04:37.330]        // end if-block "isSWJ"
[23:04:37.330]      </control>
[23:04:37.332]      <control if="!isSWJ" while="" timeout="0" info="">
[23:04:37.332]        // if-block "!isSWJ"
[23:04:37.332]          // =>  FALSE
[23:04:37.332]        // skip if-block "!isSWJ"
[23:04:37.332]      </control>
[23:04:37.332]      <block atomic="false" info="">
[23:04:37.332]        ReadDP(0x0);
[23:04:37.334]          // -> [ReadDP(0x00000000) => 0x6BA02477]   (__dp=0x00000000)
[23:04:37.334]      </block>
[23:04:37.334]      // end if-block "protType == 2"
[23:04:37.334]    </control>
[23:04:37.334]  </sequence>
[23:04:37.334]  
[23:04:37.338]  **********  Sequence "DebugPortStart"  (Context="Connect", Pname="", info="")
[23:04:37.338]  
[23:04:37.338]  <debugvars>
[23:04:37.338]    // Pre-defined
[23:04:37.338]    __protocol=0x00010002      (Protocol="SWD", SWJ-DP="True")
[23:04:37.338]    __connection=0x00000202    (Connection Type="Flash", Reset Type="System Reset")
[23:04:37.338]    __dp=0x00000000
[23:04:37.338]    __ap=0x00000000
[23:04:37.338]    __traceout=0x00000000      (Trace Disabled)
[23:04:37.338]    __errorcontrol=0x00000000  (Skip Errors="False")
[23:04:37.338]    __FlashAddr=0x00000000
[23:04:37.338]    __FlashLen=0x00000000
[23:04:37.338]    __FlashArg=0x00000000
[23:04:37.338]    __FlashOp=0x00000000
[23:04:37.338]    __Result=0x00000000
[23:04:37.338]  </debugvars>
[23:04:37.338]  
[23:04:37.338]  <sequence name="DebugPortStart" Pname="" disable="false" info="">
[23:04:37.338]    <block atomic="false" info="">
[23:04:37.338]      __var SW_DP_ABORT       = 0x0;
[23:04:37.338]        // -> [SW_DP_ABORT <= 0x00000000]
[23:04:37.338]      __var DP_CTRL_STAT      = 0x4;
[23:04:37.338]        // -> [DP_CTRL_STAT <= 0x00000004]
[23:04:37.338]      __var DP_SELECT         = 0x8;
[23:04:37.338]        // -> [DP_SELECT <= 0x00000008]
[23:04:37.338]      __var powered_down      = 0;
[23:04:37.338]        // -> [powered_down <= 0x00000000]
[23:04:37.338]      WriteDP(DP_SELECT, 0x00000000);
[23:04:37.340]        // -> [WriteDP(0x00000008, 0x00000000)]   (__dp=0x00000000)
[23:04:37.340]      powered_down = ((ReadDP(DP_CTRL_STAT) & 0xA0000000) != 0xA0000000);
[23:04:37.343]        // -> [ReadDP(0x00000004) => 0x00000040]   (__dp=0x00000000)
[23:04:37.344]        // -> [powered_down <= 0x00000001]
[23:04:37.344]    </block>
[23:04:37.344]    <control if="powered_down" while="" timeout="0" info="">
[23:04:37.344]      // if-block "powered_down"
[23:04:37.344]        // =>  TRUE
[23:04:37.344]      <block atomic="false" info="">
[23:04:37.344]        Message(0, "Debug/System power-up request sent");
[23:04:37.344]        WriteDP(DP_CTRL_STAT, 0x50000000);
[23:04:37.346]          // -> [WriteDP(0x00000004, 0x50000000)]   (__dp=0x00000000)
[23:04:37.346]      </block>
[23:04:37.346]      <control if="" while="(ReadDP(DP_CTRL_STAT) & 0xA0000000) != 0xA0000000" timeout="1000000" info="">
[23:04:37.346]        // while "(ReadDP(DP_CTRL_STAT) & 0xA0000000) != 0xA0000000"  (timeout="1000000")
[23:04:37.348]          // -> [ReadDP(0x00000004) => 0xF0000040]   (__dp=0x00000000)
[23:04:37.348]        // while-condition  =>  FALSE
[23:04:37.348]        // end while "(ReadDP(DP_CTRL_STAT) & 0xA0000000) != 0xA0000000"
[23:04:37.348]      </control>
[23:04:37.348]      <control if="(__protocol & 0xFFFF) == 1" while="" timeout="0" info="">
[23:04:37.348]        // if-block "(__protocol & 0xFFFF) == 1"
[23:04:37.348]          // =>  FALSE
[23:04:37.348]        // skip if-block "(__protocol & 0xFFFF) == 1"
[23:04:37.348]      </control>
[23:04:37.348]      <control if="(__protocol & 0xFFFF) == 2" while="" timeout="0" info="">
[23:04:37.348]        // if-block "(__protocol & 0xFFFF) == 2"
[23:04:37.348]          // =>  TRUE
[23:04:37.348]        <block atomic="false" info="">
[23:04:37.350]          Message(0, "executing SWD power up");
[23:04:37.350]          WriteDP(DP_CTRL_STAT, 0x50000F00);
[23:04:37.354]            // -> [WriteDP(0x00000004, 0x50000F00)]   (__dp=0x00000000)
[23:04:37.354]          WriteDP(SW_DP_ABORT, 0x0000001E);
[23:04:37.356]            // -> [WriteDP(0x00000000, 0x0000001E)]   (__dp=0x00000000)
[23:04:37.417]        </block>
[23:04:37.417]        // end if-block "(__protocol & 0xFFFF) == 2"
[23:04:37.417]      </control>
[23:04:37.417]      // end if-block "powered_down"
[23:04:37.417]    </control>
[23:04:37.417]    <block atomic="false" info="">
[23:04:37.417]      __var DEBUG_PORT_VAL    = 0;
[23:04:37.417]        // -> [DEBUG_PORT_VAL <= 0x00000000]
[23:04:37.417]      __var ACCESS_POINT_VAL  = 0;
[23:04:37.417]        // -> [ACCESS_POINT_VAL <= 0x00000000]
[23:04:37.417]      __ap = 1; 
[23:04:37.417]        // -> [__ap <= 0x00000001]
[23:04:37.417]      WriteAP(0x0C, 0x04); //lets use the mini pwr-ap as backup
[23:04:37.417]        // -> [WriteAP(0x0000000C, 0x00000004)]   (__dp=0x00000000, __ap=0x00000001)
[23:04:37.417]      __ap = 4;
[23:04:37.417]        // -> [__ap <= 0x00000004]
[23:04:37.417]      ACCESS_POINT_VAL = ReadAP(0x00);//Reading current state of access point
[23:04:37.424]        // -> [ReadAP(0x00000000) => 0x00080027]   (__dp=0x00000000, __ap=0x00000004)
[23:04:37.424]        // -> [ACCESS_POINT_VAL <= 0x00080027]
[23:04:37.424]      Message(0, "Current state of access point is: %x",ACCESS_POINT_VAL);
[23:04:37.424]    </block>
[23:04:37.424]    <block atomic="false" info="">
[23:04:37.424]      __var nReset = 0x80;
[23:04:37.424]        // -> [nReset <= 0x00000080]
[23:04:37.424]      __var canReadPins = 0;
[23:04:37.424]        // -> [canReadPins <= 0x00000000]
[23:04:37.424]      canReadPins = (DAP_SWJ_Pins(0x00, nReset, 0) != 0xFFFFFFFF);
[23:04:37.429]        // -> [DAP_SWJ_Pins(0x00, 0x80, 0) => 0x0F]   (Out: nRESET=0  =>  In: SWCLK/TCK=1, SWDIO/TMS=1, TDI=1, TDO=1, nTRST=0, nRESET=0)
[23:04:37.429]        // -> [canReadPins <= 0x00000001]
[23:04:37.429]    </block>
[23:04:37.429]    <control if="" while="1" timeout="200" info="">
[23:04:37.429]      // while "1"  (timeout="200")
[23:04:37.429]      // while-condition  =>  TRUE
[23:04:37.429]      // while "1"  (timeout="200")
[23:04:37.429]      // while-condition  =>  TRUE
[23:04:37.429]      // while "1"  (timeout="200")
[23:04:37.429]      // while-condition  =>  TRUE
[23:04:37.429]      // while "1"  (timeout="200")
[23:04:37.429]      // while-condition  =>  TRUE
[23:04:37.429]      // while "1"  (timeout="200")
[23:04:37.429]      // while-condition  =>  TRUE
[23:04:37.429]      // while "1"  (timeout="200")
[23:04:37.429]      // while-condition  =>  TRUE
[23:04:37.429]      // while "1"  (timeout="200")
[23:04:37.429]      // while-condition  =>  TRUE
[23:04:37.429]      // while "1"  (timeout="200")
[23:04:37.429]      // while-condition  =>  TRUE
[23:04:37.429]      // while "1"  (timeout="200")
[23:04:37.429]      // while-condition  =>  TRUE
[23:04:37.429]      // while "1"  (timeout="200")
[23:04:37.429]      // while-condition  =>  TRUE
[23:04:37.429]      // while "1"  (timeout="200")
[23:04:37.429]      // while-condition  =>  TRUE
[23:04:37.429]      // while "1"  (timeout="200")
[23:04:37.429]      // while-condition  =>  TRUE
[23:04:37.429]      // while "1"  (timeout="200")
[23:04:37.429]      // while-condition  =>  TRUE
[23:04:37.429]      // while "1"  (timeout="200")
[23:04:37.429]      // while-condition  =>  TRUE
[23:04:37.429]      // while "1"  (timeout="200")
[23:04:37.429]      // while-condition  =>  TRUE
[23:04:37.429]      // while "1"  (timeout="200")
[23:04:37.429]      // while-condition  =>  TRUE
[23:04:37.429]      // while "1"  (timeout="200")
[23:04:37.429]      // while-condition  =>  TRUE
[23:04:37.429]      // while "1"  (timeout="200")
[23:04:37.429]      // while-condition  =>  TRUE
[23:04:37.429]      // while "1"  (timeout="200")
[23:04:37.429]      // while-condition  =>  TRUE
[23:04:37.429]      // while "1"  (timeout="200")
[23:04:37.429]      // while-condition  =>  TRUE
[23:04:37.429]      // while "1"  (timeout="200")
[23:04:37.429]      // while-condition  =>  TRUE
[23:04:37.429]      // while "1"  (timeout="200")
[23:04:37.429]      // while-condition  =>  TRUE
[23:04:37.429]      // while "1"  (timeout="200")
[23:04:37.429]      // while-condition  =>  TRUE
[23:04:37.429]      // while "1"  (timeout="200")
[23:04:37.429]      // while-condition  =>  TRUE
[23:04:37.429]      // while "1"  (timeout="200")
[23:04:37.429]      // while-condition  =>  TRUE
[23:04:37.429]      // while "1"  (timeout="200")
[23:04:37.429]      // while-condition  =>  TRUE
[23:04:37.429]      // while "1"  (timeout="200")
[23:04:37.429]      // while-condition  =>  TRUE
[23:04:37.429]      // while "1"  (timeout="200")
[23:04:37.429]      // while-condition  =>  TRUE
[23:04:37.429]      // while "1"  (timeout="200")
[23:04:37.429]      // while-condition  =>  TRUE
[23:04:37.429]      // while "1"  (timeout="200")
[23:04:37.429]      // while-condition  =>  TRUE
[23:04:37.433]      // while "1"  (timeout="200")
[23:04:37.433]      // while  =>  TIMEOUT
[23:04:37.433]      // end while "1"
[23:04:37.433]    </control>
[23:04:37.433]    <control if="canReadPins" while="" timeout="0" info="">
[23:04:37.433]      // if-block "canReadPins"
[23:04:37.433]        // =>  TRUE
[23:04:37.433]      <control if="" while="(DAP_SWJ_Pins(nReset, nReset, 0) & nReset) == 0" timeout="1000000" info="">
[23:04:37.433]        // while "(DAP_SWJ_Pins(nReset, nReset, 0) & nReset) == 0"  (timeout="1000000")
[23:04:37.435]          // -> [DAP_SWJ_Pins(0x80, 0x80, 0) => 0x8F]   (Out: nRESET=1  =>  In: SWCLK/TCK=1, SWDIO/TMS=1, TDI=1, TDO=1, nTRST=0, nRESET=1)
[23:04:37.435]        // while-condition  =>  FALSE
[23:04:37.435]        // end while "(DAP_SWJ_Pins(nReset, nReset, 0) & nReset) == 0"
[23:04:37.435]      </control>
[23:04:37.435]      // end if-block "canReadPins"
[23:04:37.435]    </control>
[23:04:37.435]    <control if="!canReadPins" while="" timeout="0" info="">
[23:04:37.435]      // if-block "!canReadPins"
[23:04:37.435]        // =>  FALSE
[23:04:37.435]      // skip if-block "!canReadPins"
[23:04:37.435]    </control>
[23:04:37.435]    <control if="(ACCESS_POINT_VAL & 0x00E00000) == 0" while="" timeout="0" info="">
[23:04:37.435]      // if-block "(ACCESS_POINT_VAL & 0x00E00000) == 0"
[23:04:37.435]        // =>  TRUE
[23:04:37.435]      <block atomic="false" info="">
[23:04:37.435]        WriteAP(0x00, 0x190008);
[23:04:37.435]          // -> [WriteAP(0x00000000, 0x00190008)]   (__dp=0x00000000, __ap=0x00000004)
[23:04:37.435]        WriteAP(0xF0, 0x01);
[23:04:37.435]          // -> [WriteAP(0x000000F0, 0x00000001)]   (__dp=0x00000000, __ap=0x00000004)
[23:04:37.435]      </block>
[23:04:37.435]      // end if-block "(ACCESS_POINT_VAL & 0x00E00000) == 0"
[23:04:37.435]    </control>
[23:04:37.435]    <control if="(ACCESS_POINT_VAL & 0x00E00000) != 0" while="" timeout="0" info="">
[23:04:37.435]      // if-block "(ACCESS_POINT_VAL & 0x00E00000) != 0"
[23:04:37.435]        // =>  FALSE
[23:04:37.435]      // skip if-block "(ACCESS_POINT_VAL & 0x00E00000) != 0"
[23:04:37.435]    </control>
[23:04:37.435]    <block atomic="false" info="">
[23:04:37.435]      ACCESS_POINT_VAL = ReadAP(0x00);//Reading current state of access point
[23:04:37.444]        // -> [ReadAP(0x00000000) => 0x0079002F]   (__dp=0x00000000, __ap=0x00000004)
[23:04:37.444]        // -> [ACCESS_POINT_VAL <= 0x0079002F]
[23:04:37.444]      Message(0, "Current state of access point is: %x",ACCESS_POINT_VAL);
[23:04:37.444]      __ap = 0; //lets make sure we reset the access point selection
[23:04:37.444]        // -> [__ap <= 0x00000000]
[23:04:37.444]    </block>
[23:04:37.444]  </sequence>
[23:04:37.444]  
[23:04:37.465]  **********  Sequence "DebugDeviceUnlock"  (Context="Connect", Pname="", info="")
[23:04:37.465]  
[23:04:37.465]  <debugvars>
[23:04:37.465]    // Pre-defined
[23:04:37.465]    __protocol=0x00010002      (Protocol="SWD", SWJ-DP="True")
[23:04:37.465]    __connection=0x00000202    (Connection Type="Flash", Reset Type="System Reset")
[23:04:37.465]    __dp=0x00000000
[23:04:37.465]    __ap=0x00000000
[23:04:37.465]    __traceout=0x00000000      (Trace Disabled)
[23:04:37.465]    __errorcontrol=0x00000000  (Skip Errors="False")
[23:04:37.465]    __FlashAddr=0x00000000
[23:04:37.473]    __FlashLen=0x00000000
[23:04:37.473]    __FlashArg=0x00000000
[23:04:37.473]    __FlashOp=0x00000000
[23:04:37.473]    __Result=0x00000000
[23:04:37.473]  </debugvars>
[23:04:37.473]  
[23:04:37.473]  <sequence name="DebugDeviceUnlock" Pname="" disable="false" info="">
[23:04:37.474]    <block atomic="false" info="">
[23:04:37.474]      __var deviceID = 0;
[23:04:37.474]        // -> [deviceID <= 0x00000000]
[23:04:37.474]      __var version = 0;
[23:04:37.474]        // -> [version <= 0x00000000]
[23:04:37.474]      __var partNum = 0;
[23:04:37.474]        // -> [partNum <= 0x00000000]
[23:04:37.474]      __var manuf = 0;
[23:04:37.474]        // -> [manuf <= 0x00000000]
[23:04:37.474]      __var isMSPM0G1X0X_G3X0X = 0;
[23:04:37.474]        // -> [isMSPM0G1X0X_G3X0X <= 0x00000000]
[23:04:37.474]      __var isProduction = 0;
[23:04:37.474]        // -> [isProduction <= 0x00000000]
[23:04:37.474]      __var continueId = 0;
[23:04:37.474]        // -> [continueId <= 0x00000000]
[23:04:37.474]      deviceID =   Read32(0x41C40004);
[23:04:37.474]        // -> [Read32(0x41C40004) => 0x2BB8802F]   (__dp=0x00000000, __ap=0x00000000)
[23:04:37.474]        // -> [deviceID <= 0x2BB8802F]
[23:04:37.474]      version = deviceID >> 28;
[23:04:37.474]        // -> [version <= 0x00000002]
[23:04:37.474]      partNum = (deviceID & 0x0FFFF000) >> 12;
[23:04:37.474]        // -> [partNum <= 0x0000BB88]
[23:04:37.474]      manuf = (deviceID & 0x00000FFE) >> 1;
[23:04:37.474]        // -> [manuf <= 0x00000017]
[23:04:37.474]      isMSPM0G1X0X_G3X0X = (partNum == 0xBB88) && (manuf == 0x17);
[23:04:37.474]        // -> [isMSPM0G1X0X_G3X0X <= 0x00000001]
[23:04:37.474]      isProduction = (version > 0);
[23:04:37.474]        // -> [isProduction <= 0x00000001]
[23:04:37.474]    </block>
[23:04:37.474]    <control if="!isMSPM0G1X0X_G3X0X" while="" timeout="0" info="">
[23:04:37.474]      // if-block "!isMSPM0G1X0X_G3X0X"
[23:04:37.474]        // =>  FALSE
[23:04:37.474]      // skip if-block "!isMSPM0G1X0X_G3X0X"
[23:04:37.474]    </control>
[23:04:37.474]    <control if="continueId == 4" while="" timeout="0" info="">
[23:04:37.474]      // if-block "continueId == 4"
[23:04:37.474]        // =>  FALSE
[23:04:37.474]      // skip if-block "continueId == 4"
[23:04:37.474]    </control>
[23:04:37.474]    <control if="!isProduction" while="" timeout="0" info="">
[23:04:37.474]      // if-block "!isProduction"
[23:04:37.474]        // =>  FALSE
[23:04:37.474]      // skip if-block "!isProduction"
[23:04:37.474]    </control>
[23:04:37.474]  </sequence>
[23:04:37.474]  
[23:16:00.981]  **********  Sequence "DebugPortSetup"  (Context="Connect", Pname="", info="")
[23:16:00.981]  
[23:16:00.981]  <debugvars>
[23:16:00.981]    // Pre-defined
[23:16:00.981]    __protocol=0x00010002      (Protocol="SWD", SWJ-DP="True")
[23:16:00.981]    __connection=0x00000202    (Connection Type="Flash", Reset Type="System Reset")
[23:16:00.981]    __dp=0x00000000
[23:16:00.981]    __ap=0x00000000
[23:16:00.981]    __traceout=0x00000000      (Trace Disabled)
[23:16:00.981]    __errorcontrol=0x00000000  (Skip Errors="False")
[23:16:00.981]    __FlashAddr=0x00000000
[23:16:00.981]    __FlashLen=0x00000000
[23:16:00.981]    __FlashArg=0x00000000
[23:16:00.981]    __FlashOp=0x00000000
[23:16:00.981]    __Result=0x00000000
[23:16:00.981]  </debugvars>
[23:16:00.981]  
[23:16:00.981]  <sequence name="DebugPortSetup" Pname="" disable="false" info="">
[23:16:00.981]    <block atomic="false" info="">
[23:16:00.981]      __var isSWJ      = ((__protocol & 0x00010000) != 0);
[23:16:00.981]        // -> [isSWJ <= 0x00000001]
[23:16:00.981]      __var hasDormant = __protocol & 0x00020000;
[23:16:00.981]        // -> [hasDormant <= 0x00000000]
[23:16:00.981]      __var protType   = __protocol & 0x0000FFFF;
[23:16:00.981]        // -> [protType <= 0x00000002]
[23:16:00.981]    </block>
[23:16:00.981]    <control if="protType == 1" while="" timeout="0" info="">
[23:16:00.981]      // if-block "protType == 1"
[23:16:00.981]        // =>  FALSE
[23:16:00.981]      // skip if-block "protType == 1"
[23:16:00.981]    </control>
[23:16:00.981]    <control if="protType == 2" while="" timeout="0" info="">
[23:16:00.981]      // if-block "protType == 2"
[23:16:00.981]        // =>  TRUE
[23:16:00.981]      <control if="isSWJ" while="" timeout="0" info="">
[23:16:00.981]        // if-block "isSWJ"
[23:16:00.981]          // =>  TRUE
[23:16:00.981]        <control if="hasDormant" while="" timeout="0" info="">
[23:16:00.981]          // if-block "hasDormant"
[23:16:00.981]            // =>  FALSE
[23:16:00.981]          // skip if-block "hasDormant"
[23:16:00.981]        </control>
[23:16:00.981]        <control if="!hasDormant" while="" timeout="0" info="">
[23:16:00.981]          // if-block "!hasDormant"
[23:16:00.981]            // =>  TRUE
[23:16:00.981]          <block atomic="false" info="">
[23:16:00.981]            DAP_SWJ_Sequence(51, 0x0007FFFFFFFFFFFF); //lets put the JTAG line in a reset state
[23:16:00.981]              // -> [DAP_SWJ_Sequence(51, 0x0007FFFFFFFFFFFF)]
[23:16:00.981]            DAP_SWJ_Sequence(16,0xE73C); //SWD to JTAG, this is to ensure the state machine is initialized
[23:16:00.992]              // -> [DAP_SWJ_Sequence(16, 0x000000000000E73C)]
[23:16:00.992]            DAP_SWJ_Sequence(51, 0x0007FFFFFFFFFFFF); //Put it back in reset
[23:16:00.992]              // -> [DAP_SWJ_Sequence(51, 0x0007FFFFFFFFFFFF)]
[23:16:00.992]            DAP_SWJ_Sequence(16, 0xE79E); //JTAG to SWD switch
[23:16:00.992]              // -> [DAP_SWJ_Sequence(16, 0x000000000000E79E)]
[23:16:00.992]            DAP_SWJ_Sequence(51, 0x0007FFFFFFFFFFFF);  //Ensure the switch is successful 
[23:16:00.992]              // -> [DAP_SWJ_Sequence(51, 0x0007FFFFFFFFFFFF)]
[23:16:00.992]            DAP_SWJ_Sequence(7,  0x00); //Give the line some time to initialize
[23:16:01.001]              // -> [DAP_SWJ_Sequence(7, 0x0000000000000000)]
[23:16:01.001]          </block>
[23:16:01.001]          // end if-block "!hasDormant"
[23:16:01.001]        </control>
[23:16:01.001]        // end if-block "isSWJ"
[23:16:01.001]      </control>
[23:16:01.001]      <control if="!isSWJ" while="" timeout="0" info="">
[23:16:01.001]        // if-block "!isSWJ"
[23:16:01.001]          // =>  FALSE
[23:16:01.001]        // skip if-block "!isSWJ"
[23:16:01.001]      </control>
[23:16:01.001]      <block atomic="false" info="">
[23:16:01.001]        ReadDP(0x0);
[23:16:01.001]          // -> [ReadDP(0x00000000) => 0x6BA02477]   (__dp=0x00000000)
[23:16:01.001]      </block>
[23:16:01.001]      // end if-block "protType == 2"
[23:16:01.001]    </control>
[23:16:01.001]  </sequence>
[23:16:01.001]  
[23:16:01.001]  **********  Sequence "DebugPortStart"  (Context="Connect", Pname="", info="")
[23:16:01.001]  
[23:16:01.001]  <debugvars>
[23:16:01.001]    // Pre-defined
[23:16:01.001]    __protocol=0x00010002      (Protocol="SWD", SWJ-DP="True")
[23:16:01.001]    __connection=0x00000202    (Connection Type="Flash", Reset Type="System Reset")
[23:16:01.001]    __dp=0x00000000
[23:16:01.001]    __ap=0x00000000
[23:16:01.001]    __traceout=0x00000000      (Trace Disabled)
[23:16:01.001]    __errorcontrol=0x00000000  (Skip Errors="False")
[23:16:01.001]    __FlashAddr=0x00000000
[23:16:01.001]    __FlashLen=0x00000000
[23:16:01.001]    __FlashArg=0x00000000
[23:16:01.001]    __FlashOp=0x00000000
[23:16:01.001]    __Result=0x00000000
[23:16:01.001]  </debugvars>
[23:16:01.001]  
[23:16:01.001]  <sequence name="DebugPortStart" Pname="" disable="false" info="">
[23:16:01.001]    <block atomic="false" info="">
[23:16:01.001]      __var SW_DP_ABORT       = 0x0;
[23:16:01.001]        // -> [SW_DP_ABORT <= 0x00000000]
[23:16:01.001]      __var DP_CTRL_STAT      = 0x4;
[23:16:01.001]        // -> [DP_CTRL_STAT <= 0x00000004]
[23:16:01.001]      __var DP_SELECT         = 0x8;
[23:16:01.001]        // -> [DP_SELECT <= 0x00000008]
[23:16:01.001]      __var powered_down      = 0;
[23:16:01.001]        // -> [powered_down <= 0x00000000]
[23:16:01.001]      WriteDP(DP_SELECT, 0x00000000);
[23:16:01.011]        // -> [WriteDP(0x00000008, 0x00000000)]   (__dp=0x00000000)
[23:16:01.011]      powered_down = ((ReadDP(DP_CTRL_STAT) & 0xA0000000) != 0xA0000000);
[23:16:01.011]        // -> [ReadDP(0x00000004) => 0x00000040]   (__dp=0x00000000)
[23:16:01.011]        // -> [powered_down <= 0x00000001]
[23:16:01.011]    </block>
[23:16:01.011]    <control if="powered_down" while="" timeout="0" info="">
[23:16:01.011]      // if-block "powered_down"
[23:16:01.011]        // =>  TRUE
[23:16:01.011]      <block atomic="false" info="">
[23:16:01.011]        Message(0, "Debug/System power-up request sent");
[23:16:01.011]        WriteDP(DP_CTRL_STAT, 0x50000000);
[23:16:01.016]          // -> [WriteDP(0x00000004, 0x50000000)]   (__dp=0x00000000)
[23:16:01.016]      </block>
[23:16:01.016]      <control if="" while="(ReadDP(DP_CTRL_STAT) & 0xA0000000) != 0xA0000000" timeout="1000000" info="">
[23:16:01.016]        // while "(ReadDP(DP_CTRL_STAT) & 0xA0000000) != 0xA0000000"  (timeout="1000000")
[23:16:01.016]          // -> [ReadDP(0x00000004) => 0xF0000040]   (__dp=0x00000000)
[23:16:01.016]        // while-condition  =>  FALSE
[23:16:01.016]        // end while "(ReadDP(DP_CTRL_STAT) & 0xA0000000) != 0xA0000000"
[23:16:01.016]      </control>
[23:16:01.016]      <control if="(__protocol & 0xFFFF) == 1" while="" timeout="0" info="">
[23:16:01.016]        // if-block "(__protocol & 0xFFFF) == 1"
[23:16:01.016]          // =>  FALSE
[23:16:01.016]        // skip if-block "(__protocol & 0xFFFF) == 1"
[23:16:01.020]      </control>
[23:16:01.020]      <control if="(__protocol & 0xFFFF) == 2" while="" timeout="0" info="">
[23:16:01.020]        // if-block "(__protocol & 0xFFFF) == 2"
[23:16:01.020]          // =>  TRUE
[23:16:01.020]        <block atomic="false" info="">
[23:16:01.020]          Message(0, "executing SWD power up");
[23:16:01.021]          WriteDP(DP_CTRL_STAT, 0x50000F00);
[23:16:01.021]            // -> [WriteDP(0x00000004, 0x50000F00)]   (__dp=0x00000000)
[23:16:01.021]          WriteDP(SW_DP_ABORT, 0x0000001E);
[23:16:01.021]            // -> [WriteDP(0x00000000, 0x0000001E)]   (__dp=0x00000000)
[23:16:01.021]        </block>
[23:16:01.021]        // end if-block "(__protocol & 0xFFFF) == 2"
[23:16:01.021]      </control>
[23:16:01.021]      // end if-block "powered_down"
[23:16:01.021]    </control>
[23:16:01.021]    <block atomic="false" info="">
[23:16:01.021]      __var DEBUG_PORT_VAL    = 0;
[23:16:01.021]        // -> [DEBUG_PORT_VAL <= 0x00000000]
[23:16:01.021]      __var ACCESS_POINT_VAL  = 0;
[23:16:01.021]        // -> [ACCESS_POINT_VAL <= 0x00000000]
[23:16:01.021]      __ap = 1; 
[23:16:01.021]        // -> [__ap <= 0x00000001]
[23:16:01.021]      WriteAP(0x0C, 0x04); //lets use the mini pwr-ap as backup
[23:16:01.021]        // -> [WriteAP(0x0000000C, 0x00000004)]   (__dp=0x00000000, __ap=0x00000001)
[23:16:01.021]      __ap = 4;
[23:16:01.021]        // -> [__ap <= 0x00000004]
[23:16:01.021]      ACCESS_POINT_VAL = ReadAP(0x00);//Reading current state of access point
[23:16:01.031]        // -> [ReadAP(0x00000000) => 0x00080027]   (__dp=0x00000000, __ap=0x00000004)
[23:16:01.031]        // -> [ACCESS_POINT_VAL <= 0x00080027]
[23:16:01.031]      Message(0, "Current state of access point is: %x",ACCESS_POINT_VAL);
[23:16:01.031]    </block>
[23:16:01.031]    <block atomic="false" info="">
[23:16:01.031]      __var nReset = 0x80;
[23:16:01.031]        // -> [nReset <= 0x00000080]
[23:16:01.031]      __var canReadPins = 0;
[23:16:01.031]        // -> [canReadPins <= 0x00000000]
[23:16:01.031]      canReadPins = (DAP_SWJ_Pins(0x00, nReset, 0) != 0xFFFFFFFF);
[23:16:01.031]        // -> [DAP_SWJ_Pins(0x00, 0x80, 0) => 0x0F]   (Out: nRESET=0  =>  In: SWCLK/TCK=1, SWDIO/TMS=1, TDI=1, TDO=1, nTRST=0, nRESET=0)
[23:16:01.031]        // -> [canReadPins <= 0x00000001]
[23:16:01.031]    </block>
[23:16:01.031]    <control if="" while="1" timeout="200" info="">
[23:16:01.031]      // while "1"  (timeout="200")
[23:16:01.031]      // while-condition  =>  TRUE
[23:16:01.031]      // while "1"  (timeout="200")
[23:16:01.031]      // while-condition  =>  TRUE
[23:16:01.031]      // while "1"  (timeout="200")
[23:16:01.031]      // while-condition  =>  TRUE
[23:16:01.031]      // while "1"  (timeout="200")
[23:16:01.031]      // while-condition  =>  TRUE
[23:16:01.031]      // while "1"  (timeout="200")
[23:16:01.031]      // while-condition  =>  TRUE
[23:16:01.031]      // while "1"  (timeout="200")
[23:16:01.031]      // while-condition  =>  TRUE
[23:16:01.031]      // while "1"  (timeout="200")
[23:16:01.031]      // while-condition  =>  TRUE
[23:16:01.031]      // while "1"  (timeout="200")
[23:16:01.031]      // while-condition  =>  TRUE
[23:16:01.031]      // while "1"  (timeout="200")
[23:16:01.031]      // while-condition  =>  TRUE
[23:16:01.031]      // while "1"  (timeout="200")
[23:16:01.031]      // while-condition  =>  TRUE
[23:16:01.031]      // while "1"  (timeout="200")
[23:16:01.031]      // while-condition  =>  TRUE
[23:16:01.031]      // while "1"  (timeout="200")
[23:16:01.031]      // while-condition  =>  TRUE
[23:16:01.031]      // while "1"  (timeout="200")
[23:16:01.031]      // while-condition  =>  TRUE
[23:16:01.031]      // while "1"  (timeout="200")
[23:16:01.031]      // while-condition  =>  TRUE
[23:16:01.031]      // while "1"  (timeout="200")
[23:16:01.031]      // while-condition  =>  TRUE
[23:16:01.031]      // while "1"  (timeout="200")
[23:16:01.031]      // while-condition  =>  TRUE
[23:16:01.031]      // while "1"  (timeout="200")
[23:16:01.031]      // while-condition  =>  TRUE
[23:16:01.031]      // while "1"  (timeout="200")
[23:16:01.031]      // while-condition  =>  TRUE
[23:16:01.031]      // while "1"  (timeout="200")
[23:16:01.031]      // while-condition  =>  TRUE
[23:16:01.031]      // while "1"  (timeout="200")
[23:16:01.031]      // while-condition  =>  TRUE
[23:16:01.031]      // while "1"  (timeout="200")
[23:16:01.031]      // while-condition  =>  TRUE
[23:16:01.031]      // while "1"  (timeout="200")
[23:16:01.031]      // while-condition  =>  TRUE
[23:16:01.031]      // while "1"  (timeout="200")
[23:16:01.031]      // while-condition  =>  TRUE
[23:16:01.031]      // while "1"  (timeout="200")
[23:16:01.039]      // while-condition  =>  TRUE
[23:16:01.039]      // while "1"  (timeout="200")
[23:16:01.039]      // while-condition  =>  TRUE
[23:16:01.039]      // while "1"  (timeout="200")
[23:16:01.039]      // while-condition  =>  TRUE
[23:16:01.039]      // while "1"  (timeout="200")
[23:16:01.039]      // while-condition  =>  TRUE
[23:16:01.039]      // while "1"  (timeout="200")
[23:16:01.039]      // while-condition  =>  TRUE
[23:16:01.039]      // while "1"  (timeout="200")
[23:16:01.039]      // while-condition  =>  TRUE
[23:16:01.039]      // while "1"  (timeout="200")
[23:16:01.039]      // while-condition  =>  TRUE
[23:16:01.039]      // while "1"  (timeout="200")
[23:16:01.039]      // while-condition  =>  TRUE
[23:16:01.039]      // while "1"  (timeout="200")
[23:16:01.039]      // while-condition  =>  TRUE
[23:16:01.039]      // while "1"  (timeout="200")
[23:16:01.039]      // while-condition  =>  TRUE
[23:16:01.039]      // while "1"  (timeout="200")
[23:16:01.039]      // while-condition  =>  TRUE
[23:16:01.039]      // while "1"  (timeout="200")
[23:16:01.039]      // while-condition  =>  TRUE
[23:16:01.039]      // while "1"  (timeout="200")
[23:16:01.039]      // while-condition  =>  TRUE
[23:16:01.039]      // while "1"  (timeout="200")
[23:16:01.039]      // while-condition  =>  TRUE
[23:16:01.039]      // while "1"  (timeout="200")
[23:16:01.039]      // while-condition  =>  TRUE
[23:16:01.039]      // while "1"  (timeout="200")
[23:16:01.039]      // while-condition  =>  TRUE
[23:16:01.039]      // while "1"  (timeout="200")
[23:16:01.039]      // while-condition  =>  TRUE
[23:16:01.039]      // while "1"  (timeout="200")
[23:16:01.039]      // while-condition  =>  TRUE
[23:16:01.039]      // while "1"  (timeout="200")
[23:16:01.039]      // while-condition  =>  TRUE
[23:16:01.039]      // while "1"  (timeout="200")
[23:16:01.039]      // while-condition  =>  TRUE
[23:16:01.039]      // while "1"  (timeout="200")
[23:16:01.039]      // while-condition  =>  TRUE
[23:16:01.039]      // while "1"  (timeout="200")
[23:16:01.039]      // while-condition  =>  TRUE
[23:16:01.039]      // while "1"  (timeout="200")
[23:16:01.041]      // while-condition  =>  TRUE
[23:16:01.041]      // while "1"  (timeout="200")
[23:16:01.041]      // while  =>  TIMEOUT
[23:16:01.041]      // end while "1"
[23:16:01.041]    </control>
[23:16:01.041]    <control if="canReadPins" while="" timeout="0" info="">
[23:16:01.041]      // if-block "canReadPins"
[23:16:01.041]        // =>  TRUE
[23:16:01.041]      <control if="" while="(DAP_SWJ_Pins(nReset, nReset, 0) & nReset) == 0" timeout="1000000" info="">
[23:16:01.041]        // while "(DAP_SWJ_Pins(nReset, nReset, 0) & nReset) == 0"  (timeout="1000000")
[23:16:01.041]          // -> [DAP_SWJ_Pins(0x80, 0x80, 0) => 0x8F]   (Out: nRESET=1  =>  In: SWCLK/TCK=1, SWDIO/TMS=1, TDI=1, TDO=1, nTRST=0, nRESET=1)
[23:16:01.041]        // while-condition  =>  FALSE
[23:16:01.041]        // end while "(DAP_SWJ_Pins(nReset, nReset, 0) & nReset) == 0"
[23:16:01.041]      </control>
[23:16:01.041]      // end if-block "canReadPins"
[23:16:01.041]    </control>
[23:16:01.041]    <control if="!canReadPins" while="" timeout="0" info="">
[23:16:01.041]      // if-block "!canReadPins"
[23:16:01.041]        // =>  FALSE
[23:16:01.041]      // skip if-block "!canReadPins"
[23:16:01.041]    </control>
[23:16:01.041]    <control if="(ACCESS_POINT_VAL & 0x00E00000) == 0" while="" timeout="0" info="">
[23:16:01.041]      // if-block "(ACCESS_POINT_VAL & 0x00E00000) == 0"
[23:16:01.041]        // =>  TRUE
[23:16:01.041]      <block atomic="false" info="">
[23:16:01.041]        WriteAP(0x00, 0x190008);
[23:16:01.041]          // -> [WriteAP(0x00000000, 0x00190008)]   (__dp=0x00000000, __ap=0x00000004)
[23:16:01.041]        WriteAP(0xF0, 0x01);
[23:16:01.051]          // -> [WriteAP(0x000000F0, 0x00000001)]   (__dp=0x00000000, __ap=0x00000004)
[23:16:01.051]      </block>
[23:16:01.051]      // end if-block "(ACCESS_POINT_VAL & 0x00E00000) == 0"
[23:16:01.051]    </control>
[23:16:01.051]    <control if="(ACCESS_POINT_VAL & 0x00E00000) != 0" while="" timeout="0" info="">
[23:16:01.051]      // if-block "(ACCESS_POINT_VAL & 0x00E00000) != 0"
[23:16:01.051]        // =>  FALSE
[23:16:01.051]      // skip if-block "(ACCESS_POINT_VAL & 0x00E00000) != 0"
[23:16:01.051]    </control>
[23:16:01.051]    <block atomic="false" info="">
[23:16:01.051]      ACCESS_POINT_VAL = ReadAP(0x00);//Reading current state of access point
[23:16:01.051]        // -> [ReadAP(0x00000000) => 0x0079002F]   (__dp=0x00000000, __ap=0x00000004)
[23:16:01.051]        // -> [ACCESS_POINT_VAL <= 0x0079002F]
[23:16:01.051]      Message(0, "Current state of access point is: %x",ACCESS_POINT_VAL);
[23:16:01.051]      __ap = 0; //lets make sure we reset the access point selection
[23:16:01.051]        // -> [__ap <= 0x00000000]
[23:16:01.051]    </block>
[23:16:01.051]  </sequence>
[23:16:01.059]  
[23:16:01.083]  **********  Sequence "DebugDeviceUnlock"  (Context="Connect", Pname="", info="")
[23:16:01.083]  
[23:16:01.083]  <debugvars>
[23:16:01.083]    // Pre-defined
[23:16:01.085]    __protocol=0x00010002      (Protocol="SWD", SWJ-DP="True")
[23:16:01.085]    __connection=0x00000202    (Connection Type="Flash", Reset Type="System Reset")
[23:16:01.085]    __dp=0x00000000
[23:16:01.085]    __ap=0x00000000
[23:16:01.085]    __traceout=0x00000000      (Trace Disabled)
[23:16:01.085]    __errorcontrol=0x00000000  (Skip Errors="False")
[23:16:01.085]    __FlashAddr=0x00000000
[23:16:01.085]    __FlashLen=0x00000000
[23:16:01.085]    __FlashArg=0x00000000
[23:16:01.085]    __FlashOp=0x00000000
[23:16:01.085]    __Result=0x00000000
[23:16:01.085]  </debugvars>
[23:16:01.085]  
[23:16:01.085]  <sequence name="DebugDeviceUnlock" Pname="" disable="false" info="">
[23:16:01.085]    <block atomic="false" info="">
[23:16:01.085]      __var deviceID = 0;
[23:16:01.085]        // -> [deviceID <= 0x00000000]
[23:16:01.085]      __var version = 0;
[23:16:01.085]        // -> [version <= 0x00000000]
[23:16:01.087]      __var partNum = 0;
[23:16:01.087]        // -> [partNum <= 0x00000000]
[23:16:01.087]      __var manuf = 0;
[23:16:01.087]        // -> [manuf <= 0x00000000]
[23:16:01.087]      __var isMSPM0G1X0X_G3X0X = 0;
[23:16:01.087]        // -> [isMSPM0G1X0X_G3X0X <= 0x00000000]
[23:16:01.087]      __var isProduction = 0;
[23:16:01.087]        // -> [isProduction <= 0x00000000]
[23:16:01.087]      __var continueId = 0;
[23:16:01.087]        // -> [continueId <= 0x00000000]
[23:16:01.087]      deviceID =   Read32(0x41C40004);
[23:16:01.092]        // -> [Read32(0x41C40004) => 0x2BB8802F]   (__dp=0x00000000, __ap=0x00000000)
[23:16:01.092]        // -> [deviceID <= 0x2BB8802F]
[23:16:01.092]      version = deviceID >> 28;
[23:16:01.092]        // -> [version <= 0x00000002]
[23:16:01.092]      partNum = (deviceID & 0x0FFFF000) >> 12;
[23:16:01.092]        // -> [partNum <= 0x0000BB88]
[23:16:01.092]      manuf = (deviceID & 0x00000FFE) >> 1;
[23:16:01.092]        // -> [manuf <= 0x00000017]
[23:16:01.092]      isMSPM0G1X0X_G3X0X = (partNum == 0xBB88) && (manuf == 0x17);
[23:16:01.092]        // -> [isMSPM0G1X0X_G3X0X <= 0x00000001]
[23:16:01.092]      isProduction = (version > 0);
[23:16:01.092]        // -> [isProduction <= 0x00000001]
[23:16:01.092]    </block>
[23:16:01.092]    <control if="!isMSPM0G1X0X_G3X0X" while="" timeout="0" info="">
[23:16:01.092]      // if-block "!isMSPM0G1X0X_G3X0X"
[23:16:01.092]        // =>  FALSE
[23:16:01.092]      // skip if-block "!isMSPM0G1X0X_G3X0X"
[23:16:01.092]    </control>
[23:16:01.092]    <control if="continueId == 4" while="" timeout="0" info="">
[23:16:01.092]      // if-block "continueId == 4"
[23:16:01.092]        // =>  FALSE
[23:16:01.101]      // skip if-block "continueId == 4"
[23:16:01.101]    </control>
[23:16:01.101]    <control if="!isProduction" while="" timeout="0" info="">
[23:16:01.101]      // if-block "!isProduction"
[23:16:01.101]        // =>  FALSE
[23:16:01.101]      // skip if-block "!isProduction"
[23:16:01.101]    </control>
[23:16:01.101]  </sequence>
[23:16:01.101]  
[23:48:10.210]  **********  Sequence "DebugPortSetup"  (Context="Connect", Pname="", info="")
[23:48:10.210]  
[23:48:10.210]  <debugvars>
[23:48:10.210]    // Pre-defined
[23:48:10.210]    __protocol=0x00010002      (Protocol="SWD", SWJ-DP="True")
[23:48:10.210]    __connection=0x00000202    (Connection Type="Flash", Reset Type="System Reset")
[23:48:10.210]    __dp=0x00000000
[23:48:10.210]    __ap=0x00000000
[23:48:10.210]    __traceout=0x00000000      (Trace Disabled)
[23:48:10.210]    __errorcontrol=0x00000000  (Skip Errors="False")
[23:48:10.210]    __FlashAddr=0x00000000
[23:48:10.210]    __FlashLen=0x00000000
[23:48:10.210]    __FlashArg=0x00000000
[23:48:10.210]    __FlashOp=0x00000000
[23:48:10.210]    __Result=0x00000000
[23:48:10.210]  </debugvars>
[23:48:10.210]  
[23:48:10.210]  <sequence name="DebugPortSetup" Pname="" disable="false" info="">
[23:48:10.210]    <block atomic="false" info="">
[23:48:10.210]      __var isSWJ      = ((__protocol & 0x00010000) != 0);
[23:48:10.210]        // -> [isSWJ <= 0x00000001]
[23:48:10.210]      __var hasDormant = __protocol & 0x00020000;
[23:48:10.210]        // -> [hasDormant <= 0x00000000]
[23:48:10.210]      __var protType   = __protocol & 0x0000FFFF;
[23:48:10.212]        // -> [protType <= 0x00000002]
[23:48:10.212]    </block>
[23:48:10.212]    <control if="protType == 1" while="" timeout="0" info="">
[23:48:10.212]      // if-block "protType == 1"
[23:48:10.212]        // =>  FALSE
[23:48:10.212]      // skip if-block "protType == 1"
[23:48:10.212]    </control>
[23:48:10.212]    <control if="protType == 2" while="" timeout="0" info="">
[23:48:10.212]      // if-block "protType == 2"
[23:48:10.212]        // =>  TRUE
[23:48:10.212]      <control if="isSWJ" while="" timeout="0" info="">
[23:48:10.212]        // if-block "isSWJ"
[23:48:10.212]          // =>  TRUE
[23:48:10.212]        <control if="hasDormant" while="" timeout="0" info="">
[23:48:10.212]          // if-block "hasDormant"
[23:48:10.212]            // =>  FALSE
[23:48:10.212]          // skip if-block "hasDormant"
[23:48:10.212]        </control>
[23:48:10.212]        <control if="!hasDormant" while="" timeout="0" info="">
[23:48:10.212]          // if-block "!hasDormant"
[23:48:10.212]            // =>  TRUE
[23:48:10.212]          <block atomic="false" info="">
[23:48:10.212]            DAP_SWJ_Sequence(51, 0x0007FFFFFFFFFFFF); //lets put the JTAG line in a reset state
[23:48:10.215]              // -> [DAP_SWJ_Sequence(51, 0x0007FFFFFFFFFFFF)]
[23:48:10.215]            DAP_SWJ_Sequence(16,0xE73C); //SWD to JTAG, this is to ensure the state machine is initialized
[23:48:10.215]              // -> [DAP_SWJ_Sequence(16, 0x000000000000E73C)]
[23:48:10.215]            DAP_SWJ_Sequence(51, 0x0007FFFFFFFFFFFF); //Put it back in reset
[23:48:10.220]              // -> [DAP_SWJ_Sequence(51, 0x0007FFFFFFFFFFFF)]
[23:48:10.220]            DAP_SWJ_Sequence(16, 0xE79E); //JTAG to SWD switch
[23:48:10.220]              // -> [DAP_SWJ_Sequence(16, 0x000000000000E79E)]
[23:48:10.220]            DAP_SWJ_Sequence(51, 0x0007FFFFFFFFFFFF);  //Ensure the switch is successful 
[23:48:10.225]              // -> [DAP_SWJ_Sequence(51, 0x0007FFFFFFFFFFFF)]
[23:48:10.225]            DAP_SWJ_Sequence(7,  0x00); //Give the line some time to initialize
[23:48:10.225]              // -> [DAP_SWJ_Sequence(7, 0x0000000000000000)]
[23:48:10.225]          </block>
[23:48:10.225]          // end if-block "!hasDormant"
[23:48:10.225]        </control>
[23:48:10.225]        // end if-block "isSWJ"
[23:48:10.225]      </control>
[23:48:10.225]      <control if="!isSWJ" while="" timeout="0" info="">
[23:48:10.225]        // if-block "!isSWJ"
[23:48:10.225]          // =>  FALSE
[23:48:10.225]        // skip if-block "!isSWJ"
[23:48:10.225]      </control>
[23:48:10.225]      <block atomic="false" info="">
[23:48:10.225]        ReadDP(0x0);
[23:48:10.230]          // -> [ReadDP(0x00000000) => 0x6BA02477]   (__dp=0x00000000)
[23:48:10.230]      </block>
[23:48:10.230]      // end if-block "protType == 2"
[23:48:10.230]    </control>
[23:48:10.230]  </sequence>
[23:48:10.230]  
[23:48:10.235]  **********  Sequence "DebugPortStart"  (Context="Connect", Pname="", info="")
[23:48:10.235]  
[23:48:10.235]  <debugvars>
[23:48:10.235]    // Pre-defined
[23:48:10.235]    __protocol=0x00010002      (Protocol="SWD", SWJ-DP="True")
[23:48:10.235]    __connection=0x00000202    (Connection Type="Flash", Reset Type="System Reset")
[23:48:10.235]    __dp=0x00000000
[23:48:10.235]    __ap=0x00000000
[23:48:10.235]    __traceout=0x00000000      (Trace Disabled)
[23:48:10.235]    __errorcontrol=0x00000000  (Skip Errors="False")
[23:48:10.235]    __FlashAddr=0x00000000
[23:48:10.235]    __FlashLen=0x00000000
[23:48:10.235]    __FlashArg=0x00000000
[23:48:10.235]    __FlashOp=0x00000000
[23:48:10.235]    __Result=0x00000000
[23:48:10.235]  </debugvars>
[23:48:10.235]  
[23:48:10.235]  <sequence name="DebugPortStart" Pname="" disable="false" info="">
[23:48:10.235]    <block atomic="false" info="">
[23:48:10.239]      __var SW_DP_ABORT       = 0x0;
[23:48:10.239]        // -> [SW_DP_ABORT <= 0x00000000]
[23:48:10.239]      __var DP_CTRL_STAT      = 0x4;
[23:48:10.239]        // -> [DP_CTRL_STAT <= 0x00000004]
[23:48:10.239]      __var DP_SELECT         = 0x8;
[23:48:10.239]        // -> [DP_SELECT <= 0x00000008]
[23:48:10.239]      __var powered_down      = 0;
[23:48:10.239]        // -> [powered_down <= 0x00000000]
[23:48:10.239]      WriteDP(DP_SELECT, 0x00000000);
[23:48:10.240]        // -> [WriteDP(0x00000008, 0x00000000)]   (__dp=0x00000000)
[23:48:10.240]      powered_down = ((ReadDP(DP_CTRL_STAT) & 0xA0000000) != 0xA0000000);
[23:48:10.245]        // -> [ReadDP(0x00000004) => 0x00000040]   (__dp=0x00000000)
[23:48:10.245]        // -> [powered_down <= 0x00000001]
[23:48:10.245]    </block>
[23:48:10.245]    <control if="powered_down" while="" timeout="0" info="">
[23:48:10.245]      // if-block "powered_down"
[23:48:10.245]        // =>  TRUE
[23:48:10.245]      <block atomic="false" info="">
[23:48:10.245]        Message(0, "Debug/System power-up request sent");
[23:48:10.245]        WriteDP(DP_CTRL_STAT, 0x50000000);
[23:48:10.249]          // -> [WriteDP(0x00000004, 0x50000000)]   (__dp=0x00000000)
[23:48:10.250]      </block>
[23:48:10.250]      <control if="" while="(ReadDP(DP_CTRL_STAT) & 0xA0000000) != 0xA0000000" timeout="1000000" info="">
[23:48:10.250]        // while "(ReadDP(DP_CTRL_STAT) & 0xA0000000) != 0xA0000000"  (timeout="1000000")
[23:48:10.250]          // -> [ReadDP(0x00000004) => 0xF0000040]   (__dp=0x00000000)
[23:48:10.250]        // while-condition  =>  FALSE
[23:48:10.250]        // end while "(ReadDP(DP_CTRL_STAT) & 0xA0000000) != 0xA0000000"
[23:48:10.250]      </control>
[23:48:10.250]      <control if="(__protocol & 0xFFFF) == 1" while="" timeout="0" info="">
[23:48:10.250]        // if-block "(__protocol & 0xFFFF) == 1"
[23:48:10.250]          // =>  FALSE
[23:48:10.250]        // skip if-block "(__protocol & 0xFFFF) == 1"
[23:48:10.250]      </control>
[23:48:10.250]      <control if="(__protocol & 0xFFFF) == 2" while="" timeout="0" info="">
[23:48:10.250]        // if-block "(__protocol & 0xFFFF) == 2"
[23:48:10.250]          // =>  TRUE
[23:48:10.250]        <block atomic="false" info="">
[23:48:10.250]          Message(0, "executing SWD power up");
[23:48:10.250]          WriteDP(DP_CTRL_STAT, 0x50000F00);
[23:48:10.250]            // -> [WriteDP(0x00000004, 0x50000F00)]   (__dp=0x00000000)
[23:48:10.255]          WriteDP(SW_DP_ABORT, 0x0000001E);
[23:48:10.255]            // -> [WriteDP(0x00000000, 0x0000001E)]   (__dp=0x00000000)
[23:48:10.255]        </block>
[23:48:10.255]        // end if-block "(__protocol & 0xFFFF) == 2"
[23:48:10.255]      </control>
[23:48:10.255]      // end if-block "powered_down"
[23:48:10.255]    </control>
[23:48:10.255]    <block atomic="false" info="">
[23:48:10.255]      __var DEBUG_PORT_VAL    = 0;
[23:48:10.255]        // -> [DEBUG_PORT_VAL <= 0x00000000]
[23:48:10.255]      __var ACCESS_POINT_VAL  = 0;
[23:48:10.255]        // -> [ACCESS_POINT_VAL <= 0x00000000]
[23:48:10.255]      __ap = 1; 
[23:48:10.255]        // -> [__ap <= 0x00000001]
[23:48:10.255]      WriteAP(0x0C, 0x04); //lets use the mini pwr-ap as backup
[23:48:10.260]        // -> [WriteAP(0x0000000C, 0x00000004)]   (__dp=0x00000000, __ap=0x00000001)
[23:48:10.260]      __ap = 4;
[23:48:10.260]        // -> [__ap <= 0x00000004]
[23:48:10.260]      ACCESS_POINT_VAL = ReadAP(0x00);//Reading current state of access point
[23:48:10.265]        // -> [ReadAP(0x00000000) => 0x00080027]   (__dp=0x00000000, __ap=0x00000004)
[23:48:10.265]        // -> [ACCESS_POINT_VAL <= 0x00080027]
[23:48:10.265]      Message(0, "Current state of access point is: %x",ACCESS_POINT_VAL);
[23:48:10.269]    </block>
[23:48:10.270]    <block atomic="false" info="">
[23:48:10.270]      __var nReset = 0x80;
[23:48:10.270]        // -> [nReset <= 0x00000080]
[23:48:10.270]      __var canReadPins = 0;
[23:48:10.270]        // -> [canReadPins <= 0x00000000]
[23:48:10.270]      canReadPins = (DAP_SWJ_Pins(0x00, nReset, 0) != 0xFFFFFFFF);
[23:48:10.270]        // -> [DAP_SWJ_Pins(0x00, 0x80, 0) => 0x0F]   (Out: nRESET=0  =>  In: SWCLK/TCK=1, SWDIO/TMS=1, TDI=1, TDO=1, nTRST=0, nRESET=0)
[23:48:10.270]        // -> [canReadPins <= 0x00000001]
[23:48:10.270]    </block>
[23:48:10.270]    <control if="" while="1" timeout="200" info="">
[23:48:10.275]      // while "1"  (timeout="200")
[23:48:10.275]      // while-condition  =>  TRUE
[23:48:10.275]      // while "1"  (timeout="200")
[23:48:10.275]      // while-condition  =>  TRUE
[23:48:10.275]      // while "1"  (timeout="200")
[23:48:10.275]      // while-condition  =>  TRUE
[23:48:10.275]      // while "1"  (timeout="200")
[23:48:10.275]      // while-condition  =>  TRUE
[23:48:10.275]      // while "1"  (timeout="200")
[23:48:10.275]      // while-condition  =>  TRUE
[23:48:10.275]      // while "1"  (timeout="200")
[23:48:10.275]      // while-condition  =>  TRUE
[23:48:10.275]      // while "1"  (timeout="200")
[23:48:10.275]      // while-condition  =>  TRUE
[23:48:10.275]      // while "1"  (timeout="200")
[23:48:10.275]      // while-condition  =>  TRUE
[23:48:10.275]      // while "1"  (timeout="200")
[23:48:10.275]      // while-condition  =>  TRUE
[23:48:10.275]      // while "1"  (timeout="200")
[23:48:10.275]      // while-condition  =>  TRUE
[23:48:10.275]      // while "1"  (timeout="200")
[23:48:10.275]      // while-condition  =>  TRUE
[23:48:10.275]      // while "1"  (timeout="200")
[23:48:10.275]      // while-condition  =>  TRUE
[23:48:10.275]      // while "1"  (timeout="200")
[23:48:10.275]      // while-condition  =>  TRUE
[23:48:10.275]      // while "1"  (timeout="200")
[23:48:10.275]      // while-condition  =>  TRUE
[23:48:10.275]      // while "1"  (timeout="200")
[23:48:10.275]      // while-condition  =>  TRUE
[23:48:10.275]      // while "1"  (timeout="200")
[23:48:10.275]      // while-condition  =>  TRUE
[23:48:10.275]      // while "1"  (timeout="200")
[23:48:10.275]      // while-condition  =>  TRUE
[23:48:10.275]      // while "1"  (timeout="200")
[23:48:10.275]      // while-condition  =>  TRUE
[23:48:10.275]      // while "1"  (timeout="200")
[23:48:10.275]      // while-condition  =>  TRUE
[23:48:10.275]      // while "1"  (timeout="200")
[23:48:10.275]      // while-condition  =>  TRUE
[23:48:10.275]      // while "1"  (timeout="200")
[23:48:10.275]      // while-condition  =>  TRUE
[23:48:10.275]      // while "1"  (timeout="200")
[23:48:10.275]      // while-condition  =>  TRUE
[23:48:10.275]      // while "1"  (timeout="200")
[23:48:10.275]      // while-condition  =>  TRUE
[23:48:10.275]      // while "1"  (timeout="200")
[23:48:10.275]      // while-condition  =>  TRUE
[23:48:10.275]      // while "1"  (timeout="200")
[23:48:10.275]      // while-condition  =>  TRUE
[23:48:10.275]      // while "1"  (timeout="200")
[23:48:10.275]      // while-condition  =>  TRUE
[23:48:10.275]      // while "1"  (timeout="200")
[23:48:10.275]      // while-condition  =>  TRUE
[23:48:10.275]      // while "1"  (timeout="200")
[23:48:10.275]      // while-condition  =>  TRUE
[23:48:10.275]      // while "1"  (timeout="200")
[23:48:10.275]      // while-condition  =>  TRUE
[23:48:10.275]      // while "1"  (timeout="200")
[23:48:10.275]      // while-condition  =>  TRUE
[23:48:10.275]      // while "1"  (timeout="200")
[23:48:10.275]      // while-condition  =>  TRUE
[23:48:10.275]      // while "1"  (timeout="200")
[23:48:10.275]      // while-condition  =>  TRUE
[23:48:10.275]      // while "1"  (timeout="200")
[23:48:10.275]      // while-condition  =>  TRUE
[23:48:10.275]      // while "1"  (timeout="200")
[23:48:10.275]      // while-condition  =>  TRUE
[23:48:10.275]      // while "1"  (timeout="200")
[23:48:10.275]      // while-condition  =>  TRUE
[23:48:10.275]      // while "1"  (timeout="200")
[23:48:10.275]      // while-condition  =>  TRUE
[23:48:10.275]      // while "1"  (timeout="200")
[23:48:10.275]      // while-condition  =>  TRUE
[23:48:10.275]      // while "1"  (timeout="200")
[23:48:10.275]      // while-condition  =>  TRUE
[23:48:10.275]      // while "1"  (timeout="200")
[23:48:10.275]      // while-condition  =>  TRUE
[23:48:10.275]      // while "1"  (timeout="200")
[23:48:10.275]      // while-condition  =>  TRUE
[23:48:10.275]      // while "1"  (timeout="200")
[23:48:10.275]      // while-condition  =>  TRUE
[23:48:10.275]      // while "1"  (timeout="200")
[23:48:10.275]      // while-condition  =>  TRUE
[23:48:10.275]      // while "1"  (timeout="200")
[23:48:10.275]      // while-condition  =>  TRUE
[23:48:10.275]      // while "1"  (timeout="200")
[23:48:10.275]      // while-condition  =>  TRUE
[23:48:10.275]      // while "1"  (timeout="200")
[23:48:10.275]      // while-condition  =>  TRUE
[23:48:10.275]      // while "1"  (timeout="200")
[23:48:10.275]      // while-condition  =>  TRUE
[23:48:10.275]      // while "1"  (timeout="200")
[23:48:10.275]      // while-condition  =>  TRUE
[23:48:10.279]      // while "1"  (timeout="200")
[23:48:10.279]      // while-condition  =>  TRUE
[23:48:10.280]      // while "1"  (timeout="200")
[23:48:10.280]      // while-condition  =>  TRUE
[23:48:10.280]      // while "1"  (timeout="200")
[23:48:10.280]      // while-condition  =>  TRUE
[23:48:10.280]      // while "1"  (timeout="200")
[23:48:10.280]      // while-condition  =>  TRUE
[23:48:10.280]      // while "1"  (timeout="200")
[23:48:10.280]      // while-condition  =>  TRUE
[23:48:10.280]      // while "1"  (timeout="200")
[23:48:10.280]      // while-condition  =>  TRUE
[23:48:10.280]      // while "1"  (timeout="200")
[23:48:10.280]      // while-condition  =>  TRUE
[23:48:10.280]      // while "1"  (timeout="200")
[23:48:10.280]      // while-condition  =>  TRUE
[23:48:10.280]      // while "1"  (timeout="200")
[23:48:10.280]      // while-condition  =>  TRUE
[23:48:10.280]      // while "1"  (timeout="200")
[23:48:10.280]      // while-condition  =>  TRUE
[23:48:10.280]      // while "1"  (timeout="200")
[23:48:10.280]      // while-condition  =>  TRUE
[23:48:10.280]      // while "1"  (timeout="200")
[23:48:10.280]      // while-condition  =>  TRUE
[23:48:10.280]      // while "1"  (timeout="200")
[23:48:10.280]      // while-condition  =>  TRUE
[23:48:10.280]      // while "1"  (timeout="200")
[23:48:10.280]      // while-condition  =>  TRUE
[23:48:10.280]      // while "1"  (timeout="200")
[23:48:10.280]      // while-condition  =>  TRUE
[23:48:10.280]      // while "1"  (timeout="200")
[23:48:10.280]      // while-condition  =>  TRUE
[23:48:10.280]      // while "1"  (timeout="200")
[23:48:10.280]      // while-condition  =>  TRUE
[23:48:10.280]      // while "1"  (timeout="200")
[23:48:10.280]      // while-condition  =>  TRUE
[23:48:10.280]      // while "1"  (timeout="200")
[23:48:10.280]      // while-condition  =>  TRUE
[23:48:10.280]      // while "1"  (timeout="200")
[23:48:10.280]      // while-condition  =>  TRUE
[23:48:10.280]      // while "1"  (timeout="200")
[23:48:10.280]      // while-condition  =>  TRUE
[23:48:10.280]      // while "1"  (timeout="200")
[23:48:10.280]      // while-condition  =>  TRUE
[23:48:10.280]      // while "1"  (timeout="200")
[23:48:10.280]      // while-condition  =>  TRUE
[23:48:10.280]      // while "1"  (timeout="200")
[23:48:10.280]      // while-condition  =>  TRUE
[23:48:10.280]      // while "1"  (timeout="200")
[23:48:10.280]      // while-condition  =>  TRUE
[23:48:10.280]      // while "1"  (timeout="200")
[23:48:10.280]      // while-condition  =>  TRUE
[23:48:10.280]      // while "1"  (timeout="200")
[23:48:10.280]      // while-condition  =>  TRUE
[23:48:10.280]      // while "1"  (timeout="200")
[23:48:10.280]      // while-condition  =>  TRUE
[23:48:10.280]      // while "1"  (timeout="200")
[23:48:10.280]      // while-condition  =>  TRUE
[23:48:10.280]      // while "1"  (timeout="200")
[23:48:10.280]      // while-condition  =>  TRUE
[23:48:10.280]      // while "1"  (timeout="200")
[23:48:10.280]      // while-condition  =>  TRUE
[23:48:10.280]      // while "1"  (timeout="200")
[23:48:10.280]      // while-condition  =>  TRUE
[23:48:10.280]      // while "1"  (timeout="200")
[23:48:10.280]      // while-condition  =>  TRUE
[23:48:10.280]      // while "1"  (timeout="200")
[23:48:10.280]      // while-condition  =>  TRUE
[23:48:10.280]      // while "1"  (timeout="200")
[23:48:10.280]      // while-condition  =>  TRUE
[23:48:10.280]      // while "1"  (timeout="200")
[23:48:10.280]      // while-condition  =>  TRUE
[23:48:10.280]      // while "1"  (timeout="200")
[23:48:10.280]      // while-condition  =>  TRUE
[23:48:10.280]      // while "1"  (timeout="200")
[23:48:10.280]      // while-condition  =>  TRUE
[23:48:10.280]      // while "1"  (timeout="200")
[23:48:10.280]      // while-condition  =>  TRUE
[23:48:10.280]      // while "1"  (timeout="200")
[23:48:10.280]      // while-condition  =>  TRUE
[23:48:10.280]      // while "1"  (timeout="200")
[23:48:10.280]      // while-condition  =>  TRUE
[23:48:10.280]      // while "1"  (timeout="200")
[23:48:10.280]      // while-condition  =>  TRUE
[23:48:10.280]      // while "1"  (timeout="200")
[23:48:10.280]      // while-condition  =>  TRUE
[23:48:10.280]      // while "1"  (timeout="200")
[23:48:10.280]      // while-condition  =>  TRUE
[23:48:10.280]      // while "1"  (timeout="200")
[23:48:10.280]      // while-condition  =>  TRUE
[23:48:10.280]      // while "1"  (timeout="200")
[23:48:10.280]      // while-condition  =>  TRUE
[23:48:10.280]      // while "1"  (timeout="200")
[23:48:10.280]      // while-condition  =>  TRUE
[23:48:10.280]      // while "1"  (timeout="200")
[23:48:10.280]      // while-condition  =>  TRUE
[23:48:10.280]      // while "1"  (timeout="200")
[23:48:10.280]      // while-condition  =>  TRUE
[23:48:10.280]      // while "1"  (timeout="200")
[23:48:10.280]      // while-condition  =>  TRUE
[23:48:10.285]      // while "1"  (timeout="200")
[23:48:10.285]      // while-condition  =>  TRUE
[23:48:10.285]      // while "1"  (timeout="200")
[23:48:10.285]      // while-condition  =>  TRUE
[23:48:10.285]      // while "1"  (timeout="200")
[23:48:10.285]      // while-condition  =>  TRUE
[23:48:10.285]      // while "1"  (timeout="200")
[23:48:10.285]      // while-condition  =>  TRUE
[23:48:10.285]      // while "1"  (timeout="200")
[23:48:10.285]      // while-condition  =>  TRUE
[23:48:10.285]      // while "1"  (timeout="200")
[23:48:10.285]      // while-condition  =>  TRUE
[23:48:10.285]      // while "1"  (timeout="200")
[23:48:10.285]      // while-condition  =>  TRUE
[23:48:10.285]      // while "1"  (timeout="200")
[23:48:10.285]      // while-condition  =>  TRUE
[23:48:10.285]      // while "1"  (timeout="200")
[23:48:10.285]      // while-condition  =>  TRUE
[23:48:10.285]      // while "1"  (timeout="200")
[23:48:10.285]      // while-condition  =>  TRUE
[23:48:10.285]      // while "1"  (timeout="200")
[23:48:10.285]      // while-condition  =>  TRUE
[23:48:10.285]      // while "1"  (timeout="200")
[23:48:10.285]      // while-condition  =>  TRUE
[23:48:10.285]      // while "1"  (timeout="200")
[23:48:10.285]      // while-condition  =>  TRUE
[23:48:10.285]      // while "1"  (timeout="200")
[23:48:10.285]      // while-condition  =>  TRUE
[23:48:10.285]      // while "1"  (timeout="200")
[23:48:10.285]      // while-condition  =>  TRUE
[23:48:10.285]      // while "1"  (timeout="200")
[23:48:10.285]      // while-condition  =>  TRUE
[23:48:10.285]      // while "1"  (timeout="200")
[23:48:10.285]      // while-condition  =>  TRUE
[23:48:10.285]      // while "1"  (timeout="200")
[23:48:10.285]      // while-condition  =>  TRUE
[23:48:10.285]      // while "1"  (timeout="200")
[23:48:10.285]      // while-condition  =>  TRUE
[23:48:10.285]      // while "1"  (timeout="200")
[23:48:10.285]      // while-condition  =>  TRUE
[23:48:10.285]      // while "1"  (timeout="200")
[23:48:10.285]      // while-condition  =>  TRUE
[23:48:10.285]      // while "1"  (timeout="200")
[23:48:10.285]      // while-condition  =>  TRUE
[23:48:10.285]      // while "1"  (timeout="200")
[23:48:10.285]      // while-condition  =>  TRUE
[23:48:10.285]      // while "1"  (timeout="200")
[23:48:10.285]      // while-condition  =>  TRUE
[23:48:10.285]      // while "1"  (timeout="200")
[23:48:10.285]      // while-condition  =>  TRUE
[23:48:10.285]      // while "1"  (timeout="200")
[23:48:10.285]      // while-condition  =>  TRUE
[23:48:10.285]      // while "1"  (timeout="200")
[23:48:10.285]      // while-condition  =>  TRUE
[23:48:10.285]      // while "1"  (timeout="200")
[23:48:10.285]      // while-condition  =>  TRUE
[23:48:10.285]      // while "1"  (timeout="200")
[23:48:10.285]      // while-condition  =>  TRUE
[23:48:10.285]      // while "1"  (timeout="200")
[23:48:10.285]      // while-condition  =>  TRUE
[23:48:10.285]      // while "1"  (timeout="200")
[23:48:10.285]      // while-condition  =>  TRUE
[23:48:10.285]      // while "1"  (timeout="200")
[23:48:10.285]      // while-condition  =>  TRUE
[23:48:10.285]      // while "1"  (timeout="200")
[23:48:10.285]      // while-condition  =>  TRUE
[23:48:10.285]      // while "1"  (timeout="200")
[23:48:10.285]      // while-condition  =>  TRUE
[23:48:10.285]      // while "1"  (timeout="200")
[23:48:10.285]      // while-condition  =>  TRUE
[23:48:10.285]      // while "1"  (timeout="200")
[23:48:10.285]      // while-condition  =>  TRUE
[23:48:10.285]      // while "1"  (timeout="200")
[23:48:10.285]      // while-condition  =>  TRUE
[23:48:10.285]      // while "1"  (timeout="200")
[23:48:10.285]      // while-condition  =>  TRUE
[23:48:10.285]      // while "1"  (timeout="200")
[23:48:10.285]      // while-condition  =>  TRUE
[23:48:10.285]      // while "1"  (timeout="200")
[23:48:10.285]      // while-condition  =>  TRUE
[23:48:10.289]      // while "1"  (timeout="200")
[23:48:10.289]      // while-condition  =>  TRUE
[23:48:10.289]      // while "1"  (timeout="200")
[23:48:10.289]      // while-condition  =>  TRUE
[23:48:10.289]      // while "1"  (timeout="200")
[23:48:10.289]      // while-condition  =>  TRUE
[23:48:10.289]      // while "1"  (timeout="200")
[23:48:10.289]      // while-condition  =>  TRUE
[23:48:10.289]      // while "1"  (timeout="200")
[23:48:10.289]      // while-condition  =>  TRUE
[23:48:10.289]      // while "1"  (timeout="200")
[23:48:10.289]      // while-condition  =>  TRUE
[23:48:10.289]      // while "1"  (timeout="200")
[23:48:10.289]      // while-condition  =>  TRUE
[23:48:10.289]      // while "1"  (timeout="200")
[23:48:10.289]      // while-condition  =>  TRUE
[23:48:10.289]      // while "1"  (timeout="200")
[23:48:10.289]      // while-condition  =>  TRUE
[23:48:10.289]      // while "1"  (timeout="200")
[23:48:10.290]      // while-condition  =>  TRUE
[23:48:10.290]      // while "1"  (timeout="200")
[23:48:10.290]      // while-condition  =>  TRUE
[23:48:10.290]      // while "1"  (timeout="200")
[23:48:10.290]      // while-condition  =>  TRUE
[23:48:10.290]      // while "1"  (timeout="200")
[23:48:10.290]      // while-condition  =>  TRUE
[23:48:10.290]      // while "1"  (timeout="200")
[23:48:10.290]      // while-condition  =>  TRUE
[23:48:10.290]      // while "1"  (timeout="200")
[23:48:10.290]      // while-condition  =>  TRUE
[23:48:10.290]      // while "1"  (timeout="200")
[23:48:10.290]      // while-condition  =>  TRUE
[23:48:10.291]      // while "1"  (timeout="200")
[23:48:10.291]      // while  =>  TIMEOUT
[23:48:10.291]      // end while "1"
[23:48:10.291]    </control>
[23:48:10.291]    <control if="canReadPins" while="" timeout="0" info="">
[23:48:10.291]      // if-block "canReadPins"
[23:48:10.291]        // =>  TRUE
[23:48:10.291]      <control if="" while="(DAP_SWJ_Pins(nReset, nReset, 0) & nReset) == 0" timeout="1000000" info="">
[23:48:10.291]        // while "(DAP_SWJ_Pins(nReset, nReset, 0) & nReset) == 0"  (timeout="1000000")
[23:48:10.292]          // -> [DAP_SWJ_Pins(0x80, 0x80, 0) => 0x8F]   (Out: nRESET=1  =>  In: SWCLK/TCK=1, SWDIO/TMS=1, TDI=1, TDO=1, nTRST=0, nRESET=1)
[23:48:10.292]        // while-condition  =>  FALSE
[23:48:10.292]        // end while "(DAP_SWJ_Pins(nReset, nReset, 0) & nReset) == 0"
[23:48:10.292]      </control>
[23:48:10.292]      // end if-block "canReadPins"
[23:48:10.292]    </control>
[23:48:10.292]    <control if="!canReadPins" while="" timeout="0" info="">
[23:48:10.292]      // if-block "!canReadPins"
[23:48:10.292]        // =>  FALSE
[23:48:10.292]      // skip if-block "!canReadPins"
[23:48:10.292]    </control>
[23:48:10.292]    <control if="(ACCESS_POINT_VAL & 0x00E00000) == 0" while="" timeout="0" info="">
[23:48:10.292]      // if-block "(ACCESS_POINT_VAL & 0x00E00000) == 0"
[23:48:10.292]        // =>  TRUE
[23:48:10.292]      <block atomic="false" info="">
[23:48:10.292]        WriteAP(0x00, 0x190008);
[23:48:10.296]          // -> [WriteAP(0x00000000, 0x00190008)]   (__dp=0x00000000, __ap=0x00000004)
[23:48:10.296]        WriteAP(0xF0, 0x01);
[23:48:10.300]          // -> [WriteAP(0x000000F0, 0x00000001)]   (__dp=0x00000000, __ap=0x00000004)
[23:48:10.300]      </block>
[23:48:10.300]      // end if-block "(ACCESS_POINT_VAL & 0x00E00000) == 0"
[23:48:10.300]    </control>
[23:48:10.300]    <control if="(ACCESS_POINT_VAL & 0x00E00000) != 0" while="" timeout="0" info="">
[23:48:10.300]      // if-block "(ACCESS_POINT_VAL & 0x00E00000) != 0"
[23:48:10.300]        // =>  FALSE
[23:48:10.300]      // skip if-block "(ACCESS_POINT_VAL & 0x00E00000) != 0"
[23:48:10.300]    </control>
[23:48:10.300]    <block atomic="false" info="">
[23:48:10.300]      ACCESS_POINT_VAL = ReadAP(0x00);//Reading current state of access point
[23:48:10.305]        // -> [ReadAP(0x00000000) => 0x0079002F]   (__dp=0x00000000, __ap=0x00000004)
[23:48:10.305]        // -> [ACCESS_POINT_VAL <= 0x0079002F]
[23:48:10.305]      Message(0, "Current state of access point is: %x",ACCESS_POINT_VAL);
[23:48:10.305]      __ap = 0; //lets make sure we reset the access point selection
[23:48:10.305]        // -> [__ap <= 0x00000000]
[23:48:10.305]    </block>
[23:48:10.305]  </sequence>
[23:48:10.305]  
[23:48:10.325]  **********  Sequence "DebugDeviceUnlock"  (Context="Connect", Pname="", info="")
[23:48:10.325]  
[23:48:10.325]  <debugvars>
[23:48:10.325]    // Pre-defined
[23:48:10.325]    __protocol=0x00010002      (Protocol="SWD", SWJ-DP="True")
[23:48:10.329]    __connection=0x00000202    (Connection Type="Flash", Reset Type="System Reset")
[23:48:10.329]    __dp=0x00000000
[23:48:10.329]    __ap=0x00000000
[23:48:10.329]    __traceout=0x00000000      (Trace Disabled)
[23:48:10.329]    __errorcontrol=0x00000000  (Skip Errors="False")
[23:48:10.329]    __FlashAddr=0x00000000
[23:48:10.329]    __FlashLen=0x00000000
[23:48:10.329]    __FlashArg=0x00000000
[23:48:10.329]    __FlashOp=0x00000000
[23:48:10.329]    __Result=0x00000000
[23:48:10.329]  </debugvars>
[23:48:10.330]  
[23:48:10.330]  <sequence name="DebugDeviceUnlock" Pname="" disable="false" info="">
[23:48:10.330]    <block atomic="false" info="">
[23:48:10.330]      __var deviceID = 0;
[23:48:10.330]        // -> [deviceID <= 0x00000000]
[23:48:10.330]      __var version = 0;
[23:48:10.330]        // -> [version <= 0x00000000]
[23:48:10.330]      __var partNum = 0;
[23:48:10.330]        // -> [partNum <= 0x00000000]
[23:48:10.330]      __var manuf = 0;
[23:48:10.331]        // -> [manuf <= 0x00000000]
[23:48:10.331]      __var isMSPM0G1X0X_G3X0X = 0;
[23:48:10.331]        // -> [isMSPM0G1X0X_G3X0X <= 0x00000000]
[23:48:10.331]      __var isProduction = 0;
[23:48:10.331]        // -> [isProduction <= 0x00000000]
[23:48:10.331]      __var continueId = 0;
[23:48:10.331]        // -> [continueId <= 0x00000000]
[23:48:10.331]      deviceID =   Read32(0x41C40004);
[23:48:10.335]        // -> [Read32(0x41C40004) => 0x2BB8802F]   (__dp=0x00000000, __ap=0x00000000)
[23:48:10.335]        // -> [deviceID <= 0x2BB8802F]
[23:48:10.335]      version = deviceID >> 28;
[23:48:10.335]        // -> [version <= 0x00000002]
[23:48:10.335]      partNum = (deviceID & 0x0FFFF000) >> 12;
[23:48:10.335]        // -> [partNum <= 0x0000BB88]
[23:48:10.335]      manuf = (deviceID & 0x00000FFE) >> 1;
[23:48:10.335]        // -> [manuf <= 0x00000017]
[23:48:10.339]      isMSPM0G1X0X_G3X0X = (partNum == 0xBB88) && (manuf == 0x17);
[23:48:10.339]        // -> [isMSPM0G1X0X_G3X0X <= 0x00000001]
[23:48:10.340]      isProduction = (version > 0);
[23:48:10.340]        // -> [isProduction <= 0x00000001]
[23:48:10.340]    </block>
[23:48:10.340]    <control if="!isMSPM0G1X0X_G3X0X" while="" timeout="0" info="">
[23:48:10.340]      // if-block "!isMSPM0G1X0X_G3X0X"
[23:48:10.340]        // =>  FALSE
[23:48:10.340]      // skip if-block "!isMSPM0G1X0X_G3X0X"
[23:48:10.340]    </control>
[23:48:10.340]    <control if="continueId == 4" while="" timeout="0" info="">
[23:48:10.340]      // if-block "continueId == 4"
[23:48:10.340]        // =>  FALSE
[23:48:10.340]      // skip if-block "continueId == 4"
[23:48:10.340]    </control>
[23:48:10.340]    <control if="!isProduction" while="" timeout="0" info="">
[23:48:10.340]      // if-block "!isProduction"
[23:48:10.340]        // =>  FALSE
[23:48:10.340]      // skip if-block "!isProduction"
[23:48:10.340]    </control>
[23:48:10.340]  </sequence>
[23:48:10.340]  
[23:53:04.730]  **********  Sequence "DebugPortSetup"  (Context="Connect", Pname="", info="")
[23:53:04.730]  
[23:53:04.730]  <debugvars>
[23:53:04.730]    // Pre-defined
[23:53:04.730]    __protocol=0x00010002      (Protocol="SWD", SWJ-DP="True")
[23:53:04.730]    __connection=0x00000202    (Connection Type="Flash", Reset Type="System Reset")
[23:53:04.730]    __dp=0x00000000
[23:53:04.730]    __ap=0x00000000
[23:53:04.730]    __traceout=0x00000000      (Trace Disabled)
[23:53:04.730]    __errorcontrol=0x00000000  (Skip Errors="False")
[23:53:04.730]    __FlashAddr=0x00000000
[23:53:04.730]    __FlashLen=0x00000000
[23:53:04.730]    __FlashArg=0x00000000
[23:53:04.730]    __FlashOp=0x00000000
[23:53:04.730]    __Result=0x00000000
[23:53:04.730]  </debugvars>
[23:53:04.730]  
[23:53:04.730]  <sequence name="DebugPortSetup" Pname="" disable="false" info="">
[23:53:04.730]    <block atomic="false" info="">
[23:53:04.730]      __var isSWJ      = ((__protocol & 0x00010000) != 0);
[23:53:04.730]        // -> [isSWJ <= 0x00000001]
[23:53:04.730]      __var hasDormant = __protocol & 0x00020000;
[23:53:04.730]        // -> [hasDormant <= 0x00000000]
[23:53:04.730]      __var protType   = __protocol & 0x0000FFFF;
[23:53:04.730]        // -> [protType <= 0x00000002]
[23:53:04.730]    </block>
[23:53:04.730]    <control if="protType == 1" while="" timeout="0" info="">
[23:53:04.730]      // if-block "protType == 1"
[23:53:04.730]        // =>  FALSE
[23:53:04.730]      // skip if-block "protType == 1"
[23:53:04.730]    </control>
[23:53:04.730]    <control if="protType == 2" while="" timeout="0" info="">
[23:53:04.730]      // if-block "protType == 2"
[23:53:04.730]        // =>  TRUE
[23:53:04.730]      <control if="isSWJ" while="" timeout="0" info="">
[23:53:04.730]        // if-block "isSWJ"
[23:53:04.730]          // =>  TRUE
[23:53:04.730]        <control if="hasDormant" while="" timeout="0" info="">
[23:53:04.730]          // if-block "hasDormant"
[23:53:04.730]            // =>  FALSE
[23:53:04.730]          // skip if-block "hasDormant"
[23:53:04.730]        </control>
[23:53:04.730]        <control if="!hasDormant" while="" timeout="0" info="">
[23:53:04.730]          // if-block "!hasDormant"
[23:53:04.730]            // =>  TRUE
[23:53:04.730]          <block atomic="false" info="">
[23:53:04.730]            DAP_SWJ_Sequence(51, 0x0007FFFFFFFFFFFF); //lets put the JTAG line in a reset state
[23:53:04.736]              // -> [DAP_SWJ_Sequence(51, 0x0007FFFFFFFFFFFF)]
[23:53:04.736]            DAP_SWJ_Sequence(16,0xE73C); //SWD to JTAG, this is to ensure the state machine is initialized
[23:53:04.736]              // -> [DAP_SWJ_Sequence(16, 0x000000000000E73C)]
[23:53:04.736]            DAP_SWJ_Sequence(51, 0x0007FFFFFFFFFFFF); //Put it back in reset
[23:53:04.741]              // -> [DAP_SWJ_Sequence(51, 0x0007FFFFFFFFFFFF)]
[23:53:04.741]            DAP_SWJ_Sequence(16, 0xE79E); //JTAG to SWD switch
[23:53:04.742]              // -> [DAP_SWJ_Sequence(16, 0x000000000000E79E)]
[23:53:04.742]            DAP_SWJ_Sequence(51, 0x0007FFFFFFFFFFFF);  //Ensure the switch is successful 
[23:53:04.742]              // -> [DAP_SWJ_Sequence(51, 0x0007FFFFFFFFFFFF)]
[23:53:04.745]            DAP_SWJ_Sequence(7,  0x00); //Give the line some time to initialize
[23:53:04.747]              // -> [DAP_SWJ_Sequence(7, 0x0000000000000000)]
[23:53:04.747]          </block>
[23:53:04.747]          // end if-block "!hasDormant"
[23:53:04.747]        </control>
[23:53:04.747]        // end if-block "isSWJ"
[23:53:04.747]      </control>
[23:53:04.747]      <control if="!isSWJ" while="" timeout="0" info="">
[23:53:04.747]        // if-block "!isSWJ"
[23:53:04.747]          // =>  FALSE
[23:53:04.747]        // skip if-block "!isSWJ"
[23:53:04.747]      </control>
[23:53:04.747]      <block atomic="false" info="">
[23:53:04.747]        ReadDP(0x0);
[23:53:04.747]          // -> [ReadDP(0x00000000) => 0x6BA02477]   (__dp=0x00000000)
[23:53:04.747]      </block>
[23:53:04.747]      // end if-block "protType == 2"
[23:53:04.747]    </control>
[23:53:04.747]  </sequence>
[23:53:04.747]  
[23:53:04.751]  **********  Sequence "DebugPortStart"  (Context="Connect", Pname="", info="")
[23:53:04.751]  
[23:53:04.751]  <debugvars>
[23:53:04.751]    // Pre-defined
[23:53:04.751]    __protocol=0x00010002      (Protocol="SWD", SWJ-DP="True")
[23:53:04.751]    __connection=0x00000202    (Connection Type="Flash", Reset Type="System Reset")
[23:53:04.751]    __dp=0x00000000
[23:53:04.751]    __ap=0x00000000
[23:53:04.751]    __traceout=0x00000000      (Trace Disabled)
[23:53:04.751]    __errorcontrol=0x00000000  (Skip Errors="False")
[23:53:04.751]    __FlashAddr=0x00000000
[23:53:04.755]    __FlashLen=0x00000000
[23:53:04.755]    __FlashArg=0x00000000
[23:53:04.755]    __FlashOp=0x00000000
[23:53:04.755]    __Result=0x00000000
[23:53:04.755]  </debugvars>
[23:53:04.755]  
[23:53:04.755]  <sequence name="DebugPortStart" Pname="" disable="false" info="">
[23:53:04.755]    <block atomic="false" info="">
[23:53:04.755]      __var SW_DP_ABORT       = 0x0;
[23:53:04.755]        // -> [SW_DP_ABORT <= 0x00000000]
[23:53:04.755]      __var DP_CTRL_STAT      = 0x4;
[23:53:04.755]        // -> [DP_CTRL_STAT <= 0x00000004]
[23:53:04.755]      __var DP_SELECT         = 0x8;
[23:53:04.755]        // -> [DP_SELECT <= 0x00000008]
[23:53:04.755]      __var powered_down      = 0;
[23:53:04.756]        // -> [powered_down <= 0x00000000]
[23:53:04.756]      WriteDP(DP_SELECT, 0x00000000);
[23:53:04.757]        // -> [WriteDP(0x00000008, 0x00000000)]   (__dp=0x00000000)
[23:53:04.757]      powered_down = ((ReadDP(DP_CTRL_STAT) & 0xA0000000) != 0xA0000000);
[23:53:04.757]        // -> [ReadDP(0x00000004) => 0x00000040]   (__dp=0x00000000)
[23:53:04.757]        // -> [powered_down <= 0x00000001]
[23:53:04.757]    </block>
[23:53:04.757]    <control if="powered_down" while="" timeout="0" info="">
[23:53:04.757]      // if-block "powered_down"
[23:53:04.757]        // =>  TRUE
[23:53:04.757]      <block atomic="false" info="">
[23:53:04.757]        Message(0, "Debug/System power-up request sent");
[23:53:04.757]        WriteDP(DP_CTRL_STAT, 0x50000000);
[23:53:04.763]          // -> [WriteDP(0x00000004, 0x50000000)]   (__dp=0x00000000)
[23:53:04.763]      </block>
[23:53:04.763]      <control if="" while="(ReadDP(DP_CTRL_STAT) & 0xA0000000) != 0xA0000000" timeout="1000000" info="">
[23:53:04.763]        // while "(ReadDP(DP_CTRL_STAT) & 0xA0000000) != 0xA0000000"  (timeout="1000000")
[23:53:04.765]          // -> [ReadDP(0x00000004) => 0xF0000040]   (__dp=0x00000000)
[23:53:04.765]        // while-condition  =>  FALSE
[23:53:04.765]        // end while "(ReadDP(DP_CTRL_STAT) & 0xA0000000) != 0xA0000000"
[23:53:04.765]      </control>
[23:53:04.765]      <control if="(__protocol & 0xFFFF) == 1" while="" timeout="0" info="">
[23:53:04.765]        // if-block "(__protocol & 0xFFFF) == 1"
[23:53:04.765]          // =>  FALSE
[23:53:04.765]        // skip if-block "(__protocol & 0xFFFF) == 1"
[23:53:04.765]      </control>
[23:53:04.765]      <control if="(__protocol & 0xFFFF) == 2" while="" timeout="0" info="">
[23:53:04.765]        // if-block "(__protocol & 0xFFFF) == 2"
[23:53:04.765]          // =>  TRUE
[23:53:04.765]        <block atomic="false" info="">
[23:53:04.765]          Message(0, "executing SWD power up");
[23:53:04.766]          WriteDP(DP_CTRL_STAT, 0x50000F00);
[23:53:04.767]            // -> [WriteDP(0x00000004, 0x50000F00)]   (__dp=0x00000000)
[23:53:04.767]          WriteDP(SW_DP_ABORT, 0x0000001E);
[23:53:04.767]            // -> [WriteDP(0x00000000, 0x0000001E)]   (__dp=0x00000000)
[23:53:04.767]        </block>
[23:53:04.767]        // end if-block "(__protocol & 0xFFFF) == 2"
[23:53:04.767]      </control>
[23:53:04.767]      // end if-block "powered_down"
[23:53:04.767]    </control>
[23:53:04.772]    <block atomic="false" info="">
[23:53:04.772]      __var DEBUG_PORT_VAL    = 0;
[23:53:04.772]        // -> [DEBUG_PORT_VAL <= 0x00000000]
[23:53:04.772]      __var ACCESS_POINT_VAL  = 0;
[23:53:04.772]        // -> [ACCESS_POINT_VAL <= 0x00000000]
[23:53:04.772]      __ap = 1; 
[23:53:04.772]        // -> [__ap <= 0x00000001]
[23:53:04.772]      WriteAP(0x0C, 0x04); //lets use the mini pwr-ap as backup
[23:53:04.775]        // -> [WriteAP(0x0000000C, 0x00000004)]   (__dp=0x00000000, __ap=0x00000001)
[23:53:04.775]      __ap = 4;
[23:53:04.776]        // -> [__ap <= 0x00000004]
[23:53:04.776]      ACCESS_POINT_VAL = ReadAP(0x00);//Reading current state of access point
[23:53:04.777]        // -> [ReadAP(0x00000000) => 0x00080027]   (__dp=0x00000000, __ap=0x00000004)
[23:53:04.777]        // -> [ACCESS_POINT_VAL <= 0x00080027]
[23:53:04.783]      Message(0, "Current state of access point is: %x",ACCESS_POINT_VAL);
[23:53:04.783]    </block>
[23:53:04.783]    <block atomic="false" info="">
[23:53:04.783]      __var nReset = 0x80;
[23:53:04.783]        // -> [nReset <= 0x00000080]
[23:53:04.783]      __var canReadPins = 0;
[23:53:04.783]        // -> [canReadPins <= 0x00000000]
[23:53:04.783]      canReadPins = (DAP_SWJ_Pins(0x00, nReset, 0) != 0xFFFFFFFF);
[23:53:04.787]        // -> [DAP_SWJ_Pins(0x00, 0x80, 0) => 0x0F]   (Out: nRESET=0  =>  In: SWCLK/TCK=1, SWDIO/TMS=1, TDI=1, TDO=1, nTRST=0, nRESET=0)
[23:53:04.787]        // -> [canReadPins <= 0x00000001]
[23:53:04.787]    </block>
[23:53:04.787]    <control if="" while="1" timeout="200" info="">
[23:53:04.787]      // while "1"  (timeout="200")
[23:53:04.787]      // while-condition  =>  TRUE
[23:53:04.787]      // while "1"  (timeout="200")
[23:53:04.787]      // while-condition  =>  TRUE
[23:53:04.787]      // while "1"  (timeout="200")
[23:53:04.787]      // while-condition  =>  TRUE
[23:53:04.787]      // while "1"  (timeout="200")
[23:53:04.787]      // while-condition  =>  TRUE
[23:53:04.787]      // while "1"  (timeout="200")
[23:53:04.787]      // while-condition  =>  TRUE
[23:53:04.787]      // while "1"  (timeout="200")
[23:53:04.787]      // while-condition  =>  TRUE
[23:53:04.787]      // while "1"  (timeout="200")
[23:53:04.787]      // while-condition  =>  TRUE
[23:53:04.787]      // while "1"  (timeout="200")
[23:53:04.787]      // while-condition  =>  TRUE
[23:53:04.787]      // while "1"  (timeout="200")
[23:53:04.787]      // while-condition  =>  TRUE
[23:53:04.787]      // while "1"  (timeout="200")
[23:53:04.787]      // while-condition  =>  TRUE
[23:53:04.787]      // while "1"  (timeout="200")
[23:53:04.787]      // while-condition  =>  TRUE
[23:53:04.787]      // while "1"  (timeout="200")
[23:53:04.787]      // while-condition  =>  TRUE
[23:53:04.787]      // while "1"  (timeout="200")
[23:53:04.787]      // while-condition  =>  TRUE
[23:53:04.787]      // while "1"  (timeout="200")
[23:53:04.787]      // while-condition  =>  TRUE
[23:53:04.787]      // while "1"  (timeout="200")
[23:53:04.787]      // while-condition  =>  TRUE
[23:53:04.787]      // while "1"  (timeout="200")
[23:53:04.787]      // while-condition  =>  TRUE
[23:53:04.787]      // while "1"  (timeout="200")
[23:53:04.787]      // while-condition  =>  TRUE
[23:53:04.787]      // while "1"  (timeout="200")
[23:53:04.787]      // while-condition  =>  TRUE
[23:53:04.787]      // while "1"  (timeout="200")
[23:53:04.787]      // while-condition  =>  TRUE
[23:53:04.787]      // while "1"  (timeout="200")
[23:53:04.787]      // while-condition  =>  TRUE
[23:53:04.787]      // while "1"  (timeout="200")
[23:53:04.787]      // while-condition  =>  TRUE
[23:53:04.787]      // while "1"  (timeout="200")
[23:53:04.787]      // while-condition  =>  TRUE
[23:53:04.787]      // while "1"  (timeout="200")
[23:53:04.787]      // while-condition  =>  TRUE
[23:53:04.787]      // while "1"  (timeout="200")
[23:53:04.787]      // while-condition  =>  TRUE
[23:53:04.787]      // while "1"  (timeout="200")
[23:53:04.787]      // while-condition  =>  TRUE
[23:53:04.787]      // while "1"  (timeout="200")
[23:53:04.787]      // while-condition  =>  TRUE
[23:53:04.787]      // while "1"  (timeout="200")
[23:53:04.787]      // while-condition  =>  TRUE
[23:53:04.787]      // while "1"  (timeout="200")
[23:53:04.787]      // while-condition  =>  TRUE
[23:53:04.787]      // while "1"  (timeout="200")
[23:53:04.787]      // while-condition  =>  TRUE
[23:53:04.787]      // while "1"  (timeout="200")
[23:53:04.787]      // while-condition  =>  TRUE
[23:53:04.787]      // while "1"  (timeout="200")
[23:53:04.787]      // while-condition  =>  TRUE
[23:53:04.787]      // while "1"  (timeout="200")
[23:53:04.787]      // while-condition  =>  TRUE
[23:53:04.787]      // while "1"  (timeout="200")
[23:53:04.787]      // while-condition  =>  TRUE
[23:53:04.787]      // while "1"  (timeout="200")
[23:53:04.787]      // while-condition  =>  TRUE
[23:53:04.787]      // while "1"  (timeout="200")
[23:53:04.787]      // while-condition  =>  TRUE
[23:53:04.787]      // while "1"  (timeout="200")
[23:53:04.787]      // while-condition  =>  TRUE
[23:53:04.787]      // while "1"  (timeout="200")
[23:53:04.787]      // while-condition  =>  TRUE
[23:53:04.787]      // while "1"  (timeout="200")
[23:53:04.787]      // while-condition  =>  TRUE
[23:53:04.787]      // while "1"  (timeout="200")
[23:53:04.787]      // while-condition  =>  TRUE
[23:53:04.787]      // while "1"  (timeout="200")
[23:53:04.787]      // while-condition  =>  TRUE
[23:53:04.787]      // while "1"  (timeout="200")
[23:53:04.787]      // while-condition  =>  TRUE
[23:53:04.787]      // while "1"  (timeout="200")
[23:53:04.787]      // while-condition  =>  TRUE
[23:53:04.792]      // while "1"  (timeout="200")
[23:53:04.792]      // while  =>  TIMEOUT
[23:53:04.792]      // end while "1"
[23:53:04.792]    </control>
[23:53:04.792]    <control if="canReadPins" while="" timeout="0" info="">
[23:53:04.792]      // if-block "canReadPins"
[23:53:04.792]        // =>  TRUE
[23:53:04.792]      <control if="" while="(DAP_SWJ_Pins(nReset, nReset, 0) & nReset) == 0" timeout="1000000" info="">
[23:53:04.792]        // while "(DAP_SWJ_Pins(nReset, nReset, 0) & nReset) == 0"  (timeout="1000000")
[23:53:04.792]          // -> [DAP_SWJ_Pins(0x80, 0x80, 0) => 0x8F]   (Out: nRESET=1  =>  In: SWCLK/TCK=1, SWDIO/TMS=1, TDI=1, TDO=1, nTRST=0, nRESET=1)
[23:53:04.792]        // while-condition  =>  FALSE
[23:53:04.792]        // end while "(DAP_SWJ_Pins(nReset, nReset, 0) & nReset) == 0"
[23:53:04.792]      </control>
[23:53:04.792]      // end if-block "canReadPins"
[23:53:04.792]    </control>
[23:53:04.795]    <control if="!canReadPins" while="" timeout="0" info="">
[23:53:04.795]      // if-block "!canReadPins"
[23:53:04.795]        // =>  FALSE
[23:53:04.795]      // skip if-block "!canReadPins"
[23:53:04.795]    </control>
[23:53:04.795]    <control if="(ACCESS_POINT_VAL & 0x00E00000) == 0" while="" timeout="0" info="">
[23:53:04.795]      // if-block "(ACCESS_POINT_VAL & 0x00E00000) == 0"
[23:53:04.795]        // =>  TRUE
[23:53:04.795]      <block atomic="false" info="">
[23:53:04.795]        WriteAP(0x00, 0x190008);
[23:53:04.798]          // -> [WriteAP(0x00000000, 0x00190008)]   (__dp=0x00000000, __ap=0x00000004)
[23:53:04.798]        WriteAP(0xF0, 0x01);
[23:53:04.798]          // -> [WriteAP(0x000000F0, 0x00000001)]   (__dp=0x00000000, __ap=0x00000004)
[23:53:04.803]      </block>
[23:53:04.803]      // end if-block "(ACCESS_POINT_VAL & 0x00E00000) == 0"
[23:53:04.803]    </control>
[23:53:04.803]    <control if="(ACCESS_POINT_VAL & 0x00E00000) != 0" while="" timeout="0" info="">
[23:53:04.803]      // if-block "(ACCESS_POINT_VAL & 0x00E00000) != 0"
[23:53:04.803]        // =>  FALSE
[23:53:04.803]      // skip if-block "(ACCESS_POINT_VAL & 0x00E00000) != 0"
[23:53:04.803]    </control>
[23:53:04.803]    <block atomic="false" info="">
[23:53:04.803]      ACCESS_POINT_VAL = ReadAP(0x00);//Reading current state of access point
[23:53:04.808]        // -> [ReadAP(0x00000000) => 0x0079002F]   (__dp=0x00000000, __ap=0x00000004)
[23:53:04.808]        // -> [ACCESS_POINT_VAL <= 0x0079002F]
[23:53:04.808]      Message(0, "Current state of access point is: %x",ACCESS_POINT_VAL);
[23:53:04.808]      __ap = 0; //lets make sure we reset the access point selection
[23:53:04.808]        // -> [__ap <= 0x00000000]
[23:53:04.808]    </block>
[23:53:04.808]  </sequence>
[23:53:04.808]  
[23:53:04.829]  **********  Sequence "DebugDeviceUnlock"  (Context="Connect", Pname="", info="")
[23:53:04.829]  
[23:53:04.829]  <debugvars>
[23:53:04.829]    // Pre-defined
[23:53:04.829]    __protocol=0x00010002      (Protocol="SWD", SWJ-DP="True")
[23:53:04.829]    __connection=0x00000202    (Connection Type="Flash", Reset Type="System Reset")
[23:53:04.829]    __dp=0x00000000
[23:53:04.829]    __ap=0x00000000
[23:53:04.829]    __traceout=0x00000000      (Trace Disabled)
[23:53:04.829]    __errorcontrol=0x00000000  (Skip Errors="False")
[23:53:04.829]    __FlashAddr=0x00000000
[23:53:04.829]    __FlashLen=0x00000000
[23:53:04.829]    __FlashArg=0x00000000
[23:53:04.829]    __FlashOp=0x00000000
[23:53:04.829]    __Result=0x00000000
[23:53:04.829]  </debugvars>
[23:53:04.829]  
[23:53:04.829]  <sequence name="DebugDeviceUnlock" Pname="" disable="false" info="">
[23:53:04.829]    <block atomic="false" info="">
[23:53:04.829]      __var deviceID = 0;
[23:53:04.829]        // -> [deviceID <= 0x00000000]
[23:53:04.829]      __var version = 0;
[23:53:04.829]        // -> [version <= 0x00000000]
[23:53:04.829]      __var partNum = 0;
[23:53:04.829]        // -> [partNum <= 0x00000000]
[23:53:04.829]      __var manuf = 0;
[23:53:04.829]        // -> [manuf <= 0x00000000]
[23:53:04.829]      __var isMSPM0G1X0X_G3X0X = 0;
[23:53:04.829]        // -> [isMSPM0G1X0X_G3X0X <= 0x00000000]
[23:53:04.829]      __var isProduction = 0;
[23:53:04.829]        // -> [isProduction <= 0x00000000]
[23:53:04.829]      __var continueId = 0;
[23:53:04.829]        // -> [continueId <= 0x00000000]
[23:53:04.829]      deviceID =   Read32(0x41C40004);
[23:53:04.839]        // -> [Read32(0x41C40004) => 0x2BB8802F]   (__dp=0x00000000, __ap=0x00000000)
[23:53:04.839]        // -> [deviceID <= 0x2BB8802F]
[23:53:04.839]      version = deviceID >> 28;
[23:53:04.839]        // -> [version <= 0x00000002]
[23:53:04.839]      partNum = (deviceID & 0x0FFFF000) >> 12;
[23:53:04.839]        // -> [partNum <= 0x0000BB88]
[23:53:04.839]      manuf = (deviceID & 0x00000FFE) >> 1;
[23:53:04.839]        // -> [manuf <= 0x00000017]
[23:53:04.839]      isMSPM0G1X0X_G3X0X = (partNum == 0xBB88) && (manuf == 0x17);
[23:53:04.839]        // -> [isMSPM0G1X0X_G3X0X <= 0x00000001]
[23:53:04.839]      isProduction = (version > 0);
[23:53:04.839]        // -> [isProduction <= 0x00000001]
[23:53:04.839]    </block>
[23:53:04.839]    <control if="!isMSPM0G1X0X_G3X0X" while="" timeout="0" info="">
[23:53:04.839]      // if-block "!isMSPM0G1X0X_G3X0X"
[23:53:04.839]        // =>  FALSE
[23:53:04.839]      // skip if-block "!isMSPM0G1X0X_G3X0X"
[23:53:04.839]    </control>
[23:53:04.839]    <control if="continueId == 4" while="" timeout="0" info="">
[23:53:04.839]      // if-block "continueId == 4"
[23:53:04.839]        // =>  FALSE
[23:53:04.839]      // skip if-block "continueId == 4"
[23:53:04.839]    </control>
[23:53:04.839]    <control if="!isProduction" while="" timeout="0" info="">
[23:53:04.839]      // if-block "!isProduction"
[23:53:04.839]        // =>  FALSE
[23:53:04.839]      // skip if-block "!isProduction"
[23:53:04.839]    </control>
[23:53:04.839]  </sequence>
[23:53:04.839]  
