/*
 *  CMSIS Pack Debug Access Sequence Log
 *  File        : C:\Users\xxs13\Desktop\MSPM0G3507_Library\SeekFree_MSPM0G3507_Opensource_Library\project\mdk\SeekFree_MSPM0G3507_Device_Library_Sequences_0003.log
 *  Created     : 14:32:02 (12/07/2026)
 *  Device      : MSPM0G3507
 *  PDSC File   : D:/MDK5.36/Packs/TexasInstruments/MSPM0G1X0X_G3X0X_DFP/1.3.1/TexasInstruments.MSPM0G1X0X_G3X0X_DFP.pdsc
 *
 */

[14:32:02.946]  **********  Sequence "DebugPortSetup"  (Context="Connect", Pname="", info="")
[14:32:02.946]  
[14:32:02.946]  <debugvars>
[14:32:02.946]    // Pre-defined
[14:32:02.946]    __protocol=0x00010002      (Protocol="SWD", SWJ-DP="True")
[14:32:02.946]    __connection=0x00000202    (Connection Type="Flash", Reset Type="System Reset")
[14:32:02.946]    __dp=0x00000000
[14:32:02.946]    __ap=0x00000000
[14:32:02.946]    __traceout=0x00000000      (Trace Disabled)
[14:32:02.946]    __errorcontrol=0x00000000  (Skip Errors="False")
[14:32:02.947]    __FlashAddr=0x00000000
[14:32:02.947]    __FlashLen=0x00000000
[14:32:02.947]    __FlashArg=0x00000000
[14:32:02.947]    __FlashOp=0x00000000
[14:32:02.947]    __Result=0x00000000
[14:32:02.947]  </debugvars>
[14:32:02.947]  
[14:32:02.947]  <sequence name="DebugPortSetup" Pname="" disable="false" info="">
[14:32:02.947]    <block atomic="false" info="">
[14:32:02.947]      __var isSWJ      = ((__protocol & 0x00010000) != 0);
[14:32:02.947]        // -> [isSWJ <= 0x00000001]
[14:32:02.947]      __var hasDormant = __protocol & 0x00020000;
[14:32:02.947]        // -> [hasDormant <= 0x00000000]
[14:32:02.947]      __var protType   = __protocol & 0x0000FFFF;
[14:32:02.947]        // -> [protType <= 0x00000002]
[14:32:02.947]    </block>
[14:32:02.947]    <control if="protType == 1" while="" timeout="0" info="">
[14:32:02.947]      // if-block "protType == 1"
[14:32:02.948]        // =>  FALSE
[14:32:02.948]      // skip if-block "protType == 1"
[14:32:02.948]    </control>
[14:32:02.948]    <control if="protType == 2" while="" timeout="0" info="">
[14:32:02.948]      // if-block "protType == 2"
[14:32:02.948]        // =>  TRUE
[14:32:02.948]      <control if="isSWJ" while="" timeout="0" info="">
[14:32:02.948]        // if-block "isSWJ"
[14:32:02.948]          // =>  TRUE
[14:32:02.948]        <control if="hasDormant" while="" timeout="0" info="">
[14:32:02.948]          // if-block "hasDormant"
[14:32:02.948]            // =>  FALSE
[14:32:02.948]          // skip if-block "hasDormant"
[14:32:02.948]        </control>
[14:32:02.948]        <control if="!hasDormant" while="" timeout="0" info="">
[14:32:02.948]          // if-block "!hasDormant"
[14:32:02.948]            // =>  TRUE
[14:32:02.948]          <block atomic="false" info="">
[14:32:02.948]            DAP_SWJ_Sequence(51, 0x0007FFFFFFFFFFFF); //lets put the JTAG line in a reset state
[14:32:02.950]              // -> [DAP_SWJ_Sequence(51, 0x0007FFFFFFFFFFFF)]
[14:32:02.950]            DAP_SWJ_Sequence(16,0xE73C); //SWD to JTAG, this is to ensure the state machine is initialized
[14:32:02.952]              // -> [DAP_SWJ_Sequence(16, 0x000000000000E73C)]
[14:32:02.952]            DAP_SWJ_Sequence(51, 0x0007FFFFFFFFFFFF); //Put it back in reset
[14:32:02.953]              // -> [DAP_SWJ_Sequence(51, 0x0007FFFFFFFFFFFF)]
[14:32:02.953]            DAP_SWJ_Sequence(16, 0xE79E); //JTAG to SWD switch
[14:32:02.953]              // -> [DAP_SWJ_Sequence(16, 0x000000000000E79E)]
[14:32:02.953]            DAP_SWJ_Sequence(51, 0x0007FFFFFFFFFFFF);  //Ensure the switch is successful 
[14:32:02.953]              // -> [DAP_SWJ_Sequence(51, 0x0007FFFFFFFFFFFF)]
[14:32:02.953]            DAP_SWJ_Sequence(7,  0x00); //Give the line some time to initialize
[14:32:02.953]              // -> [DAP_SWJ_Sequence(7, 0x0000000000000000)]
[14:32:02.953]          </block>
[14:32:02.953]          // end if-block "!hasDormant"
[14:32:02.953]        </control>
[14:32:02.953]        // end if-block "isSWJ"
[14:32:02.953]      </control>
[14:32:02.953]      <control if="!isSWJ" while="" timeout="0" info="">
[14:32:02.953]        // if-block "!isSWJ"
[14:32:02.953]          // =>  FALSE
[14:32:02.953]        // skip if-block "!isSWJ"
[14:32:02.953]      </control>
[14:32:02.953]      <block atomic="false" info="">
[14:32:02.953]        ReadDP(0x0);
[14:32:02.963]          // -> [ReadDP(0x00000000) => 0x6BA02477]   (__dp=0x00000000)
[14:32:02.963]      </block>
[14:32:02.963]      // end if-block "protType == 2"
[14:32:02.963]    </control>
[14:32:02.963]  </sequence>
[14:32:02.963]  
[14:32:02.963]  **********  Sequence "DebugPortStart"  (Context="Connect", Pname="", info="")
[14:32:02.963]  
[14:32:02.969]  <debugvars>
[14:32:02.969]    // Pre-defined
[14:32:02.969]    __protocol=0x00010002      (Protocol="SWD", SWJ-DP="True")
[14:32:02.969]    __connection=0x00000202    (Connection Type="Flash", Reset Type="System Reset")
[14:32:02.969]    __dp=0x00000000
[14:32:02.969]    __ap=0x00000000
[14:32:02.969]    __traceout=0x00000000      (Trace Disabled)
[14:32:02.969]    __errorcontrol=0x00000000  (Skip Errors="False")
[14:32:02.969]    __FlashAddr=0x00000000
[14:32:02.969]    __FlashLen=0x00000000
[14:32:02.969]    __FlashArg=0x00000000
[14:32:02.969]    __FlashOp=0x00000000
[14:32:02.969]    __Result=0x00000000
[14:32:02.969]  </debugvars>
[14:32:02.969]  
[14:32:02.969]  <sequence name="DebugPortStart" Pname="" disable="false" info="">
[14:32:02.969]    <block atomic="false" info="">
[14:32:02.969]      __var SW_DP_ABORT       = 0x0;
[14:32:02.969]        // -> [SW_DP_ABORT <= 0x00000000]
[14:32:02.969]      __var DP_CTRL_STAT      = 0x4;
[14:32:02.969]        // -> [DP_CTRL_STAT <= 0x00000004]
[14:32:02.969]      __var DP_SELECT         = 0x8;
[14:32:02.969]        // -> [DP_SELECT <= 0x00000008]
[14:32:02.969]      __var powered_down      = 0;
[14:32:02.969]        // -> [powered_down <= 0x00000000]
[14:32:02.969]      WriteDP(DP_SELECT, 0x00000000);
[14:32:02.969]        // -> [WriteDP(0x00000008, 0x00000000)]   (__dp=0x00000000)
[14:32:02.969]      powered_down = ((ReadDP(DP_CTRL_STAT) & 0xA0000000) != 0xA0000000);
[14:32:02.969]        // -> [ReadDP(0x00000004) => 0x00000040]   (__dp=0x00000000)
[14:32:02.969]        // -> [powered_down <= 0x00000001]
[14:32:02.969]    </block>
[14:32:02.969]    <control if="powered_down" while="" timeout="0" info="">
[14:32:02.969]      // if-block "powered_down"
[14:32:02.969]        // =>  TRUE
[14:32:02.969]      <block atomic="false" info="">
[14:32:02.969]        Message(0, "Debug/System power-up request sent");
[14:32:02.969]        WriteDP(DP_CTRL_STAT, 0x50000000);
[14:32:02.979]          // -> [WriteDP(0x00000004, 0x50000000)]   (__dp=0x00000000)
[14:32:02.979]      </block>
[14:32:02.979]      <control if="" while="(ReadDP(DP_CTRL_STAT) & 0xA0000000) != 0xA0000000" timeout="1000000" info="">
[14:32:02.979]        // while "(ReadDP(DP_CTRL_STAT) & 0xA0000000) != 0xA0000000"  (timeout="1000000")
[14:32:02.979]          // -> [ReadDP(0x00000004) => 0xF0000040]   (__dp=0x00000000)
[14:32:02.979]        // while-condition  =>  FALSE
[14:32:02.979]        // end while "(ReadDP(DP_CTRL_STAT) & 0xA0000000) != 0xA0000000"
[14:32:02.979]      </control>
[14:32:02.979]      <control if="(__protocol & 0xFFFF) == 1" while="" timeout="0" info="">
[14:32:02.979]        // if-block "(__protocol & 0xFFFF) == 1"
[14:32:02.979]          // =>  FALSE
[14:32:02.979]        // skip if-block "(__protocol & 0xFFFF) == 1"
[14:32:02.979]      </control>
[14:32:02.979]      <control if="(__protocol & 0xFFFF) == 2" while="" timeout="0" info="">
[14:32:02.979]        // if-block "(__protocol & 0xFFFF) == 2"
[14:32:02.979]          // =>  TRUE
[14:32:02.979]        <block atomic="false" info="">
[14:32:02.979]          Message(0, "executing SWD power up");
[14:32:02.979]          WriteDP(DP_CTRL_STAT, 0x50000F00);
[14:32:02.979]            // -> [WriteDP(0x00000004, 0x50000F00)]   (__dp=0x00000000)
[14:32:02.979]          WriteDP(SW_DP_ABORT, 0x0000001E);
[14:32:02.979]            // -> [WriteDP(0x00000000, 0x0000001E)]   (__dp=0x00000000)
[14:32:02.979]        </block>
[14:32:02.979]        // end if-block "(__protocol & 0xFFFF) == 2"
[14:32:02.979]      </control>
[14:32:02.979]      // end if-block "powered_down"
[14:32:02.979]    </control>
[14:32:02.979]    <block atomic="false" info="">
[14:32:02.979]      __var DEBUG_PORT_VAL    = 0;
[14:32:02.979]        // -> [DEBUG_PORT_VAL <= 0x00000000]
[14:32:02.979]      __var ACCESS_POINT_VAL  = 0;
[14:32:02.979]        // -> [ACCESS_POINT_VAL <= 0x00000000]
[14:32:02.979]      __ap = 1; 
[14:32:02.979]        // -> [__ap <= 0x00000001]
[14:32:02.979]      WriteAP(0x0C, 0x04); //lets use the mini pwr-ap as backup
[14:32:02.994]        // -> [WriteAP(0x0000000C, 0x00000004)]   (__dp=0x00000000, __ap=0x00000001)
[14:32:02.994]      __ap = 4;
[14:32:02.994]        // -> [__ap <= 0x00000004]
[14:32:02.994]      ACCESS_POINT_VAL = ReadAP(0x00);//Reading current state of access point
[14:32:02.999]        // -> [ReadAP(0x00000000) => 0x00080027]   (__dp=0x00000000, __ap=0x00000004)
[14:32:02.999]        // -> [ACCESS_POINT_VAL <= 0x00080027]
[14:32:02.999]      Message(0, "Current state of access point is: %x",ACCESS_POINT_VAL);
[14:32:03.000]    </block>
[14:32:03.000]    <block atomic="false" info="">
[14:32:03.000]      __var nReset = 0x80;
[14:32:03.000]        // -> [nReset <= 0x00000080]
[14:32:03.000]      __var canReadPins = 0;
[14:32:03.001]        // -> [canReadPins <= 0x00000000]
[14:32:03.001]      canReadPins = (DAP_SWJ_Pins(0x00, nReset, 0) != 0xFFFFFFFF);
[14:32:03.003]        // -> [DAP_SWJ_Pins(0x00, 0x80, 0) => 0x0F]   (Out: nRESET=0  =>  In: SWCLK/TCK=1, SWDIO/TMS=1, TDI=1, TDO=1, nTRST=0, nRESET=0)
[14:32:03.003]        // -> [canReadPins <= 0x00000001]
[14:32:03.003]    </block>
[14:32:03.003]    <control if="" while="1" timeout="200" info="">
[14:32:03.003]      // while "1"  (timeout="200")
[14:32:03.003]      // while-condition  =>  TRUE
[14:32:03.003]      // while "1"  (timeout="200")
[14:32:03.003]      // while-condition  =>  TRUE
[14:32:03.003]      // while "1"  (timeout="200")
[14:32:03.003]      // while-condition  =>  TRUE
[14:32:03.003]      // while "1"  (timeout="200")
[14:32:03.003]      // while-condition  =>  TRUE
[14:32:03.003]      // while "1"  (timeout="200")
[14:32:03.003]      // while-condition  =>  TRUE
[14:32:03.003]      // while "1"  (timeout="200")
[14:32:03.003]      // while-condition  =>  TRUE
[14:32:03.003]      // while "1"  (timeout="200")
[14:32:03.003]      // while-condition  =>  TRUE
[14:32:03.003]      // while "1"  (timeout="200")
[14:32:03.003]      // while-condition  =>  TRUE
[14:32:03.003]      // while "1"  (timeout="200")
[14:32:03.003]      // while-condition  =>  TRUE
[14:32:03.003]      // while "1"  (timeout="200")
[14:32:03.003]      // while-condition  =>  TRUE
[14:32:03.003]      // while "1"  (timeout="200")
[14:32:03.003]      // while-condition  =>  TRUE
[14:32:03.003]      // while "1"  (timeout="200")
[14:32:03.003]      // while-condition  =>  TRUE
[14:32:03.003]      // while "1"  (timeout="200")
[14:32:03.003]      // while-condition  =>  TRUE
[14:32:03.003]      // while "1"  (timeout="200")
[14:32:03.003]      // while-condition  =>  TRUE
[14:32:03.003]      // while "1"  (timeout="200")
[14:32:03.003]      // while-condition  =>  TRUE
[14:32:03.003]      // while "1"  (timeout="200")
[14:32:03.003]      // while-condition  =>  TRUE
[14:32:03.003]      // while "1"  (timeout="200")
[14:32:03.003]      // while-condition  =>  TRUE
[14:32:03.003]      // while "1"  (timeout="200")
[14:32:03.003]      // while-condition  =>  TRUE
[14:32:03.003]      // while "1"  (timeout="200")
[14:32:03.003]      // while-condition  =>  TRUE
[14:32:03.003]      // while "1"  (timeout="200")
[14:32:03.003]      // while-condition  =>  TRUE
[14:32:03.003]      // while "1"  (timeout="200")
[14:32:03.003]      // while-condition  =>  TRUE
[14:32:03.003]      // while "1"  (timeout="200")
[14:32:03.003]      // while-condition  =>  TRUE
[14:32:03.003]      // while "1"  (timeout="200")
[14:32:03.003]      // while-condition  =>  TRUE
[14:32:03.003]      // while "1"  (timeout="200")
[14:32:03.003]      // while-condition  =>  TRUE
[14:32:03.003]      // while "1"  (timeout="200")
[14:32:03.003]      // while-condition  =>  TRUE
[14:32:03.003]      // while "1"  (timeout="200")
[14:32:03.003]      // while-condition  =>  TRUE
[14:32:03.003]      // while "1"  (timeout="200")
[14:32:03.003]      // while-condition  =>  TRUE
[14:32:03.003]      // while "1"  (timeout="200")
[14:32:03.003]      // while-condition  =>  TRUE
[14:32:03.003]      // while "1"  (timeout="200")
[14:32:03.003]      // while-condition  =>  TRUE
[14:32:03.003]      // while "1"  (timeout="200")
[14:32:03.003]      // while-condition  =>  TRUE
[14:32:03.003]      // while "1"  (timeout="200")
[14:32:03.003]      // while-condition  =>  TRUE
[14:32:03.003]      // while "1"  (timeout="200")
[14:32:03.003]      // while-condition  =>  TRUE
[14:32:03.003]      // while "1"  (timeout="200")
[14:32:03.003]      // while-condition  =>  TRUE
[14:32:03.003]      // while "1"  (timeout="200")
[14:32:03.003]      // while-condition  =>  TRUE
[14:32:03.003]      // while "1"  (timeout="200")
[14:32:03.003]      // while-condition  =>  TRUE
[14:32:03.003]      // while "1"  (timeout="200")
[14:32:03.003]      // while-condition  =>  TRUE
[14:32:03.003]      // while "1"  (timeout="200")
[14:32:03.003]      // while-condition  =>  TRUE
[14:32:03.003]      // while "1"  (timeout="200")
[14:32:03.003]      // while-condition  =>  TRUE
[14:32:03.003]      // while "1"  (timeout="200")
[14:32:03.003]      // while-condition  =>  TRUE
[14:32:03.003]      // while "1"  (timeout="200")
[14:32:03.003]      // while-condition  =>  TRUE
[14:32:03.003]      // while "1"  (timeout="200")
[14:32:03.003]      // while-condition  =>  TRUE
[14:32:03.003]      // while "1"  (timeout="200")
[14:32:03.003]      // while-condition  =>  TRUE
[14:32:03.003]      // while "1"  (timeout="200")
[14:32:03.003]      // while-condition  =>  TRUE
[14:32:03.003]      // while "1"  (timeout="200")
[14:32:03.003]      // while-condition  =>  TRUE
[14:32:03.003]      // while "1"  (timeout="200")
[14:32:03.003]      // while-condition  =>  TRUE
[14:32:03.003]      // while "1"  (timeout="200")
[14:32:03.003]      // while-condition  =>  TRUE
[14:32:03.003]      // while "1"  (timeout="200")
[14:32:03.003]      // while-condition  =>  TRUE
[14:32:03.003]      // while "1"  (timeout="200")
[14:32:03.003]      // while-condition  =>  TRUE
[14:32:03.003]      // while "1"  (timeout="200")
[14:32:03.003]      // while-condition  =>  TRUE
[14:32:03.003]      // while "1"  (timeout="200")
[14:32:03.003]      // while-condition  =>  TRUE
[14:32:03.003]      // while "1"  (timeout="200")
[14:32:03.003]      // while-condition  =>  TRUE
[14:32:03.003]      // while "1"  (timeout="200")
[14:32:03.003]      // while-condition  =>  TRUE
[14:32:03.003]      // while "1"  (timeout="200")
[14:32:03.003]      // while-condition  =>  TRUE
[14:32:03.003]      // while "1"  (timeout="200")
[14:32:03.003]      // while-condition  =>  TRUE
[14:32:03.003]      // while "1"  (timeout="200")
[14:32:03.003]      // while-condition  =>  TRUE
[14:32:03.003]      // while "1"  (timeout="200")
[14:32:03.003]      // while-condition  =>  TRUE
[14:32:03.003]      // while "1"  (timeout="200")
[14:32:03.003]      // while-condition  =>  TRUE
[14:32:03.003]      // while "1"  (timeout="200")
[14:32:03.003]      // while-condition  =>  TRUE
[14:32:03.003]      // while "1"  (timeout="200")
[14:32:03.003]      // while-condition  =>  TRUE
[14:32:03.003]      // while "1"  (timeout="200")
[14:32:03.003]      // while-condition  =>  TRUE
[14:32:03.003]      // while "1"  (timeout="200")
[14:32:03.003]      // while-condition  =>  TRUE
[14:32:03.003]      // while "1"  (timeout="200")
[14:32:03.003]      // while-condition  =>  TRUE
[14:32:03.003]      // while "1"  (timeout="200")
[14:32:03.003]      // while-condition  =>  TRUE
[14:32:03.003]      // while "1"  (timeout="200")
[14:32:03.003]      // while-condition  =>  TRUE
[14:32:03.003]      // while "1"  (timeout="200")
[14:32:03.003]      // while-condition  =>  TRUE
[14:32:03.003]      // while "1"  (timeout="200")
[14:32:03.003]      // while-condition  =>  TRUE
[14:32:03.003]      // while "1"  (timeout="200")
[14:32:03.003]      // while-condition  =>  TRUE
[14:32:03.003]      // while "1"  (timeout="200")
[14:32:03.003]      // while-condition  =>  TRUE
[14:32:03.003]      // while "1"  (timeout="200")
[14:32:03.003]      // while-condition  =>  TRUE
[14:32:03.003]      // while "1"  (timeout="200")
[14:32:03.003]      // while-condition  =>  TRUE
[14:32:03.003]      // while "1"  (timeout="200")
[14:32:03.003]      // while-condition  =>  TRUE
[14:32:03.003]      // while "1"  (timeout="200")
[14:32:03.003]      // while-condition  =>  TRUE
[14:32:03.003]      // while "1"  (timeout="200")
[14:32:03.010]      // while-condition  =>  TRUE
[14:32:03.011]      // while "1"  (timeout="200")
[14:32:03.011]      // while  =>  TIMEOUT
[14:32:03.011]      // end while "1"
[14:32:03.011]    </control>
[14:32:03.011]    <control if="canReadPins" while="" timeout="0" info="">
[14:32:03.011]      // if-block "canReadPins"
[14:32:03.011]        // =>  TRUE
[14:32:03.011]      <control if="" while="(DAP_SWJ_Pins(nReset, nReset, 0) & nReset) == 0" timeout="1000000" info="">
[14:32:03.011]        // while "(DAP_SWJ_Pins(nReset, nReset, 0) & nReset) == 0"  (timeout="1000000")
[14:32:03.011]          // -> [DAP_SWJ_Pins(0x80, 0x80, 0) => 0x8F]   (Out: nRESET=1  =>  In: SWCLK/TCK=1, SWDIO/TMS=1, TDI=1, TDO=1, nTRST=0, nRESET=1)
[14:32:03.011]        // while-condition  =>  FALSE
[14:32:03.011]        // end while "(DAP_SWJ_Pins(nReset, nReset, 0) & nReset) == 0"
[14:32:03.011]      </control>
[14:32:03.011]      // end if-block "canReadPins"
[14:32:03.011]    </control>
[14:32:03.011]    <control if="!canReadPins" while="" timeout="0" info="">
[14:32:03.011]      // if-block "!canReadPins"
[14:32:03.011]        // =>  FALSE
[14:32:03.011]      // skip if-block "!canReadPins"
[14:32:03.011]    </control>
[14:32:03.011]    <control if="(ACCESS_POINT_VAL & 0x00E00000) == 0" while="" timeout="0" info="">
[14:32:03.011]      // if-block "(ACCESS_POINT_VAL & 0x00E00000) == 0"
[14:32:03.011]        // =>  TRUE
[14:32:03.011]      <block atomic="false" info="">
[14:32:03.011]        WriteAP(0x00, 0x190008);
[14:32:03.011]          // -> [WriteAP(0x00000000, 0x00190008)]   (__dp=0x00000000, __ap=0x00000004)
[14:32:03.011]        WriteAP(0xF0, 0x01);
[14:32:03.021]          // -> [WriteAP(0x000000F0, 0x00000001)]   (__dp=0x00000000, __ap=0x00000004)
[14:32:03.021]      </block>
[14:32:03.021]      // end if-block "(ACCESS_POINT_VAL & 0x00E00000) == 0"
[14:32:03.021]    </control>
[14:32:03.021]    <control if="(ACCESS_POINT_VAL & 0x00E00000) != 0" while="" timeout="0" info="">
[14:32:03.021]      // if-block "(ACCESS_POINT_VAL & 0x00E00000) != 0"
[14:32:03.021]        // =>  FALSE
[14:32:03.021]      // skip if-block "(ACCESS_POINT_VAL & 0x00E00000) != 0"
[14:32:03.021]    </control>
[14:32:03.021]    <block atomic="false" info="">
[14:32:03.021]      ACCESS_POINT_VAL = ReadAP(0x00);//Reading current state of access point
[14:32:03.027]        // -> [ReadAP(0x00000000) => 0x0079002F]   (__dp=0x00000000, __ap=0x00000004)
[14:32:03.028]        // -> [ACCESS_POINT_VAL <= 0x0079002F]
[14:32:03.028]      Message(0, "Current state of access point is: %x",ACCESS_POINT_VAL);
[14:32:03.029]      __ap = 0; //lets make sure we reset the access point selection
[14:32:03.029]        // -> [__ap <= 0x00000000]
[14:32:03.029]    </block>
[14:32:03.029]  </sequence>
[14:32:03.029]  
[14:32:03.046]  **********  Sequence "DebugDeviceUnlock"  (Context="Connect", Pname="", info="")
[14:32:03.046]  
[14:32:03.046]  <debugvars>
[14:32:03.046]    // Pre-defined
[14:32:03.046]    __protocol=0x00010002      (Protocol="SWD", SWJ-DP="True")
[14:32:03.046]    __connection=0x00000202    (Connection Type="Flash", Reset Type="System Reset")
[14:32:03.046]    __dp=0x00000000
[14:32:03.046]    __ap=0x00000000
[14:32:03.046]    __traceout=0x00000000      (Trace Disabled)
[14:32:03.046]    __errorcontrol=0x00000000  (Skip Errors="False")
[14:32:03.046]    __FlashAddr=0x00000000
[14:32:03.046]    __FlashLen=0x00000000
[14:32:03.046]    __FlashArg=0x00000000
[14:32:03.046]    __FlashOp=0x00000000
[14:32:03.046]    __Result=0x00000000
[14:32:03.046]  </debugvars>
[14:32:03.046]  
[14:32:03.046]  <sequence name="DebugDeviceUnlock" Pname="" disable="false" info="">
[14:32:03.046]    <block atomic="false" info="">
[14:32:03.046]      __var deviceID = 0;
[14:32:03.046]        // -> [deviceID <= 0x00000000]
[14:32:03.046]      __var version = 0;
[14:32:03.046]        // -> [version <= 0x00000000]
[14:32:03.046]      __var partNum = 0;
[14:32:03.046]        // -> [partNum <= 0x00000000]
[14:32:03.046]      __var manuf = 0;
[14:32:03.046]        // -> [manuf <= 0x00000000]
[14:32:03.046]      __var isMSPM0G1X0X_G3X0X = 0;
[14:32:03.046]        // -> [isMSPM0G1X0X_G3X0X <= 0x00000000]
[14:32:03.046]      __var isProduction = 0;
[14:32:03.046]        // -> [isProduction <= 0x00000000]
[14:32:03.046]      __var continueId = 0;
[14:32:03.052]        // -> [continueId <= 0x00000000]
[14:32:03.052]      deviceID =   Read32(0x41C40004);
[14:32:03.052]        // -> [Read32(0x41C40004) => 0x2BB8802F]   (__dp=0x00000000, __ap=0x00000000)
[14:32:03.052]        // -> [deviceID <= 0x2BB8802F]
[14:32:03.052]      version = deviceID >> 28;
[14:32:03.052]        // -> [version <= 0x00000002]
[14:32:03.052]      partNum = (deviceID & 0x0FFFF000) >> 12;
[14:32:03.052]        // -> [partNum <= 0x0000BB88]
[14:32:03.052]      manuf = (deviceID & 0x00000FFE) >> 1;
[14:32:03.052]        // -> [manuf <= 0x00000017]
[14:32:03.052]      isMSPM0G1X0X_G3X0X = (partNum == 0xBB88) && (manuf == 0x17);
[14:32:03.052]        // -> [isMSPM0G1X0X_G3X0X <= 0x00000001]
[14:32:03.052]      isProduction = (version > 0);
[14:32:03.052]        // -> [isProduction <= 0x00000001]
[14:32:03.052]    </block>
[14:32:03.052]    <control if="!isMSPM0G1X0X_G3X0X" while="" timeout="0" info="">
[14:32:03.052]      // if-block "!isMSPM0G1X0X_G3X0X"
[14:32:03.052]        // =>  FALSE
[14:32:03.052]      // skip if-block "!isMSPM0G1X0X_G3X0X"
[14:32:03.052]    </control>
[14:32:03.052]    <control if="continueId == 4" while="" timeout="0" info="">
[14:32:03.052]      // if-block "continueId == 4"
[14:32:03.052]        // =>  FALSE
[14:32:03.052]      // skip if-block "continueId == 4"
[14:32:03.052]    </control>
[14:32:03.052]    <control if="!isProduction" while="" timeout="0" info="">
[14:32:03.052]      // if-block "!isProduction"
[14:32:03.052]        // =>  FALSE
[14:32:03.052]      // skip if-block "!isProduction"
[14:32:03.052]    </control>
[14:32:03.052]  </sequence>
[14:32:03.052]  
[14:36:05.577]  **********  Sequence "DebugPortSetup"  (Context="Connect", Pname="", info="")
[14:36:05.577]  
[14:36:05.578]  <debugvars>
[14:36:05.578]    // Pre-defined
[14:36:05.578]    __protocol=0x00010002      (Protocol="SWD", SWJ-DP="True")
[14:36:05.578]    __connection=0x00000202    (Connection Type="Flash", Reset Type="System Reset")
[14:36:05.578]    __dp=0x00000000
[14:36:05.578]    __ap=0x00000000
[14:36:05.578]    __traceout=0x00000000      (Trace Disabled)
[14:36:05.579]    __errorcontrol=0x00000000  (Skip Errors="False")
[14:36:05.579]    __FlashAddr=0x00000000
[14:36:05.579]    __FlashLen=0x00000000
[14:36:05.579]    __FlashArg=0x00000000
[14:36:05.579]    __FlashOp=0x00000000
[14:36:05.579]    __Result=0x00000000
[14:36:05.579]  </debugvars>
[14:36:05.579]  
[14:36:05.579]  <sequence name="DebugPortSetup" Pname="" disable="false" info="">
[14:36:05.579]    <block atomic="false" info="">
[14:36:05.579]      __var isSWJ      = ((__protocol & 0x00010000) != 0);
[14:36:05.579]        // -> [isSWJ <= 0x00000001]
[14:36:05.579]      __var hasDormant = __protocol & 0x00020000;
[14:36:05.579]        // -> [hasDormant <= 0x00000000]
[14:36:05.579]      __var protType   = __protocol & 0x0000FFFF;
[14:36:05.579]        // -> [protType <= 0x00000002]
[14:36:05.579]    </block>
[14:36:05.579]    <control if="protType == 1" while="" timeout="0" info="">
[14:36:05.579]      // if-block "protType == 1"
[14:36:05.579]        // =>  FALSE
[14:36:05.579]      // skip if-block "protType == 1"
[14:36:05.579]    </control>
[14:36:05.580]    <control if="protType == 2" while="" timeout="0" info="">
[14:36:05.580]      // if-block "protType == 2"
[14:36:05.580]        // =>  TRUE
[14:36:05.580]      <control if="isSWJ" while="" timeout="0" info="">
[14:36:05.580]        // if-block "isSWJ"
[14:36:05.580]          // =>  TRUE
[14:36:05.580]        <control if="hasDormant" while="" timeout="0" info="">
[14:36:05.580]          // if-block "hasDormant"
[14:36:05.580]            // =>  FALSE
[14:36:05.580]          // skip if-block "hasDormant"
[14:36:05.580]        </control>
[14:36:05.580]        <control if="!hasDormant" while="" timeout="0" info="">
[14:36:05.580]          // if-block "!hasDormant"
[14:36:05.580]            // =>  TRUE
[14:36:05.580]          <block atomic="false" info="">
[14:36:05.580]            DAP_SWJ_Sequence(51, 0x0007FFFFFFFFFFFF); //lets put the JTAG line in a reset state
[14:36:05.580]              // -> [DAP_SWJ_Sequence(51, 0x0007FFFFFFFFFFFF)]
[14:36:05.580]            DAP_SWJ_Sequence(16,0xE73C); //SWD to JTAG, this is to ensure the state machine is initialized
[14:36:05.580]              // -> [DAP_SWJ_Sequence(16, 0x000000000000E73C)]
[14:36:05.580]            DAP_SWJ_Sequence(51, 0x0007FFFFFFFFFFFF); //Put it back in reset
[14:36:05.580]              // -> [DAP_SWJ_Sequence(51, 0x0007FFFFFFFFFFFF)]
[14:36:05.580]            DAP_SWJ_Sequence(16, 0xE79E); //JTAG to SWD switch
[14:36:05.592]              // -> [DAP_SWJ_Sequence(16, 0x000000000000E79E)]
[14:36:05.592]            DAP_SWJ_Sequence(51, 0x0007FFFFFFFFFFFF);  //Ensure the switch is successful 
[14:36:05.594]              // -> [DAP_SWJ_Sequence(51, 0x0007FFFFFFFFFFFF)]
[14:36:05.594]            DAP_SWJ_Sequence(7,  0x00); //Give the line some time to initialize
[14:36:05.594]              // -> [DAP_SWJ_Sequence(7, 0x0000000000000000)]
[14:36:05.596]          </block>
[14:36:05.596]          // end if-block "!hasDormant"
[14:36:05.596]        </control>
[14:36:05.596]        // end if-block "isSWJ"
[14:36:05.596]      </control>
[14:36:05.596]      <control if="!isSWJ" while="" timeout="0" info="">
[14:36:05.596]        // if-block "!isSWJ"
[14:36:05.596]          // =>  FALSE
[14:36:05.596]        // skip if-block "!isSWJ"
[14:36:05.596]      </control>
[14:36:05.596]      <block atomic="false" info="">
[14:36:05.596]        ReadDP(0x0);
[14:36:05.596]          // -> [ReadDP(0x00000000) => 0x6BA02477]   (__dp=0x00000000)
[14:36:05.596]      </block>
[14:36:05.596]      // end if-block "protType == 2"
[14:36:05.596]    </control>
[14:36:05.596]  </sequence>
[14:36:05.596]  
[14:36:05.596]  **********  Sequence "DebugPortStart"  (Context="Connect", Pname="", info="")
[14:36:05.596]  
[14:36:05.596]  <debugvars>
[14:36:05.596]    // Pre-defined
[14:36:05.596]    __protocol=0x00010002      (Protocol="SWD", SWJ-DP="True")
[14:36:05.596]    __connection=0x00000202    (Connection Type="Flash", Reset Type="System Reset")
[14:36:05.596]    __dp=0x00000000
[14:36:05.596]    __ap=0x00000000
[14:36:05.596]    __traceout=0x00000000      (Trace Disabled)
[14:36:05.596]    __errorcontrol=0x00000000  (Skip Errors="False")
[14:36:05.596]    __FlashAddr=0x00000000
[14:36:05.596]    __FlashLen=0x00000000
[14:36:05.596]    __FlashArg=0x00000000
[14:36:05.596]    __FlashOp=0x00000000
[14:36:05.596]    __Result=0x00000000
[14:36:05.596]  </debugvars>
[14:36:05.596]  
[14:36:05.596]  <sequence name="DebugPortStart" Pname="" disable="false" info="">
[14:36:05.596]    <block atomic="false" info="">
[14:36:05.596]      __var SW_DP_ABORT       = 0x0;
[14:36:05.596]        // -> [SW_DP_ABORT <= 0x00000000]
[14:36:05.596]      __var DP_CTRL_STAT      = 0x4;
[14:36:05.596]        // -> [DP_CTRL_STAT <= 0x00000004]
[14:36:05.596]      __var DP_SELECT         = 0x8;
[14:36:05.596]        // -> [DP_SELECT <= 0x00000008]
[14:36:05.596]      __var powered_down      = 0;
[14:36:05.596]        // -> [powered_down <= 0x00000000]
[14:36:05.596]      WriteDP(DP_SELECT, 0x00000000);
[14:36:05.596]        // -> [WriteDP(0x00000008, 0x00000000)]   (__dp=0x00000000)
[14:36:05.606]      powered_down = ((ReadDP(DP_CTRL_STAT) & 0xA0000000) != 0xA0000000);
[14:36:05.606]        // -> [ReadDP(0x00000004) => 0x00000040]   (__dp=0x00000000)
[14:36:05.606]        // -> [powered_down <= 0x00000001]
[14:36:05.606]    </block>
[14:36:05.606]    <control if="powered_down" while="" timeout="0" info="">
[14:36:05.606]      // if-block "powered_down"
[14:36:05.606]        // =>  TRUE
[14:36:05.606]      <block atomic="false" info="">
[14:36:05.606]        Message(0, "Debug/System power-up request sent");
[14:36:05.606]        WriteDP(DP_CTRL_STAT, 0x50000000);
[14:36:05.606]          // -> [WriteDP(0x00000004, 0x50000000)]   (__dp=0x00000000)
[14:36:05.606]      </block>
[14:36:05.606]      <control if="" while="(ReadDP(DP_CTRL_STAT) & 0xA0000000) != 0xA0000000" timeout="1000000" info="">
[14:36:05.606]        // while "(ReadDP(DP_CTRL_STAT) & 0xA0000000) != 0xA0000000"  (timeout="1000000")
[14:36:05.606]          // -> [ReadDP(0x00000004) => 0xF0000040]   (__dp=0x00000000)
[14:36:05.606]        // while-condition  =>  FALSE
[14:36:05.606]        // end while "(ReadDP(DP_CTRL_STAT) & 0xA0000000) != 0xA0000000"
[14:36:05.606]      </control>
[14:36:05.606]      <control if="(__protocol & 0xFFFF) == 1" while="" timeout="0" info="">
[14:36:05.606]        // if-block "(__protocol & 0xFFFF) == 1"
[14:36:05.606]          // =>  FALSE
[14:36:05.606]        // skip if-block "(__protocol & 0xFFFF) == 1"
[14:36:05.606]      </control>
[14:36:05.606]      <control if="(__protocol & 0xFFFF) == 2" while="" timeout="0" info="">
[14:36:05.606]        // if-block "(__protocol & 0xFFFF) == 2"
[14:36:05.606]          // =>  TRUE
[14:36:05.606]        <block atomic="false" info="">
[14:36:05.606]          Message(0, "executing SWD power up");
[14:36:05.616]          WriteDP(DP_CTRL_STAT, 0x50000F00);
[14:36:05.616]            // -> [WriteDP(0x00000004, 0x50000F00)]   (__dp=0x00000000)
[14:36:05.616]          WriteDP(SW_DP_ABORT, 0x0000001E);
[14:36:05.621]            // -> [WriteDP(0x00000000, 0x0000001E)]   (__dp=0x00000000)
[14:36:05.621]        </block>
[14:36:05.621]        // end if-block "(__protocol & 0xFFFF) == 2"
[14:36:05.621]      </control>
[14:36:05.621]      // end if-block "powered_down"
[14:36:05.621]    </control>
[14:36:05.621]    <block atomic="false" info="">
[14:36:05.621]      __var DEBUG_PORT_VAL    = 0;
[14:36:05.621]        // -> [DEBUG_PORT_VAL <= 0x00000000]
[14:36:05.621]      __var ACCESS_POINT_VAL  = 0;
[14:36:05.621]        // -> [ACCESS_POINT_VAL <= 0x00000000]
[14:36:05.621]      __ap = 1; 
[14:36:05.621]        // -> [__ap <= 0x00000001]
[14:36:05.621]      WriteAP(0x0C, 0x04); //lets use the mini pwr-ap as backup
[14:36:05.625]        // -> [WriteAP(0x0000000C, 0x00000004)]   (__dp=0x00000000, __ap=0x00000001)
[14:36:05.625]      __ap = 4;
[14:36:05.625]        // -> [__ap <= 0x00000004]
[14:36:05.626]      ACCESS_POINT_VAL = ReadAP(0x00);//Reading current state of access point
[14:36:05.629]        // -> [ReadAP(0x00000000) => 0x00080027]   (__dp=0x00000000, __ap=0x00000004)
[14:36:05.629]        // -> [ACCESS_POINT_VAL <= 0x00080027]
[14:36:05.629]      Message(0, "Current state of access point is: %x",ACCESS_POINT_VAL);
[14:36:05.630]    </block>
[14:36:05.630]    <block atomic="false" info="">
[14:36:05.630]      __var nReset = 0x80;
[14:36:05.630]        // -> [nReset <= 0x00000080]
[14:36:05.630]      __var canReadPins = 0;
[14:36:05.630]        // -> [canReadPins <= 0x00000000]
[14:36:05.630]      canReadPins = (DAP_SWJ_Pins(0x00, nReset, 0) != 0xFFFFFFFF);
[14:36:05.630]        // -> [DAP_SWJ_Pins(0x00, 0x80, 0) => 0x0F]   (Out: nRESET=0  =>  In: SWCLK/TCK=1, SWDIO/TMS=1, TDI=1, TDO=1, nTRST=0, nRESET=0)
[14:36:05.630]        // -> [canReadPins <= 0x00000001]
[14:36:05.630]    </block>
[14:36:05.630]    <control if="" while="1" timeout="200" info="">
[14:36:05.630]      // while "1"  (timeout="200")
[14:36:05.630]      // while-condition  =>  TRUE
[14:36:05.630]      // while "1"  (timeout="200")
[14:36:05.630]      // while-condition  =>  TRUE
[14:36:05.630]      // while "1"  (timeout="200")
[14:36:05.630]      // while-condition  =>  TRUE
[14:36:05.630]      // while "1"  (timeout="200")
[14:36:05.630]      // while-condition  =>  TRUE
[14:36:05.630]      // while "1"  (timeout="200")
[14:36:05.630]      // while-condition  =>  TRUE
[14:36:05.630]      // while "1"  (timeout="200")
[14:36:05.630]      // while-condition  =>  TRUE
[14:36:05.630]      // while "1"  (timeout="200")
[14:36:05.630]      // while-condition  =>  TRUE
[14:36:05.630]      // while "1"  (timeout="200")
[14:36:05.630]      // while-condition  =>  TRUE
[14:36:05.630]      // while "1"  (timeout="200")
[14:36:05.630]      // while-condition  =>  TRUE
[14:36:05.630]      // while "1"  (timeout="200")
[14:36:05.630]      // while-condition  =>  TRUE
[14:36:05.630]      // while "1"  (timeout="200")
[14:36:05.630]      // while-condition  =>  TRUE
[14:36:05.630]      // while "1"  (timeout="200")
[14:36:05.630]      // while-condition  =>  TRUE
[14:36:05.630]      // while "1"  (timeout="200")
[14:36:05.630]      // while-condition  =>  TRUE
[14:36:05.630]      // while "1"  (timeout="200")
[14:36:05.630]      // while-condition  =>  TRUE
[14:36:05.630]      // while "1"  (timeout="200")
[14:36:05.630]      // while-condition  =>  TRUE
[14:36:05.630]      // while "1"  (timeout="200")
[14:36:05.630]      // while-condition  =>  TRUE
[14:36:05.630]      // while "1"  (timeout="200")
[14:36:05.630]      // while-condition  =>  TRUE
[14:36:05.630]      // while "1"  (timeout="200")
[14:36:05.630]      // while-condition  =>  TRUE
[14:36:05.630]      // while "1"  (timeout="200")
[14:36:05.630]      // while-condition  =>  TRUE
[14:36:05.630]      // while "1"  (timeout="200")
[14:36:05.630]      // while-condition  =>  TRUE
[14:36:05.630]      // while "1"  (timeout="200")
[14:36:05.630]      // while-condition  =>  TRUE
[14:36:05.630]      // while "1"  (timeout="200")
[14:36:05.630]      // while-condition  =>  TRUE
[14:36:05.630]      // while "1"  (timeout="200")
[14:36:05.630]      // while-condition  =>  TRUE
[14:36:05.630]      // while "1"  (timeout="200")
[14:36:05.630]      // while-condition  =>  TRUE
[14:36:05.630]      // while "1"  (timeout="200")
[14:36:05.630]      // while-condition  =>  TRUE
[14:36:05.630]      // while "1"  (timeout="200")
[14:36:05.630]      // while-condition  =>  TRUE
[14:36:05.630]      // while "1"  (timeout="200")
[14:36:05.630]      // while-condition  =>  TRUE
[14:36:05.630]      // while "1"  (timeout="200")
[14:36:05.630]      // while-condition  =>  TRUE
[14:36:05.630]      // while "1"  (timeout="200")
[14:36:05.630]      // while-condition  =>  TRUE
[14:36:05.630]      // while "1"  (timeout="200")
[14:36:05.630]      // while-condition  =>  TRUE
[14:36:05.630]      // while "1"  (timeout="200")
[14:36:05.630]      // while-condition  =>  TRUE
[14:36:05.630]      // while "1"  (timeout="200")
[14:36:05.630]      // while-condition  =>  TRUE
[14:36:05.630]      // while "1"  (timeout="200")
[14:36:05.630]      // while-condition  =>  TRUE
[14:36:05.630]      // while "1"  (timeout="200")
[14:36:05.630]      // while-condition  =>  TRUE
[14:36:05.630]      // while "1"  (timeout="200")
[14:36:05.630]      // while-condition  =>  TRUE
[14:36:05.630]      // while "1"  (timeout="200")
[14:36:05.630]      // while-condition  =>  TRUE
[14:36:05.630]      // while "1"  (timeout="200")
[14:36:05.630]      // while-condition  =>  TRUE
[14:36:05.630]      // while "1"  (timeout="200")
[14:36:05.637]      // while-condition  =>  TRUE
[14:36:05.637]      // while "1"  (timeout="200")
[14:36:05.638]      // while-condition  =>  TRUE
[14:36:05.638]      // while "1"  (timeout="200")
[14:36:05.638]      // while-condition  =>  TRUE
[14:36:05.638]      // while "1"  (timeout="200")
[14:36:05.638]      // while-condition  =>  TRUE
[14:36:05.638]      // while "1"  (timeout="200")
[14:36:05.638]      // while-condition  =>  TRUE
[14:36:05.638]      // while "1"  (timeout="200")
[14:36:05.638]      // while-condition  =>  TRUE
[14:36:05.638]      // while "1"  (timeout="200")
[14:36:05.638]      // while-condition  =>  TRUE
[14:36:05.638]      // while "1"  (timeout="200")
[14:36:05.638]      // while-condition  =>  TRUE
[14:36:05.638]      // while "1"  (timeout="200")
[14:36:05.638]      // while-condition  =>  TRUE
[14:36:05.638]      // while "1"  (timeout="200")
[14:36:05.638]      // while-condition  =>  TRUE
[14:36:05.638]      // while "1"  (timeout="200")
[14:36:05.638]      // while-condition  =>  TRUE
[14:36:05.638]      // while "1"  (timeout="200")
[14:36:05.638]      // while-condition  =>  TRUE
[14:36:05.638]      // while "1"  (timeout="200")
[14:36:05.638]      // while-condition  =>  TRUE
[14:36:05.638]      // while "1"  (timeout="200")
[14:36:05.638]      // while-condition  =>  TRUE
[14:36:05.638]      // while "1"  (timeout="200")
[14:36:05.638]      // while-condition  =>  TRUE
[14:36:05.638]      // while "1"  (timeout="200")
[14:36:05.638]      // while-condition  =>  TRUE
[14:36:05.638]      // while "1"  (timeout="200")
[14:36:05.638]      // while-condition  =>  TRUE
[14:36:05.638]      // while "1"  (timeout="200")
[14:36:05.638]      // while-condition  =>  TRUE
[14:36:05.638]      // while "1"  (timeout="200")
[14:36:05.638]      // while-condition  =>  TRUE
[14:36:05.638]      // while "1"  (timeout="200")
[14:36:05.638]      // while-condition  =>  TRUE
[14:36:05.638]      // while "1"  (timeout="200")
[14:36:05.638]      // while-condition  =>  TRUE
[14:36:05.638]      // while "1"  (timeout="200")
[14:36:05.638]      // while-condition  =>  TRUE
[14:36:05.638]      // while "1"  (timeout="200")
[14:36:05.638]      // while-condition  =>  TRUE
[14:36:05.638]      // while "1"  (timeout="200")
[14:36:05.638]      // while-condition  =>  TRUE
[14:36:05.638]      // while "1"  (timeout="200")
[14:36:05.638]      // while-condition  =>  TRUE
[14:36:05.638]      // while "1"  (timeout="200")
[14:36:05.638]      // while-condition  =>  TRUE
[14:36:05.638]      // while "1"  (timeout="200")
[14:36:05.638]      // while-condition  =>  TRUE
[14:36:05.638]      // while "1"  (timeout="200")
[14:36:05.638]      // while-condition  =>  TRUE
[14:36:05.638]      // while "1"  (timeout="200")
[14:36:05.638]      // while-condition  =>  TRUE
[14:36:05.638]      // while "1"  (timeout="200")
[14:36:05.638]      // while-condition  =>  TRUE
[14:36:05.638]      // while "1"  (timeout="200")
[14:36:05.638]      // while-condition  =>  TRUE
[14:36:05.638]      // while "1"  (timeout="200")
[14:36:05.638]      // while-condition  =>  TRUE
[14:36:05.638]      // while "1"  (timeout="200")
[14:36:05.638]      // while-condition  =>  TRUE
[14:36:05.638]      // while "1"  (timeout="200")
[14:36:05.638]      // while-condition  =>  TRUE
[14:36:05.638]      // while "1"  (timeout="200")
[14:36:05.638]      // while-condition  =>  TRUE
[14:36:05.638]      // while "1"  (timeout="200")
[14:36:05.638]      // while-condition  =>  TRUE
[14:36:05.638]      // while "1"  (timeout="200")
[14:36:05.638]      // while-condition  =>  TRUE
[14:36:05.638]      // while "1"  (timeout="200")
[14:36:05.638]      // while-condition  =>  TRUE
[14:36:05.638]      // while "1"  (timeout="200")
[14:36:05.638]      // while-condition  =>  TRUE
[14:36:05.638]      // while "1"  (timeout="200")
[14:36:05.638]      // while-condition  =>  TRUE
[14:36:05.638]      // while "1"  (timeout="200")
[14:36:05.638]      // while-condition  =>  TRUE
[14:36:05.638]      // while "1"  (timeout="200")
[14:36:05.638]      // while-condition  =>  TRUE
[14:36:05.638]      // while "1"  (timeout="200")
[14:36:05.638]      // while-condition  =>  TRUE
[14:36:05.638]      // while "1"  (timeout="200")
[14:36:05.638]      // while-condition  =>  TRUE
[14:36:05.638]      // while "1"  (timeout="200")
[14:36:05.638]      // while-condition  =>  TRUE
[14:36:05.638]      // while "1"  (timeout="200")
[14:36:05.638]      // while-condition  =>  TRUE
[14:36:05.638]      // while "1"  (timeout="200")
[14:36:05.638]      // while-condition  =>  TRUE
[14:36:05.638]      // while "1"  (timeout="200")
[14:36:05.638]      // while-condition  =>  TRUE
[14:36:05.638]      // while "1"  (timeout="200")
[14:36:05.638]      // while-condition  =>  TRUE
[14:36:05.638]      // while "1"  (timeout="200")
[14:36:05.638]      // while-condition  =>  TRUE
[14:36:05.638]      // while "1"  (timeout="200")
[14:36:05.638]      // while-condition  =>  TRUE
[14:36:05.638]      // while "1"  (timeout="200")
[14:36:05.638]      // while-condition  =>  TRUE
[14:36:05.638]      // while "1"  (timeout="200")
[14:36:05.638]      // while-condition  =>  TRUE
[14:36:05.644]      // while "1"  (timeout="200")
[14:36:05.644]      // while-condition  =>  TRUE
[14:36:05.644]      // while "1"  (timeout="200")
[14:36:05.644]      // while-condition  =>  TRUE
[14:36:05.644]      // while "1"  (timeout="200")
[14:36:05.644]      // while-condition  =>  TRUE
[14:36:05.644]      // while "1"  (timeout="200")
[14:36:05.644]      // while-condition  =>  TRUE
[14:36:05.644]      // while "1"  (timeout="200")
[14:36:05.644]      // while-condition  =>  TRUE
[14:36:05.644]      // while "1"  (timeout="200")
[14:36:05.644]      // while-condition  =>  TRUE
[14:36:05.644]      // while "1"  (timeout="200")
[14:36:05.644]      // while-condition  =>  TRUE
[14:36:05.644]      // while "1"  (timeout="200")
[14:36:05.644]      // while-condition  =>  TRUE
[14:36:05.644]      // while "1"  (timeout="200")
[14:36:05.644]      // while-condition  =>  TRUE
[14:36:05.644]      // while "1"  (timeout="200")
[14:36:05.644]      // while-condition  =>  TRUE
[14:36:05.644]      // while "1"  (timeout="200")
[14:36:05.644]      // while-condition  =>  TRUE
[14:36:05.644]      // while "1"  (timeout="200")
[14:36:05.644]      // while-condition  =>  TRUE
[14:36:05.644]      // while "1"  (timeout="200")
[14:36:05.644]      // while-condition  =>  TRUE
[14:36:05.644]      // while "1"  (timeout="200")
[14:36:05.644]      // while-condition  =>  TRUE
[14:36:05.644]      // while "1"  (timeout="200")
[14:36:05.644]      // while-condition  =>  TRUE
[14:36:05.644]      // while "1"  (timeout="200")
[14:36:05.644]      // while-condition  =>  TRUE
[14:36:05.644]      // while "1"  (timeout="200")
[14:36:05.644]      // while-condition  =>  TRUE
[14:36:05.644]      // while "1"  (timeout="200")
[14:36:05.644]      // while-condition  =>  TRUE
[14:36:05.644]      // while "1"  (timeout="200")
[14:36:05.644]      // while-condition  =>  TRUE
[14:36:05.644]      // while "1"  (timeout="200")
[14:36:05.644]      // while-condition  =>  TRUE
[14:36:05.644]      // while "1"  (timeout="200")
[14:36:05.644]      // while-condition  =>  TRUE
[14:36:05.644]      // while "1"  (timeout="200")
[14:36:05.644]      // while-condition  =>  TRUE
[14:36:05.644]      // while "1"  (timeout="200")
[14:36:05.644]      // while-condition  =>  TRUE
[14:36:05.644]      // while "1"  (timeout="200")
[14:36:05.644]      // while-condition  =>  TRUE
[14:36:05.646]      // while "1"  (timeout="200")
[14:36:05.646]      // while  =>  TIMEOUT
[14:36:05.646]      // end while "1"
[14:36:05.646]    </control>
[14:36:05.646]    <control if="canReadPins" while="" timeout="0" info="">
[14:36:05.646]      // if-block "canReadPins"
[14:36:05.646]        // =>  TRUE
[14:36:05.646]      <control if="" while="(DAP_SWJ_Pins(nReset, nReset, 0) & nReset) == 0" timeout="1000000" info="">
[14:36:05.646]        // while "(DAP_SWJ_Pins(nReset, nReset, 0) & nReset) == 0"  (timeout="1000000")
[14:36:05.648]          // -> [DAP_SWJ_Pins(0x80, 0x80, 0) => 0x8F]   (Out: nRESET=1  =>  In: SWCLK/TCK=1, SWDIO/TMS=1, TDI=1, TDO=1, nTRST=0, nRESET=1)
[14:36:05.648]        // while-condition  =>  FALSE
[14:36:05.648]        // end while "(DAP_SWJ_Pins(nReset, nReset, 0) & nReset) == 0"
[14:36:05.648]      </control>
[14:36:05.648]      // end if-block "canReadPins"
[14:36:05.648]    </control>
[14:36:05.648]    <control if="!canReadPins" while="" timeout="0" info="">
[14:36:05.648]      // if-block "!canReadPins"
[14:36:05.648]        // =>  FALSE
[14:36:05.648]      // skip if-block "!canReadPins"
[14:36:05.648]    </control>
[14:36:05.648]    <control if="(ACCESS_POINT_VAL & 0x00E00000) == 0" while="" timeout="0" info="">
[14:36:05.648]      // if-block "(ACCESS_POINT_VAL & 0x00E00000) == 0"
[14:36:05.648]        // =>  TRUE
[14:36:05.648]      <block atomic="false" info="">
[14:36:05.648]        WriteAP(0x00, 0x190008);
[14:36:05.652]          // -> [WriteAP(0x00000000, 0x00190008)]   (__dp=0x00000000, __ap=0x00000004)
[14:36:05.652]        WriteAP(0xF0, 0x01);
[14:36:05.658]          // -> [WriteAP(0x000000F0, 0x00000001)]   (__dp=0x00000000, __ap=0x00000004)
[14:36:05.658]      </block>
[14:36:05.658]      // end if-block "(ACCESS_POINT_VAL & 0x00E00000) == 0"
[14:36:05.658]    </control>
[14:36:05.658]    <control if="(ACCESS_POINT_VAL & 0x00E00000) != 0" while="" timeout="0" info="">
[14:36:05.658]      // if-block "(ACCESS_POINT_VAL & 0x00E00000) != 0"
[14:36:05.658]        // =>  FALSE
[14:36:05.658]      // skip if-block "(ACCESS_POINT_VAL & 0x00E00000) != 0"
[14:36:05.658]    </control>
[14:36:05.658]    <block atomic="false" info="">
[14:36:05.658]      ACCESS_POINT_VAL = ReadAP(0x00);//Reading current state of access point
[14:36:05.663]        // -> [ReadAP(0x00000000) => 0x0079002F]   (__dp=0x00000000, __ap=0x00000004)
[14:36:05.663]        // -> [ACCESS_POINT_VAL <= 0x0079002F]
[14:36:05.663]      Message(0, "Current state of access point is: %x",ACCESS_POINT_VAL);
[14:36:05.663]      __ap = 0; //lets make sure we reset the access point selection
[14:36:05.663]        // -> [__ap <= 0x00000000]
[14:36:05.663]    </block>
[14:36:05.663]  </sequence>
[14:36:05.663]  
[14:36:05.689]  **********  Sequence "DebugDeviceUnlock"  (Context="Connect", Pname="", info="")
[14:36:05.689]  
[14:36:05.689]  <debugvars>
[14:36:05.689]    // Pre-defined
[14:36:05.689]    __protocol=0x00010002      (Protocol="SWD", SWJ-DP="True")
[14:36:05.689]    __connection=0x00000202    (Connection Type="Flash", Reset Type="System Reset")
[14:36:05.689]    __dp=0x00000000
[14:36:05.689]    __ap=0x00000000
[14:36:05.689]    __traceout=0x00000000      (Trace Disabled)
[14:36:05.689]    __errorcontrol=0x00000000  (Skip Errors="False")
[14:36:05.689]    __FlashAddr=0x00000000
[14:36:05.689]    __FlashLen=0x00000000
[14:36:05.689]    __FlashArg=0x00000000
[14:36:05.689]    __FlashOp=0x00000000
[14:36:05.689]    __Result=0x00000000
[14:36:05.689]  </debugvars>
[14:36:05.689]  
[14:36:05.689]  <sequence name="DebugDeviceUnlock" Pname="" disable="false" info="">
[14:36:05.689]    <block atomic="false" info="">
[14:36:05.689]      __var deviceID = 0;
[14:36:05.689]        // -> [deviceID <= 0x00000000]
[14:36:05.689]      __var version = 0;
[14:36:05.689]        // -> [version <= 0x00000000]
[14:36:05.689]      __var partNum = 0;
[14:36:05.689]        // -> [partNum <= 0x00000000]
[14:36:05.689]      __var manuf = 0;
[14:36:05.689]        // -> [manuf <= 0x00000000]
[14:36:05.689]      __var isMSPM0G1X0X_G3X0X = 0;
[14:36:05.689]        // -> [isMSPM0G1X0X_G3X0X <= 0x00000000]
[14:36:05.689]      __var isProduction = 0;
[14:36:05.689]        // -> [isProduction <= 0x00000000]
[14:36:05.689]      __var continueId = 0;
[14:36:05.689]        // -> [continueId <= 0x00000000]
[14:36:05.689]      deviceID =   Read32(0x41C40004);
[14:36:05.697]        // -> [Read32(0x41C40004) => 0x2BB8802F]   (__dp=0x00000000, __ap=0x00000000)
[14:36:05.698]        // -> [deviceID <= 0x2BB8802F]
[14:36:05.698]      version = deviceID >> 28;
[14:36:05.698]        // -> [version <= 0x00000002]
[14:36:05.698]      partNum = (deviceID & 0x0FFFF000) >> 12;
[14:36:05.698]        // -> [partNum <= 0x0000BB88]
[14:36:05.698]      manuf = (deviceID & 0x00000FFE) >> 1;
[14:36:05.698]        // -> [manuf <= 0x00000017]
[14:36:05.698]      isMSPM0G1X0X_G3X0X = (partNum == 0xBB88) && (manuf == 0x17);
[14:36:05.698]        // -> [isMSPM0G1X0X_G3X0X <= 0x00000001]
[14:36:05.698]      isProduction = (version > 0);
[14:36:05.698]        // -> [isProduction <= 0x00000001]
[14:36:05.698]    </block>
[14:36:05.698]    <control if="!isMSPM0G1X0X_G3X0X" while="" timeout="0" info="">
[14:36:05.698]      // if-block "!isMSPM0G1X0X_G3X0X"
[14:36:05.698]        // =>  FALSE
[14:36:05.698]      // skip if-block "!isMSPM0G1X0X_G3X0X"
[14:36:05.698]    </control>
[14:36:05.698]    <control if="continueId == 4" while="" timeout="0" info="">
[14:36:05.698]      // if-block "continueId == 4"
[14:36:05.698]        // =>  FALSE
[14:36:05.698]      // skip if-block "continueId == 4"
[14:36:05.698]    </control>
[14:36:05.698]    <control if="!isProduction" while="" timeout="0" info="">
[14:36:05.698]      // if-block "!isProduction"
[14:36:05.699]        // =>  FALSE
[14:36:05.699]      // skip if-block "!isProduction"
[14:36:05.699]    </control>
[14:36:05.699]  </sequence>
[14:36:05.699]  
[14:40:50.649]  **********  Sequence "DebugPortSetup"  (Context="Connect", Pname="", info="")
[14:40:50.649]  
[14:40:50.649]  <debugvars>
[14:40:50.649]    // Pre-defined
[14:40:50.649]    __protocol=0x00010002      (Protocol="SWD", SWJ-DP="True")
[14:40:50.649]    __connection=0x00000201    (Connection Type="Debug", Reset Type="System Reset")
[14:40:50.649]    __dp=0x00000000
[14:40:50.649]    __ap=0x00000000
[14:40:50.649]    __traceout=0x00000000      (Trace Disabled)
[14:40:50.649]    __errorcontrol=0x00000000  (Skip Errors="False")
[14:40:50.649]    __FlashAddr=0x00000000
[14:40:50.649]    __FlashLen=0x00000000
[14:40:50.649]    __FlashArg=0x00000000
[14:40:50.649]    __FlashOp=0x00000000
[14:40:50.649]    __Result=0x00000000
[14:40:50.649]  </debugvars>
[14:40:50.649]  
[14:40:50.649]  <sequence name="DebugPortSetup" Pname="" disable="false" info="">
[14:40:50.649]    <block atomic="false" info="">
[14:40:50.649]      __var isSWJ      = ((__protocol & 0x00010000) != 0);
[14:40:50.649]        // -> [isSWJ <= 0x00000001]
[14:40:50.649]      __var hasDormant = __protocol & 0x00020000;
[14:40:50.649]        // -> [hasDormant <= 0x00000000]
[14:40:50.649]      __var protType   = __protocol & 0x0000FFFF;
[14:40:50.649]        // -> [protType <= 0x00000002]
[14:40:50.649]    </block>
[14:40:50.649]    <control if="protType == 1" while="" timeout="0" info="">
[14:40:50.649]      // if-block "protType == 1"
[14:40:50.649]        // =>  FALSE
[14:40:50.649]      // skip if-block "protType == 1"
[14:40:50.649]    </control>
[14:40:50.649]    <control if="protType == 2" while="" timeout="0" info="">
[14:40:50.649]      // if-block "protType == 2"
[14:40:50.649]        // =>  TRUE
[14:40:50.649]      <control if="isSWJ" while="" timeout="0" info="">
[14:40:50.649]        // if-block "isSWJ"
[14:40:50.649]          // =>  TRUE
[14:40:50.649]        <control if="hasDormant" while="" timeout="0" info="">
[14:40:50.649]          // if-block "hasDormant"
[14:40:50.649]            // =>  FALSE
[14:40:50.649]          // skip if-block "hasDormant"
[14:40:50.649]        </control>
[14:40:50.649]        <control if="!hasDormant" while="" timeout="0" info="">
[14:40:50.649]          // if-block "!hasDormant"
[14:40:50.649]            // =>  TRUE
[14:40:50.649]          <block atomic="false" info="">
[14:40:50.649]            DAP_SWJ_Sequence(51, 0x0007FFFFFFFFFFFF); //lets put the JTAG line in a reset state
[14:40:50.659]              // -> [DAP_SWJ_Sequence(51, 0x0007FFFFFFFFFFFF)]
[14:40:50.659]            DAP_SWJ_Sequence(16,0xE73C); //SWD to JTAG, this is to ensure the state machine is initialized
[14:40:50.659]              // -> [DAP_SWJ_Sequence(16, 0x000000000000E73C)]
[14:40:50.659]            DAP_SWJ_Sequence(51, 0x0007FFFFFFFFFFFF); //Put it back in reset
[14:40:50.659]              // -> [DAP_SWJ_Sequence(51, 0x0007FFFFFFFFFFFF)]
[14:40:50.659]            DAP_SWJ_Sequence(16, 0xE79E); //JTAG to SWD switch
[14:40:50.659]              // -> [DAP_SWJ_Sequence(16, 0x000000000000E79E)]
[14:40:50.659]            DAP_SWJ_Sequence(51, 0x0007FFFFFFFFFFFF);  //Ensure the switch is successful 
[14:40:50.669]              // -> [DAP_SWJ_Sequence(51, 0x0007FFFFFFFFFFFF)]
[14:40:50.669]            DAP_SWJ_Sequence(7,  0x00); //Give the line some time to initialize
[14:40:50.669]              // -> [DAP_SWJ_Sequence(7, 0x0000000000000000)]
[14:40:50.669]          </block>
[14:40:50.669]          // end if-block "!hasDormant"
[14:40:50.672]        </control>
[14:40:50.672]        // end if-block "isSWJ"
[14:40:50.672]      </control>
[14:40:50.672]      <control if="!isSWJ" while="" timeout="0" info="">
[14:40:50.672]        // if-block "!isSWJ"
[14:40:50.672]          // =>  FALSE
[14:40:50.672]        // skip if-block "!isSWJ"
[14:40:50.672]      </control>
[14:40:50.672]      <block atomic="false" info="">
[14:40:50.672]        ReadDP(0x0);
[14:40:50.674]          // -> [ReadDP(0x00000000) => 0x6BA02477]   (__dp=0x00000000)
[14:40:50.674]      </block>
[14:40:50.674]      // end if-block "protType == 2"
[14:40:50.674]    </control>
[14:40:50.674]  </sequence>
[14:40:50.674]  
[14:40:50.678]  **********  Sequence "DebugPortStart"  (Context="Connect", Pname="", info="")
[14:40:50.678]  
[14:40:50.678]  <debugvars>
[14:40:50.678]    // Pre-defined
[14:40:50.678]    __protocol=0x00010002      (Protocol="SWD", SWJ-DP="True")
[14:40:50.678]    __connection=0x00000201    (Connection Type="Debug", Reset Type="System Reset")
[14:40:50.678]    __dp=0x00000000
[14:40:50.678]    __ap=0x00000000
[14:40:50.678]    __traceout=0x00000000      (Trace Disabled)
[14:40:50.678]    __errorcontrol=0x00000000  (Skip Errors="False")
[14:40:50.678]    __FlashAddr=0x00000000
[14:40:50.679]    __FlashLen=0x00000000
[14:40:50.679]    __FlashArg=0x00000000
[14:40:50.679]    __FlashOp=0x00000000
[14:40:50.679]    __Result=0x00000000
[14:40:50.679]  </debugvars>
[14:40:50.679]  
[14:40:50.679]  <sequence name="DebugPortStart" Pname="" disable="false" info="">
[14:40:50.679]    <block atomic="false" info="">
[14:40:50.679]      __var SW_DP_ABORT       = 0x0;
[14:40:50.679]        // -> [SW_DP_ABORT <= 0x00000000]
[14:40:50.679]      __var DP_CTRL_STAT      = 0x4;
[14:40:50.679]        // -> [DP_CTRL_STAT <= 0x00000004]
[14:40:50.679]      __var DP_SELECT         = 0x8;
[14:40:50.679]        // -> [DP_SELECT <= 0x00000008]
[14:40:50.679]      __var powered_down      = 0;
[14:40:50.679]        // -> [powered_down <= 0x00000000]
[14:40:50.679]      WriteDP(DP_SELECT, 0x00000000);
[14:40:50.681]        // -> [WriteDP(0x00000008, 0x00000000)]   (__dp=0x00000000)
[14:40:50.681]      powered_down = ((ReadDP(DP_CTRL_STAT) & 0xA0000000) != 0xA0000000);
[14:40:50.681]        // -> [ReadDP(0x00000004) => 0x00000040]   (__dp=0x00000000)
[14:40:50.681]        // -> [powered_down <= 0x00000001]
[14:40:50.681]    </block>
[14:40:50.681]    <control if="powered_down" while="" timeout="0" info="">
[14:40:50.681]      // if-block "powered_down"
[14:40:50.681]        // =>  TRUE
[14:40:50.681]      <block atomic="false" info="">
[14:40:50.681]        Message(0, "Debug/System power-up request sent");
[14:40:50.681]        WriteDP(DP_CTRL_STAT, 0x50000000);
[14:40:50.681]          // -> [WriteDP(0x00000004, 0x50000000)]   (__dp=0x00000000)
[14:40:50.681]      </block>
[14:40:50.681]      <control if="" while="(ReadDP(DP_CTRL_STAT) & 0xA0000000) != 0xA0000000" timeout="1000000" info="">
[14:40:50.681]        // while "(ReadDP(DP_CTRL_STAT) & 0xA0000000) != 0xA0000000"  (timeout="1000000")
[14:40:50.689]          // -> [ReadDP(0x00000004) => 0xF0000040]   (__dp=0x00000000)
[14:40:50.689]        // while-condition  =>  FALSE
[14:40:50.689]        // end while "(ReadDP(DP_CTRL_STAT) & 0xA0000000) != 0xA0000000"
[14:40:50.689]      </control>
[14:40:50.689]      <control if="(__protocol & 0xFFFF) == 1" while="" timeout="0" info="">
[14:40:50.689]        // if-block "(__protocol & 0xFFFF) == 1"
[14:40:50.689]          // =>  FALSE
[14:40:50.689]        // skip if-block "(__protocol & 0xFFFF) == 1"
[14:40:50.689]      </control>
[14:40:50.689]      <control if="(__protocol & 0xFFFF) == 2" while="" timeout="0" info="">
[14:40:50.689]        // if-block "(__protocol & 0xFFFF) == 2"
[14:40:50.689]          // =>  TRUE
[14:40:50.689]        <block atomic="false" info="">
[14:40:50.689]          Message(0, "executing SWD power up");
[14:40:50.689]          WriteDP(DP_CTRL_STAT, 0x50000F00);
[14:40:50.689]            // -> [WriteDP(0x00000004, 0x50000F00)]   (__dp=0x00000000)
[14:40:50.689]          WriteDP(SW_DP_ABORT, 0x0000001E);
[14:40:50.689]            // -> [WriteDP(0x00000000, 0x0000001E)]   (__dp=0x00000000)
[14:40:50.689]        </block>
[14:40:50.689]        // end if-block "(__protocol & 0xFFFF) == 2"
[14:40:50.689]      </control>
[14:40:50.689]      // end if-block "powered_down"
[14:40:50.689]    </control>
[14:40:50.689]    <block atomic="false" info="">
[14:40:50.689]      __var DEBUG_PORT_VAL    = 0;
[14:40:50.689]        // -> [DEBUG_PORT_VAL <= 0x00000000]
[14:40:50.689]      __var ACCESS_POINT_VAL  = 0;
[14:40:50.689]        // -> [ACCESS_POINT_VAL <= 0x00000000]
[14:40:50.689]      __ap = 1; 
[14:40:50.689]        // -> [__ap <= 0x00000001]
[14:40:50.689]      WriteAP(0x0C, 0x04); //lets use the mini pwr-ap as backup
[14:40:50.698]        // -> [WriteAP(0x0000000C, 0x00000004)]   (__dp=0x00000000, __ap=0x00000001)
[14:40:50.698]      __ap = 4;
[14:40:50.698]        // -> [__ap <= 0x00000004]
[14:40:50.698]      ACCESS_POINT_VAL = ReadAP(0x00);//Reading current state of access point
[14:40:50.698]        // -> [ReadAP(0x00000000) => 0x00080027]   (__dp=0x00000000, __ap=0x00000004)
[14:40:50.698]        // -> [ACCESS_POINT_VAL <= 0x00080027]
[14:40:50.698]      Message(0, "Current state of access point is: %x",ACCESS_POINT_VAL);
[14:40:50.698]    </block>
[14:40:50.698]    <block atomic="false" info="">
[14:40:50.698]      __var nReset = 0x80;
[14:40:50.698]        // -> [nReset <= 0x00000080]
[14:40:50.698]      __var canReadPins = 0;
[14:40:50.698]        // -> [canReadPins <= 0x00000000]
[14:40:50.698]      canReadPins = (DAP_SWJ_Pins(0x00, nReset, 0) != 0xFFFFFFFF);
[14:40:50.709]        // -> [DAP_SWJ_Pins(0x00, 0x80, 0) => 0x0F]   (Out: nRESET=0  =>  In: SWCLK/TCK=1, SWDIO/TMS=1, TDI=1, TDO=1, nTRST=0, nRESET=0)
[14:40:50.709]        // -> [canReadPins <= 0x00000001]
[14:40:50.709]    </block>
[14:40:50.709]    <control if="" while="1" timeout="200" info="">
[14:40:50.709]      // while "1"  (timeout="200")
[14:40:50.709]      // while-condition  =>  TRUE
[14:40:50.709]      // while "1"  (timeout="200")
[14:40:50.709]      // while-condition  =>  TRUE
[14:40:50.709]      // while "1"  (timeout="200")
[14:40:50.709]      // while-condition  =>  TRUE
[14:40:50.709]      // while "1"  (timeout="200")
[14:40:50.709]      // while-condition  =>  TRUE
[14:40:50.709]      // while "1"  (timeout="200")
[14:40:50.709]      // while-condition  =>  TRUE
[14:40:50.709]      // while "1"  (timeout="200")
[14:40:50.709]      // while-condition  =>  TRUE
[14:40:50.709]      // while "1"  (timeout="200")
[14:40:50.709]      // while-condition  =>  TRUE
[14:40:50.709]      // while "1"  (timeout="200")
[14:40:50.709]      // while-condition  =>  TRUE
[14:40:50.709]      // while "1"  (timeout="200")
[14:40:50.709]      // while-condition  =>  TRUE
[14:40:50.709]      // while "1"  (timeout="200")
[14:40:50.709]      // while-condition  =>  TRUE
[14:40:50.709]      // while "1"  (timeout="200")
[14:40:50.709]      // while-condition  =>  TRUE
[14:40:50.709]      // while "1"  (timeout="200")
[14:40:50.709]      // while-condition  =>  TRUE
[14:40:50.709]      // while "1"  (timeout="200")
[14:40:50.709]      // while-condition  =>  TRUE
[14:40:50.709]      // while "1"  (timeout="200")
[14:40:50.709]      // while-condition  =>  TRUE
[14:40:50.709]      // while "1"  (timeout="200")
[14:40:50.709]      // while-condition  =>  TRUE
[14:40:50.709]      // while "1"  (timeout="200")
[14:40:50.709]      // while-condition  =>  TRUE
[14:40:50.709]      // while "1"  (timeout="200")
[14:40:50.709]      // while-condition  =>  TRUE
[14:40:50.709]      // while "1"  (timeout="200")
[14:40:50.709]      // while-condition  =>  TRUE
[14:40:50.709]      // while "1"  (timeout="200")
[14:40:50.709]      // while-condition  =>  TRUE
[14:40:50.709]      // while "1"  (timeout="200")
[14:40:50.709]      // while-condition  =>  TRUE
[14:40:50.709]      // while "1"  (timeout="200")
[14:40:50.709]      // while-condition  =>  TRUE
[14:40:50.709]      // while "1"  (timeout="200")
[14:40:50.709]      // while-condition  =>  TRUE
[14:40:50.709]      // while "1"  (timeout="200")
[14:40:50.709]      // while-condition  =>  TRUE
[14:40:50.709]      // while "1"  (timeout="200")
[14:40:50.709]      // while-condition  =>  TRUE
[14:40:50.709]      // while "1"  (timeout="200")
[14:40:50.709]      // while-condition  =>  TRUE
[14:40:50.709]      // while "1"  (timeout="200")
[14:40:50.709]      // while-condition  =>  TRUE
[14:40:50.709]      // while "1"  (timeout="200")
[14:40:50.709]      // while-condition  =>  TRUE
[14:40:50.709]      // while "1"  (timeout="200")
[14:40:50.709]      // while-condition  =>  TRUE
[14:40:50.709]      // while "1"  (timeout="200")
[14:40:50.709]      // while-condition  =>  TRUE
[14:40:50.709]      // while "1"  (timeout="200")
[14:40:50.709]      // while-condition  =>  TRUE
[14:40:50.709]      // while "1"  (timeout="200")
[14:40:50.709]      // while-condition  =>  TRUE
[14:40:50.709]      // while "1"  (timeout="200")
[14:40:50.709]      // while-condition  =>  TRUE
[14:40:50.709]      // while "1"  (timeout="200")
[14:40:50.709]      // while-condition  =>  TRUE
[14:40:50.709]      // while "1"  (timeout="200")
[14:40:50.709]      // while-condition  =>  TRUE
[14:40:50.709]      // while "1"  (timeout="200")
[14:40:50.709]      // while-condition  =>  TRUE
[14:40:50.709]      // while "1"  (timeout="200")
[14:40:50.712]      // while-condition  =>  TRUE
[14:40:50.712]      // while "1"  (timeout="200")
[14:40:50.712]      // while-condition  =>  TRUE
[14:40:50.712]      // while "1"  (timeout="200")
[14:40:50.712]      // while-condition  =>  TRUE
[14:40:50.712]      // while "1"  (timeout="200")
[14:40:50.712]      // while-condition  =>  TRUE
[14:40:50.712]      // while "1"  (timeout="200")
[14:40:50.712]      // while-condition  =>  TRUE
[14:40:50.712]      // while "1"  (timeout="200")
[14:40:50.712]      // while-condition  =>  TRUE
[14:40:50.712]      // while "1"  (timeout="200")
[14:40:50.712]      // while-condition  =>  TRUE
[14:40:50.712]      // while "1"  (timeout="200")
[14:40:50.713]      // while-condition  =>  TRUE
[14:40:50.713]      // while "1"  (timeout="200")
[14:40:50.713]      // while-condition  =>  TRUE
[14:40:50.713]      // while "1"  (timeout="200")
[14:40:50.713]      // while-condition  =>  TRUE
[14:40:50.713]      // while "1"  (timeout="200")
[14:40:50.713]      // while-condition  =>  TRUE
[14:40:50.713]      // while "1"  (timeout="200")
[14:40:50.713]      // while-condition  =>  TRUE
[14:40:50.713]      // while "1"  (timeout="200")
[14:40:50.713]      // while-condition  =>  TRUE
[14:40:50.714]      // while "1"  (timeout="200")
[14:40:50.714]      // while-condition  =>  TRUE
[14:40:50.714]      // while "1"  (timeout="200")
[14:40:50.714]      // while-condition  =>  TRUE
[14:40:50.714]      // while "1"  (timeout="200")
[14:40:50.714]      // while-condition  =>  TRUE
[14:40:50.714]      // while "1"  (timeout="200")
[14:40:50.714]      // while-condition  =>  TRUE
[14:40:50.714]      // while "1"  (timeout="200")
[14:40:50.714]      // while-condition  =>  TRUE
[14:40:50.714]      // while "1"  (timeout="200")
[14:40:50.714]      // while-condition  =>  TRUE
[14:40:50.714]      // while "1"  (timeout="200")
[14:40:50.714]      // while-condition  =>  TRUE
[14:40:50.714]      // while "1"  (timeout="200")
[14:40:50.714]      // while-condition  =>  TRUE
[14:40:50.714]      // while "1"  (timeout="200")
[14:40:50.714]      // while-condition  =>  TRUE
[14:40:50.714]      // while "1"  (timeout="200")
[14:40:50.714]      // while-condition  =>  TRUE
[14:40:50.715]      // while "1"  (timeout="200")
[14:40:50.715]      // while-condition  =>  TRUE
[14:40:50.715]      // while "1"  (timeout="200")
[14:40:50.715]      // while-condition  =>  TRUE
[14:40:50.715]      // while "1"  (timeout="200")
[14:40:50.715]      // while-condition  =>  TRUE
[14:40:50.715]      // while "1"  (timeout="200")
[14:40:50.715]      // while-condition  =>  TRUE
[14:40:50.715]      // while "1"  (timeout="200")
[14:40:50.715]      // while-condition  =>  TRUE
[14:40:50.715]      // while "1"  (timeout="200")
[14:40:50.715]      // while-condition  =>  TRUE
[14:40:50.715]      // while "1"  (timeout="200")
[14:40:50.715]      // while-condition  =>  TRUE
[14:40:50.715]      // while "1"  (timeout="200")
[14:40:50.715]      // while-condition  =>  TRUE
[14:40:50.715]      // while "1"  (timeout="200")
[14:40:50.715]      // while-condition  =>  TRUE
[14:40:50.715]      // while "1"  (timeout="200")
[14:40:50.715]      // while-condition  =>  TRUE
[14:40:50.715]      // while "1"  (timeout="200")
[14:40:50.715]      // while-condition  =>  TRUE
[14:40:50.715]      // while "1"  (timeout="200")
[14:40:50.716]      // while-condition  =>  TRUE
[14:40:50.716]      // while "1"  (timeout="200")
[14:40:50.716]      // while-condition  =>  TRUE
[14:40:50.716]      // while "1"  (timeout="200")
[14:40:50.716]      // while-condition  =>  TRUE
[14:40:50.716]      // while "1"  (timeout="200")
[14:40:50.716]      // while-condition  =>  TRUE
[14:40:50.716]      // while "1"  (timeout="200")
[14:40:50.716]      // while-condition  =>  TRUE
[14:40:50.716]      // while "1"  (timeout="200")
[14:40:50.716]      // while-condition  =>  TRUE
[14:40:50.716]      // while "1"  (timeout="200")
[14:40:50.716]      // while-condition  =>  TRUE
[14:40:50.716]      // while "1"  (timeout="200")
[14:40:50.716]      // while-condition  =>  TRUE
[14:40:50.716]      // while "1"  (timeout="200")
[14:40:50.716]      // while-condition  =>  TRUE
[14:40:50.716]      // while "1"  (timeout="200")
[14:40:50.716]      // while-condition  =>  TRUE
[14:40:50.716]      // while "1"  (timeout="200")
[14:40:50.716]      // while-condition  =>  TRUE
[14:40:50.716]      // while "1"  (timeout="200")
[14:40:50.716]      // while-condition  =>  TRUE
[14:40:50.717]      // while "1"  (timeout="200")
[14:40:50.717]      // while-condition  =>  TRUE
[14:40:50.717]      // while "1"  (timeout="200")
[14:40:50.717]      // while-condition  =>  TRUE
[14:40:50.717]      // while "1"  (timeout="200")
[14:40:50.717]      // while-condition  =>  TRUE
[14:40:50.717]      // while "1"  (timeout="200")
[14:40:50.717]      // while-condition  =>  TRUE
[14:40:50.717]      // while "1"  (timeout="200")
[14:40:50.717]      // while-condition  =>  TRUE
[14:40:50.717]      // while "1"  (timeout="200")
[14:40:50.717]      // while-condition  =>  TRUE
[14:40:50.717]      // while "1"  (timeout="200")
[14:40:50.717]      // while-condition  =>  TRUE
[14:40:50.717]      // while "1"  (timeout="200")
[14:40:50.717]      // while-condition  =>  TRUE
[14:40:50.717]      // while "1"  (timeout="200")
[14:40:50.717]      // while-condition  =>  TRUE
[14:40:50.717]      // while "1"  (timeout="200")
[14:40:50.717]      // while-condition  =>  TRUE
[14:40:50.717]      // while "1"  (timeout="200")
[14:40:50.717]      // while-condition  =>  TRUE
[14:40:50.717]      // while "1"  (timeout="200")
[14:40:50.717]      // while-condition  =>  TRUE
[14:40:50.718]      // while "1"  (timeout="200")
[14:40:50.718]      // while-condition  =>  TRUE
[14:40:50.718]      // while "1"  (timeout="200")
[14:40:50.718]      // while-condition  =>  TRUE
[14:40:50.718]      // while "1"  (timeout="200")
[14:40:50.718]      // while-condition  =>  TRUE
[14:40:50.718]      // while "1"  (timeout="200")
[14:40:50.718]      // while-condition  =>  TRUE
[14:40:50.718]      // while "1"  (timeout="200")
[14:40:50.718]      // while-condition  =>  TRUE
[14:40:50.718]      // while "1"  (timeout="200")
[14:40:50.718]      // while-condition  =>  TRUE
[14:40:50.718]      // while "1"  (timeout="200")
[14:40:50.718]      // while-condition  =>  TRUE
[14:40:50.718]      // while "1"  (timeout="200")
[14:40:50.718]      // while-condition  =>  TRUE
[14:40:50.718]      // while "1"  (timeout="200")
[14:40:50.718]      // while-condition  =>  TRUE
[14:40:50.718]      // while "1"  (timeout="200")
[14:40:50.718]      // while-condition  =>  TRUE
[14:40:50.718]      // while "1"  (timeout="200")
[14:40:50.718]      // while-condition  =>  TRUE
[14:40:50.718]      // while "1"  (timeout="200")
[14:40:50.718]      // while-condition  =>  TRUE
[14:40:50.719]      // while "1"  (timeout="200")
[14:40:50.719]      // while-condition  =>  TRUE
[14:40:50.719]      // while "1"  (timeout="200")
[14:40:50.719]      // while-condition  =>  TRUE
[14:40:50.719]      // while "1"  (timeout="200")
[14:40:50.719]      // while-condition  =>  TRUE
[14:40:50.719]      // while "1"  (timeout="200")
[14:40:50.719]      // while-condition  =>  TRUE
[14:40:50.719]      // while "1"  (timeout="200")
[14:40:50.719]      // while-condition  =>  TRUE
[14:40:50.719]      // while "1"  (timeout="200")
[14:40:50.719]      // while-condition  =>  TRUE
[14:40:50.719]      // while "1"  (timeout="200")
[14:40:50.719]      // while-condition  =>  TRUE
[14:40:50.719]      // while "1"  (timeout="200")
[14:40:50.719]      // while-condition  =>  TRUE
[14:40:50.719]      // while "1"  (timeout="200")
[14:40:50.719]      // while-condition  =>  TRUE
[14:40:50.719]      // while "1"  (timeout="200")
[14:40:50.719]      // while-condition  =>  TRUE
[14:40:50.719]      // while "1"  (timeout="200")
[14:40:50.719]      // while-condition  =>  TRUE
[14:40:50.719]      // while "1"  (timeout="200")
[14:40:50.720]      // while-condition  =>  TRUE
[14:40:50.720]      // while "1"  (timeout="200")
[14:40:50.720]      // while-condition  =>  TRUE
[14:40:50.720]      // while "1"  (timeout="200")
[14:40:50.720]      // while-condition  =>  TRUE
[14:40:50.720]      // while "1"  (timeout="200")
[14:40:50.720]      // while-condition  =>  TRUE
[14:40:50.720]      // while "1"  (timeout="200")
[14:40:50.720]      // while-condition  =>  TRUE
[14:40:50.720]      // while "1"  (timeout="200")
[14:40:50.720]      // while-condition  =>  TRUE
[14:40:50.720]      // while "1"  (timeout="200")
[14:40:50.720]      // while-condition  =>  TRUE
[14:40:50.720]      // while "1"  (timeout="200")
[14:40:50.720]      // while-condition  =>  TRUE
[14:40:50.720]      // while "1"  (timeout="200")
[14:40:50.720]      // while-condition  =>  TRUE
[14:40:50.720]      // while "1"  (timeout="200")
[14:40:50.720]      // while-condition  =>  TRUE
[14:40:50.720]      // while "1"  (timeout="200")
[14:40:50.720]      // while-condition  =>  TRUE
[14:40:50.720]      // while "1"  (timeout="200")
[14:40:50.720]      // while-condition  =>  TRUE
[14:40:50.721]      // while "1"  (timeout="200")
[14:40:50.721]      // while-condition  =>  TRUE
[14:40:50.721]      // while "1"  (timeout="200")
[14:40:50.721]      // while-condition  =>  TRUE
[14:40:50.721]      // while "1"  (timeout="200")
[14:40:50.721]      // while-condition  =>  TRUE
[14:40:50.721]      // while "1"  (timeout="200")
[14:40:50.721]      // while-condition  =>  TRUE
[14:40:50.721]      // while "1"  (timeout="200")
[14:40:50.721]      // while-condition  =>  TRUE
[14:40:50.721]      // while "1"  (timeout="200")
[14:40:50.721]      // while-condition  =>  TRUE
[14:40:50.721]      // while "1"  (timeout="200")
[14:40:50.721]      // while-condition  =>  TRUE
[14:40:50.721]      // while "1"  (timeout="200")
[14:40:50.721]      // while-condition  =>  TRUE
[14:40:50.721]      // while "1"  (timeout="200")
[14:40:50.721]      // while-condition  =>  TRUE
[14:40:50.721]      // while "1"  (timeout="200")
[14:40:50.721]      // while-condition  =>  TRUE
[14:40:50.721]      // while "1"  (timeout="200")
[14:40:50.721]      // while-condition  =>  TRUE
[14:40:50.721]      // while "1"  (timeout="200")
[14:40:50.721]      // while-condition  =>  TRUE
[14:40:50.721]      // while "1"  (timeout="200")
[14:40:50.721]      // while-condition  =>  TRUE
[14:40:50.721]      // while "1"  (timeout="200")
[14:40:50.721]      // while-condition  =>  TRUE
[14:40:50.721]      // while "1"  (timeout="200")
[14:40:50.721]      // while-condition  =>  TRUE
[14:40:50.721]      // while "1"  (timeout="200")
[14:40:50.721]      // while-condition  =>  TRUE
[14:40:50.721]      // while "1"  (timeout="200")
[14:40:50.721]      // while-condition  =>  TRUE
[14:40:50.721]      // while "1"  (timeout="200")
[14:40:50.721]      // while-condition  =>  TRUE
[14:40:50.721]      // while "1"  (timeout="200")
[14:40:50.721]      // while-condition  =>  TRUE
[14:40:50.721]      // while "1"  (timeout="200")
[14:40:50.721]      // while-condition  =>  TRUE
[14:40:50.721]      // while "1"  (timeout="200")
[14:40:50.721]      // while-condition  =>  TRUE
[14:40:50.721]      // while "1"  (timeout="200")
[14:40:50.721]      // while-condition  =>  TRUE
[14:40:50.721]      // while "1"  (timeout="200")
[14:40:50.721]      // while-condition  =>  TRUE
[14:40:50.721]      // while "1"  (timeout="200")
[14:40:50.721]      // while-condition  =>  TRUE
[14:40:50.721]      // while "1"  (timeout="200")
[14:40:50.721]      // while-condition  =>  TRUE
[14:40:50.721]      // while "1"  (timeout="200")
[14:40:50.721]      // while-condition  =>  TRUE
[14:40:50.721]      // while "1"  (timeout="200")
[14:40:50.721]      // while-condition  =>  TRUE
[14:40:50.721]      // while "1"  (timeout="200")
[14:40:50.721]      // while-condition  =>  TRUE
[14:40:50.721]      // while "1"  (timeout="200")
[14:40:50.721]      // while-condition  =>  TRUE
[14:40:50.721]      // while "1"  (timeout="200")
[14:40:50.721]      // while-condition  =>  TRUE
[14:40:50.721]      // while "1"  (timeout="200")
[14:40:50.721]      // while-condition  =>  TRUE
[14:40:50.721]      // while "1"  (timeout="200")
[14:40:50.721]      // while-condition  =>  TRUE
[14:40:50.721]      // while "1"  (timeout="200")
[14:40:50.721]      // while-condition  =>  TRUE
[14:40:50.721]      // while "1"  (timeout="200")
[14:40:50.721]      // while-condition  =>  TRUE
[14:40:50.721]      // while "1"  (timeout="200")
[14:40:50.721]      // while-condition  =>  TRUE
[14:40:50.721]      // while "1"  (timeout="200")
[14:40:50.721]      // while-condition  =>  TRUE
[14:40:50.721]      // while "1"  (timeout="200")
[14:40:50.721]      // while-condition  =>  TRUE
[14:40:50.721]      // while "1"  (timeout="200")
[14:40:50.721]      // while-condition  =>  TRUE
[14:40:50.721]      // while "1"  (timeout="200")
[14:40:50.721]      // while-condition  =>  TRUE
[14:40:50.721]      // while "1"  (timeout="200")
[14:40:50.721]      // while-condition  =>  TRUE
[14:40:50.721]      // while "1"  (timeout="200")
[14:40:50.721]      // while-condition  =>  TRUE
[14:40:50.721]      // while "1"  (timeout="200")
[14:40:50.721]      // while-condition  =>  TRUE
[14:40:50.721]      // while "1"  (timeout="200")
[14:40:50.721]      // while-condition  =>  TRUE
[14:40:50.721]      // while "1"  (timeout="200")
[14:40:50.721]      // while-condition  =>  TRUE
[14:40:50.721]      // while "1"  (timeout="200")
[14:40:50.721]      // while-condition  =>  TRUE
[14:40:50.721]      // while "1"  (timeout="200")
[14:40:50.721]      // while-condition  =>  TRUE
[14:40:50.721]      // while "1"  (timeout="200")
[14:40:50.721]      // while-condition  =>  TRUE
[14:40:50.721]      // while "1"  (timeout="200")
[14:40:50.721]      // while-condition  =>  TRUE
[14:40:50.721]      // while "1"  (timeout="200")
[14:40:50.721]      // while-condition  =>  TRUE
[14:40:50.721]      // while "1"  (timeout="200")
[14:40:50.721]      // while-condition  =>  TRUE
[14:40:50.721]      // while "1"  (timeout="200")
[14:40:50.721]      // while-condition  =>  TRUE
[14:40:50.721]      // while "1"  (timeout="200")
[14:40:50.721]      // while-condition  =>  TRUE
[14:40:50.721]      // while "1"  (timeout="200")
[14:40:50.721]      // while-condition  =>  TRUE
[14:40:50.721]      // while "1"  (timeout="200")
[14:40:50.721]      // while-condition  =>  TRUE
[14:40:50.721]      // while "1"  (timeout="200")
[14:40:50.721]      // while-condition  =>  TRUE
[14:40:50.721]      // while "1"  (timeout="200")
[14:40:50.721]      // while-condition  =>  TRUE
[14:40:50.721]      // while "1"  (timeout="200")
[14:40:50.721]      // while-condition  =>  TRUE
[14:40:50.721]      // while "1"  (timeout="200")
[14:40:50.721]      // while-condition  =>  TRUE
[14:40:50.721]      // while "1"  (timeout="200")
[14:40:50.721]      // while-condition  =>  TRUE
[14:40:50.721]      // while "1"  (timeout="200")
[14:40:50.721]      // while-condition  =>  TRUE
[14:40:50.721]      // while "1"  (timeout="200")
[14:40:50.721]      // while-condition  =>  TRUE
[14:40:50.721]      // while "1"  (timeout="200")
[14:40:50.721]      // while-condition  =>  TRUE
[14:40:50.721]      // while "1"  (timeout="200")
[14:40:50.721]      // while-condition  =>  TRUE
[14:40:50.721]      // while "1"  (timeout="200")
[14:40:50.721]      // while-condition  =>  TRUE
[14:40:50.721]      // while "1"  (timeout="200")
[14:40:50.721]      // while-condition  =>  TRUE
[14:40:50.721]      // while "1"  (timeout="200")
[14:40:50.721]      // while-condition  =>  TRUE
[14:40:50.721]      // while "1"  (timeout="200")
[14:40:50.721]      // while-condition  =>  TRUE
[14:40:50.721]      // while "1"  (timeout="200")
[14:40:50.721]      // while-condition  =>  TRUE
[14:40:50.721]      // while "1"  (timeout="200")
[14:40:50.721]      // while-condition  =>  TRUE
[14:40:50.721]      // while "1"  (timeout="200")
[14:40:50.721]      // while-condition  =>  TRUE
[14:40:50.721]      // while "1"  (timeout="200")
[14:40:50.721]      // while-condition  =>  TRUE
[14:40:50.721]      // while "1"  (timeout="200")
[14:40:50.721]      // while-condition  =>  TRUE
[14:40:50.721]      // while "1"  (timeout="200")
[14:40:50.721]      // while-condition  =>  TRUE
[14:40:50.728]      // while "1"  (timeout="200")
[14:40:50.728]      // while  =>  TIMEOUT
[14:40:50.728]      // end while "1"
[14:40:50.728]    </control>
[14:40:50.728]    <control if="canReadPins" while="" timeout="0" info="">
[14:40:50.728]      // if-block "canReadPins"
[14:40:50.728]        // =>  TRUE
[14:40:50.728]      <control if="" while="(DAP_SWJ_Pins(nReset, nReset, 0) & nReset) == 0" timeout="1000000" info="">
[14:40:50.728]        // while "(DAP_SWJ_Pins(nReset, nReset, 0) & nReset) == 0"  (timeout="1000000")
[14:40:50.728]          // -> [DAP_SWJ_Pins(0x80, 0x80, 0) => 0x8F]   (Out: nRESET=1  =>  In: SWCLK/TCK=1, SWDIO/TMS=1, TDI=1, TDO=1, nTRST=0, nRESET=1)
[14:40:50.728]        // while-condition  =>  FALSE
[14:40:50.728]        // end while "(DAP_SWJ_Pins(nReset, nReset, 0) & nReset) == 0"
[14:40:50.728]      </control>
[14:40:50.728]      // end if-block "canReadPins"
[14:40:50.728]    </control>
[14:40:50.728]    <control if="!canReadPins" while="" timeout="0" info="">
[14:40:50.728]      // if-block "!canReadPins"
[14:40:50.728]        // =>  FALSE
[14:40:50.728]      // skip if-block "!canReadPins"
[14:40:50.728]    </control>
[14:40:50.728]    <control if="(ACCESS_POINT_VAL & 0x00E00000) == 0" while="" timeout="0" info="">
[14:40:50.728]      // if-block "(ACCESS_POINT_VAL & 0x00E00000) == 0"
[14:40:50.728]        // =>  TRUE
[14:40:50.728]      <block atomic="false" info="">
[14:40:50.728]        WriteAP(0x00, 0x190008);
[14:40:50.728]          // -> [WriteAP(0x00000000, 0x00190008)]   (__dp=0x00000000, __ap=0x00000004)
[14:40:50.728]        WriteAP(0xF0, 0x01);
[14:40:50.728]          // -> [WriteAP(0x000000F0, 0x00000001)]   (__dp=0x00000000, __ap=0x00000004)
[14:40:50.728]      </block>
[14:40:50.728]      // end if-block "(ACCESS_POINT_VAL & 0x00E00000) == 0"
[14:40:50.728]    </control>
[14:40:50.728]    <control if="(ACCESS_POINT_VAL & 0x00E00000) != 0" while="" timeout="0" info="">
[14:40:50.728]      // if-block "(ACCESS_POINT_VAL & 0x00E00000) != 0"
[14:40:50.728]        // =>  FALSE
[14:40:50.738]      // skip if-block "(ACCESS_POINT_VAL & 0x00E00000) != 0"
[14:40:50.738]    </control>
[14:40:50.738]    <block atomic="false" info="">
[14:40:50.738]      ACCESS_POINT_VAL = ReadAP(0x00);//Reading current state of access point
[14:40:50.744]        // -> [ReadAP(0x00000000) => 0x0079002F]   (__dp=0x00000000, __ap=0x00000004)
[14:40:50.745]        // -> [ACCESS_POINT_VAL <= 0x0079002F]
[14:40:50.745]      Message(0, "Current state of access point is: %x",ACCESS_POINT_VAL);
[14:40:50.746]      __ap = 0; //lets make sure we reset the access point selection
[14:40:50.746]        // -> [__ap <= 0x00000000]
[14:40:50.746]    </block>
[14:40:50.746]  </sequence>
[14:40:50.746]  
[14:40:50.764]  **********  Sequence "DebugDeviceUnlock"  (Context="Connect", Pname="", info="")
[14:40:50.764]  
[14:40:50.767]  <debugvars>
[14:40:50.767]    // Pre-defined
[14:40:50.767]    __protocol=0x00010002      (Protocol="SWD", SWJ-DP="True")
[14:40:50.767]    __connection=0x00000201    (Connection Type="Debug", Reset Type="System Reset")
[14:40:50.767]    __dp=0x00000000
[14:40:50.767]    __ap=0x00000000
[14:40:50.767]    __traceout=0x00000000      (Trace Disabled)
[14:40:50.767]    __errorcontrol=0x00000000  (Skip Errors="False")
[14:40:50.767]    __FlashAddr=0x00000000
[14:40:50.767]    __FlashLen=0x00000000
[14:40:50.767]    __FlashArg=0x00000000
[14:40:50.767]    __FlashOp=0x00000000
[14:40:50.767]    __Result=0x00000000
[14:40:50.767]  </debugvars>
[14:40:50.767]  
[14:40:50.767]  <sequence name="DebugDeviceUnlock" Pname="" disable="false" info="">
[14:40:50.767]    <block atomic="false" info="">
[14:40:50.767]      __var deviceID = 0;
[14:40:50.767]        // -> [deviceID <= 0x00000000]
[14:40:50.767]      __var version = 0;
[14:40:50.767]        // -> [version <= 0x00000000]
[14:40:50.767]      __var partNum = 0;
[14:40:50.767]        // -> [partNum <= 0x00000000]
[14:40:50.767]      __var manuf = 0;
[14:40:50.767]        // -> [manuf <= 0x00000000]
[14:40:50.767]      __var isMSPM0G1X0X_G3X0X = 0;
[14:40:50.767]        // -> [isMSPM0G1X0X_G3X0X <= 0x00000000]
[14:40:50.767]      __var isProduction = 0;
[14:40:50.767]        // -> [isProduction <= 0x00000000]
[14:40:50.767]      __var continueId = 0;
[14:40:50.767]        // -> [continueId <= 0x00000000]
[14:40:50.767]      deviceID =   Read32(0x41C40004);
[14:40:50.767]        // -> [Read32(0x41C40004) => 0x2BB8802F]   (__dp=0x00000000, __ap=0x00000000)
[14:40:50.767]        // -> [deviceID <= 0x2BB8802F]
[14:40:50.767]      version = deviceID >> 28;
[14:40:50.767]        // -> [version <= 0x00000002]
[14:40:50.777]      partNum = (deviceID & 0x0FFFF000) >> 12;
[14:40:50.777]        // -> [partNum <= 0x0000BB88]
[14:40:50.777]      manuf = (deviceID & 0x00000FFE) >> 1;
[14:40:50.777]        // -> [manuf <= 0x00000017]
[14:40:50.777]      isMSPM0G1X0X_G3X0X = (partNum == 0xBB88) && (manuf == 0x17);
[14:40:50.777]        // -> [isMSPM0G1X0X_G3X0X <= 0x00000001]
[14:40:50.777]      isProduction = (version > 0);
[14:40:50.777]        // -> [isProduction <= 0x00000001]
[14:40:50.777]    </block>
[14:40:50.777]    <control if="!isMSPM0G1X0X_G3X0X" while="" timeout="0" info="">
[14:40:50.777]      // if-block "!isMSPM0G1X0X_G3X0X"
[14:40:50.777]        // =>  FALSE
[14:40:50.777]      // skip if-block "!isMSPM0G1X0X_G3X0X"
[14:40:50.777]    </control>
[14:40:50.777]    <control if="continueId == 4" while="" timeout="0" info="">
[14:40:50.777]      // if-block "continueId == 4"
[14:40:50.777]        // =>  FALSE
[14:40:50.777]      // skip if-block "continueId == 4"
[14:40:50.777]    </control>
[14:40:50.777]    <control if="!isProduction" while="" timeout="0" info="">
[14:40:50.777]      // if-block "!isProduction"
[14:40:50.777]        // =>  FALSE
[14:40:50.777]      // skip if-block "!isProduction"
[14:40:50.777]    </control>
[14:40:50.777]  </sequence>
[14:40:50.777]  
[15:45:40.188]  **********  Sequence "DebugPortSetup"  (Context="Connect", Pname="", info="")
[15:45:40.189]  
[15:45:40.189]  <debugvars>
[15:45:40.189]    // Pre-defined
[15:45:40.189]    __protocol=0x00010002      (Protocol="SWD", SWJ-DP="True")
[15:45:40.189]    __connection=0x00000202    (Connection Type="Flash", Reset Type="System Reset")
[15:45:40.189]    __dp=0x00000000
[15:45:40.189]    __ap=0x00000000
[15:45:40.189]    __traceout=0x00000000      (Trace Disabled)
[15:45:40.189]    __errorcontrol=0x00000000  (Skip Errors="False")
[15:45:40.189]    __FlashAddr=0x00000000
[15:45:40.189]    __FlashLen=0x00000000
[15:45:40.189]    __FlashArg=0x00000000
[15:45:40.189]    __FlashOp=0x00000000
[15:45:40.189]    __Result=0x00000000
[15:45:40.189]  </debugvars>
[15:45:40.189]  
[15:45:40.190]  <sequence name="DebugPortSetup" Pname="" disable="false" info="">
[15:45:40.190]    <block atomic="false" info="">
[15:45:40.190]      __var isSWJ      = ((__protocol & 0x00010000) != 0);
[15:45:40.190]        // -> [isSWJ <= 0x00000001]
[15:45:40.190]      __var hasDormant = __protocol & 0x00020000;
[15:45:40.190]        // -> [hasDormant <= 0x00000000]
[15:45:40.190]      __var protType   = __protocol & 0x0000FFFF;
[15:45:40.190]        // -> [protType <= 0x00000002]
[15:45:40.190]    </block>
[15:45:40.190]    <control if="protType == 1" while="" timeout="0" info="">
[15:45:40.191]      // if-block "protType == 1"
[15:45:40.191]        // =>  FALSE
[15:45:40.191]      // skip if-block "protType == 1"
[15:45:40.191]    </control>
[15:45:40.191]    <control if="protType == 2" while="" timeout="0" info="">
[15:45:40.191]      // if-block "protType == 2"
[15:45:40.191]        // =>  TRUE
[15:45:40.191]      <control if="isSWJ" while="" timeout="0" info="">
[15:45:40.191]        // if-block "isSWJ"
[15:45:40.191]          // =>  TRUE
[15:45:40.191]        <control if="hasDormant" while="" timeout="0" info="">
[15:45:40.191]          // if-block "hasDormant"
[15:45:40.191]            // =>  FALSE
[15:45:40.191]          // skip if-block "hasDormant"
[15:45:40.191]        </control>
[15:45:40.191]        <control if="!hasDormant" while="" timeout="0" info="">
[15:45:40.191]          // if-block "!hasDormant"
[15:45:40.191]            // =>  TRUE
[15:45:40.191]          <block atomic="false" info="">
[15:45:40.191]            DAP_SWJ_Sequence(51, 0x0007FFFFFFFFFFFF); //lets put the JTAG line in a reset state
[15:45:40.193]              // -> [DAP_SWJ_Sequence(51, 0x0007FFFFFFFFFFFF)]
[15:45:40.193]            DAP_SWJ_Sequence(16,0xE73C); //SWD to JTAG, this is to ensure the state machine is initialized
[15:45:40.193]              // -> [DAP_SWJ_Sequence(16, 0x000000000000E73C)]
[15:45:40.193]            DAP_SWJ_Sequence(51, 0x0007FFFFFFFFFFFF); //Put it back in reset
[15:45:40.198]              // -> [DAP_SWJ_Sequence(51, 0x0007FFFFFFFFFFFF)]
[15:45:40.198]            DAP_SWJ_Sequence(16, 0xE79E); //JTAG to SWD switch
[15:45:40.201]              // -> [DAP_SWJ_Sequence(16, 0x000000000000E79E)]
[15:45:40.201]            DAP_SWJ_Sequence(51, 0x0007FFFFFFFFFFFF);  //Ensure the switch is successful 
[15:45:40.204]              // -> [DAP_SWJ_Sequence(51, 0x0007FFFFFFFFFFFF)]
[15:45:40.204]            DAP_SWJ_Sequence(7,  0x00); //Give the line some time to initialize
[15:45:40.206]              // -> [DAP_SWJ_Sequence(7, 0x0000000000000000)]
[15:45:40.206]          </block>
[15:45:40.206]          // end if-block "!hasDormant"
[15:45:40.206]        </control>
[15:45:40.206]        // end if-block "isSWJ"
[15:45:40.206]      </control>
[15:45:40.206]      <control if="!isSWJ" while="" timeout="0" info="">
[15:45:40.206]        // if-block "!isSWJ"
[15:45:40.206]          // =>  FALSE
[15:45:40.206]        // skip if-block "!isSWJ"
[15:45:40.206]      </control>
[15:45:40.206]      <block atomic="false" info="">
[15:45:40.206]        ReadDP(0x0);
[15:45:40.209]          // -> [ReadDP(0x00000000) => 0x6BA02477]   (__dp=0x00000000)
[15:45:40.209]      </block>
[15:45:40.209]      // end if-block "protType == 2"
[15:45:40.209]    </control>
[15:45:40.209]  </sequence>
[15:45:40.209]  
[15:45:40.212]  **********  Sequence "DebugPortStart"  (Context="Connect", Pname="", info="")
[15:45:40.212]  
[15:45:40.212]  <debugvars>
[15:45:40.212]    // Pre-defined
[15:45:40.213]    __protocol=0x00010002      (Protocol="SWD", SWJ-DP="True")
[15:45:40.213]    __connection=0x00000202    (Connection Type="Flash", Reset Type="System Reset")
[15:45:40.213]    __dp=0x00000000
[15:45:40.213]    __ap=0x00000000
[15:45:40.213]    __traceout=0x00000000      (Trace Disabled)
[15:45:40.213]    __errorcontrol=0x00000000  (Skip Errors="False")
[15:45:40.213]    __FlashAddr=0x00000000
[15:45:40.213]    __FlashLen=0x00000000
[15:45:40.213]    __FlashArg=0x00000000
[15:45:40.213]    __FlashOp=0x00000000
[15:45:40.213]    __Result=0x00000000
[15:45:40.213]  </debugvars>
[15:45:40.214]  
[15:45:40.214]  <sequence name="DebugPortStart" Pname="" disable="false" info="">
[15:45:40.214]    <block atomic="false" info="">
[15:45:40.214]      __var SW_DP_ABORT       = 0x0;
[15:45:40.214]        // -> [SW_DP_ABORT <= 0x00000000]
[15:45:40.214]      __var DP_CTRL_STAT      = 0x4;
[15:45:40.214]        // -> [DP_CTRL_STAT <= 0x00000004]
[15:45:40.214]      __var DP_SELECT         = 0x8;
[15:45:40.214]        // -> [DP_SELECT <= 0x00000008]
[15:45:40.214]      __var powered_down      = 0;
[15:45:40.214]        // -> [powered_down <= 0x00000000]
[15:45:40.214]      WriteDP(DP_SELECT, 0x00000000);
[15:45:40.216]        // -> [WriteDP(0x00000008, 0x00000000)]   (__dp=0x00000000)
[15:45:40.216]      powered_down = ((ReadDP(DP_CTRL_STAT) & 0xA0000000) != 0xA0000000);
[15:45:40.218]        // -> [ReadDP(0x00000004) => 0x00000040]   (__dp=0x00000000)
[15:45:40.218]        // -> [powered_down <= 0x00000001]
[15:45:40.218]    </block>
[15:45:40.218]    <control if="powered_down" while="" timeout="0" info="">
[15:45:40.218]      // if-block "powered_down"
[15:45:40.218]        // =>  TRUE
[15:45:40.218]      <block atomic="false" info="">
[15:45:40.219]        Message(0, "Debug/System power-up request sent");
[15:45:40.220]        WriteDP(DP_CTRL_STAT, 0x50000000);
[15:45:40.225]          // -> [WriteDP(0x00000004, 0x50000000)]   (__dp=0x00000000)
[15:45:40.225]      </block>
[15:45:40.225]      <control if="" while="(ReadDP(DP_CTRL_STAT) & 0xA0000000) != 0xA0000000" timeout="1000000" info="">
[15:45:40.225]        // while "(ReadDP(DP_CTRL_STAT) & 0xA0000000) != 0xA0000000"  (timeout="1000000")
[15:45:40.227]          // -> [ReadDP(0x00000004) => 0xF0000040]   (__dp=0x00000000)
[15:45:40.227]        // while-condition  =>  FALSE
[15:45:40.227]        // end while "(ReadDP(DP_CTRL_STAT) & 0xA0000000) != 0xA0000000"
[15:45:40.227]      </control>
[15:45:40.227]      <control if="(__protocol & 0xFFFF) == 1" while="" timeout="0" info="">
[15:45:40.227]        // if-block "(__protocol & 0xFFFF) == 1"
[15:45:40.227]          // =>  FALSE
[15:45:40.227]        // skip if-block "(__protocol & 0xFFFF) == 1"
[15:45:40.227]      </control>
[15:45:40.227]      <control if="(__protocol & 0xFFFF) == 2" while="" timeout="0" info="">
[15:45:40.227]        // if-block "(__protocol & 0xFFFF) == 2"
[15:45:40.227]          // =>  TRUE
[15:45:40.227]        <block atomic="false" info="">
[15:45:40.227]          Message(0, "executing SWD power up");
[15:45:40.227]          WriteDP(DP_CTRL_STAT, 0x50000F00);
[15:45:40.229]            // -> [WriteDP(0x00000004, 0x50000F00)]   (__dp=0x00000000)
[15:45:40.229]          WriteDP(SW_DP_ABORT, 0x0000001E);
[15:45:40.229]            // -> [WriteDP(0x00000000, 0x0000001E)]   (__dp=0x00000000)
[15:45:40.229]        </block>
[15:45:40.229]        // end if-block "(__protocol & 0xFFFF) == 2"
[15:45:40.229]      </control>
[15:45:40.229]      // end if-block "powered_down"
[15:45:40.229]    </control>
[15:45:40.233]    <block atomic="false" info="">
[15:45:40.233]      __var DEBUG_PORT_VAL    = 0;
[15:45:40.233]        // -> [DEBUG_PORT_VAL <= 0x00000000]
[15:45:40.233]      __var ACCESS_POINT_VAL  = 0;
[15:45:40.233]        // -> [ACCESS_POINT_VAL <= 0x00000000]
[15:45:40.233]      __ap = 1; 
[15:45:40.233]        // -> [__ap <= 0x00000001]
[15:45:40.233]      WriteAP(0x0C, 0x04); //lets use the mini pwr-ap as backup
[15:45:40.238]        // -> [WriteAP(0x0000000C, 0x00000004)]   (__dp=0x00000000, __ap=0x00000001)
[15:45:40.238]      __ap = 4;
[15:45:40.238]        // -> [__ap <= 0x00000004]
[15:45:40.238]      ACCESS_POINT_VAL = ReadAP(0x00);//Reading current state of access point
[15:45:40.242]        // -> [ReadAP(0x00000000) => 0x00080027]   (__dp=0x00000000, __ap=0x00000004)
[15:45:40.242]        // -> [ACCESS_POINT_VAL <= 0x00080027]
[15:45:40.242]      Message(0, "Current state of access point is: %x",ACCESS_POINT_VAL);
[15:45:40.243]    </block>
[15:45:40.243]    <block atomic="false" info="">
[15:45:40.243]      __var nReset = 0x80;
[15:45:40.243]        // -> [nReset <= 0x00000080]
[15:45:40.244]      __var canReadPins = 0;
[15:45:40.244]        // -> [canReadPins <= 0x00000000]
[15:45:40.244]      canReadPins = (DAP_SWJ_Pins(0x00, nReset, 0) != 0xFFFFFFFF);
[15:45:40.246]        // -> [DAP_SWJ_Pins(0x00, 0x80, 0) => 0x0F]   (Out: nRESET=0  =>  In: SWCLK/TCK=1, SWDIO/TMS=1, TDI=1, TDO=1, nTRST=0, nRESET=0)
[15:45:40.246]        // -> [canReadPins <= 0x00000001]
[15:45:40.246]    </block>
[15:45:40.246]    <control if="" while="1" timeout="200" info="">
[15:45:40.246]      // while "1"  (timeout="200")
[15:45:40.246]      // while-condition  =>  TRUE
[15:45:40.246]      // while "1"  (timeout="200")
[15:45:40.246]      // while-condition  =>  TRUE
[15:45:40.247]      // while "1"  (timeout="200")
[15:45:40.247]      // while-condition  =>  TRUE
[15:45:40.247]      // while "1"  (timeout="200")
[15:45:40.247]      // while-condition  =>  TRUE
[15:45:40.247]      // while "1"  (timeout="200")
[15:45:40.247]      // while-condition  =>  TRUE
[15:45:40.247]      // while "1"  (timeout="200")
[15:45:40.247]      // while-condition  =>  TRUE
[15:45:40.247]      // while "1"  (timeout="200")
[15:45:40.247]      // while-condition  =>  TRUE
[15:45:40.247]      // while "1"  (timeout="200")
[15:45:40.247]      // while-condition  =>  TRUE
[15:45:40.247]      // while "1"  (timeout="200")
[15:45:40.247]      // while-condition  =>  TRUE
[15:45:40.247]      // while "1"  (timeout="200")
[15:45:40.247]      // while-condition  =>  TRUE
[15:45:40.247]      // while "1"  (timeout="200")
[15:45:40.247]      // while-condition  =>  TRUE
[15:45:40.247]      // while "1"  (timeout="200")
[15:45:40.247]      // while-condition  =>  TRUE
[15:45:40.247]      // while "1"  (timeout="200")
[15:45:40.247]      // while-condition  =>  TRUE
[15:45:40.248]      // while "1"  (timeout="200")
[15:45:40.248]      // while-condition  =>  TRUE
[15:45:40.248]      // while "1"  (timeout="200")
[15:45:40.248]      // while-condition  =>  TRUE
[15:45:40.248]      // while "1"  (timeout="200")
[15:45:40.248]      // while-condition  =>  TRUE
[15:45:40.248]      // while "1"  (timeout="200")
[15:45:40.248]      // while-condition  =>  TRUE
[15:45:40.248]      // while "1"  (timeout="200")
[15:45:40.248]      // while-condition  =>  TRUE
[15:45:40.248]      // while "1"  (timeout="200")
[15:45:40.248]      // while-condition  =>  TRUE
[15:45:40.248]      // while "1"  (timeout="200")
[15:45:40.248]      // while-condition  =>  TRUE
[15:45:40.248]      // while "1"  (timeout="200")
[15:45:40.248]      // while-condition  =>  TRUE
[15:45:40.248]      // while "1"  (timeout="200")
[15:45:40.248]      // while-condition  =>  TRUE
[15:45:40.248]      // while "1"  (timeout="200")
[15:45:40.248]      // while-condition  =>  TRUE
[15:45:40.248]      // while "1"  (timeout="200")
[15:45:40.248]      // while-condition  =>  TRUE
[15:45:40.248]      // while "1"  (timeout="200")
[15:45:40.248]      // while-condition  =>  TRUE
[15:45:40.249]      // while "1"  (timeout="200")
[15:45:40.249]      // while-condition  =>  TRUE
[15:45:40.249]      // while "1"  (timeout="200")
[15:45:40.249]      // while-condition  =>  TRUE
[15:45:40.249]      // while "1"  (timeout="200")
[15:45:40.249]      // while-condition  =>  TRUE
[15:45:40.249]      // while "1"  (timeout="200")
[15:45:40.249]      // while-condition  =>  TRUE
[15:45:40.249]      // while "1"  (timeout="200")
[15:45:40.249]      // while-condition  =>  TRUE
[15:45:40.249]      // while "1"  (timeout="200")
[15:45:40.249]      // while-condition  =>  TRUE
[15:45:40.249]      // while "1"  (timeout="200")
[15:45:40.249]      // while-condition  =>  TRUE
[15:45:40.249]      // while "1"  (timeout="200")
[15:45:40.249]      // while-condition  =>  TRUE
[15:45:40.249]      // while "1"  (timeout="200")
[15:45:40.249]      // while-condition  =>  TRUE
[15:45:40.249]      // while "1"  (timeout="200")
[15:45:40.250]      // while-condition  =>  TRUE
[15:45:40.250]      // while "1"  (timeout="200")
[15:45:40.250]      // while-condition  =>  TRUE
[15:45:40.250]      // while "1"  (timeout="200")
[15:45:40.250]      // while-condition  =>  TRUE
[15:45:40.250]      // while "1"  (timeout="200")
[15:45:40.250]      // while-condition  =>  TRUE
[15:45:40.250]      // while "1"  (timeout="200")
[15:45:40.250]      // while-condition  =>  TRUE
[15:45:40.250]      // while "1"  (timeout="200")
[15:45:40.250]      // while-condition  =>  TRUE
[15:45:40.250]      // while "1"  (timeout="200")
[15:45:40.250]      // while-condition  =>  TRUE
[15:45:40.250]      // while "1"  (timeout="200")
[15:45:40.250]      // while-condition  =>  TRUE
[15:45:40.250]      // while "1"  (timeout="200")
[15:45:40.250]      // while-condition  =>  TRUE
[15:45:40.250]      // while "1"  (timeout="200")
[15:45:40.250]      // while-condition  =>  TRUE
[15:45:40.251]      // while "1"  (timeout="200")
[15:45:40.251]      // while-condition  =>  TRUE
[15:45:40.251]      // while "1"  (timeout="200")
[15:45:40.251]      // while-condition  =>  TRUE
[15:45:40.251]      // while "1"  (timeout="200")
[15:45:40.251]      // while-condition  =>  TRUE
[15:45:40.251]      // while "1"  (timeout="200")
[15:45:40.251]      // while-condition  =>  TRUE
[15:45:40.251]      // while "1"  (timeout="200")
[15:45:40.251]      // while-condition  =>  TRUE
[15:45:40.251]      // while "1"  (timeout="200")
[15:45:40.251]      // while-condition  =>  TRUE
[15:45:40.251]      // while "1"  (timeout="200")
[15:45:40.251]      // while-condition  =>  TRUE
[15:45:40.253]      // while "1"  (timeout="200")
[15:45:40.253]      // while-condition  =>  TRUE
[15:45:40.253]      // while "1"  (timeout="200")
[15:45:40.253]      // while-condition  =>  TRUE
[15:45:40.253]      // while "1"  (timeout="200")
[15:45:40.253]      // while-condition  =>  TRUE
[15:45:40.253]      // while "1"  (timeout="200")
[15:45:40.253]      // while-condition  =>  TRUE
[15:45:40.253]      // while "1"  (timeout="200")
[15:45:40.253]      // while-condition  =>  TRUE
[15:45:40.253]      // while "1"  (timeout="200")
[15:45:40.253]      // while-condition  =>  TRUE
[15:45:40.253]      // while "1"  (timeout="200")
[15:45:40.253]      // while-condition  =>  TRUE
[15:45:40.253]      // while "1"  (timeout="200")
[15:45:40.253]      // while-condition  =>  TRUE
[15:45:40.253]      // while "1"  (timeout="200")
[15:45:40.253]      // while-condition  =>  TRUE
[15:45:40.253]      // while "1"  (timeout="200")
[15:45:40.253]      // while-condition  =>  TRUE
[15:45:40.253]      // while "1"  (timeout="200")
[15:45:40.253]      // while-condition  =>  TRUE
[15:45:40.253]      // while "1"  (timeout="200")
[15:45:40.253]      // while-condition  =>  TRUE
[15:45:40.253]      // while "1"  (timeout="200")
[15:45:40.253]      // while-condition  =>  TRUE
[15:45:40.253]      // while "1"  (timeout="200")
[15:45:40.253]      // while-condition  =>  TRUE
[15:45:40.253]      // while "1"  (timeout="200")
[15:45:40.254]      // while-condition  =>  TRUE
[15:45:40.254]      // while "1"  (timeout="200")
[15:45:40.254]      // while  =>  TIMEOUT
[15:45:40.254]      // end while "1"
[15:45:40.254]    </control>
[15:45:40.254]    <control if="canReadPins" while="" timeout="0" info="">
[15:45:40.254]      // if-block "canReadPins"
[15:45:40.254]        // =>  TRUE
[15:45:40.254]      <control if="" while="(DAP_SWJ_Pins(nReset, nReset, 0) & nReset) == 0" timeout="1000000" info="">
[15:45:40.254]        // while "(DAP_SWJ_Pins(nReset, nReset, 0) & nReset) == 0"  (timeout="1000000")
[15:45:40.256]          // -> [DAP_SWJ_Pins(0x80, 0x80, 0) => 0x8F]   (Out: nRESET=1  =>  In: SWCLK/TCK=1, SWDIO/TMS=1, TDI=1, TDO=1, nTRST=0, nRESET=1)
[15:45:40.256]        // while-condition  =>  FALSE
[15:45:40.256]        // end while "(DAP_SWJ_Pins(nReset, nReset, 0) & nReset) == 0"
[15:45:40.256]      </control>
[15:45:40.256]      // end if-block "canReadPins"
[15:45:40.256]    </control>
[15:45:40.256]    <control if="!canReadPins" while="" timeout="0" info="">
[15:45:40.257]      // if-block "!canReadPins"
[15:45:40.257]        // =>  FALSE
[15:45:40.257]      // skip if-block "!canReadPins"
[15:45:40.257]    </control>
[15:45:40.257]    <control if="(ACCESS_POINT_VAL & 0x00E00000) == 0" while="" timeout="0" info="">
[15:45:40.257]      // if-block "(ACCESS_POINT_VAL & 0x00E00000) == 0"
[15:45:40.257]        // =>  TRUE
[15:45:40.257]      <block atomic="false" info="">
[15:45:40.257]        WriteAP(0x00, 0x190008);
[15:45:40.259]          // -> [WriteAP(0x00000000, 0x00190008)]   (__dp=0x00000000, __ap=0x00000004)
[15:45:40.260]        WriteAP(0xF0, 0x01);
[15:45:40.263]          // -> [WriteAP(0x000000F0, 0x00000001)]   (__dp=0x00000000, __ap=0x00000004)
[15:45:40.263]      </block>
[15:45:40.263]      // end if-block "(ACCESS_POINT_VAL & 0x00E00000) == 0"
[15:45:40.263]    </control>
[15:45:40.263]    <control if="(ACCESS_POINT_VAL & 0x00E00000) != 0" while="" timeout="0" info="">
[15:45:40.263]      // if-block "(ACCESS_POINT_VAL & 0x00E00000) != 0"
[15:45:40.263]        // =>  FALSE
[15:45:40.263]      // skip if-block "(ACCESS_POINT_VAL & 0x00E00000) != 0"
[15:45:40.263]    </control>
[15:45:40.263]    <block atomic="false" info="">
[15:45:40.263]      ACCESS_POINT_VAL = ReadAP(0x00);//Reading current state of access point
[15:45:40.269]        // -> [ReadAP(0x00000000) => 0x0079002F]   (__dp=0x00000000, __ap=0x00000004)
[15:45:40.269]        // -> [ACCESS_POINT_VAL <= 0x0079002F]
[15:45:40.269]      Message(0, "Current state of access point is: %x",ACCESS_POINT_VAL);
[15:45:40.271]      __ap = 0; //lets make sure we reset the access point selection
[15:45:40.271]        // -> [__ap <= 0x00000000]
[15:45:40.271]    </block>
[15:45:40.271]  </sequence>
[15:45:40.271]  
[15:45:40.292]  **********  Sequence "DebugDeviceUnlock"  (Context="Connect", Pname="", info="")
[15:45:40.292]  
[15:45:40.293]  <debugvars>
[15:45:40.293]    // Pre-defined
[15:45:40.293]    __protocol=0x00010002      (Protocol="SWD", SWJ-DP="True")
[15:45:40.293]    __connection=0x00000202    (Connection Type="Flash", Reset Type="System Reset")
[15:45:40.293]    __dp=0x00000000
[15:45:40.293]    __ap=0x00000000
[15:45:40.293]    __traceout=0x00000000      (Trace Disabled)
[15:45:40.293]    __errorcontrol=0x00000000  (Skip Errors="False")
[15:45:40.293]    __FlashAddr=0x00000000
[15:45:40.293]    __FlashLen=0x00000000
[15:45:40.293]    __FlashArg=0x00000000
[15:45:40.293]    __FlashOp=0x00000000
[15:45:40.293]    __Result=0x00000000
[15:45:40.293]  </debugvars>
[15:45:40.293]  
[15:45:40.293]  <sequence name="DebugDeviceUnlock" Pname="" disable="false" info="">
[15:45:40.293]    <block atomic="false" info="">
[15:45:40.293]      __var deviceID = 0;
[15:45:40.293]        // -> [deviceID <= 0x00000000]
[15:45:40.293]      __var version = 0;
[15:45:40.293]        // -> [version <= 0x00000000]
[15:45:40.293]      __var partNum = 0;
[15:45:40.293]        // -> [partNum <= 0x00000000]
[15:45:40.293]      __var manuf = 0;
[15:45:40.293]        // -> [manuf <= 0x00000000]
[15:45:40.293]      __var isMSPM0G1X0X_G3X0X = 0;
[15:45:40.293]        // -> [isMSPM0G1X0X_G3X0X <= 0x00000000]
[15:45:40.293]      __var isProduction = 0;
[15:45:40.293]        // -> [isProduction <= 0x00000000]
[15:45:40.293]      __var continueId = 0;
[15:45:40.293]        // -> [continueId <= 0x00000000]
[15:45:40.293]      deviceID =   Read32(0x41C40004);
[15:45:40.304]        // -> [Read32(0x41C40004) => 0x2BB8802F]   (__dp=0x00000000, __ap=0x00000000)
[15:45:40.305]        // -> [deviceID <= 0x2BB8802F]
[15:45:40.305]      version = deviceID >> 28;
[15:45:40.305]        // -> [version <= 0x00000002]
[15:45:40.305]      partNum = (deviceID & 0x0FFFF000) >> 12;
[15:45:40.305]        // -> [partNum <= 0x0000BB88]
[15:45:40.305]      manuf = (deviceID & 0x00000FFE) >> 1;
[15:45:40.305]        // -> [manuf <= 0x00000017]
[15:45:40.305]      isMSPM0G1X0X_G3X0X = (partNum == 0xBB88) && (manuf == 0x17);
[15:45:40.305]        // -> [isMSPM0G1X0X_G3X0X <= 0x00000001]
[15:45:40.305]      isProduction = (version > 0);
[15:45:40.305]        // -> [isProduction <= 0x00000001]
[15:45:40.305]    </block>
[15:45:40.305]    <control if="!isMSPM0G1X0X_G3X0X" while="" timeout="0" info="">
[15:45:40.306]      // if-block "!isMSPM0G1X0X_G3X0X"
[15:45:40.306]        // =>  FALSE
[15:45:40.306]      // skip if-block "!isMSPM0G1X0X_G3X0X"
[15:45:40.306]    </control>
[15:45:40.306]    <control if="continueId == 4" while="" timeout="0" info="">
[15:45:40.306]      // if-block "continueId == 4"
[15:45:40.306]        // =>  FALSE
[15:45:40.306]      // skip if-block "continueId == 4"
[15:45:40.306]    </control>
[15:45:40.306]    <control if="!isProduction" while="" timeout="0" info="">
[15:45:40.306]      // if-block "!isProduction"
[15:45:40.306]        // =>  FALSE
[15:45:40.306]      // skip if-block "!isProduction"
[15:45:40.306]    </control>
[15:45:40.306]  </sequence>
[15:45:40.306]  
[15:49:15.804]  **********  Sequence "DebugPortSetup"  (Context="Connect", Pname="", info="")
[15:49:15.804]  
[15:49:15.804]  <debugvars>
[15:49:15.804]    // Pre-defined
[15:49:15.804]    __protocol=0x00010002      (Protocol="SWD", SWJ-DP="True")
[15:49:15.804]    __connection=0x00000202    (Connection Type="Flash", Reset Type="System Reset")
[15:49:15.804]    __dp=0x00000000
[15:49:15.804]    __ap=0x00000000
[15:49:15.804]    __traceout=0x00000000      (Trace Disabled)
[15:49:15.804]    __errorcontrol=0x00000000  (Skip Errors="False")
[15:49:15.804]    __FlashAddr=0x00000000
[15:49:15.804]    __FlashLen=0x00000000
[15:49:15.804]    __FlashArg=0x00000000
[15:49:15.804]    __FlashOp=0x00000000
[15:49:15.805]    __Result=0x00000000
[15:49:15.805]  </debugvars>
[15:49:15.805]  
[15:49:15.805]  <sequence name="DebugPortSetup" Pname="" disable="false" info="">
[15:49:15.805]    <block atomic="false" info="">
[15:49:15.805]      __var isSWJ      = ((__protocol & 0x00010000) != 0);
[15:49:15.805]        // -> [isSWJ <= 0x00000001]
[15:49:15.805]      __var hasDormant = __protocol & 0x00020000;
[15:49:15.805]        // -> [hasDormant <= 0x00000000]
[15:49:15.805]      __var protType   = __protocol & 0x0000FFFF;
[15:49:15.805]        // -> [protType <= 0x00000002]
[15:49:15.805]    </block>
[15:49:15.805]    <control if="protType == 1" while="" timeout="0" info="">
[15:49:15.805]      // if-block "protType == 1"
[15:49:15.805]        // =>  FALSE
[15:49:15.805]      // skip if-block "protType == 1"
[15:49:15.805]    </control>
[15:49:15.805]    <control if="protType == 2" while="" timeout="0" info="">
[15:49:15.805]      // if-block "protType == 2"
[15:49:15.805]        // =>  TRUE
[15:49:15.806]      <control if="isSWJ" while="" timeout="0" info="">
[15:49:15.806]        // if-block "isSWJ"
[15:49:15.806]          // =>  TRUE
[15:49:15.806]        <control if="hasDormant" while="" timeout="0" info="">
[15:49:15.806]          // if-block "hasDormant"
[15:49:15.806]            // =>  FALSE
[15:49:15.806]          // skip if-block "hasDormant"
[15:49:15.806]        </control>
[15:49:15.806]        <control if="!hasDormant" while="" timeout="0" info="">
[15:49:15.806]          // if-block "!hasDormant"
[15:49:15.806]            // =>  TRUE
[15:49:15.806]          <block atomic="false" info="">
[15:49:15.806]            DAP_SWJ_Sequence(51, 0x0007FFFFFFFFFFFF); //lets put the JTAG line in a reset state
[15:49:15.811]              // -> [DAP_SWJ_Sequence(51, 0x0007FFFFFFFFFFFF)]
[15:49:15.811]            DAP_SWJ_Sequence(16,0xE73C); //SWD to JTAG, this is to ensure the state machine is initialized
[15:49:15.812]              // -> [DAP_SWJ_Sequence(16, 0x000000000000E73C)]
[15:49:15.812]            DAP_SWJ_Sequence(51, 0x0007FFFFFFFFFFFF); //Put it back in reset
[15:49:15.814]              // -> [DAP_SWJ_Sequence(51, 0x0007FFFFFFFFFFFF)]
[15:49:15.814]            DAP_SWJ_Sequence(16, 0xE79E); //JTAG to SWD switch
[15:49:15.819]              // -> [DAP_SWJ_Sequence(16, 0x000000000000E79E)]
[15:49:15.819]            DAP_SWJ_Sequence(51, 0x0007FFFFFFFFFFFF);  //Ensure the switch is successful 
[15:49:15.822]              // -> [DAP_SWJ_Sequence(51, 0x0007FFFFFFFFFFFF)]
[15:49:15.822]            DAP_SWJ_Sequence(7,  0x00); //Give the line some time to initialize
[15:49:15.825]              // -> [DAP_SWJ_Sequence(7, 0x0000000000000000)]
[15:49:15.825]          </block>
[15:49:15.825]          // end if-block "!hasDormant"
[15:49:15.825]        </control>
[15:49:15.825]        // end if-block "isSWJ"
[15:49:15.825]      </control>
[15:49:15.825]      <control if="!isSWJ" while="" timeout="0" info="">
[15:49:15.825]        // if-block "!isSWJ"
[15:49:15.825]          // =>  FALSE
[15:49:15.825]        // skip if-block "!isSWJ"
[15:49:15.825]      </control>
[15:49:15.825]      <block atomic="false" info="">
[15:49:15.825]        ReadDP(0x0);
[15:49:15.828]          // -> [ReadDP(0x00000000) => 0x6BA02477]   (__dp=0x00000000)
[15:49:15.828]      </block>
[15:49:15.828]      // end if-block "protType == 2"
[15:49:15.828]    </control>
[15:49:15.828]  </sequence>
[15:49:15.828]  
[15:49:15.837]  **********  Sequence "DebugPortStart"  (Context="Connect", Pname="", info="")
[15:49:15.837]  
[15:49:15.837]  <debugvars>
[15:49:15.837]    // Pre-defined
[15:49:15.837]    __protocol=0x00010002      (Protocol="SWD", SWJ-DP="True")
[15:49:15.837]    __connection=0x00000202    (Connection Type="Flash", Reset Type="System Reset")
[15:49:15.837]    __dp=0x00000000
[15:49:15.837]    __ap=0x00000000
[15:49:15.837]    __traceout=0x00000000      (Trace Disabled)
[15:49:15.837]    __errorcontrol=0x00000000  (Skip Errors="False")
[15:49:15.837]    __FlashAddr=0x00000000
[15:49:15.837]    __FlashLen=0x00000000
[15:49:15.837]    __FlashArg=0x00000000
[15:49:15.837]    __FlashOp=0x00000000
[15:49:15.837]    __Result=0x00000000
[15:49:15.837]  </debugvars>
[15:49:15.837]  
[15:49:15.837]  <sequence name="DebugPortStart" Pname="" disable="false" info="">
[15:49:15.837]    <block atomic="false" info="">
[15:49:15.837]      __var SW_DP_ABORT       = 0x0;
[15:49:15.837]        // -> [SW_DP_ABORT <= 0x00000000]
[15:49:15.838]      __var DP_CTRL_STAT      = 0x4;
[15:49:15.838]        // -> [DP_CTRL_STAT <= 0x00000004]
[15:49:15.838]      __var DP_SELECT         = 0x8;
[15:49:15.838]        // -> [DP_SELECT <= 0x00000008]
[15:49:15.838]      __var powered_down      = 0;
[15:49:15.838]        // -> [powered_down <= 0x00000000]
[15:49:15.838]      WriteDP(DP_SELECT, 0x00000000);
[15:49:15.840]        // -> [WriteDP(0x00000008, 0x00000000)]   (__dp=0x00000000)
[15:49:15.840]      powered_down = ((ReadDP(DP_CTRL_STAT) & 0xA0000000) != 0xA0000000);
[15:49:15.842]        // -> [ReadDP(0x00000004) => 0x00000040]   (__dp=0x00000000)
[15:49:15.842]        // -> [powered_down <= 0x00000001]
[15:49:15.842]    </block>
[15:49:15.842]    <control if="powered_down" while="" timeout="0" info="">
[15:49:15.842]      // if-block "powered_down"
[15:49:15.842]        // =>  TRUE
[15:49:15.842]      <block atomic="false" info="">
[15:49:15.842]        Message(0, "Debug/System power-up request sent");
[15:49:15.843]        WriteDP(DP_CTRL_STAT, 0x50000000);
[15:49:15.846]          // -> [WriteDP(0x00000004, 0x50000000)]   (__dp=0x00000000)
[15:49:15.846]      </block>
[15:49:15.846]      <control if="" while="(ReadDP(DP_CTRL_STAT) & 0xA0000000) != 0xA0000000" timeout="1000000" info="">
[15:49:15.846]        // while "(ReadDP(DP_CTRL_STAT) & 0xA0000000) != 0xA0000000"  (timeout="1000000")
[15:49:15.849]          // -> [ReadDP(0x00000004) => 0xF0000040]   (__dp=0x00000000)
[15:49:15.849]        // while-condition  =>  FALSE
[15:49:15.849]        // end while "(ReadDP(DP_CTRL_STAT) & 0xA0000000) != 0xA0000000"
[15:49:15.849]      </control>
[15:49:15.849]      <control if="(__protocol & 0xFFFF) == 1" while="" timeout="0" info="">
[15:49:15.849]        // if-block "(__protocol & 0xFFFF) == 1"
[15:49:15.849]          // =>  FALSE
[15:49:15.849]        // skip if-block "(__protocol & 0xFFFF) == 1"
[15:49:15.849]      </control>
[15:49:15.849]      <control if="(__protocol & 0xFFFF) == 2" while="" timeout="0" info="">
[15:49:15.849]        // if-block "(__protocol & 0xFFFF) == 2"
[15:49:15.849]          // =>  TRUE
[15:49:15.849]        <block atomic="false" info="">
[15:49:15.849]          Message(0, "executing SWD power up");
[15:49:15.850]          WriteDP(DP_CTRL_STAT, 0x50000F00);
[15:49:15.852]            // -> [WriteDP(0x00000004, 0x50000F00)]   (__dp=0x00000000)
[15:49:15.852]          WriteDP(SW_DP_ABORT, 0x0000001E);
[15:49:15.852]            // -> [WriteDP(0x00000000, 0x0000001E)]   (__dp=0x00000000)
[15:49:15.852]        </block>
[15:49:15.852]        // end if-block "(__protocol & 0xFFFF) == 2"
[15:49:15.852]      </control>
[15:49:15.852]      // end if-block "powered_down"
[15:49:15.852]    </control>
[15:49:15.852]    <block atomic="false" info="">
[15:49:15.852]      __var DEBUG_PORT_VAL    = 0;
[15:49:15.852]        // -> [DEBUG_PORT_VAL <= 0x00000000]
[15:49:15.852]      __var ACCESS_POINT_VAL  = 0;
[15:49:15.852]        // -> [ACCESS_POINT_VAL <= 0x00000000]
[15:49:15.852]      __ap = 1; 
[15:49:15.852]        // -> [__ap <= 0x00000001]
[15:49:15.852]      WriteAP(0x0C, 0x04); //lets use the mini pwr-ap as backup
[15:49:15.865]        // -> [WriteAP(0x0000000C, 0x00000004)]   (__dp=0x00000000, __ap=0x00000001)
[15:49:15.865]      __ap = 4;
[15:49:15.865]        // -> [__ap <= 0x00000004]
[15:49:15.865]      ACCESS_POINT_VAL = ReadAP(0x00);//Reading current state of access point
[15:49:15.870]        // -> [ReadAP(0x00000000) => 0x00080027]   (__dp=0x00000000, __ap=0x00000004)
[15:49:15.870]        // -> [ACCESS_POINT_VAL <= 0x00080027]
[15:49:15.870]      Message(0, "Current state of access point is: %x",ACCESS_POINT_VAL);
[15:49:15.871]    </block>
[15:49:15.871]    <block atomic="false" info="">
[15:49:15.871]      __var nReset = 0x80;
[15:49:15.871]        // -> [nReset <= 0x00000080]
[15:49:15.871]      __var canReadPins = 0;
[15:49:15.871]        // -> [canReadPins <= 0x00000000]
[15:49:15.871]      canReadPins = (DAP_SWJ_Pins(0x00, nReset, 0) != 0xFFFFFFFF);
[15:49:15.873]        // -> [DAP_SWJ_Pins(0x00, 0x80, 0) => 0x0F]   (Out: nRESET=0  =>  In: SWCLK/TCK=1, SWDIO/TMS=1, TDI=1, TDO=1, nTRST=0, nRESET=0)
[15:49:15.873]        // -> [canReadPins <= 0x00000001]
[15:49:15.874]    </block>
[15:49:15.874]    <control if="" while="1" timeout="200" info="">
[15:49:15.874]      // while "1"  (timeout="200")
[15:49:15.874]      // while-condition  =>  TRUE
[15:49:15.874]      // while "1"  (timeout="200")
[15:49:15.874]      // while-condition  =>  TRUE
[15:49:15.874]      // while "1"  (timeout="200")
[15:49:15.874]      // while-condition  =>  TRUE
[15:49:15.874]      // while "1"  (timeout="200")
[15:49:15.874]      // while-condition  =>  TRUE
[15:49:15.874]      // while "1"  (timeout="200")
[15:49:15.874]      // while-condition  =>  TRUE
[15:49:15.874]      // while "1"  (timeout="200")
[15:49:15.874]      // while-condition  =>  TRUE
[15:49:15.874]      // while "1"  (timeout="200")
[15:49:15.874]      // while-condition  =>  TRUE
[15:49:15.874]      // while "1"  (timeout="200")
[15:49:15.874]      // while-condition  =>  TRUE
[15:49:15.874]      // while "1"  (timeout="200")
[15:49:15.874]      // while-condition  =>  TRUE
[15:49:15.874]      // while "1"  (timeout="200")
[15:49:15.875]      // while-condition  =>  TRUE
[15:49:15.875]      // while "1"  (timeout="200")
[15:49:15.875]      // while-condition  =>  TRUE
[15:49:15.875]      // while "1"  (timeout="200")
[15:49:15.875]      // while-condition  =>  TRUE
[15:49:15.875]      // while "1"  (timeout="200")
[15:49:15.875]      // while-condition  =>  TRUE
[15:49:15.875]      // while "1"  (timeout="200")
[15:49:15.875]      // while-condition  =>  TRUE
[15:49:15.875]      // while "1"  (timeout="200")
[15:49:15.875]      // while-condition  =>  TRUE
[15:49:15.875]      // while "1"  (timeout="200")
[15:49:15.875]      // while-condition  =>  TRUE
[15:49:15.875]      // while "1"  (timeout="200")
[15:49:15.875]      // while-condition  =>  TRUE
[15:49:15.875]      // while "1"  (timeout="200")
[15:49:15.875]      // while-condition  =>  TRUE
[15:49:15.875]      // while "1"  (timeout="200")
[15:49:15.875]      // while-condition  =>  TRUE
[15:49:15.875]      // while "1"  (timeout="200")
[15:49:15.875]      // while-condition  =>  TRUE
[15:49:15.875]      // while "1"  (timeout="200")
[15:49:15.875]      // while-condition  =>  TRUE
[15:49:15.876]      // while "1"  (timeout="200")
[15:49:15.876]      // while-condition  =>  TRUE
[15:49:15.876]      // while "1"  (timeout="200")
[15:49:15.876]      // while-condition  =>  TRUE
[15:49:15.876]      // while "1"  (timeout="200")
[15:49:15.876]      // while-condition  =>  TRUE
[15:49:15.876]      // while "1"  (timeout="200")
[15:49:15.876]      // while-condition  =>  TRUE
[15:49:15.876]      // while "1"  (timeout="200")
[15:49:15.876]      // while-condition  =>  TRUE
[15:49:15.876]      // while "1"  (timeout="200")
[15:49:15.876]      // while-condition  =>  TRUE
[15:49:15.876]      // while "1"  (timeout="200")
[15:49:15.877]      // while-condition  =>  TRUE
[15:49:15.877]      // while "1"  (timeout="200")
[15:49:15.877]      // while-condition  =>  TRUE
[15:49:15.877]      // while "1"  (timeout="200")
[15:49:15.877]      // while-condition  =>  TRUE
[15:49:15.877]      // while "1"  (timeout="200")
[15:49:15.877]      // while-condition  =>  TRUE
[15:49:15.877]      // while "1"  (timeout="200")
[15:49:15.877]      // while-condition  =>  TRUE
[15:49:15.877]      // while "1"  (timeout="200")
[15:49:15.877]      // while-condition  =>  TRUE
[15:49:15.877]      // while "1"  (timeout="200")
[15:49:15.877]      // while-condition  =>  TRUE
[15:49:15.877]      // while "1"  (timeout="200")
[15:49:15.877]      // while-condition  =>  TRUE
[15:49:15.877]      // while "1"  (timeout="200")
[15:49:15.877]      // while-condition  =>  TRUE
[15:49:15.877]      // while "1"  (timeout="200")
[15:49:15.877]      // while-condition  =>  TRUE
[15:49:15.877]      // while "1"  (timeout="200")
[15:49:15.877]      // while-condition  =>  TRUE
[15:49:15.877]      // while "1"  (timeout="200")
[15:49:15.877]      // while-condition  =>  TRUE
[15:49:15.877]      // while "1"  (timeout="200")
[15:49:15.877]      // while-condition  =>  TRUE
[15:49:15.877]      // while "1"  (timeout="200")
[15:49:15.877]      // while-condition  =>  TRUE
[15:49:15.877]      // while "1"  (timeout="200")
[15:49:15.877]      // while-condition  =>  TRUE
[15:49:15.879]      // while "1"  (timeout="200")
[15:49:15.879]      // while  =>  TIMEOUT
[15:49:15.879]      // end while "1"
[15:49:15.879]    </control>
[15:49:15.879]    <control if="canReadPins" while="" timeout="0" info="">
[15:49:15.879]      // if-block "canReadPins"
[15:49:15.879]        // =>  TRUE
[15:49:15.879]      <control if="" while="(DAP_SWJ_Pins(nReset, nReset, 0) & nReset) == 0" timeout="1000000" info="">
[15:49:15.879]        // while "(DAP_SWJ_Pins(nReset, nReset, 0) & nReset) == 0"  (timeout="1000000")
[15:49:15.881]          // -> [DAP_SWJ_Pins(0x80, 0x80, 0) => 0x8F]   (Out: nRESET=1  =>  In: SWCLK/TCK=1, SWDIO/TMS=1, TDI=1, TDO=1, nTRST=0, nRESET=1)
[15:49:15.881]        // while-condition  =>  FALSE
[15:49:15.881]        // end while "(DAP_SWJ_Pins(nReset, nReset, 0) & nReset) == 0"
[15:49:15.881]      </control>
[15:49:15.881]      // end if-block "canReadPins"
[15:49:15.881]    </control>
[15:49:15.881]    <control if="!canReadPins" while="" timeout="0" info="">
[15:49:15.881]      // if-block "!canReadPins"
[15:49:15.881]        // =>  FALSE
[15:49:15.881]      // skip if-block "!canReadPins"
[15:49:15.881]    </control>
[15:49:15.881]    <control if="(ACCESS_POINT_VAL & 0x00E00000) == 0" while="" timeout="0" info="">
[15:49:15.881]      // if-block "(ACCESS_POINT_VAL & 0x00E00000) == 0"
[15:49:15.881]        // =>  TRUE
[15:49:15.881]      <block atomic="false" info="">
[15:49:15.881]        WriteAP(0x00, 0x190008);
[15:49:15.884]          // -> [WriteAP(0x00000000, 0x00190008)]   (__dp=0x00000000, __ap=0x00000004)
[15:49:15.884]        WriteAP(0xF0, 0x01);
[15:49:15.886]          // -> [WriteAP(0x000000F0, 0x00000001)]   (__dp=0x00000000, __ap=0x00000004)
[15:49:15.886]      </block>
[15:49:15.886]      // end if-block "(ACCESS_POINT_VAL & 0x00E00000) == 0"
[15:49:15.886]    </control>
[15:49:15.886]    <control if="(ACCESS_POINT_VAL & 0x00E00000) != 0" while="" timeout="0" info="">
[15:49:15.886]      // if-block "(ACCESS_POINT_VAL & 0x00E00000) != 0"
[15:49:15.886]        // =>  FALSE
[15:49:15.886]      // skip if-block "(ACCESS_POINT_VAL & 0x00E00000) != 0"
[15:49:15.886]    </control>
[15:49:15.886]    <block atomic="false" info="">
[15:49:15.886]      ACCESS_POINT_VAL = ReadAP(0x00);//Reading current state of access point
[15:49:15.886]        // -> [ReadAP(0x00000000) => 0x0079002F]   (__dp=0x00000000, __ap=0x00000004)
[15:49:15.886]        // -> [ACCESS_POINT_VAL <= 0x0079002F]
[15:49:15.886]      Message(0, "Current state of access point is: %x",ACCESS_POINT_VAL);
[15:49:15.886]      __ap = 0; //lets make sure we reset the access point selection
[15:49:15.894]        // -> [__ap <= 0x00000000]
[15:49:15.895]    </block>
[15:49:15.895]  </sequence>
[15:49:15.895]  
[15:49:15.915]  **********  Sequence "DebugDeviceUnlock"  (Context="Connect", Pname="", info="")
[15:49:15.915]  
[15:49:15.915]  <debugvars>
[15:49:15.915]    // Pre-defined
[15:49:15.915]    __protocol=0x00010002      (Protocol="SWD", SWJ-DP="True")
[15:49:15.915]    __connection=0x00000202    (Connection Type="Flash", Reset Type="System Reset")
[15:49:15.915]    __dp=0x00000000
[15:49:15.915]    __ap=0x00000000
[15:49:15.915]    __traceout=0x00000000      (Trace Disabled)
[15:49:15.915]    __errorcontrol=0x00000000  (Skip Errors="False")
[15:49:15.915]    __FlashAddr=0x00000000
[15:49:15.915]    __FlashLen=0x00000000
[15:49:15.915]    __FlashArg=0x00000000
[15:49:15.915]    __FlashOp=0x00000000
[15:49:15.915]    __Result=0x00000000
[15:49:15.915]  </debugvars>
[15:49:15.915]  
[15:49:15.915]  <sequence name="DebugDeviceUnlock" Pname="" disable="false" info="">
[15:49:15.915]    <block atomic="false" info="">
[15:49:15.915]      __var deviceID = 0;
[15:49:15.915]        // -> [deviceID <= 0x00000000]
[15:49:15.916]      __var version = 0;
[15:49:15.916]        // -> [version <= 0x00000000]
[15:49:15.916]      __var partNum = 0;
[15:49:15.916]        // -> [partNum <= 0x00000000]
[15:49:15.916]      __var manuf = 0;
[15:49:15.916]        // -> [manuf <= 0x00000000]
[15:49:15.916]      __var isMSPM0G1X0X_G3X0X = 0;
[15:49:15.916]        // -> [isMSPM0G1X0X_G3X0X <= 0x00000000]
[15:49:15.916]      __var isProduction = 0;
[15:49:15.916]        // -> [isProduction <= 0x00000000]
[15:49:15.916]      __var continueId = 0;
[15:49:15.916]        // -> [continueId <= 0x00000000]
[15:49:15.916]      deviceID =   Read32(0x41C40004);
[15:49:15.920]        // -> [Read32(0x41C40004) => 0x2BB8802F]   (__dp=0x00000000, __ap=0x00000000)
[15:49:15.920]        // -> [deviceID <= 0x2BB8802F]
[15:49:15.920]      version = deviceID >> 28;
[15:49:15.920]        // -> [version <= 0x00000002]
[15:49:15.920]      partNum = (deviceID & 0x0FFFF000) >> 12;
[15:49:15.920]        // -> [partNum <= 0x0000BB88]
[15:49:15.920]      manuf = (deviceID & 0x00000FFE) >> 1;
[15:49:15.920]        // -> [manuf <= 0x00000017]
[15:49:15.920]      isMSPM0G1X0X_G3X0X = (partNum == 0xBB88) && (manuf == 0x17);
[15:49:15.920]        // -> [isMSPM0G1X0X_G3X0X <= 0x00000001]
[15:49:15.920]      isProduction = (version > 0);
[15:49:15.920]        // -> [isProduction <= 0x00000001]
[15:49:15.920]    </block>
[15:49:15.920]    <control if="!isMSPM0G1X0X_G3X0X" while="" timeout="0" info="">
[15:49:15.920]      // if-block "!isMSPM0G1X0X_G3X0X"
[15:49:15.920]        // =>  FALSE
[15:49:15.920]      // skip if-block "!isMSPM0G1X0X_G3X0X"
[15:49:15.920]    </control>
[15:49:15.920]    <control if="continueId == 4" while="" timeout="0" info="">
[15:49:15.920]      // if-block "continueId == 4"
[15:49:15.920]        // =>  FALSE
[15:49:15.920]      // skip if-block "continueId == 4"
[15:49:15.920]    </control>
[15:49:15.920]    <control if="!isProduction" while="" timeout="0" info="">
[15:49:15.920]      // if-block "!isProduction"
[15:49:15.920]        // =>  FALSE
[15:49:15.920]      // skip if-block "!isProduction"
[15:49:15.920]    </control>
[15:49:15.920]  </sequence>
[15:49:15.920]  
[15:52:31.364]  **********  Sequence "DebugPortSetup"  (Context="Connect", Pname="", info="")
[15:52:31.364]  
[15:52:31.365]  <debugvars>
[15:52:31.365]    // Pre-defined
[15:52:31.365]    __protocol=0x00010002      (Protocol="SWD", SWJ-DP="True")
[15:52:31.365]    __connection=0x00000202    (Connection Type="Flash", Reset Type="System Reset")
[15:52:31.365]    __dp=0x00000000
[15:52:31.365]    __ap=0x00000000
[15:52:31.365]    __traceout=0x00000000      (Trace Disabled)
[15:52:31.365]    __errorcontrol=0x00000000  (Skip Errors="False")
[15:52:31.365]    __FlashAddr=0x00000000
[15:52:31.365]    __FlashLen=0x00000000
[15:52:31.365]    __FlashArg=0x00000000
[15:52:31.366]    __FlashOp=0x00000000
[15:52:31.366]    __Result=0x00000000
[15:52:31.366]  </debugvars>
[15:52:31.366]  
[15:52:31.366]  <sequence name="DebugPortSetup" Pname="" disable="false" info="">
[15:52:31.366]    <block atomic="false" info="">
[15:52:31.366]      __var isSWJ      = ((__protocol & 0x00010000) != 0);
[15:52:31.366]        // -> [isSWJ <= 0x00000001]
[15:52:31.366]      __var hasDormant = __protocol & 0x00020000;
[15:52:31.366]        // -> [hasDormant <= 0x00000000]
[15:52:31.366]      __var protType   = __protocol & 0x0000FFFF;
[15:52:31.366]        // -> [protType <= 0x00000002]
[15:52:31.366]    </block>
[15:52:31.366]    <control if="protType == 1" while="" timeout="0" info="">
[15:52:31.366]      // if-block "protType == 1"
[15:52:31.366]        // =>  FALSE
[15:52:31.366]      // skip if-block "protType == 1"
[15:52:31.366]    </control>
[15:52:31.366]    <control if="protType == 2" while="" timeout="0" info="">
[15:52:31.366]      // if-block "protType == 2"
[15:52:31.366]        // =>  TRUE
[15:52:31.367]      <control if="isSWJ" while="" timeout="0" info="">
[15:52:31.367]        // if-block "isSWJ"
[15:52:31.367]          // =>  TRUE
[15:52:31.367]        <control if="hasDormant" while="" timeout="0" info="">
[15:52:31.367]          // if-block "hasDormant"
[15:52:31.367]            // =>  FALSE
[15:52:31.367]          // skip if-block "hasDormant"
[15:52:31.367]        </control>
[15:52:31.367]        <control if="!hasDormant" while="" timeout="0" info="">
[15:52:31.367]          // if-block "!hasDormant"
[15:52:31.367]            // =>  TRUE
[15:52:31.367]          <block atomic="false" info="">
[15:52:31.367]            DAP_SWJ_Sequence(51, 0x0007FFFFFFFFFFFF); //lets put the JTAG line in a reset state
[15:52:31.371]              // -> [DAP_SWJ_Sequence(51, 0x0007FFFFFFFFFFFF)]
[15:52:31.371]            DAP_SWJ_Sequence(16,0xE73C); //SWD to JTAG, this is to ensure the state machine is initialized
[15:52:31.374]              // -> [DAP_SWJ_Sequence(16, 0x000000000000E73C)]
[15:52:31.374]            DAP_SWJ_Sequence(51, 0x0007FFFFFFFFFFFF); //Put it back in reset
[15:52:31.375]              // -> [DAP_SWJ_Sequence(51, 0x0007FFFFFFFFFFFF)]
[15:52:31.375]            DAP_SWJ_Sequence(16, 0xE79E); //JTAG to SWD switch
[15:52:31.378]              // -> [DAP_SWJ_Sequence(16, 0x000000000000E79E)]
[15:52:31.378]            DAP_SWJ_Sequence(51, 0x0007FFFFFFFFFFFF);  //Ensure the switch is successful 
[15:52:31.380]              // -> [DAP_SWJ_Sequence(51, 0x0007FFFFFFFFFFFF)]
[15:52:31.380]            DAP_SWJ_Sequence(7,  0x00); //Give the line some time to initialize
[15:52:31.382]              // -> [DAP_SWJ_Sequence(7, 0x0000000000000000)]
[15:52:31.382]          </block>
[15:52:31.382]          // end if-block "!hasDormant"
[15:52:31.382]        </control>
[15:52:31.382]        // end if-block "isSWJ"
[15:52:31.382]      </control>
[15:52:31.382]      <control if="!isSWJ" while="" timeout="0" info="">
[15:52:31.382]        // if-block "!isSWJ"
[15:52:31.382]          // =>  FALSE
[15:52:31.382]        // skip if-block "!isSWJ"
[15:52:31.382]      </control>
[15:52:31.382]      <block atomic="false" info="">
[15:52:31.382]        ReadDP(0x0);
[15:52:31.382]          // -> [ReadDP(0x00000000) => 0x6BA02477]   (__dp=0x00000000)
[15:52:31.382]      </block>
[15:52:31.382]      // end if-block "protType == 2"
[15:52:31.382]    </control>
[15:52:31.382]  </sequence>
[15:52:31.382]  
[15:52:31.382]  **********  Sequence "DebugPortStart"  (Context="Connect", Pname="", info="")
[15:52:31.382]  
[15:52:31.382]  <debugvars>
[15:52:31.382]    // Pre-defined
[15:52:31.382]    __protocol=0x00010002      (Protocol="SWD", SWJ-DP="True")
[15:52:31.382]    __connection=0x00000202    (Connection Type="Flash", Reset Type="System Reset")
[15:52:31.382]    __dp=0x00000000
[15:52:31.382]    __ap=0x00000000
[15:52:31.382]    __traceout=0x00000000      (Trace Disabled)
[15:52:31.382]    __errorcontrol=0x00000000  (Skip Errors="False")
[15:52:31.382]    __FlashAddr=0x00000000
[15:52:31.382]    __FlashLen=0x00000000
[15:52:31.382]    __FlashArg=0x00000000
[15:52:31.382]    __FlashOp=0x00000000
[15:52:31.382]    __Result=0x00000000
[15:52:31.382]  </debugvars>
[15:52:31.391]  
[15:52:31.391]  <sequence name="DebugPortStart" Pname="" disable="false" info="">
[15:52:31.391]    <block atomic="false" info="">
[15:52:31.391]      __var SW_DP_ABORT       = 0x0;
[15:52:31.391]        // -> [SW_DP_ABORT <= 0x00000000]
[15:52:31.391]      __var DP_CTRL_STAT      = 0x4;
[15:52:31.391]        // -> [DP_CTRL_STAT <= 0x00000004]
[15:52:31.391]      __var DP_SELECT         = 0x8;
[15:52:31.391]        // -> [DP_SELECT <= 0x00000008]
[15:52:31.391]      __var powered_down      = 0;
[15:52:31.391]        // -> [powered_down <= 0x00000000]
[15:52:31.391]      WriteDP(DP_SELECT, 0x00000000);
[15:52:31.393]        // -> [WriteDP(0x00000008, 0x00000000)]   (__dp=0x00000000)
[15:52:31.393]      powered_down = ((ReadDP(DP_CTRL_STAT) & 0xA0000000) != 0xA0000000);
[15:52:31.395]        // -> [ReadDP(0x00000004) => 0x00000040]   (__dp=0x00000000)
[15:52:31.395]        // -> [powered_down <= 0x00000001]
[15:52:31.395]    </block>
[15:52:31.395]    <control if="powered_down" while="" timeout="0" info="">
[15:52:31.395]      // if-block "powered_down"
[15:52:31.395]        // =>  TRUE
[15:52:31.395]      <block atomic="false" info="">
[15:52:31.395]        Message(0, "Debug/System power-up request sent");
[15:52:31.397]        WriteDP(DP_CTRL_STAT, 0x50000000);
[15:52:31.399]          // -> [WriteDP(0x00000004, 0x50000000)]   (__dp=0x00000000)
[15:52:31.399]      </block>
[15:52:31.399]      <control if="" while="(ReadDP(DP_CTRL_STAT) & 0xA0000000) != 0xA0000000" timeout="1000000" info="">
[15:52:31.399]        // while "(ReadDP(DP_CTRL_STAT) & 0xA0000000) != 0xA0000000"  (timeout="1000000")
[15:52:31.401]          // -> [ReadDP(0x00000004) => 0xF0000040]   (__dp=0x00000000)
[15:52:31.401]        // while-condition  =>  FALSE
[15:52:31.401]        // end while "(ReadDP(DP_CTRL_STAT) & 0xA0000000) != 0xA0000000"
[15:52:31.401]      </control>
[15:52:31.401]      <control if="(__protocol & 0xFFFF) == 1" while="" timeout="0" info="">
[15:52:31.401]        // if-block "(__protocol & 0xFFFF) == 1"
[15:52:31.401]          // =>  FALSE
[15:52:31.401]        // skip if-block "(__protocol & 0xFFFF) == 1"
[15:52:31.401]      </control>
[15:52:31.401]      <control if="(__protocol & 0xFFFF) == 2" while="" timeout="0" info="">
[15:52:31.401]        // if-block "(__protocol & 0xFFFF) == 2"
[15:52:31.401]          // =>  TRUE
[15:52:31.401]        <block atomic="false" info="">
[15:52:31.401]          Message(0, "executing SWD power up");
[15:52:31.402]          WriteDP(DP_CTRL_STAT, 0x50000F00);
[15:52:31.404]            // -> [WriteDP(0x00000004, 0x50000F00)]   (__dp=0x00000000)
[15:52:31.404]          WriteDP(SW_DP_ABORT, 0x0000001E);
[15:52:31.406]            // -> [WriteDP(0x00000000, 0x0000001E)]   (__dp=0x00000000)
[15:52:31.406]        </block>
[15:52:31.406]        // end if-block "(__protocol & 0xFFFF) == 2"
[15:52:31.406]      </control>
[15:52:31.406]      // end if-block "powered_down"
[15:52:31.406]    </control>
[15:52:31.406]    <block atomic="false" info="">
[15:52:31.406]      __var DEBUG_PORT_VAL    = 0;
[15:52:31.406]        // -> [DEBUG_PORT_VAL <= 0x00000000]
[15:52:31.406]      __var ACCESS_POINT_VAL  = 0;
[15:52:31.406]        // -> [ACCESS_POINT_VAL <= 0x00000000]
[15:52:31.406]      __ap = 1; 
[15:52:31.406]        // -> [__ap <= 0x00000001]
[15:52:31.406]      WriteAP(0x0C, 0x04); //lets use the mini pwr-ap as backup
[15:52:31.411]        // -> [WriteAP(0x0000000C, 0x00000004)]   (__dp=0x00000000, __ap=0x00000001)
[15:52:31.411]      __ap = 4;
[15:52:31.411]        // -> [__ap <= 0x00000004]
[15:52:31.411]      ACCESS_POINT_VAL = ReadAP(0x00);//Reading current state of access point
[15:52:31.416]        // -> [ReadAP(0x00000000) => 0x00080027]   (__dp=0x00000000, __ap=0x00000004)
[15:52:31.416]        // -> [ACCESS_POINT_VAL <= 0x00080027]
[15:52:31.416]      Message(0, "Current state of access point is: %x",ACCESS_POINT_VAL);
[15:52:31.416]    </block>
[15:52:31.416]    <block atomic="false" info="">
[15:52:31.416]      __var nReset = 0x80;
[15:52:31.416]        // -> [nReset <= 0x00000080]
[15:52:31.416]      __var canReadPins = 0;
[15:52:31.416]        // -> [canReadPins <= 0x00000000]
[15:52:31.416]      canReadPins = (DAP_SWJ_Pins(0x00, nReset, 0) != 0xFFFFFFFF);
[15:52:31.416]        // -> [DAP_SWJ_Pins(0x00, 0x80, 0) => 0x0F]   (Out: nRESET=0  =>  In: SWCLK/TCK=1, SWDIO/TMS=1, TDI=1, TDO=1, nTRST=0, nRESET=0)
[15:52:31.416]        // -> [canReadPins <= 0x00000001]
[15:52:31.416]    </block>
[15:52:31.416]    <control if="" while="1" timeout="200" info="">
[15:52:31.416]      // while "1"  (timeout="200")
[15:52:31.416]      // while-condition  =>  TRUE
[15:52:31.416]      // while "1"  (timeout="200")
[15:52:31.416]      // while-condition  =>  TRUE
[15:52:31.416]      // while "1"  (timeout="200")
[15:52:31.416]      // while-condition  =>  TRUE
[15:52:31.416]      // while "1"  (timeout="200")
[15:52:31.416]      // while-condition  =>  TRUE
[15:52:31.416]      // while "1"  (timeout="200")
[15:52:31.416]      // while-condition  =>  TRUE
[15:52:31.416]      // while "1"  (timeout="200")
[15:52:31.416]      // while-condition  =>  TRUE
[15:52:31.416]      // while "1"  (timeout="200")
[15:52:31.416]      // while-condition  =>  TRUE
[15:52:31.416]      // while "1"  (timeout="200")
[15:52:31.416]      // while-condition  =>  TRUE
[15:52:31.416]      // while "1"  (timeout="200")
[15:52:31.416]      // while-condition  =>  TRUE
[15:52:31.416]      // while "1"  (timeout="200")
[15:52:31.416]      // while-condition  =>  TRUE
[15:52:31.416]      // while "1"  (timeout="200")
[15:52:31.416]      // while-condition  =>  TRUE
[15:52:31.416]      // while "1"  (timeout="200")
[15:52:31.416]      // while-condition  =>  TRUE
[15:52:31.416]      // while "1"  (timeout="200")
[15:52:31.416]      // while-condition  =>  TRUE
[15:52:31.416]      // while "1"  (timeout="200")
[15:52:31.416]      // while-condition  =>  TRUE
[15:52:31.416]      // while "1"  (timeout="200")
[15:52:31.416]      // while-condition  =>  TRUE
[15:52:31.416]      // while "1"  (timeout="200")
[15:52:31.416]      // while-condition  =>  TRUE
[15:52:31.416]      // while "1"  (timeout="200")
[15:52:31.416]      // while-condition  =>  TRUE
[15:52:31.416]      // while "1"  (timeout="200")
[15:52:31.416]      // while-condition  =>  TRUE
[15:52:31.416]      // while "1"  (timeout="200")
[15:52:31.416]      // while-condition  =>  TRUE
[15:52:31.416]      // while "1"  (timeout="200")
[15:52:31.416]      // while-condition  =>  TRUE
[15:52:31.416]      // while "1"  (timeout="200")
[15:52:31.416]      // while-condition  =>  TRUE
[15:52:31.416]      // while "1"  (timeout="200")
[15:52:31.416]      // while-condition  =>  TRUE
[15:52:31.416]      // while "1"  (timeout="200")
[15:52:31.416]      // while-condition  =>  TRUE
[15:52:31.416]      // while "1"  (timeout="200")
[15:52:31.416]      // while-condition  =>  TRUE
[15:52:31.416]      // while "1"  (timeout="200")
[15:52:31.416]      // while-condition  =>  TRUE
[15:52:31.416]      // while "1"  (timeout="200")
[15:52:31.416]      // while-condition  =>  TRUE
[15:52:31.416]      // while "1"  (timeout="200")
[15:52:31.416]      // while-condition  =>  TRUE
[15:52:31.416]      // while "1"  (timeout="200")
[15:52:31.416]      // while-condition  =>  TRUE
[15:52:31.423]      // while "1"  (timeout="200")
[15:52:31.423]      // while-condition  =>  TRUE
[15:52:31.423]      // while "1"  (timeout="200")
[15:52:31.423]      // while-condition  =>  TRUE
[15:52:31.423]      // while "1"  (timeout="200")
[15:52:31.423]      // while-condition  =>  TRUE
[15:52:31.423]      // while "1"  (timeout="200")
[15:52:31.423]      // while-condition  =>  TRUE
[15:52:31.423]      // while "1"  (timeout="200")
[15:52:31.423]      // while-condition  =>  TRUE
[15:52:31.423]      // while "1"  (timeout="200")
[15:52:31.423]      // while-condition  =>  TRUE
[15:52:31.423]      // while "1"  (timeout="200")
[15:52:31.423]      // while-condition  =>  TRUE
[15:52:31.423]      // while "1"  (timeout="200")
[15:52:31.423]      // while-condition  =>  TRUE
[15:52:31.423]      // while "1"  (timeout="200")
[15:52:31.423]      // while-condition  =>  TRUE
[15:52:31.423]      // while "1"  (timeout="200")
[15:52:31.423]      // while-condition  =>  TRUE
[15:52:31.423]      // while "1"  (timeout="200")
[15:52:31.423]      // while-condition  =>  TRUE
[15:52:31.424]      // while "1"  (timeout="200")
[15:52:31.424]      // while-condition  =>  TRUE
[15:52:31.424]      // while "1"  (timeout="200")
[15:52:31.424]      // while-condition  =>  TRUE
[15:52:31.424]      // while "1"  (timeout="200")
[15:52:31.424]      // while-condition  =>  TRUE
[15:52:31.424]      // while "1"  (timeout="200")
[15:52:31.424]      // while-condition  =>  TRUE
[15:52:31.424]      // while "1"  (timeout="200")
[15:52:31.424]      // while-condition  =>  TRUE
[15:52:31.424]      // while "1"  (timeout="200")
[15:52:31.424]      // while-condition  =>  TRUE
[15:52:31.424]      // while "1"  (timeout="200")
[15:52:31.424]      // while-condition  =>  TRUE
[15:52:31.424]      // while "1"  (timeout="200")
[15:52:31.424]      // while-condition  =>  TRUE
[15:52:31.424]      // while "1"  (timeout="200")
[15:52:31.424]      // while-condition  =>  TRUE
[15:52:31.424]      // while "1"  (timeout="200")
[15:52:31.424]      // while-condition  =>  TRUE
[15:52:31.424]      // while "1"  (timeout="200")
[15:52:31.424]      // while-condition  =>  TRUE
[15:52:31.425]      // while "1"  (timeout="200")
[15:52:31.425]      // while-condition  =>  TRUE
[15:52:31.425]      // while "1"  (timeout="200")
[15:52:31.425]      // while-condition  =>  TRUE
[15:52:31.425]      // while "1"  (timeout="200")
[15:52:31.425]      // while-condition  =>  TRUE
[15:52:31.425]      // while "1"  (timeout="200")
[15:52:31.425]      // while-condition  =>  TRUE
[15:52:31.425]      // while "1"  (timeout="200")
[15:52:31.425]      // while-condition  =>  TRUE
[15:52:31.425]      // while "1"  (timeout="200")
[15:52:31.425]      // while-condition  =>  TRUE
[15:52:31.425]      // while "1"  (timeout="200")
[15:52:31.425]      // while-condition  =>  TRUE
[15:52:31.425]      // while "1"  (timeout="200")
[15:52:31.425]      // while-condition  =>  TRUE
[15:52:31.425]      // while "1"  (timeout="200")
[15:52:31.425]      // while-condition  =>  TRUE
[15:52:31.425]      // while "1"  (timeout="200")
[15:52:31.425]      // while-condition  =>  TRUE
[15:52:31.425]      // while "1"  (timeout="200")
[15:52:31.425]      // while-condition  =>  TRUE
[15:52:31.426]      // while "1"  (timeout="200")
[15:52:31.426]      // while  =>  TIMEOUT
[15:52:31.426]      // end while "1"
[15:52:31.426]    </control>
[15:52:31.426]    <control if="canReadPins" while="" timeout="0" info="">
[15:52:31.426]      // if-block "canReadPins"
[15:52:31.426]        // =>  TRUE
[15:52:31.426]      <control if="" while="(DAP_SWJ_Pins(nReset, nReset, 0) & nReset) == 0" timeout="1000000" info="">
[15:52:31.426]        // while "(DAP_SWJ_Pins(nReset, nReset, 0) & nReset) == 0"  (timeout="1000000")
[15:52:31.427]          // -> [DAP_SWJ_Pins(0x80, 0x80, 0) => 0x8F]   (Out: nRESET=1  =>  In: SWCLK/TCK=1, SWDIO/TMS=1, TDI=1, TDO=1, nTRST=0, nRESET=1)
[15:52:31.427]        // while-condition  =>  FALSE
[15:52:31.427]        // end while "(DAP_SWJ_Pins(nReset, nReset, 0) & nReset) == 0"
[15:52:31.428]      </control>
[15:52:31.428]      // end if-block "canReadPins"
[15:52:31.428]    </control>
[15:52:31.428]    <control if="!canReadPins" while="" timeout="0" info="">
[15:52:31.428]      // if-block "!canReadPins"
[15:52:31.428]        // =>  FALSE
[15:52:31.428]      // skip if-block "!canReadPins"
[15:52:31.428]    </control>
[15:52:31.428]    <control if="(ACCESS_POINT_VAL & 0x00E00000) == 0" while="" timeout="0" info="">
[15:52:31.428]      // if-block "(ACCESS_POINT_VAL & 0x00E00000) == 0"
[15:52:31.428]        // =>  TRUE
[15:52:31.428]      <block atomic="false" info="">
[15:52:31.428]        WriteAP(0x00, 0x190008);
[15:52:31.430]          // -> [WriteAP(0x00000000, 0x00190008)]   (__dp=0x00000000, __ap=0x00000004)
[15:52:31.430]        WriteAP(0xF0, 0x01);
[15:52:31.434]          // -> [WriteAP(0x000000F0, 0x00000001)]   (__dp=0x00000000, __ap=0x00000004)
[15:52:31.434]      </block>
[15:52:31.434]      // end if-block "(ACCESS_POINT_VAL & 0x00E00000) == 0"
[15:52:31.434]    </control>
[15:52:31.434]    <control if="(ACCESS_POINT_VAL & 0x00E00000) != 0" while="" timeout="0" info="">
[15:52:31.434]      // if-block "(ACCESS_POINT_VAL & 0x00E00000) != 0"
[15:52:31.435]        // =>  FALSE
[15:52:31.435]      // skip if-block "(ACCESS_POINT_VAL & 0x00E00000) != 0"
[15:52:31.435]    </control>
[15:52:31.435]    <block atomic="false" info="">
[15:52:31.435]      ACCESS_POINT_VAL = ReadAP(0x00);//Reading current state of access point
[15:52:31.438]        // -> [ReadAP(0x00000000) => 0x0079002F]   (__dp=0x00000000, __ap=0x00000004)
[15:52:31.438]        // -> [ACCESS_POINT_VAL <= 0x0079002F]
[15:52:31.438]      Message(0, "Current state of access point is: %x",ACCESS_POINT_VAL);
[15:52:31.440]      __ap = 0; //lets make sure we reset the access point selection
[15:52:31.440]        // -> [__ap <= 0x00000000]
[15:52:31.440]    </block>
[15:52:31.441]  </sequence>
[15:52:31.441]  
[15:52:31.463]  **********  Sequence "DebugDeviceUnlock"  (Context="Connect", Pname="", info="")
[15:52:31.463]  
[15:52:31.463]  <debugvars>
[15:52:31.464]    // Pre-defined
[15:52:31.464]    __protocol=0x00010002      (Protocol="SWD", SWJ-DP="True")
[15:52:31.464]    __connection=0x00000202    (Connection Type="Flash", Reset Type="System Reset")
[15:52:31.464]    __dp=0x00000000
[15:52:31.464]    __ap=0x00000000
[15:52:31.464]    __traceout=0x00000000      (Trace Disabled)
[15:52:31.464]    __errorcontrol=0x00000000  (Skip Errors="False")
[15:52:31.464]    __FlashAddr=0x00000000
[15:52:31.464]    __FlashLen=0x00000000
[15:52:31.464]    __FlashArg=0x00000000
[15:52:31.465]    __FlashOp=0x00000000
[15:52:31.465]    __Result=0x00000000
[15:52:31.465]  </debugvars>
[15:52:31.465]  
[15:52:31.465]  <sequence name="DebugDeviceUnlock" Pname="" disable="false" info="">
[15:52:31.465]    <block atomic="false" info="">
[15:52:31.465]      __var deviceID = 0;
[15:52:31.465]        // -> [deviceID <= 0x00000000]
[15:52:31.465]      __var version = 0;
[15:52:31.465]        // -> [version <= 0x00000000]
[15:52:31.465]      __var partNum = 0;
[15:52:31.465]        // -> [partNum <= 0x00000000]
[15:52:31.465]      __var manuf = 0;
[15:52:31.465]        // -> [manuf <= 0x00000000]
[15:52:31.465]      __var isMSPM0G1X0X_G3X0X = 0;
[15:52:31.465]        // -> [isMSPM0G1X0X_G3X0X <= 0x00000000]
[15:52:31.465]      __var isProduction = 0;
[15:52:31.466]        // -> [isProduction <= 0x00000000]
[15:52:31.466]      __var continueId = 0;
[15:52:31.466]        // -> [continueId <= 0x00000000]
[15:52:31.466]      deviceID =   Read32(0x41C40004);
[15:52:31.475]        // -> [Read32(0x41C40004) => 0x2BB8802F]   (__dp=0x00000000, __ap=0x00000000)
[15:52:31.475]        // -> [deviceID <= 0x2BB8802F]
[15:52:31.475]      version = deviceID >> 28;
[15:52:31.476]        // -> [version <= 0x00000002]
[15:52:31.476]      partNum = (deviceID & 0x0FFFF000) >> 12;
[15:52:31.476]        // -> [partNum <= 0x0000BB88]
[15:52:31.476]      manuf = (deviceID & 0x00000FFE) >> 1;
[15:52:31.476]        // -> [manuf <= 0x00000017]
[15:52:31.476]      isMSPM0G1X0X_G3X0X = (partNum == 0xBB88) && (manuf == 0x17);
[15:52:31.476]        // -> [isMSPM0G1X0X_G3X0X <= 0x00000001]
[15:52:31.476]      isProduction = (version > 0);
[15:52:31.476]        // -> [isProduction <= 0x00000001]
[15:52:31.476]    </block>
[15:52:31.476]    <control if="!isMSPM0G1X0X_G3X0X" while="" timeout="0" info="">
[15:52:31.476]      // if-block "!isMSPM0G1X0X_G3X0X"
[15:52:31.476]        // =>  FALSE
[15:52:31.476]      // skip if-block "!isMSPM0G1X0X_G3X0X"
[15:52:31.476]    </control>
[15:52:31.476]    <control if="continueId == 4" while="" timeout="0" info="">
[15:52:31.476]      // if-block "continueId == 4"
[15:52:31.476]        // =>  FALSE
[15:52:31.476]      // skip if-block "continueId == 4"
[15:52:31.476]    </control>
[15:52:31.476]    <control if="!isProduction" while="" timeout="0" info="">
[15:52:31.476]      // if-block "!isProduction"
[15:52:31.477]        // =>  FALSE
[15:52:31.477]      // skip if-block "!isProduction"
[15:52:31.477]    </control>
[15:52:31.477]  </sequence>
[15:52:31.477]  
[16:02:17.855]  **********  Sequence "DebugPortSetup"  (Context="Connect", Pname="", info="")
[16:02:17.855]  
[16:02:17.855]  <debugvars>
[16:02:17.855]    // Pre-defined
[16:02:17.855]    __protocol=0x00010002      (Protocol="SWD", SWJ-DP="True")
[16:02:17.855]    __connection=0x00000202    (Connection Type="Flash", Reset Type="System Reset")
[16:02:17.855]    __dp=0x00000000
[16:02:17.855]    __ap=0x00000000
[16:02:17.855]    __traceout=0x00000000      (Trace Disabled)
[16:02:17.855]    __errorcontrol=0x00000000  (Skip Errors="False")
[16:02:17.855]    __FlashAddr=0x00000000
[16:02:17.855]    __FlashLen=0x00000000
[16:02:17.855]    __FlashArg=0x00000000
[16:02:17.855]    __FlashOp=0x00000000
[16:02:17.855]    __Result=0x00000000
[16:02:17.855]  </debugvars>
[16:02:17.856]  
[16:02:17.856]  <sequence name="DebugPortSetup" Pname="" disable="false" info="">
[16:02:17.856]    <block atomic="false" info="">
[16:02:17.856]      __var isSWJ      = ((__protocol & 0x00010000) != 0);
[16:02:17.856]        // -> [isSWJ <= 0x00000001]
[16:02:17.856]      __var hasDormant = __protocol & 0x00020000;
[16:02:17.856]        // -> [hasDormant <= 0x00000000]
[16:02:17.856]      __var protType   = __protocol & 0x0000FFFF;
[16:02:17.856]        // -> [protType <= 0x00000002]
[16:02:17.856]    </block>
[16:02:17.856]    <control if="protType == 1" while="" timeout="0" info="">
[16:02:17.856]      // if-block "protType == 1"
[16:02:17.856]        // =>  FALSE
[16:02:17.856]      // skip if-block "protType == 1"
[16:02:17.856]    </control>
[16:02:17.856]    <control if="protType == 2" while="" timeout="0" info="">
[16:02:17.856]      // if-block "protType == 2"
[16:02:17.857]        // =>  TRUE
[16:02:17.857]      <control if="isSWJ" while="" timeout="0" info="">
[16:02:17.857]        // if-block "isSWJ"
[16:02:17.857]          // =>  TRUE
[16:02:17.857]        <control if="hasDormant" while="" timeout="0" info="">
[16:02:17.857]          // if-block "hasDormant"
[16:02:17.857]            // =>  FALSE
[16:02:17.857]          // skip if-block "hasDormant"
[16:02:17.857]        </control>
[16:02:17.857]        <control if="!hasDormant" while="" timeout="0" info="">
[16:02:17.857]          // if-block "!hasDormant"
[16:02:17.857]            // =>  TRUE
[16:02:17.857]          <block atomic="false" info="">
[16:02:17.858]            DAP_SWJ_Sequence(51, 0x0007FFFFFFFFFFFF); //lets put the JTAG line in a reset state
[16:02:17.859]              // -> [DAP_SWJ_Sequence(51, 0x0007FFFFFFFFFFFF)]
[16:02:17.859]            DAP_SWJ_Sequence(16,0xE73C); //SWD to JTAG, this is to ensure the state machine is initialized
[16:02:17.861]              // -> [DAP_SWJ_Sequence(16, 0x000000000000E73C)]
[16:02:17.861]            DAP_SWJ_Sequence(51, 0x0007FFFFFFFFFFFF); //Put it back in reset
[16:02:17.863]              // -> [DAP_SWJ_Sequence(51, 0x0007FFFFFFFFFFFF)]
[16:02:17.863]            DAP_SWJ_Sequence(16, 0xE79E); //JTAG to SWD switch
[16:02:17.866]              // -> [DAP_SWJ_Sequence(16, 0x000000000000E79E)]
[16:02:17.866]            DAP_SWJ_Sequence(51, 0x0007FFFFFFFFFFFF);  //Ensure the switch is successful 
[16:02:17.866]              // -> [DAP_SWJ_Sequence(51, 0x0007FFFFFFFFFFFF)]
[16:02:17.866]            DAP_SWJ_Sequence(7,  0x00); //Give the line some time to initialize
[16:02:17.866]              // -> [DAP_SWJ_Sequence(7, 0x0000000000000000)]
[16:02:17.871]          </block>
[16:02:17.871]          // end if-block "!hasDormant"
[16:02:17.871]        </control>
[16:02:17.871]        // end if-block "isSWJ"
[16:02:17.871]      </control>
[16:02:17.871]      <control if="!isSWJ" while="" timeout="0" info="">
[16:02:17.871]        // if-block "!isSWJ"
[16:02:17.871]          // =>  FALSE
[16:02:17.871]        // skip if-block "!isSWJ"
[16:02:17.871]      </control>
[16:02:17.871]      <block atomic="false" info="">
[16:02:17.871]        ReadDP(0x0);
[16:02:17.874]          // -> [ReadDP(0x00000000) => 0x6BA02477]   (__dp=0x00000000)
[16:02:17.874]      </block>
[16:02:17.874]      // end if-block "protType == 2"
[16:02:17.874]    </control>
[16:02:17.874]  </sequence>
[16:02:17.874]  
[16:02:17.878]  **********  Sequence "DebugPortStart"  (Context="Connect", Pname="", info="")
[16:02:17.878]  
[16:02:17.878]  <debugvars>
[16:02:17.878]    // Pre-defined
[16:02:17.878]    __protocol=0x00010002      (Protocol="SWD", SWJ-DP="True")
[16:02:17.878]    __connection=0x00000202    (Connection Type="Flash", Reset Type="System Reset")
[16:02:17.878]    __dp=0x00000000
[16:02:17.878]    __ap=0x00000000
[16:02:17.878]    __traceout=0x00000000      (Trace Disabled)
[16:02:17.878]    __errorcontrol=0x00000000  (Skip Errors="False")
[16:02:17.878]    __FlashAddr=0x00000000
[16:02:17.878]    __FlashLen=0x00000000
[16:02:17.878]    __FlashArg=0x00000000
[16:02:17.878]    __FlashOp=0x00000000
[16:02:17.879]    __Result=0x00000000
[16:02:17.879]  </debugvars>
[16:02:17.879]  
[16:02:17.879]  <sequence name="DebugPortStart" Pname="" disable="false" info="">
[16:02:17.879]    <block atomic="false" info="">
[16:02:17.879]      __var SW_DP_ABORT       = 0x0;
[16:02:17.879]        // -> [SW_DP_ABORT <= 0x00000000]
[16:02:17.879]      __var DP_CTRL_STAT      = 0x4;
[16:02:17.880]        // -> [DP_CTRL_STAT <= 0x00000004]
[16:02:17.880]      __var DP_SELECT         = 0x8;
[16:02:17.880]        // -> [DP_SELECT <= 0x00000008]
[16:02:17.880]      __var powered_down      = 0;
[16:02:17.880]        // -> [powered_down <= 0x00000000]
[16:02:17.880]      WriteDP(DP_SELECT, 0x00000000);
[16:02:17.882]        // -> [WriteDP(0x00000008, 0x00000000)]   (__dp=0x00000000)
[16:02:17.882]      powered_down = ((ReadDP(DP_CTRL_STAT) & 0xA0000000) != 0xA0000000);
[16:02:17.884]        // -> [ReadDP(0x00000004) => 0x00000040]   (__dp=0x00000000)
[16:02:17.884]        // -> [powered_down <= 0x00000001]
[16:02:17.884]    </block>
[16:02:17.884]    <control if="powered_down" while="" timeout="0" info="">
[16:02:17.884]      // if-block "powered_down"
[16:02:17.884]        // =>  TRUE
[16:02:17.884]      <block atomic="false" info="">
[16:02:17.884]        Message(0, "Debug/System power-up request sent");
[16:02:17.886]        WriteDP(DP_CTRL_STAT, 0x50000000);
[16:02:17.888]          // -> [WriteDP(0x00000004, 0x50000000)]   (__dp=0x00000000)
[16:02:17.889]      </block>
[16:02:17.889]      <control if="" while="(ReadDP(DP_CTRL_STAT) & 0xA0000000) != 0xA0000000" timeout="1000000" info="">
[16:02:17.889]        // while "(ReadDP(DP_CTRL_STAT) & 0xA0000000) != 0xA0000000"  (timeout="1000000")
[16:02:17.890]          // -> [ReadDP(0x00000004) => 0xF0000040]   (__dp=0x00000000)
[16:02:17.890]        // while-condition  =>  FALSE
[16:02:17.891]        // end while "(ReadDP(DP_CTRL_STAT) & 0xA0000000) != 0xA0000000"
[16:02:17.891]      </control>
[16:02:17.891]      <control if="(__protocol & 0xFFFF) == 1" while="" timeout="0" info="">
[16:02:17.891]        // if-block "(__protocol & 0xFFFF) == 1"
[16:02:17.891]          // =>  FALSE
[16:02:17.891]        // skip if-block "(__protocol & 0xFFFF) == 1"
[16:02:17.891]      </control>
[16:02:17.891]      <control if="(__protocol & 0xFFFF) == 2" while="" timeout="0" info="">
[16:02:17.891]        // if-block "(__protocol & 0xFFFF) == 2"
[16:02:17.891]          // =>  TRUE
[16:02:17.891]        <block atomic="false" info="">
[16:02:17.891]          Message(0, "executing SWD power up");
[16:02:17.893]          WriteDP(DP_CTRL_STAT, 0x50000F00);
[16:02:17.896]            // -> [WriteDP(0x00000004, 0x50000F00)]   (__dp=0x00000000)
[16:02:17.896]          WriteDP(SW_DP_ABORT, 0x0000001E);
[16:02:17.897]            // -> [WriteDP(0x00000000, 0x0000001E)]   (__dp=0x00000000)
[16:02:17.897]        </block>
[16:02:17.897]        // end if-block "(__protocol & 0xFFFF) == 2"
[16:02:17.897]      </control>
[16:02:17.897]      // end if-block "powered_down"
[16:02:17.897]    </control>
[16:02:17.897]    <block atomic="false" info="">
[16:02:17.897]      __var DEBUG_PORT_VAL    = 0;
[16:02:17.897]        // -> [DEBUG_PORT_VAL <= 0x00000000]
[16:02:17.897]      __var ACCESS_POINT_VAL  = 0;
[16:02:17.897]        // -> [ACCESS_POINT_VAL <= 0x00000000]
[16:02:17.897]      __ap = 1; 
[16:02:17.897]        // -> [__ap <= 0x00000001]
[16:02:17.897]      WriteAP(0x0C, 0x04); //lets use the mini pwr-ap as backup
[16:02:17.897]        // -> [WriteAP(0x0000000C, 0x00000004)]   (__dp=0x00000000, __ap=0x00000001)
[16:02:17.897]      __ap = 4;
[16:02:17.897]        // -> [__ap <= 0x00000004]
[16:02:17.897]      ACCESS_POINT_VAL = ReadAP(0x00);//Reading current state of access point
[16:02:17.907]        // -> [ReadAP(0x00000000) => 0x00080027]   (__dp=0x00000000, __ap=0x00000004)
[16:02:17.907]        // -> [ACCESS_POINT_VAL <= 0x00080027]
[16:02:17.907]      Message(0, "Current state of access point is: %x",ACCESS_POINT_VAL);
[16:02:17.908]    </block>
[16:02:17.908]    <block atomic="false" info="">
[16:02:17.908]      __var nReset = 0x80;
[16:02:17.908]        // -> [nReset <= 0x00000080]
[16:02:17.908]      __var canReadPins = 0;
[16:02:17.908]        // -> [canReadPins <= 0x00000000]
[16:02:17.908]      canReadPins = (DAP_SWJ_Pins(0x00, nReset, 0) != 0xFFFFFFFF);
[16:02:17.911]        // -> [DAP_SWJ_Pins(0x00, 0x80, 0) => 0x0F]   (Out: nRESET=0  =>  In: SWCLK/TCK=1, SWDIO/TMS=1, TDI=1, TDO=1, nTRST=0, nRESET=0)
[16:02:17.911]        // -> [canReadPins <= 0x00000001]
[16:02:17.911]    </block>
[16:02:17.911]    <control if="" while="1" timeout="200" info="">
[16:02:17.911]      // while "1"  (timeout="200")
[16:02:17.911]      // while-condition  =>  TRUE
[16:02:17.911]      // while "1"  (timeout="200")
[16:02:17.911]      // while-condition  =>  TRUE
[16:02:17.911]      // while "1"  (timeout="200")
[16:02:17.911]      // while-condition  =>  TRUE
[16:02:17.911]      // while "1"  (timeout="200")
[16:02:17.911]      // while-condition  =>  TRUE
[16:02:17.911]      // while "1"  (timeout="200")
[16:02:17.911]      // while-condition  =>  TRUE
[16:02:17.911]      // while "1"  (timeout="200")
[16:02:17.912]      // while-condition  =>  TRUE
[16:02:17.912]      // while "1"  (timeout="200")
[16:02:17.912]      // while-condition  =>  TRUE
[16:02:17.912]      // while "1"  (timeout="200")
[16:02:17.912]      // while-condition  =>  TRUE
[16:02:17.912]      // while "1"  (timeout="200")
[16:02:17.912]      // while-condition  =>  TRUE
[16:02:17.912]      // while "1"  (timeout="200")
[16:02:17.912]      // while-condition  =>  TRUE
[16:02:17.912]      // while "1"  (timeout="200")
[16:02:17.912]      // while-condition  =>  TRUE
[16:02:17.912]      // while "1"  (timeout="200")
[16:02:17.912]      // while-condition  =>  TRUE
[16:02:17.912]      // while "1"  (timeout="200")
[16:02:17.912]      // while-condition  =>  TRUE
[16:02:17.913]      // while "1"  (timeout="200")
[16:02:17.913]      // while-condition  =>  TRUE
[16:02:17.913]      // while "1"  (timeout="200")
[16:02:17.913]      // while-condition  =>  TRUE
[16:02:17.913]      // while "1"  (timeout="200")
[16:02:17.913]      // while-condition  =>  TRUE
[16:02:17.913]      // while "1"  (timeout="200")
[16:02:17.913]      // while-condition  =>  TRUE
[16:02:17.913]      // while "1"  (timeout="200")
[16:02:17.913]      // while-condition  =>  TRUE
[16:02:17.913]      // while "1"  (timeout="200")
[16:02:17.913]      // while-condition  =>  TRUE
[16:02:17.913]      // while "1"  (timeout="200")
[16:02:17.914]      // while-condition  =>  TRUE
[16:02:17.914]      // while "1"  (timeout="200")
[16:02:17.914]      // while-condition  =>  TRUE
[16:02:17.914]      // while "1"  (timeout="200")
[16:02:17.914]      // while-condition  =>  TRUE
[16:02:17.914]      // while "1"  (timeout="200")
[16:02:17.914]      // while-condition  =>  TRUE
[16:02:17.914]      // while "1"  (timeout="200")
[16:02:17.914]      // while-condition  =>  TRUE
[16:02:17.914]      // while "1"  (timeout="200")
[16:02:17.914]      // while-condition  =>  TRUE
[16:02:17.914]      // while "1"  (timeout="200")
[16:02:17.914]      // while-condition  =>  TRUE
[16:02:17.914]      // while "1"  (timeout="200")
[16:02:17.914]      // while-condition  =>  TRUE
[16:02:17.914]      // while "1"  (timeout="200")
[16:02:17.914]      // while-condition  =>  TRUE
[16:02:17.915]      // while "1"  (timeout="200")
[16:02:17.915]      // while-condition  =>  TRUE
[16:02:17.915]      // while "1"  (timeout="200")
[16:02:17.915]      // while-condition  =>  TRUE
[16:02:17.915]      // while "1"  (timeout="200")
[16:02:17.915]      // while-condition  =>  TRUE
[16:02:17.915]      // while "1"  (timeout="200")
[16:02:17.915]      // while-condition  =>  TRUE
[16:02:17.915]      // while "1"  (timeout="200")
[16:02:17.915]      // while-condition  =>  TRUE
[16:02:17.915]      // while "1"  (timeout="200")
[16:02:17.915]      // while-condition  =>  TRUE
[16:02:17.915]      // while "1"  (timeout="200")
[16:02:17.915]      // while-condition  =>  TRUE
[16:02:17.915]      // while "1"  (timeout="200")
[16:02:17.915]      // while-condition  =>  TRUE
[16:02:17.915]      // while "1"  (timeout="200")
[16:02:17.916]      // while-condition  =>  TRUE
[16:02:17.916]      // while "1"  (timeout="200")
[16:02:17.916]      // while-condition  =>  TRUE
[16:02:17.916]      // while "1"  (timeout="200")
[16:02:17.916]      // while-condition  =>  TRUE
[16:02:17.916]      // while "1"  (timeout="200")
[16:02:17.916]      // while-condition  =>  TRUE
[16:02:17.916]      // while "1"  (timeout="200")
[16:02:17.916]      // while-condition  =>  TRUE
[16:02:17.917]      // while "1"  (timeout="200")
[16:02:17.917]      // while-condition  =>  TRUE
[16:02:17.917]      // while "1"  (timeout="200")
[16:02:17.917]      // while-condition  =>  TRUE
[16:02:17.917]      // while "1"  (timeout="200")
[16:02:17.917]      // while-condition  =>  TRUE
[16:02:17.917]      // while "1"  (timeout="200")
[16:02:17.917]      // while-condition  =>  TRUE
[16:02:17.917]      // while "1"  (timeout="200")
[16:02:17.917]      // while-condition  =>  TRUE
[16:02:17.917]      // while "1"  (timeout="200")
[16:02:17.917]      // while-condition  =>  TRUE
[16:02:17.917]      // while "1"  (timeout="200")
[16:02:17.917]      // while-condition  =>  TRUE
[16:02:17.917]      // while "1"  (timeout="200")
[16:02:17.917]      // while-condition  =>  TRUE
[16:02:17.917]      // while "1"  (timeout="200")
[16:02:17.917]      // while-condition  =>  TRUE
[16:02:17.917]      // while "1"  (timeout="200")
[16:02:17.918]      // while-condition  =>  TRUE
[16:02:17.918]      // while "1"  (timeout="200")
[16:02:17.918]      // while-condition  =>  TRUE
[16:02:17.918]      // while "1"  (timeout="200")
[16:02:17.918]      // while-condition  =>  TRUE
[16:02:17.918]      // while "1"  (timeout="200")
[16:02:17.918]      // while-condition  =>  TRUE
[16:02:17.918]      // while "1"  (timeout="200")
[16:02:17.918]      // while-condition  =>  TRUE
[16:02:17.918]      // while "1"  (timeout="200")
[16:02:17.918]      // while-condition  =>  TRUE
[16:02:17.918]      // while "1"  (timeout="200")
[16:02:17.918]      // while-condition  =>  TRUE
[16:02:17.918]      // while "1"  (timeout="200")
[16:02:17.919]      // while-condition  =>  TRUE
[16:02:17.919]      // while "1"  (timeout="200")
[16:02:17.919]      // while-condition  =>  TRUE
[16:02:17.919]      // while "1"  (timeout="200")
[16:02:17.919]      // while-condition  =>  TRUE
[16:02:17.919]      // while "1"  (timeout="200")
[16:02:17.919]      // while-condition  =>  TRUE
[16:02:17.919]      // while "1"  (timeout="200")
[16:02:17.919]      // while-condition  =>  TRUE
[16:02:17.919]      // while "1"  (timeout="200")
[16:02:17.919]      // while-condition  =>  TRUE
[16:02:17.919]      // while "1"  (timeout="200")
[16:02:17.919]      // while-condition  =>  TRUE
[16:02:17.919]      // while "1"  (timeout="200")
[16:02:17.919]      // while-condition  =>  TRUE
[16:02:17.919]      // while "1"  (timeout="200")
[16:02:17.919]      // while-condition  =>  TRUE
[16:02:17.919]      // while "1"  (timeout="200")
[16:02:17.919]      // while-condition  =>  TRUE
[16:02:17.920]      // while "1"  (timeout="200")
[16:02:17.920]      // while-condition  =>  TRUE
[16:02:17.920]      // while "1"  (timeout="200")
[16:02:17.920]      // while-condition  =>  TRUE
[16:02:17.920]      // while "1"  (timeout="200")
[16:02:17.920]      // while-condition  =>  TRUE
[16:02:17.920]      // while "1"  (timeout="200")
[16:02:17.920]      // while-condition  =>  TRUE
[16:02:17.920]      // while "1"  (timeout="200")
[16:02:17.920]      // while-condition  =>  TRUE
[16:02:17.920]      // while "1"  (timeout="200")
[16:02:17.920]      // while-condition  =>  TRUE
[16:02:17.920]      // while "1"  (timeout="200")
[16:02:17.920]      // while-condition  =>  TRUE
[16:02:17.920]      // while "1"  (timeout="200")
[16:02:17.920]      // while-condition  =>  TRUE
[16:02:17.920]      // while "1"  (timeout="200")
[16:02:17.920]      // while-condition  =>  TRUE
[16:02:17.921]      // while "1"  (timeout="200")
[16:02:17.921]      // while-condition  =>  TRUE
[16:02:17.921]      // while "1"  (timeout="200")
[16:02:17.921]      // while-condition  =>  TRUE
[16:02:17.921]      // while "1"  (timeout="200")
[16:02:17.921]      // while-condition  =>  TRUE
[16:02:17.921]      // while "1"  (timeout="200")
[16:02:17.921]      // while-condition  =>  TRUE
[16:02:17.921]      // while "1"  (timeout="200")
[16:02:17.921]      // while-condition  =>  TRUE
[16:02:17.921]      // while "1"  (timeout="200")
[16:02:17.921]      // while-condition  =>  TRUE
[16:02:17.921]      // while "1"  (timeout="200")
[16:02:17.922]      // while-condition  =>  TRUE
[16:02:17.922]      // while "1"  (timeout="200")
[16:02:17.922]      // while-condition  =>  TRUE
[16:02:17.922]      // while "1"  (timeout="200")
[16:02:17.922]      // while-condition  =>  TRUE
[16:02:17.922]      // while "1"  (timeout="200")
[16:02:17.922]      // while-condition  =>  TRUE
[16:02:17.922]      // while "1"  (timeout="200")
[16:02:17.922]      // while-condition  =>  TRUE
[16:02:17.922]      // while "1"  (timeout="200")
[16:02:17.922]      // while-condition  =>  TRUE
[16:02:17.922]      // while "1"  (timeout="200")
[16:02:17.922]      // while-condition  =>  TRUE
[16:02:17.922]      // while "1"  (timeout="200")
[16:02:17.922]      // while-condition  =>  TRUE
[16:02:17.922]      // while "1"  (timeout="200")
[16:02:17.922]      // while-condition  =>  TRUE
[16:02:17.923]      // while "1"  (timeout="200")
[16:02:17.923]      // while-condition  =>  TRUE
[16:02:17.923]      // while "1"  (timeout="200")
[16:02:17.923]      // while-condition  =>  TRUE
[16:02:17.923]      // while "1"  (timeout="200")
[16:02:17.923]      // while-condition  =>  TRUE
[16:02:17.923]      // while "1"  (timeout="200")
[16:02:17.923]      // while-condition  =>  TRUE
[16:02:17.923]      // while "1"  (timeout="200")
[16:02:17.923]      // while-condition  =>  TRUE
[16:02:17.923]      // while "1"  (timeout="200")
[16:02:17.923]      // while-condition  =>  TRUE
[16:02:17.923]      // while "1"  (timeout="200")
[16:02:17.923]      // while-condition  =>  TRUE
[16:02:17.923]      // while "1"  (timeout="200")
[16:02:17.923]      // while-condition  =>  TRUE
[16:02:17.923]      // while "1"  (timeout="200")
[16:02:17.923]      // while-condition  =>  TRUE
[16:02:17.924]      // while "1"  (timeout="200")
[16:02:17.924]      // while-condition  =>  TRUE
[16:02:17.924]      // while "1"  (timeout="200")
[16:02:17.924]      // while-condition  =>  TRUE
[16:02:17.924]      // while "1"  (timeout="200")
[16:02:17.924]      // while-condition  =>  TRUE
[16:02:17.924]      // while "1"  (timeout="200")
[16:02:17.924]      // while-condition  =>  TRUE
[16:02:17.924]      // while "1"  (timeout="200")
[16:02:17.924]      // while-condition  =>  TRUE
[16:02:17.924]      // while "1"  (timeout="200")
[16:02:17.924]      // while-condition  =>  TRUE
[16:02:17.924]      // while "1"  (timeout="200")
[16:02:17.924]      // while-condition  =>  TRUE
[16:02:17.924]      // while "1"  (timeout="200")
[16:02:17.924]      // while-condition  =>  TRUE
[16:02:17.924]      // while "1"  (timeout="200")
[16:02:17.924]      // while-condition  =>  TRUE
[16:02:17.925]      // while "1"  (timeout="200")
[16:02:17.925]      // while-condition  =>  TRUE
[16:02:17.925]      // while "1"  (timeout="200")
[16:02:17.925]      // while-condition  =>  TRUE
[16:02:17.925]      // while "1"  (timeout="200")
[16:02:17.925]      // while-condition  =>  TRUE
[16:02:17.925]      // while "1"  (timeout="200")
[16:02:17.925]      // while-condition  =>  TRUE
[16:02:17.925]      // while "1"  (timeout="200")
[16:02:17.925]      // while-condition  =>  TRUE
[16:02:17.925]      // while "1"  (timeout="200")
[16:02:17.925]      // while-condition  =>  TRUE
[16:02:17.925]      // while "1"  (timeout="200")
[16:02:17.925]      // while-condition  =>  TRUE
[16:02:17.925]      // while "1"  (timeout="200")
[16:02:17.925]      // while-condition  =>  TRUE
[16:02:17.925]      // while "1"  (timeout="200")
[16:02:17.925]      // while-condition  =>  TRUE
[16:02:17.925]      // while "1"  (timeout="200")
[16:02:17.925]      // while-condition  =>  TRUE
[16:02:17.925]      // while "1"  (timeout="200")
[16:02:17.925]      // while-condition  =>  TRUE
[16:02:17.925]      // while "1"  (timeout="200")
[16:02:17.925]      // while-condition  =>  TRUE
[16:02:17.925]      // while "1"  (timeout="200")
[16:02:17.925]      // while-condition  =>  TRUE
[16:02:17.925]      // while "1"  (timeout="200")
[16:02:17.925]      // while-condition  =>  TRUE
[16:02:17.926]      // while "1"  (timeout="200")
[16:02:17.926]      // while  =>  TIMEOUT
[16:02:17.926]      // end while "1"
[16:02:17.926]    </control>
[16:02:17.926]    <control if="canReadPins" while="" timeout="0" info="">
[16:02:17.926]      // if-block "canReadPins"
[16:02:17.926]        // =>  TRUE
[16:02:17.926]      <control if="" while="(DAP_SWJ_Pins(nReset, nReset, 0) & nReset) == 0" timeout="1000000" info="">
[16:02:17.926]        // while "(DAP_SWJ_Pins(nReset, nReset, 0) & nReset) == 0"  (timeout="1000000")
[16:02:17.928]          // -> [DAP_SWJ_Pins(0x80, 0x80, 0) => 0x8F]   (Out: nRESET=1  =>  In: SWCLK/TCK=1, SWDIO/TMS=1, TDI=1, TDO=1, nTRST=0, nRESET=1)
[16:02:17.928]        // while-condition  =>  FALSE
[16:02:17.928]        // end while "(DAP_SWJ_Pins(nReset, nReset, 0) & nReset) == 0"
[16:02:17.928]      </control>
[16:02:17.928]      // end if-block "canReadPins"
[16:02:17.928]    </control>
[16:02:17.928]    <control if="!canReadPins" while="" timeout="0" info="">
[16:02:17.928]      // if-block "!canReadPins"
[16:02:17.928]        // =>  FALSE
[16:02:17.928]      // skip if-block "!canReadPins"
[16:02:17.928]    </control>
[16:02:17.928]    <control if="(ACCESS_POINT_VAL & 0x00E00000) == 0" while="" timeout="0" info="">
[16:02:17.928]      // if-block "(ACCESS_POINT_VAL & 0x00E00000) == 0"
[16:02:17.928]        // =>  TRUE
[16:02:17.928]      <block atomic="false" info="">
[16:02:17.928]        WriteAP(0x00, 0x190008);
[16:02:17.930]          // -> [WriteAP(0x00000000, 0x00190008)]   (__dp=0x00000000, __ap=0x00000004)
[16:02:17.930]        WriteAP(0xF0, 0x01);
[16:02:17.930]          // -> [WriteAP(0x000000F0, 0x00000001)]   (__dp=0x00000000, __ap=0x00000004)
[16:02:17.930]      </block>
[16:02:17.930]      // end if-block "(ACCESS_POINT_VAL & 0x00E00000) == 0"
[16:02:17.930]    </control>
[16:02:17.930]    <control if="(ACCESS_POINT_VAL & 0x00E00000) != 0" while="" timeout="0" info="">
[16:02:17.930]      // if-block "(ACCESS_POINT_VAL & 0x00E00000) != 0"
[16:02:17.930]        // =>  FALSE
[16:02:17.930]      // skip if-block "(ACCESS_POINT_VAL & 0x00E00000) != 0"
[16:02:17.930]    </control>
[16:02:17.930]    <block atomic="false" info="">
[16:02:17.936]      ACCESS_POINT_VAL = ReadAP(0x00);//Reading current state of access point
[16:02:17.940]        // -> [ReadAP(0x00000000) => 0x0079002F]   (__dp=0x00000000, __ap=0x00000004)
[16:02:17.940]        // -> [ACCESS_POINT_VAL <= 0x0079002F]
[16:02:17.940]      Message(0, "Current state of access point is: %x",ACCESS_POINT_VAL);
[16:02:17.941]      __ap = 0; //lets make sure we reset the access point selection
[16:02:17.942]        // -> [__ap <= 0x00000000]
[16:02:17.942]    </block>
[16:02:17.942]  </sequence>
[16:02:17.942]  
[16:02:17.963]  **********  Sequence "DebugDeviceUnlock"  (Context="Connect", Pname="", info="")
[16:02:17.963]  
[16:02:17.963]  <debugvars>
[16:02:17.963]    // Pre-defined
[16:02:17.964]    __protocol=0x00010002      (Protocol="SWD", SWJ-DP="True")
[16:02:17.964]    __connection=0x00000202    (Connection Type="Flash", Reset Type="System Reset")
[16:02:17.964]    __dp=0x00000000
[16:02:17.964]    __ap=0x00000000
[16:02:17.964]    __traceout=0x00000000      (Trace Disabled)
[16:02:17.964]    __errorcontrol=0x00000000  (Skip Errors="False")
[16:02:17.964]    __FlashAddr=0x00000000
[16:02:17.964]    __FlashLen=0x00000000
[16:02:17.964]    __FlashArg=0x00000000
[16:02:17.964]    __FlashOp=0x00000000
[16:02:17.964]    __Result=0x00000000
[16:02:17.964]  </debugvars>
[16:02:17.964]  
[16:02:17.964]  <sequence name="DebugDeviceUnlock" Pname="" disable="false" info="">
[16:02:17.964]    <block atomic="false" info="">
[16:02:17.964]      __var deviceID = 0;
[16:02:17.964]        // -> [deviceID <= 0x00000000]
[16:02:17.964]      __var version = 0;
[16:02:17.964]        // -> [version <= 0x00000000]
[16:02:17.964]      __var partNum = 0;
[16:02:17.964]        // -> [partNum <= 0x00000000]
[16:02:17.964]      __var manuf = 0;
[16:02:17.964]        // -> [manuf <= 0x00000000]
[16:02:17.964]      __var isMSPM0G1X0X_G3X0X = 0;
[16:02:17.964]        // -> [isMSPM0G1X0X_G3X0X <= 0x00000000]
[16:02:17.964]      __var isProduction = 0;
[16:02:17.964]        // -> [isProduction <= 0x00000000]
[16:02:17.964]      __var continueId = 0;
[16:02:17.966]        // -> [continueId <= 0x00000000]
[16:02:17.966]      deviceID =   Read32(0x41C40004);
[16:02:17.971]        // -> [Read32(0x41C40004) => 0x2BB8802F]   (__dp=0x00000000, __ap=0x00000000)
[16:02:17.971]        // -> [deviceID <= 0x2BB8802F]
[16:02:17.971]      version = deviceID >> 28;
[16:02:17.971]        // -> [version <= 0x00000002]
[16:02:17.971]      partNum = (deviceID & 0x0FFFF000) >> 12;
[16:02:17.971]        // -> [partNum <= 0x0000BB88]
[16:02:17.971]      manuf = (deviceID & 0x00000FFE) >> 1;
[16:02:17.971]        // -> [manuf <= 0x00000017]
[16:02:17.971]      isMSPM0G1X0X_G3X0X = (partNum == 0xBB88) && (manuf == 0x17);
[16:02:17.971]        // -> [isMSPM0G1X0X_G3X0X <= 0x00000001]
[16:02:17.973]      isProduction = (version > 0);
[16:02:17.973]        // -> [isProduction <= 0x00000001]
[16:02:17.973]    </block>
[16:02:17.973]    <control if="!isMSPM0G1X0X_G3X0X" while="" timeout="0" info="">
[16:02:17.973]      // if-block "!isMSPM0G1X0X_G3X0X"
[16:02:17.973]        // =>  FALSE
[16:02:17.973]      // skip if-block "!isMSPM0G1X0X_G3X0X"
[16:02:17.973]    </control>
[16:02:17.973]    <control if="continueId == 4" while="" timeout="0" info="">
[16:02:17.973]      // if-block "continueId == 4"
[16:02:17.973]        // =>  FALSE
[16:02:17.973]      // skip if-block "continueId == 4"
[16:02:17.973]    </control>
[16:02:17.973]    <control if="!isProduction" while="" timeout="0" info="">
[16:02:17.973]      // if-block "!isProduction"
[16:02:17.973]        // =>  FALSE
[16:02:17.973]      // skip if-block "!isProduction"
[16:02:17.974]    </control>
[16:02:17.974]  </sequence>
[16:02:17.974]  
[16:05:43.649]  **********  Sequence "DebugPortSetup"  (Context="Connect", Pname="", info="")
[16:05:43.649]  
[16:05:43.649]  <debugvars>
[16:05:43.649]    // Pre-defined
[16:05:43.649]    __protocol=0x00010002      (Protocol="SWD", SWJ-DP="True")
[16:05:43.649]    __connection=0x00000202    (Connection Type="Flash", Reset Type="System Reset")
[16:05:43.649]    __dp=0x00000000
[16:05:43.649]    __ap=0x00000000
[16:05:43.649]    __traceout=0x00000000      (Trace Disabled)
[16:05:43.649]    __errorcontrol=0x00000000  (Skip Errors="False")
[16:05:43.649]    __FlashAddr=0x00000000
[16:05:43.649]    __FlashLen=0x00000000
[16:05:43.649]    __FlashArg=0x00000000
[16:05:43.649]    __FlashOp=0x00000000
[16:05:43.649]    __Result=0x00000000
[16:05:43.649]  </debugvars>
[16:05:43.649]  
[16:05:43.649]  <sequence name="DebugPortSetup" Pname="" disable="false" info="">
[16:05:43.649]    <block atomic="false" info="">
[16:05:43.649]      __var isSWJ      = ((__protocol & 0x00010000) != 0);
[16:05:43.649]        // -> [isSWJ <= 0x00000001]
[16:05:43.649]      __var hasDormant = __protocol & 0x00020000;
[16:05:43.649]        // -> [hasDormant <= 0x00000000]
[16:05:43.649]      __var protType   = __protocol & 0x0000FFFF;
[16:05:43.649]        // -> [protType <= 0x00000002]
[16:05:43.649]    </block>
[16:05:43.649]    <control if="protType == 1" while="" timeout="0" info="">
[16:05:43.649]      // if-block "protType == 1"
[16:05:43.649]        // =>  FALSE
[16:05:43.649]      // skip if-block "protType == 1"
[16:05:43.649]    </control>
[16:05:43.649]    <control if="protType == 2" while="" timeout="0" info="">
[16:05:43.649]      // if-block "protType == 2"
[16:05:43.649]        // =>  TRUE
[16:05:43.649]      <control if="isSWJ" while="" timeout="0" info="">
[16:05:43.649]        // if-block "isSWJ"
[16:05:43.649]          // =>  TRUE
[16:05:43.649]        <control if="hasDormant" while="" timeout="0" info="">
[16:05:43.649]          // if-block "hasDormant"
[16:05:43.649]            // =>  FALSE
[16:05:43.649]          // skip if-block "hasDormant"
[16:05:43.649]        </control>
[16:05:43.649]        <control if="!hasDormant" while="" timeout="0" info="">
[16:05:43.649]          // if-block "!hasDormant"
[16:05:43.649]            // =>  TRUE
[16:05:43.649]          <block atomic="false" info="">
[16:05:43.649]            DAP_SWJ_Sequence(51, 0x0007FFFFFFFFFFFF); //lets put the JTAG line in a reset state
[16:05:43.649]              // -> [DAP_SWJ_Sequence(51, 0x0007FFFFFFFFFFFF)]
[16:05:43.649]            DAP_SWJ_Sequence(16,0xE73C); //SWD to JTAG, this is to ensure the state machine is initialized
[16:05:43.659]              // -> [DAP_SWJ_Sequence(16, 0x000000000000E73C)]
[16:05:43.659]            DAP_SWJ_Sequence(51, 0x0007FFFFFFFFFFFF); //Put it back in reset
[16:05:43.659]              // -> [DAP_SWJ_Sequence(51, 0x0007FFFFFFFFFFFF)]
[16:05:43.659]            DAP_SWJ_Sequence(16, 0xE79E); //JTAG to SWD switch
[16:05:43.659]              // -> [DAP_SWJ_Sequence(16, 0x000000000000E79E)]
[16:05:43.664]            DAP_SWJ_Sequence(51, 0x0007FFFFFFFFFFFF);  //Ensure the switch is successful 
[16:05:43.664]              // -> [DAP_SWJ_Sequence(51, 0x0007FFFFFFFFFFFF)]
[16:05:43.664]            DAP_SWJ_Sequence(7,  0x00); //Give the line some time to initialize
[16:05:43.664]              // -> [DAP_SWJ_Sequence(7, 0x0000000000000000)]
[16:05:43.664]          </block>
[16:05:43.664]          // end if-block "!hasDormant"
[16:05:43.664]        </control>
[16:05:43.664]        // end if-block "isSWJ"
[16:05:43.669]      </control>
[16:05:43.669]      <control if="!isSWJ" while="" timeout="0" info="">
[16:05:43.669]        // if-block "!isSWJ"
[16:05:43.669]          // =>  FALSE
[16:05:43.669]        // skip if-block "!isSWJ"
[16:05:43.669]      </control>
[16:05:43.669]      <block atomic="false" info="">
[16:05:43.669]        ReadDP(0x0);
[16:05:43.669]          // -> [ReadDP(0x00000000) => 0x6BA02477]   (__dp=0x00000000)
[16:05:43.669]      </block>
[16:05:43.669]      // end if-block "protType == 2"
[16:05:43.669]    </control>
[16:05:43.669]  </sequence>
[16:05:43.669]  
[16:05:43.669]  **********  Sequence "DebugPortStart"  (Context="Connect", Pname="", info="")
[16:05:43.669]  
[16:05:43.675]  <debugvars>
[16:05:43.675]    // Pre-defined
[16:05:43.675]    __protocol=0x00010002      (Protocol="SWD", SWJ-DP="True")
[16:05:43.675]    __connection=0x00000202    (Connection Type="Flash", Reset Type="System Reset")
[16:05:43.675]    __dp=0x00000000
[16:05:43.675]    __ap=0x00000000
[16:05:43.677]    __traceout=0x00000000      (Trace Disabled)
[16:05:43.677]    __errorcontrol=0x00000000  (Skip Errors="False")
[16:05:43.677]    __FlashAddr=0x00000000
[16:05:43.677]    __FlashLen=0x00000000
[16:05:43.677]    __FlashArg=0x00000000
[16:05:43.677]    __FlashOp=0x00000000
[16:05:43.677]    __Result=0x00000000
[16:05:43.677]  </debugvars>
[16:05:43.677]  
[16:05:43.678]  <sequence name="DebugPortStart" Pname="" disable="false" info="">
[16:05:43.678]    <block atomic="false" info="">
[16:05:43.678]      __var SW_DP_ABORT       = 0x0;
[16:05:43.678]        // -> [SW_DP_ABORT <= 0x00000000]
[16:05:43.678]      __var DP_CTRL_STAT      = 0x4;
[16:05:43.678]        // -> [DP_CTRL_STAT <= 0x00000004]
[16:05:43.678]      __var DP_SELECT         = 0x8;
[16:05:43.678]        // -> [DP_SELECT <= 0x00000008]
[16:05:43.678]      __var powered_down      = 0;
[16:05:43.678]        // -> [powered_down <= 0x00000000]
[16:05:43.678]      WriteDP(DP_SELECT, 0x00000000);
[16:05:43.680]        // -> [WriteDP(0x00000008, 0x00000000)]   (__dp=0x00000000)
[16:05:43.680]      powered_down = ((ReadDP(DP_CTRL_STAT) & 0xA0000000) != 0xA0000000);
[16:05:43.683]        // -> [ReadDP(0x00000004) => 0x00000040]   (__dp=0x00000000)
[16:05:43.683]        // -> [powered_down <= 0x00000001]
[16:05:43.683]    </block>
[16:05:43.684]    <control if="powered_down" while="" timeout="0" info="">
[16:05:43.684]      // if-block "powered_down"
[16:05:43.684]        // =>  TRUE
[16:05:43.684]      <block atomic="false" info="">
[16:05:43.684]        Message(0, "Debug/System power-up request sent");
[16:05:43.685]        WriteDP(DP_CTRL_STAT, 0x50000000);
[16:05:43.685]          // -> [WriteDP(0x00000004, 0x50000000)]   (__dp=0x00000000)
[16:05:43.685]      </block>
[16:05:43.685]      <control if="" while="(ReadDP(DP_CTRL_STAT) & 0xA0000000) != 0xA0000000" timeout="1000000" info="">
[16:05:43.685]        // while "(ReadDP(DP_CTRL_STAT) & 0xA0000000) != 0xA0000000"  (timeout="1000000")
[16:05:43.689]          // -> [ReadDP(0x00000004) => 0xF0000040]   (__dp=0x00000000)
[16:05:43.689]        // while-condition  =>  FALSE
[16:05:43.689]        // end while "(ReadDP(DP_CTRL_STAT) & 0xA0000000) != 0xA0000000"
[16:05:43.689]      </control>
[16:05:43.689]      <control if="(__protocol & 0xFFFF) == 1" while="" timeout="0" info="">
[16:05:43.689]        // if-block "(__protocol & 0xFFFF) == 1"
[16:05:43.689]          // =>  FALSE
[16:05:43.689]        // skip if-block "(__protocol & 0xFFFF) == 1"
[16:05:43.689]      </control>
[16:05:43.689]      <control if="(__protocol & 0xFFFF) == 2" while="" timeout="0" info="">
[16:05:43.689]        // if-block "(__protocol & 0xFFFF) == 2"
[16:05:43.689]          // =>  TRUE
[16:05:43.689]        <block atomic="false" info="">
[16:05:43.689]          Message(0, "executing SWD power up");
[16:05:43.689]          WriteDP(DP_CTRL_STAT, 0x50000F00);
[16:05:43.695]            // -> [WriteDP(0x00000004, 0x50000F00)]   (__dp=0x00000000)
[16:05:43.695]          WriteDP(SW_DP_ABORT, 0x0000001E);
[16:05:43.697]            // -> [WriteDP(0x00000000, 0x0000001E)]   (__dp=0x00000000)
[16:05:43.697]        </block>
[16:05:43.697]        // end if-block "(__protocol & 0xFFFF) == 2"
[16:05:43.697]      </control>
[16:05:43.697]      // end if-block "powered_down"
[16:05:43.697]    </control>
[16:05:43.699]    <block atomic="false" info="">
[16:05:43.699]      __var DEBUG_PORT_VAL    = 0;
[16:05:43.699]        // -> [DEBUG_PORT_VAL <= 0x00000000]
[16:05:43.699]      __var ACCESS_POINT_VAL  = 0;
[16:05:43.699]        // -> [ACCESS_POINT_VAL <= 0x00000000]
[16:05:43.699]      __ap = 1; 
[16:05:43.699]        // -> [__ap <= 0x00000001]
[16:05:43.699]      WriteAP(0x0C, 0x04); //lets use the mini pwr-ap as backup
[16:05:43.704]        // -> [WriteAP(0x0000000C, 0x00000004)]   (__dp=0x00000000, __ap=0x00000001)
[16:05:43.704]      __ap = 4;
[16:05:43.704]        // -> [__ap <= 0x00000004]
[16:05:43.704]      ACCESS_POINT_VAL = ReadAP(0x00);//Reading current state of access point
[16:05:43.709]        // -> [ReadAP(0x00000000) => 0x00080027]   (__dp=0x00000000, __ap=0x00000004)
[16:05:43.709]        // -> [ACCESS_POINT_VAL <= 0x00080027]
[16:05:43.709]      Message(0, "Current state of access point is: %x",ACCESS_POINT_VAL);
[16:05:43.709]    </block>
[16:05:43.709]    <block atomic="false" info="">
[16:05:43.709]      __var nReset = 0x80;
[16:05:43.709]        // -> [nReset <= 0x00000080]
[16:05:43.709]      __var canReadPins = 0;
[16:05:43.709]        // -> [canReadPins <= 0x00000000]
[16:05:43.709]      canReadPins = (DAP_SWJ_Pins(0x00, nReset, 0) != 0xFFFFFFFF);
[16:05:43.714]        // -> [DAP_SWJ_Pins(0x00, 0x80, 0) => 0x0F]   (Out: nRESET=0  =>  In: SWCLK/TCK=1, SWDIO/TMS=1, TDI=1, TDO=1, nTRST=0, nRESET=0)
[16:05:43.714]        // -> [canReadPins <= 0x00000001]
[16:05:43.714]    </block>
[16:05:43.714]    <control if="" while="1" timeout="200" info="">
[16:05:43.714]      // while "1"  (timeout="200")
[16:05:43.714]      // while-condition  =>  TRUE
[16:05:43.714]      // while "1"  (timeout="200")
[16:05:43.714]      // while-condition  =>  TRUE
[16:05:43.714]      // while "1"  (timeout="200")
[16:05:43.714]      // while-condition  =>  TRUE
[16:05:43.714]      // while "1"  (timeout="200")
[16:05:43.714]      // while-condition  =>  TRUE
[16:05:43.714]      // while "1"  (timeout="200")
[16:05:43.714]      // while-condition  =>  TRUE
[16:05:43.714]      // while "1"  (timeout="200")
[16:05:43.714]      // while-condition  =>  TRUE
[16:05:43.714]      // while "1"  (timeout="200")
[16:05:43.714]      // while-condition  =>  TRUE
[16:05:43.714]      // while "1"  (timeout="200")
[16:05:43.714]      // while-condition  =>  TRUE
[16:05:43.714]      // while "1"  (timeout="200")
[16:05:43.714]      // while-condition  =>  TRUE
[16:05:43.714]      // while "1"  (timeout="200")
[16:05:43.714]      // while-condition  =>  TRUE
[16:05:43.714]      // while "1"  (timeout="200")
[16:05:43.714]      // while-condition  =>  TRUE
[16:05:43.717]      // while "1"  (timeout="200")
[16:05:43.717]      // while-condition  =>  TRUE
[16:05:43.717]      // while "1"  (timeout="200")
[16:05:43.717]      // while-condition  =>  TRUE
[16:05:43.717]      // while "1"  (timeout="200")
[16:05:43.717]      // while-condition  =>  TRUE
[16:05:43.717]      // while "1"  (timeout="200")
[16:05:43.717]      // while-condition  =>  TRUE
[16:05:43.717]      // while "1"  (timeout="200")
[16:05:43.717]      // while-condition  =>  TRUE
[16:05:43.717]      // while "1"  (timeout="200")
[16:05:43.717]      // while-condition  =>  TRUE
[16:05:43.718]      // while "1"  (timeout="200")
[16:05:43.718]      // while-condition  =>  TRUE
[16:05:43.718]      // while "1"  (timeout="200")
[16:05:43.718]      // while-condition  =>  TRUE
[16:05:43.718]      // while "1"  (timeout="200")
[16:05:43.718]      // while-condition  =>  TRUE
[16:05:43.718]      // while "1"  (timeout="200")
[16:05:43.718]      // while-condition  =>  TRUE
[16:05:43.718]      // while "1"  (timeout="200")
[16:05:43.718]      // while-condition  =>  TRUE
[16:05:43.718]      // while "1"  (timeout="200")
[16:05:43.718]      // while-condition  =>  TRUE
[16:05:43.719]      // while "1"  (timeout="200")
[16:05:43.719]      // while-condition  =>  TRUE
[16:05:43.719]      // while "1"  (timeout="200")
[16:05:43.719]      // while-condition  =>  TRUE
[16:05:43.719]      // while "1"  (timeout="200")
[16:05:43.719]      // while-condition  =>  TRUE
[16:05:43.719]      // while "1"  (timeout="200")
[16:05:43.719]      // while-condition  =>  TRUE
[16:05:43.719]      // while "1"  (timeout="200")
[16:05:43.719]      // while-condition  =>  TRUE
[16:05:43.719]      // while "1"  (timeout="200")
[16:05:43.719]      // while-condition  =>  TRUE
[16:05:43.719]      // while "1"  (timeout="200")
[16:05:43.719]      // while-condition  =>  TRUE
[16:05:43.719]      // while "1"  (timeout="200")
[16:05:43.719]      // while-condition  =>  TRUE
[16:05:43.719]      // while "1"  (timeout="200")
[16:05:43.719]      // while-condition  =>  TRUE
[16:05:43.719]      // while "1"  (timeout="200")
[16:05:43.719]      // while-condition  =>  TRUE
[16:05:43.719]      // while "1"  (timeout="200")
[16:05:43.719]      // while-condition  =>  TRUE
[16:05:43.719]      // while "1"  (timeout="200")
[16:05:43.719]      // while-condition  =>  TRUE
[16:05:43.720]      // while "1"  (timeout="200")
[16:05:43.720]      // while-condition  =>  TRUE
[16:05:43.720]      // while "1"  (timeout="200")
[16:05:43.720]      // while-condition  =>  TRUE
[16:05:43.720]      // while "1"  (timeout="200")
[16:05:43.720]      // while-condition  =>  TRUE
[16:05:43.720]      // while "1"  (timeout="200")
[16:05:43.720]      // while-condition  =>  TRUE
[16:05:43.720]      // while "1"  (timeout="200")
[16:05:43.720]      // while-condition  =>  TRUE
[16:05:43.720]      // while "1"  (timeout="200")
[16:05:43.720]      // while-condition  =>  TRUE
[16:05:43.720]      // while "1"  (timeout="200")
[16:05:43.721]      // while-condition  =>  TRUE
[16:05:43.721]      // while "1"  (timeout="200")
[16:05:43.721]      // while-condition  =>  TRUE
[16:05:43.721]      // while "1"  (timeout="200")
[16:05:43.721]      // while-condition  =>  TRUE
[16:05:43.721]      // while "1"  (timeout="200")
[16:05:43.721]      // while-condition  =>  TRUE
[16:05:43.721]      // while "1"  (timeout="200")
[16:05:43.721]      // while-condition  =>  TRUE
[16:05:43.721]      // while "1"  (timeout="200")
[16:05:43.721]      // while-condition  =>  TRUE
[16:05:43.721]      // while "1"  (timeout="200")
[16:05:43.721]      // while-condition  =>  TRUE
[16:05:43.721]      // while "1"  (timeout="200")
[16:05:43.721]      // while-condition  =>  TRUE
[16:05:43.722]      // while "1"  (timeout="200")
[16:05:43.722]      // while  =>  TIMEOUT
[16:05:43.722]      // end while "1"
[16:05:43.722]    </control>
[16:05:43.723]    <control if="canReadPins" while="" timeout="0" info="">
[16:05:43.723]      // if-block "canReadPins"
[16:05:43.723]        // =>  TRUE
[16:05:43.723]      <control if="" while="(DAP_SWJ_Pins(nReset, nReset, 0) & nReset) == 0" timeout="1000000" info="">
[16:05:43.723]        // while "(DAP_SWJ_Pins(nReset, nReset, 0) & nReset) == 0"  (timeout="1000000")
[16:05:43.725]          // -> [DAP_SWJ_Pins(0x80, 0x80, 0) => 0x8F]   (Out: nRESET=1  =>  In: SWCLK/TCK=1, SWDIO/TMS=1, TDI=1, TDO=1, nTRST=0, nRESET=1)
[16:05:43.725]        // while-condition  =>  FALSE
[16:05:43.725]        // end while "(DAP_SWJ_Pins(nReset, nReset, 0) & nReset) == 0"
[16:05:43.725]      </control>
[16:05:43.725]      // end if-block "canReadPins"
[16:05:43.725]    </control>
[16:05:43.725]    <control if="!canReadPins" while="" timeout="0" info="">
[16:05:43.725]      // if-block "!canReadPins"
[16:05:43.725]        // =>  FALSE
[16:05:43.725]      // skip if-block "!canReadPins"
[16:05:43.725]    </control>
[16:05:43.725]    <control if="(ACCESS_POINT_VAL & 0x00E00000) == 0" while="" timeout="0" info="">
[16:05:43.725]      // if-block "(ACCESS_POINT_VAL & 0x00E00000) == 0"
[16:05:43.725]        // =>  TRUE
[16:05:43.725]      <block atomic="false" info="">
[16:05:43.725]        WriteAP(0x00, 0x190008);
[16:05:43.729]          // -> [WriteAP(0x00000000, 0x00190008)]   (__dp=0x00000000, __ap=0x00000004)
[16:05:43.729]        WriteAP(0xF0, 0x01);
[16:05:43.734]          // -> [WriteAP(0x000000F0, 0x00000001)]   (__dp=0x00000000, __ap=0x00000004)
[16:05:43.734]      </block>
[16:05:43.734]      // end if-block "(ACCESS_POINT_VAL & 0x00E00000) == 0"
[16:05:43.734]    </control>
[16:05:43.734]    <control if="(ACCESS_POINT_VAL & 0x00E00000) != 0" while="" timeout="0" info="">
[16:05:43.734]      // if-block "(ACCESS_POINT_VAL & 0x00E00000) != 0"
[16:05:43.734]        // =>  FALSE
[16:05:43.734]      // skip if-block "(ACCESS_POINT_VAL & 0x00E00000) != 0"
[16:05:43.734]    </control>
[16:05:43.734]    <block atomic="false" info="">
[16:05:43.734]      ACCESS_POINT_VAL = ReadAP(0x00);//Reading current state of access point
[16:05:43.739]        // -> [ReadAP(0x00000000) => 0x0079002F]   (__dp=0x00000000, __ap=0x00000004)
[16:05:43.739]        // -> [ACCESS_POINT_VAL <= 0x0079002F]
[16:05:43.739]      Message(0, "Current state of access point is: %x",ACCESS_POINT_VAL);
[16:05:43.739]      __ap = 0; //lets make sure we reset the access point selection
[16:05:43.739]        // -> [__ap <= 0x00000000]
[16:05:43.739]    </block>
[16:05:43.739]  </sequence>
[16:05:43.739]  
[16:05:43.764]  **********  Sequence "DebugDeviceUnlock"  (Context="Connect", Pname="", info="")
[16:05:43.764]  
[16:05:43.764]  <debugvars>
[16:05:43.764]    // Pre-defined
[16:05:43.765]    __protocol=0x00010002      (Protocol="SWD", SWJ-DP="True")
[16:05:43.765]    __connection=0x00000202    (Connection Type="Flash", Reset Type="System Reset")
[16:05:43.765]    __dp=0x00000000
[16:05:43.765]    __ap=0x00000000
[16:05:43.765]    __traceout=0x00000000      (Trace Disabled)
[16:05:43.765]    __errorcontrol=0x00000000  (Skip Errors="False")
[16:05:43.766]    __FlashAddr=0x00000000
[16:05:43.766]    __FlashLen=0x00000000
[16:05:43.766]    __FlashArg=0x00000000
[16:05:43.766]    __FlashOp=0x00000000
[16:05:43.766]    __Result=0x00000000
[16:05:43.766]  </debugvars>
[16:05:43.766]  
[16:05:43.766]  <sequence name="DebugDeviceUnlock" Pname="" disable="false" info="">
[16:05:43.766]    <block atomic="false" info="">
[16:05:43.766]      __var deviceID = 0;
[16:05:43.766]        // -> [deviceID <= 0x00000000]
[16:05:43.766]      __var version = 0;
[16:05:43.766]        // -> [version <= 0x00000000]
[16:05:43.766]      __var partNum = 0;
[16:05:43.766]        // -> [partNum <= 0x00000000]
[16:05:43.767]      __var manuf = 0;
[16:05:43.767]        // -> [manuf <= 0x00000000]
[16:05:43.767]      __var isMSPM0G1X0X_G3X0X = 0;
[16:05:43.767]        // -> [isMSPM0G1X0X_G3X0X <= 0x00000000]
[16:05:43.767]      __var isProduction = 0;
[16:05:43.767]        // -> [isProduction <= 0x00000000]
[16:05:43.767]      __var continueId = 0;
[16:05:43.767]        // -> [continueId <= 0x00000000]
[16:05:43.767]      deviceID =   Read32(0x41C40004);
[16:05:43.773]        // -> [Read32(0x41C40004) => 0x2BB8802F]   (__dp=0x00000000, __ap=0x00000000)
[16:05:43.773]        // -> [deviceID <= 0x2BB8802F]
[16:05:43.773]      version = deviceID >> 28;
[16:05:43.773]        // -> [version <= 0x00000002]
[16:05:43.774]      partNum = (deviceID & 0x0FFFF000) >> 12;
[16:05:43.774]        // -> [partNum <= 0x0000BB88]
[16:05:43.774]      manuf = (deviceID & 0x00000FFE) >> 1;
[16:05:43.774]        // -> [manuf <= 0x00000017]
[16:05:43.774]      isMSPM0G1X0X_G3X0X = (partNum == 0xBB88) && (manuf == 0x17);
[16:05:43.774]        // -> [isMSPM0G1X0X_G3X0X <= 0x00000001]
[16:05:43.774]      isProduction = (version > 0);
[16:05:43.774]        // -> [isProduction <= 0x00000001]
[16:05:43.774]    </block>
[16:05:43.774]    <control if="!isMSPM0G1X0X_G3X0X" while="" timeout="0" info="">
[16:05:43.774]      // if-block "!isMSPM0G1X0X_G3X0X"
[16:05:43.774]        // =>  FALSE
[16:05:43.774]      // skip if-block "!isMSPM0G1X0X_G3X0X"
[16:05:43.774]    </control>
[16:05:43.774]    <control if="continueId == 4" while="" timeout="0" info="">
[16:05:43.774]      // if-block "continueId == 4"
[16:05:43.774]        // =>  FALSE
[16:05:43.774]      // skip if-block "continueId == 4"
[16:05:43.774]    </control>
[16:05:43.774]    <control if="!isProduction" while="" timeout="0" info="">
[16:05:43.774]      // if-block "!isProduction"
[16:05:43.774]        // =>  FALSE
[16:05:43.774]      // skip if-block "!isProduction"
[16:05:43.774]    </control>
[16:05:43.776]  </sequence>
[16:05:43.776]  
[16:05:57.236]  **********  Sequence "DebugPortSetup"  (Context="Connect", Pname="", info="")
[16:05:57.236]  
[16:05:57.236]  <debugvars>
[16:05:57.236]    // Pre-defined
[16:05:57.236]    __protocol=0x00010002      (Protocol="SWD", SWJ-DP="True")
[16:05:57.236]    __connection=0x00000202    (Connection Type="Flash", Reset Type="System Reset")
[16:05:57.236]    __dp=0x00000000
[16:05:57.236]    __ap=0x00000000
[16:05:57.236]    __traceout=0x00000000      (Trace Disabled)
[16:05:57.236]    __errorcontrol=0x00000000  (Skip Errors="False")
[16:05:57.236]    __FlashAddr=0x00000000
[16:05:57.236]    __FlashLen=0x00000000
[16:05:57.236]    __FlashArg=0x00000000
[16:05:57.236]    __FlashOp=0x00000000
[16:05:57.236]    __Result=0x00000000
[16:05:57.246]  </debugvars>
[16:05:57.246]  
[16:05:57.246]  <sequence name="DebugPortSetup" Pname="" disable="false" info="">
[16:05:57.246]    <block atomic="false" info="">
[16:05:57.246]      __var isSWJ      = ((__protocol & 0x00010000) != 0);
[16:05:57.246]        // -> [isSWJ <= 0x00000001]
[16:05:57.246]      __var hasDormant = __protocol & 0x00020000;
[16:05:57.246]        // -> [hasDormant <= 0x00000000]
[16:05:57.246]      __var protType   = __protocol & 0x0000FFFF;
[16:05:57.246]        // -> [protType <= 0x00000002]
[16:05:57.246]    </block>
[16:05:57.246]    <control if="protType == 1" while="" timeout="0" info="">
[16:05:57.246]      // if-block "protType == 1"
[16:05:57.246]        // =>  FALSE
[16:05:57.246]      // skip if-block "protType == 1"
[16:05:57.246]    </control>
[16:05:57.246]    <control if="protType == 2" while="" timeout="0" info="">
[16:05:57.246]      // if-block "protType == 2"
[16:05:57.246]        // =>  TRUE
[16:05:57.246]      <control if="isSWJ" while="" timeout="0" info="">
[16:05:57.246]        // if-block "isSWJ"
[16:05:57.246]          // =>  TRUE
[16:05:57.246]        <control if="hasDormant" while="" timeout="0" info="">
[16:05:57.246]          // if-block "hasDormant"
[16:05:57.246]            // =>  FALSE
[16:05:57.246]          // skip if-block "hasDormant"
[16:05:57.246]        </control>
[16:05:57.246]        <control if="!hasDormant" while="" timeout="0" info="">
[16:05:57.246]          // if-block "!hasDormant"
[16:05:57.246]            // =>  TRUE
[16:05:57.246]          <block atomic="false" info="">
[16:05:57.246]            DAP_SWJ_Sequence(51, 0x0007FFFFFFFFFFFF); //lets put the JTAG line in a reset state
[16:05:57.251]              // -> [DAP_SWJ_Sequence(51, 0x0007FFFFFFFFFFFF)]
[16:05:57.251]            DAP_SWJ_Sequence(16,0xE73C); //SWD to JTAG, this is to ensure the state machine is initialized
[16:05:57.253]              // -> [DAP_SWJ_Sequence(16, 0x000000000000E73C)]
[16:05:57.253]            DAP_SWJ_Sequence(51, 0x0007FFFFFFFFFFFF); //Put it back in reset
[16:05:57.253]              // -> [DAP_SWJ_Sequence(51, 0x0007FFFFFFFFFFFF)]
[16:05:57.253]            DAP_SWJ_Sequence(16, 0xE79E); //JTAG to SWD switch
[16:05:57.253]              // -> [DAP_SWJ_Sequence(16, 0x000000000000E79E)]
[16:05:57.257]            DAP_SWJ_Sequence(51, 0x0007FFFFFFFFFFFF);  //Ensure the switch is successful 
[16:05:57.257]              // -> [DAP_SWJ_Sequence(51, 0x0007FFFFFFFFFFFF)]
[16:05:57.257]            DAP_SWJ_Sequence(7,  0x00); //Give the line some time to initialize
[16:05:57.257]              // -> [DAP_SWJ_Sequence(7, 0x0000000000000000)]
[16:05:57.257]          </block>
[16:05:57.257]          // end if-block "!hasDormant"
[16:05:57.257]        </control>
[16:05:57.257]        // end if-block "isSWJ"
[16:05:57.257]      </control>
[16:05:57.257]      <control if="!isSWJ" while="" timeout="0" info="">
[16:05:57.257]        // if-block "!isSWJ"
[16:05:57.257]          // =>  FALSE
[16:05:57.257]        // skip if-block "!isSWJ"
[16:05:57.257]      </control>
[16:05:57.257]      <block atomic="false" info="">
[16:05:57.257]        ReadDP(0x0);
[16:05:57.264]          // -> [ReadDP(0x00000000) => 0x6BA02477]   (__dp=0x00000000)
[16:05:57.265]      </block>
[16:05:57.265]      // end if-block "protType == 2"
[16:05:57.265]    </control>
[16:05:57.265]  </sequence>
[16:05:57.265]  
[16:05:57.270]  **********  Sequence "DebugPortStart"  (Context="Connect", Pname="", info="")
[16:05:57.270]  
[16:05:57.270]  <debugvars>
[16:05:57.270]    // Pre-defined
[16:05:57.270]    __protocol=0x00010002      (Protocol="SWD", SWJ-DP="True")
[16:05:57.270]    __connection=0x00000202    (Connection Type="Flash", Reset Type="System Reset")
[16:05:57.270]    __dp=0x00000000
[16:05:57.270]    __ap=0x00000000
[16:05:57.270]    __traceout=0x00000000      (Trace Disabled)
[16:05:57.270]    __errorcontrol=0x00000000  (Skip Errors="False")
[16:05:57.270]    __FlashAddr=0x00000000
[16:05:57.270]    __FlashLen=0x00000000
[16:05:57.270]    __FlashArg=0x00000000
[16:05:57.270]    __FlashOp=0x00000000
[16:05:57.270]    __Result=0x00000000
[16:05:57.270]  </debugvars>
[16:05:57.270]  
[16:05:57.270]  <sequence name="DebugPortStart" Pname="" disable="false" info="">
[16:05:57.271]    <block atomic="false" info="">
[16:05:57.271]      __var SW_DP_ABORT       = 0x0;
[16:05:57.271]        // -> [SW_DP_ABORT <= 0x00000000]
[16:05:57.271]      __var DP_CTRL_STAT      = 0x4;
[16:05:57.271]        // -> [DP_CTRL_STAT <= 0x00000004]
[16:05:57.271]      __var DP_SELECT         = 0x8;
[16:05:57.271]        // -> [DP_SELECT <= 0x00000008]
[16:05:57.271]      __var powered_down      = 0;
[16:05:57.271]        // -> [powered_down <= 0x00000000]
[16:05:57.271]      WriteDP(DP_SELECT, 0x00000000);
[16:05:57.274]        // -> [WriteDP(0x00000008, 0x00000000)]   (__dp=0x00000000)
[16:05:57.274]      powered_down = ((ReadDP(DP_CTRL_STAT) & 0xA0000000) != 0xA0000000);
[16:05:57.274]        // -> [ReadDP(0x00000004) => 0x00000040]   (__dp=0x00000000)
[16:05:57.274]        // -> [powered_down <= 0x00000001]
[16:05:57.274]    </block>
[16:05:57.274]    <control if="powered_down" while="" timeout="0" info="">
[16:05:57.274]      // if-block "powered_down"
[16:05:57.274]        // =>  TRUE
[16:05:57.274]      <block atomic="false" info="">
[16:05:57.274]        Message(0, "Debug/System power-up request sent");
[16:05:57.274]        WriteDP(DP_CTRL_STAT, 0x50000000);
[16:05:57.274]          // -> [WriteDP(0x00000004, 0x50000000)]   (__dp=0x00000000)
[16:05:57.274]      </block>
[16:05:57.274]      <control if="" while="(ReadDP(DP_CTRL_STAT) & 0xA0000000) != 0xA0000000" timeout="1000000" info="">
[16:05:57.274]        // while "(ReadDP(DP_CTRL_STAT) & 0xA0000000) != 0xA0000000"  (timeout="1000000")
[16:05:57.285]          // -> [ReadDP(0x00000004) => 0xF0000040]   (__dp=0x00000000)
[16:05:57.285]        // while-condition  =>  FALSE
[16:05:57.285]        // end while "(ReadDP(DP_CTRL_STAT) & 0xA0000000) != 0xA0000000"
[16:05:57.285]      </control>
[16:05:57.285]      <control if="(__protocol & 0xFFFF) == 1" while="" timeout="0" info="">
[16:05:57.285]        // if-block "(__protocol & 0xFFFF) == 1"
[16:05:57.285]          // =>  FALSE
[16:05:57.285]        // skip if-block "(__protocol & 0xFFFF) == 1"
[16:05:57.285]      </control>
[16:05:57.285]      <control if="(__protocol & 0xFFFF) == 2" while="" timeout="0" info="">
[16:05:57.285]        // if-block "(__protocol & 0xFFFF) == 2"
[16:05:57.285]          // =>  TRUE
[16:05:57.285]        <block atomic="false" info="">
[16:05:57.285]          Message(0, "executing SWD power up");
[16:05:57.285]          WriteDP(DP_CTRL_STAT, 0x50000F00);
[16:05:57.285]            // -> [WriteDP(0x00000004, 0x50000F00)]   (__dp=0x00000000)
[16:05:57.285]          WriteDP(SW_DP_ABORT, 0x0000001E);
[16:05:57.285]            // -> [WriteDP(0x00000000, 0x0000001E)]   (__dp=0x00000000)
[16:05:57.285]        </block>
[16:05:57.285]        // end if-block "(__protocol & 0xFFFF) == 2"
[16:05:57.292]      </control>
[16:05:57.292]      // end if-block "powered_down"
[16:05:57.292]    </control>
[16:05:57.292]    <block atomic="false" info="">
[16:05:57.292]      __var DEBUG_PORT_VAL    = 0;
[16:05:57.292]        // -> [DEBUG_PORT_VAL <= 0x00000000]
[16:05:57.292]      __var ACCESS_POINT_VAL  = 0;
[16:05:57.292]        // -> [ACCESS_POINT_VAL <= 0x00000000]
[16:05:57.292]      __ap = 1; 
[16:05:57.292]        // -> [__ap <= 0x00000001]
[16:05:57.292]      WriteAP(0x0C, 0x04); //lets use the mini pwr-ap as backup
[16:05:57.292]        // -> [WriteAP(0x0000000C, 0x00000004)]   (__dp=0x00000000, __ap=0x00000001)
[16:05:57.292]      __ap = 4;
[16:05:57.292]        // -> [__ap <= 0x00000004]
[16:05:57.292]      ACCESS_POINT_VAL = ReadAP(0x00);//Reading current state of access point
[16:05:57.298]        // -> [ReadAP(0x00000000) => 0x00080027]   (__dp=0x00000000, __ap=0x00000004)
[16:05:57.298]        // -> [ACCESS_POINT_VAL <= 0x00080027]
[16:05:57.298]      Message(0, "Current state of access point is: %x",ACCESS_POINT_VAL);
[16:05:57.303]    </block>
[16:05:57.303]    <block atomic="false" info="">
[16:05:57.303]      __var nReset = 0x80;
[16:05:57.303]        // -> [nReset <= 0x00000080]
[16:05:57.303]      __var canReadPins = 0;
[16:05:57.303]        // -> [canReadPins <= 0x00000000]
[16:05:57.303]      canReadPins = (DAP_SWJ_Pins(0x00, nReset, 0) != 0xFFFFFFFF);
[16:05:57.303]        // -> [DAP_SWJ_Pins(0x00, 0x80, 0) => 0x0F]   (Out: nRESET=0  =>  In: SWCLK/TCK=1, SWDIO/TMS=1, TDI=1, TDO=1, nTRST=0, nRESET=0)
[16:05:57.303]        // -> [canReadPins <= 0x00000001]
[16:05:57.303]    </block>
[16:05:57.303]    <control if="" while="1" timeout="200" info="">
[16:05:57.303]      // while "1"  (timeout="200")
[16:05:57.303]      // while-condition  =>  TRUE
[16:05:57.303]      // while "1"  (timeout="200")
[16:05:57.303]      // while-condition  =>  TRUE
[16:05:57.303]      // while "1"  (timeout="200")
[16:05:57.303]      // while-condition  =>  TRUE
[16:05:57.303]      // while "1"  (timeout="200")
[16:05:57.303]      // while-condition  =>  TRUE
[16:05:57.303]      // while "1"  (timeout="200")
[16:05:57.303]      // while-condition  =>  TRUE
[16:05:57.303]      // while "1"  (timeout="200")
[16:05:57.303]      // while-condition  =>  TRUE
[16:05:57.303]      // while "1"  (timeout="200")
[16:05:57.303]      // while-condition  =>  TRUE
[16:05:57.303]      // while "1"  (timeout="200")
[16:05:57.303]      // while-condition  =>  TRUE
[16:05:57.303]      // while "1"  (timeout="200")
[16:05:57.303]      // while-condition  =>  TRUE
[16:05:57.303]      // while "1"  (timeout="200")
[16:05:57.303]      // while-condition  =>  TRUE
[16:05:57.303]      // while "1"  (timeout="200")
[16:05:57.303]      // while-condition  =>  TRUE
[16:05:57.303]      // while "1"  (timeout="200")
[16:05:57.303]      // while-condition  =>  TRUE
[16:05:57.303]      // while "1"  (timeout="200")
[16:05:57.303]      // while-condition  =>  TRUE
[16:05:57.303]      // while "1"  (timeout="200")
[16:05:57.303]      // while-condition  =>  TRUE
[16:05:57.303]      // while "1"  (timeout="200")
[16:05:57.303]      // while-condition  =>  TRUE
[16:05:57.303]      // while "1"  (timeout="200")
[16:05:57.303]      // while-condition  =>  TRUE
[16:05:57.303]      // while "1"  (timeout="200")
[16:05:57.303]      // while-condition  =>  TRUE
[16:05:57.303]      // while "1"  (timeout="200")
[16:05:57.303]      // while-condition  =>  TRUE
[16:05:57.303]      // while "1"  (timeout="200")
[16:05:57.303]      // while-condition  =>  TRUE
[16:05:57.303]      // while "1"  (timeout="200")
[16:05:57.303]      // while-condition  =>  TRUE
[16:05:57.303]      // while "1"  (timeout="200")
[16:05:57.303]      // while-condition  =>  TRUE
[16:05:57.303]      // while "1"  (timeout="200")
[16:05:57.303]      // while-condition  =>  TRUE
[16:05:57.303]      // while "1"  (timeout="200")
[16:05:57.303]      // while-condition  =>  TRUE
[16:05:57.303]      // while "1"  (timeout="200")
[16:05:57.303]      // while-condition  =>  TRUE
[16:05:57.303]      // while "1"  (timeout="200")
[16:05:57.303]      // while-condition  =>  TRUE
[16:05:57.303]      // while "1"  (timeout="200")
[16:05:57.303]      // while-condition  =>  TRUE
[16:05:57.303]      // while "1"  (timeout="200")
[16:05:57.303]      // while-condition  =>  TRUE
[16:05:57.303]      // while "1"  (timeout="200")
[16:05:57.303]      // while-condition  =>  TRUE
[16:05:57.303]      // while "1"  (timeout="200")
[16:05:57.303]      // while-condition  =>  TRUE
[16:05:57.303]      // while "1"  (timeout="200")
[16:05:57.303]      // while-condition  =>  TRUE
[16:05:57.303]      // while "1"  (timeout="200")
[16:05:57.303]      // while-condition  =>  TRUE
[16:05:57.303]      // while "1"  (timeout="200")
[16:05:57.303]      // while-condition  =>  TRUE
[16:05:57.303]      // while "1"  (timeout="200")
[16:05:57.303]      // while-condition  =>  TRUE
[16:05:57.303]      // while "1"  (timeout="200")
[16:05:57.303]      // while-condition  =>  TRUE
[16:05:57.303]      // while "1"  (timeout="200")
[16:05:57.303]      // while-condition  =>  TRUE
[16:05:57.303]      // while "1"  (timeout="200")
[16:05:57.303]      // while-condition  =>  TRUE
[16:05:57.303]      // while "1"  (timeout="200")
[16:05:57.303]      // while-condition  =>  TRUE
[16:05:57.303]      // while "1"  (timeout="200")
[16:05:57.303]      // while-condition  =>  TRUE
[16:05:57.303]      // while "1"  (timeout="200")
[16:05:57.303]      // while-condition  =>  TRUE
[16:05:57.303]      // while "1"  (timeout="200")
[16:05:57.303]      // while-condition  =>  TRUE
[16:05:57.303]      // while "1"  (timeout="200")
[16:05:57.303]      // while-condition  =>  TRUE
[16:05:57.303]      // while "1"  (timeout="200")
[16:05:57.303]      // while-condition  =>  TRUE
[16:05:57.303]      // while "1"  (timeout="200")
[16:05:57.303]      // while-condition  =>  TRUE
[16:05:57.303]      // while "1"  (timeout="200")
[16:05:57.303]      // while-condition  =>  TRUE
[16:05:57.303]      // while "1"  (timeout="200")
[16:05:57.303]      // while-condition  =>  TRUE
[16:05:57.303]      // while "1"  (timeout="200")
[16:05:57.303]      // while-condition  =>  TRUE
[16:05:57.303]      // while "1"  (timeout="200")
[16:05:57.303]      // while-condition  =>  TRUE
[16:05:57.303]      // while "1"  (timeout="200")
[16:05:57.303]      // while-condition  =>  TRUE
[16:05:57.303]      // while "1"  (timeout="200")
[16:05:57.303]      // while-condition  =>  TRUE
[16:05:57.312]      // while "1"  (timeout="200")
[16:05:57.312]      // while-condition  =>  TRUE
[16:05:57.312]      // while "1"  (timeout="200")
[16:05:57.313]      // while-condition  =>  TRUE
[16:05:57.313]      // while "1"  (timeout="200")
[16:05:57.313]      // while-condition  =>  TRUE
[16:05:57.313]      // while "1"  (timeout="200")
[16:05:57.313]      // while-condition  =>  TRUE
[16:05:57.313]      // while "1"  (timeout="200")
[16:05:57.313]      // while-condition  =>  TRUE
[16:05:57.313]      // while "1"  (timeout="200")
[16:05:57.313]      // while-condition  =>  TRUE
[16:05:57.313]      // while "1"  (timeout="200")
[16:05:57.313]      // while-condition  =>  TRUE
[16:05:57.313]      // while "1"  (timeout="200")
[16:05:57.313]      // while-condition  =>  TRUE
[16:05:57.313]      // while "1"  (timeout="200")
[16:05:57.313]      // while-condition  =>  TRUE
[16:05:57.313]      // while "1"  (timeout="200")
[16:05:57.313]      // while-condition  =>  TRUE
[16:05:57.313]      // while "1"  (timeout="200")
[16:05:57.313]      // while-condition  =>  TRUE
[16:05:57.313]      // while "1"  (timeout="200")
[16:05:57.314]      // while-condition  =>  TRUE
[16:05:57.314]      // while "1"  (timeout="200")
[16:05:57.314]      // while-condition  =>  TRUE
[16:05:57.314]      // while "1"  (timeout="200")
[16:05:57.314]      // while-condition  =>  TRUE
[16:05:57.314]      // while "1"  (timeout="200")
[16:05:57.314]      // while-condition  =>  TRUE
[16:05:57.314]      // while "1"  (timeout="200")
[16:05:57.314]      // while-condition  =>  TRUE
[16:05:57.314]      // while "1"  (timeout="200")
[16:05:57.314]      // while-condition  =>  TRUE
[16:05:57.315]      // while "1"  (timeout="200")
[16:05:57.315]      // while-condition  =>  TRUE
[16:05:57.315]      // while "1"  (timeout="200")
[16:05:57.315]      // while-condition  =>  TRUE
[16:05:57.315]      // while "1"  (timeout="200")
[16:05:57.315]      // while-condition  =>  TRUE
[16:05:57.315]      // while "1"  (timeout="200")
[16:05:57.315]      // while-condition  =>  TRUE
[16:05:57.315]      // while "1"  (timeout="200")
[16:05:57.315]      // while-condition  =>  TRUE
[16:05:57.315]      // while "1"  (timeout="200")
[16:05:57.315]      // while-condition  =>  TRUE
[16:05:57.315]      // while "1"  (timeout="200")
[16:05:57.315]      // while-condition  =>  TRUE
[16:05:57.315]      // while "1"  (timeout="200")
[16:05:57.315]      // while-condition  =>  TRUE
[16:05:57.315]      // while "1"  (timeout="200")
[16:05:57.315]      // while-condition  =>  TRUE
[16:05:57.315]      // while "1"  (timeout="200")
[16:05:57.316]      // while-condition  =>  TRUE
[16:05:57.316]      // while "1"  (timeout="200")
[16:05:57.316]      // while  =>  TIMEOUT
[16:05:57.316]      // end while "1"
[16:05:57.316]    </control>
[16:05:57.316]    <control if="canReadPins" while="" timeout="0" info="">
[16:05:57.316]      // if-block "canReadPins"
[16:05:57.316]        // =>  TRUE
[16:05:57.316]      <control if="" while="(DAP_SWJ_Pins(nReset, nReset, 0) & nReset) == 0" timeout="1000000" info="">
[16:05:57.317]        // while "(DAP_SWJ_Pins(nReset, nReset, 0) & nReset) == 0"  (timeout="1000000")
[16:05:57.318]          // -> [DAP_SWJ_Pins(0x80, 0x80, 0) => 0x8F]   (Out: nRESET=1  =>  In: SWCLK/TCK=1, SWDIO/TMS=1, TDI=1, TDO=1, nTRST=0, nRESET=1)
[16:05:57.318]        // while-condition  =>  FALSE
[16:05:57.318]        // end while "(DAP_SWJ_Pins(nReset, nReset, 0) & nReset) == 0"
[16:05:57.319]      </control>
[16:05:57.319]      // end if-block "canReadPins"
[16:05:57.319]    </control>
[16:05:57.319]    <control if="!canReadPins" while="" timeout="0" info="">
[16:05:57.319]      // if-block "!canReadPins"
[16:05:57.319]        // =>  FALSE
[16:05:57.319]      // skip if-block "!canReadPins"
[16:05:57.319]    </control>
[16:05:57.319]    <control if="(ACCESS_POINT_VAL & 0x00E00000) == 0" while="" timeout="0" info="">
[16:05:57.319]      // if-block "(ACCESS_POINT_VAL & 0x00E00000) == 0"
[16:05:57.319]        // =>  TRUE
[16:05:57.319]      <block atomic="false" info="">
[16:05:57.319]        WriteAP(0x00, 0x190008);
[16:05:57.321]          // -> [WriteAP(0x00000000, 0x00190008)]   (__dp=0x00000000, __ap=0x00000004)
[16:05:57.321]        WriteAP(0xF0, 0x01);
[16:05:57.321]          // -> [WriteAP(0x000000F0, 0x00000001)]   (__dp=0x00000000, __ap=0x00000004)
[16:05:57.321]      </block>
[16:05:57.321]      // end if-block "(ACCESS_POINT_VAL & 0x00E00000) == 0"
[16:05:57.321]    </control>
[16:05:57.321]    <control if="(ACCESS_POINT_VAL & 0x00E00000) != 0" while="" timeout="0" info="">
[16:05:57.321]      // if-block "(ACCESS_POINT_VAL & 0x00E00000) != 0"
[16:05:57.321]        // =>  FALSE
[16:05:57.321]      // skip if-block "(ACCESS_POINT_VAL & 0x00E00000) != 0"
[16:05:57.321]    </control>
[16:05:57.321]    <block atomic="false" info="">
[16:05:57.321]      ACCESS_POINT_VAL = ReadAP(0x00);//Reading current state of access point
[16:05:57.331]        // -> [ReadAP(0x00000000) => 0x0079002F]   (__dp=0x00000000, __ap=0x00000004)
[16:05:57.331]        // -> [ACCESS_POINT_VAL <= 0x0079002F]
[16:05:57.331]      Message(0, "Current state of access point is: %x",ACCESS_POINT_VAL);
[16:05:57.332]      __ap = 0; //lets make sure we reset the access point selection
[16:05:57.332]        // -> [__ap <= 0x00000000]
[16:05:57.332]    </block>
[16:05:57.332]  </sequence>
[16:05:57.332]  
[16:05:57.354]  **********  Sequence "DebugDeviceUnlock"  (Context="Connect", Pname="", info="")
[16:05:57.354]  
[16:05:57.354]  <debugvars>
[16:05:57.354]    // Pre-defined
[16:05:57.354]    __protocol=0x00010002      (Protocol="SWD", SWJ-DP="True")
[16:05:57.354]    __connection=0x00000202    (Connection Type="Flash", Reset Type="System Reset")
[16:05:57.354]    __dp=0x00000000
[16:05:57.354]    __ap=0x00000000
[16:05:57.354]    __traceout=0x00000000      (Trace Disabled)
[16:05:57.354]    __errorcontrol=0x00000000  (Skip Errors="False")
[16:05:57.354]    __FlashAddr=0x00000000
[16:05:57.354]    __FlashLen=0x00000000
[16:05:57.354]    __FlashArg=0x00000000
[16:05:57.354]    __FlashOp=0x00000000
[16:05:57.354]    __Result=0x00000000
[16:05:57.354]  </debugvars>
[16:05:57.354]  
[16:05:57.354]  <sequence name="DebugDeviceUnlock" Pname="" disable="false" info="">
[16:05:57.354]    <block atomic="false" info="">
[16:05:57.354]      __var deviceID = 0;
[16:05:57.354]        // -> [deviceID <= 0x00000000]
[16:05:57.354]      __var version = 0;
[16:05:57.354]        // -> [version <= 0x00000000]
[16:05:57.354]      __var partNum = 0;
[16:05:57.354]        // -> [partNum <= 0x00000000]
[16:05:57.354]      __var manuf = 0;
[16:05:57.354]        // -> [manuf <= 0x00000000]
[16:05:57.354]      __var isMSPM0G1X0X_G3X0X = 0;
[16:05:57.354]        // -> [isMSPM0G1X0X_G3X0X <= 0x00000000]
[16:05:57.354]      __var isProduction = 0;
[16:05:57.354]        // -> [isProduction <= 0x00000000]
[16:05:57.354]      __var continueId = 0;
[16:05:57.354]        // -> [continueId <= 0x00000000]
[16:05:57.354]      deviceID =   Read32(0x41C40004);
[16:05:57.362]        // -> [Read32(0x41C40004) => 0x2BB8802F]   (__dp=0x00000000, __ap=0x00000000)
[16:05:57.362]        // -> [deviceID <= 0x2BB8802F]
[16:05:57.362]      version = deviceID >> 28;
[16:05:57.362]        // -> [version <= 0x00000002]
[16:05:57.363]      partNum = (deviceID & 0x0FFFF000) >> 12;
[16:05:57.363]        // -> [partNum <= 0x0000BB88]
[16:05:57.363]      manuf = (deviceID & 0x00000FFE) >> 1;
[16:05:57.363]        // -> [manuf <= 0x00000017]
[16:05:57.363]      isMSPM0G1X0X_G3X0X = (partNum == 0xBB88) && (manuf == 0x17);
[16:05:57.363]        // -> [isMSPM0G1X0X_G3X0X <= 0x00000001]
[16:05:57.363]      isProduction = (version > 0);
[16:05:57.363]        // -> [isProduction <= 0x00000001]
[16:05:57.363]    </block>
[16:05:57.363]    <control if="!isMSPM0G1X0X_G3X0X" while="" timeout="0" info="">
[16:05:57.363]      // if-block "!isMSPM0G1X0X_G3X0X"
[16:05:57.363]        // =>  FALSE
[16:05:57.363]      // skip if-block "!isMSPM0G1X0X_G3X0X"
[16:05:57.364]    </control>
[16:05:57.364]    <control if="continueId == 4" while="" timeout="0" info="">
[16:05:57.364]      // if-block "continueId == 4"
[16:05:57.364]        // =>  FALSE
[16:05:57.364]      // skip if-block "continueId == 4"
[16:05:57.364]    </control>
[16:05:57.364]    <control if="!isProduction" while="" timeout="0" info="">
[16:05:57.364]      // if-block "!isProduction"
[16:05:57.364]        // =>  FALSE
[16:05:57.364]      // skip if-block "!isProduction"
[16:05:57.364]    </control>
[16:05:57.364]  </sequence>
[16:05:57.364]  
[16:06:08.353]  **********  Sequence "DebugPortSetup"  (Context="Connect", Pname="", info="")
[16:06:08.353]  
[16:06:08.353]  <debugvars>
[16:06:08.353]    // Pre-defined
[16:06:08.353]    __protocol=0x00010002      (Protocol="SWD", SWJ-DP="True")
[16:06:08.353]    __connection=0x00000202    (Connection Type="Flash", Reset Type="System Reset")
[16:06:08.353]    __dp=0x00000000
[16:06:08.354]    __ap=0x00000000
[16:06:08.354]    __traceout=0x00000000      (Trace Disabled)
[16:06:08.354]    __errorcontrol=0x00000000  (Skip Errors="False")
[16:06:08.354]    __FlashAddr=0x00000000
[16:06:08.354]    __FlashLen=0x00000000
[16:06:08.354]    __FlashArg=0x00000000
[16:06:08.354]    __FlashOp=0x00000000
[16:06:08.354]    __Result=0x00000000
[16:06:08.354]  </debugvars>
[16:06:08.354]  
[16:06:08.354]  <sequence name="DebugPortSetup" Pname="" disable="false" info="">
[16:06:08.354]    <block atomic="false" info="">
[16:06:08.354]      __var isSWJ      = ((__protocol & 0x00010000) != 0);
[16:06:08.355]        // -> [isSWJ <= 0x00000001]
[16:06:08.355]      __var hasDormant = __protocol & 0x00020000;
[16:06:08.355]        // -> [hasDormant <= 0x00000000]
[16:06:08.355]      __var protType   = __protocol & 0x0000FFFF;
[16:06:08.355]        // -> [protType <= 0x00000002]
[16:06:08.355]    </block>
[16:06:08.355]    <control if="protType == 1" while="" timeout="0" info="">
[16:06:08.355]      // if-block "protType == 1"
[16:06:08.355]        // =>  FALSE
[16:06:08.355]      // skip if-block "protType == 1"
[16:06:08.355]    </control>
[16:06:08.355]    <control if="protType == 2" while="" timeout="0" info="">
[16:06:08.355]      // if-block "protType == 2"
[16:06:08.355]        // =>  TRUE
[16:06:08.355]      <control if="isSWJ" while="" timeout="0" info="">
[16:06:08.355]        // if-block "isSWJ"
[16:06:08.355]          // =>  TRUE
[16:06:08.356]        <control if="hasDormant" while="" timeout="0" info="">
[16:06:08.356]          // if-block "hasDormant"
[16:06:08.356]            // =>  FALSE
[16:06:08.356]          // skip if-block "hasDormant"
[16:06:08.356]        </control>
[16:06:08.356]        <control if="!hasDormant" while="" timeout="0" info="">
[16:06:08.356]          // if-block "!hasDormant"
[16:06:08.356]            // =>  TRUE
[16:06:08.356]          <block atomic="false" info="">
[16:06:08.356]            DAP_SWJ_Sequence(51, 0x0007FFFFFFFFFFFF); //lets put the JTAG line in a reset state
[16:06:08.359]              // -> [DAP_SWJ_Sequence(51, 0x0007FFFFFFFFFFFF)]
[16:06:08.359]            DAP_SWJ_Sequence(16,0xE73C); //SWD to JTAG, this is to ensure the state machine is initialized
[16:06:08.361]              // -> [DAP_SWJ_Sequence(16, 0x000000000000E73C)]
[16:06:08.361]            DAP_SWJ_Sequence(51, 0x0007FFFFFFFFFFFF); //Put it back in reset
[16:06:08.361]              // -> [DAP_SWJ_Sequence(51, 0x0007FFFFFFFFFFFF)]
[16:06:08.361]            DAP_SWJ_Sequence(16, 0xE79E); //JTAG to SWD switch
[16:06:08.363]              // -> [DAP_SWJ_Sequence(16, 0x000000000000E79E)]
[16:06:08.363]            DAP_SWJ_Sequence(51, 0x0007FFFFFFFFFFFF);  //Ensure the switch is successful 
[16:06:08.365]              // -> [DAP_SWJ_Sequence(51, 0x0007FFFFFFFFFFFF)]
[16:06:08.365]            DAP_SWJ_Sequence(7,  0x00); //Give the line some time to initialize
[16:06:08.367]              // -> [DAP_SWJ_Sequence(7, 0x0000000000000000)]
[16:06:08.367]          </block>
[16:06:08.367]          // end if-block "!hasDormant"
[16:06:08.367]        </control>
[16:06:08.367]        // end if-block "isSWJ"
[16:06:08.367]      </control>
[16:06:08.367]      <control if="!isSWJ" while="" timeout="0" info="">
[16:06:08.367]        // if-block "!isSWJ"
[16:06:08.367]          // =>  FALSE
[16:06:08.367]        // skip if-block "!isSWJ"
[16:06:08.367]      </control>
[16:06:08.367]      <block atomic="false" info="">
[16:06:08.367]        ReadDP(0x0);
[16:06:08.371]          // -> [ReadDP(0x00000000) => 0x6BA02477]   (__dp=0x00000000)
[16:06:08.371]      </block>
[16:06:08.371]      // end if-block "protType == 2"
[16:06:08.371]    </control>
[16:06:08.371]  </sequence>
[16:06:08.371]  
[16:06:08.376]  **********  Sequence "DebugPortStart"  (Context="Connect", Pname="", info="")
[16:06:08.376]  
[16:06:08.376]  <debugvars>
[16:06:08.376]    // Pre-defined
[16:06:08.376]    __protocol=0x00010002      (Protocol="SWD", SWJ-DP="True")
[16:06:08.376]    __connection=0x00000202    (Connection Type="Flash", Reset Type="System Reset")
[16:06:08.376]    __dp=0x00000000
[16:06:08.376]    __ap=0x00000000
[16:06:08.376]    __traceout=0x00000000      (Trace Disabled)
[16:06:08.376]    __errorcontrol=0x00000000  (Skip Errors="False")
[16:06:08.376]    __FlashAddr=0x00000000
[16:06:08.376]    __FlashLen=0x00000000
[16:06:08.376]    __FlashArg=0x00000000
[16:06:08.376]    __FlashOp=0x00000000
[16:06:08.376]    __Result=0x00000000
[16:06:08.376]  </debugvars>
[16:06:08.376]  
[16:06:08.376]  <sequence name="DebugPortStart" Pname="" disable="false" info="">
[16:06:08.376]    <block atomic="false" info="">
[16:06:08.376]      __var SW_DP_ABORT       = 0x0;
[16:06:08.376]        // -> [SW_DP_ABORT <= 0x00000000]
[16:06:08.376]      __var DP_CTRL_STAT      = 0x4;
[16:06:08.376]        // -> [DP_CTRL_STAT <= 0x00000004]
[16:06:08.376]      __var DP_SELECT         = 0x8;
[16:06:08.378]        // -> [DP_SELECT <= 0x00000008]
[16:06:08.378]      __var powered_down      = 0;
[16:06:08.378]        // -> [powered_down <= 0x00000000]
[16:06:08.378]      WriteDP(DP_SELECT, 0x00000000);
[16:06:08.381]        // -> [WriteDP(0x00000008, 0x00000000)]   (__dp=0x00000000)
[16:06:08.381]      powered_down = ((ReadDP(DP_CTRL_STAT) & 0xA0000000) != 0xA0000000);
[16:06:08.383]        // -> [ReadDP(0x00000004) => 0x00000040]   (__dp=0x00000000)
[16:06:08.383]        // -> [powered_down <= 0x00000001]
[16:06:08.383]    </block>
[16:06:08.383]    <control if="powered_down" while="" timeout="0" info="">
[16:06:08.383]      // if-block "powered_down"
[16:06:08.383]        // =>  TRUE
[16:06:08.383]      <block atomic="false" info="">
[16:06:08.383]        Message(0, "Debug/System power-up request sent");
[16:06:08.383]        WriteDP(DP_CTRL_STAT, 0x50000000);
[16:06:08.388]          // -> [WriteDP(0x00000004, 0x50000000)]   (__dp=0x00000000)
[16:06:08.388]      </block>
[16:06:08.388]      <control if="" while="(ReadDP(DP_CTRL_STAT) & 0xA0000000) != 0xA0000000" timeout="1000000" info="">
[16:06:08.388]        // while "(ReadDP(DP_CTRL_STAT) & 0xA0000000) != 0xA0000000"  (timeout="1000000")
[16:06:08.391]          // -> [ReadDP(0x00000004) => 0xF0000040]   (__dp=0x00000000)
[16:06:08.391]        // while-condition  =>  FALSE
[16:06:08.391]        // end while "(ReadDP(DP_CTRL_STAT) & 0xA0000000) != 0xA0000000"
[16:06:08.391]      </control>
[16:06:08.391]      <control if="(__protocol & 0xFFFF) == 1" while="" timeout="0" info="">
[16:06:08.391]        // if-block "(__protocol & 0xFFFF) == 1"
[16:06:08.391]          // =>  FALSE
[16:06:08.391]        // skip if-block "(__protocol & 0xFFFF) == 1"
[16:06:08.391]      </control>
[16:06:08.391]      <control if="(__protocol & 0xFFFF) == 2" while="" timeout="0" info="">
[16:06:08.391]        // if-block "(__protocol & 0xFFFF) == 2"
[16:06:08.391]          // =>  TRUE
[16:06:08.391]        <block atomic="false" info="">
[16:06:08.391]          Message(0, "executing SWD power up");
[16:06:08.393]          WriteDP(DP_CTRL_STAT, 0x50000F00);
[16:06:08.393]            // -> [WriteDP(0x00000004, 0x50000F00)]   (__dp=0x00000000)
[16:06:08.393]          WriteDP(SW_DP_ABORT, 0x0000001E);
[16:06:08.393]            // -> [WriteDP(0x00000000, 0x0000001E)]   (__dp=0x00000000)
[16:06:08.393]        </block>
[16:06:08.393]        // end if-block "(__protocol & 0xFFFF) == 2"
[16:06:08.393]      </control>
[16:06:08.393]      // end if-block "powered_down"
[16:06:08.393]    </control>
[16:06:08.393]    <block atomic="false" info="">
[16:06:08.393]      __var DEBUG_PORT_VAL    = 0;
[16:06:08.401]        // -> [DEBUG_PORT_VAL <= 0x00000000]
[16:06:08.401]      __var ACCESS_POINT_VAL  = 0;
[16:06:08.401]        // -> [ACCESS_POINT_VAL <= 0x00000000]
[16:06:08.401]      __ap = 1; 
[16:06:08.401]        // -> [__ap <= 0x00000001]
[16:06:08.401]      WriteAP(0x0C, 0x04); //lets use the mini pwr-ap as backup
[16:06:08.403]        // -> [WriteAP(0x0000000C, 0x00000004)]   (__dp=0x00000000, __ap=0x00000001)
[16:06:08.403]      __ap = 4;
[16:06:08.403]        // -> [__ap <= 0x00000004]
[16:06:08.403]      ACCESS_POINT_VAL = ReadAP(0x00);//Reading current state of access point
[16:06:08.411]        // -> [ReadAP(0x00000000) => 0x00080027]   (__dp=0x00000000, __ap=0x00000004)
[16:06:08.411]        // -> [ACCESS_POINT_VAL <= 0x00080027]
[16:06:08.411]      Message(0, "Current state of access point is: %x",ACCESS_POINT_VAL);
[16:06:08.415]    </block>
[16:06:08.415]    <block atomic="false" info="">
[16:06:08.415]      __var nReset = 0x80;
[16:06:08.415]        // -> [nReset <= 0x00000080]
[16:06:08.415]      __var canReadPins = 0;
[16:06:08.416]        // -> [canReadPins <= 0x00000000]
[16:06:08.416]      canReadPins = (DAP_SWJ_Pins(0x00, nReset, 0) != 0xFFFFFFFF);
[16:06:08.417]        // -> [DAP_SWJ_Pins(0x00, 0x80, 0) => 0x0F]   (Out: nRESET=0  =>  In: SWCLK/TCK=1, SWDIO/TMS=1, TDI=1, TDO=1, nTRST=0, nRESET=0)
[16:06:08.417]        // -> [canReadPins <= 0x00000001]
[16:06:08.417]    </block>
[16:06:08.417]    <control if="" while="1" timeout="200" info="">
[16:06:08.417]      // while "1"  (timeout="200")
[16:06:08.417]      // while-condition  =>  TRUE
[16:06:08.417]      // while "1"  (timeout="200")
[16:06:08.417]      // while-condition  =>  TRUE
[16:06:08.417]      // while "1"  (timeout="200")
[16:06:08.417]      // while-condition  =>  TRUE
[16:06:08.417]      // while "1"  (timeout="200")
[16:06:08.417]      // while-condition  =>  TRUE
[16:06:08.417]      // while "1"  (timeout="200")
[16:06:08.417]      // while-condition  =>  TRUE
[16:06:08.417]      // while "1"  (timeout="200")
[16:06:08.417]      // while-condition  =>  TRUE
[16:06:08.417]      // while "1"  (timeout="200")
[16:06:08.417]      // while-condition  =>  TRUE
[16:06:08.417]      // while "1"  (timeout="200")
[16:06:08.417]      // while-condition  =>  TRUE
[16:06:08.421]      // while "1"  (timeout="200")
[16:06:08.421]      // while-condition  =>  TRUE
[16:06:08.421]      // while "1"  (timeout="200")
[16:06:08.421]      // while-condition  =>  TRUE
[16:06:08.421]      // while "1"  (timeout="200")
[16:06:08.421]      // while-condition  =>  TRUE
[16:06:08.421]      // while "1"  (timeout="200")
[16:06:08.421]      // while-condition  =>  TRUE
[16:06:08.421]      // while "1"  (timeout="200")
[16:06:08.421]      // while-condition  =>  TRUE
[16:06:08.421]      // while "1"  (timeout="200")
[16:06:08.421]      // while-condition  =>  TRUE
[16:06:08.421]      // while "1"  (timeout="200")
[16:06:08.421]      // while-condition  =>  TRUE
[16:06:08.421]      // while "1"  (timeout="200")
[16:06:08.421]      // while-condition  =>  TRUE
[16:06:08.421]      // while "1"  (timeout="200")
[16:06:08.421]      // while-condition  =>  TRUE
[16:06:08.421]      // while "1"  (timeout="200")
[16:06:08.421]      // while-condition  =>  TRUE
[16:06:08.421]      // while "1"  (timeout="200")
[16:06:08.421]      // while-condition  =>  TRUE
[16:06:08.421]      // while "1"  (timeout="200")
[16:06:08.421]      // while-condition  =>  TRUE
[16:06:08.421]      // while "1"  (timeout="200")
[16:06:08.421]      // while-condition  =>  TRUE
[16:06:08.421]      // while "1"  (timeout="200")
[16:06:08.423]      // while-condition  =>  TRUE
[16:06:08.423]      // while "1"  (timeout="200")
[16:06:08.423]      // while-condition  =>  TRUE
[16:06:08.423]      // while "1"  (timeout="200")
[16:06:08.423]      // while-condition  =>  TRUE
[16:06:08.423]      // while "1"  (timeout="200")
[16:06:08.423]      // while-condition  =>  TRUE
[16:06:08.423]      // while "1"  (timeout="200")
[16:06:08.423]      // while-condition  =>  TRUE
[16:06:08.423]      // while "1"  (timeout="200")
[16:06:08.423]      // while-condition  =>  TRUE
[16:06:08.423]      // while "1"  (timeout="200")
[16:06:08.423]      // while-condition  =>  TRUE
[16:06:08.423]      // while "1"  (timeout="200")
[16:06:08.423]      // while-condition  =>  TRUE
[16:06:08.423]      // while "1"  (timeout="200")
[16:06:08.423]      // while-condition  =>  TRUE
[16:06:08.423]      // while "1"  (timeout="200")
[16:06:08.423]      // while-condition  =>  TRUE
[16:06:08.423]      // while "1"  (timeout="200")
[16:06:08.423]      // while-condition  =>  TRUE
[16:06:08.423]      // while "1"  (timeout="200")
[16:06:08.423]      // while-condition  =>  TRUE
[16:06:08.423]      // while "1"  (timeout="200")
[16:06:08.425]      // while-condition  =>  TRUE
[16:06:08.425]      // while "1"  (timeout="200")
[16:06:08.425]      // while-condition  =>  TRUE
[16:06:08.425]      // while "1"  (timeout="200")
[16:06:08.425]      // while-condition  =>  TRUE
[16:06:08.425]      // while "1"  (timeout="200")
[16:06:08.425]      // while-condition  =>  TRUE
[16:06:08.425]      // while "1"  (timeout="200")
[16:06:08.425]      // while-condition  =>  TRUE
[16:06:08.425]      // while "1"  (timeout="200")
[16:06:08.425]      // while-condition  =>  TRUE
[16:06:08.425]      // while "1"  (timeout="200")
[16:06:08.425]      // while-condition  =>  TRUE
[16:06:08.425]      // while "1"  (timeout="200")
[16:06:08.425]      // while-condition  =>  TRUE
[16:06:08.425]      // while "1"  (timeout="200")
[16:06:08.425]      // while-condition  =>  TRUE
[16:06:08.425]      // while "1"  (timeout="200")
[16:06:08.425]      // while-condition  =>  TRUE
[16:06:08.425]      // while "1"  (timeout="200")
[16:06:08.425]      // while-condition  =>  TRUE
[16:06:08.425]      // while "1"  (timeout="200")
[16:06:08.425]      // while-condition  =>  TRUE
[16:06:08.427]      // while "1"  (timeout="200")
[16:06:08.427]      // while  =>  TIMEOUT
[16:06:08.427]      // end while "1"
[16:06:08.427]    </control>
[16:06:08.427]    <control if="canReadPins" while="" timeout="0" info="">
[16:06:08.427]      // if-block "canReadPins"
[16:06:08.427]        // =>  TRUE
[16:06:08.427]      <control if="" while="(DAP_SWJ_Pins(nReset, nReset, 0) & nReset) == 0" timeout="1000000" info="">
[16:06:08.427]        // while "(DAP_SWJ_Pins(nReset, nReset, 0) & nReset) == 0"  (timeout="1000000")
[16:06:08.429]          // -> [DAP_SWJ_Pins(0x80, 0x80, 0) => 0x8F]   (Out: nRESET=1  =>  In: SWCLK/TCK=1, SWDIO/TMS=1, TDI=1, TDO=1, nTRST=0, nRESET=1)
[16:06:08.429]        // while-condition  =>  FALSE
[16:06:08.429]        // end while "(DAP_SWJ_Pins(nReset, nReset, 0) & nReset) == 0"
[16:06:08.429]      </control>
[16:06:08.429]      // end if-block "canReadPins"
[16:06:08.429]    </control>
[16:06:08.429]    <control if="!canReadPins" while="" timeout="0" info="">
[16:06:08.429]      // if-block "!canReadPins"
[16:06:08.429]        // =>  FALSE
[16:06:08.429]      // skip if-block "!canReadPins"
[16:06:08.429]    </control>
[16:06:08.429]    <control if="(ACCESS_POINT_VAL & 0x00E00000) == 0" while="" timeout="0" info="">
[16:06:08.429]      // if-block "(ACCESS_POINT_VAL & 0x00E00000) == 0"
[16:06:08.429]        // =>  TRUE
[16:06:08.429]      <block atomic="false" info="">
[16:06:08.429]        WriteAP(0x00, 0x190008);
[16:06:08.433]          // -> [WriteAP(0x00000000, 0x00190008)]   (__dp=0x00000000, __ap=0x00000004)
[16:06:08.433]        WriteAP(0xF0, 0x01);
[16:06:08.433]          // -> [WriteAP(0x000000F0, 0x00000001)]   (__dp=0x00000000, __ap=0x00000004)
[16:06:08.433]      </block>
[16:06:08.433]      // end if-block "(ACCESS_POINT_VAL & 0x00E00000) == 0"
[16:06:08.433]    </control>
[16:06:08.433]    <control if="(ACCESS_POINT_VAL & 0x00E00000) != 0" while="" timeout="0" info="">
[16:06:08.433]      // if-block "(ACCESS_POINT_VAL & 0x00E00000) != 0"
[16:06:08.433]        // =>  FALSE
[16:06:08.433]      // skip if-block "(ACCESS_POINT_VAL & 0x00E00000) != 0"
[16:06:08.433]    </control>
[16:06:08.433]    <block atomic="false" info="">
[16:06:08.433]      ACCESS_POINT_VAL = ReadAP(0x00);//Reading current state of access point
[16:06:08.439]        // -> [ReadAP(0x00000000) => 0x0079002F]   (__dp=0x00000000, __ap=0x00000004)
[16:06:08.439]        // -> [ACCESS_POINT_VAL <= 0x0079002F]
[16:06:08.439]      Message(0, "Current state of access point is: %x",ACCESS_POINT_VAL);
[16:06:08.443]      __ap = 0; //lets make sure we reset the access point selection
[16:06:08.443]        // -> [__ap <= 0x00000000]
[16:06:08.443]    </block>
[16:06:08.443]  </sequence>
[16:06:08.443]  
[16:06:08.463]  **********  Sequence "DebugDeviceUnlock"  (Context="Connect", Pname="", info="")
[16:06:08.463]  
[16:06:08.463]  <debugvars>
[16:06:08.463]    // Pre-defined
[16:06:08.463]    __protocol=0x00010002      (Protocol="SWD", SWJ-DP="True")
[16:06:08.463]    __connection=0x00000202    (Connection Type="Flash", Reset Type="System Reset")
[16:06:08.463]    __dp=0x00000000
[16:06:08.463]    __ap=0x00000000
[16:06:08.463]    __traceout=0x00000000      (Trace Disabled)
[16:06:08.463]    __errorcontrol=0x00000000  (Skip Errors="False")
[16:06:08.463]    __FlashAddr=0x00000000
[16:06:08.463]    __FlashLen=0x00000000
[16:06:08.463]    __FlashArg=0x00000000
[16:06:08.463]    __FlashOp=0x00000000
[16:06:08.463]    __Result=0x00000000
[16:06:08.463]  </debugvars>
[16:06:08.463]  
[16:06:08.467]  <sequence name="DebugDeviceUnlock" Pname="" disable="false" info="">
[16:06:08.467]    <block atomic="false" info="">
[16:06:08.467]      __var deviceID = 0;
[16:06:08.467]        // -> [deviceID <= 0x00000000]
[16:06:08.467]      __var version = 0;
[16:06:08.467]        // -> [version <= 0x00000000]
[16:06:08.467]      __var partNum = 0;
[16:06:08.467]        // -> [partNum <= 0x00000000]
[16:06:08.467]      __var manuf = 0;
[16:06:08.467]        // -> [manuf <= 0x00000000]
[16:06:08.467]      __var isMSPM0G1X0X_G3X0X = 0;
[16:06:08.467]        // -> [isMSPM0G1X0X_G3X0X <= 0x00000000]
[16:06:08.467]      __var isProduction = 0;
[16:06:08.467]        // -> [isProduction <= 0x00000000]
[16:06:08.467]      __var continueId = 0;
[16:06:08.467]        // -> [continueId <= 0x00000000]
[16:06:08.467]      deviceID =   Read32(0x41C40004);
[16:06:08.473]        // -> [Read32(0x41C40004) => 0x2BB8802F]   (__dp=0x00000000, __ap=0x00000000)
[16:06:08.473]        // -> [deviceID <= 0x2BB8802F]
[16:06:08.473]      version = deviceID >> 28;
[16:06:08.473]        // -> [version <= 0x00000002]
[16:06:08.473]      partNum = (deviceID & 0x0FFFF000) >> 12;
[16:06:08.473]        // -> [partNum <= 0x0000BB88]
[16:06:08.473]      manuf = (deviceID & 0x00000FFE) >> 1;
[16:06:08.473]        // -> [manuf <= 0x00000017]
[16:06:08.473]      isMSPM0G1X0X_G3X0X = (partNum == 0xBB88) && (manuf == 0x17);
[16:06:08.473]        // -> [isMSPM0G1X0X_G3X0X <= 0x00000001]
[16:06:08.473]      isProduction = (version > 0);
[16:06:08.473]        // -> [isProduction <= 0x00000001]
[16:06:08.473]    </block>
[16:06:08.473]    <control if="!isMSPM0G1X0X_G3X0X" while="" timeout="0" info="">
[16:06:08.473]      // if-block "!isMSPM0G1X0X_G3X0X"
[16:06:08.473]        // =>  FALSE
[16:06:08.473]      // skip if-block "!isMSPM0G1X0X_G3X0X"
[16:06:08.473]    </control>
[16:06:08.473]    <control if="continueId == 4" while="" timeout="0" info="">
[16:06:08.473]      // if-block "continueId == 4"
[16:06:08.473]        // =>  FALSE
[16:06:08.473]      // skip if-block "continueId == 4"
[16:06:08.473]    </control>
[16:06:08.473]    <control if="!isProduction" while="" timeout="0" info="">
[16:06:08.473]      // if-block "!isProduction"
[16:06:08.477]        // =>  FALSE
[16:06:08.477]      // skip if-block "!isProduction"
[16:06:08.477]    </control>
[16:06:08.477]  </sequence>
[16:06:08.478]  
[16:06:29.730]  **********  Sequence "DebugPortSetup"  (Context="Connect", Pname="", info="")
[16:06:29.730]  
[16:06:29.730]  <debugvars>
[16:06:29.731]    // Pre-defined
[16:06:29.731]    __protocol=0x00010002      (Protocol="SWD", SWJ-DP="True")
[16:06:29.731]    __connection=0x00000202    (Connection Type="Flash", Reset Type="System Reset")
[16:06:29.731]    __dp=0x00000000
[16:06:29.731]    __ap=0x00000000
[16:06:29.731]    __traceout=0x00000000      (Trace Disabled)
[16:06:29.731]    __errorcontrol=0x00000000  (Skip Errors="False")
[16:06:29.731]    __FlashAddr=0x00000000
[16:06:29.731]    __FlashLen=0x00000000
[16:06:29.731]    __FlashArg=0x00000000
[16:06:29.731]    __FlashOp=0x00000000
[16:06:29.731]    __Result=0x00000000
[16:06:29.731]  </debugvars>
[16:06:29.731]  
[16:06:29.732]  <sequence name="DebugPortSetup" Pname="" disable="false" info="">
[16:06:29.732]    <block atomic="false" info="">
[16:06:29.732]      __var isSWJ      = ((__protocol & 0x00010000) != 0);
[16:06:29.732]        // -> [isSWJ <= 0x00000001]
[16:06:29.732]      __var hasDormant = __protocol & 0x00020000;
[16:06:29.732]        // -> [hasDormant <= 0x00000000]
[16:06:29.732]      __var protType   = __protocol & 0x0000FFFF;
[16:06:29.732]        // -> [protType <= 0x00000002]
[16:06:29.732]    </block>
[16:06:29.732]    <control if="protType == 1" while="" timeout="0" info="">
[16:06:29.732]      // if-block "protType == 1"
[16:06:29.732]        // =>  FALSE
[16:06:29.732]      // skip if-block "protType == 1"
[16:06:29.732]    </control>
[16:06:29.732]    <control if="protType == 2" while="" timeout="0" info="">
[16:06:29.732]      // if-block "protType == 2"
[16:06:29.732]        // =>  TRUE
[16:06:29.732]      <control if="isSWJ" while="" timeout="0" info="">
[16:06:29.732]        // if-block "isSWJ"
[16:06:29.732]          // =>  TRUE
[16:06:29.732]        <control if="hasDormant" while="" timeout="0" info="">
[16:06:29.732]          // if-block "hasDormant"
[16:06:29.732]            // =>  FALSE
[16:06:29.732]          // skip if-block "hasDormant"
[16:06:29.732]        </control>
[16:06:29.732]        <control if="!hasDormant" while="" timeout="0" info="">
[16:06:29.732]          // if-block "!hasDormant"
[16:06:29.732]            // =>  TRUE
[16:06:29.732]          <block atomic="false" info="">
[16:06:29.732]            DAP_SWJ_Sequence(51, 0x0007FFFFFFFFFFFF); //lets put the JTAG line in a reset state
[16:06:29.732]              // -> [DAP_SWJ_Sequence(51, 0x0007FFFFFFFFFFFF)]
[16:06:29.732]            DAP_SWJ_Sequence(16,0xE73C); //SWD to JTAG, this is to ensure the state machine is initialized
[16:06:29.732]              // -> [DAP_SWJ_Sequence(16, 0x000000000000E73C)]
[16:06:29.738]            DAP_SWJ_Sequence(51, 0x0007FFFFFFFFFFFF); //Put it back in reset
[16:06:29.738]              // -> [DAP_SWJ_Sequence(51, 0x0007FFFFFFFFFFFF)]
[16:06:29.738]            DAP_SWJ_Sequence(16, 0xE79E); //JTAG to SWD switch
[16:06:29.738]              // -> [DAP_SWJ_Sequence(16, 0x000000000000E79E)]
[16:06:29.738]            DAP_SWJ_Sequence(51, 0x0007FFFFFFFFFFFF);  //Ensure the switch is successful 
[16:06:29.742]              // -> [DAP_SWJ_Sequence(51, 0x0007FFFFFFFFFFFF)]
[16:06:29.742]            DAP_SWJ_Sequence(7,  0x00); //Give the line some time to initialize
[16:06:29.742]              // -> [DAP_SWJ_Sequence(7, 0x0000000000000000)]
[16:06:29.742]          </block>
[16:06:29.742]          // end if-block "!hasDormant"
[16:06:29.742]        </control>
[16:06:29.742]        // end if-block "isSWJ"
[16:06:29.742]      </control>
[16:06:29.742]      <control if="!isSWJ" while="" timeout="0" info="">
[16:06:29.742]        // if-block "!isSWJ"
[16:06:29.742]          // =>  FALSE
[16:06:29.742]        // skip if-block "!isSWJ"
[16:06:29.742]      </control>
[16:06:29.742]      <block atomic="false" info="">
[16:06:29.748]        ReadDP(0x0);
[16:06:29.751]          // -> [ReadDP(0x00000000) => 0x6BA02477]   (__dp=0x00000000)
[16:06:29.751]      </block>
[16:06:29.751]      // end if-block "protType == 2"
[16:06:29.751]    </control>
[16:06:29.751]  </sequence>
[16:06:29.751]  
[16:06:29.751]  **********  Sequence "DebugPortStart"  (Context="Connect", Pname="", info="")
[16:06:29.751]  
[16:06:29.751]  <debugvars>
[16:06:29.751]    // Pre-defined
[16:06:29.751]    __protocol=0x00010002      (Protocol="SWD", SWJ-DP="True")
[16:06:29.758]    __connection=0x00000202    (Connection Type="Flash", Reset Type="System Reset")
[16:06:29.758]    __dp=0x00000000
[16:06:29.758]    __ap=0x00000000
[16:06:29.758]    __traceout=0x00000000      (Trace Disabled)
[16:06:29.758]    __errorcontrol=0x00000000  (Skip Errors="False")
[16:06:29.758]    __FlashAddr=0x00000000
[16:06:29.758]    __FlashLen=0x00000000
[16:06:29.758]    __FlashArg=0x00000000
[16:06:29.758]    __FlashOp=0x00000000
[16:06:29.758]    __Result=0x00000000
[16:06:29.758]  </debugvars>
[16:06:29.758]  
[16:06:29.758]  <sequence name="DebugPortStart" Pname="" disable="false" info="">
[16:06:29.758]    <block atomic="false" info="">
[16:06:29.758]      __var SW_DP_ABORT       = 0x0;
[16:06:29.758]        // -> [SW_DP_ABORT <= 0x00000000]
[16:06:29.758]      __var DP_CTRL_STAT      = 0x4;
[16:06:29.758]        // -> [DP_CTRL_STAT <= 0x00000004]
[16:06:29.758]      __var DP_SELECT         = 0x8;
[16:06:29.758]        // -> [DP_SELECT <= 0x00000008]
[16:06:29.758]      __var powered_down      = 0;
[16:06:29.758]        // -> [powered_down <= 0x00000000]
[16:06:29.758]      WriteDP(DP_SELECT, 0x00000000);
[16:06:29.761]        // -> [WriteDP(0x00000008, 0x00000000)]   (__dp=0x00000000)
[16:06:29.761]      powered_down = ((ReadDP(DP_CTRL_STAT) & 0xA0000000) != 0xA0000000);
[16:06:29.761]        // -> [ReadDP(0x00000004) => 0x00000040]   (__dp=0x00000000)
[16:06:29.761]        // -> [powered_down <= 0x00000001]
[16:06:29.761]    </block>
[16:06:29.761]    <control if="powered_down" while="" timeout="0" info="">
[16:06:29.761]      // if-block "powered_down"
[16:06:29.761]        // =>  TRUE
[16:06:29.761]      <block atomic="false" info="">
[16:06:29.761]        Message(0, "Debug/System power-up request sent");
[16:06:29.761]        WriteDP(DP_CTRL_STAT, 0x50000000);
[16:06:29.761]          // -> [WriteDP(0x00000004, 0x50000000)]   (__dp=0x00000000)
[16:06:29.761]      </block>
[16:06:29.761]      <control if="" while="(ReadDP(DP_CTRL_STAT) & 0xA0000000) != 0xA0000000" timeout="1000000" info="">
[16:06:29.761]        // while "(ReadDP(DP_CTRL_STAT) & 0xA0000000) != 0xA0000000"  (timeout="1000000")
[16:06:29.768]          // -> [ReadDP(0x00000004) => 0xF0000040]   (__dp=0x00000000)
[16:06:29.768]        // while-condition  =>  FALSE
[16:06:29.768]        // end while "(ReadDP(DP_CTRL_STAT) & 0xA0000000) != 0xA0000000"
[16:06:29.768]      </control>
[16:06:29.768]      <control if="(__protocol & 0xFFFF) == 1" while="" timeout="0" info="">
[16:06:29.768]        // if-block "(__protocol & 0xFFFF) == 1"
[16:06:29.768]          // =>  FALSE
[16:06:29.768]        // skip if-block "(__protocol & 0xFFFF) == 1"
[16:06:29.768]      </control>
[16:06:29.768]      <control if="(__protocol & 0xFFFF) == 2" while="" timeout="0" info="">
[16:06:29.768]        // if-block "(__protocol & 0xFFFF) == 2"
[16:06:29.768]          // =>  TRUE
[16:06:29.768]        <block atomic="false" info="">
[16:06:29.768]          Message(0, "executing SWD power up");
[16:06:29.771]          WriteDP(DP_CTRL_STAT, 0x50000F00);
[16:06:29.771]            // -> [WriteDP(0x00000004, 0x50000F00)]   (__dp=0x00000000)
[16:06:29.774]          WriteDP(SW_DP_ABORT, 0x0000001E);
[16:06:29.774]            // -> [WriteDP(0x00000000, 0x0000001E)]   (__dp=0x00000000)
[16:06:29.774]        </block>
[16:06:29.774]        // end if-block "(__protocol & 0xFFFF) == 2"
[16:06:29.774]      </control>
[16:06:29.774]      // end if-block "powered_down"
[16:06:29.774]    </control>
[16:06:29.774]    <block atomic="false" info="">
[16:06:29.774]      __var DEBUG_PORT_VAL    = 0;
[16:06:29.774]        // -> [DEBUG_PORT_VAL <= 0x00000000]
[16:06:29.774]      __var ACCESS_POINT_VAL  = 0;
[16:06:29.774]        // -> [ACCESS_POINT_VAL <= 0x00000000]
[16:06:29.774]      __ap = 1; 
[16:06:29.774]        // -> [__ap <= 0x00000001]
[16:06:29.774]      WriteAP(0x0C, 0x04); //lets use the mini pwr-ap as backup
[16:06:29.782]        // -> [WriteAP(0x0000000C, 0x00000004)]   (__dp=0x00000000, __ap=0x00000001)
[16:06:29.783]      __ap = 4;
[16:06:29.783]        // -> [__ap <= 0x00000004]
[16:06:29.783]      ACCESS_POINT_VAL = ReadAP(0x00);//Reading current state of access point
[16:06:29.788]        // -> [ReadAP(0x00000000) => 0x00080027]   (__dp=0x00000000, __ap=0x00000004)
[16:06:29.788]        // -> [ACCESS_POINT_VAL <= 0x00080027]
[16:06:29.788]      Message(0, "Current state of access point is: %x",ACCESS_POINT_VAL);
[16:06:29.788]    </block>
[16:06:29.788]    <block atomic="false" info="">
[16:06:29.788]      __var nReset = 0x80;
[16:06:29.788]        // -> [nReset <= 0x00000080]
[16:06:29.788]      __var canReadPins = 0;
[16:06:29.788]        // -> [canReadPins <= 0x00000000]
[16:06:29.788]      canReadPins = (DAP_SWJ_Pins(0x00, nReset, 0) != 0xFFFFFFFF);
[16:06:29.793]        // -> [DAP_SWJ_Pins(0x00, 0x80, 0) => 0x0F]   (Out: nRESET=0  =>  In: SWCLK/TCK=1, SWDIO/TMS=1, TDI=1, TDO=1, nTRST=0, nRESET=0)
[16:06:29.793]        // -> [canReadPins <= 0x00000001]
[16:06:29.793]    </block>
[16:06:29.793]    <control if="" while="1" timeout="200" info="">
[16:06:29.793]      // while "1"  (timeout="200")
[16:06:29.793]      // while-condition  =>  TRUE
[16:06:29.793]      // while "1"  (timeout="200")
[16:06:29.793]      // while-condition  =>  TRUE
[16:06:29.793]      // while "1"  (timeout="200")
[16:06:29.793]      // while-condition  =>  TRUE
[16:06:29.793]      // while "1"  (timeout="200")
[16:06:29.793]      // while-condition  =>  TRUE
[16:06:29.793]      // while "1"  (timeout="200")
[16:06:29.793]      // while-condition  =>  TRUE
[16:06:29.793]      // while "1"  (timeout="200")
[16:06:29.793]      // while-condition  =>  TRUE
[16:06:29.793]      // while "1"  (timeout="200")
[16:06:29.793]      // while-condition  =>  TRUE
[16:06:29.793]      // while "1"  (timeout="200")
[16:06:29.793]      // while-condition  =>  TRUE
[16:06:29.793]      // while "1"  (timeout="200")
[16:06:29.793]      // while-condition  =>  TRUE
[16:06:29.793]      // while "1"  (timeout="200")
[16:06:29.793]      // while-condition  =>  TRUE
[16:06:29.793]      // while "1"  (timeout="200")
[16:06:29.793]      // while-condition  =>  TRUE
[16:06:29.793]      // while "1"  (timeout="200")
[16:06:29.793]      // while-condition  =>  TRUE
[16:06:29.793]      // while "1"  (timeout="200")
[16:06:29.793]      // while-condition  =>  TRUE
[16:06:29.793]      // while "1"  (timeout="200")
[16:06:29.793]      // while-condition  =>  TRUE
[16:06:29.793]      // while "1"  (timeout="200")
[16:06:29.793]      // while-condition  =>  TRUE
[16:06:29.793]      // while "1"  (timeout="200")
[16:06:29.793]      // while-condition  =>  TRUE
[16:06:29.793]      // while "1"  (timeout="200")
[16:06:29.793]      // while-condition  =>  TRUE
[16:06:29.793]      // while "1"  (timeout="200")
[16:06:29.793]      // while-condition  =>  TRUE
[16:06:29.793]      // while "1"  (timeout="200")
[16:06:29.793]      // while-condition  =>  TRUE
[16:06:29.793]      // while "1"  (timeout="200")
[16:06:29.793]      // while-condition  =>  TRUE
[16:06:29.793]      // while "1"  (timeout="200")
[16:06:29.793]      // while-condition  =>  TRUE
[16:06:29.793]      // while "1"  (timeout="200")
[16:06:29.793]      // while-condition  =>  TRUE
[16:06:29.793]      // while "1"  (timeout="200")
[16:06:29.793]      // while-condition  =>  TRUE
[16:06:29.793]      // while "1"  (timeout="200")
[16:06:29.793]      // while-condition  =>  TRUE
[16:06:29.798]      // while "1"  (timeout="200")
[16:06:29.798]      // while-condition  =>  TRUE
[16:06:29.798]      // while "1"  (timeout="200")
[16:06:29.798]      // while-condition  =>  TRUE
[16:06:29.798]      // while "1"  (timeout="200")
[16:06:29.798]      // while-condition  =>  TRUE
[16:06:29.798]      // while "1"  (timeout="200")
[16:06:29.799]      // while-condition  =>  TRUE
[16:06:29.799]      // while "1"  (timeout="200")
[16:06:29.799]      // while-condition  =>  TRUE
[16:06:29.799]      // while "1"  (timeout="200")
[16:06:29.799]      // while-condition  =>  TRUE
[16:06:29.799]      // while "1"  (timeout="200")
[16:06:29.799]      // while-condition  =>  TRUE
[16:06:29.799]      // while "1"  (timeout="200")
[16:06:29.799]      // while-condition  =>  TRUE
[16:06:29.799]      // while "1"  (timeout="200")
[16:06:29.799]      // while-condition  =>  TRUE
[16:06:29.799]      // while "1"  (timeout="200")
[16:06:29.799]      // while-condition  =>  TRUE
[16:06:29.799]      // while "1"  (timeout="200")
[16:06:29.799]      // while-condition  =>  TRUE
[16:06:29.799]      // while "1"  (timeout="200")
[16:06:29.799]      // while-condition  =>  TRUE
[16:06:29.799]      // while "1"  (timeout="200")
[16:06:29.799]      // while-condition  =>  TRUE
[16:06:29.799]      // while "1"  (timeout="200")
[16:06:29.799]      // while-condition  =>  TRUE
[16:06:29.799]      // while "1"  (timeout="200")
[16:06:29.799]      // while-condition  =>  TRUE
[16:06:29.799]      // while "1"  (timeout="200")
[16:06:29.799]      // while-condition  =>  TRUE
[16:06:29.799]      // while "1"  (timeout="200")
[16:06:29.799]      // while-condition  =>  TRUE
[16:06:29.799]      // while "1"  (timeout="200")
[16:06:29.799]      // while-condition  =>  TRUE
[16:06:29.799]      // while "1"  (timeout="200")
[16:06:29.799]      // while-condition  =>  TRUE
[16:06:29.799]      // while "1"  (timeout="200")
[16:06:29.799]      // while-condition  =>  TRUE
[16:06:29.799]      // while "1"  (timeout="200")
[16:06:29.799]      // while-condition  =>  TRUE
[16:06:29.799]      // while "1"  (timeout="200")
[16:06:29.799]      // while-condition  =>  TRUE
[16:06:29.799]      // while "1"  (timeout="200")
[16:06:29.799]      // while-condition  =>  TRUE
[16:06:29.799]      // while "1"  (timeout="200")
[16:06:29.799]      // while-condition  =>  TRUE
[16:06:29.799]      // while "1"  (timeout="200")
[16:06:29.799]      // while-condition  =>  TRUE
[16:06:29.799]      // while "1"  (timeout="200")
[16:06:29.799]      // while-condition  =>  TRUE
[16:06:29.799]      // while "1"  (timeout="200")
[16:06:29.799]      // while-condition  =>  TRUE
[16:06:29.799]      // while "1"  (timeout="200")
[16:06:29.799]      // while-condition  =>  TRUE
[16:06:29.799]      // while "1"  (timeout="200")
[16:06:29.799]      // while-condition  =>  TRUE
[16:06:29.799]      // while "1"  (timeout="200")
[16:06:29.799]      // while-condition  =>  TRUE
[16:06:29.799]      // while "1"  (timeout="200")
[16:06:29.799]      // while-condition  =>  TRUE
[16:06:29.799]      // while "1"  (timeout="200")
[16:06:29.799]      // while-condition  =>  TRUE
[16:06:29.799]      // while "1"  (timeout="200")
[16:06:29.799]      // while-condition  =>  TRUE
[16:06:29.799]      // while "1"  (timeout="200")
[16:06:29.799]      // while-condition  =>  TRUE
[16:06:29.799]      // while "1"  (timeout="200")
[16:06:29.799]      // while-condition  =>  TRUE
[16:06:29.799]      // while "1"  (timeout="200")
[16:06:29.799]      // while-condition  =>  TRUE
[16:06:29.799]      // while "1"  (timeout="200")
[16:06:29.799]      // while-condition  =>  TRUE
[16:06:29.799]      // while "1"  (timeout="200")
[16:06:29.799]      // while-condition  =>  TRUE
[16:06:29.799]      // while "1"  (timeout="200")
[16:06:29.799]      // while-condition  =>  TRUE
[16:06:29.799]      // while "1"  (timeout="200")
[16:06:29.799]      // while-condition  =>  TRUE
[16:06:29.799]      // while "1"  (timeout="200")
[16:06:29.799]      // while-condition  =>  TRUE
[16:06:29.799]      // while "1"  (timeout="200")
[16:06:29.799]      // while-condition  =>  TRUE
[16:06:29.799]      // while "1"  (timeout="200")
[16:06:29.799]      // while-condition  =>  TRUE
[16:06:29.799]      // while "1"  (timeout="200")
[16:06:29.799]      // while-condition  =>  TRUE
[16:06:29.799]      // while "1"  (timeout="200")
[16:06:29.799]      // while-condition  =>  TRUE
[16:06:29.799]      // while "1"  (timeout="200")
[16:06:29.799]      // while-condition  =>  TRUE
[16:06:29.799]      // while "1"  (timeout="200")
[16:06:29.799]      // while-condition  =>  TRUE
[16:06:29.799]      // while "1"  (timeout="200")
[16:06:29.799]      // while-condition  =>  TRUE
[16:06:29.799]      // while "1"  (timeout="200")
[16:06:29.799]      // while-condition  =>  TRUE
[16:06:29.799]      // while "1"  (timeout="200")
[16:06:29.799]      // while-condition  =>  TRUE
[16:06:29.799]      // while "1"  (timeout="200")
[16:06:29.799]      // while-condition  =>  TRUE
[16:06:29.799]      // while "1"  (timeout="200")
[16:06:29.799]      // while-condition  =>  TRUE
[16:06:29.799]      // while "1"  (timeout="200")
[16:06:29.799]      // while-condition  =>  TRUE
[16:06:29.799]      // while "1"  (timeout="200")
[16:06:29.799]      // while-condition  =>  TRUE
[16:06:29.799]      // while "1"  (timeout="200")
[16:06:29.799]      // while-condition  =>  TRUE
[16:06:29.799]      // while "1"  (timeout="200")
[16:06:29.799]      // while-condition  =>  TRUE
[16:06:29.799]      // while "1"  (timeout="200")
[16:06:29.799]      // while-condition  =>  TRUE
[16:06:29.799]      // while "1"  (timeout="200")
[16:06:29.799]      // while-condition  =>  TRUE
[16:06:29.799]      // while "1"  (timeout="200")
[16:06:29.799]      // while-condition  =>  TRUE
[16:06:29.799]      // while "1"  (timeout="200")
[16:06:29.799]      // while-condition  =>  TRUE
[16:06:29.799]      // while "1"  (timeout="200")
[16:06:29.799]      // while-condition  =>  TRUE
[16:06:29.799]      // while "1"  (timeout="200")
[16:06:29.799]      // while-condition  =>  TRUE
[16:06:29.799]      // while "1"  (timeout="200")
[16:06:29.799]      // while-condition  =>  TRUE
[16:06:29.799]      // while "1"  (timeout="200")
[16:06:29.799]      // while-condition  =>  TRUE
[16:06:29.799]      // while "1"  (timeout="200")
[16:06:29.799]      // while-condition  =>  TRUE
[16:06:29.799]      // while "1"  (timeout="200")
[16:06:29.799]      // while-condition  =>  TRUE
[16:06:29.799]      // while "1"  (timeout="200")
[16:06:29.799]      // while-condition  =>  TRUE
[16:06:29.799]      // while "1"  (timeout="200")
[16:06:29.799]      // while-condition  =>  TRUE
[16:06:29.799]      // while "1"  (timeout="200")
[16:06:29.799]      // while-condition  =>  TRUE
[16:06:29.799]      // while "1"  (timeout="200")
[16:06:29.799]      // while-condition  =>  TRUE
[16:06:29.799]      // while "1"  (timeout="200")
[16:06:29.799]      // while-condition  =>  TRUE
[16:06:29.799]      // while "1"  (timeout="200")
[16:06:29.799]      // while-condition  =>  TRUE
[16:06:29.799]      // while "1"  (timeout="200")
[16:06:29.799]      // while-condition  =>  TRUE
[16:06:29.799]      // while "1"  (timeout="200")
[16:06:29.799]      // while-condition  =>  TRUE
[16:06:29.799]      // while "1"  (timeout="200")
[16:06:29.808]      // while-condition  =>  TRUE
[16:06:29.808]      // while "1"  (timeout="200")
[16:06:29.808]      // while  =>  TIMEOUT
[16:06:29.808]      // end while "1"
[16:06:29.808]    </control>
[16:06:29.809]    <control if="canReadPins" while="" timeout="0" info="">
[16:06:29.809]      // if-block "canReadPins"
[16:06:29.809]        // =>  TRUE
[16:06:29.809]      <control if="" while="(DAP_SWJ_Pins(nReset, nReset, 0) & nReset) == 0" timeout="1000000" info="">
[16:06:29.809]        // while "(DAP_SWJ_Pins(nReset, nReset, 0) & nReset) == 0"  (timeout="1000000")
[16:06:29.809]          // -> [DAP_SWJ_Pins(0x80, 0x80, 0) => 0x8F]   (Out: nRESET=1  =>  In: SWCLK/TCK=1, SWDIO/TMS=1, TDI=1, TDO=1, nTRST=0, nRESET=1)
[16:06:29.809]        // while-condition  =>  FALSE
[16:06:29.809]        // end while "(DAP_SWJ_Pins(nReset, nReset, 0) & nReset) == 0"
[16:06:29.809]      </control>
[16:06:29.809]      // end if-block "canReadPins"
[16:06:29.809]    </control>
[16:06:29.809]    <control if="!canReadPins" while="" timeout="0" info="">
[16:06:29.809]      // if-block "!canReadPins"
[16:06:29.809]        // =>  FALSE
[16:06:29.809]      // skip if-block "!canReadPins"
[16:06:29.809]    </control>
[16:06:29.809]    <control if="(ACCESS_POINT_VAL & 0x00E00000) == 0" while="" timeout="0" info="">
[16:06:29.809]      // if-block "(ACCESS_POINT_VAL & 0x00E00000) == 0"
[16:06:29.809]        // =>  TRUE
[16:06:29.809]      <block atomic="false" info="">
[16:06:29.809]        WriteAP(0x00, 0x190008);
[16:06:29.813]          // -> [WriteAP(0x00000000, 0x00190008)]   (__dp=0x00000000, __ap=0x00000004)
[16:06:29.813]        WriteAP(0xF0, 0x01);
[16:06:29.818]          // -> [WriteAP(0x000000F0, 0x00000001)]   (__dp=0x00000000, __ap=0x00000004)
[16:06:29.819]      </block>
[16:06:29.819]      // end if-block "(ACCESS_POINT_VAL & 0x00E00000) == 0"
[16:06:29.819]    </control>
[16:06:29.819]    <control if="(ACCESS_POINT_VAL & 0x00E00000) != 0" while="" timeout="0" info="">
[16:06:29.819]      // if-block "(ACCESS_POINT_VAL & 0x00E00000) != 0"
[16:06:29.819]        // =>  FALSE
[16:06:29.819]      // skip if-block "(ACCESS_POINT_VAL & 0x00E00000) != 0"
[16:06:29.819]    </control>
[16:06:29.820]    <block atomic="false" info="">
[16:06:29.820]      ACCESS_POINT_VAL = ReadAP(0x00);//Reading current state of access point
[16:06:29.823]        // -> [ReadAP(0x00000000) => 0x0079002F]   (__dp=0x00000000, __ap=0x00000004)
[16:06:29.823]        // -> [ACCESS_POINT_VAL <= 0x0079002F]
[16:06:29.823]      Message(0, "Current state of access point is: %x",ACCESS_POINT_VAL);
[16:06:29.825]      __ap = 0; //lets make sure we reset the access point selection
[16:06:29.826]        // -> [__ap <= 0x00000000]
[16:06:29.826]    </block>
[16:06:29.826]  </sequence>
[16:06:29.826]  
[16:06:29.843]  **********  Sequence "DebugDeviceUnlock"  (Context="Connect", Pname="", info="")
[16:06:29.843]  
[16:06:29.847]  <debugvars>
[16:06:29.847]    // Pre-defined
[16:06:29.847]    __protocol=0x00010002      (Protocol="SWD", SWJ-DP="True")
[16:06:29.847]    __connection=0x00000202    (Connection Type="Flash", Reset Type="System Reset")
[16:06:29.847]    __dp=0x00000000
[16:06:29.847]    __ap=0x00000000
[16:06:29.847]    __traceout=0x00000000      (Trace Disabled)
[16:06:29.847]    __errorcontrol=0x00000000  (Skip Errors="False")
[16:06:29.847]    __FlashAddr=0x00000000
[16:06:29.847]    __FlashLen=0x00000000
[16:06:29.847]    __FlashArg=0x00000000
[16:06:29.848]    __FlashOp=0x00000000
[16:06:29.848]    __Result=0x00000000
[16:06:29.848]  </debugvars>
[16:06:29.848]  
[16:06:29.848]  <sequence name="DebugDeviceUnlock" Pname="" disable="false" info="">
[16:06:29.848]    <block atomic="false" info="">
[16:06:29.848]      __var deviceID = 0;
[16:06:29.848]        // -> [deviceID <= 0x00000000]
[16:06:29.848]      __var version = 0;
[16:06:29.848]        // -> [version <= 0x00000000]
[16:06:29.848]      __var partNum = 0;
[16:06:29.848]        // -> [partNum <= 0x00000000]
[16:06:29.848]      __var manuf = 0;
[16:06:29.848]        // -> [manuf <= 0x00000000]
[16:06:29.848]      __var isMSPM0G1X0X_G3X0X = 0;
[16:06:29.848]        // -> [isMSPM0G1X0X_G3X0X <= 0x00000000]
[16:06:29.848]      __var isProduction = 0;
[16:06:29.848]        // -> [isProduction <= 0x00000000]
[16:06:29.848]      __var continueId = 0;
[16:06:29.848]        // -> [continueId <= 0x00000000]
[16:06:29.848]      deviceID =   Read32(0x41C40004);
[16:06:29.857]        // -> [Read32(0x41C40004) => 0x2BB8802F]   (__dp=0x00000000, __ap=0x00000000)
[16:06:29.858]        // -> [deviceID <= 0x2BB8802F]
[16:06:29.858]      version = deviceID >> 28;
[16:06:29.858]        // -> [version <= 0x00000002]
[16:06:29.858]      partNum = (deviceID & 0x0FFFF000) >> 12;
[16:06:29.858]        // -> [partNum <= 0x0000BB88]
[16:06:29.858]      manuf = (deviceID & 0x00000FFE) >> 1;
[16:06:29.858]        // -> [manuf <= 0x00000017]
[16:06:29.858]      isMSPM0G1X0X_G3X0X = (partNum == 0xBB88) && (manuf == 0x17);
[16:06:29.858]        // -> [isMSPM0G1X0X_G3X0X <= 0x00000001]
[16:06:29.858]      isProduction = (version > 0);
[16:06:29.858]        // -> [isProduction <= 0x00000001]
[16:06:29.858]    </block>
[16:06:29.858]    <control if="!isMSPM0G1X0X_G3X0X" while="" timeout="0" info="">
[16:06:29.858]      // if-block "!isMSPM0G1X0X_G3X0X"
[16:06:29.858]        // =>  FALSE
[16:06:29.858]      // skip if-block "!isMSPM0G1X0X_G3X0X"
[16:06:29.858]    </control>
[16:06:29.858]    <control if="continueId == 4" while="" timeout="0" info="">
[16:06:29.858]      // if-block "continueId == 4"
[16:06:29.858]        // =>  FALSE
[16:06:29.858]      // skip if-block "continueId == 4"
[16:06:29.858]    </control>
[16:06:29.858]    <control if="!isProduction" while="" timeout="0" info="">
[16:06:29.858]      // if-block "!isProduction"
[16:06:29.858]        // =>  FALSE
[16:06:29.858]      // skip if-block "!isProduction"
[16:06:29.858]    </control>
[16:06:29.858]  </sequence>
[16:06:29.858]  
[16:06:45.144]  **********  Sequence "DebugPortSetup"  (Context="Connect", Pname="", info="")
[16:06:45.144]  
[16:06:45.144]  <debugvars>
[16:06:45.144]    // Pre-defined
[16:06:45.144]    __protocol=0x00010002      (Protocol="SWD", SWJ-DP="True")
[16:06:45.144]    __connection=0x00000201    (Connection Type="Debug", Reset Type="System Reset")
[16:06:45.144]    __dp=0x00000000
[16:06:45.144]    __ap=0x00000000
[16:06:45.144]    __traceout=0x00000000      (Trace Disabled)
[16:06:45.144]    __errorcontrol=0x00000000  (Skip Errors="False")
[16:06:45.144]    __FlashAddr=0x00000000
[16:06:45.144]    __FlashLen=0x00000000
[16:06:45.144]    __FlashArg=0x00000000
[16:06:45.144]    __FlashOp=0x00000000
[16:06:45.144]    __Result=0x00000000
[16:06:45.144]  </debugvars>
[16:06:45.144]  
[16:06:45.144]  <sequence name="DebugPortSetup" Pname="" disable="false" info="">
[16:06:45.144]    <block atomic="false" info="">
[16:06:45.144]      __var isSWJ      = ((__protocol & 0x00010000) != 0);
[16:06:45.144]        // -> [isSWJ <= 0x00000001]
[16:06:45.144]      __var hasDormant = __protocol & 0x00020000;
[16:06:45.144]        // -> [hasDormant <= 0x00000000]
[16:06:45.144]      __var protType   = __protocol & 0x0000FFFF;
[16:06:45.144]        // -> [protType <= 0x00000002]
[16:06:45.144]    </block>
[16:06:45.144]    <control if="protType == 1" while="" timeout="0" info="">
[16:06:45.144]      // if-block "protType == 1"
[16:06:45.144]        // =>  FALSE
[16:06:45.144]      // skip if-block "protType == 1"
[16:06:45.144]    </control>
[16:06:45.144]    <control if="protType == 2" while="" timeout="0" info="">
[16:06:45.144]      // if-block "protType == 2"
[16:06:45.144]        // =>  TRUE
[16:06:45.144]      <control if="isSWJ" while="" timeout="0" info="">
[16:06:45.144]        // if-block "isSWJ"
[16:06:45.144]          // =>  TRUE
[16:06:45.144]        <control if="hasDormant" while="" timeout="0" info="">
[16:06:45.144]          // if-block "hasDormant"
[16:06:45.144]            // =>  FALSE
[16:06:45.144]          // skip if-block "hasDormant"
[16:06:45.144]        </control>
[16:06:45.144]        <control if="!hasDormant" while="" timeout="0" info="">
[16:06:45.144]          // if-block "!hasDormant"
[16:06:45.144]            // =>  TRUE
[16:06:45.144]          <block atomic="false" info="">
[16:06:45.144]            DAP_SWJ_Sequence(51, 0x0007FFFFFFFFFFFF); //lets put the JTAG line in a reset state
[16:06:45.144]              // -> [DAP_SWJ_Sequence(51, 0x0007FFFFFFFFFFFF)]
[16:06:45.144]            DAP_SWJ_Sequence(16,0xE73C); //SWD to JTAG, this is to ensure the state machine is initialized
[16:06:45.155]              // -> [DAP_SWJ_Sequence(16, 0x000000000000E73C)]
[16:06:45.155]            DAP_SWJ_Sequence(51, 0x0007FFFFFFFFFFFF); //Put it back in reset
[16:06:45.155]              // -> [DAP_SWJ_Sequence(51, 0x0007FFFFFFFFFFFF)]
[16:06:45.155]            DAP_SWJ_Sequence(16, 0xE79E); //JTAG to SWD switch
[16:06:45.155]              // -> [DAP_SWJ_Sequence(16, 0x000000000000E79E)]
[16:06:45.155]            DAP_SWJ_Sequence(51, 0x0007FFFFFFFFFFFF);  //Ensure the switch is successful 
[16:06:45.155]              // -> [DAP_SWJ_Sequence(51, 0x0007FFFFFFFFFFFF)]
[16:06:45.155]            DAP_SWJ_Sequence(7,  0x00); //Give the line some time to initialize
[16:06:45.165]              // -> [DAP_SWJ_Sequence(7, 0x0000000000000000)]
[16:06:45.165]          </block>
[16:06:45.165]          // end if-block "!hasDormant"
[16:06:45.165]        </control>
[16:06:45.165]        // end if-block "isSWJ"
[16:06:45.165]      </control>
[16:06:45.165]      <control if="!isSWJ" while="" timeout="0" info="">
[16:06:45.165]        // if-block "!isSWJ"
[16:06:45.165]          // =>  FALSE
[16:06:45.165]        // skip if-block "!isSWJ"
[16:06:45.165]      </control>
[16:06:45.165]      <block atomic="false" info="">
[16:06:45.165]        ReadDP(0x0);
[16:06:45.165]          // -> [ReadDP(0x00000000) => 0x6BA02477]   (__dp=0x00000000)
[16:06:45.165]      </block>
[16:06:45.165]      // end if-block "protType == 2"
[16:06:45.165]    </control>
[16:06:45.165]  </sequence>
[16:06:45.165]  
[16:07:13.814]  **********  Sequence "DebugPortSetup"  (Context="Connect", Pname="", info="")
[16:07:13.814]  
[16:07:13.814]  <debugvars>
[16:07:13.814]    // Pre-defined
[16:07:13.814]    __protocol=0x00010002      (Protocol="SWD", SWJ-DP="True")
[16:07:13.814]    __connection=0x00000202    (Connection Type="Flash", Reset Type="System Reset")
[16:07:13.814]    __dp=0x00000000
[16:07:13.814]    __ap=0x00000000
[16:07:13.814]    __traceout=0x00000000      (Trace Disabled)
[16:07:13.814]    __errorcontrol=0x00000000  (Skip Errors="False")
[16:07:13.814]    __FlashAddr=0x00000000
[16:07:13.814]    __FlashLen=0x00000000
[16:07:13.814]    __FlashArg=0x00000000
[16:07:13.814]    __FlashOp=0x00000000
[16:07:13.814]    __Result=0x00000000
[16:07:13.814]  </debugvars>
[16:07:13.814]  
[16:07:13.814]  <sequence name="DebugPortSetup" Pname="" disable="false" info="">
[16:07:13.814]    <block atomic="false" info="">
[16:07:13.814]      __var isSWJ      = ((__protocol & 0x00010000) != 0);
[16:07:13.814]        // -> [isSWJ <= 0x00000001]
[16:07:13.814]      __var hasDormant = __protocol & 0x00020000;
[16:07:13.814]        // -> [hasDormant <= 0x00000000]
[16:07:13.814]      __var protType   = __protocol & 0x0000FFFF;
[16:07:13.814]        // -> [protType <= 0x00000002]
[16:07:13.814]    </block>
[16:07:13.814]    <control if="protType == 1" while="" timeout="0" info="">
[16:07:13.814]      // if-block "protType == 1"
[16:07:13.814]        // =>  FALSE
[16:07:13.814]      // skip if-block "protType == 1"
[16:07:13.814]    </control>
[16:07:13.814]    <control if="protType == 2" while="" timeout="0" info="">
[16:07:13.814]      // if-block "protType == 2"
[16:07:13.814]        // =>  TRUE
[16:07:13.814]      <control if="isSWJ" while="" timeout="0" info="">
[16:07:13.814]        // if-block "isSWJ"
[16:07:13.814]          // =>  TRUE
[16:07:13.814]        <control if="hasDormant" while="" timeout="0" info="">
[16:07:13.814]          // if-block "hasDormant"
[16:07:13.814]            // =>  FALSE
[16:07:13.814]          // skip if-block "hasDormant"
[16:07:13.814]        </control>
[16:07:13.814]        <control if="!hasDormant" while="" timeout="0" info="">
[16:07:13.814]          // if-block "!hasDormant"
[16:07:13.814]            // =>  TRUE
[16:07:13.821]          <block atomic="false" info="">
[16:07:13.821]            DAP_SWJ_Sequence(51, 0x0007FFFFFFFFFFFF); //lets put the JTAG line in a reset state
[16:07:13.823]              // -> [DAP_SWJ_Sequence(51, 0x0007FFFFFFFFFFFF)]
[16:07:13.823]            DAP_SWJ_Sequence(16,0xE73C); //SWD to JTAG, this is to ensure the state machine is initialized
[16:07:13.823]              // -> [DAP_SWJ_Sequence(16, 0x000000000000E73C)]
[16:07:13.823]            DAP_SWJ_Sequence(51, 0x0007FFFFFFFFFFFF); //Put it back in reset
[16:07:13.823]              // -> [DAP_SWJ_Sequence(51, 0x0007FFFFFFFFFFFF)]
[16:07:13.823]            DAP_SWJ_Sequence(16, 0xE79E); //JTAG to SWD switch
[16:07:13.831]              // -> [DAP_SWJ_Sequence(16, 0x000000000000E79E)]
[16:07:13.831]            DAP_SWJ_Sequence(51, 0x0007FFFFFFFFFFFF);  //Ensure the switch is successful 
[16:07:13.831]              // -> [DAP_SWJ_Sequence(51, 0x0007FFFFFFFFFFFF)]
[16:07:13.831]            DAP_SWJ_Sequence(7,  0x00); //Give the line some time to initialize
[16:07:13.831]              // -> [DAP_SWJ_Sequence(7, 0x0000000000000000)]
[16:07:13.831]          </block>
[16:07:13.831]          // end if-block "!hasDormant"
[16:07:13.831]        </control>
[16:07:13.831]        // end if-block "isSWJ"
[16:07:13.831]      </control>
[16:07:13.831]      <control if="!isSWJ" while="" timeout="0" info="">
[16:07:13.831]        // if-block "!isSWJ"
[16:07:13.831]          // =>  FALSE
[16:07:13.831]        // skip if-block "!isSWJ"
[16:07:13.831]      </control>
[16:07:13.831]      <block atomic="false" info="">
[16:07:13.831]        ReadDP(0x0);
[16:07:13.831]          // -> [ReadDP(0x00000000) => 0x6BA02477]   (__dp=0x00000000)
[16:07:13.831]      </block>
[16:07:13.839]      // end if-block "protType == 2"
[16:07:13.839]    </control>
[16:07:13.839]  </sequence>
[16:07:13.839]  
[16:07:13.844]  **********  Sequence "DebugPortStart"  (Context="Connect", Pname="", info="")
[16:07:13.844]  
[16:07:13.844]  <debugvars>
[16:07:13.844]    // Pre-defined
[16:07:13.844]    __protocol=0x00010002      (Protocol="SWD", SWJ-DP="True")
[16:07:13.844]    __connection=0x00000202    (Connection Type="Flash", Reset Type="System Reset")
[16:07:13.844]    __dp=0x00000000
[16:07:13.844]    __ap=0x00000000
[16:07:13.844]    __traceout=0x00000000      (Trace Disabled)
[16:07:13.844]    __errorcontrol=0x00000000  (Skip Errors="False")
[16:07:13.844]    __FlashAddr=0x00000000
[16:07:13.844]    __FlashLen=0x00000000
[16:07:13.844]    __FlashArg=0x00000000
[16:07:13.844]    __FlashOp=0x00000000
[16:07:13.844]    __Result=0x00000000
[16:07:13.844]  </debugvars>
[16:07:13.845]  
[16:07:13.845]  <sequence name="DebugPortStart" Pname="" disable="false" info="">
[16:07:13.845]    <block atomic="false" info="">
[16:07:13.845]      __var SW_DP_ABORT       = 0x0;
[16:07:13.845]        // -> [SW_DP_ABORT <= 0x00000000]
[16:07:13.845]      __var DP_CTRL_STAT      = 0x4;
[16:07:13.845]        // -> [DP_CTRL_STAT <= 0x00000004]
[16:07:13.845]      __var DP_SELECT         = 0x8;
[16:07:13.845]        // -> [DP_SELECT <= 0x00000008]
[16:07:13.845]      __var powered_down      = 0;
[16:07:13.845]        // -> [powered_down <= 0x00000000]
[16:07:13.845]      WriteDP(DP_SELECT, 0x00000000);
[16:07:13.848]        // -> [WriteDP(0x00000008, 0x00000000)]   (__dp=0x00000000)
[16:07:13.848]      powered_down = ((ReadDP(DP_CTRL_STAT) & 0xA0000000) != 0xA0000000);
[16:07:13.849]        // -> [ReadDP(0x00000004) => 0x00000040]   (__dp=0x00000000)
[16:07:13.849]        // -> [powered_down <= 0x00000001]
[16:07:13.849]    </block>
[16:07:13.849]    <control if="powered_down" while="" timeout="0" info="">
[16:07:13.849]      // if-block "powered_down"
[16:07:13.849]        // =>  TRUE
[16:07:13.849]      <block atomic="false" info="">
[16:07:13.849]        Message(0, "Debug/System power-up request sent");
[16:07:13.849]        WriteDP(DP_CTRL_STAT, 0x50000000);
[16:07:13.849]          // -> [WriteDP(0x00000004, 0x50000000)]   (__dp=0x00000000)
[16:07:13.849]      </block>
[16:07:13.849]      <control if="" while="(ReadDP(DP_CTRL_STAT) & 0xA0000000) != 0xA0000000" timeout="1000000" info="">
[16:07:13.849]        // while "(ReadDP(DP_CTRL_STAT) & 0xA0000000) != 0xA0000000"  (timeout="1000000")
[16:07:13.849]          // -> [ReadDP(0x00000004) => 0xF0000040]   (__dp=0x00000000)
[16:07:13.849]        // while-condition  =>  FALSE
[16:07:13.849]        // end while "(ReadDP(DP_CTRL_STAT) & 0xA0000000) != 0xA0000000"
[16:07:13.849]      </control>
[16:07:13.849]      <control if="(__protocol & 0xFFFF) == 1" while="" timeout="0" info="">
[16:07:13.849]        // if-block "(__protocol & 0xFFFF) == 1"
[16:07:13.849]          // =>  FALSE
[16:07:13.849]        // skip if-block "(__protocol & 0xFFFF) == 1"
[16:07:13.849]      </control>
[16:07:13.849]      <control if="(__protocol & 0xFFFF) == 2" while="" timeout="0" info="">
[16:07:13.849]        // if-block "(__protocol & 0xFFFF) == 2"
[16:07:13.849]          // =>  TRUE
[16:07:13.849]        <block atomic="false" info="">
[16:07:13.849]          Message(0, "executing SWD power up");
[16:07:13.858]          WriteDP(DP_CTRL_STAT, 0x50000F00);
[16:07:13.858]            // -> [WriteDP(0x00000004, 0x50000F00)]   (__dp=0x00000000)
[16:07:13.858]          WriteDP(SW_DP_ABORT, 0x0000001E);
[16:07:13.858]            // -> [WriteDP(0x00000000, 0x0000001E)]   (__dp=0x00000000)
[16:07:13.858]        </block>
[16:07:13.858]        // end if-block "(__protocol & 0xFFFF) == 2"
[16:07:13.858]      </control>
[16:07:13.858]      // end if-block "powered_down"
[16:07:13.858]    </control>
[16:07:13.858]    <block atomic="false" info="">
[16:07:13.858]      __var DEBUG_PORT_VAL    = 0;
[16:07:13.858]        // -> [DEBUG_PORT_VAL <= 0x00000000]
[16:07:13.858]      __var ACCESS_POINT_VAL  = 0;
[16:07:13.858]        // -> [ACCESS_POINT_VAL <= 0x00000000]
[16:07:13.858]      __ap = 1; 
[16:07:13.858]        // -> [__ap <= 0x00000001]
[16:07:13.858]      WriteAP(0x0C, 0x04); //lets use the mini pwr-ap as backup
[16:07:13.867]        // -> [WriteAP(0x0000000C, 0x00000004)]   (__dp=0x00000000, __ap=0x00000001)
[16:07:13.867]      __ap = 4;
[16:07:13.867]        // -> [__ap <= 0x00000004]
[16:07:13.867]      ACCESS_POINT_VAL = ReadAP(0x00);//Reading current state of access point
[16:07:13.874]        // -> [ReadAP(0x00000000) => 0x00080027]   (__dp=0x00000000, __ap=0x00000004)
[16:07:13.874]        // -> [ACCESS_POINT_VAL <= 0x00080027]
[16:07:13.874]      Message(0, "Current state of access point is: %x",ACCESS_POINT_VAL);
[16:07:13.874]    </block>
[16:07:13.874]    <block atomic="false" info="">
[16:07:13.874]      __var nReset = 0x80;
[16:07:13.874]        // -> [nReset <= 0x00000080]
[16:07:13.874]      __var canReadPins = 0;
[16:07:13.874]        // -> [canReadPins <= 0x00000000]
[16:07:13.874]      canReadPins = (DAP_SWJ_Pins(0x00, nReset, 0) != 0xFFFFFFFF);
[16:07:13.878]        // -> [DAP_SWJ_Pins(0x00, 0x80, 0) => 0x0F]   (Out: nRESET=0  =>  In: SWCLK/TCK=1, SWDIO/TMS=1, TDI=1, TDO=1, nTRST=0, nRESET=0)
[16:07:13.878]        // -> [canReadPins <= 0x00000001]
[16:07:13.878]    </block>
[16:07:13.878]    <control if="" while="1" timeout="200" info="">
[16:07:13.878]      // while "1"  (timeout="200")
[16:07:13.878]      // while-condition  =>  TRUE
[16:07:13.878]      // while "1"  (timeout="200")
[16:07:13.878]      // while-condition  =>  TRUE
[16:07:13.878]      // while "1"  (timeout="200")
[16:07:13.878]      // while-condition  =>  TRUE
[16:07:13.878]      // while "1"  (timeout="200")
[16:07:13.878]      // while-condition  =>  TRUE
[16:07:13.878]      // while "1"  (timeout="200")
[16:07:13.878]      // while-condition  =>  TRUE
[16:07:13.878]      // while "1"  (timeout="200")
[16:07:13.878]      // while-condition  =>  TRUE
[16:07:13.878]      // while "1"  (timeout="200")
[16:07:13.878]      // while-condition  =>  TRUE
[16:07:13.878]      // while "1"  (timeout="200")
[16:07:13.878]      // while-condition  =>  TRUE
[16:07:13.878]      // while "1"  (timeout="200")
[16:07:13.878]      // while-condition  =>  TRUE
[16:07:13.878]      // while "1"  (timeout="200")
[16:07:13.878]      // while-condition  =>  TRUE
[16:07:13.878]      // while "1"  (timeout="200")
[16:07:13.878]      // while-condition  =>  TRUE
[16:07:13.878]      // while "1"  (timeout="200")
[16:07:13.878]      // while-condition  =>  TRUE
[16:07:13.878]      // while "1"  (timeout="200")
[16:07:13.878]      // while-condition  =>  TRUE
[16:07:13.878]      // while "1"  (timeout="200")
[16:07:13.878]      // while-condition  =>  TRUE
[16:07:13.878]      // while "1"  (timeout="200")
[16:07:13.878]      // while-condition  =>  TRUE
[16:07:13.878]      // while "1"  (timeout="200")
[16:07:13.878]      // while-condition  =>  TRUE
[16:07:13.878]      // while "1"  (timeout="200")
[16:07:13.878]      // while-condition  =>  TRUE
[16:07:13.878]      // while "1"  (timeout="200")
[16:07:13.878]      // while-condition  =>  TRUE
[16:07:13.878]      // while "1"  (timeout="200")
[16:07:13.878]      // while-condition  =>  TRUE
[16:07:13.878]      // while "1"  (timeout="200")
[16:07:13.878]      // while-condition  =>  TRUE
[16:07:13.878]      // while "1"  (timeout="200")
[16:07:13.878]      // while-condition  =>  TRUE
[16:07:13.878]      // while "1"  (timeout="200")
[16:07:13.878]      // while-condition  =>  TRUE
[16:07:13.878]      // while "1"  (timeout="200")
[16:07:13.878]      // while-condition  =>  TRUE
[16:07:13.878]      // while "1"  (timeout="200")
[16:07:13.878]      // while-condition  =>  TRUE
[16:07:13.878]      // while "1"  (timeout="200")
[16:07:13.878]      // while-condition  =>  TRUE
[16:07:13.878]      // while "1"  (timeout="200")
[16:07:13.878]      // while-condition  =>  TRUE
[16:07:13.878]      // while "1"  (timeout="200")
[16:07:13.878]      // while-condition  =>  TRUE
[16:07:13.878]      // while "1"  (timeout="200")
[16:07:13.878]      // while-condition  =>  TRUE
[16:07:13.878]      // while "1"  (timeout="200")
[16:07:13.878]      // while-condition  =>  TRUE
[16:07:13.878]      // while "1"  (timeout="200")
[16:07:13.878]      // while-condition  =>  TRUE
[16:07:13.878]      // while "1"  (timeout="200")
[16:07:13.878]      // while-condition  =>  TRUE
[16:07:13.878]      // while "1"  (timeout="200")
[16:07:13.878]      // while-condition  =>  TRUE
[16:07:13.878]      // while "1"  (timeout="200")
[16:07:13.878]      // while-condition  =>  TRUE
[16:07:13.878]      // while "1"  (timeout="200")
[16:07:13.878]      // while-condition  =>  TRUE
[16:07:13.878]      // while "1"  (timeout="200")
[16:07:13.878]      // while-condition  =>  TRUE
[16:07:13.878]      // while "1"  (timeout="200")
[16:07:13.878]      // while-condition  =>  TRUE
[16:07:13.878]      // while "1"  (timeout="200")
[16:07:13.878]      // while-condition  =>  TRUE
[16:07:13.878]      // while "1"  (timeout="200")
[16:07:13.878]      // while-condition  =>  TRUE
[16:07:13.878]      // while "1"  (timeout="200")
[16:07:13.878]      // while-condition  =>  TRUE
[16:07:13.878]      // while "1"  (timeout="200")
[16:07:13.878]      // while-condition  =>  TRUE
[16:07:13.878]      // while "1"  (timeout="200")
[16:07:13.878]      // while-condition  =>  TRUE
[16:07:13.878]      // while "1"  (timeout="200")
[16:07:13.878]      // while-condition  =>  TRUE
[16:07:13.878]      // while "1"  (timeout="200")
[16:07:13.878]      // while-condition  =>  TRUE
[16:07:13.878]      // while "1"  (timeout="200")
[16:07:13.878]      // while-condition  =>  TRUE
[16:07:13.878]      // while "1"  (timeout="200")
[16:07:13.878]      // while-condition  =>  TRUE
[16:07:13.878]      // while "1"  (timeout="200")
[16:07:13.878]      // while-condition  =>  TRUE
[16:07:13.878]      // while "1"  (timeout="200")
[16:07:13.878]      // while-condition  =>  TRUE
[16:07:13.878]      // while "1"  (timeout="200")
[16:07:13.878]      // while-condition  =>  TRUE
[16:07:13.878]      // while "1"  (timeout="200")
[16:07:13.878]      // while-condition  =>  TRUE
[16:07:13.878]      // while "1"  (timeout="200")
[16:07:13.878]      // while-condition  =>  TRUE
[16:07:13.878]      // while "1"  (timeout="200")
[16:07:13.878]      // while-condition  =>  TRUE
[16:07:13.878]      // while "1"  (timeout="200")
[16:07:13.878]      // while-condition  =>  TRUE
[16:07:13.878]      // while "1"  (timeout="200")
[16:07:13.878]      // while-condition  =>  TRUE
[16:07:13.878]      // while "1"  (timeout="200")
[16:07:13.878]      // while-condition  =>  TRUE
[16:07:13.878]      // while "1"  (timeout="200")
[16:07:13.878]      // while-condition  =>  TRUE
[16:07:13.878]      // while "1"  (timeout="200")
[16:07:13.878]      // while-condition  =>  TRUE
[16:07:13.878]      // while "1"  (timeout="200")
[16:07:13.878]      // while-condition  =>  TRUE
[16:07:13.878]      // while "1"  (timeout="200")
[16:07:13.878]      // while-condition  =>  TRUE
[16:07:13.878]      // while "1"  (timeout="200")
[16:07:13.878]      // while-condition  =>  TRUE
[16:07:13.878]      // while "1"  (timeout="200")
[16:07:13.878]      // while-condition  =>  TRUE
[16:07:13.878]      // while "1"  (timeout="200")
[16:07:13.878]      // while-condition  =>  TRUE
[16:07:13.878]      // while "1"  (timeout="200")
[16:07:13.878]      // while-condition  =>  TRUE
[16:07:13.878]      // while "1"  (timeout="200")
[16:07:13.878]      // while-condition  =>  TRUE
[16:07:13.878]      // while "1"  (timeout="200")
[16:07:13.878]      // while-condition  =>  TRUE
[16:07:13.878]      // while "1"  (timeout="200")
[16:07:13.878]      // while-condition  =>  TRUE
[16:07:13.878]      // while "1"  (timeout="200")
[16:07:13.887]      // while-condition  =>  TRUE
[16:07:13.887]      // while "1"  (timeout="200")
[16:07:13.887]      // while  =>  TIMEOUT
[16:07:13.887]      // end while "1"
[16:07:13.887]    </control>
[16:07:13.887]    <control if="canReadPins" while="" timeout="0" info="">
[16:07:13.887]      // if-block "canReadPins"
[16:07:13.888]        // =>  TRUE
[16:07:13.888]      <control if="" while="(DAP_SWJ_Pins(nReset, nReset, 0) & nReset) == 0" timeout="1000000" info="">
[16:07:13.888]        // while "(DAP_SWJ_Pins(nReset, nReset, 0) & nReset) == 0"  (timeout="1000000")
[16:07:13.890]          // -> [DAP_SWJ_Pins(0x80, 0x80, 0) => 0x8F]   (Out: nRESET=1  =>  In: SWCLK/TCK=1, SWDIO/TMS=1, TDI=1, TDO=1, nTRST=0, nRESET=1)
[16:07:13.890]        // while-condition  =>  FALSE
[16:07:13.890]        // end while "(DAP_SWJ_Pins(nReset, nReset, 0) & nReset) == 0"
[16:07:13.890]      </control>
[16:07:13.890]      // end if-block "canReadPins"
[16:07:13.890]    </control>
[16:07:13.890]    <control if="!canReadPins" while="" timeout="0" info="">
[16:07:13.890]      // if-block "!canReadPins"
[16:07:13.891]        // =>  FALSE
[16:07:13.891]      // skip if-block "!canReadPins"
[16:07:13.891]    </control>
[16:07:13.891]    <control if="(ACCESS_POINT_VAL & 0x00E00000) == 0" while="" timeout="0" info="">
[16:07:13.891]      // if-block "(ACCESS_POINT_VAL & 0x00E00000) == 0"
[16:07:13.891]        // =>  TRUE
[16:07:13.891]      <block atomic="false" info="">
[16:07:13.891]        WriteAP(0x00, 0x190008);
[16:07:13.893]          // -> [WriteAP(0x00000000, 0x00190008)]   (__dp=0x00000000, __ap=0x00000004)
[16:07:13.893]        WriteAP(0xF0, 0x01);
[16:07:13.896]          // -> [WriteAP(0x000000F0, 0x00000001)]   (__dp=0x00000000, __ap=0x00000004)
[16:07:13.896]      </block>
[16:07:13.896]      // end if-block "(ACCESS_POINT_VAL & 0x00E00000) == 0"
[16:07:13.896]    </control>
[16:07:13.896]    <control if="(ACCESS_POINT_VAL & 0x00E00000) != 0" while="" timeout="0" info="">
[16:07:13.896]      // if-block "(ACCESS_POINT_VAL & 0x00E00000) != 0"
[16:07:13.896]        // =>  FALSE
[16:07:13.896]      // skip if-block "(ACCESS_POINT_VAL & 0x00E00000) != 0"
[16:07:13.896]    </control>
[16:07:13.896]    <block atomic="false" info="">
[16:07:13.896]      ACCESS_POINT_VAL = ReadAP(0x00);//Reading current state of access point
[16:07:13.896]        // -> [ReadAP(0x00000000) => 0x0079002F]   (__dp=0x00000000, __ap=0x00000004)
[16:07:13.896]        // -> [ACCESS_POINT_VAL <= 0x0079002F]
[16:07:13.896]      Message(0, "Current state of access point is: %x",ACCESS_POINT_VAL);
[16:07:13.896]      __ap = 0; //lets make sure we reset the access point selection
[16:07:13.896]        // -> [__ap <= 0x00000000]
[16:07:13.896]    </block>
[16:07:13.896]  </sequence>
[16:07:13.896]  
[16:07:13.917]  **********  Sequence "DebugDeviceUnlock"  (Context="Connect", Pname="", info="")
[16:07:13.917]  
[16:07:13.917]  <debugvars>
[16:07:13.917]    // Pre-defined
[16:07:13.917]    __protocol=0x00010002      (Protocol="SWD", SWJ-DP="True")
[16:07:13.917]    __connection=0x00000202    (Connection Type="Flash", Reset Type="System Reset")
[16:07:13.917]    __dp=0x00000000
[16:07:13.917]    __ap=0x00000000
[16:07:13.917]    __traceout=0x00000000      (Trace Disabled)
[16:07:13.917]    __errorcontrol=0x00000000  (Skip Errors="False")
[16:07:13.917]    __FlashAddr=0x00000000
[16:07:13.917]    __FlashLen=0x00000000
[16:07:13.917]    __FlashArg=0x00000000
[16:07:13.917]    __FlashOp=0x00000000
[16:07:13.917]    __Result=0x00000000
[16:07:13.917]  </debugvars>
[16:07:13.917]  
[16:07:13.917]  <sequence name="DebugDeviceUnlock" Pname="" disable="false" info="">
[16:07:13.917]    <block atomic="false" info="">
[16:07:13.917]      __var deviceID = 0;
[16:07:13.917]        // -> [deviceID <= 0x00000000]
[16:07:13.927]      __var version = 0;
[16:07:13.927]        // -> [version <= 0x00000000]
[16:07:13.927]      __var partNum = 0;
[16:07:13.927]        // -> [partNum <= 0x00000000]
[16:07:13.927]      __var manuf = 0;
[16:07:13.927]        // -> [manuf <= 0x00000000]
[16:07:13.927]      __var isMSPM0G1X0X_G3X0X = 0;
[16:07:13.927]        // -> [isMSPM0G1X0X_G3X0X <= 0x00000000]
[16:07:13.928]      __var isProduction = 0;
[16:07:13.928]        // -> [isProduction <= 0x00000000]
[16:07:13.928]      __var continueId = 0;
[16:07:13.928]        // -> [continueId <= 0x00000000]
[16:07:13.928]      deviceID =   Read32(0x41C40004);
[16:07:13.935]        // -> [Read32(0x41C40004) => 0x2BB8802F]   (__dp=0x00000000, __ap=0x00000000)
[16:07:13.935]        // -> [deviceID <= 0x2BB8802F]
[16:07:13.935]      version = deviceID >> 28;
[16:07:13.935]        // -> [version <= 0x00000002]
[16:07:13.935]      partNum = (deviceID & 0x0FFFF000) >> 12;
[16:07:13.935]        // -> [partNum <= 0x0000BB88]
[16:07:13.935]      manuf = (deviceID & 0x00000FFE) >> 1;
[16:07:13.935]        // -> [manuf <= 0x00000017]
[16:07:13.935]      isMSPM0G1X0X_G3X0X = (partNum == 0xBB88) && (manuf == 0x17);
[16:07:13.936]        // -> [isMSPM0G1X0X_G3X0X <= 0x00000001]
[16:07:13.936]      isProduction = (version > 0);
[16:07:13.936]        // -> [isProduction <= 0x00000001]
[16:07:13.936]    </block>
[16:07:13.936]    <control if="!isMSPM0G1X0X_G3X0X" while="" timeout="0" info="">
[16:07:13.936]      // if-block "!isMSPM0G1X0X_G3X0X"
[16:07:13.936]        // =>  FALSE
[16:07:13.936]      // skip if-block "!isMSPM0G1X0X_G3X0X"
[16:07:13.936]    </control>
[16:07:13.936]    <control if="continueId == 4" while="" timeout="0" info="">
[16:07:13.936]      // if-block "continueId == 4"
[16:07:13.936]        // =>  FALSE
[16:07:13.936]      // skip if-block "continueId == 4"
[16:07:13.936]    </control>
[16:07:13.936]    <control if="!isProduction" while="" timeout="0" info="">
[16:07:13.936]      // if-block "!isProduction"
[16:07:13.936]        // =>  FALSE
[16:07:13.936]      // skip if-block "!isProduction"
[16:07:13.936]    </control>
[16:07:13.936]  </sequence>
[16:07:13.936]  
[16:10:05.714]  **********  Sequence "DebugPortSetup"  (Context="Connect", Pname="", info="")
[16:10:05.714]  
[16:10:05.715]  <debugvars>
[16:10:05.715]    // Pre-defined
[16:10:05.715]    __protocol=0x00010002      (Protocol="SWD", SWJ-DP="True")
[16:10:05.715]    __connection=0x00000202    (Connection Type="Flash", Reset Type="System Reset")
[16:10:05.715]    __dp=0x00000000
[16:10:05.715]    __ap=0x00000000
[16:10:05.715]    __traceout=0x00000000      (Trace Disabled)
[16:10:05.715]    __errorcontrol=0x00000000  (Skip Errors="False")
[16:10:05.715]    __FlashAddr=0x00000000
[16:10:05.715]    __FlashLen=0x00000000
[16:10:05.715]    __FlashArg=0x00000000
[16:10:05.715]    __FlashOp=0x00000000
[16:10:05.715]    __Result=0x00000000
[16:10:05.715]  </debugvars>
[16:10:05.715]  
[16:10:05.715]  <sequence name="DebugPortSetup" Pname="" disable="false" info="">
[16:10:05.716]    <block atomic="false" info="">
[16:10:05.716]      __var isSWJ      = ((__protocol & 0x00010000) != 0);
[16:10:05.716]        // -> [isSWJ <= 0x00000001]
[16:10:05.716]      __var hasDormant = __protocol & 0x00020000;
[16:10:05.716]        // -> [hasDormant <= 0x00000000]
[16:10:05.716]      __var protType   = __protocol & 0x0000FFFF;
[16:10:05.716]        // -> [protType <= 0x00000002]
[16:10:05.716]    </block>
[16:10:05.716]    <control if="protType == 1" while="" timeout="0" info="">
[16:10:05.716]      // if-block "protType == 1"
[16:10:05.716]        // =>  FALSE
[16:10:05.716]      // skip if-block "protType == 1"
[16:10:05.716]    </control>
[16:10:05.716]    <control if="protType == 2" while="" timeout="0" info="">
[16:10:05.716]      // if-block "protType == 2"
[16:10:05.716]        // =>  TRUE
[16:10:05.716]      <control if="isSWJ" while="" timeout="0" info="">
[16:10:05.717]        // if-block "isSWJ"
[16:10:05.717]          // =>  TRUE
[16:10:05.717]        <control if="hasDormant" while="" timeout="0" info="">
[16:10:05.717]          // if-block "hasDormant"
[16:10:05.717]            // =>  FALSE
[16:10:05.717]          // skip if-block "hasDormant"
[16:10:05.717]        </control>
[16:10:05.717]        <control if="!hasDormant" while="" timeout="0" info="">
[16:10:05.717]          // if-block "!hasDormant"
[16:10:05.717]            // =>  TRUE
[16:10:05.717]          <block atomic="false" info="">
[16:10:05.717]            DAP_SWJ_Sequence(51, 0x0007FFFFFFFFFFFF); //lets put the JTAG line in a reset state
[16:10:05.720]              // -> [DAP_SWJ_Sequence(51, 0x0007FFFFFFFFFFFF)]
[16:10:05.720]            DAP_SWJ_Sequence(16,0xE73C); //SWD to JTAG, this is to ensure the state machine is initialized
[16:10:05.722]              // -> [DAP_SWJ_Sequence(16, 0x000000000000E73C)]
[16:10:05.722]            DAP_SWJ_Sequence(51, 0x0007FFFFFFFFFFFF); //Put it back in reset
[16:10:05.724]              // -> [DAP_SWJ_Sequence(51, 0x0007FFFFFFFFFFFF)]
[16:10:05.724]            DAP_SWJ_Sequence(16, 0xE79E); //JTAG to SWD switch
[16:10:05.726]              // -> [DAP_SWJ_Sequence(16, 0x000000000000E79E)]
[16:10:05.726]            DAP_SWJ_Sequence(51, 0x0007FFFFFFFFFFFF);  //Ensure the switch is successful 
[16:10:05.728]              // -> [DAP_SWJ_Sequence(51, 0x0007FFFFFFFFFFFF)]
[16:10:05.733]            DAP_SWJ_Sequence(7,  0x00); //Give the line some time to initialize
[16:10:05.736]              // -> [DAP_SWJ_Sequence(7, 0x0000000000000000)]
[16:10:05.736]          </block>
[16:10:05.736]          // end if-block "!hasDormant"
[16:10:05.736]        </control>
[16:10:05.736]        // end if-block "isSWJ"
[16:10:05.736]      </control>
[16:10:05.737]      <control if="!isSWJ" while="" timeout="0" info="">
[16:10:05.737]        // if-block "!isSWJ"
[16:10:05.737]          // =>  FALSE
[16:10:05.737]        // skip if-block "!isSWJ"
[16:10:05.737]      </control>
[16:10:05.737]      <block atomic="false" info="">
[16:10:05.737]        ReadDP(0x0);
[16:10:05.740]          // -> [ReadDP(0x00000000) => 0x6BA02477]   (__dp=0x00000000)
[16:10:05.740]      </block>
[16:10:05.740]      // end if-block "protType == 2"
[16:10:05.740]    </control>
[16:10:05.740]  </sequence>
[16:10:05.740]  
[16:10:05.740]  **********  Sequence "DebugPortStart"  (Context="Connect", Pname="", info="")
[16:10:05.740]  
[16:10:05.740]  <debugvars>
[16:10:05.740]    // Pre-defined
[16:10:05.740]    __protocol=0x00010002      (Protocol="SWD", SWJ-DP="True")
[16:10:05.740]    __connection=0x00000202    (Connection Type="Flash", Reset Type="System Reset")
[16:10:05.740]    __dp=0x00000000
[16:10:05.740]    __ap=0x00000000
[16:10:05.740]    __traceout=0x00000000      (Trace Disabled)
[16:10:05.740]    __errorcontrol=0x00000000  (Skip Errors="False")
[16:10:05.740]    __FlashAddr=0x00000000
[16:10:05.740]    __FlashLen=0x00000000
[16:10:05.740]    __FlashArg=0x00000000
[16:10:05.740]    __FlashOp=0x00000000
[16:10:05.740]    __Result=0x00000000
[16:10:05.740]  </debugvars>
[16:10:05.740]  
[16:10:05.740]  <sequence name="DebugPortStart" Pname="" disable="false" info="">
[16:10:05.740]    <block atomic="false" info="">
[16:10:05.740]      __var SW_DP_ABORT       = 0x0;
[16:10:05.740]        // -> [SW_DP_ABORT <= 0x00000000]
[16:10:05.740]      __var DP_CTRL_STAT      = 0x4;
[16:10:05.740]        // -> [DP_CTRL_STAT <= 0x00000004]
[16:10:05.740]      __var DP_SELECT         = 0x8;
[16:10:05.740]        // -> [DP_SELECT <= 0x00000008]
[16:10:05.740]      __var powered_down      = 0;
[16:10:05.740]        // -> [powered_down <= 0x00000000]
[16:10:05.740]      WriteDP(DP_SELECT, 0x00000000);
[16:10:05.748]        // -> [WriteDP(0x00000008, 0x00000000)]   (__dp=0x00000000)
[16:10:05.748]      powered_down = ((ReadDP(DP_CTRL_STAT) & 0xA0000000) != 0xA0000000);
[16:10:05.750]        // -> [ReadDP(0x00000004) => 0x00000040]   (__dp=0x00000000)
[16:10:05.750]        // -> [powered_down <= 0x00000001]
[16:10:05.750]    </block>
[16:10:05.751]    <control if="powered_down" while="" timeout="0" info="">
[16:10:05.751]      // if-block "powered_down"
[16:10:05.751]        // =>  TRUE
[16:10:05.751]      <block atomic="false" info="">
[16:10:05.751]        Message(0, "Debug/System power-up request sent");
[16:10:05.752]        WriteDP(DP_CTRL_STAT, 0x50000000);
[16:10:05.754]          // -> [WriteDP(0x00000004, 0x50000000)]   (__dp=0x00000000)
[16:10:05.754]      </block>
[16:10:05.754]      <control if="" while="(ReadDP(DP_CTRL_STAT) & 0xA0000000) != 0xA0000000" timeout="1000000" info="">
[16:10:05.755]        // while "(ReadDP(DP_CTRL_STAT) & 0xA0000000) != 0xA0000000"  (timeout="1000000")
[16:10:05.758]          // -> [ReadDP(0x00000004) => 0xF0000040]   (__dp=0x00000000)
[16:10:05.758]        // while-condition  =>  FALSE
[16:10:05.758]        // end while "(ReadDP(DP_CTRL_STAT) & 0xA0000000) != 0xA0000000"
[16:10:05.758]      </control>
[16:10:05.758]      <control if="(__protocol & 0xFFFF) == 1" while="" timeout="0" info="">
[16:10:05.758]        // if-block "(__protocol & 0xFFFF) == 1"
[16:10:05.758]          // =>  FALSE
[16:10:05.758]        // skip if-block "(__protocol & 0xFFFF) == 1"
[16:10:05.758]      </control>
[16:10:05.758]      <control if="(__protocol & 0xFFFF) == 2" while="" timeout="0" info="">
[16:10:05.758]        // if-block "(__protocol & 0xFFFF) == 2"
[16:10:05.759]          // =>  TRUE
[16:10:05.759]        <block atomic="false" info="">
[16:10:05.759]          Message(0, "executing SWD power up");
[16:10:05.760]          WriteDP(DP_CTRL_STAT, 0x50000F00);
[16:10:05.762]            // -> [WriteDP(0x00000004, 0x50000F00)]   (__dp=0x00000000)
[16:10:05.762]          WriteDP(SW_DP_ABORT, 0x0000001E);
[16:10:05.764]            // -> [WriteDP(0x00000000, 0x0000001E)]   (__dp=0x00000000)
[16:10:05.764]        </block>
[16:10:05.764]        // end if-block "(__protocol & 0xFFFF) == 2"
[16:10:05.764]      </control>
[16:10:05.764]      // end if-block "powered_down"
[16:10:05.764]    </control>
[16:10:05.764]    <block atomic="false" info="">
[16:10:05.764]      __var DEBUG_PORT_VAL    = 0;
[16:10:05.764]        // -> [DEBUG_PORT_VAL <= 0x00000000]
[16:10:05.764]      __var ACCESS_POINT_VAL  = 0;
[16:10:05.764]        // -> [ACCESS_POINT_VAL <= 0x00000000]
[16:10:05.764]      __ap = 1; 
[16:10:05.765]        // -> [__ap <= 0x00000001]
[16:10:05.765]      WriteAP(0x0C, 0x04); //lets use the mini pwr-ap as backup
[16:10:05.769]        // -> [WriteAP(0x0000000C, 0x00000004)]   (__dp=0x00000000, __ap=0x00000001)
[16:10:05.769]      __ap = 4;
[16:10:05.769]        // -> [__ap <= 0x00000004]
[16:10:05.770]      ACCESS_POINT_VAL = ReadAP(0x00);//Reading current state of access point
[16:10:05.773]        // -> [ReadAP(0x00000000) => 0x00080027]   (__dp=0x00000000, __ap=0x00000004)
[16:10:05.773]        // -> [ACCESS_POINT_VAL <= 0x00080027]
[16:10:05.773]      Message(0, "Current state of access point is: %x",ACCESS_POINT_VAL);
[16:10:05.773]    </block>
[16:10:05.773]    <block atomic="false" info="">
[16:10:05.773]      __var nReset = 0x80;
[16:10:05.773]        // -> [nReset <= 0x00000080]
[16:10:05.773]      __var canReadPins = 0;
[16:10:05.773]        // -> [canReadPins <= 0x00000000]
[16:10:05.773]      canReadPins = (DAP_SWJ_Pins(0x00, nReset, 0) != 0xFFFFFFFF);
[16:10:05.773]        // -> [DAP_SWJ_Pins(0x00, 0x80, 0) => 0x0F]   (Out: nRESET=0  =>  In: SWCLK/TCK=1, SWDIO/TMS=1, TDI=1, TDO=1, nTRST=0, nRESET=0)
[16:10:05.773]        // -> [canReadPins <= 0x00000001]
[16:10:05.773]    </block>
[16:10:05.773]    <control if="" while="1" timeout="200" info="">
[16:10:05.773]      // while "1"  (timeout="200")
[16:10:05.773]      // while-condition  =>  TRUE
[16:10:05.773]      // while "1"  (timeout="200")
[16:10:05.773]      // while-condition  =>  TRUE
[16:10:05.773]      // while "1"  (timeout="200")
[16:10:05.773]      // while-condition  =>  TRUE
[16:10:05.773]      // while "1"  (timeout="200")
[16:10:05.773]      // while-condition  =>  TRUE
[16:10:05.773]      // while "1"  (timeout="200")
[16:10:05.773]      // while-condition  =>  TRUE
[16:10:05.773]      // while "1"  (timeout="200")
[16:10:05.773]      // while-condition  =>  TRUE
[16:10:05.773]      // while "1"  (timeout="200")
[16:10:05.773]      // while-condition  =>  TRUE
[16:10:05.773]      // while "1"  (timeout="200")
[16:10:05.773]      // while-condition  =>  TRUE
[16:10:05.773]      // while "1"  (timeout="200")
[16:10:05.773]      // while-condition  =>  TRUE
[16:10:05.773]      // while "1"  (timeout="200")
[16:10:05.773]      // while-condition  =>  TRUE
[16:10:05.773]      // while "1"  (timeout="200")
[16:10:05.773]      // while-condition  =>  TRUE
[16:10:05.773]      // while "1"  (timeout="200")
[16:10:05.773]      // while-condition  =>  TRUE
[16:10:05.773]      // while "1"  (timeout="200")
[16:10:05.773]      // while-condition  =>  TRUE
[16:10:05.773]      // while "1"  (timeout="200")
[16:10:05.773]      // while-condition  =>  TRUE
[16:10:05.773]      // while "1"  (timeout="200")
[16:10:05.773]      // while-condition  =>  TRUE
[16:10:05.773]      // while "1"  (timeout="200")
[16:10:05.773]      // while-condition  =>  TRUE
[16:10:05.773]      // while "1"  (timeout="200")
[16:10:05.773]      // while-condition  =>  TRUE
[16:10:05.773]      // while "1"  (timeout="200")
[16:10:05.773]      // while-condition  =>  TRUE
[16:10:05.773]      // while "1"  (timeout="200")
[16:10:05.773]      // while-condition  =>  TRUE
[16:10:05.773]      // while "1"  (timeout="200")
[16:10:05.773]      // while-condition  =>  TRUE
[16:10:05.773]      // while "1"  (timeout="200")
[16:10:05.773]      // while-condition  =>  TRUE
[16:10:05.773]      // while "1"  (timeout="200")
[16:10:05.773]      // while-condition  =>  TRUE
[16:10:05.773]      // while "1"  (timeout="200")
[16:10:05.773]      // while-condition  =>  TRUE
[16:10:05.773]      // while "1"  (timeout="200")
[16:10:05.773]      // while-condition  =>  TRUE
[16:10:05.773]      // while "1"  (timeout="200")
[16:10:05.773]      // while-condition  =>  TRUE
[16:10:05.773]      // while "1"  (timeout="200")
[16:10:05.773]      // while-condition  =>  TRUE
[16:10:05.773]      // while "1"  (timeout="200")
[16:10:05.773]      // while-condition  =>  TRUE
[16:10:05.773]      // while "1"  (timeout="200")
[16:10:05.781]      // while-condition  =>  TRUE
[16:10:05.781]      // while "1"  (timeout="200")
[16:10:05.781]      // while-condition  =>  TRUE
[16:10:05.781]      // while "1"  (timeout="200")
[16:10:05.781]      // while-condition  =>  TRUE
[16:10:05.781]      // while "1"  (timeout="200")
[16:10:05.781]      // while-condition  =>  TRUE
[16:10:05.781]      // while "1"  (timeout="200")
[16:10:05.781]      // while-condition  =>  TRUE
[16:10:05.781]      // while "1"  (timeout="200")
[16:10:05.781]      // while-condition  =>  TRUE
[16:10:05.782]      // while "1"  (timeout="200")
[16:10:05.782]      // while-condition  =>  TRUE
[16:10:05.782]      // while "1"  (timeout="200")
[16:10:05.782]      // while-condition  =>  TRUE
[16:10:05.782]      // while "1"  (timeout="200")
[16:10:05.782]      // while-condition  =>  TRUE
[16:10:05.782]      // while "1"  (timeout="200")
[16:10:05.782]      // while-condition  =>  TRUE
[16:10:05.782]      // while "1"  (timeout="200")
[16:10:05.782]      // while-condition  =>  TRUE
[16:10:05.782]      // while "1"  (timeout="200")
[16:10:05.782]      // while-condition  =>  TRUE
[16:10:05.782]      // while "1"  (timeout="200")
[16:10:05.782]      // while-condition  =>  TRUE
[16:10:05.783]      // while "1"  (timeout="200")
[16:10:05.783]      // while-condition  =>  TRUE
[16:10:05.783]      // while "1"  (timeout="200")
[16:10:05.783]      // while-condition  =>  TRUE
[16:10:05.783]      // while "1"  (timeout="200")
[16:10:05.783]      // while-condition  =>  TRUE
[16:10:05.783]      // while "1"  (timeout="200")
[16:10:05.783]      // while-condition  =>  TRUE
[16:10:05.783]      // while "1"  (timeout="200")
[16:10:05.783]      // while-condition  =>  TRUE
[16:10:05.783]      // while "1"  (timeout="200")
[16:10:05.783]      // while-condition  =>  TRUE
[16:10:05.783]      // while "1"  (timeout="200")
[16:10:05.783]      // while-condition  =>  TRUE
[16:10:05.783]      // while "1"  (timeout="200")
[16:10:05.783]      // while-condition  =>  TRUE
[16:10:05.783]      // while "1"  (timeout="200")
[16:10:05.783]      // while-condition  =>  TRUE
[16:10:05.784]      // while "1"  (timeout="200")
[16:10:05.784]      // while-condition  =>  TRUE
[16:10:05.784]      // while "1"  (timeout="200")
[16:10:05.784]      // while-condition  =>  TRUE
[16:10:05.784]      // while "1"  (timeout="200")
[16:10:05.784]      // while-condition  =>  TRUE
[16:10:05.784]      // while "1"  (timeout="200")
[16:10:05.784]      // while-condition  =>  TRUE
[16:10:05.784]      // while "1"  (timeout="200")
[16:10:05.784]      // while-condition  =>  TRUE
[16:10:05.784]      // while "1"  (timeout="200")
[16:10:05.784]      // while-condition  =>  TRUE
[16:10:05.784]      // while "1"  (timeout="200")
[16:10:05.784]      // while-condition  =>  TRUE
[16:10:05.784]      // while "1"  (timeout="200")
[16:10:05.784]      // while-condition  =>  TRUE
[16:10:05.784]      // while "1"  (timeout="200")
[16:10:05.784]      // while-condition  =>  TRUE
[16:10:05.785]      // while "1"  (timeout="200")
[16:10:05.785]      // while  =>  TIMEOUT
[16:10:05.785]      // end while "1"
[16:10:05.785]    </control>
[16:10:05.785]    <control if="canReadPins" while="" timeout="0" info="">
[16:10:05.785]      // if-block "canReadPins"
[16:10:05.785]        // =>  TRUE
[16:10:05.785]      <control if="" while="(DAP_SWJ_Pins(nReset, nReset, 0) & nReset) == 0" timeout="1000000" info="">
[16:10:05.785]        // while "(DAP_SWJ_Pins(nReset, nReset, 0) & nReset) == 0"  (timeout="1000000")
[16:10:05.788]          // -> [DAP_SWJ_Pins(0x80, 0x80, 0) => 0x8F]   (Out: nRESET=1  =>  In: SWCLK/TCK=1, SWDIO/TMS=1, TDI=1, TDO=1, nTRST=0, nRESET=1)
[16:10:05.788]        // while-condition  =>  FALSE
[16:10:05.788]        // end while "(DAP_SWJ_Pins(nReset, nReset, 0) & nReset) == 0"
[16:10:05.788]      </control>
[16:10:05.788]      // end if-block "canReadPins"
[16:10:05.788]    </control>
[16:10:05.788]    <control if="!canReadPins" while="" timeout="0" info="">
[16:10:05.788]      // if-block "!canReadPins"
[16:10:05.788]        // =>  FALSE
[16:10:05.788]      // skip if-block "!canReadPins"
[16:10:05.788]    </control>
[16:10:05.788]    <control if="(ACCESS_POINT_VAL & 0x00E00000) == 0" while="" timeout="0" info="">
[16:10:05.788]      // if-block "(ACCESS_POINT_VAL & 0x00E00000) == 0"
[16:10:05.788]        // =>  TRUE
[16:10:05.789]      <block atomic="false" info="">
[16:10:05.789]        WriteAP(0x00, 0x190008);
[16:10:05.791]          // -> [WriteAP(0x00000000, 0x00190008)]   (__dp=0x00000000, __ap=0x00000004)
[16:10:05.791]        WriteAP(0xF0, 0x01);
[16:10:05.794]          // -> [WriteAP(0x000000F0, 0x00000001)]   (__dp=0x00000000, __ap=0x00000004)
[16:10:05.794]      </block>
[16:10:05.794]      // end if-block "(ACCESS_POINT_VAL & 0x00E00000) == 0"
[16:10:05.794]    </control>
[16:10:05.794]    <control if="(ACCESS_POINT_VAL & 0x00E00000) != 0" while="" timeout="0" info="">
[16:10:05.795]      // if-block "(ACCESS_POINT_VAL & 0x00E00000) != 0"
[16:10:05.795]        // =>  FALSE
[16:10:05.795]      // skip if-block "(ACCESS_POINT_VAL & 0x00E00000) != 0"
[16:10:05.795]    </control>
[16:10:05.795]    <block atomic="false" info="">
[16:10:05.795]      ACCESS_POINT_VAL = ReadAP(0x00);//Reading current state of access point
[16:10:05.799]        // -> [ReadAP(0x00000000) => 0x0079002F]   (__dp=0x00000000, __ap=0x00000004)
[16:10:05.814]        // -> [ACCESS_POINT_VAL <= 0x0079002F]
[16:10:05.815]      Message(0, "Current state of access point is: %x",ACCESS_POINT_VAL);
[16:10:05.816]      __ap = 0; //lets make sure we reset the access point selection
[16:10:05.816]        // -> [__ap <= 0x00000000]
[16:10:05.816]    </block>
[16:10:05.816]  </sequence>
[16:10:05.816]  
[16:10:05.839]  **********  Sequence "DebugDeviceUnlock"  (Context="Connect", Pname="", info="")
[16:10:05.839]  
[16:10:05.839]  <debugvars>
[16:10:05.839]    // Pre-defined
[16:10:05.839]    __protocol=0x00010002      (Protocol="SWD", SWJ-DP="True")
[16:10:05.839]    __connection=0x00000202    (Connection Type="Flash", Reset Type="System Reset")
[16:10:05.839]    __dp=0x00000000
[16:10:05.839]    __ap=0x00000000
[16:10:05.839]    __traceout=0x00000000      (Trace Disabled)
[16:10:05.839]    __errorcontrol=0x00000000  (Skip Errors="False")
[16:10:05.839]    __FlashAddr=0x00000000
[16:10:05.839]    __FlashLen=0x00000000
[16:10:05.839]    __FlashArg=0x00000000
[16:10:05.840]    __FlashOp=0x00000000
[16:10:05.840]    __Result=0x00000000
[16:10:05.840]  </debugvars>
[16:10:05.840]  
[16:10:05.840]  <sequence name="DebugDeviceUnlock" Pname="" disable="false" info="">
[16:10:05.840]    <block atomic="false" info="">
[16:10:05.840]      __var deviceID = 0;
[16:10:05.840]        // -> [deviceID <= 0x00000000]
[16:10:05.840]      __var version = 0;
[16:10:05.840]        // -> [version <= 0x00000000]
[16:10:05.840]      __var partNum = 0;
[16:10:05.840]        // -> [partNum <= 0x00000000]
[16:10:05.840]      __var manuf = 0;
[16:10:05.840]        // -> [manuf <= 0x00000000]
[16:10:05.840]      __var isMSPM0G1X0X_G3X0X = 0;
[16:10:05.840]        // -> [isMSPM0G1X0X_G3X0X <= 0x00000000]
[16:10:05.840]      __var isProduction = 0;
[16:10:05.840]        // -> [isProduction <= 0x00000000]
[16:10:05.840]      __var continueId = 0;
[16:10:05.840]        // -> [continueId <= 0x00000000]
[16:10:05.840]      deviceID =   Read32(0x41C40004);
[16:10:05.850]        // -> [Read32(0x41C40004) => 0x2BB8802F]   (__dp=0x00000000, __ap=0x00000000)
[16:10:05.850]        // -> [deviceID <= 0x2BB8802F]
[16:10:05.850]      version = deviceID >> 28;
[16:10:05.851]        // -> [version <= 0x00000002]
[16:10:05.851]      partNum = (deviceID & 0x0FFFF000) >> 12;
[16:10:05.851]        // -> [partNum <= 0x0000BB88]
[16:10:05.851]      manuf = (deviceID & 0x00000FFE) >> 1;
[16:10:05.851]        // -> [manuf <= 0x00000017]
[16:10:05.851]      isMSPM0G1X0X_G3X0X = (partNum == 0xBB88) && (manuf == 0x17);
[16:10:05.851]        // -> [isMSPM0G1X0X_G3X0X <= 0x00000001]
[16:10:05.851]      isProduction = (version > 0);
[16:10:05.851]        // -> [isProduction <= 0x00000001]
[16:10:05.851]    </block>
[16:10:05.851]    <control if="!isMSPM0G1X0X_G3X0X" while="" timeout="0" info="">
[16:10:05.851]      // if-block "!isMSPM0G1X0X_G3X0X"
[16:10:05.851]        // =>  FALSE
[16:10:05.851]      // skip if-block "!isMSPM0G1X0X_G3X0X"
[16:10:05.851]    </control>
[16:10:05.851]    <control if="continueId == 4" while="" timeout="0" info="">
[16:10:05.851]      // if-block "continueId == 4"
[16:10:05.851]        // =>  FALSE
[16:10:05.852]      // skip if-block "continueId == 4"
[16:10:05.852]    </control>
[16:10:05.852]    <control if="!isProduction" while="" timeout="0" info="">
[16:10:05.852]      // if-block "!isProduction"
[16:10:05.852]        // =>  FALSE
[16:10:05.852]      // skip if-block "!isProduction"
[16:10:05.852]    </control>
[16:10:05.852]  </sequence>
[16:10:05.852]  
[16:10:37.763]  **********  Sequence "DebugPortSetup"  (Context="Connect", Pname="", info="")
[16:10:37.763]  
[16:10:37.763]  <debugvars>
[16:10:37.763]    // Pre-defined
[16:10:37.763]    __protocol=0x00010002      (Protocol="SWD", SWJ-DP="True")
[16:10:37.763]    __connection=0x00000202    (Connection Type="Flash", Reset Type="System Reset")
[16:10:37.763]    __dp=0x00000000
[16:10:37.763]    __ap=0x00000000
[16:10:37.763]    __traceout=0x00000000      (Trace Disabled)
[16:10:37.763]    __errorcontrol=0x00000000  (Skip Errors="False")
[16:10:37.763]    __FlashAddr=0x00000000
[16:10:37.764]    __FlashLen=0x00000000
[16:10:37.764]    __FlashArg=0x00000000
[16:10:37.764]    __FlashOp=0x00000000
[16:10:37.764]    __Result=0x00000000
[16:10:37.764]  </debugvars>
[16:10:37.764]  
[16:10:37.764]  <sequence name="DebugPortSetup" Pname="" disable="false" info="">
[16:10:37.764]    <block atomic="false" info="">
[16:10:37.764]      __var isSWJ      = ((__protocol & 0x00010000) != 0);
[16:10:37.764]        // -> [isSWJ <= 0x00000001]
[16:10:37.764]      __var hasDormant = __protocol & 0x00020000;
[16:10:37.764]        // -> [hasDormant <= 0x00000000]
[16:10:37.764]      __var protType   = __protocol & 0x0000FFFF;
[16:10:37.764]        // -> [protType <= 0x00000002]
[16:10:37.764]    </block>
[16:10:37.764]    <control if="protType == 1" while="" timeout="0" info="">
[16:10:37.765]      // if-block "protType == 1"
[16:10:37.765]        // =>  FALSE
[16:10:37.765]      // skip if-block "protType == 1"
[16:10:37.765]    </control>
[16:10:37.765]    <control if="protType == 2" while="" timeout="0" info="">
[16:10:37.765]      // if-block "protType == 2"
[16:10:37.765]        // =>  TRUE
[16:10:37.765]      <control if="isSWJ" while="" timeout="0" info="">
[16:10:37.765]        // if-block "isSWJ"
[16:10:37.765]          // =>  TRUE
[16:10:37.765]        <control if="hasDormant" while="" timeout="0" info="">
[16:10:37.765]          // if-block "hasDormant"
[16:10:37.766]            // =>  FALSE
[16:10:37.766]          // skip if-block "hasDormant"
[16:10:37.766]        </control>
[16:10:37.766]        <control if="!hasDormant" while="" timeout="0" info="">
[16:10:37.766]          // if-block "!hasDormant"
[16:10:37.766]            // =>  TRUE
[16:10:37.766]          <block atomic="false" info="">
[16:10:37.766]            DAP_SWJ_Sequence(51, 0x0007FFFFFFFFFFFF); //lets put the JTAG line in a reset state
[16:10:37.769]              // -> [DAP_SWJ_Sequence(51, 0x0007FFFFFFFFFFFF)]
[16:10:37.769]            DAP_SWJ_Sequence(16,0xE73C); //SWD to JTAG, this is to ensure the state machine is initialized
[16:10:37.771]              // -> [DAP_SWJ_Sequence(16, 0x000000000000E73C)]
[16:10:37.771]            DAP_SWJ_Sequence(51, 0x0007FFFFFFFFFFFF); //Put it back in reset
[16:10:37.773]              // -> [DAP_SWJ_Sequence(51, 0x0007FFFFFFFFFFFF)]
[16:10:37.773]            DAP_SWJ_Sequence(16, 0xE79E); //JTAG to SWD switch
[16:10:37.775]              // -> [DAP_SWJ_Sequence(16, 0x000000000000E79E)]
[16:10:37.775]            DAP_SWJ_Sequence(51, 0x0007FFFFFFFFFFFF);  //Ensure the switch is successful 
[16:10:37.776]              // -> [DAP_SWJ_Sequence(51, 0x0007FFFFFFFFFFFF)]
[16:10:37.776]            DAP_SWJ_Sequence(7,  0x00); //Give the line some time to initialize
[16:10:37.778]              // -> [DAP_SWJ_Sequence(7, 0x0000000000000000)]
[16:10:37.778]          </block>
[16:10:37.779]          // end if-block "!hasDormant"
[16:10:37.779]        </control>
[16:10:37.779]        // end if-block "isSWJ"
[16:10:37.779]      </control>
[16:10:37.779]      <control if="!isSWJ" while="" timeout="0" info="">
[16:10:37.779]        // if-block "!isSWJ"
[16:10:37.779]          // =>  FALSE
[16:10:37.779]        // skip if-block "!isSWJ"
[16:10:37.779]      </control>
[16:10:37.779]      <block atomic="false" info="">
[16:10:37.779]        ReadDP(0x0);
[16:10:37.782]          // -> [ReadDP(0x00000000) => 0x6BA02477]   (__dp=0x00000000)
[16:10:37.782]      </block>
[16:10:37.782]      // end if-block "protType == 2"
[16:10:37.782]    </control>
[16:10:37.782]  </sequence>
[16:10:37.782]  
[16:10:37.784]  **********  Sequence "DebugPortStart"  (Context="Connect", Pname="", info="")
[16:10:37.784]  
[16:10:37.784]  <debugvars>
[16:10:37.784]    // Pre-defined
[16:10:37.784]    __protocol=0x00010002      (Protocol="SWD", SWJ-DP="True")
[16:10:37.784]    __connection=0x00000202    (Connection Type="Flash", Reset Type="System Reset")
[16:10:37.784]    __dp=0x00000000
[16:10:37.784]    __ap=0x00000000
[16:10:37.784]    __traceout=0x00000000      (Trace Disabled)
[16:10:37.784]    __errorcontrol=0x00000000  (Skip Errors="False")
[16:10:37.784]    __FlashAddr=0x00000000
[16:10:37.784]    __FlashLen=0x00000000
[16:10:37.784]    __FlashArg=0x00000000
[16:10:37.784]    __FlashOp=0x00000000
[16:10:37.784]    __Result=0x00000000
[16:10:37.784]  </debugvars>
[16:10:37.784]  
[16:10:37.784]  <sequence name="DebugPortStart" Pname="" disable="false" info="">
[16:10:37.784]    <block atomic="false" info="">
[16:10:37.784]      __var SW_DP_ABORT       = 0x0;
[16:10:37.784]        // -> [SW_DP_ABORT <= 0x00000000]
[16:10:37.784]      __var DP_CTRL_STAT      = 0x4;
[16:10:37.784]        // -> [DP_CTRL_STAT <= 0x00000004]
[16:10:37.784]      __var DP_SELECT         = 0x8;
[16:10:37.784]        // -> [DP_SELECT <= 0x00000008]
[16:10:37.784]      __var powered_down      = 0;
[16:10:37.784]        // -> [powered_down <= 0x00000000]
[16:10:37.784]      WriteDP(DP_SELECT, 0x00000000);
[16:10:37.784]        // -> [WriteDP(0x00000008, 0x00000000)]   (__dp=0x00000000)
[16:10:37.784]      powered_down = ((ReadDP(DP_CTRL_STAT) & 0xA0000000) != 0xA0000000);
[16:10:37.784]        // -> [ReadDP(0x00000004) => 0x00000040]   (__dp=0x00000000)
[16:10:37.784]        // -> [powered_down <= 0x00000001]
[16:10:37.784]    </block>
[16:10:37.784]    <control if="powered_down" while="" timeout="0" info="">
[16:10:37.784]      // if-block "powered_down"
[16:10:37.784]        // =>  TRUE
[16:10:37.784]      <block atomic="false" info="">
[16:10:37.792]        Message(0, "Debug/System power-up request sent");
[16:10:37.793]        WriteDP(DP_CTRL_STAT, 0x50000000);
[16:10:37.798]          // -> [WriteDP(0x00000004, 0x50000000)]   (__dp=0x00000000)
[16:10:37.798]      </block>
[16:10:37.798]      <control if="" while="(ReadDP(DP_CTRL_STAT) & 0xA0000000) != 0xA0000000" timeout="1000000" info="">
[16:10:37.798]        // while "(ReadDP(DP_CTRL_STAT) & 0xA0000000) != 0xA0000000"  (timeout="1000000")
[16:10:37.800]          // -> [ReadDP(0x00000004) => 0xF0000040]   (__dp=0x00000000)
[16:10:37.800]        // while-condition  =>  FALSE
[16:10:37.800]        // end while "(ReadDP(DP_CTRL_STAT) & 0xA0000000) != 0xA0000000"
[16:10:37.800]      </control>
[16:10:37.800]      <control if="(__protocol & 0xFFFF) == 1" while="" timeout="0" info="">
[16:10:37.800]        // if-block "(__protocol & 0xFFFF) == 1"
[16:10:37.800]          // =>  FALSE
[16:10:37.800]        // skip if-block "(__protocol & 0xFFFF) == 1"
[16:10:37.800]      </control>
[16:10:37.800]      <control if="(__protocol & 0xFFFF) == 2" while="" timeout="0" info="">
[16:10:37.800]        // if-block "(__protocol & 0xFFFF) == 2"
[16:10:37.800]          // =>  TRUE
[16:10:37.800]        <block atomic="false" info="">
[16:10:37.800]          Message(0, "executing SWD power up");
[16:10:37.802]          WriteDP(DP_CTRL_STAT, 0x50000F00);
[16:10:37.805]            // -> [WriteDP(0x00000004, 0x50000F00)]   (__dp=0x00000000)
[16:10:37.805]          WriteDP(SW_DP_ABORT, 0x0000001E);
[16:10:37.807]            // -> [WriteDP(0x00000000, 0x0000001E)]   (__dp=0x00000000)
[16:10:37.807]        </block>
[16:10:37.807]        // end if-block "(__protocol & 0xFFFF) == 2"
[16:10:37.807]      </control>
[16:10:37.807]      // end if-block "powered_down"
[16:10:37.807]    </control>
[16:10:37.807]    <block atomic="false" info="">
[16:10:37.807]      __var DEBUG_PORT_VAL    = 0;
[16:10:37.807]        // -> [DEBUG_PORT_VAL <= 0x00000000]
[16:10:37.807]      __var ACCESS_POINT_VAL  = 0;
[16:10:37.807]        // -> [ACCESS_POINT_VAL <= 0x00000000]
[16:10:37.807]      __ap = 1; 
[16:10:37.807]        // -> [__ap <= 0x00000001]
[16:10:37.807]      WriteAP(0x0C, 0x04); //lets use the mini pwr-ap as backup
[16:10:37.811]        // -> [WriteAP(0x0000000C, 0x00000004)]   (__dp=0x00000000, __ap=0x00000001)
[16:10:37.811]      __ap = 4;
[16:10:37.811]        // -> [__ap <= 0x00000004]
[16:10:37.811]      ACCESS_POINT_VAL = ReadAP(0x00);//Reading current state of access point
[16:10:37.817]        // -> [ReadAP(0x00000000) => 0x00080027]   (__dp=0x00000000, __ap=0x00000004)
[16:10:37.817]        // -> [ACCESS_POINT_VAL <= 0x00080027]
[16:10:37.817]      Message(0, "Current state of access point is: %x",ACCESS_POINT_VAL);
[16:10:37.817]    </block>
[16:10:37.817]    <block atomic="false" info="">
[16:10:37.817]      __var nReset = 0x80;
[16:10:37.817]        // -> [nReset <= 0x00000080]
[16:10:37.817]      __var canReadPins = 0;
[16:10:37.817]        // -> [canReadPins <= 0x00000000]
[16:10:37.817]      canReadPins = (DAP_SWJ_Pins(0x00, nReset, 0) != 0xFFFFFFFF);
[16:10:37.817]        // -> [DAP_SWJ_Pins(0x00, 0x80, 0) => 0x0F]   (Out: nRESET=0  =>  In: SWCLK/TCK=1, SWDIO/TMS=1, TDI=1, TDO=1, nTRST=0, nRESET=0)
[16:10:37.817]        // -> [canReadPins <= 0x00000001]
[16:10:37.817]    </block>
[16:10:37.817]    <control if="" while="1" timeout="200" info="">
[16:10:37.817]      // while "1"  (timeout="200")
[16:10:37.817]      // while-condition  =>  TRUE
[16:10:37.817]      // while "1"  (timeout="200")
[16:10:37.817]      // while-condition  =>  TRUE
[16:10:37.817]      // while "1"  (timeout="200")
[16:10:37.817]      // while-condition  =>  TRUE
[16:10:37.817]      // while "1"  (timeout="200")
[16:10:37.817]      // while-condition  =>  TRUE
[16:10:37.817]      // while "1"  (timeout="200")
[16:10:37.817]      // while-condition  =>  TRUE
[16:10:37.817]      // while "1"  (timeout="200")
[16:10:37.817]      // while-condition  =>  TRUE
[16:10:37.817]      // while "1"  (timeout="200")
[16:10:37.817]      // while-condition  =>  TRUE
[16:10:37.817]      // while "1"  (timeout="200")
[16:10:37.817]      // while-condition  =>  TRUE
[16:10:37.817]      // while "1"  (timeout="200")
[16:10:37.817]      // while-condition  =>  TRUE
[16:10:37.817]      // while "1"  (timeout="200")
[16:10:37.817]      // while-condition  =>  TRUE
[16:10:37.817]      // while "1"  (timeout="200")
[16:10:37.817]      // while-condition  =>  TRUE
[16:10:37.817]      // while "1"  (timeout="200")
[16:10:37.817]      // while-condition  =>  TRUE
[16:10:37.817]      // while "1"  (timeout="200")
[16:10:37.817]      // while-condition  =>  TRUE
[16:10:37.817]      // while "1"  (timeout="200")
[16:10:37.817]      // while-condition  =>  TRUE
[16:10:37.817]      // while "1"  (timeout="200")
[16:10:37.817]      // while-condition  =>  TRUE
[16:10:37.817]      // while "1"  (timeout="200")
[16:10:37.817]      // while-condition  =>  TRUE
[16:10:37.817]      // while "1"  (timeout="200")
[16:10:37.817]      // while-condition  =>  TRUE
[16:10:37.817]      // while "1"  (timeout="200")
[16:10:37.817]      // while-condition  =>  TRUE
[16:10:37.817]      // while "1"  (timeout="200")
[16:10:37.817]      // while-condition  =>  TRUE
[16:10:37.817]      // while "1"  (timeout="200")
[16:10:37.817]      // while-condition  =>  TRUE
[16:10:37.817]      // while "1"  (timeout="200")
[16:10:37.817]      // while-condition  =>  TRUE
[16:10:37.817]      // while "1"  (timeout="200")
[16:10:37.817]      // while-condition  =>  TRUE
[16:10:37.817]      // while "1"  (timeout="200")
[16:10:37.817]      // while-condition  =>  TRUE
[16:10:37.817]      // while "1"  (timeout="200")
[16:10:37.817]      // while-condition  =>  TRUE
[16:10:37.817]      // while "1"  (timeout="200")
[16:10:37.817]      // while-condition  =>  TRUE
[16:10:37.817]      // while "1"  (timeout="200")
[16:10:37.817]      // while-condition  =>  TRUE
[16:10:37.817]      // while "1"  (timeout="200")
[16:10:37.817]      // while-condition  =>  TRUE
[16:10:37.817]      // while "1"  (timeout="200")
[16:10:37.817]      // while-condition  =>  TRUE
[16:10:37.817]      // while "1"  (timeout="200")
[16:10:37.817]      // while-condition  =>  TRUE
[16:10:37.817]      // while "1"  (timeout="200")
[16:10:37.817]      // while-condition  =>  TRUE
[16:10:37.817]      // while "1"  (timeout="200")
[16:10:37.817]      // while-condition  =>  TRUE
[16:10:37.817]      // while "1"  (timeout="200")
[16:10:37.817]      // while-condition  =>  TRUE
[16:10:37.817]      // while "1"  (timeout="200")
[16:10:37.817]      // while-condition  =>  TRUE
[16:10:37.817]      // while "1"  (timeout="200")
[16:10:37.817]      // while-condition  =>  TRUE
[16:10:37.817]      // while "1"  (timeout="200")
[16:10:37.817]      // while-condition  =>  TRUE
[16:10:37.817]      // while "1"  (timeout="200")
[16:10:37.817]      // while-condition  =>  TRUE
[16:10:37.817]      // while "1"  (timeout="200")
[16:10:37.817]      // while-condition  =>  TRUE
[16:10:37.817]      // while "1"  (timeout="200")
[16:10:37.817]      // while-condition  =>  TRUE
[16:10:37.817]      // while "1"  (timeout="200")
[16:10:37.817]      // while-condition  =>  TRUE
[16:10:37.817]      // while "1"  (timeout="200")
[16:10:37.817]      // while-condition  =>  TRUE
[16:10:37.817]      // while "1"  (timeout="200")
[16:10:37.817]      // while-condition  =>  TRUE
[16:10:37.825]      // while "1"  (timeout="200")
[16:10:37.825]      // while-condition  =>  TRUE
[16:10:37.825]      // while "1"  (timeout="200")
[16:10:37.825]      // while-condition  =>  TRUE
[16:10:37.825]      // while "1"  (timeout="200")
[16:10:37.825]      // while-condition  =>  TRUE
[16:10:37.825]      // while "1"  (timeout="200")
[16:10:37.825]      // while-condition  =>  TRUE
[16:10:37.825]      // while "1"  (timeout="200")
[16:10:37.825]      // while-condition  =>  TRUE
[16:10:37.825]      // while "1"  (timeout="200")
[16:10:37.827]      // while-condition  =>  TRUE
[16:10:37.827]      // while "1"  (timeout="200")
[16:10:37.827]      // while-condition  =>  TRUE
[16:10:37.827]      // while "1"  (timeout="200")
[16:10:37.827]      // while-condition  =>  TRUE
[16:10:37.827]      // while "1"  (timeout="200")
[16:10:37.827]      // while-condition  =>  TRUE
[16:10:37.827]      // while "1"  (timeout="200")
[16:10:37.827]      // while-condition  =>  TRUE
[16:10:37.827]      // while "1"  (timeout="200")
[16:10:37.827]      // while-condition  =>  TRUE
[16:10:37.827]      // while "1"  (timeout="200")
[16:10:37.827]      // while-condition  =>  TRUE
[16:10:37.827]      // while "1"  (timeout="200")
[16:10:37.828]      // while-condition  =>  TRUE
[16:10:37.828]      // while "1"  (timeout="200")
[16:10:37.828]      // while-condition  =>  TRUE
[16:10:37.828]      // while "1"  (timeout="200")
[16:10:37.828]      // while-condition  =>  TRUE
[16:10:37.828]      // while "1"  (timeout="200")
[16:10:37.828]      // while-condition  =>  TRUE
[16:10:37.828]      // while "1"  (timeout="200")
[16:10:37.828]      // while-condition  =>  TRUE
[16:10:37.828]      // while "1"  (timeout="200")
[16:10:37.828]      // while-condition  =>  TRUE
[16:10:37.828]      // while "1"  (timeout="200")
[16:10:37.828]      // while-condition  =>  TRUE
[16:10:37.828]      // while "1"  (timeout="200")
[16:10:37.828]      // while-condition  =>  TRUE
[16:10:37.828]      // while "1"  (timeout="200")
[16:10:37.828]      // while-condition  =>  TRUE
[16:10:37.829]      // while "1"  (timeout="200")
[16:10:37.829]      // while-condition  =>  TRUE
[16:10:37.829]      // while "1"  (timeout="200")
[16:10:37.829]      // while-condition  =>  TRUE
[16:10:37.829]      // while "1"  (timeout="200")
[16:10:37.829]      // while-condition  =>  TRUE
[16:10:37.829]      // while "1"  (timeout="200")
[16:10:37.829]      // while-condition  =>  TRUE
[16:10:37.829]      // while "1"  (timeout="200")
[16:10:37.829]      // while-condition  =>  TRUE
[16:10:37.829]      // while "1"  (timeout="200")
[16:10:37.829]      // while-condition  =>  TRUE
[16:10:37.829]      // while "1"  (timeout="200")
[16:10:37.829]      // while-condition  =>  TRUE
[16:10:37.829]      // while "1"  (timeout="200")
[16:10:37.829]      // while-condition  =>  TRUE
[16:10:37.830]      // while "1"  (timeout="200")
[16:10:37.830]      // while-condition  =>  TRUE
[16:10:37.830]      // while "1"  (timeout="200")
[16:10:37.830]      // while-condition  =>  TRUE
[16:10:37.830]      // while "1"  (timeout="200")
[16:10:37.830]      // while-condition  =>  TRUE
[16:10:37.830]      // while "1"  (timeout="200")
[16:10:37.830]      // while-condition  =>  TRUE
[16:10:37.830]      // while "1"  (timeout="200")
[16:10:37.830]      // while-condition  =>  TRUE
[16:10:37.830]      // while "1"  (timeout="200")
[16:10:37.830]      // while-condition  =>  TRUE
[16:10:37.830]      // while "1"  (timeout="200")
[16:10:37.830]      // while-condition  =>  TRUE
[16:10:37.830]      // while "1"  (timeout="200")
[16:10:37.830]      // while-condition  =>  TRUE
[16:10:37.830]      // while "1"  (timeout="200")
[16:10:37.831]      // while-condition  =>  TRUE
[16:10:37.831]      // while "1"  (timeout="200")
[16:10:37.831]      // while-condition  =>  TRUE
[16:10:37.831]      // while "1"  (timeout="200")
[16:10:37.831]      // while-condition  =>  TRUE
[16:10:37.831]      // while "1"  (timeout="200")
[16:10:37.831]      // while-condition  =>  TRUE
[16:10:37.831]      // while "1"  (timeout="200")
[16:10:37.831]      // while-condition  =>  TRUE
[16:10:37.831]      // while "1"  (timeout="200")
[16:10:37.831]      // while-condition  =>  TRUE
[16:10:37.831]      // while "1"  (timeout="200")
[16:10:37.831]      // while-condition  =>  TRUE
[16:10:37.831]      // while "1"  (timeout="200")
[16:10:37.831]      // while-condition  =>  TRUE
[16:10:37.831]      // while "1"  (timeout="200")
[16:10:37.831]      // while-condition  =>  TRUE
[16:10:37.831]      // while "1"  (timeout="200")
[16:10:37.831]      // while-condition  =>  TRUE
[16:10:37.831]      // while "1"  (timeout="200")
[16:10:37.831]      // while-condition  =>  TRUE
[16:10:37.831]      // while "1"  (timeout="200")
[16:10:37.831]      // while-condition  =>  TRUE
[16:10:37.831]      // while "1"  (timeout="200")
[16:10:37.831]      // while-condition  =>  TRUE
[16:10:37.831]      // while "1"  (timeout="200")
[16:10:37.831]      // while-condition  =>  TRUE
[16:10:37.831]      // while "1"  (timeout="200")
[16:10:37.831]      // while-condition  =>  TRUE
[16:10:37.831]      // while "1"  (timeout="200")
[16:10:37.831]      // while-condition  =>  TRUE
[16:10:37.832]      // while "1"  (timeout="200")
[16:10:37.832]      // while  =>  TIMEOUT
[16:10:37.832]      // end while "1"
[16:10:37.832]    </control>
[16:10:37.832]    <control if="canReadPins" while="" timeout="0" info="">
[16:10:37.832]      // if-block "canReadPins"
[16:10:37.832]        // =>  TRUE
[16:10:37.832]      <control if="" while="(DAP_SWJ_Pins(nReset, nReset, 0) & nReset) == 0" timeout="1000000" info="">
[16:10:37.832]        // while "(DAP_SWJ_Pins(nReset, nReset, 0) & nReset) == 0"  (timeout="1000000")
[16:10:37.834]          // -> [DAP_SWJ_Pins(0x80, 0x80, 0) => 0x8F]   (Out: nRESET=1  =>  In: SWCLK/TCK=1, SWDIO/TMS=1, TDI=1, TDO=1, nTRST=0, nRESET=1)
[16:10:37.834]        // while-condition  =>  FALSE
[16:10:37.834]        // end while "(DAP_SWJ_Pins(nReset, nReset, 0) & nReset) == 0"
[16:10:37.834]      </control>
[16:10:37.834]      // end if-block "canReadPins"
[16:10:37.834]    </control>
[16:10:37.834]    <control if="!canReadPins" while="" timeout="0" info="">
[16:10:37.834]      // if-block "!canReadPins"
[16:10:37.835]        // =>  FALSE
[16:10:37.835]      // skip if-block "!canReadPins"
[16:10:37.835]    </control>
[16:10:37.835]    <control if="(ACCESS_POINT_VAL & 0x00E00000) == 0" while="" timeout="0" info="">
[16:10:37.835]      // if-block "(ACCESS_POINT_VAL & 0x00E00000) == 0"
[16:10:37.835]        // =>  TRUE
[16:10:37.835]      <block atomic="false" info="">
[16:10:37.835]        WriteAP(0x00, 0x190008);
[16:10:37.837]          // -> [WriteAP(0x00000000, 0x00190008)]   (__dp=0x00000000, __ap=0x00000004)
[16:10:37.837]        WriteAP(0xF0, 0x01);
[16:10:37.842]          // -> [WriteAP(0x000000F0, 0x00000001)]   (__dp=0x00000000, __ap=0x00000004)
[16:10:37.842]      </block>
[16:10:37.842]      // end if-block "(ACCESS_POINT_VAL & 0x00E00000) == 0"
[16:10:37.842]    </control>
[16:10:37.842]    <control if="(ACCESS_POINT_VAL & 0x00E00000) != 0" while="" timeout="0" info="">
[16:10:37.842]      // if-block "(ACCESS_POINT_VAL & 0x00E00000) != 0"
[16:10:37.842]        // =>  FALSE
[16:10:37.842]      // skip if-block "(ACCESS_POINT_VAL & 0x00E00000) != 0"
[16:10:37.842]    </control>
[16:10:37.842]    <block atomic="false" info="">
[16:10:37.842]      ACCESS_POINT_VAL = ReadAP(0x00);//Reading current state of access point
[16:10:37.848]        // -> [ReadAP(0x00000000) => 0x0079002F]   (__dp=0x00000000, __ap=0x00000004)
[16:10:37.848]        // -> [ACCESS_POINT_VAL <= 0x0079002F]
[16:10:37.848]      Message(0, "Current state of access point is: %x",ACCESS_POINT_VAL);
[16:10:37.849]      __ap = 0; //lets make sure we reset the access point selection
[16:10:37.849]        // -> [__ap <= 0x00000000]
[16:10:37.849]    </block>
[16:10:37.849]  </sequence>
[16:10:37.849]  
[16:10:37.871]  **********  Sequence "DebugDeviceUnlock"  (Context="Connect", Pname="", info="")
[16:10:37.871]  
[16:10:37.871]  <debugvars>
[16:10:37.871]    // Pre-defined
[16:10:37.871]    __protocol=0x00010002      (Protocol="SWD", SWJ-DP="True")
[16:10:37.871]    __connection=0x00000202    (Connection Type="Flash", Reset Type="System Reset")
[16:10:37.871]    __dp=0x00000000
[16:10:37.871]    __ap=0x00000000
[16:10:37.871]    __traceout=0x00000000      (Trace Disabled)
[16:10:37.871]    __errorcontrol=0x00000000  (Skip Errors="False")
[16:10:37.871]    __FlashAddr=0x00000000
[16:10:37.871]    __FlashLen=0x00000000
[16:10:37.871]    __FlashArg=0x00000000
[16:10:37.872]    __FlashOp=0x00000000
[16:10:37.872]    __Result=0x00000000
[16:10:37.872]  </debugvars>
[16:10:37.872]  
[16:10:37.872]  <sequence name="DebugDeviceUnlock" Pname="" disable="false" info="">
[16:10:37.872]    <block atomic="false" info="">
[16:10:37.872]      __var deviceID = 0;
[16:10:37.872]        // -> [deviceID <= 0x00000000]
[16:10:37.872]      __var version = 0;
[16:10:37.872]        // -> [version <= 0x00000000]
[16:10:37.872]      __var partNum = 0;
[16:10:37.872]        // -> [partNum <= 0x00000000]
[16:10:37.872]      __var manuf = 0;
[16:10:37.872]        // -> [manuf <= 0x00000000]
[16:10:37.872]      __var isMSPM0G1X0X_G3X0X = 0;
[16:10:37.873]        // -> [isMSPM0G1X0X_G3X0X <= 0x00000000]
[16:10:37.873]      __var isProduction = 0;
[16:10:37.873]        // -> [isProduction <= 0x00000000]
[16:10:37.873]      __var continueId = 0;
[16:10:37.873]        // -> [continueId <= 0x00000000]
[16:10:37.873]      deviceID =   Read32(0x41C40004);
[16:10:37.879]        // -> [Read32(0x41C40004) => 0x2BB8802F]   (__dp=0x00000000, __ap=0x00000000)
[16:10:37.879]        // -> [deviceID <= 0x2BB8802F]
[16:10:37.879]      version = deviceID >> 28;
[16:10:37.879]        // -> [version <= 0x00000002]
[16:10:37.879]      partNum = (deviceID & 0x0FFFF000) >> 12;
[16:10:37.879]        // -> [partNum <= 0x0000BB88]
[16:10:37.879]      manuf = (deviceID & 0x00000FFE) >> 1;
[16:10:37.879]        // -> [manuf <= 0x00000017]
[16:10:37.879]      isMSPM0G1X0X_G3X0X = (partNum == 0xBB88) && (manuf == 0x17);
[16:10:37.879]        // -> [isMSPM0G1X0X_G3X0X <= 0x00000001]
[16:10:37.879]      isProduction = (version > 0);
[16:10:37.879]        // -> [isProduction <= 0x00000001]
[16:10:37.879]    </block>
[16:10:37.879]    <control if="!isMSPM0G1X0X_G3X0X" while="" timeout="0" info="">
[16:10:37.880]      // if-block "!isMSPM0G1X0X_G3X0X"
[16:10:37.880]        // =>  FALSE
[16:10:37.880]      // skip if-block "!isMSPM0G1X0X_G3X0X"
[16:10:37.880]    </control>
[16:10:37.880]    <control if="continueId == 4" while="" timeout="0" info="">
[16:10:37.880]      // if-block "continueId == 4"
[16:10:37.880]        // =>  FALSE
[16:10:37.880]      // skip if-block "continueId == 4"
[16:10:37.880]    </control>
[16:10:37.880]    <control if="!isProduction" while="" timeout="0" info="">
[16:10:37.880]      // if-block "!isProduction"
[16:10:37.880]        // =>  FALSE
[16:10:37.880]      // skip if-block "!isProduction"
[16:10:37.880]    </control>
[16:10:37.880]  </sequence>
[16:10:37.880]  
[16:10:57.599]  **********  Sequence "DebugPortSetup"  (Context="Connect", Pname="", info="")
[16:10:57.599]  
[16:10:57.600]  <debugvars>
[16:10:57.600]    // Pre-defined
[16:10:57.600]    __protocol=0x00010002      (Protocol="SWD", SWJ-DP="True")
[16:10:57.600]    __connection=0x00000202    (Connection Type="Flash", Reset Type="System Reset")
[16:10:57.600]    __dp=0x00000000
[16:10:57.600]    __ap=0x00000000
[16:10:57.600]    __traceout=0x00000000      (Trace Disabled)
[16:10:57.600]    __errorcontrol=0x00000000  (Skip Errors="False")
[16:10:57.600]    __FlashAddr=0x00000000
[16:10:57.600]    __FlashLen=0x00000000
[16:10:57.600]    __FlashArg=0x00000000
[16:10:57.600]    __FlashOp=0x00000000
[16:10:57.600]    __Result=0x00000000
[16:10:57.600]  </debugvars>
[16:10:57.600]  
[16:10:57.600]  <sequence name="DebugPortSetup" Pname="" disable="false" info="">
[16:10:57.601]    <block atomic="false" info="">
[16:10:57.601]      __var isSWJ      = ((__protocol & 0x00010000) != 0);
[16:10:57.601]        // -> [isSWJ <= 0x00000001]
[16:10:57.601]      __var hasDormant = __protocol & 0x00020000;
[16:10:57.601]        // -> [hasDormant <= 0x00000000]
[16:10:57.601]      __var protType   = __protocol & 0x0000FFFF;
[16:10:57.601]        // -> [protType <= 0x00000002]
[16:10:57.601]    </block>
[16:10:57.601]    <control if="protType == 1" while="" timeout="0" info="">
[16:10:57.601]      // if-block "protType == 1"
[16:10:57.601]        // =>  FALSE
[16:10:57.601]      // skip if-block "protType == 1"
[16:10:57.601]    </control>
[16:10:57.602]    <control if="protType == 2" while="" timeout="0" info="">
[16:10:57.602]      // if-block "protType == 2"
[16:10:57.602]        // =>  TRUE
[16:10:57.602]      <control if="isSWJ" while="" timeout="0" info="">
[16:10:57.602]        // if-block "isSWJ"
[16:10:57.602]          // =>  TRUE
[16:10:57.602]        <control if="hasDormant" while="" timeout="0" info="">
[16:10:57.602]          // if-block "hasDormant"
[16:10:57.602]            // =>  FALSE
[16:10:57.602]          // skip if-block "hasDormant"
[16:10:57.602]        </control>
[16:10:57.602]        <control if="!hasDormant" while="" timeout="0" info="">
[16:10:57.602]          // if-block "!hasDormant"
[16:10:57.602]            // =>  TRUE
[16:10:57.602]          <block atomic="false" info="">
[16:10:57.602]            DAP_SWJ_Sequence(51, 0x0007FFFFFFFFFFFF); //lets put the JTAG line in a reset state
[16:10:57.604]              // -> [DAP_SWJ_Sequence(51, 0x0007FFFFFFFFFFFF)]
[16:10:57.604]            DAP_SWJ_Sequence(16,0xE73C); //SWD to JTAG, this is to ensure the state machine is initialized
[16:10:57.606]              // -> [DAP_SWJ_Sequence(16, 0x000000000000E73C)]
[16:10:57.606]            DAP_SWJ_Sequence(51, 0x0007FFFFFFFFFFFF); //Put it back in reset
[16:10:57.608]              // -> [DAP_SWJ_Sequence(51, 0x0007FFFFFFFFFFFF)]
[16:10:57.608]            DAP_SWJ_Sequence(16, 0xE79E); //JTAG to SWD switch
[16:10:57.611]              // -> [DAP_SWJ_Sequence(16, 0x000000000000E79E)]
[16:10:57.611]            DAP_SWJ_Sequence(51, 0x0007FFFFFFFFFFFF);  //Ensure the switch is successful 
[16:10:57.613]              // -> [DAP_SWJ_Sequence(51, 0x0007FFFFFFFFFFFF)]
[16:10:57.613]            DAP_SWJ_Sequence(7,  0x00); //Give the line some time to initialize
[16:10:57.615]              // -> [DAP_SWJ_Sequence(7, 0x0000000000000000)]
[16:10:57.615]          </block>
[16:10:57.615]          // end if-block "!hasDormant"
[16:10:57.615]        </control>
[16:10:57.615]        // end if-block "isSWJ"
[16:10:57.615]      </control>
[16:10:57.615]      <control if="!isSWJ" while="" timeout="0" info="">
[16:10:57.615]        // if-block "!isSWJ"
[16:10:57.615]          // =>  FALSE
[16:10:57.615]        // skip if-block "!isSWJ"
[16:10:57.615]      </control>
[16:10:57.615]      <block atomic="false" info="">
[16:10:57.615]        ReadDP(0x0);
[16:10:57.617]          // -> [ReadDP(0x00000000) => 0x6BA02477]   (__dp=0x00000000)
[16:10:57.618]      </block>
[16:10:57.618]      // end if-block "protType == 2"
[16:10:57.618]    </control>
[16:10:57.618]  </sequence>
[16:10:57.618]  
[16:10:57.622]  **********  Sequence "DebugPortStart"  (Context="Connect", Pname="", info="")
[16:10:57.622]  
[16:10:57.622]  <debugvars>
[16:10:57.622]    // Pre-defined
[16:10:57.622]    __protocol=0x00010002      (Protocol="SWD", SWJ-DP="True")
[16:10:57.622]    __connection=0x00000202    (Connection Type="Flash", Reset Type="System Reset")
[16:10:57.622]    __dp=0x00000000
[16:10:57.622]    __ap=0x00000000
[16:10:57.622]    __traceout=0x00000000      (Trace Disabled)
[16:10:57.622]    __errorcontrol=0x00000000  (Skip Errors="False")
[16:10:57.622]    __FlashAddr=0x00000000
[16:10:57.622]    __FlashLen=0x00000000
[16:10:57.622]    __FlashArg=0x00000000
[16:10:57.622]    __FlashOp=0x00000000
[16:10:57.622]    __Result=0x00000000
[16:10:57.622]  </debugvars>
[16:10:57.622]  
[16:10:57.622]  <sequence name="DebugPortStart" Pname="" disable="false" info="">
[16:10:57.622]    <block atomic="false" info="">
[16:10:57.622]      __var SW_DP_ABORT       = 0x0;
[16:10:57.622]        // -> [SW_DP_ABORT <= 0x00000000]
[16:10:57.622]      __var DP_CTRL_STAT      = 0x4;
[16:10:57.622]        // -> [DP_CTRL_STAT <= 0x00000004]
[16:10:57.622]      __var DP_SELECT         = 0x8;
[16:10:57.622]        // -> [DP_SELECT <= 0x00000008]
[16:10:57.622]      __var powered_down      = 0;
[16:10:57.622]        // -> [powered_down <= 0x00000000]
[16:10:57.622]      WriteDP(DP_SELECT, 0x00000000);
[16:10:57.622]        // -> [WriteDP(0x00000008, 0x00000000)]   (__dp=0x00000000)
[16:10:57.622]      powered_down = ((ReadDP(DP_CTRL_STAT) & 0xA0000000) != 0xA0000000);
[16:10:57.622]        // -> [ReadDP(0x00000004) => 0x00000040]   (__dp=0x00000000)
[16:10:57.622]        // -> [powered_down <= 0x00000001]
[16:10:57.622]    </block>
[16:10:57.622]    <control if="powered_down" while="" timeout="0" info="">
[16:10:57.622]      // if-block "powered_down"
[16:10:57.622]        // =>  TRUE
[16:10:57.622]      <block atomic="false" info="">
[16:10:57.622]        Message(0, "Debug/System power-up request sent");
[16:10:57.630]        WriteDP(DP_CTRL_STAT, 0x50000000);
[16:10:57.633]          // -> [WriteDP(0x00000004, 0x50000000)]   (__dp=0x00000000)
[16:10:57.633]      </block>
[16:10:57.633]      <control if="" while="(ReadDP(DP_CTRL_STAT) & 0xA0000000) != 0xA0000000" timeout="1000000" info="">
[16:10:57.633]        // while "(ReadDP(DP_CTRL_STAT) & 0xA0000000) != 0xA0000000"  (timeout="1000000")
[16:10:57.635]          // -> [ReadDP(0x00000004) => 0xF0000040]   (__dp=0x00000000)
[16:10:57.635]        // while-condition  =>  FALSE
[16:10:57.635]        // end while "(ReadDP(DP_CTRL_STAT) & 0xA0000000) != 0xA0000000"
[16:10:57.635]      </control>
[16:10:57.635]      <control if="(__protocol & 0xFFFF) == 1" while="" timeout="0" info="">
[16:10:57.635]        // if-block "(__protocol & 0xFFFF) == 1"
[16:10:57.635]          // =>  FALSE
[16:10:57.635]        // skip if-block "(__protocol & 0xFFFF) == 1"
[16:10:57.635]      </control>
[16:10:57.635]      <control if="(__protocol & 0xFFFF) == 2" while="" timeout="0" info="">
[16:10:57.635]        // if-block "(__protocol & 0xFFFF) == 2"
[16:10:57.635]          // =>  TRUE
[16:10:57.635]        <block atomic="false" info="">
[16:10:57.635]          Message(0, "executing SWD power up");
[16:10:57.637]          WriteDP(DP_CTRL_STAT, 0x50000F00);
[16:10:57.638]            // -> [WriteDP(0x00000004, 0x50000F00)]   (__dp=0x00000000)
[16:10:57.639]          WriteDP(SW_DP_ABORT, 0x0000001E);
[16:10:57.640]            // -> [WriteDP(0x00000000, 0x0000001E)]   (__dp=0x00000000)
[16:10:57.641]        </block>
[16:10:57.641]        // end if-block "(__protocol & 0xFFFF) == 2"
[16:10:57.641]      </control>
[16:10:57.641]      // end if-block "powered_down"
[16:10:57.641]    </control>
[16:10:57.641]    <block atomic="false" info="">
[16:10:57.641]      __var DEBUG_PORT_VAL    = 0;
[16:10:57.641]        // -> [DEBUG_PORT_VAL <= 0x00000000]
[16:10:57.641]      __var ACCESS_POINT_VAL  = 0;
[16:10:57.641]        // -> [ACCESS_POINT_VAL <= 0x00000000]
[16:10:57.641]      __ap = 1; 
[16:10:57.641]        // -> [__ap <= 0x00000001]
[16:10:57.641]      WriteAP(0x0C, 0x04); //lets use the mini pwr-ap as backup
[16:10:57.645]        // -> [WriteAP(0x0000000C, 0x00000004)]   (__dp=0x00000000, __ap=0x00000001)
[16:10:57.646]      __ap = 4;
[16:10:57.646]        // -> [__ap <= 0x00000004]
[16:10:57.646]      ACCESS_POINT_VAL = ReadAP(0x00);//Reading current state of access point
[16:10:57.650]        // -> [ReadAP(0x00000000) => 0x00080027]   (__dp=0x00000000, __ap=0x00000004)
[16:10:57.650]        // -> [ACCESS_POINT_VAL <= 0x00080027]
[16:10:57.650]      Message(0, "Current state of access point is: %x",ACCESS_POINT_VAL);
[16:10:57.651]    </block>
[16:10:57.651]    <block atomic="false" info="">
[16:10:57.651]      __var nReset = 0x80;
[16:10:57.651]        // -> [nReset <= 0x00000080]
[16:10:57.651]      __var canReadPins = 0;
[16:10:57.651]        // -> [canReadPins <= 0x00000000]
[16:10:57.651]      canReadPins = (DAP_SWJ_Pins(0x00, nReset, 0) != 0xFFFFFFFF);
[16:10:57.654]        // -> [DAP_SWJ_Pins(0x00, 0x80, 0) => 0x0F]   (Out: nRESET=0  =>  In: SWCLK/TCK=1, SWDIO/TMS=1, TDI=1, TDO=1, nTRST=0, nRESET=0)
[16:10:57.654]        // -> [canReadPins <= 0x00000001]
[16:10:57.654]    </block>
[16:10:57.654]    <control if="" while="1" timeout="200" info="">
[16:10:57.654]      // while "1"  (timeout="200")
[16:10:57.654]      // while-condition  =>  TRUE
[16:10:57.654]      // while "1"  (timeout="200")
[16:10:57.654]      // while-condition  =>  TRUE
[16:10:57.654]      // while "1"  (timeout="200")
[16:10:57.655]      // while-condition  =>  TRUE
[16:10:57.655]      // while "1"  (timeout="200")
[16:10:57.655]      // while-condition  =>  TRUE
[16:10:57.655]      // while "1"  (timeout="200")
[16:10:57.655]      // while-condition  =>  TRUE
[16:10:57.655]      // while "1"  (timeout="200")
[16:10:57.655]      // while-condition  =>  TRUE
[16:10:57.655]      // while "1"  (timeout="200")
[16:10:57.655]      // while-condition  =>  TRUE
[16:10:57.655]      // while "1"  (timeout="200")
[16:10:57.655]      // while-condition  =>  TRUE
[16:10:57.655]      // while "1"  (timeout="200")
[16:10:57.655]      // while-condition  =>  TRUE
[16:10:57.655]      // while "1"  (timeout="200")
[16:10:57.655]      // while-condition  =>  TRUE
[16:10:57.655]      // while "1"  (timeout="200")
[16:10:57.655]      // while-condition  =>  TRUE
[16:10:57.655]      // while "1"  (timeout="200")
[16:10:57.655]      // while-condition  =>  TRUE
[16:10:57.655]      // while "1"  (timeout="200")
[16:10:57.655]      // while-condition  =>  TRUE
[16:10:57.655]      // while "1"  (timeout="200")
[16:10:57.655]      // while-condition  =>  TRUE
[16:10:57.655]      // while "1"  (timeout="200")
[16:10:57.655]      // while-condition  =>  TRUE
[16:10:57.655]      // while "1"  (timeout="200")
[16:10:57.655]      // while-condition  =>  TRUE
[16:10:57.655]      // while "1"  (timeout="200")
[16:10:57.655]      // while-condition  =>  TRUE
[16:10:57.655]      // while "1"  (timeout="200")
[16:10:57.655]      // while-condition  =>  TRUE
[16:10:57.655]      // while "1"  (timeout="200")
[16:10:57.655]      // while-condition  =>  TRUE
[16:10:57.655]      // while "1"  (timeout="200")
[16:10:57.655]      // while-condition  =>  TRUE
[16:10:57.655]      // while "1"  (timeout="200")
[16:10:57.655]      // while-condition  =>  TRUE
[16:10:57.655]      // while "1"  (timeout="200")
[16:10:57.655]      // while-condition  =>  TRUE
[16:10:57.655]      // while "1"  (timeout="200")
[16:10:57.655]      // while-condition  =>  TRUE
[16:10:57.655]      // while "1"  (timeout="200")
[16:10:57.655]      // while-condition  =>  TRUE
[16:10:57.655]      // while "1"  (timeout="200")
[16:10:57.655]      // while-condition  =>  TRUE
[16:10:57.655]      // while "1"  (timeout="200")
[16:10:57.655]      // while-condition  =>  TRUE
[16:10:57.655]      // while "1"  (timeout="200")
[16:10:57.655]      // while-condition  =>  TRUE
[16:10:57.655]      // while "1"  (timeout="200")
[16:10:57.655]      // while-condition  =>  TRUE
[16:10:57.655]      // while "1"  (timeout="200")
[16:10:57.655]      // while-condition  =>  TRUE
[16:10:57.655]      // while "1"  (timeout="200")
[16:10:57.655]      // while-condition  =>  TRUE
[16:10:57.655]      // while "1"  (timeout="200")
[16:10:57.655]      // while-condition  =>  TRUE
[16:10:57.655]      // while "1"  (timeout="200")
[16:10:57.655]      // while-condition  =>  TRUE
[16:10:57.655]      // while "1"  (timeout="200")
[16:10:57.655]      // while-condition  =>  TRUE
[16:10:57.655]      // while "1"  (timeout="200")
[16:10:57.655]      // while-condition  =>  TRUE
[16:10:57.655]      // while "1"  (timeout="200")
[16:10:57.655]      // while-condition  =>  TRUE
[16:10:57.655]      // while "1"  (timeout="200")
[16:10:57.655]      // while-condition  =>  TRUE
[16:10:57.655]      // while "1"  (timeout="200")
[16:10:57.655]      // while-condition  =>  TRUE
[16:10:57.655]      // while "1"  (timeout="200")
[16:10:57.655]      // while-condition  =>  TRUE
[16:10:57.655]      // while "1"  (timeout="200")
[16:10:57.655]      // while-condition  =>  TRUE
[16:10:57.655]      // while "1"  (timeout="200")
[16:10:57.655]      // while-condition  =>  TRUE
[16:10:57.655]      // while "1"  (timeout="200")
[16:10:57.655]      // while-condition  =>  TRUE
[16:10:57.655]      // while "1"  (timeout="200")
[16:10:57.655]      // while-condition  =>  TRUE
[16:10:57.655]      // while "1"  (timeout="200")
[16:10:57.655]      // while-condition  =>  TRUE
[16:10:57.655]      // while "1"  (timeout="200")
[16:10:57.655]      // while-condition  =>  TRUE
[16:10:57.655]      // while "1"  (timeout="200")
[16:10:57.655]      // while-condition  =>  TRUE
[16:10:57.655]      // while "1"  (timeout="200")
[16:10:57.655]      // while-condition  =>  TRUE
[16:10:57.655]      // while "1"  (timeout="200")
[16:10:57.655]      // while-condition  =>  TRUE
[16:10:57.655]      // while "1"  (timeout="200")
[16:10:57.655]      // while-condition  =>  TRUE
[16:10:57.655]      // while "1"  (timeout="200")
[16:10:57.655]      // while-condition  =>  TRUE
[16:10:57.655]      // while "1"  (timeout="200")
[16:10:57.655]      // while-condition  =>  TRUE
[16:10:57.655]      // while "1"  (timeout="200")
[16:10:57.655]      // while-condition  =>  TRUE
[16:10:57.655]      // while "1"  (timeout="200")
[16:10:57.655]      // while-condition  =>  TRUE
[16:10:57.655]      // while "1"  (timeout="200")
[16:10:57.655]      // while-condition  =>  TRUE
[16:10:57.655]      // while "1"  (timeout="200")
[16:10:57.655]      // while-condition  =>  TRUE
[16:10:57.655]      // while "1"  (timeout="200")
[16:10:57.655]      // while-condition  =>  TRUE
[16:10:57.655]      // while "1"  (timeout="200")
[16:10:57.655]      // while-condition  =>  TRUE
[16:10:57.655]      // while "1"  (timeout="200")
[16:10:57.655]      // while-condition  =>  TRUE
[16:10:57.655]      // while "1"  (timeout="200")
[16:10:57.655]      // while-condition  =>  TRUE
[16:10:57.655]      // while "1"  (timeout="200")
[16:10:57.655]      // while-condition  =>  TRUE
[16:10:57.655]      // while "1"  (timeout="200")
[16:10:57.655]      // while-condition  =>  TRUE
[16:10:57.655]      // while "1"  (timeout="200")
[16:10:57.655]      // while-condition  =>  TRUE
[16:10:57.655]      // while "1"  (timeout="200")
[16:10:57.655]      // while-condition  =>  TRUE
[16:10:57.655]      // while "1"  (timeout="200")
[16:10:57.663]      // while-condition  =>  TRUE
[16:10:57.663]      // while "1"  (timeout="200")
[16:10:57.663]      // while  =>  TIMEOUT
[16:10:57.663]      // end while "1"
[16:10:57.663]    </control>
[16:10:57.663]    <control if="canReadPins" while="" timeout="0" info="">
[16:10:57.663]      // if-block "canReadPins"
[16:10:57.663]        // =>  TRUE
[16:10:57.663]      <control if="" while="(DAP_SWJ_Pins(nReset, nReset, 0) & nReset) == 0" timeout="1000000" info="">
[16:10:57.663]        // while "(DAP_SWJ_Pins(nReset, nReset, 0) & nReset) == 0"  (timeout="1000000")
[16:10:57.665]          // -> [DAP_SWJ_Pins(0x80, 0x80, 0) => 0x8F]   (Out: nRESET=1  =>  In: SWCLK/TCK=1, SWDIO/TMS=1, TDI=1, TDO=1, nTRST=0, nRESET=1)
[16:10:57.666]        // while-condition  =>  FALSE
[16:10:57.666]        // end while "(DAP_SWJ_Pins(nReset, nReset, 0) & nReset) == 0"
[16:10:57.666]      </control>
[16:10:57.666]      // end if-block "canReadPins"
[16:10:57.666]    </control>
[16:10:57.666]    <control if="!canReadPins" while="" timeout="0" info="">
[16:10:57.666]      // if-block "!canReadPins"
[16:10:57.666]        // =>  FALSE
[16:10:57.666]      // skip if-block "!canReadPins"
[16:10:57.666]    </control>
[16:10:57.666]    <control if="(ACCESS_POINT_VAL & 0x00E00000) == 0" while="" timeout="0" info="">
[16:10:57.666]      // if-block "(ACCESS_POINT_VAL & 0x00E00000) == 0"
[16:10:57.666]        // =>  TRUE
[16:10:57.666]      <block atomic="false" info="">
[16:10:57.666]        WriteAP(0x00, 0x190008);
[16:10:57.668]          // -> [WriteAP(0x00000000, 0x00190008)]   (__dp=0x00000000, __ap=0x00000004)
[16:10:57.669]        WriteAP(0xF0, 0x01);
[16:10:57.672]          // -> [WriteAP(0x000000F0, 0x00000001)]   (__dp=0x00000000, __ap=0x00000004)
[16:10:57.673]      </block>
[16:10:57.673]      // end if-block "(ACCESS_POINT_VAL & 0x00E00000) == 0"
[16:10:57.673]    </control>
[16:10:57.673]    <control if="(ACCESS_POINT_VAL & 0x00E00000) != 0" while="" timeout="0" info="">
[16:10:57.673]      // if-block "(ACCESS_POINT_VAL & 0x00E00000) != 0"
[16:10:57.673]        // =>  FALSE
[16:10:57.673]      // skip if-block "(ACCESS_POINT_VAL & 0x00E00000) != 0"
[16:10:57.673]    </control>
[16:10:57.673]    <block atomic="false" info="">
[16:10:57.673]      ACCESS_POINT_VAL = ReadAP(0x00);//Reading current state of access point
[16:10:57.677]        // -> [ReadAP(0x00000000) => 0x0079002F]   (__dp=0x00000000, __ap=0x00000004)
[16:10:57.678]        // -> [ACCESS_POINT_VAL <= 0x0079002F]
[16:10:57.678]      Message(0, "Current state of access point is: %x",ACCESS_POINT_VAL);
[16:10:57.679]      __ap = 0; //lets make sure we reset the access point selection
[16:10:57.679]        // -> [__ap <= 0x00000000]
[16:10:57.680]    </block>
[16:10:57.680]  </sequence>
[16:10:57.680]  
[16:10:57.704]  **********  Sequence "DebugDeviceUnlock"  (Context="Connect", Pname="", info="")
[16:10:57.704]  
[16:10:57.704]  <debugvars>
[16:10:57.704]    // Pre-defined
[16:10:57.705]    __protocol=0x00010002      (Protocol="SWD", SWJ-DP="True")
[16:10:57.705]    __connection=0x00000202    (Connection Type="Flash", Reset Type="System Reset")
[16:10:57.705]    __dp=0x00000000
[16:10:57.705]    __ap=0x00000000
[16:10:57.705]    __traceout=0x00000000      (Trace Disabled)
[16:10:57.705]    __errorcontrol=0x00000000  (Skip Errors="False")
[16:10:57.705]    __FlashAddr=0x00000000
[16:10:57.705]    __FlashLen=0x00000000
[16:10:57.705]    __FlashArg=0x00000000
[16:10:57.705]    __FlashOp=0x00000000
[16:10:57.706]    __Result=0x00000000
[16:10:57.706]  </debugvars>
[16:10:57.706]  
[16:10:57.706]  <sequence name="DebugDeviceUnlock" Pname="" disable="false" info="">
[16:10:57.706]    <block atomic="false" info="">
[16:10:57.706]      __var deviceID = 0;
[16:10:57.706]        // -> [deviceID <= 0x00000000]
[16:10:57.706]      __var version = 0;
[16:10:57.706]        // -> [version <= 0x00000000]
[16:10:57.706]      __var partNum = 0;
[16:10:57.706]        // -> [partNum <= 0x00000000]
[16:10:57.706]      __var manuf = 0;
[16:10:57.706]        // -> [manuf <= 0x00000000]
[16:10:57.706]      __var isMSPM0G1X0X_G3X0X = 0;
[16:10:57.706]        // -> [isMSPM0G1X0X_G3X0X <= 0x00000000]
[16:10:57.707]      __var isProduction = 0;
[16:10:57.707]        // -> [isProduction <= 0x00000000]
[16:10:57.707]      __var continueId = 0;
[16:10:57.707]        // -> [continueId <= 0x00000000]
[16:10:57.707]      deviceID =   Read32(0x41C40004);
[16:10:57.715]        // -> [Read32(0x41C40004) => 0x2BB8802F]   (__dp=0x00000000, __ap=0x00000000)
[16:10:57.715]        // -> [deviceID <= 0x2BB8802F]
[16:10:57.715]      version = deviceID >> 28;
[16:10:57.715]        // -> [version <= 0x00000002]
[16:10:57.715]      partNum = (deviceID & 0x0FFFF000) >> 12;
[16:10:57.715]        // -> [partNum <= 0x0000BB88]
[16:10:57.715]      manuf = (deviceID & 0x00000FFE) >> 1;
[16:10:57.715]        // -> [manuf <= 0x00000017]
[16:10:57.715]      isMSPM0G1X0X_G3X0X = (partNum == 0xBB88) && (manuf == 0x17);
[16:10:57.715]        // -> [isMSPM0G1X0X_G3X0X <= 0x00000001]
[16:10:57.715]      isProduction = (version > 0);
[16:10:57.715]        // -> [isProduction <= 0x00000001]
[16:10:57.715]    </block>
[16:10:57.716]    <control if="!isMSPM0G1X0X_G3X0X" while="" timeout="0" info="">
[16:10:57.716]      // if-block "!isMSPM0G1X0X_G3X0X"
[16:10:57.716]        // =>  FALSE
[16:10:57.716]      // skip if-block "!isMSPM0G1X0X_G3X0X"
[16:10:57.716]    </control>
[16:10:57.716]    <control if="continueId == 4" while="" timeout="0" info="">
[16:10:57.716]      // if-block "continueId == 4"
[16:10:57.716]        // =>  FALSE
[16:10:57.716]      // skip if-block "continueId == 4"
[16:10:57.716]    </control>
[16:10:57.716]    <control if="!isProduction" while="" timeout="0" info="">
[16:10:57.716]      // if-block "!isProduction"
[16:10:57.716]        // =>  FALSE
[16:10:57.716]      // skip if-block "!isProduction"
[16:10:57.716]    </control>
[16:10:57.717]  </sequence>
[16:10:57.717]  
[16:11:06.972]  **********  Sequence "DebugPortSetup"  (Context="Connect", Pname="", info="")
[16:11:06.972]  
[16:11:06.972]  <debugvars>
[16:11:06.973]    // Pre-defined
[16:11:06.973]    __protocol=0x00010002      (Protocol="SWD", SWJ-DP="True")
[16:11:06.973]    __connection=0x00000201    (Connection Type="Debug", Reset Type="System Reset")
[16:11:06.973]    __dp=0x00000000
[16:11:06.973]    __ap=0x00000000
[16:11:06.973]    __traceout=0x00000000      (Trace Disabled)
[16:11:06.973]    __errorcontrol=0x00000000  (Skip Errors="False")
[16:11:06.973]    __FlashAddr=0x00000000
[16:11:06.973]    __FlashLen=0x00000000
[16:11:06.973]    __FlashArg=0x00000000
[16:11:06.973]    __FlashOp=0x00000000
[16:11:06.973]    __Result=0x00000000
[16:11:06.973]  </debugvars>
[16:11:06.973]  
[16:11:06.973]  <sequence name="DebugPortSetup" Pname="" disable="false" info="">
[16:11:06.973]    <block atomic="false" info="">
[16:11:06.973]      __var isSWJ      = ((__protocol & 0x00010000) != 0);
[16:11:06.973]        // -> [isSWJ <= 0x00000001]
[16:11:06.973]      __var hasDormant = __protocol & 0x00020000;
[16:11:06.973]        // -> [hasDormant <= 0x00000000]
[16:11:06.973]      __var protType   = __protocol & 0x0000FFFF;
[16:11:06.973]        // -> [protType <= 0x00000002]
[16:11:06.973]    </block>
[16:11:06.973]    <control if="protType == 1" while="" timeout="0" info="">
[16:11:06.973]      // if-block "protType == 1"
[16:11:06.973]        // =>  FALSE
[16:11:06.973]      // skip if-block "protType == 1"
[16:11:06.973]    </control>
[16:11:06.973]    <control if="protType == 2" while="" timeout="0" info="">
[16:11:06.973]      // if-block "protType == 2"
[16:11:06.973]        // =>  TRUE
[16:11:06.973]      <control if="isSWJ" while="" timeout="0" info="">
[16:11:06.973]        // if-block "isSWJ"
[16:11:06.973]          // =>  TRUE
[16:11:06.973]        <control if="hasDormant" while="" timeout="0" info="">
[16:11:06.973]          // if-block "hasDormant"
[16:11:06.973]            // =>  FALSE
[16:11:06.973]          // skip if-block "hasDormant"
[16:11:06.973]        </control>
[16:11:06.973]        <control if="!hasDormant" while="" timeout="0" info="">
[16:11:06.973]          // if-block "!hasDormant"
[16:11:06.973]            // =>  TRUE
[16:11:06.973]          <block atomic="false" info="">
[16:11:06.973]            DAP_SWJ_Sequence(51, 0x0007FFFFFFFFFFFF); //lets put the JTAG line in a reset state
[16:11:06.973]              // -> [DAP_SWJ_Sequence(51, 0x0007FFFFFFFFFFFF)]
[16:11:06.973]            DAP_SWJ_Sequence(16,0xE73C); //SWD to JTAG, this is to ensure the state machine is initialized
[16:11:06.973]              // -> [DAP_SWJ_Sequence(16, 0x000000000000E73C)]
[16:11:06.973]            DAP_SWJ_Sequence(51, 0x0007FFFFFFFFFFFF); //Put it back in reset
[16:11:06.982]              // -> [DAP_SWJ_Sequence(51, 0x0007FFFFFFFFFFFF)]
[16:11:06.982]            DAP_SWJ_Sequence(16, 0xE79E); //JTAG to SWD switch
[16:11:06.984]              // -> [DAP_SWJ_Sequence(16, 0x000000000000E79E)]
[16:11:06.984]            DAP_SWJ_Sequence(51, 0x0007FFFFFFFFFFFF);  //Ensure the switch is successful 
[16:11:06.988]              // -> [DAP_SWJ_Sequence(51, 0x0007FFFFFFFFFFFF)]
[16:11:06.988]            DAP_SWJ_Sequence(7,  0x00); //Give the line some time to initialize
[16:11:06.990]              // -> [DAP_SWJ_Sequence(7, 0x0000000000000000)]
[16:11:06.990]          </block>
[16:11:06.990]          // end if-block "!hasDormant"
[16:11:06.990]        </control>
[16:11:06.990]        // end if-block "isSWJ"
[16:11:06.990]      </control>
[16:11:06.990]      <control if="!isSWJ" while="" timeout="0" info="">
[16:11:06.990]        // if-block "!isSWJ"
[16:11:06.990]          // =>  FALSE
[16:11:06.990]        // skip if-block "!isSWJ"
[16:11:06.990]      </control>
[16:11:06.990]      <block atomic="false" info="">
[16:11:06.990]        ReadDP(0x0);
[16:11:06.993]          // -> [ReadDP(0x00000000) => 0x6BA02477]   (__dp=0x00000000)
[16:11:06.993]      </block>
[16:11:06.993]      // end if-block "protType == 2"
[16:11:06.993]    </control>
[16:11:06.993]  </sequence>
[16:11:06.993]  
[16:11:06.998]  **********  Sequence "DebugPortStart"  (Context="Connect", Pname="", info="")
[16:11:06.998]  
[16:11:06.998]  <debugvars>
[16:11:06.998]    // Pre-defined
[16:11:06.999]    __protocol=0x00010002      (Protocol="SWD", SWJ-DP="True")
[16:11:06.999]    __connection=0x00000201    (Connection Type="Debug", Reset Type="System Reset")
[16:11:06.999]    __dp=0x00000000
[16:11:06.999]    __ap=0x00000000
[16:11:06.999]    __traceout=0x00000000      (Trace Disabled)
[16:11:06.999]    __errorcontrol=0x00000000  (Skip Errors="False")
[16:11:06.999]    __FlashAddr=0x00000000
[16:11:06.999]    __FlashLen=0x00000000
[16:11:06.999]    __FlashArg=0x00000000
[16:11:06.999]    __FlashOp=0x00000000
[16:11:06.999]    __Result=0x00000000
[16:11:06.999]  </debugvars>
[16:11:06.999]  
[16:11:07.000]  <sequence name="DebugPortStart" Pname="" disable="false" info="">
[16:11:07.000]    <block atomic="false" info="">
[16:11:07.000]      __var SW_DP_ABORT       = 0x0;
[16:11:07.000]        // -> [SW_DP_ABORT <= 0x00000000]
[16:11:07.000]      __var DP_CTRL_STAT      = 0x4;
[16:11:07.000]        // -> [DP_CTRL_STAT <= 0x00000004]
[16:11:07.000]      __var DP_SELECT         = 0x8;
[16:11:07.000]        // -> [DP_SELECT <= 0x00000008]
[16:11:07.000]      __var powered_down      = 0;
[16:11:07.000]        // -> [powered_down <= 0x00000000]
[16:11:07.000]      WriteDP(DP_SELECT, 0x00000000);
[16:11:07.002]        // -> [WriteDP(0x00000008, 0x00000000)]   (__dp=0x00000000)
[16:11:07.002]      powered_down = ((ReadDP(DP_CTRL_STAT) & 0xA0000000) != 0xA0000000);
[16:11:07.004]        // -> [ReadDP(0x00000004) => 0x00000040]   (__dp=0x00000000)
[16:11:07.004]        // -> [powered_down <= 0x00000001]
[16:11:07.004]    </block>
[16:11:07.004]    <control if="powered_down" while="" timeout="0" info="">
[16:11:07.004]      // if-block "powered_down"
[16:11:07.004]        // =>  TRUE
[16:11:07.004]      <block atomic="false" info="">
[16:11:07.004]        Message(0, "Debug/System power-up request sent");
[16:11:07.005]        WriteDP(DP_CTRL_STAT, 0x50000000);
[16:11:07.006]          // -> [WriteDP(0x00000004, 0x50000000)]   (__dp=0x00000000)
[16:11:07.006]      </block>
[16:11:07.006]      <control if="" while="(ReadDP(DP_CTRL_STAT) & 0xA0000000) != 0xA0000000" timeout="1000000" info="">
[16:11:07.006]        // while "(ReadDP(DP_CTRL_STAT) & 0xA0000000) != 0xA0000000"  (timeout="1000000")
[16:11:07.006]          // -> [ReadDP(0x00000004) => 0xF0000040]   (__dp=0x00000000)
[16:11:07.006]        // while-condition  =>  FALSE
[16:11:07.006]        // end while "(ReadDP(DP_CTRL_STAT) & 0xA0000000) != 0xA0000000"
[16:11:07.006]      </control>
[16:11:07.006]      <control if="(__protocol & 0xFFFF) == 1" while="" timeout="0" info="">
[16:11:07.006]        // if-block "(__protocol & 0xFFFF) == 1"
[16:11:07.006]          // =>  FALSE
[16:11:07.006]        // skip if-block "(__protocol & 0xFFFF) == 1"
[16:11:07.006]      </control>
[16:11:07.006]      <control if="(__protocol & 0xFFFF) == 2" while="" timeout="0" info="">
[16:11:07.006]        // if-block "(__protocol & 0xFFFF) == 2"
[16:11:07.006]          // =>  TRUE
[16:11:07.006]        <block atomic="false" info="">
[16:11:07.006]          Message(0, "executing SWD power up");
[16:11:07.006]          WriteDP(DP_CTRL_STAT, 0x50000F00);
[16:11:07.014]            // -> [WriteDP(0x00000004, 0x50000F00)]   (__dp=0x00000000)
[16:11:07.015]          WriteDP(SW_DP_ABORT, 0x0000001E);
[16:11:07.016]            // -> [WriteDP(0x00000000, 0x0000001E)]   (__dp=0x00000000)
[16:11:07.016]        </block>
[16:11:07.017]        // end if-block "(__protocol & 0xFFFF) == 2"
[16:11:07.017]      </control>
[16:11:07.017]      // end if-block "powered_down"
[16:11:07.017]    </control>
[16:11:07.017]    <block atomic="false" info="">
[16:11:07.017]      __var DEBUG_PORT_VAL    = 0;
[16:11:07.017]        // -> [DEBUG_PORT_VAL <= 0x00000000]
[16:11:07.017]      __var ACCESS_POINT_VAL  = 0;
[16:11:07.017]        // -> [ACCESS_POINT_VAL <= 0x00000000]
[16:11:07.017]      __ap = 1; 
[16:11:07.017]        // -> [__ap <= 0x00000001]
[16:11:07.017]      WriteAP(0x0C, 0x04); //lets use the mini pwr-ap as backup
[16:11:07.023]        // -> [WriteAP(0x0000000C, 0x00000004)]   (__dp=0x00000000, __ap=0x00000001)
[16:11:07.023]      __ap = 4;
[16:11:07.023]        // -> [__ap <= 0x00000004]
[16:11:07.023]      ACCESS_POINT_VAL = ReadAP(0x00);//Reading current state of access point
[16:11:07.028]        // -> [ReadAP(0x00000000) => 0x00080027]   (__dp=0x00000000, __ap=0x00000004)
[16:11:07.028]        // -> [ACCESS_POINT_VAL <= 0x00080027]
[16:11:07.028]      Message(0, "Current state of access point is: %x",ACCESS_POINT_VAL);
[16:11:07.029]    </block>
[16:11:07.029]    <block atomic="false" info="">
[16:11:07.029]      __var nReset = 0x80;
[16:11:07.029]        // -> [nReset <= 0x00000080]
[16:11:07.029]      __var canReadPins = 0;
[16:11:07.029]        // -> [canReadPins <= 0x00000000]
[16:11:07.029]      canReadPins = (DAP_SWJ_Pins(0x00, nReset, 0) != 0xFFFFFFFF);
[16:11:07.032]        // -> [DAP_SWJ_Pins(0x00, 0x80, 0) => 0x0F]   (Out: nRESET=0  =>  In: SWCLK/TCK=1, SWDIO/TMS=1, TDI=1, TDO=1, nTRST=0, nRESET=0)
[16:11:07.032]        // -> [canReadPins <= 0x00000001]
[16:11:07.032]    </block>
[16:11:07.032]    <control if="" while="1" timeout="200" info="">
[16:11:07.032]      // while "1"  (timeout="200")
[16:11:07.032]      // while-condition  =>  TRUE
[16:11:07.032]      // while "1"  (timeout="200")
[16:11:07.032]      // while-condition  =>  TRUE
[16:11:07.032]      // while "1"  (timeout="200")
[16:11:07.032]      // while-condition  =>  TRUE
[16:11:07.032]      // while "1"  (timeout="200")
[16:11:07.032]      // while-condition  =>  TRUE
[16:11:07.033]      // while "1"  (timeout="200")
[16:11:07.033]      // while-condition  =>  TRUE
[16:11:07.033]      // while "1"  (timeout="200")
[16:11:07.033]      // while-condition  =>  TRUE
[16:11:07.033]      // while "1"  (timeout="200")
[16:11:07.033]      // while-condition  =>  TRUE
[16:11:07.033]      // while "1"  (timeout="200")
[16:11:07.033]      // while-condition  =>  TRUE
[16:11:07.033]      // while "1"  (timeout="200")
[16:11:07.033]      // while-condition  =>  TRUE
[16:11:07.033]      // while "1"  (timeout="200")
[16:11:07.033]      // while-condition  =>  TRUE
[16:11:07.033]      // while "1"  (timeout="200")
[16:11:07.033]      // while-condition  =>  TRUE
[16:11:07.033]      // while "1"  (timeout="200")
[16:11:07.033]      // while-condition  =>  TRUE
[16:11:07.033]      // while "1"  (timeout="200")
[16:11:07.033]      // while-condition  =>  TRUE
[16:11:07.034]      // while "1"  (timeout="200")
[16:11:07.034]      // while-condition  =>  TRUE
[16:11:07.034]      // while "1"  (timeout="200")
[16:11:07.034]      // while-condition  =>  TRUE
[16:11:07.034]      // while "1"  (timeout="200")
[16:11:07.034]      // while-condition  =>  TRUE
[16:11:07.034]      // while "1"  (timeout="200")
[16:11:07.034]      // while-condition  =>  TRUE
[16:11:07.034]      // while "1"  (timeout="200")
[16:11:07.034]      // while-condition  =>  TRUE
[16:11:07.034]      // while "1"  (timeout="200")
[16:11:07.034]      // while-condition  =>  TRUE
[16:11:07.034]      // while "1"  (timeout="200")
[16:11:07.034]      // while-condition  =>  TRUE
[16:11:07.034]      // while "1"  (timeout="200")
[16:11:07.034]      // while-condition  =>  TRUE
[16:11:07.034]      // while "1"  (timeout="200")
[16:11:07.034]      // while-condition  =>  TRUE
[16:11:07.035]      // while "1"  (timeout="200")
[16:11:07.035]      // while  =>  TIMEOUT
[16:11:07.035]      // end while "1"
[16:11:07.035]    </control>
[16:11:07.035]    <control if="canReadPins" while="" timeout="0" info="">
[16:11:07.035]      // if-block "canReadPins"
[16:11:07.035]        // =>  TRUE
[16:11:07.035]      <control if="" while="(DAP_SWJ_Pins(nReset, nReset, 0) & nReset) == 0" timeout="1000000" info="">
[16:11:07.035]        // while "(DAP_SWJ_Pins(nReset, nReset, 0) & nReset) == 0"  (timeout="1000000")
[16:11:07.037]          // -> [DAP_SWJ_Pins(0x80, 0x80, 0) => 0x8F]   (Out: nRESET=1  =>  In: SWCLK/TCK=1, SWDIO/TMS=1, TDI=1, TDO=1, nTRST=0, nRESET=1)
[16:11:07.037]        // while-condition  =>  FALSE
[16:11:07.037]        // end while "(DAP_SWJ_Pins(nReset, nReset, 0) & nReset) == 0"
[16:11:07.037]      </control>
[16:11:07.037]      // end if-block "canReadPins"
[16:11:07.037]    </control>
[16:11:07.037]    <control if="!canReadPins" while="" timeout="0" info="">
[16:11:07.037]      // if-block "!canReadPins"
[16:11:07.037]        // =>  FALSE
[16:11:07.037]      // skip if-block "!canReadPins"
[16:11:07.037]    </control>
[16:11:07.037]    <control if="(ACCESS_POINT_VAL & 0x00E00000) == 0" while="" timeout="0" info="">
[16:11:07.038]      // if-block "(ACCESS_POINT_VAL & 0x00E00000) == 0"
[16:11:07.038]        // =>  TRUE
[16:11:07.038]      <block atomic="false" info="">
[16:11:07.038]        WriteAP(0x00, 0x190008);
[16:11:07.040]          // -> [WriteAP(0x00000000, 0x00190008)]   (__dp=0x00000000, __ap=0x00000004)
[16:11:07.040]        WriteAP(0xF0, 0x01);
[16:11:07.040]          // -> [WriteAP(0x000000F0, 0x00000001)]   (__dp=0x00000000, __ap=0x00000004)
[16:11:07.040]      </block>
[16:11:07.040]      // end if-block "(ACCESS_POINT_VAL & 0x00E00000) == 0"
[16:11:07.040]    </control>
[16:11:07.040]    <control if="(ACCESS_POINT_VAL & 0x00E00000) != 0" while="" timeout="0" info="">
[16:11:07.040]      // if-block "(ACCESS_POINT_VAL & 0x00E00000) != 0"
[16:11:07.040]        // =>  FALSE
[16:11:07.040]      // skip if-block "(ACCESS_POINT_VAL & 0x00E00000) != 0"
[16:11:07.040]    </control>
[16:11:07.040]    <block atomic="false" info="">
[16:11:07.040]      ACCESS_POINT_VAL = ReadAP(0x00);//Reading current state of access point
[16:11:07.049]        // -> [ReadAP(0x00000000) => 0x0079002F]   (__dp=0x00000000, __ap=0x00000004)
[16:11:07.049]        // -> [ACCESS_POINT_VAL <= 0x0079002F]
[16:11:07.049]      Message(0, "Current state of access point is: %x",ACCESS_POINT_VAL);
[16:11:07.051]      __ap = 0; //lets make sure we reset the access point selection
[16:11:07.051]        // -> [__ap <= 0x00000000]
[16:11:07.051]    </block>
[16:11:07.051]  </sequence>
[16:11:07.052]  
[16:11:07.072]  **********  Sequence "DebugDeviceUnlock"  (Context="Connect", Pname="", info="")
[16:11:07.072]  
[16:11:07.072]  <debugvars>
[16:11:07.072]    // Pre-defined
[16:11:07.072]    __protocol=0x00010002      (Protocol="SWD", SWJ-DP="True")
[16:11:07.073]    __connection=0x00000201    (Connection Type="Debug", Reset Type="System Reset")
[16:11:07.073]    __dp=0x00000000
[16:11:07.073]    __ap=0x00000000
[16:11:07.073]    __traceout=0x00000000      (Trace Disabled)
[16:11:07.073]    __errorcontrol=0x00000000  (Skip Errors="False")
[16:11:07.073]    __FlashAddr=0x00000000
[16:11:07.073]    __FlashLen=0x00000000
[16:11:07.073]    __FlashArg=0x00000000
[16:11:07.073]    __FlashOp=0x00000000
[16:11:07.073]    __Result=0x00000000
[16:11:07.073]  </debugvars>
[16:11:07.073]  
[16:11:07.073]  <sequence name="DebugDeviceUnlock" Pname="" disable="false" info="">
[16:11:07.073]    <block atomic="false" info="">
[16:11:07.073]      __var deviceID = 0;
[16:11:07.073]        // -> [deviceID <= 0x00000000]
[16:11:07.073]      __var version = 0;
[16:11:07.073]        // -> [version <= 0x00000000]
[16:11:07.073]      __var partNum = 0;
[16:11:07.073]        // -> [partNum <= 0x00000000]
[16:11:07.073]      __var manuf = 0;
[16:11:07.073]        // -> [manuf <= 0x00000000]
[16:11:07.073]      __var isMSPM0G1X0X_G3X0X = 0;
[16:11:07.073]        // -> [isMSPM0G1X0X_G3X0X <= 0x00000000]
[16:11:07.073]      __var isProduction = 0;
[16:11:07.073]        // -> [isProduction <= 0x00000000]
[16:11:07.073]      __var continueId = 0;
[16:11:07.073]        // -> [continueId <= 0x00000000]
[16:11:07.073]      deviceID =   Read32(0x41C40004);
[16:11:07.081]        // -> [Read32(0x41C40004) => 0x2BB8802F]   (__dp=0x00000000, __ap=0x00000000)
[16:11:07.081]        // -> [deviceID <= 0x2BB8802F]
[16:11:07.081]      version = deviceID >> 28;
[16:11:07.081]        // -> [version <= 0x00000002]
[16:11:07.081]      partNum = (deviceID & 0x0FFFF000) >> 12;
[16:11:07.081]        // -> [partNum <= 0x0000BB88]
[16:11:07.081]      manuf = (deviceID & 0x00000FFE) >> 1;
[16:11:07.081]        // -> [manuf <= 0x00000017]
[16:11:07.081]      isMSPM0G1X0X_G3X0X = (partNum == 0xBB88) && (manuf == 0x17);
[16:11:07.081]        // -> [isMSPM0G1X0X_G3X0X <= 0x00000001]
[16:11:07.082]      isProduction = (version > 0);
[16:11:07.082]        // -> [isProduction <= 0x00000001]
[16:11:07.082]    </block>
[16:11:07.082]    <control if="!isMSPM0G1X0X_G3X0X" while="" timeout="0" info="">
[16:11:07.082]      // if-block "!isMSPM0G1X0X_G3X0X"
[16:11:07.082]        // =>  FALSE
[16:11:07.082]      // skip if-block "!isMSPM0G1X0X_G3X0X"
[16:11:07.082]    </control>
[16:11:07.082]    <control if="continueId == 4" while="" timeout="0" info="">
[16:11:07.082]      // if-block "continueId == 4"
[16:11:07.082]        // =>  FALSE
[16:11:07.082]      // skip if-block "continueId == 4"
[16:11:07.082]    </control>
[16:11:07.082]    <control if="!isProduction" while="" timeout="0" info="">
[16:11:07.082]      // if-block "!isProduction"
[16:11:07.082]        // =>  FALSE
[16:11:07.082]      // skip if-block "!isProduction"
[16:11:07.083]    </control>
[16:11:07.083]  </sequence>
[16:11:07.083]  
