/*
 *  CMSIS Pack Debug Access Sequence Log
 *  File        : C:\Users\xxs13\Desktop\MSPM0G3507_Library\SeekFree_MSPM0G3507_Opensource_Library\project\mdk\SeekFree_MSPM0G3507_Device_Library_Sequences_0028.log
 *  Created     : 19:26:59 (29/07/2026)
 *  Device      : MSPM0G3507
 *  PDSC File   : D:/MDK5.36/Packs/TexasInstruments/MSPM0G1X0X_G3X0X_DFP/1.3.1/TexasInstruments.MSPM0G1X0X_G3X0X_DFP.pdsc
 *
 */

[19:26:59.817]  **********  Sequence "DebugPortSetup"  (Context="Connect", Pname="", info="")
[19:26:59.817]  
[19:26:59.817]  <debugvars>
[19:26:59.817]    // Pre-defined
[19:26:59.817]    __protocol=0x00010002      (Protocol="SWD", SWJ-DP="True")
[19:26:59.817]    __connection=0x00000202    (Connection Type="Flash", Reset Type="System Reset")
[19:26:59.817]    __dp=0x00000000
[19:26:59.817]    __ap=0x00000000
[19:26:59.817]    __traceout=0x00000000      (Trace Disabled)
[19:26:59.817]    __errorcontrol=0x00000000  (Skip Errors="False")
[19:26:59.817]    __FlashAddr=0x00000000
[19:26:59.817]    __FlashLen=0x00000000
[19:26:59.817]    __FlashArg=0x00000000
[19:26:59.817]    __FlashOp=0x00000000
[19:26:59.817]    __Result=0x00000000
[19:26:59.817]  </debugvars>
[19:26:59.817]  
[19:26:59.817]  <sequence name="DebugPortSetup" Pname="" disable="false" info="">
[19:26:59.817]    <block atomic="false" info="">
[19:26:59.817]      __var isSWJ      = ((__protocol & 0x00010000) != 0);
[19:26:59.817]        // -> [isSWJ <= 0x00000001]
[19:26:59.817]      __var hasDormant = __protocol & 0x00020000;
[19:26:59.817]        // -> [hasDormant <= 0x00000000]
[19:26:59.817]      __var protType   = __protocol & 0x0000FFFF;
[19:26:59.817]        // -> [protType <= 0x00000002]
[19:26:59.817]    </block>
[19:26:59.817]    <control if="protType == 1" while="" timeout="0" info="">
[19:26:59.817]      // if-block "protType == 1"
[19:26:59.817]        // =>  FALSE
[19:26:59.817]      // skip if-block "protType == 1"
[19:26:59.817]    </control>
[19:26:59.817]    <control if="protType == 2" while="" timeout="0" info="">
[19:26:59.817]      // if-block "protType == 2"
[19:26:59.817]        // =>  TRUE
[19:26:59.817]      <control if="isSWJ" while="" timeout="0" info="">
[19:26:59.817]        // if-block "isSWJ"
[19:26:59.817]          // =>  TRUE
[19:26:59.817]        <control if="hasDormant" while="" timeout="0" info="">
[19:26:59.817]          // if-block "hasDormant"
[19:26:59.817]            // =>  FALSE
[19:26:59.817]          // skip if-block "hasDormant"
[19:26:59.817]        </control>
[19:26:59.817]        <control if="!hasDormant" while="" timeout="0" info="">
[19:26:59.817]          // if-block "!hasDormant"
[19:26:59.817]            // =>  TRUE
[19:26:59.817]          <block atomic="false" info="">
[19:26:59.817]            DAP_SWJ_Sequence(51, 0x0007FFFFFFFFFFFF); //lets put the JTAG line in a reset state
[19:26:59.817]              // -> [DAP_SWJ_Sequence(51, 0x0007FFFFFFFFFFFF)]
[19:26:59.817]            DAP_SWJ_Sequence(16,0xE73C); //SWD to JTAG, this is to ensure the state machine is initialized
[19:26:59.817]              // -> [DAP_SWJ_Sequence(16, 0x000000000000E73C)]
[19:26:59.817]            DAP_SWJ_Sequence(51, 0x0007FFFFFFFFFFFF); //Put it back in reset
[19:26:59.827]              // -> [DAP_SWJ_Sequence(51, 0x0007FFFFFFFFFFFF)]
[19:26:59.827]            DAP_SWJ_Sequence(16, 0xE79E); //JTAG to SWD switch
[19:26:59.827]              // -> [DAP_SWJ_Sequence(16, 0x000000000000E79E)]
[19:26:59.827]            DAP_SWJ_Sequence(51, 0x0007FFFFFFFFFFFF);  //Ensure the switch is successful 
[19:26:59.827]              // -> [DAP_SWJ_Sequence(51, 0x0007FFFFFFFFFFFF)]
[19:26:59.827]            DAP_SWJ_Sequence(7,  0x00); //Give the line some time to initialize
[19:26:59.827]              // -> [DAP_SWJ_Sequence(7, 0x0000000000000000)]
[19:26:59.827]          </block>
[19:26:59.827]          // end if-block "!hasDormant"
[19:26:59.827]        </control>
[19:26:59.827]        // end if-block "isSWJ"
[19:26:59.827]      </control>
[19:26:59.827]      <control if="!isSWJ" while="" timeout="0" info="">
[19:26:59.827]        // if-block "!isSWJ"
[19:26:59.827]          // =>  FALSE
[19:26:59.827]        // skip if-block "!isSWJ"
[19:26:59.827]      </control>
[19:26:59.827]      <block atomic="false" info="">
[19:26:59.827]        ReadDP(0x0);
[19:26:59.827]          // -> [ReadDP(0x00000000) => 0x6BA02477]   (__dp=0x00000000)
[19:26:59.827]      </block>
[19:26:59.827]      // end if-block "protType == 2"
[19:26:59.827]    </control>
[19:26:59.827]  </sequence>
[19:26:59.827]  
[19:26:59.841]  **********  Sequence "DebugPortStart"  (Context="Connect", Pname="", info="")
[19:26:59.841]  
[19:26:59.841]  <debugvars>
[19:26:59.841]    // Pre-defined
[19:26:59.841]    __protocol=0x00010002      (Protocol="SWD", SWJ-DP="True")
[19:26:59.841]    __connection=0x00000202    (Connection Type="Flash", Reset Type="System Reset")
[19:26:59.841]    __dp=0x00000000
[19:26:59.841]    __ap=0x00000000
[19:26:59.841]    __traceout=0x00000000      (Trace Disabled)
[19:26:59.841]    __errorcontrol=0x00000000  (Skip Errors="False")
[19:26:59.841]    __FlashAddr=0x00000000
[19:26:59.841]    __FlashLen=0x00000000
[19:26:59.841]    __FlashArg=0x00000000
[19:26:59.841]    __FlashOp=0x00000000
[19:26:59.841]    __Result=0x00000000
[19:26:59.841]  </debugvars>
[19:26:59.841]  
[19:26:59.841]  <sequence name="DebugPortStart" Pname="" disable="false" info="">
[19:26:59.841]    <block atomic="false" info="">
[19:26:59.841]      __var SW_DP_ABORT       = 0x0;
[19:26:59.841]        // -> [SW_DP_ABORT <= 0x00000000]
[19:26:59.841]      __var DP_CTRL_STAT      = 0x4;
[19:26:59.841]        // -> [DP_CTRL_STAT <= 0x00000004]
[19:26:59.841]      __var DP_SELECT         = 0x8;
[19:26:59.841]        // -> [DP_SELECT <= 0x00000008]
[19:26:59.841]      __var powered_down      = 0;
[19:26:59.841]        // -> [powered_down <= 0x00000000]
[19:26:59.841]      WriteDP(DP_SELECT, 0x00000000);
[19:26:59.841]        // -> [WriteDP(0x00000008, 0x00000000)]   (__dp=0x00000000)
[19:26:59.841]      powered_down = ((ReadDP(DP_CTRL_STAT) & 0xA0000000) != 0xA0000000);
[19:26:59.841]        // -> [ReadDP(0x00000004) => 0x00000040]   (__dp=0x00000000)
[19:26:59.841]        // -> [powered_down <= 0x00000001]
[19:26:59.841]    </block>
[19:26:59.841]    <control if="powered_down" while="" timeout="0" info="">
[19:26:59.841]      // if-block "powered_down"
[19:26:59.841]        // =>  TRUE
[19:26:59.841]      <block atomic="false" info="">
[19:26:59.841]        Message(0, "Debug/System power-up request sent");
[19:26:59.848]        WriteDP(DP_CTRL_STAT, 0x50000000);
[19:26:59.848]          // -> [WriteDP(0x00000004, 0x50000000)]   (__dp=0x00000000)
[19:26:59.848]      </block>
[19:26:59.848]      <control if="" while="(ReadDP(DP_CTRL_STAT) & 0xA0000000) != 0xA0000000" timeout="1000000" info="">
[19:26:59.848]        // while "(ReadDP(DP_CTRL_STAT) & 0xA0000000) != 0xA0000000"  (timeout="1000000")
[19:26:59.848]          // -> [ReadDP(0x00000004) => 0xF0000040]   (__dp=0x00000000)
[19:26:59.848]        // while-condition  =>  FALSE
[19:26:59.848]        // end while "(ReadDP(DP_CTRL_STAT) & 0xA0000000) != 0xA0000000"
[19:26:59.848]      </control>
[19:26:59.848]      <control if="(__protocol & 0xFFFF) == 1" while="" timeout="0" info="">
[19:26:59.848]        // if-block "(__protocol & 0xFFFF) == 1"
[19:26:59.848]          // =>  FALSE
[19:26:59.848]        // skip if-block "(__protocol & 0xFFFF) == 1"
[19:26:59.848]      </control>
[19:26:59.848]      <control if="(__protocol & 0xFFFF) == 2" while="" timeout="0" info="">
[19:26:59.848]        // if-block "(__protocol & 0xFFFF) == 2"
[19:26:59.848]          // =>  TRUE
[19:26:59.848]        <block atomic="false" info="">
[19:26:59.848]          Message(0, "executing SWD power up");
[19:26:59.848]          WriteDP(DP_CTRL_STAT, 0x50000F00);
[19:26:59.848]            // -> [WriteDP(0x00000004, 0x50000F00)]   (__dp=0x00000000)
[19:26:59.858]          WriteDP(SW_DP_ABORT, 0x0000001E);
[19:26:59.860]            // -> [WriteDP(0x00000000, 0x0000001E)]   (__dp=0x00000000)
[19:26:59.860]        </block>
[19:26:59.860]        // end if-block "(__protocol & 0xFFFF) == 2"
[19:26:59.860]      </control>
[19:26:59.860]      // end if-block "powered_down"
[19:26:59.860]    </control>
[19:26:59.860]    <block atomic="false" info="">
[19:26:59.860]      __var DEBUG_PORT_VAL    = 0;
[19:26:59.860]        // -> [DEBUG_PORT_VAL <= 0x00000000]
[19:26:59.860]      __var ACCESS_POINT_VAL  = 0;
[19:26:59.860]        // -> [ACCESS_POINT_VAL <= 0x00000000]
[19:26:59.860]      __ap = 1; 
[19:26:59.860]        // -> [__ap <= 0x00000001]
[19:26:59.860]      WriteAP(0x0C, 0x04); //lets use the mini pwr-ap as backup
[19:26:59.860]        // -> [WriteAP(0x0000000C, 0x00000004)]   (__dp=0x00000000, __ap=0x00000001)
[19:26:59.860]      __ap = 4;
[19:26:59.860]        // -> [__ap <= 0x00000004]
[19:26:59.860]      ACCESS_POINT_VAL = ReadAP(0x00);//Reading current state of access point
[19:26:59.868]        // -> [ReadAP(0x00000000) => 0x00080027]   (__dp=0x00000000, __ap=0x00000004)
[19:26:59.868]        // -> [ACCESS_POINT_VAL <= 0x00080027]
[19:26:59.868]      Message(0, "Current state of access point is: %x",ACCESS_POINT_VAL);
[19:26:59.868]    </block>
[19:26:59.868]    <block atomic="false" info="">
[19:26:59.868]      __var nReset = 0x80;
[19:26:59.868]        // -> [nReset <= 0x00000080]
[19:26:59.868]      __var canReadPins = 0;
[19:26:59.868]        // -> [canReadPins <= 0x00000000]
[19:26:59.868]      canReadPins = (DAP_SWJ_Pins(0x00, nReset, 0) != 0xFFFFFFFF);
[19:26:59.868]        // -> [DAP_SWJ_Pins(0x00, 0x80, 0) => 0x0F]   (Out: nRESET=0  =>  In: SWCLK/TCK=1, SWDIO/TMS=1, TDI=1, TDO=1, nTRST=0, nRESET=0)
[19:26:59.868]        // -> [canReadPins <= 0x00000001]
[19:26:59.868]    </block>
[19:26:59.868]    <control if="" while="1" timeout="200" info="">
[19:26:59.868]      // while "1"  (timeout="200")
[19:26:59.868]      // while-condition  =>  TRUE
[19:26:59.868]      // while "1"  (timeout="200")
[19:26:59.868]      // while-condition  =>  TRUE
[19:26:59.868]      // while "1"  (timeout="200")
[19:26:59.868]      // while-condition  =>  TRUE
[19:26:59.868]      // while "1"  (timeout="200")
[19:26:59.868]      // while-condition  =>  TRUE
[19:26:59.868]      // while "1"  (timeout="200")
[19:26:59.868]      // while-condition  =>  TRUE
[19:26:59.868]      // while "1"  (timeout="200")
[19:26:59.868]      // while-condition  =>  TRUE
[19:26:59.868]      // while "1"  (timeout="200")
[19:26:59.868]      // while-condition  =>  TRUE
[19:26:59.868]      // while "1"  (timeout="200")
[19:26:59.868]      // while-condition  =>  TRUE
[19:26:59.868]      // while "1"  (timeout="200")
[19:26:59.868]      // while-condition  =>  TRUE
[19:26:59.868]      // while "1"  (timeout="200")
[19:26:59.868]      // while-condition  =>  TRUE
[19:26:59.868]      // while "1"  (timeout="200")
[19:26:59.868]      // while-condition  =>  TRUE
[19:26:59.868]      // while "1"  (timeout="200")
[19:26:59.868]      // while-condition  =>  TRUE
[19:26:59.868]      // while "1"  (timeout="200")
[19:26:59.868]      // while-condition  =>  TRUE
[19:26:59.868]      // while "1"  (timeout="200")
[19:26:59.868]      // while-condition  =>  TRUE
[19:26:59.868]      // while "1"  (timeout="200")
[19:26:59.868]      // while-condition  =>  TRUE
[19:26:59.868]      // while "1"  (timeout="200")
[19:26:59.868]      // while-condition  =>  TRUE
[19:26:59.868]      // while "1"  (timeout="200")
[19:26:59.868]      // while-condition  =>  TRUE
[19:26:59.868]      // while "1"  (timeout="200")
[19:26:59.868]      // while-condition  =>  TRUE
[19:26:59.868]      // while "1"  (timeout="200")
[19:26:59.868]      // while-condition  =>  TRUE
[19:26:59.868]      // while "1"  (timeout="200")
[19:26:59.868]      // while-condition  =>  TRUE
[19:26:59.868]      // while "1"  (timeout="200")
[19:26:59.868]      // while-condition  =>  TRUE
[19:26:59.868]      // while "1"  (timeout="200")
[19:26:59.868]      // while-condition  =>  TRUE
[19:26:59.868]      // while "1"  (timeout="200")
[19:26:59.868]      // while-condition  =>  TRUE
[19:26:59.868]      // while "1"  (timeout="200")
[19:26:59.868]      // while-condition  =>  TRUE
[19:26:59.868]      // while "1"  (timeout="200")
[19:26:59.868]      // while-condition  =>  TRUE
[19:26:59.868]      // while "1"  (timeout="200")
[19:26:59.868]      // while-condition  =>  TRUE
[19:26:59.868]      // while "1"  (timeout="200")
[19:26:59.868]      // while-condition  =>  TRUE
[19:26:59.868]      // while "1"  (timeout="200")
[19:26:59.868]      // while-condition  =>  TRUE
[19:26:59.868]      // while "1"  (timeout="200")
[19:26:59.868]      // while-condition  =>  TRUE
[19:26:59.868]      // while "1"  (timeout="200")
[19:26:59.868]      // while-condition  =>  TRUE
[19:26:59.868]      // while "1"  (timeout="200")
[19:26:59.868]      // while-condition  =>  TRUE
[19:26:59.868]      // while "1"  (timeout="200")
[19:26:59.868]      // while-condition  =>  TRUE
[19:26:59.868]      // while "1"  (timeout="200")
[19:26:59.868]      // while-condition  =>  TRUE
[19:26:59.868]      // while "1"  (timeout="200")
[19:26:59.868]      // while-condition  =>  TRUE
[19:26:59.868]      // while "1"  (timeout="200")
[19:26:59.868]      // while-condition  =>  TRUE
[19:26:59.868]      // while "1"  (timeout="200")
[19:26:59.868]      // while-condition  =>  TRUE
[19:26:59.868]      // while "1"  (timeout="200")
[19:26:59.868]      // while-condition  =>  TRUE
[19:26:59.868]      // while "1"  (timeout="200")
[19:26:59.868]      // while-condition  =>  TRUE
[19:26:59.868]      // while "1"  (timeout="200")
[19:26:59.868]      // while-condition  =>  TRUE
[19:26:59.868]      // while "1"  (timeout="200")
[19:26:59.868]      // while-condition  =>  TRUE
[19:26:59.868]      // while "1"  (timeout="200")
[19:26:59.868]      // while-condition  =>  TRUE
[19:26:59.868]      // while "1"  (timeout="200")
[19:26:59.868]      // while-condition  =>  TRUE
[19:26:59.868]      // while "1"  (timeout="200")
[19:26:59.868]      // while-condition  =>  TRUE
[19:26:59.868]      // while "1"  (timeout="200")
[19:26:59.868]      // while-condition  =>  TRUE
[19:26:59.868]      // while "1"  (timeout="200")
[19:26:59.868]      // while-condition  =>  TRUE
[19:26:59.868]      // while "1"  (timeout="200")
[19:26:59.868]      // while-condition  =>  TRUE
[19:26:59.868]      // while "1"  (timeout="200")
[19:26:59.868]      // while-condition  =>  TRUE
[19:26:59.868]      // while "1"  (timeout="200")
[19:26:59.868]      // while-condition  =>  TRUE
[19:26:59.868]      // while "1"  (timeout="200")
[19:26:59.868]      // while-condition  =>  TRUE
[19:26:59.868]      // while "1"  (timeout="200")
[19:26:59.868]      // while-condition  =>  TRUE
[19:26:59.868]      // while "1"  (timeout="200")
[19:26:59.868]      // while-condition  =>  TRUE
[19:26:59.868]      // while "1"  (timeout="200")
[19:26:59.868]      // while-condition  =>  TRUE
[19:26:59.868]      // while "1"  (timeout="200")
[19:26:59.868]      // while-condition  =>  TRUE
[19:26:59.868]      // while "1"  (timeout="200")
[19:26:59.868]      // while-condition  =>  TRUE
[19:26:59.868]      // while "1"  (timeout="200")
[19:26:59.868]      // while-condition  =>  TRUE
[19:26:59.868]      // while "1"  (timeout="200")
[19:26:59.868]      // while-condition  =>  TRUE
[19:26:59.868]      // while "1"  (timeout="200")
[19:26:59.868]      // while-condition  =>  TRUE
[19:26:59.868]      // while "1"  (timeout="200")
[19:26:59.868]      // while-condition  =>  TRUE
[19:26:59.868]      // while "1"  (timeout="200")
[19:26:59.868]      // while-condition  =>  TRUE
[19:26:59.868]      // while "1"  (timeout="200")
[19:26:59.868]      // while-condition  =>  TRUE
[19:26:59.868]      // while "1"  (timeout="200")
[19:26:59.868]      // while-condition  =>  TRUE
[19:26:59.868]      // while "1"  (timeout="200")
[19:26:59.868]      // while-condition  =>  TRUE
[19:26:59.868]      // while "1"  (timeout="200")
[19:26:59.868]      // while-condition  =>  TRUE
[19:26:59.868]      // while "1"  (timeout="200")
[19:26:59.878]      // while-condition  =>  TRUE
[19:26:59.878]      // while "1"  (timeout="200")
[19:26:59.878]      // while  =>  TIMEOUT
[19:26:59.878]      // end while "1"
[19:26:59.878]    </control>
[19:26:59.878]    <control if="canReadPins" while="" timeout="0" info="">
[19:26:59.878]      // if-block "canReadPins"
[19:26:59.878]        // =>  TRUE
[19:26:59.878]      <control if="" while="(DAP_SWJ_Pins(nReset, nReset, 0) & nReset) == 0" timeout="1000000" info="">
[19:26:59.878]        // while "(DAP_SWJ_Pins(nReset, nReset, 0) & nReset) == 0"  (timeout="1000000")
[19:26:59.878]          // -> [DAP_SWJ_Pins(0x80, 0x80, 0) => 0x8F]   (Out: nRESET=1  =>  In: SWCLK/TCK=1, SWDIO/TMS=1, TDI=1, TDO=1, nTRST=0, nRESET=1)
[19:26:59.878]        // while-condition  =>  FALSE
[19:26:59.878]        // end while "(DAP_SWJ_Pins(nReset, nReset, 0) & nReset) == 0"
[19:26:59.878]      </control>
[19:26:59.878]      // end if-block "canReadPins"
[19:26:59.878]    </control>
[19:26:59.878]    <control if="!canReadPins" while="" timeout="0" info="">
[19:26:59.878]      // if-block "!canReadPins"
[19:26:59.878]        // =>  FALSE
[19:26:59.878]      // skip if-block "!canReadPins"
[19:26:59.878]    </control>
[19:26:59.878]    <control if="(ACCESS_POINT_VAL & 0x00E00000) == 0" while="" timeout="0" info="">
[19:26:59.878]      // if-block "(ACCESS_POINT_VAL & 0x00E00000) == 0"
[19:26:59.878]        // =>  TRUE
[19:26:59.878]      <block atomic="false" info="">
[19:26:59.878]        WriteAP(0x00, 0x190008);
[19:26:59.878]          // -> [WriteAP(0x00000000, 0x00190008)]   (__dp=0x00000000, __ap=0x00000004)
[19:26:59.878]        WriteAP(0xF0, 0x01);
[19:26:59.888]          // -> [WriteAP(0x000000F0, 0x00000001)]   (__dp=0x00000000, __ap=0x00000004)
[19:26:59.888]      </block>
[19:26:59.888]      // end if-block "(ACCESS_POINT_VAL & 0x00E00000) == 0"
[19:26:59.888]    </control>
[19:26:59.888]    <control if="(ACCESS_POINT_VAL & 0x00E00000) != 0" while="" timeout="0" info="">
[19:26:59.888]      // if-block "(ACCESS_POINT_VAL & 0x00E00000) != 0"
[19:26:59.888]        // =>  FALSE
[19:26:59.888]      // skip if-block "(ACCESS_POINT_VAL & 0x00E00000) != 0"
[19:26:59.888]    </control>
[19:26:59.888]    <block atomic="false" info="">
[19:26:59.888]      ACCESS_POINT_VAL = ReadAP(0x00);//Reading current state of access point
[19:26:59.888]        // -> [ReadAP(0x00000000) => 0x0079002F]   (__dp=0x00000000, __ap=0x00000004)
[19:26:59.888]        // -> [ACCESS_POINT_VAL <= 0x0079002F]
[19:26:59.888]      Message(0, "Current state of access point is: %x",ACCESS_POINT_VAL);
[19:26:59.888]      __ap = 0; //lets make sure we reset the access point selection
[19:26:59.888]        // -> [__ap <= 0x00000000]
[19:26:59.888]    </block>
[19:26:59.888]  </sequence>
[19:26:59.888]  
[19:26:59.919]  **********  Sequence "DebugDeviceUnlock"  (Context="Connect", Pname="", info="")
[19:26:59.919]  
[19:26:59.919]  <debugvars>
[19:26:59.919]    // Pre-defined
[19:26:59.919]    __protocol=0x00010002      (Protocol="SWD", SWJ-DP="True")
[19:26:59.919]    __connection=0x00000202    (Connection Type="Flash", Reset Type="System Reset")
[19:26:59.919]    __dp=0x00000000
[19:26:59.919]    __ap=0x00000000
[19:26:59.919]    __traceout=0x00000000      (Trace Disabled)
[19:26:59.919]    __errorcontrol=0x00000000  (Skip Errors="False")
[19:26:59.919]    __FlashAddr=0x00000000
[19:26:59.919]    __FlashLen=0x00000000
[19:26:59.919]    __FlashArg=0x00000000
[19:26:59.919]    __FlashOp=0x00000000
[19:26:59.919]    __Result=0x00000000
[19:26:59.919]  </debugvars>
[19:26:59.919]  
[19:26:59.919]  <sequence name="DebugDeviceUnlock" Pname="" disable="false" info="">
[19:26:59.919]    <block atomic="false" info="">
[19:26:59.919]      __var deviceID = 0;
[19:26:59.919]        // -> [deviceID <= 0x00000000]
[19:26:59.919]      __var version = 0;
[19:26:59.919]        // -> [version <= 0x00000000]
[19:26:59.919]      __var partNum = 0;
[19:26:59.919]        // -> [partNum <= 0x00000000]
[19:26:59.919]      __var manuf = 0;
[19:26:59.919]        // -> [manuf <= 0x00000000]
[19:26:59.919]      __var isMSPM0G1X0X_G3X0X = 0;
[19:26:59.919]        // -> [isMSPM0G1X0X_G3X0X <= 0x00000000]
[19:26:59.919]      __var isProduction = 0;
[19:26:59.919]        // -> [isProduction <= 0x00000000]
[19:26:59.919]      __var continueId = 0;
[19:26:59.919]        // -> [continueId <= 0x00000000]
[19:26:59.919]      deviceID =   Read32(0x41C40004);
[19:26:59.930]        // -> [Read32(0x41C40004) => 0x2BB8802F]   (__dp=0x00000000, __ap=0x00000000)
[19:26:59.930]        // -> [deviceID <= 0x2BB8802F]
[19:26:59.930]      version = deviceID >> 28;
[19:26:59.930]        // -> [version <= 0x00000002]
[19:26:59.930]      partNum = (deviceID & 0x0FFFF000) >> 12;
[19:26:59.930]        // -> [partNum <= 0x0000BB88]
[19:26:59.930]      manuf = (deviceID & 0x00000FFE) >> 1;
[19:26:59.930]        // -> [manuf <= 0x00000017]
[19:26:59.930]      isMSPM0G1X0X_G3X0X = (partNum == 0xBB88) && (manuf == 0x17);
[19:26:59.930]        // -> [isMSPM0G1X0X_G3X0X <= 0x00000001]
[19:26:59.930]      isProduction = (version > 0);
[19:26:59.930]        // -> [isProduction <= 0x00000001]
[19:26:59.930]    </block>
[19:26:59.930]    <control if="!isMSPM0G1X0X_G3X0X" while="" timeout="0" info="">
[19:26:59.930]      // if-block "!isMSPM0G1X0X_G3X0X"
[19:26:59.930]        // =>  FALSE
[19:26:59.930]      // skip if-block "!isMSPM0G1X0X_G3X0X"
[19:26:59.930]    </control>
[19:26:59.930]    <control if="continueId == 4" while="" timeout="0" info="">
[19:26:59.930]      // if-block "continueId == 4"
[19:26:59.930]        // =>  FALSE
[19:26:59.930]      // skip if-block "continueId == 4"
[19:26:59.930]    </control>
[19:26:59.930]    <control if="!isProduction" while="" timeout="0" info="">
[19:26:59.930]      // if-block "!isProduction"
[19:26:59.930]        // =>  FALSE
[19:26:59.930]      // skip if-block "!isProduction"
[19:26:59.930]    </control>
[19:26:59.930]  </sequence>
[19:26:59.930]  
[19:36:23.525]  **********  Sequence "DebugPortSetup"  (Context="Connect", Pname="", info="")
[19:36:23.525]  
[19:36:23.525]  <debugvars>
[19:36:23.527]    // Pre-defined
[19:36:23.527]    __protocol=0x00010002      (Protocol="SWD", SWJ-DP="True")
[19:36:23.527]    __connection=0x00000202    (Connection Type="Flash", Reset Type="System Reset")
[19:36:23.527]    __dp=0x00000000
[19:36:23.527]    __ap=0x00000000
[19:36:23.527]    __traceout=0x00000000      (Trace Disabled)
[19:36:23.527]    __errorcontrol=0x00000000  (Skip Errors="False")
[19:36:23.527]    __FlashAddr=0x00000000
[19:36:23.527]    __FlashLen=0x00000000
[19:36:23.527]    __FlashArg=0x00000000
[19:36:23.527]    __FlashOp=0x00000000
[19:36:23.527]    __Result=0x00000000
[19:36:23.527]  </debugvars>
[19:36:23.527]  
[19:36:23.527]  <sequence name="DebugPortSetup" Pname="" disable="false" info="">
[19:36:23.527]    <block atomic="false" info="">
[19:36:23.527]      __var isSWJ      = ((__protocol & 0x00010000) != 0);
[19:36:23.527]        // -> [isSWJ <= 0x00000001]
[19:36:23.527]      __var hasDormant = __protocol & 0x00020000;
[19:36:23.527]        // -> [hasDormant <= 0x00000000]
[19:36:23.527]      __var protType   = __protocol & 0x0000FFFF;
[19:36:23.527]        // -> [protType <= 0x00000002]
[19:36:23.527]    </block>
[19:36:23.527]    <control if="protType == 1" while="" timeout="0" info="">
[19:36:23.527]      // if-block "protType == 1"
[19:36:23.527]        // =>  FALSE
[19:36:23.527]      // skip if-block "protType == 1"
[19:36:23.527]    </control>
[19:36:23.527]    <control if="protType == 2" while="" timeout="0" info="">
[19:36:23.527]      // if-block "protType == 2"
[19:36:23.527]        // =>  TRUE
[19:36:23.527]      <control if="isSWJ" while="" timeout="0" info="">
[19:36:23.527]        // if-block "isSWJ"
[19:36:23.527]          // =>  TRUE
[19:36:23.527]        <control if="hasDormant" while="" timeout="0" info="">
[19:36:23.527]          // if-block "hasDormant"
[19:36:23.527]            // =>  FALSE
[19:36:23.527]          // skip if-block "hasDormant"
[19:36:23.527]        </control>
[19:36:23.527]        <control if="!hasDormant" while="" timeout="0" info="">
[19:36:23.527]          // if-block "!hasDormant"
[19:36:23.527]            // =>  TRUE
[19:36:23.527]          <block atomic="false" info="">
[19:36:23.527]            DAP_SWJ_Sequence(51, 0x0007FFFFFFFFFFFF); //lets put the JTAG line in a reset state
[19:36:23.527]              // -> [DAP_SWJ_Sequence(51, 0x0007FFFFFFFFFFFF)]
[19:36:23.527]            DAP_SWJ_Sequence(16,0xE73C); //SWD to JTAG, this is to ensure the state machine is initialized
[19:36:23.527]              // -> [DAP_SWJ_Sequence(16, 0x000000000000E73C)]
[19:36:23.533]            DAP_SWJ_Sequence(51, 0x0007FFFFFFFFFFFF); //Put it back in reset
[19:36:23.535]              // -> [DAP_SWJ_Sequence(51, 0x0007FFFFFFFFFFFF)]
[19:36:23.535]            DAP_SWJ_Sequence(16, 0xE79E); //JTAG to SWD switch
[19:36:23.537]              // -> [DAP_SWJ_Sequence(16, 0x000000000000E79E)]
[19:36:23.537]            DAP_SWJ_Sequence(51, 0x0007FFFFFFFFFFFF);  //Ensure the switch is successful 
[19:36:23.537]              // -> [DAP_SWJ_Sequence(51, 0x0007FFFFFFFFFFFF)]
[19:36:23.537]            DAP_SWJ_Sequence(7,  0x00); //Give the line some time to initialize
[19:36:23.537]              // -> [DAP_SWJ_Sequence(7, 0x0000000000000000)]
[19:36:23.543]          </block>
[19:36:23.543]          // end if-block "!hasDormant"
[19:36:23.543]        </control>
[19:36:23.543]        // end if-block "isSWJ"
[19:36:23.543]      </control>
[19:36:23.543]      <control if="!isSWJ" while="" timeout="0" info="">
[19:36:23.543]        // if-block "!isSWJ"
[19:36:23.543]          // =>  FALSE
[19:36:23.543]        // skip if-block "!isSWJ"
[19:36:23.543]      </control>
[19:36:23.543]      <block atomic="false" info="">
[19:36:23.544]        ReadDP(0x0);
[19:36:23.544]          // -> [ReadDP(0x00000000) => 0x6BA02477]   (__dp=0x00000000)
[19:36:23.544]      </block>
[19:36:23.544]      // end if-block "protType == 2"
[19:36:23.544]    </control>
[19:36:23.544]  </sequence>
[19:36:23.544]  
[19:36:23.551]  **********  Sequence "DebugPortStart"  (Context="Connect", Pname="", info="")
[19:36:23.551]  
[19:36:23.551]  <debugvars>
[19:36:23.551]    // Pre-defined
[19:36:23.551]    __protocol=0x00010002      (Protocol="SWD", SWJ-DP="True")
[19:36:23.551]    __connection=0x00000202    (Connection Type="Flash", Reset Type="System Reset")
[19:36:23.551]    __dp=0x00000000
[19:36:23.552]    __ap=0x00000000
[19:36:23.552]    __traceout=0x00000000      (Trace Disabled)
[19:36:23.552]    __errorcontrol=0x00000000  (Skip Errors="False")
[19:36:23.552]    __FlashAddr=0x00000000
[19:36:23.552]    __FlashLen=0x00000000
[19:36:23.552]    __FlashArg=0x00000000
[19:36:23.552]    __FlashOp=0x00000000
[19:36:23.552]    __Result=0x00000000
[19:36:23.552]  </debugvars>
[19:36:23.552]  
[19:36:23.552]  <sequence name="DebugPortStart" Pname="" disable="false" info="">
[19:36:23.552]    <block atomic="false" info="">
[19:36:23.552]      __var SW_DP_ABORT       = 0x0;
[19:36:23.552]        // -> [SW_DP_ABORT <= 0x00000000]
[19:36:23.552]      __var DP_CTRL_STAT      = 0x4;
[19:36:23.552]        // -> [DP_CTRL_STAT <= 0x00000004]
[19:36:23.552]      __var DP_SELECT         = 0x8;
[19:36:23.552]        // -> [DP_SELECT <= 0x00000008]
[19:36:23.552]      __var powered_down      = 0;
[19:36:23.552]        // -> [powered_down <= 0x00000000]
[19:36:23.553]      WriteDP(DP_SELECT, 0x00000000);
[19:36:23.555]        // -> [WriteDP(0x00000008, 0x00000000)]   (__dp=0x00000000)
[19:36:23.555]      powered_down = ((ReadDP(DP_CTRL_STAT) & 0xA0000000) != 0xA0000000);
[19:36:23.557]        // -> [ReadDP(0x00000004) => 0x00000040]   (__dp=0x00000000)
[19:36:23.557]        // -> [powered_down <= 0x00000001]
[19:36:23.557]    </block>
[19:36:23.557]    <control if="powered_down" while="" timeout="0" info="">
[19:36:23.557]      // if-block "powered_down"
[19:36:23.558]        // =>  TRUE
[19:36:23.558]      <block atomic="false" info="">
[19:36:23.558]        Message(0, "Debug/System power-up request sent");
[19:36:23.558]        WriteDP(DP_CTRL_STAT, 0x50000000);
[19:36:23.560]          // -> [WriteDP(0x00000004, 0x50000000)]   (__dp=0x00000000)
[19:36:23.561]      </block>
[19:36:23.561]      <control if="" while="(ReadDP(DP_CTRL_STAT) & 0xA0000000) != 0xA0000000" timeout="1000000" info="">
[19:36:23.561]        // while "(ReadDP(DP_CTRL_STAT) & 0xA0000000) != 0xA0000000"  (timeout="1000000")
[19:36:23.564]          // -> [ReadDP(0x00000004) => 0xF0000040]   (__dp=0x00000000)
[19:36:23.564]        // while-condition  =>  FALSE
[19:36:23.564]        // end while "(ReadDP(DP_CTRL_STAT) & 0xA0000000) != 0xA0000000"
[19:36:23.564]      </control>
[19:36:23.564]      <control if="(__protocol & 0xFFFF) == 1" while="" timeout="0" info="">
[19:36:23.564]        // if-block "(__protocol & 0xFFFF) == 1"
[19:36:23.564]          // =>  FALSE
[19:36:23.564]        // skip if-block "(__protocol & 0xFFFF) == 1"
[19:36:23.564]      </control>
[19:36:23.564]      <control if="(__protocol & 0xFFFF) == 2" while="" timeout="0" info="">
[19:36:23.565]        // if-block "(__protocol & 0xFFFF) == 2"
[19:36:23.565]          // =>  TRUE
[19:36:23.565]        <block atomic="false" info="">
[19:36:23.565]          Message(0, "executing SWD power up");
[19:36:23.565]          WriteDP(DP_CTRL_STAT, 0x50000F00);
[19:36:23.568]            // -> [WriteDP(0x00000004, 0x50000F00)]   (__dp=0x00000000)
[19:36:23.568]          WriteDP(SW_DP_ABORT, 0x0000001E);
[19:36:23.570]            // -> [WriteDP(0x00000000, 0x0000001E)]   (__dp=0x00000000)
[19:36:23.570]        </block>
[19:36:23.570]        // end if-block "(__protocol & 0xFFFF) == 2"
[19:36:23.570]      </control>
[19:36:23.570]      // end if-block "powered_down"
[19:36:23.570]    </control>
[19:36:23.570]    <block atomic="false" info="">
[19:36:23.570]      __var DEBUG_PORT_VAL    = 0;
[19:36:23.570]        // -> [DEBUG_PORT_VAL <= 0x00000000]
[19:36:23.570]      __var ACCESS_POINT_VAL  = 0;
[19:36:23.570]        // -> [ACCESS_POINT_VAL <= 0x00000000]
[19:36:23.570]      __ap = 1; 
[19:36:23.570]        // -> [__ap <= 0x00000001]
[19:36:23.570]      WriteAP(0x0C, 0x04); //lets use the mini pwr-ap as backup
[19:36:23.575]        // -> [WriteAP(0x0000000C, 0x00000004)]   (__dp=0x00000000, __ap=0x00000001)
[19:36:23.575]      __ap = 4;
[19:36:23.575]        // -> [__ap <= 0x00000004]
[19:36:23.575]      ACCESS_POINT_VAL = ReadAP(0x00);//Reading current state of access point
[19:36:23.579]        // -> [ReadAP(0x00000000) => 0x00080027]   (__dp=0x00000000, __ap=0x00000004)
[19:36:23.579]        // -> [ACCESS_POINT_VAL <= 0x00080027]
[19:36:23.579]      Message(0, "Current state of access point is: %x",ACCESS_POINT_VAL);
[19:36:23.580]    </block>
[19:36:23.580]    <block atomic="false" info="">
[19:36:23.580]      __var nReset = 0x80;
[19:36:23.580]        // -> [nReset <= 0x00000080]
[19:36:23.580]      __var canReadPins = 0;
[19:36:23.580]        // -> [canReadPins <= 0x00000000]
[19:36:23.580]      canReadPins = (DAP_SWJ_Pins(0x00, nReset, 0) != 0xFFFFFFFF);
[19:36:23.582]        // -> [DAP_SWJ_Pins(0x00, 0x80, 0) => 0x0F]   (Out: nRESET=0  =>  In: SWCLK/TCK=1, SWDIO/TMS=1, TDI=1, TDO=1, nTRST=0, nRESET=0)
[19:36:23.582]        // -> [canReadPins <= 0x00000001]
[19:36:23.582]    </block>
[19:36:23.582]    <control if="" while="1" timeout="200" info="">
[19:36:23.582]      // while "1"  (timeout="200")
[19:36:23.582]      // while-condition  =>  TRUE
[19:36:23.582]      // while "1"  (timeout="200")
[19:36:23.582]      // while-condition  =>  TRUE
[19:36:23.582]      // while "1"  (timeout="200")
[19:36:23.582]      // while-condition  =>  TRUE
[19:36:23.582]      // while "1"  (timeout="200")
[19:36:23.582]      // while-condition  =>  TRUE
[19:36:23.582]      // while "1"  (timeout="200")
[19:36:23.582]      // while-condition  =>  TRUE
[19:36:23.582]      // while "1"  (timeout="200")
[19:36:23.582]      // while-condition  =>  TRUE
[19:36:23.582]      // while "1"  (timeout="200")
[19:36:23.582]      // while-condition  =>  TRUE
[19:36:23.582]      // while "1"  (timeout="200")
[19:36:23.582]      // while-condition  =>  TRUE
[19:36:23.582]      // while "1"  (timeout="200")
[19:36:23.582]      // while-condition  =>  TRUE
[19:36:23.582]      // while "1"  (timeout="200")
[19:36:23.582]      // while-condition  =>  TRUE
[19:36:23.582]      // while "1"  (timeout="200")
[19:36:23.582]      // while-condition  =>  TRUE
[19:36:23.582]      // while "1"  (timeout="200")
[19:36:23.583]      // while-condition  =>  TRUE
[19:36:23.583]      // while "1"  (timeout="200")
[19:36:23.583]      // while-condition  =>  TRUE
[19:36:23.583]      // while "1"  (timeout="200")
[19:36:23.583]      // while-condition  =>  TRUE
[19:36:23.583]      // while "1"  (timeout="200")
[19:36:23.583]      // while-condition  =>  TRUE
[19:36:23.583]      // while "1"  (timeout="200")
[19:36:23.583]      // while-condition  =>  TRUE
[19:36:23.583]      // while "1"  (timeout="200")
[19:36:23.583]      // while-condition  =>  TRUE
[19:36:23.584]      // while "1"  (timeout="200")
[19:36:23.584]      // while-condition  =>  TRUE
[19:36:23.584]      // while "1"  (timeout="200")
[19:36:23.584]      // while-condition  =>  TRUE
[19:36:23.584]      // while "1"  (timeout="200")
[19:36:23.584]      // while-condition  =>  TRUE
[19:36:23.584]      // while "1"  (timeout="200")
[19:36:23.584]      // while-condition  =>  TRUE
[19:36:23.584]      // while "1"  (timeout="200")
[19:36:23.584]      // while-condition  =>  TRUE
[19:36:23.584]      // while "1"  (timeout="200")
[19:36:23.584]      // while-condition  =>  TRUE
[19:36:23.584]      // while "1"  (timeout="200")
[19:36:23.584]      // while-condition  =>  TRUE
[19:36:23.584]      // while "1"  (timeout="200")
[19:36:23.584]      // while-condition  =>  TRUE
[19:36:23.584]      // while "1"  (timeout="200")
[19:36:23.584]      // while-condition  =>  TRUE
[19:36:23.584]      // while "1"  (timeout="200")
[19:36:23.584]      // while-condition  =>  TRUE
[19:36:23.584]      // while "1"  (timeout="200")
[19:36:23.584]      // while-condition  =>  TRUE
[19:36:23.584]      // while "1"  (timeout="200")
[19:36:23.584]      // while-condition  =>  TRUE
[19:36:23.584]      // while "1"  (timeout="200")
[19:36:23.584]      // while-condition  =>  TRUE
[19:36:23.584]      // while "1"  (timeout="200")
[19:36:23.584]      // while-condition  =>  TRUE
[19:36:23.584]      // while "1"  (timeout="200")
[19:36:23.584]      // while-condition  =>  TRUE
[19:36:23.584]      // while "1"  (timeout="200")
[19:36:23.584]      // while-condition  =>  TRUE
[19:36:23.584]      // while "1"  (timeout="200")
[19:36:23.584]      // while-condition  =>  TRUE
[19:36:23.584]      // while "1"  (timeout="200")
[19:36:23.584]      // while-condition  =>  TRUE
[19:36:23.584]      // while "1"  (timeout="200")
[19:36:23.584]      // while-condition  =>  TRUE
[19:36:23.584]      // while "1"  (timeout="200")
[19:36:23.584]      // while-condition  =>  TRUE
[19:36:23.584]      // while "1"  (timeout="200")
[19:36:23.584]      // while-condition  =>  TRUE
[19:36:23.584]      // while "1"  (timeout="200")
[19:36:23.584]      // while-condition  =>  TRUE
[19:36:23.584]      // while "1"  (timeout="200")
[19:36:23.584]      // while-condition  =>  TRUE
[19:36:23.584]      // while "1"  (timeout="200")
[19:36:23.584]      // while-condition  =>  TRUE
[19:36:23.584]      // while "1"  (timeout="200")
[19:36:23.584]      // while-condition  =>  TRUE
[19:36:23.584]      // while "1"  (timeout="200")
[19:36:23.584]      // while-condition  =>  TRUE
[19:36:23.584]      // while "1"  (timeout="200")
[19:36:23.584]      // while-condition  =>  TRUE
[19:36:23.584]      // while "1"  (timeout="200")
[19:36:23.584]      // while-condition  =>  TRUE
[19:36:23.584]      // while "1"  (timeout="200")
[19:36:23.584]      // while-condition  =>  TRUE
[19:36:23.584]      // while "1"  (timeout="200")
[19:36:23.584]      // while-condition  =>  TRUE
[19:36:23.584]      // while "1"  (timeout="200")
[19:36:23.584]      // while-condition  =>  TRUE
[19:36:23.584]      // while "1"  (timeout="200")
[19:36:23.584]      // while-condition  =>  TRUE
[19:36:23.584]      // while "1"  (timeout="200")
[19:36:23.584]      // while-condition  =>  TRUE
[19:36:23.584]      // while "1"  (timeout="200")
[19:36:23.584]      // while-condition  =>  TRUE
[19:36:23.584]      // while "1"  (timeout="200")
[19:36:23.584]      // while-condition  =>  TRUE
[19:36:23.584]      // while "1"  (timeout="200")
[19:36:23.584]      // while-condition  =>  TRUE
[19:36:23.584]      // while "1"  (timeout="200")
[19:36:23.584]      // while-condition  =>  TRUE
[19:36:23.584]      // while "1"  (timeout="200")
[19:36:23.584]      // while-condition  =>  TRUE
[19:36:23.584]      // while "1"  (timeout="200")
[19:36:23.584]      // while-condition  =>  TRUE
[19:36:23.584]      // while "1"  (timeout="200")
[19:36:23.584]      // while-condition  =>  TRUE
[19:36:23.584]      // while "1"  (timeout="200")
[19:36:23.584]      // while-condition  =>  TRUE
[19:36:23.584]      // while "1"  (timeout="200")
[19:36:23.584]      // while-condition  =>  TRUE
[19:36:23.584]      // while "1"  (timeout="200")
[19:36:23.584]      // while-condition  =>  TRUE
[19:36:23.584]      // while "1"  (timeout="200")
[19:36:23.584]      // while-condition  =>  TRUE
[19:36:23.584]      // while "1"  (timeout="200")
[19:36:23.584]      // while-condition  =>  TRUE
[19:36:23.584]      // while "1"  (timeout="200")
[19:36:23.584]      // while-condition  =>  TRUE
[19:36:23.584]      // while "1"  (timeout="200")
[19:36:23.584]      // while-condition  =>  TRUE
[19:36:23.584]      // while "1"  (timeout="200")
[19:36:23.584]      // while-condition  =>  TRUE
[19:36:23.584]      // while "1"  (timeout="200")
[19:36:23.584]      // while-condition  =>  TRUE
[19:36:23.584]      // while "1"  (timeout="200")
[19:36:23.584]      // while-condition  =>  TRUE
[19:36:23.584]      // while "1"  (timeout="200")
[19:36:23.584]      // while-condition  =>  TRUE
[19:36:23.584]      // while "1"  (timeout="200")
[19:36:23.584]      // while-condition  =>  TRUE
[19:36:23.584]      // while "1"  (timeout="200")
[19:36:23.584]      // while-condition  =>  TRUE
[19:36:23.584]      // while "1"  (timeout="200")
[19:36:23.584]      // while-condition  =>  TRUE
[19:36:23.584]      // while "1"  (timeout="200")
[19:36:23.584]      // while-condition  =>  TRUE
[19:36:23.584]      // while "1"  (timeout="200")
[19:36:23.584]      // while-condition  =>  TRUE
[19:36:23.584]      // while "1"  (timeout="200")
[19:36:23.584]      // while-condition  =>  TRUE
[19:36:23.584]      // while "1"  (timeout="200")
[19:36:23.584]      // while-condition  =>  TRUE
[19:36:23.584]      // while "1"  (timeout="200")
[19:36:23.584]      // while-condition  =>  TRUE
[19:36:23.584]      // while "1"  (timeout="200")
[19:36:23.584]      // while-condition  =>  TRUE
[19:36:23.584]      // while "1"  (timeout="200")
[19:36:23.584]      // while-condition  =>  TRUE
[19:36:23.584]      // while "1"  (timeout="200")
[19:36:23.584]      // while-condition  =>  TRUE
[19:36:23.584]      // while "1"  (timeout="200")
[19:36:23.584]      // while-condition  =>  TRUE
[19:36:23.584]      // while "1"  (timeout="200")
[19:36:23.584]      // while-condition  =>  TRUE
[19:36:23.584]      // while "1"  (timeout="200")
[19:36:23.584]      // while-condition  =>  TRUE
[19:36:23.584]      // while "1"  (timeout="200")
[19:36:23.584]      // while-condition  =>  TRUE
[19:36:23.584]      // while "1"  (timeout="200")
[19:36:23.584]      // while-condition  =>  TRUE
[19:36:23.584]      // while "1"  (timeout="200")
[19:36:23.584]      // while-condition  =>  TRUE
[19:36:23.584]      // while "1"  (timeout="200")
[19:36:23.584]      // while-condition  =>  TRUE
[19:36:23.584]      // while "1"  (timeout="200")
[19:36:23.584]      // while-condition  =>  TRUE
[19:36:23.584]      // while "1"  (timeout="200")
[19:36:23.584]      // while-condition  =>  TRUE
[19:36:23.584]      // while "1"  (timeout="200")
[19:36:23.584]      // while-condition  =>  TRUE
[19:36:23.584]      // while "1"  (timeout="200")
[19:36:23.584]      // while-condition  =>  TRUE
[19:36:23.584]      // while "1"  (timeout="200")
[19:36:23.584]      // while-condition  =>  TRUE
[19:36:23.584]      // while "1"  (timeout="200")
[19:36:23.584]      // while-condition  =>  TRUE
[19:36:23.584]      // while "1"  (timeout="200")
[19:36:23.584]      // while-condition  =>  TRUE
[19:36:23.584]      // while "1"  (timeout="200")
[19:36:23.584]      // while-condition  =>  TRUE
[19:36:23.584]      // while "1"  (timeout="200")
[19:36:23.584]      // while-condition  =>  TRUE
[19:36:23.584]      // while "1"  (timeout="200")
[19:36:23.584]      // while-condition  =>  TRUE
[19:36:23.584]      // while "1"  (timeout="200")
[19:36:23.584]      // while-condition  =>  TRUE
[19:36:23.584]      // while "1"  (timeout="200")
[19:36:23.584]      // while-condition  =>  TRUE
[19:36:23.584]      // while "1"  (timeout="200")
[19:36:23.584]      // while-condition  =>  TRUE
[19:36:23.584]      // while "1"  (timeout="200")
[19:36:23.584]      // while-condition  =>  TRUE
[19:36:23.584]      // while "1"  (timeout="200")
[19:36:23.584]      // while-condition  =>  TRUE
[19:36:23.584]      // while "1"  (timeout="200")
[19:36:23.584]      // while-condition  =>  TRUE
[19:36:23.584]      // while "1"  (timeout="200")
[19:36:23.584]      // while-condition  =>  TRUE
[19:36:23.584]      // while "1"  (timeout="200")
[19:36:23.584]      // while-condition  =>  TRUE
[19:36:23.584]      // while "1"  (timeout="200")
[19:36:23.584]      // while-condition  =>  TRUE
[19:36:23.584]      // while "1"  (timeout="200")
[19:36:23.584]      // while-condition  =>  TRUE
[19:36:23.584]      // while "1"  (timeout="200")
[19:36:23.584]      // while-condition  =>  TRUE
[19:36:23.584]      // while "1"  (timeout="200")
[19:36:23.584]      // while-condition  =>  TRUE
[19:36:23.584]      // while "1"  (timeout="200")
[19:36:23.584]      // while-condition  =>  TRUE
[19:36:23.584]      // while "1"  (timeout="200")
[19:36:23.584]      // while-condition  =>  TRUE
[19:36:23.584]      // while "1"  (timeout="200")
[19:36:23.584]      // while-condition  =>  TRUE
[19:36:23.584]      // while "1"  (timeout="200")
[19:36:23.584]      // while-condition  =>  TRUE
[19:36:23.584]      // while "1"  (timeout="200")
[19:36:23.584]      // while-condition  =>  TRUE
[19:36:23.584]      // while "1"  (timeout="200")
[19:36:23.584]      // while-condition  =>  TRUE
[19:36:23.584]      // while "1"  (timeout="200")
[19:36:23.584]      // while-condition  =>  TRUE
[19:36:23.584]      // while "1"  (timeout="200")
[19:36:23.584]      // while-condition  =>  TRUE
[19:36:23.584]      // while "1"  (timeout="200")
[19:36:23.584]      // while-condition  =>  TRUE
[19:36:23.584]      // while "1"  (timeout="200")
[19:36:23.593]      // while-condition  =>  TRUE
[19:36:23.593]      // while "1"  (timeout="200")
[19:36:23.593]      // while  =>  TIMEOUT
[19:36:23.593]      // end while "1"
[19:36:23.593]    </control>
[19:36:23.593]    <control if="canReadPins" while="" timeout="0" info="">
[19:36:23.593]      // if-block "canReadPins"
[19:36:23.593]        // =>  TRUE
[19:36:23.593]      <control if="" while="(DAP_SWJ_Pins(nReset, nReset, 0) & nReset) == 0" timeout="1000000" info="">
[19:36:23.593]        // while "(DAP_SWJ_Pins(nReset, nReset, 0) & nReset) == 0"  (timeout="1000000")
[19:36:23.594]          // -> [DAP_SWJ_Pins(0x80, 0x80, 0) => 0x8F]   (Out: nRESET=1  =>  In: SWCLK/TCK=1, SWDIO/TMS=1, TDI=1, TDO=1, nTRST=0, nRESET=1)
[19:36:23.594]        // while-condition  =>  FALSE
[19:36:23.594]        // end while "(DAP_SWJ_Pins(nReset, nReset, 0) & nReset) == 0"
[19:36:23.594]      </control>
[19:36:23.594]      // end if-block "canReadPins"
[19:36:23.594]    </control>
[19:36:23.594]    <control if="!canReadPins" while="" timeout="0" info="">
[19:36:23.594]      // if-block "!canReadPins"
[19:36:23.594]        // =>  FALSE
[19:36:23.594]      // skip if-block "!canReadPins"
[19:36:23.594]    </control>
[19:36:23.594]    <control if="(ACCESS_POINT_VAL & 0x00E00000) == 0" while="" timeout="0" info="">
[19:36:23.594]      // if-block "(ACCESS_POINT_VAL & 0x00E00000) == 0"
[19:36:23.594]        // =>  TRUE
[19:36:23.594]      <block atomic="false" info="">
[19:36:23.594]        WriteAP(0x00, 0x190008);
[19:36:23.594]          // -> [WriteAP(0x00000000, 0x00190008)]   (__dp=0x00000000, __ap=0x00000004)
[19:36:23.594]        WriteAP(0xF0, 0x01);
[19:36:23.605]          // -> [WriteAP(0x000000F0, 0x00000001)]   (__dp=0x00000000, __ap=0x00000004)
[19:36:23.605]      </block>
[19:36:23.605]      // end if-block "(ACCESS_POINT_VAL & 0x00E00000) == 0"
[19:36:23.605]    </control>
[19:36:23.605]    <control if="(ACCESS_POINT_VAL & 0x00E00000) != 0" while="" timeout="0" info="">
[19:36:23.605]      // if-block "(ACCESS_POINT_VAL & 0x00E00000) != 0"
[19:36:23.605]        // =>  FALSE
[19:36:23.605]      // skip if-block "(ACCESS_POINT_VAL & 0x00E00000) != 0"
[19:36:23.605]    </control>
[19:36:23.605]    <block atomic="false" info="">
[19:36:23.605]      ACCESS_POINT_VAL = ReadAP(0x00);//Reading current state of access point
[19:36:23.608]        // -> [ReadAP(0x00000000) => 0x0079002F]   (__dp=0x00000000, __ap=0x00000004)
[19:36:23.608]        // -> [ACCESS_POINT_VAL <= 0x0079002F]
[19:36:23.608]      Message(0, "Current state of access point is: %x",ACCESS_POINT_VAL);
[19:36:23.608]      __ap = 0; //lets make sure we reset the access point selection
[19:36:23.608]        // -> [__ap <= 0x00000000]
[19:36:23.608]    </block>
[19:36:23.608]  </sequence>
[19:36:23.608]  
[19:36:23.631]  **********  Sequence "DebugDeviceUnlock"  (Context="Connect", Pname="", info="")
[19:36:23.631]  
[19:36:23.631]  <debugvars>
[19:36:23.631]    // Pre-defined
[19:36:23.632]    __protocol=0x00010002      (Protocol="SWD", SWJ-DP="True")
[19:36:23.632]    __connection=0x00000202    (Connection Type="Flash", Reset Type="System Reset")
[19:36:23.632]    __dp=0x00000000
[19:36:23.632]    __ap=0x00000000
[19:36:23.632]    __traceout=0x00000000      (Trace Disabled)
[19:36:23.632]    __errorcontrol=0x00000000  (Skip Errors="False")
[19:36:23.632]    __FlashAddr=0x00000000
[19:36:23.632]    __FlashLen=0x00000000
[19:36:23.632]    __FlashArg=0x00000000
[19:36:23.632]    __FlashOp=0x00000000
[19:36:23.632]    __Result=0x00000000
[19:36:23.632]  </debugvars>
[19:36:23.632]  
[19:36:23.632]  <sequence name="DebugDeviceUnlock" Pname="" disable="false" info="">
[19:36:23.632]    <block atomic="false" info="">
[19:36:23.632]      __var deviceID = 0;
[19:36:23.632]        // -> [deviceID <= 0x00000000]
[19:36:23.632]      __var version = 0;
[19:36:23.632]        // -> [version <= 0x00000000]
[19:36:23.632]      __var partNum = 0;
[19:36:23.632]        // -> [partNum <= 0x00000000]
[19:36:23.632]      __var manuf = 0;
[19:36:23.632]        // -> [manuf <= 0x00000000]
[19:36:23.632]      __var isMSPM0G1X0X_G3X0X = 0;
[19:36:23.633]        // -> [isMSPM0G1X0X_G3X0X <= 0x00000000]
[19:36:23.633]      __var isProduction = 0;
[19:36:23.633]        // -> [isProduction <= 0x00000000]
[19:36:23.633]      __var continueId = 0;
[19:36:23.633]        // -> [continueId <= 0x00000000]
[19:36:23.633]      deviceID =   Read32(0x41C40004);
[19:36:23.635]        // -> [Read32(0x41C40004) => 0x2BB8802F]   (__dp=0x00000000, __ap=0x00000000)
[19:36:23.635]        // -> [deviceID <= 0x2BB8802F]
[19:36:23.635]      version = deviceID >> 28;
[19:36:23.635]        // -> [version <= 0x00000002]
[19:36:23.635]      partNum = (deviceID & 0x0FFFF000) >> 12;
[19:36:23.635]        // -> [partNum <= 0x0000BB88]
[19:36:23.635]      manuf = (deviceID & 0x00000FFE) >> 1;
[19:36:23.635]        // -> [manuf <= 0x00000017]
[19:36:23.635]      isMSPM0G1X0X_G3X0X = (partNum == 0xBB88) && (manuf == 0x17);
[19:36:23.635]        // -> [isMSPM0G1X0X_G3X0X <= 0x00000001]
[19:36:23.635]      isProduction = (version > 0);
[19:36:23.635]        // -> [isProduction <= 0x00000001]
[19:36:23.635]    </block>
[19:36:23.635]    <control if="!isMSPM0G1X0X_G3X0X" while="" timeout="0" info="">
[19:36:23.635]      // if-block "!isMSPM0G1X0X_G3X0X"
[19:36:23.635]        // =>  FALSE
[19:36:23.635]      // skip if-block "!isMSPM0G1X0X_G3X0X"
[19:36:23.635]    </control>
[19:36:23.635]    <control if="continueId == 4" while="" timeout="0" info="">
[19:36:23.635]      // if-block "continueId == 4"
[19:36:23.635]        // =>  FALSE
[19:36:23.635]      // skip if-block "continueId == 4"
[19:36:23.635]    </control>
[19:36:23.635]    <control if="!isProduction" while="" timeout="0" info="">
[19:36:23.635]      // if-block "!isProduction"
[19:36:23.635]        // =>  FALSE
[19:36:23.635]      // skip if-block "!isProduction"
[19:36:23.635]    </control>
[19:36:23.635]  </sequence>
[19:36:23.635]  
[19:46:15.043]  **********  Sequence "DebugPortSetup"  (Context="Connect", Pname="", info="")
[19:46:15.043]  
[19:46:15.043]  <debugvars>
[19:46:15.043]    // Pre-defined
[19:46:15.043]    __protocol=0x00010002      (Protocol="SWD", SWJ-DP="True")
[19:46:15.043]    __connection=0x00000202    (Connection Type="Flash", Reset Type="System Reset")
[19:46:15.043]    __dp=0x00000000
[19:46:15.043]    __ap=0x00000000
[19:46:15.043]    __traceout=0x00000000      (Trace Disabled)
[19:46:15.043]    __errorcontrol=0x00000000  (Skip Errors="False")
[19:46:15.043]    __FlashAddr=0x00000000
[19:46:15.043]    __FlashLen=0x00000000
[19:46:15.043]    __FlashArg=0x00000000
[19:46:15.043]    __FlashOp=0x00000000
[19:46:15.043]    __Result=0x00000000
[19:46:15.043]  </debugvars>
[19:46:15.043]  
[19:46:15.043]  <sequence name="DebugPortSetup" Pname="" disable="false" info="">
[19:46:15.043]    <block atomic="false" info="">
[19:46:15.043]      __var isSWJ      = ((__protocol & 0x00010000) != 0);
[19:46:15.043]        // -> [isSWJ <= 0x00000001]
[19:46:15.043]      __var hasDormant = __protocol & 0x00020000;
[19:46:15.043]        // -> [hasDormant <= 0x00000000]
[19:46:15.043]      __var protType   = __protocol & 0x0000FFFF;
[19:46:15.043]        // -> [protType <= 0x00000002]
[19:46:15.043]    </block>
[19:46:15.043]    <control if="protType == 1" while="" timeout="0" info="">
[19:46:15.043]      // if-block "protType == 1"
[19:46:15.043]        // =>  FALSE
[19:46:15.043]      // skip if-block "protType == 1"
[19:46:15.043]    </control>
[19:46:15.043]    <control if="protType == 2" while="" timeout="0" info="">
[19:46:15.043]      // if-block "protType == 2"
[19:46:15.043]        // =>  TRUE
[19:46:15.043]      <control if="isSWJ" while="" timeout="0" info="">
[19:46:15.043]        // if-block "isSWJ"
[19:46:15.043]          // =>  TRUE
[19:46:15.043]        <control if="hasDormant" while="" timeout="0" info="">
[19:46:15.043]          // if-block "hasDormant"
[19:46:15.043]            // =>  FALSE
[19:46:15.043]          // skip if-block "hasDormant"
[19:46:15.043]        </control>
[19:46:15.043]        <control if="!hasDormant" while="" timeout="0" info="">
[19:46:15.043]          // if-block "!hasDormant"
[19:46:15.043]            // =>  TRUE
[19:46:15.043]          <block atomic="false" info="">
[19:46:15.043]            DAP_SWJ_Sequence(51, 0x0007FFFFFFFFFFFF); //lets put the JTAG line in a reset state
[19:46:15.049]              // -> [DAP_SWJ_Sequence(51, 0x0007FFFFFFFFFFFF)]
[19:46:15.050]            DAP_SWJ_Sequence(16,0xE73C); //SWD to JTAG, this is to ensure the state machine is initialized
[19:46:15.051]              // -> [DAP_SWJ_Sequence(16, 0x000000000000E73C)]
[19:46:15.051]            DAP_SWJ_Sequence(51, 0x0007FFFFFFFFFFFF); //Put it back in reset
[19:46:15.053]              // -> [DAP_SWJ_Sequence(51, 0x0007FFFFFFFFFFFF)]
[19:46:15.053]            DAP_SWJ_Sequence(16, 0xE79E); //JTAG to SWD switch
[19:46:15.055]              // -> [DAP_SWJ_Sequence(16, 0x000000000000E79E)]
[19:46:15.055]            DAP_SWJ_Sequence(51, 0x0007FFFFFFFFFFFF);  //Ensure the switch is successful 
[19:46:15.057]              // -> [DAP_SWJ_Sequence(51, 0x0007FFFFFFFFFFFF)]
[19:46:15.057]            DAP_SWJ_Sequence(7,  0x00); //Give the line some time to initialize
[19:46:15.058]              // -> [DAP_SWJ_Sequence(7, 0x0000000000000000)]
[19:46:15.058]          </block>
[19:46:15.058]          // end if-block "!hasDormant"
[19:46:15.058]        </control>
[19:46:15.060]        // end if-block "isSWJ"
[19:46:15.060]      </control>
[19:46:15.060]      <control if="!isSWJ" while="" timeout="0" info="">
[19:46:15.060]        // if-block "!isSWJ"
[19:46:15.060]          // =>  FALSE
[19:46:15.060]        // skip if-block "!isSWJ"
[19:46:15.060]      </control>
[19:46:15.060]      <block atomic="false" info="">
[19:46:15.060]        ReadDP(0x0);
[19:46:15.060]          // -> [ReadDP(0x00000000) => 0x6BA02477]   (__dp=0x00000000)
[19:46:15.060]      </block>
[19:46:15.060]      // end if-block "protType == 2"
[19:46:15.060]    </control>
[19:46:15.060]  </sequence>
[19:46:15.060]  
[19:46:15.068]  **********  Sequence "DebugPortStart"  (Context="Connect", Pname="", info="")
[19:46:15.068]  
[19:46:15.068]  <debugvars>
[19:46:15.068]    // Pre-defined
[19:46:15.068]    __protocol=0x00010002      (Protocol="SWD", SWJ-DP="True")
[19:46:15.068]    __connection=0x00000202    (Connection Type="Flash", Reset Type="System Reset")
[19:46:15.068]    __dp=0x00000000
[19:46:15.068]    __ap=0x00000000
[19:46:15.068]    __traceout=0x00000000      (Trace Disabled)
[19:46:15.068]    __errorcontrol=0x00000000  (Skip Errors="False")
[19:46:15.068]    __FlashAddr=0x00000000
[19:46:15.068]    __FlashLen=0x00000000
[19:46:15.068]    __FlashArg=0x00000000
[19:46:15.068]    __FlashOp=0x00000000
[19:46:15.068]    __Result=0x00000000
[19:46:15.069]  </debugvars>
[19:46:15.069]  
[19:46:15.069]  <sequence name="DebugPortStart" Pname="" disable="false" info="">
[19:46:15.069]    <block atomic="false" info="">
[19:46:15.069]      __var SW_DP_ABORT       = 0x0;
[19:46:15.069]        // -> [SW_DP_ABORT <= 0x00000000]
[19:46:15.069]      __var DP_CTRL_STAT      = 0x4;
[19:46:15.069]        // -> [DP_CTRL_STAT <= 0x00000004]
[19:46:15.069]      __var DP_SELECT         = 0x8;
[19:46:15.069]        // -> [DP_SELECT <= 0x00000008]
[19:46:15.069]      __var powered_down      = 0;
[19:46:15.069]        // -> [powered_down <= 0x00000000]
[19:46:15.069]      WriteDP(DP_SELECT, 0x00000000);
[19:46:15.073]        // -> [WriteDP(0x00000008, 0x00000000)]   (__dp=0x00000000)
[19:46:15.073]      powered_down = ((ReadDP(DP_CTRL_STAT) & 0xA0000000) != 0xA0000000);
[19:46:15.075]        // -> [ReadDP(0x00000004) => 0x00000040]   (__dp=0x00000000)
[19:46:15.075]        // -> [powered_down <= 0x00000001]
[19:46:15.075]    </block>
[19:46:15.075]    <control if="powered_down" while="" timeout="0" info="">
[19:46:15.075]      // if-block "powered_down"
[19:46:15.075]        // =>  TRUE
[19:46:15.075]      <block atomic="false" info="">
[19:46:15.075]        Message(0, "Debug/System power-up request sent");
[19:46:15.076]        WriteDP(DP_CTRL_STAT, 0x50000000);
[19:46:15.080]          // -> [WriteDP(0x00000004, 0x50000000)]   (__dp=0x00000000)
[19:46:15.080]      </block>
[19:46:15.080]      <control if="" while="(ReadDP(DP_CTRL_STAT) & 0xA0000000) != 0xA0000000" timeout="1000000" info="">
[19:46:15.080]        // while "(ReadDP(DP_CTRL_STAT) & 0xA0000000) != 0xA0000000"  (timeout="1000000")
[19:46:15.083]          // -> [ReadDP(0x00000004) => 0xF0000040]   (__dp=0x00000000)
[19:46:15.083]        // while-condition  =>  FALSE
[19:46:15.083]        // end while "(ReadDP(DP_CTRL_STAT) & 0xA0000000) != 0xA0000000"
[19:46:15.083]      </control>
[19:46:15.083]      <control if="(__protocol & 0xFFFF) == 1" while="" timeout="0" info="">
[19:46:15.083]        // if-block "(__protocol & 0xFFFF) == 1"
[19:46:15.083]          // =>  FALSE
[19:46:15.083]        // skip if-block "(__protocol & 0xFFFF) == 1"
[19:46:15.083]      </control>
[19:46:15.083]      <control if="(__protocol & 0xFFFF) == 2" while="" timeout="0" info="">
[19:46:15.083]        // if-block "(__protocol & 0xFFFF) == 2"
[19:46:15.083]          // =>  TRUE
[19:46:15.083]        <block atomic="false" info="">
[19:46:15.083]          Message(0, "executing SWD power up");
[19:46:15.085]          WriteDP(DP_CTRL_STAT, 0x50000F00);
[19:46:15.091]            // -> [WriteDP(0x00000004, 0x50000F00)]   (__dp=0x00000000)
[19:46:15.091]          WriteDP(SW_DP_ABORT, 0x0000001E);
[19:46:15.094]            // -> [WriteDP(0x00000000, 0x0000001E)]   (__dp=0x00000000)
[19:46:15.094]        </block>
[19:46:15.094]        // end if-block "(__protocol & 0xFFFF) == 2"
[19:46:15.094]      </control>
[19:46:15.094]      // end if-block "powered_down"
[19:46:15.094]    </control>
[19:46:15.094]    <block atomic="false" info="">
[19:46:15.094]      __var DEBUG_PORT_VAL    = 0;
[19:46:15.094]        // -> [DEBUG_PORT_VAL <= 0x00000000]
[19:46:15.094]      __var ACCESS_POINT_VAL  = 0;
[19:46:15.094]        // -> [ACCESS_POINT_VAL <= 0x00000000]
[19:46:15.094]      __ap = 1; 
[19:46:15.094]        // -> [__ap <= 0x00000001]
[19:46:15.094]      WriteAP(0x0C, 0x04); //lets use the mini pwr-ap as backup
[19:46:15.098]        // -> [WriteAP(0x0000000C, 0x00000004)]   (__dp=0x00000000, __ap=0x00000001)
[19:46:15.098]      __ap = 4;
[19:46:15.099]        // -> [__ap <= 0x00000004]
[19:46:15.099]      ACCESS_POINT_VAL = ReadAP(0x00);//Reading current state of access point
[19:46:15.102]        // -> [ReadAP(0x00000000) => 0x00080027]   (__dp=0x00000000, __ap=0x00000004)
[19:46:15.102]        // -> [ACCESS_POINT_VAL <= 0x00080027]
[19:46:15.102]      Message(0, "Current state of access point is: %x",ACCESS_POINT_VAL);
[19:46:15.103]    </block>
[19:46:15.103]    <block atomic="false" info="">
[19:46:15.103]      __var nReset = 0x80;
[19:46:15.103]        // -> [nReset <= 0x00000080]
[19:46:15.104]      __var canReadPins = 0;
[19:46:15.104]        // -> [canReadPins <= 0x00000000]
[19:46:15.104]      canReadPins = (DAP_SWJ_Pins(0x00, nReset, 0) != 0xFFFFFFFF);
[19:46:15.106]        // -> [DAP_SWJ_Pins(0x00, 0x80, 0) => 0x0F]   (Out: nRESET=0  =>  In: SWCLK/TCK=1, SWDIO/TMS=1, TDI=1, TDO=1, nTRST=0, nRESET=0)
[19:46:15.106]        // -> [canReadPins <= 0x00000001]
[19:46:15.107]    </block>
[19:46:15.107]    <control if="" while="1" timeout="200" info="">
[19:46:15.107]      // while "1"  (timeout="200")
[19:46:15.107]      // while-condition  =>  TRUE
[19:46:15.107]      // while "1"  (timeout="200")
[19:46:15.107]      // while-condition  =>  TRUE
[19:46:15.107]      // while "1"  (timeout="200")
[19:46:15.107]      // while-condition  =>  TRUE
[19:46:15.107]      // while "1"  (timeout="200")
[19:46:15.107]      // while-condition  =>  TRUE
[19:46:15.107]      // while "1"  (timeout="200")
[19:46:15.107]      // while-condition  =>  TRUE
[19:46:15.107]      // while "1"  (timeout="200")
[19:46:15.108]      // while-condition  =>  TRUE
[19:46:15.108]      // while "1"  (timeout="200")
[19:46:15.108]      // while-condition  =>  TRUE
[19:46:15.108]      // while "1"  (timeout="200")
[19:46:15.108]      // while-condition  =>  TRUE
[19:46:15.108]      // while "1"  (timeout="200")
[19:46:15.108]      // while-condition  =>  TRUE
[19:46:15.108]      // while "1"  (timeout="200")
[19:46:15.108]      // while-condition  =>  TRUE
[19:46:15.108]      // while "1"  (timeout="200")
[19:46:15.108]      // while-condition  =>  TRUE
[19:46:15.108]      // while "1"  (timeout="200")
[19:46:15.108]      // while-condition  =>  TRUE
[19:46:15.108]      // while "1"  (timeout="200")
[19:46:15.108]      // while-condition  =>  TRUE
[19:46:15.108]      // while "1"  (timeout="200")
[19:46:15.108]      // while-condition  =>  TRUE
[19:46:15.108]      // while "1"  (timeout="200")
[19:46:15.108]      // while-condition  =>  TRUE
[19:46:15.108]      // while "1"  (timeout="200")
[19:46:15.108]      // while-condition  =>  TRUE
[19:46:15.108]      // while "1"  (timeout="200")
[19:46:15.108]      // while-condition  =>  TRUE
[19:46:15.109]      // while "1"  (timeout="200")
[19:46:15.109]      // while-condition  =>  TRUE
[19:46:15.109]      // while "1"  (timeout="200")
[19:46:15.109]      // while-condition  =>  TRUE
[19:46:15.109]      // while "1"  (timeout="200")
[19:46:15.109]      // while-condition  =>  TRUE
[19:46:15.109]      // while "1"  (timeout="200")
[19:46:15.109]      // while-condition  =>  TRUE
[19:46:15.109]      // while "1"  (timeout="200")
[19:46:15.109]      // while-condition  =>  TRUE
[19:46:15.109]      // while "1"  (timeout="200")
[19:46:15.109]      // while-condition  =>  TRUE
[19:46:15.109]      // while "1"  (timeout="200")
[19:46:15.109]      // while-condition  =>  TRUE
[19:46:15.109]      // while "1"  (timeout="200")
[19:46:15.109]      // while-condition  =>  TRUE
[19:46:15.109]      // while "1"  (timeout="200")
[19:46:15.109]      // while-condition  =>  TRUE
[19:46:15.109]      // while "1"  (timeout="200")
[19:46:15.109]      // while-condition  =>  TRUE
[19:46:15.109]      // while "1"  (timeout="200")
[19:46:15.110]      // while-condition  =>  TRUE
[19:46:15.110]      // while "1"  (timeout="200")
[19:46:15.110]      // while-condition  =>  TRUE
[19:46:15.110]      // while "1"  (timeout="200")
[19:46:15.110]      // while-condition  =>  TRUE
[19:46:15.110]      // while "1"  (timeout="200")
[19:46:15.110]      // while-condition  =>  TRUE
[19:46:15.110]      // while "1"  (timeout="200")
[19:46:15.110]      // while-condition  =>  TRUE
[19:46:15.110]      // while "1"  (timeout="200")
[19:46:15.110]      // while-condition  =>  TRUE
[19:46:15.110]      // while "1"  (timeout="200")
[19:46:15.110]      // while-condition  =>  TRUE
[19:46:15.110]      // while "1"  (timeout="200")
[19:46:15.110]      // while-condition  =>  TRUE
[19:46:15.110]      // while "1"  (timeout="200")
[19:46:15.110]      // while-condition  =>  TRUE
[19:46:15.110]      // while "1"  (timeout="200")
[19:46:15.110]      // while-condition  =>  TRUE
[19:46:15.110]      // while "1"  (timeout="200")
[19:46:15.110]      // while-condition  =>  TRUE
[19:46:15.110]      // while "1"  (timeout="200")
[19:46:15.110]      // while-condition  =>  TRUE
[19:46:15.110]      // while "1"  (timeout="200")
[19:46:15.110]      // while-condition  =>  TRUE
[19:46:15.110]      // while "1"  (timeout="200")
[19:46:15.110]      // while-condition  =>  TRUE
[19:46:15.110]      // while "1"  (timeout="200")
[19:46:15.110]      // while-condition  =>  TRUE
[19:46:15.110]      // while "1"  (timeout="200")
[19:46:15.110]      // while-condition  =>  TRUE
[19:46:15.110]      // while "1"  (timeout="200")
[19:46:15.110]      // while-condition  =>  TRUE
[19:46:15.110]      // while "1"  (timeout="200")
[19:46:15.110]      // while-condition  =>  TRUE
[19:46:15.111]      // while "1"  (timeout="200")
[19:46:15.111]      // while-condition  =>  TRUE
[19:46:15.111]      // while "1"  (timeout="200")
[19:46:15.111]      // while-condition  =>  TRUE
[19:46:15.111]      // while "1"  (timeout="200")
[19:46:15.111]      // while-condition  =>  TRUE
[19:46:15.111]      // while "1"  (timeout="200")
[19:46:15.111]      // while-condition  =>  TRUE
[19:46:15.111]      // while "1"  (timeout="200")
[19:46:15.111]      // while-condition  =>  TRUE
[19:46:15.111]      // while "1"  (timeout="200")
[19:46:15.111]      // while-condition  =>  TRUE
[19:46:15.111]      // while "1"  (timeout="200")
[19:46:15.111]      // while-condition  =>  TRUE
[19:46:15.111]      // while "1"  (timeout="200")
[19:46:15.111]      // while-condition  =>  TRUE
[19:46:15.111]      // while "1"  (timeout="200")
[19:46:15.111]      // while-condition  =>  TRUE
[19:46:15.111]      // while "1"  (timeout="200")
[19:46:15.111]      // while-condition  =>  TRUE
[19:46:15.111]      // while "1"  (timeout="200")
[19:46:15.111]      // while-condition  =>  TRUE
[19:46:15.112]      // while "1"  (timeout="200")
[19:46:15.112]      // while-condition  =>  TRUE
[19:46:15.112]      // while "1"  (timeout="200")
[19:46:15.112]      // while-condition  =>  TRUE
[19:46:15.112]      // while "1"  (timeout="200")
[19:46:15.112]      // while-condition  =>  TRUE
[19:46:15.112]      // while "1"  (timeout="200")
[19:46:15.112]      // while-condition  =>  TRUE
[19:46:15.112]      // while "1"  (timeout="200")
[19:46:15.112]      // while-condition  =>  TRUE
[19:46:15.112]      // while "1"  (timeout="200")
[19:46:15.112]      // while-condition  =>  TRUE
[19:46:15.112]      // while "1"  (timeout="200")
[19:46:15.112]      // while-condition  =>  TRUE
[19:46:15.112]      // while "1"  (timeout="200")
[19:46:15.112]      // while-condition  =>  TRUE
[19:46:15.112]      // while "1"  (timeout="200")
[19:46:15.112]      // while-condition  =>  TRUE
[19:46:15.112]      // while "1"  (timeout="200")
[19:46:15.112]      // while-condition  =>  TRUE
[19:46:15.112]      // while "1"  (timeout="200")
[19:46:15.112]      // while-condition  =>  TRUE
[19:46:15.112]      // while "1"  (timeout="200")
[19:46:15.112]      // while-condition  =>  TRUE
[19:46:15.113]      // while "1"  (timeout="200")
[19:46:15.113]      // while-condition  =>  TRUE
[19:46:15.113]      // while "1"  (timeout="200")
[19:46:15.113]      // while-condition  =>  TRUE
[19:46:15.113]      // while "1"  (timeout="200")
[19:46:15.113]      // while-condition  =>  TRUE
[19:46:15.113]      // while "1"  (timeout="200")
[19:46:15.113]      // while-condition  =>  TRUE
[19:46:15.113]      // while "1"  (timeout="200")
[19:46:15.113]      // while-condition  =>  TRUE
[19:46:15.113]      // while "1"  (timeout="200")
[19:46:15.113]      // while-condition  =>  TRUE
[19:46:15.113]      // while "1"  (timeout="200")
[19:46:15.113]      // while-condition  =>  TRUE
[19:46:15.113]      // while "1"  (timeout="200")
[19:46:15.113]      // while-condition  =>  TRUE
[19:46:15.114]      // while "1"  (timeout="200")
[19:46:15.114]      // while-condition  =>  TRUE
[19:46:15.114]      // while "1"  (timeout="200")
[19:46:15.114]      // while-condition  =>  TRUE
[19:46:15.114]      // while "1"  (timeout="200")
[19:46:15.114]      // while-condition  =>  TRUE
[19:46:15.114]      // while "1"  (timeout="200")
[19:46:15.114]      // while-condition  =>  TRUE
[19:46:15.114]      // while "1"  (timeout="200")
[19:46:15.114]      // while-condition  =>  TRUE
[19:46:15.114]      // while "1"  (timeout="200")
[19:46:15.114]      // while-condition  =>  TRUE
[19:46:15.114]      // while "1"  (timeout="200")
[19:46:15.114]      // while-condition  =>  TRUE
[19:46:15.114]      // while "1"  (timeout="200")
[19:46:15.114]      // while-condition  =>  TRUE
[19:46:15.115]      // while "1"  (timeout="200")
[19:46:15.115]      // while-condition  =>  TRUE
[19:46:15.115]      // while "1"  (timeout="200")
[19:46:15.115]      // while-condition  =>  TRUE
[19:46:15.116]      // while "1"  (timeout="200")
[19:46:15.116]      // while-condition  =>  TRUE
[19:46:15.116]      // while "1"  (timeout="200")
[19:46:15.116]      // while-condition  =>  TRUE
[19:46:15.116]      // while "1"  (timeout="200")
[19:46:15.116]      // while-condition  =>  TRUE
[19:46:15.116]      // while "1"  (timeout="200")
[19:46:15.116]      // while-condition  =>  TRUE
[19:46:15.116]      // while "1"  (timeout="200")
[19:46:15.116]      // while-condition  =>  TRUE
[19:46:15.116]      // while "1"  (timeout="200")
[19:46:15.116]      // while-condition  =>  TRUE
[19:46:15.116]      // while "1"  (timeout="200")
[19:46:15.116]      // while-condition  =>  TRUE
[19:46:15.116]      // while "1"  (timeout="200")
[19:46:15.116]      // while-condition  =>  TRUE
[19:46:15.116]      // while "1"  (timeout="200")
[19:46:15.116]      // while-condition  =>  TRUE
[19:46:15.116]      // while "1"  (timeout="200")
[19:46:15.116]      // while-condition  =>  TRUE
[19:46:15.116]      // while "1"  (timeout="200")
[19:46:15.117]      // while-condition  =>  TRUE
[19:46:15.117]      // while "1"  (timeout="200")
[19:46:15.117]      // while-condition  =>  TRUE
[19:46:15.117]      // while "1"  (timeout="200")
[19:46:15.117]      // while-condition  =>  TRUE
[19:46:15.117]      // while "1"  (timeout="200")
[19:46:15.117]      // while-condition  =>  TRUE
[19:46:15.117]      // while "1"  (timeout="200")
[19:46:15.117]      // while-condition  =>  TRUE
[19:46:15.117]      // while "1"  (timeout="200")
[19:46:15.117]      // while-condition  =>  TRUE
[19:46:15.117]      // while "1"  (timeout="200")
[19:46:15.117]      // while-condition  =>  TRUE
[19:46:15.117]      // while "1"  (timeout="200")
[19:46:15.117]      // while-condition  =>  TRUE
[19:46:15.117]      // while "1"  (timeout="200")
[19:46:15.117]      // while-condition  =>  TRUE
[19:46:15.117]      // while "1"  (timeout="200")
[19:46:15.117]      // while-condition  =>  TRUE
[19:46:15.117]      // while "1"  (timeout="200")
[19:46:15.117]      // while-condition  =>  TRUE
[19:46:15.117]      // while "1"  (timeout="200")
[19:46:15.117]      // while-condition  =>  TRUE
[19:46:15.117]      // while "1"  (timeout="200")
[19:46:15.117]      // while-condition  =>  TRUE
[19:46:15.118]      // while "1"  (timeout="200")
[19:46:15.118]      // while-condition  =>  TRUE
[19:46:15.118]      // while "1"  (timeout="200")
[19:46:15.118]      // while-condition  =>  TRUE
[19:46:15.118]      // while "1"  (timeout="200")
[19:46:15.118]      // while-condition  =>  TRUE
[19:46:15.118]      // while "1"  (timeout="200")
[19:46:15.118]      // while-condition  =>  TRUE
[19:46:15.118]      // while "1"  (timeout="200")
[19:46:15.118]      // while-condition  =>  TRUE
[19:46:15.118]      // while "1"  (timeout="200")
[19:46:15.118]      // while-condition  =>  TRUE
[19:46:15.118]      // while "1"  (timeout="200")
[19:46:15.118]      // while-condition  =>  TRUE
[19:46:15.118]      // while "1"  (timeout="200")
[19:46:15.118]      // while-condition  =>  TRUE
[19:46:15.118]      // while "1"  (timeout="200")
[19:46:15.118]      // while-condition  =>  TRUE
[19:46:15.118]      // while "1"  (timeout="200")
[19:46:15.118]      // while-condition  =>  TRUE
[19:46:15.118]      // while "1"  (timeout="200")
[19:46:15.118]      // while-condition  =>  TRUE
[19:46:15.118]      // while "1"  (timeout="200")
[19:46:15.118]      // while-condition  =>  TRUE
[19:46:15.118]      // while "1"  (timeout="200")
[19:46:15.118]      // while-condition  =>  TRUE
[19:46:15.119]      // while "1"  (timeout="200")
[19:46:15.119]      // while-condition  =>  TRUE
[19:46:15.119]      // while "1"  (timeout="200")
[19:46:15.119]      // while-condition  =>  TRUE
[19:46:15.119]      // while "1"  (timeout="200")
[19:46:15.119]      // while-condition  =>  TRUE
[19:46:15.119]      // while "1"  (timeout="200")
[19:46:15.119]      // while-condition  =>  TRUE
[19:46:15.119]      // while "1"  (timeout="200")
[19:46:15.119]      // while-condition  =>  TRUE
[19:46:15.119]      // while "1"  (timeout="200")
[19:46:15.119]      // while-condition  =>  TRUE
[19:46:15.119]      // while "1"  (timeout="200")
[19:46:15.119]      // while-condition  =>  TRUE
[19:46:15.119]      // while "1"  (timeout="200")
[19:46:15.119]      // while-condition  =>  TRUE
[19:46:15.119]      // while "1"  (timeout="200")
[19:46:15.119]      // while-condition  =>  TRUE
[19:46:15.119]      // while "1"  (timeout="200")
[19:46:15.119]      // while-condition  =>  TRUE
[19:46:15.119]      // while "1"  (timeout="200")
[19:46:15.119]      // while-condition  =>  TRUE
[19:46:15.119]      // while "1"  (timeout="200")
[19:46:15.119]      // while-condition  =>  TRUE
[19:46:15.119]      // while "1"  (timeout="200")
[19:46:15.119]      // while-condition  =>  TRUE
[19:46:15.120]      // while "1"  (timeout="200")
[19:46:15.120]      // while-condition  =>  TRUE
[19:46:15.120]      // while "1"  (timeout="200")
[19:46:15.120]      // while-condition  =>  TRUE
[19:46:15.120]      // while "1"  (timeout="200")
[19:46:15.120]      // while-condition  =>  TRUE
[19:46:15.120]      // while "1"  (timeout="200")
[19:46:15.120]      // while-condition  =>  TRUE
[19:46:15.120]      // while "1"  (timeout="200")
[19:46:15.120]      // while-condition  =>  TRUE
[19:46:15.120]      // while "1"  (timeout="200")
[19:46:15.120]      // while-condition  =>  TRUE
[19:46:15.120]      // while "1"  (timeout="200")
[19:46:15.120]      // while-condition  =>  TRUE
[19:46:15.120]      // while "1"  (timeout="200")
[19:46:15.120]      // while-condition  =>  TRUE
[19:46:15.120]      // while "1"  (timeout="200")
[19:46:15.120]      // while-condition  =>  TRUE
[19:46:15.120]      // while "1"  (timeout="200")
[19:46:15.120]      // while-condition  =>  TRUE
[19:46:15.120]      // while "1"  (timeout="200")
[19:46:15.120]      // while-condition  =>  TRUE
[19:46:15.120]      // while "1"  (timeout="200")
[19:46:15.120]      // while-condition  =>  TRUE
[19:46:15.120]      // while "1"  (timeout="200")
[19:46:15.121]      // while-condition  =>  TRUE
[19:46:15.121]      // while "1"  (timeout="200")
[19:46:15.121]      // while  =>  TIMEOUT
[19:46:15.121]      // end while "1"
[19:46:15.121]    </control>
[19:46:15.121]    <control if="canReadPins" while="" timeout="0" info="">
[19:46:15.121]      // if-block "canReadPins"
[19:46:15.121]        // =>  TRUE
[19:46:15.121]      <control if="" while="(DAP_SWJ_Pins(nReset, nReset, 0) & nReset) == 0" timeout="1000000" info="">
[19:46:15.121]        // while "(DAP_SWJ_Pins(nReset, nReset, 0) & nReset) == 0"  (timeout="1000000")
[19:46:15.123]          // -> [DAP_SWJ_Pins(0x80, 0x80, 0) => 0x8F]   (Out: nRESET=1  =>  In: SWCLK/TCK=1, SWDIO/TMS=1, TDI=1, TDO=1, nTRST=0, nRESET=1)
[19:46:15.124]        // while-condition  =>  FALSE
[19:46:15.124]        // end while "(DAP_SWJ_Pins(nReset, nReset, 0) & nReset) == 0"
[19:46:15.124]      </control>
[19:46:15.124]      // end if-block "canReadPins"
[19:46:15.124]    </control>
[19:46:15.124]    <control if="!canReadPins" while="" timeout="0" info="">
[19:46:15.124]      // if-block "!canReadPins"
[19:46:15.124]        // =>  FALSE
[19:46:15.124]      // skip if-block "!canReadPins"
[19:46:15.124]    </control>
[19:46:15.124]    <control if="(ACCESS_POINT_VAL & 0x00E00000) == 0" while="" timeout="0" info="">
[19:46:15.124]      // if-block "(ACCESS_POINT_VAL & 0x00E00000) == 0"
[19:46:15.124]        // =>  TRUE
[19:46:15.124]      <block atomic="false" info="">
[19:46:15.124]        WriteAP(0x00, 0x190008);
[19:46:15.126]          // -> [WriteAP(0x00000000, 0x00190008)]   (__dp=0x00000000, __ap=0x00000004)
[19:46:15.126]        WriteAP(0xF0, 0x01);
[19:46:15.131]          // -> [WriteAP(0x000000F0, 0x00000001)]   (__dp=0x00000000, __ap=0x00000004)
[19:46:15.131]      </block>
[19:46:15.131]      // end if-block "(ACCESS_POINT_VAL & 0x00E00000) == 0"
[19:46:15.131]    </control>
[19:46:15.131]    <control if="(ACCESS_POINT_VAL & 0x00E00000) != 0" while="" timeout="0" info="">
[19:46:15.131]      // if-block "(ACCESS_POINT_VAL & 0x00E00000) != 0"
[19:46:15.131]        // =>  FALSE
[19:46:15.131]      // skip if-block "(ACCESS_POINT_VAL & 0x00E00000) != 0"
[19:46:15.131]    </control>
[19:46:15.131]    <block atomic="false" info="">
[19:46:15.131]      ACCESS_POINT_VAL = ReadAP(0x00);//Reading current state of access point
[19:46:15.136]        // -> [ReadAP(0x00000000) => 0x0079002F]   (__dp=0x00000000, __ap=0x00000004)
[19:46:15.136]        // -> [ACCESS_POINT_VAL <= 0x0079002F]
[19:46:15.136]      Message(0, "Current state of access point is: %x",ACCESS_POINT_VAL);
[19:46:15.137]      __ap = 0; //lets make sure we reset the access point selection
[19:46:15.137]        // -> [__ap <= 0x00000000]
[19:46:15.137]    </block>
[19:46:15.137]  </sequence>
[19:46:15.137]  
[19:46:15.157]  **********  Sequence "DebugDeviceUnlock"  (Context="Connect", Pname="", info="")
[19:46:15.157]  
[19:46:15.157]  <debugvars>
[19:46:15.157]    // Pre-defined
[19:46:15.157]    __protocol=0x00010002      (Protocol="SWD", SWJ-DP="True")
[19:46:15.157]    __connection=0x00000202    (Connection Type="Flash", Reset Type="System Reset")
[19:46:15.157]    __dp=0x00000000
[19:46:15.157]    __ap=0x00000000
[19:46:15.157]    __traceout=0x00000000      (Trace Disabled)
[19:46:15.157]    __errorcontrol=0x00000000  (Skip Errors="False")
[19:46:15.158]    __FlashAddr=0x00000000
[19:46:15.158]    __FlashLen=0x00000000
[19:46:15.158]    __FlashArg=0x00000000
[19:46:15.158]    __FlashOp=0x00000000
[19:46:15.158]    __Result=0x00000000
[19:46:15.158]  </debugvars>
[19:46:15.158]  
[19:46:15.158]  <sequence name="DebugDeviceUnlock" Pname="" disable="false" info="">
[19:46:15.158]    <block atomic="false" info="">
[19:46:15.158]      __var deviceID = 0;
[19:46:15.158]        // -> [deviceID <= 0x00000000]
[19:46:15.158]      __var version = 0;
[19:46:15.158]        // -> [version <= 0x00000000]
[19:46:15.158]      __var partNum = 0;
[19:46:15.158]        // -> [partNum <= 0x00000000]
[19:46:15.158]      __var manuf = 0;
[19:46:15.158]        // -> [manuf <= 0x00000000]
[19:46:15.158]      __var isMSPM0G1X0X_G3X0X = 0;
[19:46:15.158]        // -> [isMSPM0G1X0X_G3X0X <= 0x00000000]
[19:46:15.158]      __var isProduction = 0;
[19:46:15.158]        // -> [isProduction <= 0x00000000]
[19:46:15.159]      __var continueId = 0;
[19:46:15.159]        // -> [continueId <= 0x00000000]
[19:46:15.159]      deviceID =   Read32(0x41C40004);
[19:46:15.165]        // -> [Read32(0x41C40004) => 0x2BB8802F]   (__dp=0x00000000, __ap=0x00000000)
[19:46:15.165]        // -> [deviceID <= 0x2BB8802F]
[19:46:15.165]      version = deviceID >> 28;
[19:46:15.165]        // -> [version <= 0x00000002]
[19:46:15.165]      partNum = (deviceID & 0x0FFFF000) >> 12;
[19:46:15.165]        // -> [partNum <= 0x0000BB88]
[19:46:15.165]      manuf = (deviceID & 0x00000FFE) >> 1;
[19:46:15.165]        // -> [manuf <= 0x00000017]
[19:46:15.165]      isMSPM0G1X0X_G3X0X = (partNum == 0xBB88) && (manuf == 0x17);
[19:46:15.165]        // -> [isMSPM0G1X0X_G3X0X <= 0x00000001]
[19:46:15.165]      isProduction = (version > 0);
[19:46:15.165]        // -> [isProduction <= 0x00000001]
[19:46:15.165]    </block>
[19:46:15.165]    <control if="!isMSPM0G1X0X_G3X0X" while="" timeout="0" info="">
[19:46:15.165]      // if-block "!isMSPM0G1X0X_G3X0X"
[19:46:15.165]        // =>  FALSE
[19:46:15.165]      // skip if-block "!isMSPM0G1X0X_G3X0X"
[19:46:15.165]    </control>
[19:46:15.165]    <control if="continueId == 4" while="" timeout="0" info="">
[19:46:15.165]      // if-block "continueId == 4"
[19:46:15.165]        // =>  FALSE
[19:46:15.166]      // skip if-block "continueId == 4"
[19:46:15.166]    </control>
[19:46:15.166]    <control if="!isProduction" while="" timeout="0" info="">
[19:46:15.166]      // if-block "!isProduction"
[19:46:15.166]        // =>  FALSE
[19:46:15.166]      // skip if-block "!isProduction"
[19:46:15.166]    </control>
[19:46:15.166]  </sequence>
[19:46:15.166]  
[20:03:53.008]  **********  Sequence "DebugPortSetup"  (Context="Connect", Pname="", info="")
[20:03:53.008]  
[20:03:53.008]  <debugvars>
[20:03:53.008]    // Pre-defined
[20:03:53.008]    __protocol=0x00010002      (Protocol="SWD", SWJ-DP="True")
[20:03:53.008]    __connection=0x00000202    (Connection Type="Flash", Reset Type="System Reset")
[20:03:53.008]    __dp=0x00000000
[20:03:53.008]    __ap=0x00000000
[20:03:53.008]    __traceout=0x00000000      (Trace Disabled)
[20:03:53.008]    __errorcontrol=0x00000000  (Skip Errors="False")
[20:03:53.008]    __FlashAddr=0x00000000
[20:03:53.008]    __FlashLen=0x00000000
[20:03:53.008]    __FlashArg=0x00000000
[20:03:53.008]    __FlashOp=0x00000000
[20:03:53.008]    __Result=0x00000000
[20:03:53.008]  </debugvars>
[20:03:53.008]  
[20:03:53.008]  <sequence name="DebugPortSetup" Pname="" disable="false" info="">
[20:03:53.008]    <block atomic="false" info="">
[20:03:53.008]      __var isSWJ      = ((__protocol & 0x00010000) != 0);
[20:03:53.008]        // -> [isSWJ <= 0x00000001]
[20:03:53.008]      __var hasDormant = __protocol & 0x00020000;
[20:03:53.008]        // -> [hasDormant <= 0x00000000]
[20:03:53.008]      __var protType   = __protocol & 0x0000FFFF;
[20:03:53.008]        // -> [protType <= 0x00000002]
[20:03:53.008]    </block>
[20:03:53.008]    <control if="protType == 1" while="" timeout="0" info="">
[20:03:53.008]      // if-block "protType == 1"
[20:03:53.008]        // =>  FALSE
[20:03:53.008]      // skip if-block "protType == 1"
[20:03:53.008]    </control>
[20:03:53.008]    <control if="protType == 2" while="" timeout="0" info="">
[20:03:53.008]      // if-block "protType == 2"
[20:03:53.008]        // =>  TRUE
[20:03:53.008]      <control if="isSWJ" while="" timeout="0" info="">
[20:03:53.013]        // if-block "isSWJ"
[20:03:53.014]          // =>  TRUE
[20:03:53.014]        <control if="hasDormant" while="" timeout="0" info="">
[20:03:53.014]          // if-block "hasDormant"
[20:03:53.014]            // =>  FALSE
[20:03:53.014]          // skip if-block "hasDormant"
[20:03:53.014]        </control>
[20:03:53.014]        <control if="!hasDormant" while="" timeout="0" info="">
[20:03:53.014]          // if-block "!hasDormant"
[20:03:53.014]            // =>  TRUE
[20:03:53.014]          <block atomic="false" info="">
[20:03:53.014]            DAP_SWJ_Sequence(51, 0x0007FFFFFFFFFFFF); //lets put the JTAG line in a reset state
[20:03:53.014]              // -> [DAP_SWJ_Sequence(51, 0x0007FFFFFFFFFFFF)]
[20:03:53.014]            DAP_SWJ_Sequence(16,0xE73C); //SWD to JTAG, this is to ensure the state machine is initialized
[20:03:53.021]              // -> [DAP_SWJ_Sequence(16, 0x000000000000E73C)]
[20:03:53.021]            DAP_SWJ_Sequence(51, 0x0007FFFFFFFFFFFF); //Put it back in reset
[20:03:53.024]              // -> [DAP_SWJ_Sequence(51, 0x0007FFFFFFFFFFFF)]
[20:03:53.025]            DAP_SWJ_Sequence(16, 0xE79E); //JTAG to SWD switch
[20:03:53.026]              // -> [DAP_SWJ_Sequence(16, 0x000000000000E79E)]
[20:03:53.026]            DAP_SWJ_Sequence(51, 0x0007FFFFFFFFFFFF);  //Ensure the switch is successful 
[20:03:53.028]              // -> [DAP_SWJ_Sequence(51, 0x0007FFFFFFFFFFFF)]
[20:03:53.028]            DAP_SWJ_Sequence(7,  0x00); //Give the line some time to initialize
[20:03:53.030]              // -> [DAP_SWJ_Sequence(7, 0x0000000000000000)]
[20:03:53.030]          </block>
[20:03:53.030]          // end if-block "!hasDormant"
[20:03:53.030]        </control>
[20:03:53.030]        // end if-block "isSWJ"
[20:03:53.030]      </control>
[20:03:53.030]      <control if="!isSWJ" while="" timeout="0" info="">
[20:03:53.030]        // if-block "!isSWJ"
[20:03:53.030]          // =>  FALSE
[20:03:53.030]        // skip if-block "!isSWJ"
[20:03:53.030]      </control>
[20:03:53.030]      <block atomic="false" info="">
[20:03:53.031]        ReadDP(0x0);
[20:03:53.033]          // -> [ReadDP(0x00000000) => 0x6BA02477]   (__dp=0x00000000)
[20:03:53.033]      </block>
[20:03:53.033]      // end if-block "protType == 2"
[20:03:53.033]    </control>
[20:03:53.033]  </sequence>
[20:03:53.033]  
[20:03:53.037]  **********  Sequence "DebugPortStart"  (Context="Connect", Pname="", info="")
[20:03:53.037]  
[20:03:53.037]  <debugvars>
[20:03:53.037]    // Pre-defined
[20:03:53.037]    __protocol=0x00010002      (Protocol="SWD", SWJ-DP="True")
[20:03:53.037]    __connection=0x00000202    (Connection Type="Flash", Reset Type="System Reset")
[20:03:53.038]    __dp=0x00000000
[20:03:53.038]    __ap=0x00000000
[20:03:53.038]    __traceout=0x00000000      (Trace Disabled)
[20:03:53.038]    __errorcontrol=0x00000000  (Skip Errors="False")
[20:03:53.038]    __FlashAddr=0x00000000
[20:03:53.038]    __FlashLen=0x00000000
[20:03:53.038]    __FlashArg=0x00000000
[20:03:53.038]    __FlashOp=0x00000000
[20:03:53.039]    __Result=0x00000000
[20:03:53.039]  </debugvars>
[20:03:53.039]  
[20:03:53.039]  <sequence name="DebugPortStart" Pname="" disable="false" info="">
[20:03:53.039]    <block atomic="false" info="">
[20:03:53.039]      __var SW_DP_ABORT       = 0x0;
[20:03:53.039]        // -> [SW_DP_ABORT <= 0x00000000]
[20:03:53.040]      __var DP_CTRL_STAT      = 0x4;
[20:03:53.040]        // -> [DP_CTRL_STAT <= 0x00000004]
[20:03:53.040]      __var DP_SELECT         = 0x8;
[20:03:53.040]        // -> [DP_SELECT <= 0x00000008]
[20:03:53.040]      __var powered_down      = 0;
[20:03:53.040]        // -> [powered_down <= 0x00000000]
[20:03:53.040]      WriteDP(DP_SELECT, 0x00000000);
[20:03:53.043]        // -> [WriteDP(0x00000008, 0x00000000)]   (__dp=0x00000000)
[20:03:53.043]      powered_down = ((ReadDP(DP_CTRL_STAT) & 0xA0000000) != 0xA0000000);
[20:03:53.046]        // -> [ReadDP(0x00000004) => 0x00000040]   (__dp=0x00000000)
[20:03:53.046]        // -> [powered_down <= 0x00000001]
[20:03:53.046]    </block>
[20:03:53.046]    <control if="powered_down" while="" timeout="0" info="">
[20:03:53.046]      // if-block "powered_down"
[20:03:53.047]        // =>  TRUE
[20:03:53.047]      <block atomic="false" info="">
[20:03:53.047]        Message(0, "Debug/System power-up request sent");
[20:03:53.048]        WriteDP(DP_CTRL_STAT, 0x50000000);
[20:03:53.051]          // -> [WriteDP(0x00000004, 0x50000000)]   (__dp=0x00000000)
[20:03:53.051]      </block>
[20:03:53.051]      <control if="" while="(ReadDP(DP_CTRL_STAT) & 0xA0000000) != 0xA0000000" timeout="1000000" info="">
[20:03:53.051]        // while "(ReadDP(DP_CTRL_STAT) & 0xA0000000) != 0xA0000000"  (timeout="1000000")
[20:03:53.051]          // -> [ReadDP(0x00000004) => 0xF0000040]   (__dp=0x00000000)
[20:03:53.051]        // while-condition  =>  FALSE
[20:03:53.051]        // end while "(ReadDP(DP_CTRL_STAT) & 0xA0000000) != 0xA0000000"
[20:03:53.051]      </control>
[20:03:53.051]      <control if="(__protocol & 0xFFFF) == 1" while="" timeout="0" info="">
[20:03:53.051]        // if-block "(__protocol & 0xFFFF) == 1"
[20:03:53.051]          // =>  FALSE
[20:03:53.051]        // skip if-block "(__protocol & 0xFFFF) == 1"
[20:03:53.051]      </control>
[20:03:53.051]      <control if="(__protocol & 0xFFFF) == 2" while="" timeout="0" info="">
[20:03:53.051]        // if-block "(__protocol & 0xFFFF) == 2"
[20:03:53.051]          // =>  TRUE
[20:03:53.051]        <block atomic="false" info="">
[20:03:53.051]          Message(0, "executing SWD power up");
[20:03:53.051]          WriteDP(DP_CTRL_STAT, 0x50000F00);
[20:03:53.056]            // -> [WriteDP(0x00000004, 0x50000F00)]   (__dp=0x00000000)
[20:03:53.056]          WriteDP(SW_DP_ABORT, 0x0000001E);
[20:03:53.062]            // -> [WriteDP(0x00000000, 0x0000001E)]   (__dp=0x00000000)
[20:03:53.062]        </block>
[20:03:53.062]        // end if-block "(__protocol & 0xFFFF) == 2"
[20:03:53.062]      </control>
[20:03:53.062]      // end if-block "powered_down"
[20:03:53.062]    </control>
[20:03:53.062]    <block atomic="false" info="">
[20:03:53.062]      __var DEBUG_PORT_VAL    = 0;
[20:03:53.062]        // -> [DEBUG_PORT_VAL <= 0x00000000]
[20:03:53.062]      __var ACCESS_POINT_VAL  = 0;
[20:03:53.062]        // -> [ACCESS_POINT_VAL <= 0x00000000]
[20:03:53.062]      __ap = 1; 
[20:03:53.062]        // -> [__ap <= 0x00000001]
[20:03:53.062]      WriteAP(0x0C, 0x04); //lets use the mini pwr-ap as backup
[20:03:53.067]        // -> [WriteAP(0x0000000C, 0x00000004)]   (__dp=0x00000000, __ap=0x00000001)
[20:03:53.067]      __ap = 4;
[20:03:53.067]        // -> [__ap <= 0x00000004]
[20:03:53.067]      ACCESS_POINT_VAL = ReadAP(0x00);//Reading current state of access point
[20:03:53.072]        // -> [ReadAP(0x00000000) => 0x00080027]   (__dp=0x00000000, __ap=0x00000004)
[20:03:53.072]        // -> [ACCESS_POINT_VAL <= 0x00080027]
[20:03:53.072]      Message(0, "Current state of access point is: %x",ACCESS_POINT_VAL);
[20:03:53.072]    </block>
[20:03:53.072]    <block atomic="false" info="">
[20:03:53.072]      __var nReset = 0x80;
[20:03:53.072]        // -> [nReset <= 0x00000080]
[20:03:53.072]      __var canReadPins = 0;
[20:03:53.072]        // -> [canReadPins <= 0x00000000]
[20:03:53.072]      canReadPins = (DAP_SWJ_Pins(0x00, nReset, 0) != 0xFFFFFFFF);
[20:03:53.072]        // -> [DAP_SWJ_Pins(0x00, 0x80, 0) => 0x0F]   (Out: nRESET=0  =>  In: SWCLK/TCK=1, SWDIO/TMS=1, TDI=1, TDO=1, nTRST=0, nRESET=0)
[20:03:53.072]        // -> [canReadPins <= 0x00000001]
[20:03:53.072]    </block>
[20:03:53.072]    <control if="" while="1" timeout="200" info="">
[20:03:53.078]      // while "1"  (timeout="200")
[20:03:53.078]      // while-condition  =>  TRUE
[20:03:53.078]      // while "1"  (timeout="200")
[20:03:53.078]      // while-condition  =>  TRUE
[20:03:53.078]      // while "1"  (timeout="200")
[20:03:53.078]      // while-condition  =>  TRUE
[20:03:53.078]      // while "1"  (timeout="200")
[20:03:53.078]      // while-condition  =>  TRUE
[20:03:53.078]      // while "1"  (timeout="200")
[20:03:53.078]      // while-condition  =>  TRUE
[20:03:53.078]      // while "1"  (timeout="200")
[20:03:53.078]      // while-condition  =>  TRUE
[20:03:53.078]      // while "1"  (timeout="200")
[20:03:53.078]      // while-condition  =>  TRUE
[20:03:53.078]      // while "1"  (timeout="200")
[20:03:53.078]      // while-condition  =>  TRUE
[20:03:53.078]      // while "1"  (timeout="200")
[20:03:53.078]      // while-condition  =>  TRUE
[20:03:53.078]      // while "1"  (timeout="200")
[20:03:53.078]      // while-condition  =>  TRUE
[20:03:53.078]      // while "1"  (timeout="200")
[20:03:53.078]      // while-condition  =>  TRUE
[20:03:53.078]      // while "1"  (timeout="200")
[20:03:53.078]      // while-condition  =>  TRUE
[20:03:53.078]      // while "1"  (timeout="200")
[20:03:53.078]      // while-condition  =>  TRUE
[20:03:53.078]      // while "1"  (timeout="200")
[20:03:53.078]      // while-condition  =>  TRUE
[20:03:53.078]      // while "1"  (timeout="200")
[20:03:53.078]      // while-condition  =>  TRUE
[20:03:53.078]      // while "1"  (timeout="200")
[20:03:53.078]      // while-condition  =>  TRUE
[20:03:53.078]      // while "1"  (timeout="200")
[20:03:53.078]      // while-condition  =>  TRUE
[20:03:53.078]      // while "1"  (timeout="200")
[20:03:53.078]      // while-condition  =>  TRUE
[20:03:53.078]      // while "1"  (timeout="200")
[20:03:53.078]      // while-condition  =>  TRUE
[20:03:53.078]      // while "1"  (timeout="200")
[20:03:53.078]      // while-condition  =>  TRUE
[20:03:53.078]      // while "1"  (timeout="200")
[20:03:53.078]      // while-condition  =>  TRUE
[20:03:53.078]      // while "1"  (timeout="200")
[20:03:53.078]      // while-condition  =>  TRUE
[20:03:53.078]      // while "1"  (timeout="200")
[20:03:53.078]      // while-condition  =>  TRUE
[20:03:53.078]      // while "1"  (timeout="200")
[20:03:53.078]      // while-condition  =>  TRUE
[20:03:53.078]      // while "1"  (timeout="200")
[20:03:53.078]      // while-condition  =>  TRUE
[20:03:53.078]      // while "1"  (timeout="200")
[20:03:53.078]      // while-condition  =>  TRUE
[20:03:53.078]      // while "1"  (timeout="200")
[20:03:53.078]      // while-condition  =>  TRUE
[20:03:53.078]      // while "1"  (timeout="200")
[20:03:53.078]      // while-condition  =>  TRUE
[20:03:53.078]      // while "1"  (timeout="200")
[20:03:53.078]      // while-condition  =>  TRUE
[20:03:53.078]      // while "1"  (timeout="200")
[20:03:53.078]      // while-condition  =>  TRUE
[20:03:53.078]      // while "1"  (timeout="200")
[20:03:53.078]      // while-condition  =>  TRUE
[20:03:53.078]      // while "1"  (timeout="200")
[20:03:53.078]      // while-condition  =>  TRUE
[20:03:53.078]      // while "1"  (timeout="200")
[20:03:53.078]      // while-condition  =>  TRUE
[20:03:53.078]      // while "1"  (timeout="200")
[20:03:53.078]      // while-condition  =>  TRUE
[20:03:53.078]      // while "1"  (timeout="200")
[20:03:53.078]      // while-condition  =>  TRUE
[20:03:53.078]      // while "1"  (timeout="200")
[20:03:53.078]      // while-condition  =>  TRUE
[20:03:53.078]      // while "1"  (timeout="200")
[20:03:53.078]      // while-condition  =>  TRUE
[20:03:53.078]      // while "1"  (timeout="200")
[20:03:53.078]      // while-condition  =>  TRUE
[20:03:53.078]      // while "1"  (timeout="200")
[20:03:53.078]      // while-condition  =>  TRUE
[20:03:53.078]      // while "1"  (timeout="200")
[20:03:53.078]      // while-condition  =>  TRUE
[20:03:53.078]      // while "1"  (timeout="200")
[20:03:53.078]      // while-condition  =>  TRUE
[20:03:53.083]      // while "1"  (timeout="200")
[20:03:53.083]      // while-condition  =>  TRUE
[20:03:53.083]      // while "1"  (timeout="200")
[20:03:53.083]      // while-condition  =>  TRUE
[20:03:53.083]      // while "1"  (timeout="200")
[20:03:53.083]      // while-condition  =>  TRUE
[20:03:53.083]      // while "1"  (timeout="200")
[20:03:53.083]      // while-condition  =>  TRUE
[20:03:53.083]      // while "1"  (timeout="200")
[20:03:53.083]      // while-condition  =>  TRUE
[20:03:53.083]      // while "1"  (timeout="200")
[20:03:53.083]      // while-condition  =>  TRUE
[20:03:53.083]      // while "1"  (timeout="200")
[20:03:53.083]      // while-condition  =>  TRUE
[20:03:53.083]      // while "1"  (timeout="200")
[20:03:53.083]      // while-condition  =>  TRUE
[20:03:53.083]      // while "1"  (timeout="200")
[20:03:53.083]      // while-condition  =>  TRUE
[20:03:53.083]      // while "1"  (timeout="200")
[20:03:53.083]      // while-condition  =>  TRUE
[20:03:53.083]      // while "1"  (timeout="200")
[20:03:53.083]      // while-condition  =>  TRUE
[20:03:53.083]      // while "1"  (timeout="200")
[20:03:53.083]      // while-condition  =>  TRUE
[20:03:53.083]      // while "1"  (timeout="200")
[20:03:53.083]      // while-condition  =>  TRUE
[20:03:53.083]      // while "1"  (timeout="200")
[20:03:53.083]      // while-condition  =>  TRUE
[20:03:53.083]      // while "1"  (timeout="200")
[20:03:53.083]      // while-condition  =>  TRUE
[20:03:53.083]      // while "1"  (timeout="200")
[20:03:53.083]      // while-condition  =>  TRUE
[20:03:53.083]      // while "1"  (timeout="200")
[20:03:53.083]      // while-condition  =>  TRUE
[20:03:53.083]      // while "1"  (timeout="200")
[20:03:53.083]      // while-condition  =>  TRUE
[20:03:53.083]      // while "1"  (timeout="200")
[20:03:53.083]      // while-condition  =>  TRUE
[20:03:53.083]      // while "1"  (timeout="200")
[20:03:53.083]      // while-condition  =>  TRUE
[20:03:53.083]      // while "1"  (timeout="200")
[20:03:53.083]      // while-condition  =>  TRUE
[20:03:53.083]      // while "1"  (timeout="200")
[20:03:53.083]      // while-condition  =>  TRUE
[20:03:53.083]      // while "1"  (timeout="200")
[20:03:53.083]      // while-condition  =>  TRUE
[20:03:53.083]      // while "1"  (timeout="200")
[20:03:53.083]      // while-condition  =>  TRUE
[20:03:53.083]      // while "1"  (timeout="200")
[20:03:53.083]      // while-condition  =>  TRUE
[20:03:53.083]      // while "1"  (timeout="200")
[20:03:53.083]      // while-condition  =>  TRUE
[20:03:53.083]      // while "1"  (timeout="200")
[20:03:53.083]      // while-condition  =>  TRUE
[20:03:53.083]      // while "1"  (timeout="200")
[20:03:53.083]      // while-condition  =>  TRUE
[20:03:53.083]      // while "1"  (timeout="200")
[20:03:53.083]      // while-condition  =>  TRUE
[20:03:53.083]      // while "1"  (timeout="200")
[20:03:53.083]      // while-condition  =>  TRUE
[20:03:53.083]      // while "1"  (timeout="200")
[20:03:53.083]      // while-condition  =>  TRUE
[20:03:53.083]      // while "1"  (timeout="200")
[20:03:53.083]      // while-condition  =>  TRUE
[20:03:53.083]      // while "1"  (timeout="200")
[20:03:53.083]      // while-condition  =>  TRUE
[20:03:53.083]      // while "1"  (timeout="200")
[20:03:53.083]      // while-condition  =>  TRUE
[20:03:53.083]      // while "1"  (timeout="200")
[20:03:53.083]      // while-condition  =>  TRUE
[20:03:53.083]      // while "1"  (timeout="200")
[20:03:53.083]      // while-condition  =>  TRUE
[20:03:53.083]      // while "1"  (timeout="200")
[20:03:53.083]      // while-condition  =>  TRUE
[20:03:53.083]      // while "1"  (timeout="200")
[20:03:53.083]      // while-condition  =>  TRUE
[20:03:53.088]      // while "1"  (timeout="200")
[20:03:53.088]      // while-condition  =>  TRUE
[20:03:53.088]      // while "1"  (timeout="200")
[20:03:53.088]      // while-condition  =>  TRUE
[20:03:53.088]      // while "1"  (timeout="200")
[20:03:53.088]      // while-condition  =>  TRUE
[20:03:53.088]      // while "1"  (timeout="200")
[20:03:53.088]      // while-condition  =>  TRUE
[20:03:53.088]      // while "1"  (timeout="200")
[20:03:53.088]      // while-condition  =>  TRUE
[20:03:53.088]      // while "1"  (timeout="200")
[20:03:53.088]      // while-condition  =>  TRUE
[20:03:53.088]      // while "1"  (timeout="200")
[20:03:53.088]      // while-condition  =>  TRUE
[20:03:53.088]      // while "1"  (timeout="200")
[20:03:53.088]      // while-condition  =>  TRUE
[20:03:53.088]      // while "1"  (timeout="200")
[20:03:53.088]      // while-condition  =>  TRUE
[20:03:53.088]      // while "1"  (timeout="200")
[20:03:53.088]      // while-condition  =>  TRUE
[20:03:53.088]      // while "1"  (timeout="200")
[20:03:53.088]      // while-condition  =>  TRUE
[20:03:53.088]      // while "1"  (timeout="200")
[20:03:53.088]      // while-condition  =>  TRUE
[20:03:53.088]      // while "1"  (timeout="200")
[20:03:53.091]      // while-condition  =>  TRUE
[20:03:53.091]      // while "1"  (timeout="200")
[20:03:53.091]      // while  =>  TIMEOUT
[20:03:53.091]      // end while "1"
[20:03:53.091]    </control>
[20:03:53.091]    <control if="canReadPins" while="" timeout="0" info="">
[20:03:53.091]      // if-block "canReadPins"
[20:03:53.091]        // =>  TRUE
[20:03:53.091]      <control if="" while="(DAP_SWJ_Pins(nReset, nReset, 0) & nReset) == 0" timeout="1000000" info="">
[20:03:53.091]        // while "(DAP_SWJ_Pins(nReset, nReset, 0) & nReset) == 0"  (timeout="1000000")
[20:03:53.093]          // -> [DAP_SWJ_Pins(0x80, 0x80, 0) => 0x8F]   (Out: nRESET=1  =>  In: SWCLK/TCK=1, SWDIO/TMS=1, TDI=1, TDO=1, nTRST=0, nRESET=1)
[20:03:53.093]        // while-condition  =>  FALSE
[20:03:53.093]        // end while "(DAP_SWJ_Pins(nReset, nReset, 0) & nReset) == 0"
[20:03:53.093]      </control>
[20:03:53.093]      // end if-block "canReadPins"
[20:03:53.093]    </control>
[20:03:53.093]    <control if="!canReadPins" while="" timeout="0" info="">
[20:03:53.093]      // if-block "!canReadPins"
[20:03:53.093]        // =>  FALSE
[20:03:53.093]      // skip if-block "!canReadPins"
[20:03:53.094]    </control>
[20:03:53.094]    <control if="(ACCESS_POINT_VAL & 0x00E00000) == 0" while="" timeout="0" info="">
[20:03:53.094]      // if-block "(ACCESS_POINT_VAL & 0x00E00000) == 0"
[20:03:53.094]        // =>  TRUE
[20:03:53.094]      <block atomic="false" info="">
[20:03:53.094]        WriteAP(0x00, 0x190008);
[20:03:53.096]          // -> [WriteAP(0x00000000, 0x00190008)]   (__dp=0x00000000, __ap=0x00000004)
[20:03:53.096]        WriteAP(0xF0, 0x01);
[20:03:53.101]          // -> [WriteAP(0x000000F0, 0x00000001)]   (__dp=0x00000000, __ap=0x00000004)
[20:03:53.101]      </block>
[20:03:53.101]      // end if-block "(ACCESS_POINT_VAL & 0x00E00000) == 0"
[20:03:53.101]    </control>
[20:03:53.101]    <control if="(ACCESS_POINT_VAL & 0x00E00000) != 0" while="" timeout="0" info="">
[20:03:53.102]      // if-block "(ACCESS_POINT_VAL & 0x00E00000) != 0"
[20:03:53.102]        // =>  FALSE
[20:03:53.102]      // skip if-block "(ACCESS_POINT_VAL & 0x00E00000) != 0"
[20:03:53.102]    </control>
[20:03:53.102]    <block atomic="false" info="">
[20:03:53.102]      ACCESS_POINT_VAL = ReadAP(0x00);//Reading current state of access point
[20:03:53.106]        // -> [ReadAP(0x00000000) => 0x0079002F]   (__dp=0x00000000, __ap=0x00000004)
[20:03:53.106]        // -> [ACCESS_POINT_VAL <= 0x0079002F]
[20:03:53.106]      Message(0, "Current state of access point is: %x",ACCESS_POINT_VAL);
[20:03:53.107]      __ap = 0; //lets make sure we reset the access point selection
[20:03:53.107]        // -> [__ap <= 0x00000000]
[20:03:53.107]    </block>
[20:03:53.107]  </sequence>
[20:03:53.107]  
[20:03:53.131]  **********  Sequence "DebugDeviceUnlock"  (Context="Connect", Pname="", info="")
[20:03:53.131]  
[20:03:53.131]  <debugvars>
[20:03:53.131]    // Pre-defined
[20:03:53.131]    __protocol=0x00010002      (Protocol="SWD", SWJ-DP="True")
[20:03:53.131]    __connection=0x00000202    (Connection Type="Flash", Reset Type="System Reset")
[20:03:53.131]    __dp=0x00000000
[20:03:53.131]    __ap=0x00000000
[20:03:53.131]    __traceout=0x00000000      (Trace Disabled)
[20:03:53.131]    __errorcontrol=0x00000000  (Skip Errors="False")
[20:03:53.131]    __FlashAddr=0x00000000
[20:03:53.131]    __FlashLen=0x00000000
[20:03:53.131]    __FlashArg=0x00000000
[20:03:53.131]    __FlashOp=0x00000000
[20:03:53.131]    __Result=0x00000000
[20:03:53.131]  </debugvars>
[20:03:53.131]  
[20:03:53.137]  <sequence name="DebugDeviceUnlock" Pname="" disable="false" info="">
[20:03:53.137]    <block atomic="false" info="">
[20:03:53.137]      __var deviceID = 0;
[20:03:53.137]        // -> [deviceID <= 0x00000000]
[20:03:53.137]      __var version = 0;
[20:03:53.137]        // -> [version <= 0x00000000]
[20:03:53.137]      __var partNum = 0;
[20:03:53.137]        // -> [partNum <= 0x00000000]
[20:03:53.137]      __var manuf = 0;
[20:03:53.137]        // -> [manuf <= 0x00000000]
[20:03:53.137]      __var isMSPM0G1X0X_G3X0X = 0;
[20:03:53.137]        // -> [isMSPM0G1X0X_G3X0X <= 0x00000000]
[20:03:53.137]      __var isProduction = 0;
[20:03:53.137]        // -> [isProduction <= 0x00000000]
[20:03:53.137]      __var continueId = 0;
[20:03:53.137]        // -> [continueId <= 0x00000000]
[20:03:53.137]      deviceID =   Read32(0x41C40004);
[20:03:53.141]        // -> [Read32(0x41C40004) => 0x2BB8802F]   (__dp=0x00000000, __ap=0x00000000)
[20:03:53.141]        // -> [deviceID <= 0x2BB8802F]
[20:03:53.141]      version = deviceID >> 28;
[20:03:53.141]        // -> [version <= 0x00000002]
[20:03:53.141]      partNum = (deviceID & 0x0FFFF000) >> 12;
[20:03:53.141]        // -> [partNum <= 0x0000BB88]
[20:03:53.141]      manuf = (deviceID & 0x00000FFE) >> 1;
[20:03:53.141]        // -> [manuf <= 0x00000017]
[20:03:53.141]      isMSPM0G1X0X_G3X0X = (partNum == 0xBB88) && (manuf == 0x17);
[20:03:53.141]        // -> [isMSPM0G1X0X_G3X0X <= 0x00000001]
[20:03:53.141]      isProduction = (version > 0);
[20:03:53.141]        // -> [isProduction <= 0x00000001]
[20:03:53.141]    </block>
[20:03:53.141]    <control if="!isMSPM0G1X0X_G3X0X" while="" timeout="0" info="">
[20:03:53.141]      // if-block "!isMSPM0G1X0X_G3X0X"
[20:03:53.141]        // =>  FALSE
[20:03:53.141]      // skip if-block "!isMSPM0G1X0X_G3X0X"
[20:03:53.141]    </control>
[20:03:53.141]    <control if="continueId == 4" while="" timeout="0" info="">
[20:03:53.141]      // if-block "continueId == 4"
[20:03:53.141]        // =>  FALSE
[20:03:53.141]      // skip if-block "continueId == 4"
[20:03:53.141]    </control>
[20:03:53.141]    <control if="!isProduction" while="" timeout="0" info="">
[20:03:53.141]      // if-block "!isProduction"
[20:03:53.141]        // =>  FALSE
[20:03:53.141]      // skip if-block "!isProduction"
[20:03:53.141]    </control>
[20:03:53.141]  </sequence>
[20:03:53.141]  
[20:31:48.005]  **********  Sequence "DebugPortSetup"  (Context="Connect", Pname="", info="")
[20:31:48.005]  
[20:31:48.010]  <debugvars>
[20:31:48.010]    // Pre-defined
[20:31:48.010]    __protocol=0x00010002      (Protocol="SWD", SWJ-DP="True")
[20:31:48.010]    __connection=0x00000202    (Connection Type="Flash", Reset Type="System Reset")
[20:31:48.010]    __dp=0x00000000
[20:31:48.010]    __ap=0x00000000
[20:31:48.010]    __traceout=0x00000000      (Trace Disabled)
[20:31:48.010]    __errorcontrol=0x00000000  (Skip Errors="False")
[20:31:48.010]    __FlashAddr=0x00000000
[20:31:48.010]    __FlashLen=0x00000000
[20:31:48.010]    __FlashArg=0x00000000
[20:31:48.010]    __FlashOp=0x00000000
[20:31:48.010]    __Result=0x00000000
[20:31:48.010]  </debugvars>
[20:31:48.010]  
[20:31:48.010]  <sequence name="DebugPortSetup" Pname="" disable="false" info="">
[20:31:48.010]    <block atomic="false" info="">
[20:31:48.010]      __var isSWJ      = ((__protocol & 0x00010000) != 0);
[20:31:48.010]        // -> [isSWJ <= 0x00000001]
[20:31:48.010]      __var hasDormant = __protocol & 0x00020000;
[20:31:48.010]        // -> [hasDormant <= 0x00000000]
[20:31:48.010]      __var protType   = __protocol & 0x0000FFFF;
[20:31:48.010]        // -> [protType <= 0x00000002]
[20:31:48.010]    </block>
[20:31:48.010]    <control if="protType == 1" while="" timeout="0" info="">
[20:31:48.010]      // if-block "protType == 1"
[20:31:48.010]        // =>  FALSE
[20:31:48.010]      // skip if-block "protType == 1"
[20:31:48.010]    </control>
[20:31:48.010]    <control if="protType == 2" while="" timeout="0" info="">
[20:31:48.010]      // if-block "protType == 2"
[20:31:48.010]        // =>  TRUE
[20:31:48.010]      <control if="isSWJ" while="" timeout="0" info="">
[20:31:48.010]        // if-block "isSWJ"
[20:31:48.010]          // =>  TRUE
[20:31:48.010]        <control if="hasDormant" while="" timeout="0" info="">
[20:31:48.010]          // if-block "hasDormant"
[20:31:48.010]            // =>  FALSE
[20:31:48.010]          // skip if-block "hasDormant"
[20:31:48.010]        </control>
[20:31:48.010]        <control if="!hasDormant" while="" timeout="0" info="">
[20:31:48.010]          // if-block "!hasDormant"
[20:31:48.010]            // =>  TRUE
[20:31:48.010]          <block atomic="false" info="">
[20:31:48.010]            DAP_SWJ_Sequence(51, 0x0007FFFFFFFFFFFF); //lets put the JTAG line in a reset state
[20:31:48.015]              // -> [DAP_SWJ_Sequence(51, 0x0007FFFFFFFFFFFF)]
[20:31:48.015]            DAP_SWJ_Sequence(16,0xE73C); //SWD to JTAG, this is to ensure the state machine is initialized
[20:31:48.015]              // -> [DAP_SWJ_Sequence(16, 0x000000000000E73C)]
[20:31:48.015]            DAP_SWJ_Sequence(51, 0x0007FFFFFFFFFFFF); //Put it back in reset
[20:31:48.020]              // -> [DAP_SWJ_Sequence(51, 0x0007FFFFFFFFFFFF)]
[20:31:48.020]            DAP_SWJ_Sequence(16, 0xE79E); //JTAG to SWD switch
[20:31:48.020]              // -> [DAP_SWJ_Sequence(16, 0x000000000000E79E)]
[20:31:48.020]            DAP_SWJ_Sequence(51, 0x0007FFFFFFFFFFFF);  //Ensure the switch is successful 
[20:31:48.026]              // -> [DAP_SWJ_Sequence(51, 0x0007FFFFFFFFFFFF)]
[20:31:48.026]            DAP_SWJ_Sequence(7,  0x00); //Give the line some time to initialize
[20:31:48.026]              // -> [DAP_SWJ_Sequence(7, 0x0000000000000000)]
[20:31:48.026]          </block>
[20:31:48.026]          // end if-block "!hasDormant"
[20:31:48.026]        </control>
[20:31:48.026]        // end if-block "isSWJ"
[20:31:48.026]      </control>
[20:31:48.026]      <control if="!isSWJ" while="" timeout="0" info="">
[20:31:48.026]        // if-block "!isSWJ"
[20:31:48.026]          // =>  FALSE
[20:31:48.026]        // skip if-block "!isSWJ"
[20:31:48.026]      </control>
[20:31:48.026]      <block atomic="false" info="">
[20:31:48.026]        ReadDP(0x0);
[20:31:48.031]          // -> [ReadDP(0x00000000) => 0x6BA02477]   (__dp=0x00000000)
[20:31:48.031]      </block>
[20:31:48.031]      // end if-block "protType == 2"
[20:31:48.031]    </control>
[20:31:48.031]  </sequence>
[20:31:48.031]  
[20:31:48.035]  **********  Sequence "DebugPortStart"  (Context="Connect", Pname="", info="")
[20:31:48.035]  
[20:31:48.035]  <debugvars>
[20:31:48.035]    // Pre-defined
[20:31:48.035]    __protocol=0x00010002      (Protocol="SWD", SWJ-DP="True")
[20:31:48.036]    __connection=0x00000202    (Connection Type="Flash", Reset Type="System Reset")
[20:31:48.036]    __dp=0x00000000
[20:31:48.036]    __ap=0x00000000
[20:31:48.036]    __traceout=0x00000000      (Trace Disabled)
[20:31:48.036]    __errorcontrol=0x00000000  (Skip Errors="False")
[20:31:48.036]    __FlashAddr=0x00000000
[20:31:48.036]    __FlashLen=0x00000000
[20:31:48.036]    __FlashArg=0x00000000
[20:31:48.036]    __FlashOp=0x00000000
[20:31:48.036]    __Result=0x00000000
[20:31:48.036]  </debugvars>
[20:31:48.036]  
[20:31:48.036]  <sequence name="DebugPortStart" Pname="" disable="false" info="">
[20:31:48.036]    <block atomic="false" info="">
[20:31:48.036]      __var SW_DP_ABORT       = 0x0;
[20:31:48.036]        // -> [SW_DP_ABORT <= 0x00000000]
[20:31:48.036]      __var DP_CTRL_STAT      = 0x4;
[20:31:48.037]        // -> [DP_CTRL_STAT <= 0x00000004]
[20:31:48.037]      __var DP_SELECT         = 0x8;
[20:31:48.037]        // -> [DP_SELECT <= 0x00000008]
[20:31:48.037]      __var powered_down      = 0;
[20:31:48.037]        // -> [powered_down <= 0x00000000]
[20:31:48.037]      WriteDP(DP_SELECT, 0x00000000);
[20:31:48.039]        // -> [WriteDP(0x00000008, 0x00000000)]   (__dp=0x00000000)
[20:31:48.039]      powered_down = ((ReadDP(DP_CTRL_STAT) & 0xA0000000) != 0xA0000000);
[20:31:48.041]        // -> [ReadDP(0x00000004) => 0x00000040]   (__dp=0x00000000)
[20:31:48.041]        // -> [powered_down <= 0x00000001]
[20:31:48.041]    </block>
[20:31:48.041]    <control if="powered_down" while="" timeout="0" info="">
[20:31:48.041]      // if-block "powered_down"
[20:31:48.041]        // =>  TRUE
[20:31:48.041]      <block atomic="false" info="">
[20:31:48.041]        Message(0, "Debug/System power-up request sent");
[20:31:48.042]        WriteDP(DP_CTRL_STAT, 0x50000000);
[20:31:48.045]          // -> [WriteDP(0x00000004, 0x50000000)]   (__dp=0x00000000)
[20:31:48.045]      </block>
[20:31:48.045]      <control if="" while="(ReadDP(DP_CTRL_STAT) & 0xA0000000) != 0xA0000000" timeout="1000000" info="">
[20:31:48.045]        // while "(ReadDP(DP_CTRL_STAT) & 0xA0000000) != 0xA0000000"  (timeout="1000000")
[20:31:48.047]          // -> [ReadDP(0x00000004) => 0xF0000040]   (__dp=0x00000000)
[20:31:48.047]        // while-condition  =>  FALSE
[20:31:48.048]        // end while "(ReadDP(DP_CTRL_STAT) & 0xA0000000) != 0xA0000000"
[20:31:48.048]      </control>
[20:31:48.048]      <control if="(__protocol & 0xFFFF) == 1" while="" timeout="0" info="">
[20:31:48.048]        // if-block "(__protocol & 0xFFFF) == 1"
[20:31:48.049]          // =>  FALSE
[20:31:48.049]        // skip if-block "(__protocol & 0xFFFF) == 1"
[20:31:48.049]      </control>
[20:31:48.049]      <control if="(__protocol & 0xFFFF) == 2" while="" timeout="0" info="">
[20:31:48.049]        // if-block "(__protocol & 0xFFFF) == 2"
[20:31:48.049]          // =>  TRUE
[20:31:48.049]        <block atomic="false" info="">
[20:31:48.049]          Message(0, "executing SWD power up");
[20:31:48.050]          WriteDP(DP_CTRL_STAT, 0x50000F00);
[20:31:48.052]            // -> [WriteDP(0x00000004, 0x50000F00)]   (__dp=0x00000000)
[20:31:48.052]          WriteDP(SW_DP_ABORT, 0x0000001E);
[20:31:48.053]            // -> [WriteDP(0x00000000, 0x0000001E)]   (__dp=0x00000000)
[20:31:48.054]        </block>
[20:31:48.054]        // end if-block "(__protocol & 0xFFFF) == 2"
[20:31:48.054]      </control>
[20:31:48.054]      // end if-block "powered_down"
[20:31:48.054]    </control>
[20:31:48.054]    <block atomic="false" info="">
[20:31:48.054]      __var DEBUG_PORT_VAL    = 0;
[20:31:48.054]        // -> [DEBUG_PORT_VAL <= 0x00000000]
[20:31:48.054]      __var ACCESS_POINT_VAL  = 0;
[20:31:48.054]        // -> [ACCESS_POINT_VAL <= 0x00000000]
[20:31:48.054]      __ap = 1; 
[20:31:48.054]        // -> [__ap <= 0x00000001]
[20:31:48.054]      WriteAP(0x0C, 0x04); //lets use the mini pwr-ap as backup
[20:31:48.061]        // -> [WriteAP(0x0000000C, 0x00000004)]   (__dp=0x00000000, __ap=0x00000001)
[20:31:48.061]      __ap = 4;
[20:31:48.062]        // -> [__ap <= 0x00000004]
[20:31:48.062]      ACCESS_POINT_VAL = ReadAP(0x00);//Reading current state of access point
[20:31:48.069]        // -> [ReadAP(0x00000000) => 0x00080027]   (__dp=0x00000000, __ap=0x00000004)
[20:31:48.069]        // -> [ACCESS_POINT_VAL <= 0x00080027]
[20:31:48.069]      Message(0, "Current state of access point is: %x",ACCESS_POINT_VAL);
[20:31:48.070]    </block>
[20:31:48.070]    <block atomic="false" info="">
[20:31:48.070]      __var nReset = 0x80;
[20:31:48.070]        // -> [nReset <= 0x00000080]
[20:31:48.070]      __var canReadPins = 0;
[20:31:48.070]        // -> [canReadPins <= 0x00000000]
[20:31:48.070]      canReadPins = (DAP_SWJ_Pins(0x00, nReset, 0) != 0xFFFFFFFF);
[20:31:48.072]        // -> [DAP_SWJ_Pins(0x00, 0x80, 0) => 0x0F]   (Out: nRESET=0  =>  In: SWCLK/TCK=1, SWDIO/TMS=1, TDI=1, TDO=1, nTRST=0, nRESET=0)
[20:31:48.072]        // -> [canReadPins <= 0x00000001]
[20:31:48.072]    </block>
[20:31:48.072]    <control if="" while="1" timeout="200" info="">
[20:31:48.072]      // while "1"  (timeout="200")
[20:31:48.072]      // while-condition  =>  TRUE
[20:31:48.072]      // while "1"  (timeout="200")
[20:31:48.072]      // while-condition  =>  TRUE
[20:31:48.072]      // while "1"  (timeout="200")
[20:31:48.072]      // while-condition  =>  TRUE
[20:31:48.072]      // while "1"  (timeout="200")
[20:31:48.072]      // while-condition  =>  TRUE
[20:31:48.072]      // while "1"  (timeout="200")
[20:31:48.072]      // while-condition  =>  TRUE
[20:31:48.072]      // while "1"  (timeout="200")
[20:31:48.072]      // while-condition  =>  TRUE
[20:31:48.072]      // while "1"  (timeout="200")
[20:31:48.072]      // while-condition  =>  TRUE
[20:31:48.072]      // while "1"  (timeout="200")
[20:31:48.072]      // while-condition  =>  TRUE
[20:31:48.072]      // while "1"  (timeout="200")
[20:31:48.072]      // while-condition  =>  TRUE
[20:31:48.072]      // while "1"  (timeout="200")
[20:31:48.072]      // while-condition  =>  TRUE
[20:31:48.072]      // while "1"  (timeout="200")
[20:31:48.072]      // while-condition  =>  TRUE
[20:31:48.072]      // while "1"  (timeout="200")
[20:31:48.072]      // while-condition  =>  TRUE
[20:31:48.072]      // while "1"  (timeout="200")
[20:31:48.072]      // while-condition  =>  TRUE
[20:31:48.072]      // while "1"  (timeout="200")
[20:31:48.072]      // while-condition  =>  TRUE
[20:31:48.072]      // while "1"  (timeout="200")
[20:31:48.072]      // while-condition  =>  TRUE
[20:31:48.072]      // while "1"  (timeout="200")
[20:31:48.072]      // while-condition  =>  TRUE
[20:31:48.072]      // while "1"  (timeout="200")
[20:31:48.072]      // while-condition  =>  TRUE
[20:31:48.072]      // while "1"  (timeout="200")
[20:31:48.072]      // while-condition  =>  TRUE
[20:31:48.072]      // while "1"  (timeout="200")
[20:31:48.072]      // while-condition  =>  TRUE
[20:31:48.072]      // while "1"  (timeout="200")
[20:31:48.072]      // while-condition  =>  TRUE
[20:31:48.072]      // while "1"  (timeout="200")
[20:31:48.072]      // while-condition  =>  TRUE
[20:31:48.072]      // while "1"  (timeout="200")
[20:31:48.072]      // while-condition  =>  TRUE
[20:31:48.072]      // while "1"  (timeout="200")
[20:31:48.072]      // while-condition  =>  TRUE
[20:31:48.072]      // while "1"  (timeout="200")
[20:31:48.072]      // while-condition  =>  TRUE
[20:31:48.072]      // while "1"  (timeout="200")
[20:31:48.072]      // while-condition  =>  TRUE
[20:31:48.072]      // while "1"  (timeout="200")
[20:31:48.072]      // while-condition  =>  TRUE
[20:31:48.072]      // while "1"  (timeout="200")
[20:31:48.072]      // while-condition  =>  TRUE
[20:31:48.072]      // while "1"  (timeout="200")
[20:31:48.072]      // while-condition  =>  TRUE
[20:31:48.072]      // while "1"  (timeout="200")
[20:31:48.072]      // while-condition  =>  TRUE
[20:31:48.072]      // while "1"  (timeout="200")
[20:31:48.072]      // while-condition  =>  TRUE
[20:31:48.072]      // while "1"  (timeout="200")
[20:31:48.072]      // while-condition  =>  TRUE
[20:31:48.072]      // while "1"  (timeout="200")
[20:31:48.072]      // while-condition  =>  TRUE
[20:31:48.072]      // while "1"  (timeout="200")
[20:31:48.072]      // while-condition  =>  TRUE
[20:31:48.072]      // while "1"  (timeout="200")
[20:31:48.072]      // while-condition  =>  TRUE
[20:31:48.077]      // while "1"  (timeout="200")
[20:31:48.077]      // while  =>  TIMEOUT
[20:31:48.077]      // end while "1"
[20:31:48.077]    </control>
[20:31:48.077]    <control if="canReadPins" while="" timeout="0" info="">
[20:31:48.077]      // if-block "canReadPins"
[20:31:48.077]        // =>  TRUE
[20:31:48.077]      <control if="" while="(DAP_SWJ_Pins(nReset, nReset, 0) & nReset) == 0" timeout="1000000" info="">
[20:31:48.077]        // while "(DAP_SWJ_Pins(nReset, nReset, 0) & nReset) == 0"  (timeout="1000000")
[20:31:48.082]          // -> [DAP_SWJ_Pins(0x80, 0x80, 0) => 0x8F]   (Out: nRESET=1  =>  In: SWCLK/TCK=1, SWDIO/TMS=1, TDI=1, TDO=1, nTRST=0, nRESET=1)
[20:31:48.082]        // while-condition  =>  FALSE
[20:31:48.082]        // end while "(DAP_SWJ_Pins(nReset, nReset, 0) & nReset) == 0"
[20:31:48.082]      </control>
[20:31:48.082]      // end if-block "canReadPins"
[20:31:48.083]    </control>
[20:31:48.083]    <control if="!canReadPins" while="" timeout="0" info="">
[20:31:48.084]      // if-block "!canReadPins"
[20:31:48.084]        // =>  FALSE
[20:31:48.084]      // skip if-block "!canReadPins"
[20:31:48.085]    </control>
[20:31:48.085]    <control if="(ACCESS_POINT_VAL & 0x00E00000) == 0" while="" timeout="0" info="">
[20:31:48.085]      // if-block "(ACCESS_POINT_VAL & 0x00E00000) == 0"
[20:31:48.085]        // =>  TRUE
[20:31:48.085]      <block atomic="false" info="">
[20:31:48.085]        WriteAP(0x00, 0x190008);
[20:31:48.088]          // -> [WriteAP(0x00000000, 0x00190008)]   (__dp=0x00000000, __ap=0x00000004)
[20:31:48.088]        WriteAP(0xF0, 0x01);
[20:31:48.091]          // -> [WriteAP(0x000000F0, 0x00000001)]   (__dp=0x00000000, __ap=0x00000004)
[20:31:48.092]      </block>
[20:31:48.092]      // end if-block "(ACCESS_POINT_VAL & 0x00E00000) == 0"
[20:31:48.092]    </control>
[20:31:48.092]    <control if="(ACCESS_POINT_VAL & 0x00E00000) != 0" while="" timeout="0" info="">
[20:31:48.092]      // if-block "(ACCESS_POINT_VAL & 0x00E00000) != 0"
[20:31:48.092]        // =>  FALSE
[20:31:48.092]      // skip if-block "(ACCESS_POINT_VAL & 0x00E00000) != 0"
[20:31:48.092]    </control>
[20:31:48.092]    <block atomic="false" info="">
[20:31:48.092]      ACCESS_POINT_VAL = ReadAP(0x00);//Reading current state of access point
[20:31:48.096]        // -> [ReadAP(0x00000000) => 0x0079002F]   (__dp=0x00000000, __ap=0x00000004)
[20:31:48.097]        // -> [ACCESS_POINT_VAL <= 0x0079002F]
[20:31:48.097]      Message(0, "Current state of access point is: %x",ACCESS_POINT_VAL);
[20:31:48.099]      __ap = 0; //lets make sure we reset the access point selection
[20:31:48.099]        // -> [__ap <= 0x00000000]
[20:31:48.099]    </block>
[20:31:48.099]  </sequence>
[20:31:48.099]  
[20:31:48.117]  **********  Sequence "DebugDeviceUnlock"  (Context="Connect", Pname="", info="")
[20:31:48.117]  
[20:31:48.117]  <debugvars>
[20:31:48.117]    // Pre-defined
[20:31:48.117]    __protocol=0x00010002      (Protocol="SWD", SWJ-DP="True")
[20:31:48.117]    __connection=0x00000202    (Connection Type="Flash", Reset Type="System Reset")
[20:31:48.117]    __dp=0x00000000
[20:31:48.117]    __ap=0x00000000
[20:31:48.117]    __traceout=0x00000000      (Trace Disabled)
[20:31:48.117]    __errorcontrol=0x00000000  (Skip Errors="False")
[20:31:48.117]    __FlashAddr=0x00000000
[20:31:48.117]    __FlashLen=0x00000000
[20:31:48.117]    __FlashArg=0x00000000
[20:31:48.117]    __FlashOp=0x00000000
[20:31:48.117]    __Result=0x00000000
[20:31:48.117]  </debugvars>
[20:31:48.117]  
[20:31:48.117]  <sequence name="DebugDeviceUnlock" Pname="" disable="false" info="">
[20:31:48.117]    <block atomic="false" info="">
[20:31:48.117]      __var deviceID = 0;
[20:31:48.117]        // -> [deviceID <= 0x00000000]
[20:31:48.117]      __var version = 0;
[20:31:48.117]        // -> [version <= 0x00000000]
[20:31:48.117]      __var partNum = 0;
[20:31:48.117]        // -> [partNum <= 0x00000000]
[20:31:48.117]      __var manuf = 0;
[20:31:48.117]        // -> [manuf <= 0x00000000]
[20:31:48.117]      __var isMSPM0G1X0X_G3X0X = 0;
[20:31:48.117]        // -> [isMSPM0G1X0X_G3X0X <= 0x00000000]
[20:31:48.117]      __var isProduction = 0;
[20:31:48.117]        // -> [isProduction <= 0x00000000]
[20:31:48.117]      __var continueId = 0;
[20:31:48.117]        // -> [continueId <= 0x00000000]
[20:31:48.117]      deviceID =   Read32(0x41C40004);
[20:31:48.127]        // -> [Read32(0x41C40004) => 0x2BB8802F]   (__dp=0x00000000, __ap=0x00000000)
[20:31:48.127]        // -> [deviceID <= 0x2BB8802F]
[20:31:48.127]      version = deviceID >> 28;
[20:31:48.127]        // -> [version <= 0x00000002]
[20:31:48.127]      partNum = (deviceID & 0x0FFFF000) >> 12;
[20:31:48.127]        // -> [partNum <= 0x0000BB88]
[20:31:48.127]      manuf = (deviceID & 0x00000FFE) >> 1;
[20:31:48.127]        // -> [manuf <= 0x00000017]
[20:31:48.127]      isMSPM0G1X0X_G3X0X = (partNum == 0xBB88) && (manuf == 0x17);
[20:31:48.127]        // -> [isMSPM0G1X0X_G3X0X <= 0x00000001]
[20:31:48.127]      isProduction = (version > 0);
[20:31:48.127]        // -> [isProduction <= 0x00000001]
[20:31:48.127]    </block>
[20:31:48.127]    <control if="!isMSPM0G1X0X_G3X0X" while="" timeout="0" info="">
[20:31:48.127]      // if-block "!isMSPM0G1X0X_G3X0X"
[20:31:48.127]        // =>  FALSE
[20:31:48.127]      // skip if-block "!isMSPM0G1X0X_G3X0X"
[20:31:48.127]    </control>
[20:31:48.127]    <control if="continueId == 4" while="" timeout="0" info="">
[20:31:48.127]      // if-block "continueId == 4"
[20:31:48.127]        // =>  FALSE
[20:31:48.127]      // skip if-block "continueId == 4"
[20:31:48.127]    </control>
[20:31:48.127]    <control if="!isProduction" while="" timeout="0" info="">
[20:31:48.127]      // if-block "!isProduction"
[20:31:48.127]        // =>  FALSE
[20:31:48.127]      // skip if-block "!isProduction"
[20:31:48.127]    </control>
[20:31:48.127]  </sequence>
[20:31:48.127]  
[20:45:03.889]  **********  Sequence "DebugPortSetup"  (Context="Connect", Pname="", info="")
[20:45:03.889]  
[20:45:03.889]  <debugvars>
[20:45:03.889]    // Pre-defined
[20:45:03.889]    __protocol=0x00010002      (Protocol="SWD", SWJ-DP="True")
[20:45:03.889]    __connection=0x00000202    (Connection Type="Flash", Reset Type="System Reset")
[20:45:03.889]    __dp=0x00000000
[20:45:03.889]    __ap=0x00000000
[20:45:03.889]    __traceout=0x00000000      (Trace Disabled)
[20:45:03.889]    __errorcontrol=0x00000000  (Skip Errors="False")
[20:45:03.889]    __FlashAddr=0x00000000
[20:45:03.889]    __FlashLen=0x00000000
[20:45:03.889]    __FlashArg=0x00000000
[20:45:03.889]    __FlashOp=0x00000000
[20:45:03.889]    __Result=0x00000000
[20:45:03.889]  </debugvars>
[20:45:03.889]  
[20:45:03.889]  <sequence name="DebugPortSetup" Pname="" disable="false" info="">
[20:45:03.889]    <block atomic="false" info="">
[20:45:03.889]      __var isSWJ      = ((__protocol & 0x00010000) != 0);
[20:45:03.889]        // -> [isSWJ <= 0x00000001]
[20:45:03.889]      __var hasDormant = __protocol & 0x00020000;
[20:45:03.889]        // -> [hasDormant <= 0x00000000]
[20:45:03.889]      __var protType   = __protocol & 0x0000FFFF;
[20:45:03.889]        // -> [protType <= 0x00000002]
[20:45:03.889]    </block>
[20:45:03.891]    <control if="protType == 1" while="" timeout="0" info="">
[20:45:03.891]      // if-block "protType == 1"
[20:45:03.891]        // =>  FALSE
[20:45:03.891]      // skip if-block "protType == 1"
[20:45:03.891]    </control>
[20:45:03.891]    <control if="protType == 2" while="" timeout="0" info="">
[20:45:03.891]      // if-block "protType == 2"
[20:45:03.891]        // =>  TRUE
[20:45:03.891]      <control if="isSWJ" while="" timeout="0" info="">
[20:45:03.891]        // if-block "isSWJ"
[20:45:03.891]          // =>  TRUE
[20:45:03.891]        <control if="hasDormant" while="" timeout="0" info="">
[20:45:03.891]          // if-block "hasDormant"
[20:45:03.891]            // =>  FALSE
[20:45:03.891]          // skip if-block "hasDormant"
[20:45:03.891]        </control>
[20:45:03.891]        <control if="!hasDormant" while="" timeout="0" info="">
[20:45:03.891]          // if-block "!hasDormant"
[20:45:03.891]            // =>  TRUE
[20:45:03.891]          <block atomic="false" info="">
[20:45:03.891]            DAP_SWJ_Sequence(51, 0x0007FFFFFFFFFFFF); //lets put the JTAG line in a reset state
[20:45:03.891]              // -> [DAP_SWJ_Sequence(51, 0x0007FFFFFFFFFFFF)]
[20:45:03.891]            DAP_SWJ_Sequence(16,0xE73C); //SWD to JTAG, this is to ensure the state machine is initialized
[20:45:03.891]              // -> [DAP_SWJ_Sequence(16, 0x000000000000E73C)]
[20:45:03.896]            DAP_SWJ_Sequence(51, 0x0007FFFFFFFFFFFF); //Put it back in reset
[20:45:03.896]              // -> [DAP_SWJ_Sequence(51, 0x0007FFFFFFFFFFFF)]
[20:45:03.896]            DAP_SWJ_Sequence(16, 0xE79E); //JTAG to SWD switch
[20:45:03.896]              // -> [DAP_SWJ_Sequence(16, 0x000000000000E79E)]
[20:45:03.896]            DAP_SWJ_Sequence(51, 0x0007FFFFFFFFFFFF);  //Ensure the switch is successful 
[20:45:03.902]              // -> [DAP_SWJ_Sequence(51, 0x0007FFFFFFFFFFFF)]
[20:45:03.902]            DAP_SWJ_Sequence(7,  0x00); //Give the line some time to initialize
[20:45:03.902]              // -> [DAP_SWJ_Sequence(7, 0x0000000000000000)]
[20:45:03.902]          </block>
[20:45:03.902]          // end if-block "!hasDormant"
[20:45:03.902]        </control>
[20:45:03.907]        // end if-block "isSWJ"
[20:45:03.907]      </control>
[20:45:03.907]      <control if="!isSWJ" while="" timeout="0" info="">
[20:45:03.907]        // if-block "!isSWJ"
[20:45:03.907]          // =>  FALSE
[20:45:03.907]        // skip if-block "!isSWJ"
[20:45:03.907]      </control>
[20:45:03.907]      <block atomic="false" info="">
[20:45:03.907]        ReadDP(0x0);
[20:45:03.908]          // -> [ReadDP(0x00000000) => 0x6BA02477]   (__dp=0x00000000)
[20:45:03.908]      </block>
[20:45:03.908]      // end if-block "protType == 2"
[20:45:03.908]    </control>
[20:45:03.908]  </sequence>
[20:45:03.908]  
[20:45:03.912]  **********  Sequence "DebugPortStart"  (Context="Connect", Pname="", info="")
[20:45:03.912]  
[20:45:03.912]  <debugvars>
[20:45:03.912]    // Pre-defined
[20:45:03.912]    __protocol=0x00010002      (Protocol="SWD", SWJ-DP="True")
[20:45:03.912]    __connection=0x00000202    (Connection Type="Flash", Reset Type="System Reset")
[20:45:03.912]    __dp=0x00000000
[20:45:03.912]    __ap=0x00000000
[20:45:03.912]    __traceout=0x00000000      (Trace Disabled)
[20:45:03.912]    __errorcontrol=0x00000000  (Skip Errors="False")
[20:45:03.912]    __FlashAddr=0x00000000
[20:45:03.912]    __FlashLen=0x00000000
[20:45:03.912]    __FlashArg=0x00000000
[20:45:03.912]    __FlashOp=0x00000000
[20:45:03.912]    __Result=0x00000000
[20:45:03.912]  </debugvars>
[20:45:03.912]  
[20:45:03.912]  <sequence name="DebugPortStart" Pname="" disable="false" info="">
[20:45:03.912]    <block atomic="false" info="">
[20:45:03.912]      __var SW_DP_ABORT       = 0x0;
[20:45:03.912]        // -> [SW_DP_ABORT <= 0x00000000]
[20:45:03.912]      __var DP_CTRL_STAT      = 0x4;
[20:45:03.912]        // -> [DP_CTRL_STAT <= 0x00000004]
[20:45:03.912]      __var DP_SELECT         = 0x8;
[20:45:03.912]        // -> [DP_SELECT <= 0x00000008]
[20:45:03.912]      __var powered_down      = 0;
[20:45:03.912]        // -> [powered_down <= 0x00000000]
[20:45:03.912]      WriteDP(DP_SELECT, 0x00000000);
[20:45:03.912]        // -> [WriteDP(0x00000008, 0x00000000)]   (__dp=0x00000000)
[20:45:03.912]      powered_down = ((ReadDP(DP_CTRL_STAT) & 0xA0000000) != 0xA0000000);
[20:45:03.917]        // -> [ReadDP(0x00000004) => 0x00000040]   (__dp=0x00000000)
[20:45:03.917]        // -> [powered_down <= 0x00000001]
[20:45:03.917]    </block>
[20:45:03.917]    <control if="powered_down" while="" timeout="0" info="">
[20:45:03.917]      // if-block "powered_down"
[20:45:03.917]        // =>  TRUE
[20:45:03.917]      <block atomic="false" info="">
[20:45:03.917]        Message(0, "Debug/System power-up request sent");
[20:45:03.917]        WriteDP(DP_CTRL_STAT, 0x50000000);
[20:45:03.923]          // -> [WriteDP(0x00000004, 0x50000000)]   (__dp=0x00000000)
[20:45:03.923]      </block>
[20:45:03.923]      <control if="" while="(ReadDP(DP_CTRL_STAT) & 0xA0000000) != 0xA0000000" timeout="1000000" info="">
[20:45:03.923]        // while "(ReadDP(DP_CTRL_STAT) & 0xA0000000) != 0xA0000000"  (timeout="1000000")
[20:45:03.923]          // -> [ReadDP(0x00000004) => 0xF0000040]   (__dp=0x00000000)
[20:45:03.923]        // while-condition  =>  FALSE
[20:45:03.923]        // end while "(ReadDP(DP_CTRL_STAT) & 0xA0000000) != 0xA0000000"
[20:45:03.923]      </control>
[20:45:03.923]      <control if="(__protocol & 0xFFFF) == 1" while="" timeout="0" info="">
[20:45:03.923]        // if-block "(__protocol & 0xFFFF) == 1"
[20:45:03.923]          // =>  FALSE
[20:45:03.923]        // skip if-block "(__protocol & 0xFFFF) == 1"
[20:45:03.923]      </control>
[20:45:03.923]      <control if="(__protocol & 0xFFFF) == 2" while="" timeout="0" info="">
[20:45:03.923]        // if-block "(__protocol & 0xFFFF) == 2"
[20:45:03.923]          // =>  TRUE
[20:45:03.923]        <block atomic="false" info="">
[20:45:03.923]          Message(0, "executing SWD power up");
[20:45:03.923]          WriteDP(DP_CTRL_STAT, 0x50000F00);
[20:45:03.929]            // -> [WriteDP(0x00000004, 0x50000F00)]   (__dp=0x00000000)
[20:45:03.929]          WriteDP(SW_DP_ABORT, 0x0000001E);
[20:45:03.929]            // -> [WriteDP(0x00000000, 0x0000001E)]   (__dp=0x00000000)
[20:45:03.929]        </block>
[20:45:03.929]        // end if-block "(__protocol & 0xFFFF) == 2"
[20:45:03.929]      </control>
[20:45:03.929]      // end if-block "powered_down"
[20:45:03.929]    </control>
[20:45:03.929]    <block atomic="false" info="">
[20:45:03.929]      __var DEBUG_PORT_VAL    = 0;
[20:45:03.929]        // -> [DEBUG_PORT_VAL <= 0x00000000]
[20:45:03.929]      __var ACCESS_POINT_VAL  = 0;
[20:45:03.929]        // -> [ACCESS_POINT_VAL <= 0x00000000]
[20:45:03.929]      __ap = 1; 
[20:45:03.929]        // -> [__ap <= 0x00000001]
[20:45:03.929]      WriteAP(0x0C, 0x04); //lets use the mini pwr-ap as backup
[20:45:03.934]        // -> [WriteAP(0x0000000C, 0x00000004)]   (__dp=0x00000000, __ap=0x00000001)
[20:45:03.934]      __ap = 4;
[20:45:03.934]        // -> [__ap <= 0x00000004]
[20:45:03.934]      ACCESS_POINT_VAL = ReadAP(0x00);//Reading current state of access point
[20:45:03.944]        // -> [ReadAP(0x00000000) => 0x00080027]   (__dp=0x00000000, __ap=0x00000004)
[20:45:03.944]        // -> [ACCESS_POINT_VAL <= 0x00080027]
[20:45:03.944]      Message(0, "Current state of access point is: %x",ACCESS_POINT_VAL);
[20:45:03.944]    </block>
[20:45:03.944]    <block atomic="false" info="">
[20:45:03.944]      __var nReset = 0x80;
[20:45:03.944]        // -> [nReset <= 0x00000080]
[20:45:03.944]      __var canReadPins = 0;
[20:45:03.944]        // -> [canReadPins <= 0x00000000]
[20:45:03.944]      canReadPins = (DAP_SWJ_Pins(0x00, nReset, 0) != 0xFFFFFFFF);
[20:45:03.949]        // -> [DAP_SWJ_Pins(0x00, 0x80, 0) => 0x0F]   (Out: nRESET=0  =>  In: SWCLK/TCK=1, SWDIO/TMS=1, TDI=1, TDO=1, nTRST=0, nRESET=0)
[20:45:03.949]        // -> [canReadPins <= 0x00000001]
[20:45:03.949]    </block>
[20:45:03.949]    <control if="" while="1" timeout="200" info="">
[20:45:03.949]      // while "1"  (timeout="200")
[20:45:03.949]      // while-condition  =>  TRUE
[20:45:03.949]      // while "1"  (timeout="200")
[20:45:03.949]      // while-condition  =>  TRUE
[20:45:03.949]      // while "1"  (timeout="200")
[20:45:03.949]      // while-condition  =>  TRUE
[20:45:03.949]      // while "1"  (timeout="200")
[20:45:03.949]      // while-condition  =>  TRUE
[20:45:03.949]      // while "1"  (timeout="200")
[20:45:03.949]      // while-condition  =>  TRUE
[20:45:03.949]      // while "1"  (timeout="200")
[20:45:03.949]      // while-condition  =>  TRUE
[20:45:03.949]      // while "1"  (timeout="200")
[20:45:03.949]      // while-condition  =>  TRUE
[20:45:03.949]      // while "1"  (timeout="200")
[20:45:03.949]      // while-condition  =>  TRUE
[20:45:03.949]      // while "1"  (timeout="200")
[20:45:03.949]      // while-condition  =>  TRUE
[20:45:03.949]      // while "1"  (timeout="200")
[20:45:03.949]      // while-condition  =>  TRUE
[20:45:03.949]      // while "1"  (timeout="200")
[20:45:03.949]      // while-condition  =>  TRUE
[20:45:03.949]      // while "1"  (timeout="200")
[20:45:03.949]      // while-condition  =>  TRUE
[20:45:03.949]      // while "1"  (timeout="200")
[20:45:03.949]      // while-condition  =>  TRUE
[20:45:03.949]      // while "1"  (timeout="200")
[20:45:03.949]      // while-condition  =>  TRUE
[20:45:03.949]      // while "1"  (timeout="200")
[20:45:03.949]      // while-condition  =>  TRUE
[20:45:03.949]      // while "1"  (timeout="200")
[20:45:03.949]      // while-condition  =>  TRUE
[20:45:03.949]      // while "1"  (timeout="200")
[20:45:03.949]      // while-condition  =>  TRUE
[20:45:03.949]      // while "1"  (timeout="200")
[20:45:03.949]      // while-condition  =>  TRUE
[20:45:03.949]      // while "1"  (timeout="200")
[20:45:03.949]      // while-condition  =>  TRUE
[20:45:03.949]      // while "1"  (timeout="200")
[20:45:03.949]      // while-condition  =>  TRUE
[20:45:03.949]      // while "1"  (timeout="200")
[20:45:03.949]      // while-condition  =>  TRUE
[20:45:03.949]      // while "1"  (timeout="200")
[20:45:03.949]      // while-condition  =>  TRUE
[20:45:03.949]      // while "1"  (timeout="200")
[20:45:03.949]      // while-condition  =>  TRUE
[20:45:03.949]      // while "1"  (timeout="200")
[20:45:03.949]      // while-condition  =>  TRUE
[20:45:03.949]      // while "1"  (timeout="200")
[20:45:03.949]      // while-condition  =>  TRUE
[20:45:03.949]      // while "1"  (timeout="200")
[20:45:03.949]      // while-condition  =>  TRUE
[20:45:03.949]      // while "1"  (timeout="200")
[20:45:03.949]      // while-condition  =>  TRUE
[20:45:03.949]      // while "1"  (timeout="200")
[20:45:03.949]      // while-condition  =>  TRUE
[20:45:03.949]      // while "1"  (timeout="200")
[20:45:03.949]      // while-condition  =>  TRUE
[20:45:03.949]      // while "1"  (timeout="200")
[20:45:03.949]      // while-condition  =>  TRUE
[20:45:03.949]      // while "1"  (timeout="200")
[20:45:03.949]      // while-condition  =>  TRUE
[20:45:03.949]      // while "1"  (timeout="200")
[20:45:03.949]      // while-condition  =>  TRUE
[20:45:03.949]      // while "1"  (timeout="200")
[20:45:03.949]      // while-condition  =>  TRUE
[20:45:03.949]      // while "1"  (timeout="200")
[20:45:03.949]      // while-condition  =>  TRUE
[20:45:03.949]      // while "1"  (timeout="200")
[20:45:03.949]      // while-condition  =>  TRUE
[20:45:03.949]      // while "1"  (timeout="200")
[20:45:03.949]      // while-condition  =>  TRUE
[20:45:03.949]      // while "1"  (timeout="200")
[20:45:03.949]      // while-condition  =>  TRUE
[20:45:03.949]      // while "1"  (timeout="200")
[20:45:03.949]      // while-condition  =>  TRUE
[20:45:03.949]      // while "1"  (timeout="200")
[20:45:03.949]      // while-condition  =>  TRUE
[20:45:03.949]      // while "1"  (timeout="200")
[20:45:03.949]      // while-condition  =>  TRUE
[20:45:03.949]      // while "1"  (timeout="200")
[20:45:03.949]      // while-condition  =>  TRUE
[20:45:03.949]      // while "1"  (timeout="200")
[20:45:03.949]      // while-condition  =>  TRUE
[20:45:03.949]      // while "1"  (timeout="200")
[20:45:03.949]      // while-condition  =>  TRUE
[20:45:03.949]      // while "1"  (timeout="200")
[20:45:03.949]      // while-condition  =>  TRUE
[20:45:03.949]      // while "1"  (timeout="200")
[20:45:03.949]      // while-condition  =>  TRUE
[20:45:03.949]      // while "1"  (timeout="200")
[20:45:03.949]      // while-condition  =>  TRUE
[20:45:03.949]      // while "1"  (timeout="200")
[20:45:03.949]      // while-condition  =>  TRUE
[20:45:03.949]      // while "1"  (timeout="200")
[20:45:03.949]      // while-condition  =>  TRUE
[20:45:03.949]      // while "1"  (timeout="200")
[20:45:03.954]      // while-condition  =>  TRUE
[20:45:03.954]      // while "1"  (timeout="200")
[20:45:03.954]      // while-condition  =>  TRUE
[20:45:03.954]      // while "1"  (timeout="200")
[20:45:03.954]      // while-condition  =>  TRUE
[20:45:03.954]      // while "1"  (timeout="200")
[20:45:03.954]      // while-condition  =>  TRUE
[20:45:03.954]      // while "1"  (timeout="200")
[20:45:03.954]      // while-condition  =>  TRUE
[20:45:03.954]      // while "1"  (timeout="200")
[20:45:03.954]      // while-condition  =>  TRUE
[20:45:03.954]      // while "1"  (timeout="200")
[20:45:03.954]      // while-condition  =>  TRUE
[20:45:03.954]      // while "1"  (timeout="200")
[20:45:03.954]      // while-condition  =>  TRUE
[20:45:03.954]      // while "1"  (timeout="200")
[20:45:03.954]      // while-condition  =>  TRUE
[20:45:03.954]      // while "1"  (timeout="200")
[20:45:03.954]      // while-condition  =>  TRUE
[20:45:03.954]      // while "1"  (timeout="200")
[20:45:03.954]      // while-condition  =>  TRUE
[20:45:03.954]      // while "1"  (timeout="200")
[20:45:03.954]      // while-condition  =>  TRUE
[20:45:03.954]      // while "1"  (timeout="200")
[20:45:03.954]      // while-condition  =>  TRUE
[20:45:03.954]      // while "1"  (timeout="200")
[20:45:03.954]      // while-condition  =>  TRUE
[20:45:03.954]      // while "1"  (timeout="200")
[20:45:03.954]      // while-condition  =>  TRUE
[20:45:03.954]      // while "1"  (timeout="200")
[20:45:03.954]      // while-condition  =>  TRUE
[20:45:03.954]      // while "1"  (timeout="200")
[20:45:03.954]      // while-condition  =>  TRUE
[20:45:03.954]      // while "1"  (timeout="200")
[20:45:03.954]      // while-condition  =>  TRUE
[20:45:03.954]      // while "1"  (timeout="200")
[20:45:03.954]      // while-condition  =>  TRUE
[20:45:03.954]      // while "1"  (timeout="200")
[20:45:03.954]      // while-condition  =>  TRUE
[20:45:03.954]      // while "1"  (timeout="200")
[20:45:03.954]      // while-condition  =>  TRUE
[20:45:03.954]      // while "1"  (timeout="200")
[20:45:03.954]      // while-condition  =>  TRUE
[20:45:03.954]      // while "1"  (timeout="200")
[20:45:03.954]      // while-condition  =>  TRUE
[20:45:03.954]      // while "1"  (timeout="200")
[20:45:03.954]      // while-condition  =>  TRUE
[20:45:03.954]      // while "1"  (timeout="200")
[20:45:03.954]      // while-condition  =>  TRUE
[20:45:03.954]      // while "1"  (timeout="200")
[20:45:03.954]      // while-condition  =>  TRUE
[20:45:03.954]      // while "1"  (timeout="200")
[20:45:03.954]      // while-condition  =>  TRUE
[20:45:03.954]      // while "1"  (timeout="200")
[20:45:03.954]      // while-condition  =>  TRUE
[20:45:03.954]      // while "1"  (timeout="200")
[20:45:03.954]      // while-condition  =>  TRUE
[20:45:03.954]      // while "1"  (timeout="200")
[20:45:03.954]      // while-condition  =>  TRUE
[20:45:03.954]      // while "1"  (timeout="200")
[20:45:03.954]      // while-condition  =>  TRUE
[20:45:03.957]      // while "1"  (timeout="200")
[20:45:03.957]      // while-condition  =>  TRUE
[20:45:03.957]      // while "1"  (timeout="200")
[20:45:03.957]      // while-condition  =>  TRUE
[20:45:03.957]      // while "1"  (timeout="200")
[20:45:03.957]      // while-condition  =>  TRUE
[20:45:03.957]      // while "1"  (timeout="200")
[20:45:03.957]      // while-condition  =>  TRUE
[20:45:03.957]      // while "1"  (timeout="200")
[20:45:03.957]      // while-condition  =>  TRUE
[20:45:03.957]      // while "1"  (timeout="200")
[20:45:03.957]      // while-condition  =>  TRUE
[20:45:03.957]      // while "1"  (timeout="200")
[20:45:03.957]      // while-condition  =>  TRUE
[20:45:03.957]      // while "1"  (timeout="200")
[20:45:03.957]      // while-condition  =>  TRUE
[20:45:03.957]      // while "1"  (timeout="200")
[20:45:03.957]      // while-condition  =>  TRUE
[20:45:03.957]      // while "1"  (timeout="200")
[20:45:03.957]      // while-condition  =>  TRUE
[20:45:03.957]      // while "1"  (timeout="200")
[20:45:03.957]      // while-condition  =>  TRUE
[20:45:03.957]      // while "1"  (timeout="200")
[20:45:03.957]      // while-condition  =>  TRUE
[20:45:03.957]      // while "1"  (timeout="200")
[20:45:03.957]      // while-condition  =>  TRUE
[20:45:03.957]      // while "1"  (timeout="200")
[20:45:03.957]      // while-condition  =>  TRUE
[20:45:03.957]      // while "1"  (timeout="200")
[20:45:03.957]      // while-condition  =>  TRUE
[20:45:03.957]      // while "1"  (timeout="200")
[20:45:03.957]      // while-condition  =>  TRUE
[20:45:03.957]      // while "1"  (timeout="200")
[20:45:03.957]      // while-condition  =>  TRUE
[20:45:03.957]      // while "1"  (timeout="200")
[20:45:03.957]      // while-condition  =>  TRUE
[20:45:03.957]      // while "1"  (timeout="200")
[20:45:03.957]      // while-condition  =>  TRUE
[20:45:03.959]      // while "1"  (timeout="200")
[20:45:03.959]      // while-condition  =>  TRUE
[20:45:03.959]      // while "1"  (timeout="200")
[20:45:03.959]      // while-condition  =>  TRUE
[20:45:03.959]      // while "1"  (timeout="200")
[20:45:03.959]      // while-condition  =>  TRUE
[20:45:03.959]      // while "1"  (timeout="200")
[20:45:03.959]      // while-condition  =>  TRUE
[20:45:03.959]      // while "1"  (timeout="200")
[20:45:03.959]      // while-condition  =>  TRUE
[20:45:03.959]      // while "1"  (timeout="200")
[20:45:03.959]      // while-condition  =>  TRUE
[20:45:03.959]      // while "1"  (timeout="200")
[20:45:03.959]      // while-condition  =>  TRUE
[20:45:03.959]      // while "1"  (timeout="200")
[20:45:03.959]      // while-condition  =>  TRUE
[20:45:03.959]      // while "1"  (timeout="200")
[20:45:03.959]      // while-condition  =>  TRUE
[20:45:03.959]      // while "1"  (timeout="200")
[20:45:03.959]      // while-condition  =>  TRUE
[20:45:03.959]      // while "1"  (timeout="200")
[20:45:03.959]      // while-condition  =>  TRUE
[20:45:03.959]      // while "1"  (timeout="200")
[20:45:03.959]      // while-condition  =>  TRUE
[20:45:03.959]      // while "1"  (timeout="200")
[20:45:03.959]      // while-condition  =>  TRUE
[20:45:03.959]      // while "1"  (timeout="200")
[20:45:03.959]      // while-condition  =>  TRUE
[20:45:03.959]      // while "1"  (timeout="200")
[20:45:03.959]      // while-condition  =>  TRUE
[20:45:03.959]      // while "1"  (timeout="200")
[20:45:03.959]      // while-condition  =>  TRUE
[20:45:03.959]      // while "1"  (timeout="200")
[20:45:03.959]      // while-condition  =>  TRUE
[20:45:03.959]      // while "1"  (timeout="200")
[20:45:03.959]      // while-condition  =>  TRUE
[20:45:03.959]      // while "1"  (timeout="200")
[20:45:03.959]      // while-condition  =>  TRUE
[20:45:03.959]      // while "1"  (timeout="200")
[20:45:03.959]      // while-condition  =>  TRUE
[20:45:03.959]      // while "1"  (timeout="200")
[20:45:03.959]      // while-condition  =>  TRUE
[20:45:03.959]      // while "1"  (timeout="200")
[20:45:03.959]      // while-condition  =>  TRUE
[20:45:03.959]      // while "1"  (timeout="200")
[20:45:03.959]      // while-condition  =>  TRUE
[20:45:03.959]      // while "1"  (timeout="200")
[20:45:03.959]      // while-condition  =>  TRUE
[20:45:03.959]      // while "1"  (timeout="200")
[20:45:03.959]      // while-condition  =>  TRUE
[20:45:03.959]      // while "1"  (timeout="200")
[20:45:03.959]      // while-condition  =>  TRUE
[20:45:03.959]      // while "1"  (timeout="200")
[20:45:03.959]      // while-condition  =>  TRUE
[20:45:03.959]      // while "1"  (timeout="200")
[20:45:03.959]      // while-condition  =>  TRUE
[20:45:03.959]      // while "1"  (timeout="200")
[20:45:03.959]      // while-condition  =>  TRUE
[20:45:03.959]      // while "1"  (timeout="200")
[20:45:03.959]      // while-condition  =>  TRUE
[20:45:03.959]      // while "1"  (timeout="200")
[20:45:03.959]      // while-condition  =>  TRUE
[20:45:03.959]      // while "1"  (timeout="200")
[20:45:03.959]      // while-condition  =>  TRUE
[20:45:03.959]      // while "1"  (timeout="200")
[20:45:03.959]      // while-condition  =>  TRUE
[20:45:03.959]      // while "1"  (timeout="200")
[20:45:03.959]      // while-condition  =>  TRUE
[20:45:03.959]      // while "1"  (timeout="200")
[20:45:03.959]      // while-condition  =>  TRUE
[20:45:03.959]      // while "1"  (timeout="200")
[20:45:03.959]      // while-condition  =>  TRUE
[20:45:03.959]      // while "1"  (timeout="200")
[20:45:03.959]      // while-condition  =>  TRUE
[20:45:03.959]      // while "1"  (timeout="200")
[20:45:03.959]      // while-condition  =>  TRUE
[20:45:03.959]      // while "1"  (timeout="200")
[20:45:03.959]      // while-condition  =>  TRUE
[20:45:03.959]      // while "1"  (timeout="200")
[20:45:03.959]      // while-condition  =>  TRUE
[20:45:03.959]      // while "1"  (timeout="200")
[20:45:03.959]      // while-condition  =>  TRUE
[20:45:03.959]      // while "1"  (timeout="200")
[20:45:03.959]      // while-condition  =>  TRUE
[20:45:03.959]      // while "1"  (timeout="200")
[20:45:03.959]      // while-condition  =>  TRUE
[20:45:03.959]      // while "1"  (timeout="200")
[20:45:03.959]      // while-condition  =>  TRUE
[20:45:03.959]      // while "1"  (timeout="200")
[20:45:03.959]      // while-condition  =>  TRUE
[20:45:03.959]      // while "1"  (timeout="200")
[20:45:03.959]      // while-condition  =>  TRUE
[20:45:03.959]      // while "1"  (timeout="200")
[20:45:03.959]      // while-condition  =>  TRUE
[20:45:03.959]      // while "1"  (timeout="200")
[20:45:03.959]      // while-condition  =>  TRUE
[20:45:03.959]      // while "1"  (timeout="200")
[20:45:03.959]      // while-condition  =>  TRUE
[20:45:03.959]      // while "1"  (timeout="200")
[20:45:03.959]      // while-condition  =>  TRUE
[20:45:03.959]      // while "1"  (timeout="200")
[20:45:03.959]      // while-condition  =>  TRUE
[20:45:03.959]      // while "1"  (timeout="200")
[20:45:03.959]      // while-condition  =>  TRUE
[20:45:03.964]      // while "1"  (timeout="200")
[20:45:03.964]      // while-condition  =>  TRUE
[20:45:03.964]      // while "1"  (timeout="200")
[20:45:03.964]      // while-condition  =>  TRUE
[20:45:03.964]      // while "1"  (timeout="200")
[20:45:03.964]      // while-condition  =>  TRUE
[20:45:03.964]      // while "1"  (timeout="200")
[20:45:03.964]      // while-condition  =>  TRUE
[20:45:03.964]      // while "1"  (timeout="200")
[20:45:03.964]      // while-condition  =>  TRUE
[20:45:03.964]      // while "1"  (timeout="200")
[20:45:03.964]      // while-condition  =>  TRUE
[20:45:03.964]      // while "1"  (timeout="200")
[20:45:03.964]      // while-condition  =>  TRUE
[20:45:03.964]      // while "1"  (timeout="200")
[20:45:03.964]      // while-condition  =>  TRUE
[20:45:03.964]      // while "1"  (timeout="200")
[20:45:03.964]      // while-condition  =>  TRUE
[20:45:03.964]      // while "1"  (timeout="200")
[20:45:03.964]      // while-condition  =>  TRUE
[20:45:03.964]      // while "1"  (timeout="200")
[20:45:03.964]      // while-condition  =>  TRUE
[20:45:03.964]      // while "1"  (timeout="200")
[20:45:03.964]      // while-condition  =>  TRUE
[20:45:03.964]      // while "1"  (timeout="200")
[20:45:03.964]      // while-condition  =>  TRUE
[20:45:03.964]      // while "1"  (timeout="200")
[20:45:03.964]      // while-condition  =>  TRUE
[20:45:03.964]      // while "1"  (timeout="200")
[20:45:03.964]      // while-condition  =>  TRUE
[20:45:03.964]      // while "1"  (timeout="200")
[20:45:03.964]      // while-condition  =>  TRUE
[20:45:03.964]      // while "1"  (timeout="200")
[20:45:03.964]      // while-condition  =>  TRUE
[20:45:03.964]      // while "1"  (timeout="200")
[20:45:03.964]      // while-condition  =>  TRUE
[20:45:03.964]      // while "1"  (timeout="200")
[20:45:03.964]      // while-condition  =>  TRUE
[20:45:03.964]      // while "1"  (timeout="200")
[20:45:03.964]      // while-condition  =>  TRUE
[20:45:03.964]      // while "1"  (timeout="200")
[20:45:03.964]      // while-condition  =>  TRUE
[20:45:03.964]      // while "1"  (timeout="200")
[20:45:03.964]      // while-condition  =>  TRUE
[20:45:03.964]      // while "1"  (timeout="200")
[20:45:03.964]      // while-condition  =>  TRUE
[20:45:03.964]      // while "1"  (timeout="200")
[20:45:03.964]      // while-condition  =>  TRUE
[20:45:03.964]      // while "1"  (timeout="200")
[20:45:03.964]      // while-condition  =>  TRUE
[20:45:03.964]      // while "1"  (timeout="200")
[20:45:03.964]      // while-condition  =>  TRUE
[20:45:03.964]      // while "1"  (timeout="200")
[20:45:03.964]      // while-condition  =>  TRUE
[20:45:03.964]      // while "1"  (timeout="200")
[20:45:03.964]      // while-condition  =>  TRUE
[20:45:03.964]      // while "1"  (timeout="200")
[20:45:03.964]      // while-condition  =>  TRUE
[20:45:03.964]      // while "1"  (timeout="200")
[20:45:03.964]      // while-condition  =>  TRUE
[20:45:03.964]      // while "1"  (timeout="200")
[20:45:03.964]      // while-condition  =>  TRUE
[20:45:03.964]      // while "1"  (timeout="200")
[20:45:03.964]      // while-condition  =>  TRUE
[20:45:03.964]      // while "1"  (timeout="200")
[20:45:03.964]      // while-condition  =>  TRUE
[20:45:03.964]      // while "1"  (timeout="200")
[20:45:03.964]      // while-condition  =>  TRUE
[20:45:03.964]      // while "1"  (timeout="200")
[20:45:03.964]      // while-condition  =>  TRUE
[20:45:03.964]      // while "1"  (timeout="200")
[20:45:03.964]      // while-condition  =>  TRUE
[20:45:03.964]      // while "1"  (timeout="200")
[20:45:03.964]      // while-condition  =>  TRUE
[20:45:03.964]      // while "1"  (timeout="200")
[20:45:03.964]      // while-condition  =>  TRUE
[20:45:03.964]      // while "1"  (timeout="200")
[20:45:03.964]      // while-condition  =>  TRUE
[20:45:03.964]      // while "1"  (timeout="200")
[20:45:03.964]      // while-condition  =>  TRUE
[20:45:03.964]      // while "1"  (timeout="200")
[20:45:03.964]      // while-condition  =>  TRUE
[20:45:03.964]      // while "1"  (timeout="200")
[20:45:03.964]      // while-condition  =>  TRUE
[20:45:03.964]      // while "1"  (timeout="200")
[20:45:03.964]      // while-condition  =>  TRUE
[20:45:03.964]      // while "1"  (timeout="200")
[20:45:03.964]      // while-condition  =>  TRUE
[20:45:03.969]      // while "1"  (timeout="200")
[20:45:03.969]      // while  =>  TIMEOUT
[20:45:03.969]      // end while "1"
[20:45:03.969]    </control>
[20:45:03.969]    <control if="canReadPins" while="" timeout="0" info="">
[20:45:03.969]      // if-block "canReadPins"
[20:45:03.969]        // =>  TRUE
[20:45:03.969]      <control if="" while="(DAP_SWJ_Pins(nReset, nReset, 0) & nReset) == 0" timeout="1000000" info="">
[20:45:03.969]        // while "(DAP_SWJ_Pins(nReset, nReset, 0) & nReset) == 0"  (timeout="1000000")
[20:45:03.969]          // -> [DAP_SWJ_Pins(0x80, 0x80, 0) => 0x8F]   (Out: nRESET=1  =>  In: SWCLK/TCK=1, SWDIO/TMS=1, TDI=1, TDO=1, nTRST=0, nRESET=1)
[20:45:03.969]        // while-condition  =>  FALSE
[20:45:03.969]        // end while "(DAP_SWJ_Pins(nReset, nReset, 0) & nReset) == 0"
[20:45:03.969]      </control>
[20:45:03.969]      // end if-block "canReadPins"
[20:45:03.969]    </control>
[20:45:03.969]    <control if="!canReadPins" while="" timeout="0" info="">
[20:45:03.969]      // if-block "!canReadPins"
[20:45:03.969]        // =>  FALSE
[20:45:03.969]      // skip if-block "!canReadPins"
[20:45:03.969]    </control>
[20:45:03.969]    <control if="(ACCESS_POINT_VAL & 0x00E00000) == 0" while="" timeout="0" info="">
[20:45:03.969]      // if-block "(ACCESS_POINT_VAL & 0x00E00000) == 0"
[20:45:03.975]        // =>  TRUE
[20:45:03.975]      <block atomic="false" info="">
[20:45:03.975]        WriteAP(0x00, 0x190008);
[20:45:03.975]          // -> [WriteAP(0x00000000, 0x00190008)]   (__dp=0x00000000, __ap=0x00000004)
[20:45:03.975]        WriteAP(0xF0, 0x01);
[20:45:03.980]          // -> [WriteAP(0x000000F0, 0x00000001)]   (__dp=0x00000000, __ap=0x00000004)
[20:45:03.980]      </block>
[20:45:03.980]      // end if-block "(ACCESS_POINT_VAL & 0x00E00000) == 0"
[20:45:03.980]    </control>
[20:45:03.980]    <control if="(ACCESS_POINT_VAL & 0x00E00000) != 0" while="" timeout="0" info="">
[20:45:03.980]      // if-block "(ACCESS_POINT_VAL & 0x00E00000) != 0"
[20:45:03.980]        // =>  FALSE
[20:45:03.980]      // skip if-block "(ACCESS_POINT_VAL & 0x00E00000) != 0"
[20:45:03.980]    </control>
[20:45:03.980]    <block atomic="false" info="">
[20:45:03.980]      ACCESS_POINT_VAL = ReadAP(0x00);//Reading current state of access point
[20:45:03.985]        // -> [ReadAP(0x00000000) => 0x0079002F]   (__dp=0x00000000, __ap=0x00000004)
[20:45:03.985]        // -> [ACCESS_POINT_VAL <= 0x0079002F]
[20:45:03.985]      Message(0, "Current state of access point is: %x",ACCESS_POINT_VAL);
[20:45:03.985]      __ap = 0; //lets make sure we reset the access point selection
[20:45:03.990]        // -> [__ap <= 0x00000000]
[20:45:03.990]    </block>
[20:45:03.990]  </sequence>
[20:45:03.990]  
[20:45:04.012]  **********  Sequence "DebugDeviceUnlock"  (Context="Connect", Pname="", info="")
[20:45:04.012]  
[20:45:04.012]  <debugvars>
[20:45:04.012]    // Pre-defined
[20:45:04.012]    __protocol=0x00010002      (Protocol="SWD", SWJ-DP="True")
[20:45:04.012]    __connection=0x00000202    (Connection Type="Flash", Reset Type="System Reset")
[20:45:04.012]    __dp=0x00000000
[20:45:04.012]    __ap=0x00000000
[20:45:04.012]    __traceout=0x00000000      (Trace Disabled)
[20:45:04.012]    __errorcontrol=0x00000000  (Skip Errors="False")
[20:45:04.012]    __FlashAddr=0x00000000
[20:45:04.012]    __FlashLen=0x00000000
[20:45:04.012]    __FlashArg=0x00000000
[20:45:04.012]    __FlashOp=0x00000000
[20:45:04.012]    __Result=0x00000000
[20:45:04.012]  </debugvars>
[20:45:04.012]  
[20:45:04.012]  <sequence name="DebugDeviceUnlock" Pname="" disable="false" info="">
[20:45:04.012]    <block atomic="false" info="">
[20:45:04.012]      __var deviceID = 0;
[20:45:04.012]        // -> [deviceID <= 0x00000000]
[20:45:04.012]      __var version = 0;
[20:45:04.012]        // -> [version <= 0x00000000]
[20:45:04.012]      __var partNum = 0;
[20:45:04.012]        // -> [partNum <= 0x00000000]
[20:45:04.012]      __var manuf = 0;
[20:45:04.012]        // -> [manuf <= 0x00000000]
[20:45:04.012]      __var isMSPM0G1X0X_G3X0X = 0;
[20:45:04.012]        // -> [isMSPM0G1X0X_G3X0X <= 0x00000000]
[20:45:04.012]      __var isProduction = 0;
[20:45:04.012]        // -> [isProduction <= 0x00000000]
[20:45:04.012]      __var continueId = 0;
[20:45:04.012]        // -> [continueId <= 0x00000000]
[20:45:04.012]      deviceID =   Read32(0x41C40004);
[20:45:04.022]        // -> [Read32(0x41C40004) => 0x2BB8802F]   (__dp=0x00000000, __ap=0x00000000)
[20:45:04.022]        // -> [deviceID <= 0x2BB8802F]
[20:45:04.022]      version = deviceID >> 28;
[20:45:04.022]        // -> [version <= 0x00000002]
[20:45:04.022]      partNum = (deviceID & 0x0FFFF000) >> 12;
[20:45:04.022]        // -> [partNum <= 0x0000BB88]
[20:45:04.022]      manuf = (deviceID & 0x00000FFE) >> 1;
[20:45:04.022]        // -> [manuf <= 0x00000017]
[20:45:04.022]      isMSPM0G1X0X_G3X0X = (partNum == 0xBB88) && (manuf == 0x17);
[20:45:04.022]        // -> [isMSPM0G1X0X_G3X0X <= 0x00000001]
[20:45:04.022]      isProduction = (version > 0);
[20:45:04.022]        // -> [isProduction <= 0x00000001]
[20:45:04.022]    </block>
[20:45:04.022]    <control if="!isMSPM0G1X0X_G3X0X" while="" timeout="0" info="">
[20:45:04.022]      // if-block "!isMSPM0G1X0X_G3X0X"
[20:45:04.022]        // =>  FALSE
[20:45:04.022]      // skip if-block "!isMSPM0G1X0X_G3X0X"
[20:45:04.022]    </control>
[20:45:04.022]    <control if="continueId == 4" while="" timeout="0" info="">
[20:45:04.022]      // if-block "continueId == 4"
[20:45:04.022]        // =>  FALSE
[20:45:04.022]      // skip if-block "continueId == 4"
[20:45:04.022]    </control>
[20:45:04.022]    <control if="!isProduction" while="" timeout="0" info="">
[20:45:04.022]      // if-block "!isProduction"
[20:45:04.022]        // =>  FALSE
[20:45:04.022]      // skip if-block "!isProduction"
[20:45:04.022]    </control>
[20:45:04.022]  </sequence>
[20:45:04.022]  
[20:50:17.631]  **********  Sequence "DebugPortSetup"  (Context="Connect", Pname="", info="")
[20:50:17.631]  
[20:50:17.631]  <debugvars>
[20:50:17.631]    // Pre-defined
[20:50:17.631]    __protocol=0x00010002      (Protocol="SWD", SWJ-DP="True")
[20:50:17.631]    __connection=0x00000202    (Connection Type="Flash", Reset Type="System Reset")
[20:50:17.631]    __dp=0x00000000
[20:50:17.631]    __ap=0x00000000
[20:50:17.631]    __traceout=0x00000000      (Trace Disabled)
[20:50:17.631]    __errorcontrol=0x00000000  (Skip Errors="False")
[20:50:17.631]    __FlashAddr=0x00000000
[20:50:17.631]    __FlashLen=0x00000000
[20:50:17.631]    __FlashArg=0x00000000
[20:50:17.631]    __FlashOp=0x00000000
[20:50:17.631]    __Result=0x00000000
[20:50:17.631]  </debugvars>
[20:50:17.631]  
[20:50:17.631]  <sequence name="DebugPortSetup" Pname="" disable="false" info="">
[20:50:17.631]    <block atomic="false" info="">
[20:50:17.631]      __var isSWJ      = ((__protocol & 0x00010000) != 0);
[20:50:17.631]        // -> [isSWJ <= 0x00000001]
[20:50:17.631]      __var hasDormant = __protocol & 0x00020000;
[20:50:17.631]        // -> [hasDormant <= 0x00000000]
[20:50:17.631]      __var protType   = __protocol & 0x0000FFFF;
[20:50:17.631]        // -> [protType <= 0x00000002]
[20:50:17.635]    </block>
[20:50:17.635]    <control if="protType == 1" while="" timeout="0" info="">
[20:50:17.635]      // if-block "protType == 1"
[20:50:17.635]        // =>  FALSE
[20:50:17.635]      // skip if-block "protType == 1"
[20:50:17.635]    </control>
[20:50:17.635]    <control if="protType == 2" while="" timeout="0" info="">
[20:50:17.635]      // if-block "protType == 2"
[20:50:17.635]        // =>  TRUE
[20:50:17.635]      <control if="isSWJ" while="" timeout="0" info="">
[20:50:17.635]        // if-block "isSWJ"
[20:50:17.635]          // =>  TRUE
[20:50:17.635]        <control if="hasDormant" while="" timeout="0" info="">
[20:50:17.635]          // if-block "hasDormant"
[20:50:17.635]            // =>  FALSE
[20:50:17.635]          // skip if-block "hasDormant"
[20:50:17.635]        </control>
[20:50:17.635]        <control if="!hasDormant" while="" timeout="0" info="">
[20:50:17.635]          // if-block "!hasDormant"
[20:50:17.635]            // =>  TRUE
[20:50:17.635]          <block atomic="false" info="">
[20:50:17.635]            DAP_SWJ_Sequence(51, 0x0007FFFFFFFFFFFF); //lets put the JTAG line in a reset state
[20:50:17.637]              // -> [DAP_SWJ_Sequence(51, 0x0007FFFFFFFFFFFF)]
[20:50:17.637]            DAP_SWJ_Sequence(16,0xE73C); //SWD to JTAG, this is to ensure the state machine is initialized
[20:50:17.637]              // -> [DAP_SWJ_Sequence(16, 0x000000000000E73C)]
[20:50:17.637]            DAP_SWJ_Sequence(51, 0x0007FFFFFFFFFFFF); //Put it back in reset
[20:50:17.642]              // -> [DAP_SWJ_Sequence(51, 0x0007FFFFFFFFFFFF)]
[20:50:17.642]            DAP_SWJ_Sequence(16, 0xE79E); //JTAG to SWD switch
[20:50:17.647]              // -> [DAP_SWJ_Sequence(16, 0x000000000000E79E)]
[20:50:17.647]            DAP_SWJ_Sequence(51, 0x0007FFFFFFFFFFFF);  //Ensure the switch is successful 
[20:50:17.649]              // -> [DAP_SWJ_Sequence(51, 0x0007FFFFFFFFFFFF)]
[20:50:17.649]            DAP_SWJ_Sequence(7,  0x00); //Give the line some time to initialize
[20:50:17.650]              // -> [DAP_SWJ_Sequence(7, 0x0000000000000000)]
[20:50:17.650]          </block>
[20:50:17.650]          // end if-block "!hasDormant"
[20:50:17.650]        </control>
[20:50:17.650]        // end if-block "isSWJ"
[20:50:17.650]      </control>
[20:50:17.650]      <control if="!isSWJ" while="" timeout="0" info="">
[20:50:17.650]        // if-block "!isSWJ"
[20:50:17.650]          // =>  FALSE
[20:50:17.652]        // skip if-block "!isSWJ"
[20:50:17.652]      </control>
[20:50:17.652]      <block atomic="false" info="">
[20:50:17.652]        ReadDP(0x0);
[20:50:17.652]          // -> [ReadDP(0x00000000) => 0x6BA02477]   (__dp=0x00000000)
[20:50:17.652]      </block>
[20:50:17.652]      // end if-block "protType == 2"
[20:50:17.652]    </control>
[20:50:17.652]  </sequence>
[20:50:17.652]  
[20:50:17.657]  **********  Sequence "DebugPortStart"  (Context="Connect", Pname="", info="")
[20:50:17.657]  
[20:50:17.657]  <debugvars>
[20:50:17.657]    // Pre-defined
[20:50:17.657]    __protocol=0x00010002      (Protocol="SWD", SWJ-DP="True")
[20:50:17.657]    __connection=0x00000202    (Connection Type="Flash", Reset Type="System Reset")
[20:50:17.657]    __dp=0x00000000
[20:50:17.657]    __ap=0x00000000
[20:50:17.657]    __traceout=0x00000000      (Trace Disabled)
[20:50:17.657]    __errorcontrol=0x00000000  (Skip Errors="False")
[20:50:17.657]    __FlashAddr=0x00000000
[20:50:17.657]    __FlashLen=0x00000000
[20:50:17.657]    __FlashArg=0x00000000
[20:50:17.657]    __FlashOp=0x00000000
[20:50:17.657]    __Result=0x00000000
[20:50:17.657]  </debugvars>
[20:50:17.657]  
[20:50:17.657]  <sequence name="DebugPortStart" Pname="" disable="false" info="">
[20:50:17.657]    <block atomic="false" info="">
[20:50:17.657]      __var SW_DP_ABORT       = 0x0;
[20:50:17.657]        // -> [SW_DP_ABORT <= 0x00000000]
[20:50:17.657]      __var DP_CTRL_STAT      = 0x4;
[20:50:17.657]        // -> [DP_CTRL_STAT <= 0x00000004]
[20:50:17.657]      __var DP_SELECT         = 0x8;
[20:50:17.657]        // -> [DP_SELECT <= 0x00000008]
[20:50:17.657]      __var powered_down      = 0;
[20:50:17.657]        // -> [powered_down <= 0x00000000]
[20:50:17.657]      WriteDP(DP_SELECT, 0x00000000);
[20:50:17.657]        // -> [WriteDP(0x00000008, 0x00000000)]   (__dp=0x00000000)
[20:50:17.657]      powered_down = ((ReadDP(DP_CTRL_STAT) & 0xA0000000) != 0xA0000000);
[20:50:17.661]        // -> [ReadDP(0x00000004) => 0x00000040]   (__dp=0x00000000)
[20:50:17.661]        // -> [powered_down <= 0x00000001]
[20:50:17.661]    </block>
[20:50:17.661]    <control if="powered_down" while="" timeout="0" info="">
[20:50:17.661]      // if-block "powered_down"
[20:50:17.661]        // =>  TRUE
[20:50:17.661]      <block atomic="false" info="">
[20:50:17.661]        Message(0, "Debug/System power-up request sent");
[20:50:17.667]        WriteDP(DP_CTRL_STAT, 0x50000000);
[20:50:17.671]          // -> [WriteDP(0x00000004, 0x50000000)]   (__dp=0x00000000)
[20:50:17.671]      </block>
[20:50:17.671]      <control if="" while="(ReadDP(DP_CTRL_STAT) & 0xA0000000) != 0xA0000000" timeout="1000000" info="">
[20:50:17.671]        // while "(ReadDP(DP_CTRL_STAT) & 0xA0000000) != 0xA0000000"  (timeout="1000000")
[20:50:17.673]          // -> [ReadDP(0x00000004) => 0xF0000040]   (__dp=0x00000000)
[20:50:17.673]        // while-condition  =>  FALSE
[20:50:17.673]        // end while "(ReadDP(DP_CTRL_STAT) & 0xA0000000) != 0xA0000000"
[20:50:17.673]      </control>
[20:50:17.673]      <control if="(__protocol & 0xFFFF) == 1" while="" timeout="0" info="">
[20:50:17.673]        // if-block "(__protocol & 0xFFFF) == 1"
[20:50:17.673]          // =>  FALSE
[20:50:17.673]        // skip if-block "(__protocol & 0xFFFF) == 1"
[20:50:17.673]      </control>
[20:50:17.673]      <control if="(__protocol & 0xFFFF) == 2" while="" timeout="0" info="">
[20:50:17.673]        // if-block "(__protocol & 0xFFFF) == 2"
[20:50:17.673]          // =>  TRUE
[20:50:17.673]        <block atomic="false" info="">
[20:50:17.673]          Message(0, "executing SWD power up");
[20:50:17.673]          WriteDP(DP_CTRL_STAT, 0x50000F00);
[20:50:17.681]            // -> [WriteDP(0x00000004, 0x50000F00)]   (__dp=0x00000000)
[20:50:17.681]          WriteDP(SW_DP_ABORT, 0x0000001E);
[20:50:17.681]            // -> [WriteDP(0x00000000, 0x0000001E)]   (__dp=0x00000000)
[20:50:17.681]        </block>
[20:50:17.681]        // end if-block "(__protocol & 0xFFFF) == 2"
[20:50:17.681]      </control>
[20:50:17.681]      // end if-block "powered_down"
[20:50:17.681]    </control>
[20:50:17.681]    <block atomic="false" info="">
[20:50:17.681]      __var DEBUG_PORT_VAL    = 0;
[20:50:17.681]        // -> [DEBUG_PORT_VAL <= 0x00000000]
[20:50:17.681]      __var ACCESS_POINT_VAL  = 0;
[20:50:17.681]        // -> [ACCESS_POINT_VAL <= 0x00000000]
[20:50:17.685]      __ap = 1; 
[20:50:17.685]        // -> [__ap <= 0x00000001]
[20:50:17.685]      WriteAP(0x0C, 0x04); //lets use the mini pwr-ap as backup
[20:50:17.687]        // -> [WriteAP(0x0000000C, 0x00000004)]   (__dp=0x00000000, __ap=0x00000001)
[20:50:17.687]      __ap = 4;
[20:50:17.687]        // -> [__ap <= 0x00000004]
[20:50:17.687]      ACCESS_POINT_VAL = ReadAP(0x00);//Reading current state of access point
[20:50:17.693]        // -> [ReadAP(0x00000000) => 0x00080027]   (__dp=0x00000000, __ap=0x00000004)
[20:50:17.693]        // -> [ACCESS_POINT_VAL <= 0x00080027]
[20:50:17.693]      Message(0, "Current state of access point is: %x",ACCESS_POINT_VAL);
[20:50:17.693]    </block>
[20:50:17.693]    <block atomic="false" info="">
[20:50:17.693]      __var nReset = 0x80;
[20:50:17.693]        // -> [nReset <= 0x00000080]
[20:50:17.693]      __var canReadPins = 0;
[20:50:17.693]        // -> [canReadPins <= 0x00000000]
[20:50:17.693]      canReadPins = (DAP_SWJ_Pins(0x00, nReset, 0) != 0xFFFFFFFF);
[20:50:17.696]        // -> [DAP_SWJ_Pins(0x00, 0x80, 0) => 0x0F]   (Out: nRESET=0  =>  In: SWCLK/TCK=1, SWDIO/TMS=1, TDI=1, TDO=1, nTRST=0, nRESET=0)
[20:50:17.696]        // -> [canReadPins <= 0x00000001]
[20:50:17.696]    </block>
[20:50:17.696]    <control if="" while="1" timeout="200" info="">
[20:50:17.696]      // while "1"  (timeout="200")
[20:50:17.696]      // while-condition  =>  TRUE
[20:50:17.697]      // while "1"  (timeout="200")
[20:50:17.697]      // while-condition  =>  TRUE
[20:50:17.697]      // while "1"  (timeout="200")
[20:50:17.697]      // while-condition  =>  TRUE
[20:50:17.697]      // while "1"  (timeout="200")
[20:50:17.697]      // while-condition  =>  TRUE
[20:50:17.697]      // while "1"  (timeout="200")
[20:50:17.697]      // while-condition  =>  TRUE
[20:50:17.697]      // while "1"  (timeout="200")
[20:50:17.697]      // while-condition  =>  TRUE
[20:50:17.697]      // while "1"  (timeout="200")
[20:50:17.697]      // while-condition  =>  TRUE
[20:50:17.697]      // while "1"  (timeout="200")
[20:50:17.697]      // while-condition  =>  TRUE
[20:50:17.697]      // while "1"  (timeout="200")
[20:50:17.697]      // while-condition  =>  TRUE
[20:50:17.697]      // while "1"  (timeout="200")
[20:50:17.697]      // while-condition  =>  TRUE
[20:50:17.697]      // while "1"  (timeout="200")
[20:50:17.697]      // while-condition  =>  TRUE
[20:50:17.697]      // while "1"  (timeout="200")
[20:50:17.697]      // while-condition  =>  TRUE
[20:50:17.697]      // while "1"  (timeout="200")
[20:50:17.697]      // while-condition  =>  TRUE
[20:50:17.697]      // while "1"  (timeout="200")
[20:50:17.697]      // while-condition  =>  TRUE
[20:50:17.697]      // while "1"  (timeout="200")
[20:50:17.697]      // while-condition  =>  TRUE
[20:50:17.697]      // while "1"  (timeout="200")
[20:50:17.697]      // while-condition  =>  TRUE
[20:50:17.697]      // while "1"  (timeout="200")
[20:50:17.697]      // while-condition  =>  TRUE
[20:50:17.697]      // while "1"  (timeout="200")
[20:50:17.697]      // while-condition  =>  TRUE
[20:50:17.697]      // while "1"  (timeout="200")
[20:50:17.697]      // while-condition  =>  TRUE
[20:50:17.697]      // while "1"  (timeout="200")
[20:50:17.697]      // while-condition  =>  TRUE
[20:50:17.697]      // while "1"  (timeout="200")
[20:50:17.697]      // while-condition  =>  TRUE
[20:50:17.697]      // while "1"  (timeout="200")
[20:50:17.697]      // while-condition  =>  TRUE
[20:50:17.697]      // while "1"  (timeout="200")
[20:50:17.697]      // while-condition  =>  TRUE
[20:50:17.697]      // while "1"  (timeout="200")
[20:50:17.697]      // while-condition  =>  TRUE
[20:50:17.697]      // while "1"  (timeout="200")
[20:50:17.697]      // while-condition  =>  TRUE
[20:50:17.697]      // while "1"  (timeout="200")
[20:50:17.697]      // while-condition  =>  TRUE
[20:50:17.697]      // while "1"  (timeout="200")
[20:50:17.697]      // while-condition  =>  TRUE
[20:50:17.697]      // while "1"  (timeout="200")
[20:50:17.697]      // while-condition  =>  TRUE
[20:50:17.697]      // while "1"  (timeout="200")
[20:50:17.697]      // while-condition  =>  TRUE
[20:50:17.697]      // while "1"  (timeout="200")
[20:50:17.697]      // while-condition  =>  TRUE
[20:50:17.700]      // while "1"  (timeout="200")
[20:50:17.700]      // while  =>  TIMEOUT
[20:50:17.700]      // end while "1"
[20:50:17.700]    </control>
[20:50:17.700]    <control if="canReadPins" while="" timeout="0" info="">
[20:50:17.700]      // if-block "canReadPins"
[20:50:17.700]        // =>  TRUE
[20:50:17.700]      <control if="" while="(DAP_SWJ_Pins(nReset, nReset, 0) & nReset) == 0" timeout="1000000" info="">
[20:50:17.700]        // while "(DAP_SWJ_Pins(nReset, nReset, 0) & nReset) == 0"  (timeout="1000000")
[20:50:17.702]          // -> [DAP_SWJ_Pins(0x80, 0x80, 0) => 0x8F]   (Out: nRESET=1  =>  In: SWCLK/TCK=1, SWDIO/TMS=1, TDI=1, TDO=1, nTRST=0, nRESET=1)
[20:50:17.702]        // while-condition  =>  FALSE
[20:50:17.702]        // end while "(DAP_SWJ_Pins(nReset, nReset, 0) & nReset) == 0"
[20:50:17.702]      </control>
[20:50:17.702]      // end if-block "canReadPins"
[20:50:17.702]    </control>
[20:50:17.702]    <control if="!canReadPins" while="" timeout="0" info="">
[20:50:17.702]      // if-block "!canReadPins"
[20:50:17.702]        // =>  FALSE
[20:50:17.702]      // skip if-block "!canReadPins"
[20:50:17.702]    </control>
[20:50:17.705]    <control if="(ACCESS_POINT_VAL & 0x00E00000) == 0" while="" timeout="0" info="">
[20:50:17.705]      // if-block "(ACCESS_POINT_VAL & 0x00E00000) == 0"
[20:50:17.705]        // =>  TRUE
[20:50:17.705]      <block atomic="false" info="">
[20:50:17.705]        WriteAP(0x00, 0x190008);
[20:50:17.706]          // -> [WriteAP(0x00000000, 0x00190008)]   (__dp=0x00000000, __ap=0x00000004)
[20:50:17.706]        WriteAP(0xF0, 0x01);
[20:50:17.712]          // -> [WriteAP(0x000000F0, 0x00000001)]   (__dp=0x00000000, __ap=0x00000004)
[20:50:17.712]      </block>
[20:50:17.712]      // end if-block "(ACCESS_POINT_VAL & 0x00E00000) == 0"
[20:50:17.712]    </control>
[20:50:17.712]    <control if="(ACCESS_POINT_VAL & 0x00E00000) != 0" while="" timeout="0" info="">
[20:50:17.712]      // if-block "(ACCESS_POINT_VAL & 0x00E00000) != 0"
[20:50:17.712]        // =>  FALSE
[20:50:17.712]      // skip if-block "(ACCESS_POINT_VAL & 0x00E00000) != 0"
[20:50:17.712]    </control>
[20:50:17.712]    <block atomic="false" info="">
[20:50:17.712]      ACCESS_POINT_VAL = ReadAP(0x00);//Reading current state of access point
[20:50:17.715]        // -> [ReadAP(0x00000000) => 0x0079002F]   (__dp=0x00000000, __ap=0x00000004)
[20:50:17.716]        // -> [ACCESS_POINT_VAL <= 0x0079002F]
[20:50:17.716]      Message(0, "Current state of access point is: %x",ACCESS_POINT_VAL);
[20:50:17.717]      __ap = 0; //lets make sure we reset the access point selection
[20:50:17.718]        // -> [__ap <= 0x00000000]
[20:50:17.718]    </block>
[20:50:17.718]  </sequence>
[20:50:17.718]  
[20:50:17.740]  **********  Sequence "DebugDeviceUnlock"  (Context="Connect", Pname="", info="")
[20:50:17.740]  
[20:50:17.740]  <debugvars>
[20:50:17.740]    // Pre-defined
[20:50:17.740]    __protocol=0x00010002      (Protocol="SWD", SWJ-DP="True")
[20:50:17.740]    __connection=0x00000202    (Connection Type="Flash", Reset Type="System Reset")
[20:50:17.740]    __dp=0x00000000
[20:50:17.740]    __ap=0x00000000
[20:50:17.740]    __traceout=0x00000000      (Trace Disabled)
[20:50:17.740]    __errorcontrol=0x00000000  (Skip Errors="False")
[20:50:17.740]    __FlashAddr=0x00000000
[20:50:17.740]    __FlashLen=0x00000000
[20:50:17.740]    __FlashArg=0x00000000
[20:50:17.740]    __FlashOp=0x00000000
[20:50:17.740]    __Result=0x00000000
[20:50:17.740]  </debugvars>
[20:50:17.740]  
[20:50:17.740]  <sequence name="DebugDeviceUnlock" Pname="" disable="false" info="">
[20:50:17.740]    <block atomic="false" info="">
[20:50:17.740]      __var deviceID = 0;
[20:50:17.740]        // -> [deviceID <= 0x00000000]
[20:50:17.740]      __var version = 0;
[20:50:17.740]        // -> [version <= 0x00000000]
[20:50:17.740]      __var partNum = 0;
[20:50:17.740]        // -> [partNum <= 0x00000000]
[20:50:17.740]      __var manuf = 0;
[20:50:17.740]        // -> [manuf <= 0x00000000]
[20:50:17.742]      __var isMSPM0G1X0X_G3X0X = 0;
[20:50:17.742]        // -> [isMSPM0G1X0X_G3X0X <= 0x00000000]
[20:50:17.742]      __var isProduction = 0;
[20:50:17.742]        // -> [isProduction <= 0x00000000]
[20:50:17.742]      __var continueId = 0;
[20:50:17.742]        // -> [continueId <= 0x00000000]
[20:50:17.742]      deviceID =   Read32(0x41C40004);
[20:50:17.746]        // -> [Read32(0x41C40004) => 0x2BB8802F]   (__dp=0x00000000, __ap=0x00000000)
[20:50:17.746]        // -> [deviceID <= 0x2BB8802F]
[20:50:17.746]      version = deviceID >> 28;
[20:50:17.746]        // -> [version <= 0x00000002]
[20:50:17.746]      partNum = (deviceID & 0x0FFFF000) >> 12;
[20:50:17.746]        // -> [partNum <= 0x0000BB88]
[20:50:17.746]      manuf = (deviceID & 0x00000FFE) >> 1;
[20:50:17.746]        // -> [manuf <= 0x00000017]
[20:50:17.746]      isMSPM0G1X0X_G3X0X = (partNum == 0xBB88) && (manuf == 0x17);
[20:50:17.746]        // -> [isMSPM0G1X0X_G3X0X <= 0x00000001]
[20:50:17.746]      isProduction = (version > 0);
[20:50:17.746]        // -> [isProduction <= 0x00000001]
[20:50:17.746]    </block>
[20:50:17.746]    <control if="!isMSPM0G1X0X_G3X0X" while="" timeout="0" info="">
[20:50:17.746]      // if-block "!isMSPM0G1X0X_G3X0X"
[20:50:17.746]        // =>  FALSE
[20:50:17.746]      // skip if-block "!isMSPM0G1X0X_G3X0X"
[20:50:17.746]    </control>
[20:50:17.746]    <control if="continueId == 4" while="" timeout="0" info="">
[20:50:17.746]      // if-block "continueId == 4"
[20:50:17.746]        // =>  FALSE
[20:50:17.746]      // skip if-block "continueId == 4"
[20:50:17.746]    </control>
[20:50:17.746]    <control if="!isProduction" while="" timeout="0" info="">
[20:50:17.746]      // if-block "!isProduction"
[20:50:17.746]        // =>  FALSE
[20:50:17.746]      // skip if-block "!isProduction"
[20:50:17.746]    </control>
[20:50:17.746]  </sequence>
[20:50:17.746]  
[20:54:49.227]  **********  Sequence "DebugPortSetup"  (Context="Connect", Pname="", info="")
[20:54:49.227]  
[20:54:49.227]  <debugvars>
[20:54:49.227]    // Pre-defined
[20:54:49.227]    __protocol=0x00010002      (Protocol="SWD", SWJ-DP="True")
[20:54:49.227]    __connection=0x00000202    (Connection Type="Flash", Reset Type="System Reset")
[20:54:49.227]    __dp=0x00000000
[20:54:49.227]    __ap=0x00000000
[20:54:49.227]    __traceout=0x00000000      (Trace Disabled)
[20:54:49.227]    __errorcontrol=0x00000000  (Skip Errors="False")
[20:54:49.227]    __FlashAddr=0x00000000
[20:54:49.227]    __FlashLen=0x00000000
[20:54:49.227]    __FlashArg=0x00000000
[20:54:49.227]    __FlashOp=0x00000000
[20:54:49.227]    __Result=0x00000000
[20:54:49.227]  </debugvars>
[20:54:49.227]  
[20:54:49.227]  <sequence name="DebugPortSetup" Pname="" disable="false" info="">
[20:54:49.227]    <block atomic="false" info="">
[20:54:49.227]      __var isSWJ      = ((__protocol & 0x00010000) != 0);
[20:54:49.227]        // -> [isSWJ <= 0x00000001]
[20:54:49.227]      __var hasDormant = __protocol & 0x00020000;
[20:54:49.231]        // -> [hasDormant <= 0x00000000]
[20:54:49.231]      __var protType   = __protocol & 0x0000FFFF;
[20:54:49.231]        // -> [protType <= 0x00000002]
[20:54:49.231]    </block>
[20:54:49.231]    <control if="protType == 1" while="" timeout="0" info="">
[20:54:49.231]      // if-block "protType == 1"
[20:54:49.231]        // =>  FALSE
[20:54:49.231]      // skip if-block "protType == 1"
[20:54:49.231]    </control>
[20:54:49.231]    <control if="protType == 2" while="" timeout="0" info="">
[20:54:49.231]      // if-block "protType == 2"
[20:54:49.231]        // =>  TRUE
[20:54:49.231]      <control if="isSWJ" while="" timeout="0" info="">
[20:54:49.231]        // if-block "isSWJ"
[20:54:49.231]          // =>  TRUE
[20:54:49.231]        <control if="hasDormant" while="" timeout="0" info="">
[20:54:49.231]          // if-block "hasDormant"
[20:54:49.231]            // =>  FALSE
[20:54:49.231]          // skip if-block "hasDormant"
[20:54:49.231]        </control>
[20:54:49.231]        <control if="!hasDormant" while="" timeout="0" info="">
[20:54:49.231]          // if-block "!hasDormant"
[20:54:49.231]            // =>  TRUE
[20:54:49.231]          <block atomic="false" info="">
[20:54:49.231]            DAP_SWJ_Sequence(51, 0x0007FFFFFFFFFFFF); //lets put the JTAG line in a reset state
[20:54:49.231]              // -> [DAP_SWJ_Sequence(51, 0x0007FFFFFFFFFFFF)]
[20:54:49.231]            DAP_SWJ_Sequence(16,0xE73C); //SWD to JTAG, this is to ensure the state machine is initialized
[20:54:49.231]              // -> [DAP_SWJ_Sequence(16, 0x000000000000E73C)]
[20:54:49.231]            DAP_SWJ_Sequence(51, 0x0007FFFFFFFFFFFF); //Put it back in reset
[20:54:49.231]              // -> [DAP_SWJ_Sequence(51, 0x0007FFFFFFFFFFFF)]
[20:54:49.231]            DAP_SWJ_Sequence(16, 0xE79E); //JTAG to SWD switch
[20:54:49.231]              // -> [DAP_SWJ_Sequence(16, 0x000000000000E79E)]
[20:54:49.231]            DAP_SWJ_Sequence(51, 0x0007FFFFFFFFFFFF);  //Ensure the switch is successful 
[20:54:49.236]              // -> [DAP_SWJ_Sequence(51, 0x0007FFFFFFFFFFFF)]
[20:54:49.236]            DAP_SWJ_Sequence(7,  0x00); //Give the line some time to initialize
[20:54:49.236]              // -> [DAP_SWJ_Sequence(7, 0x0000000000000000)]
[20:54:49.236]          </block>
[20:54:49.236]          // end if-block "!hasDormant"
[20:54:49.236]        </control>
[20:54:49.236]        // end if-block "isSWJ"
[20:54:49.236]      </control>
[20:54:49.236]      <control if="!isSWJ" while="" timeout="0" info="">
[20:54:49.236]        // if-block "!isSWJ"
[20:54:49.236]          // =>  FALSE
[20:54:49.236]        // skip if-block "!isSWJ"
[20:54:49.236]      </control>
[20:54:49.236]      <block atomic="false" info="">
[20:54:49.236]        ReadDP(0x0);
[20:54:49.236]          // -> [ReadDP(0x00000000) => 0x6BA02477]   (__dp=0x00000000)
[20:54:49.236]      </block>
[20:54:49.236]      // end if-block "protType == 2"
[20:54:49.236]    </control>
[20:54:49.236]  </sequence>
[20:54:49.236]  
[20:54:49.236]  **********  Sequence "DebugPortStart"  (Context="Connect", Pname="", info="")
[20:54:49.236]  
[20:54:49.236]  <debugvars>
[20:54:49.242]    // Pre-defined
[20:54:49.242]    __protocol=0x00010002      (Protocol="SWD", SWJ-DP="True")
[20:54:49.242]    __connection=0x00000202    (Connection Type="Flash", Reset Type="System Reset")
[20:54:49.242]    __dp=0x00000000
[20:54:49.242]    __ap=0x00000000
[20:54:49.242]    __traceout=0x00000000      (Trace Disabled)
[20:54:49.242]    __errorcontrol=0x00000000  (Skip Errors="False")
[20:54:49.242]    __FlashAddr=0x00000000
[20:54:49.242]    __FlashLen=0x00000000
[20:54:49.242]    __FlashArg=0x00000000
[20:54:49.242]    __FlashOp=0x00000000
[20:54:49.242]    __Result=0x00000000
[20:54:49.242]  </debugvars>
[20:54:49.242]  
[20:54:49.242]  <sequence name="DebugPortStart" Pname="" disable="false" info="">
[20:54:49.242]    <block atomic="false" info="">
[20:54:49.242]      __var SW_DP_ABORT       = 0x0;
[20:54:49.242]        // -> [SW_DP_ABORT <= 0x00000000]
[20:54:49.242]      __var DP_CTRL_STAT      = 0x4;
[20:54:49.242]        // -> [DP_CTRL_STAT <= 0x00000004]
[20:54:49.242]      __var DP_SELECT         = 0x8;
[20:54:49.242]        // -> [DP_SELECT <= 0x00000008]
[20:54:49.242]      __var powered_down      = 0;
[20:54:49.242]        // -> [powered_down <= 0x00000000]
[20:54:49.242]      WriteDP(DP_SELECT, 0x00000000);
[20:54:49.242]        // -> [WriteDP(0x00000008, 0x00000000)]   (__dp=0x00000000)
[20:54:49.242]      powered_down = ((ReadDP(DP_CTRL_STAT) & 0xA0000000) != 0xA0000000);
[20:54:49.242]        // -> [ReadDP(0x00000004) => 0x00000040]   (__dp=0x00000000)
[20:54:49.242]        // -> [powered_down <= 0x00000001]
[20:54:49.242]    </block>
[20:54:49.242]    <control if="powered_down" while="" timeout="0" info="">
[20:54:49.242]      // if-block "powered_down"
[20:54:49.242]        // =>  TRUE
[20:54:49.242]      <block atomic="false" info="">
[20:54:49.242]        Message(0, "Debug/System power-up request sent");
[20:54:49.242]        WriteDP(DP_CTRL_STAT, 0x50000000);
[20:54:49.247]          // -> [WriteDP(0x00000004, 0x50000000)]   (__dp=0x00000000)
[20:54:49.247]      </block>
[20:54:49.247]      <control if="" while="(ReadDP(DP_CTRL_STAT) & 0xA0000000) != 0xA0000000" timeout="1000000" info="">
[20:54:49.247]        // while "(ReadDP(DP_CTRL_STAT) & 0xA0000000) != 0xA0000000"  (timeout="1000000")
[20:54:49.247]          // -> [ReadDP(0x00000004) => 0xF0000040]   (__dp=0x00000000)
[20:54:49.247]        // while-condition  =>  FALSE
[20:54:49.247]        // end while "(ReadDP(DP_CTRL_STAT) & 0xA0000000) != 0xA0000000"
[20:54:49.247]      </control>
[20:54:49.247]      <control if="(__protocol & 0xFFFF) == 1" while="" timeout="0" info="">
[20:54:49.247]        // if-block "(__protocol & 0xFFFF) == 1"
[20:54:49.247]          // =>  FALSE
[20:54:49.247]        // skip if-block "(__protocol & 0xFFFF) == 1"
[20:54:49.247]      </control>
[20:54:49.247]      <control if="(__protocol & 0xFFFF) == 2" while="" timeout="0" info="">
[20:54:49.247]        // if-block "(__protocol & 0xFFFF) == 2"
[20:54:49.247]          // =>  TRUE
[20:54:49.247]        <block atomic="false" info="">
[20:54:49.247]          Message(0, "executing SWD power up");
[20:54:49.247]          WriteDP(DP_CTRL_STAT, 0x50000F00);
[20:54:49.247]            // -> [WriteDP(0x00000004, 0x50000F00)]   (__dp=0x00000000)
[20:54:49.247]          WriteDP(SW_DP_ABORT, 0x0000001E);
[20:54:49.247]            // -> [WriteDP(0x00000000, 0x0000001E)]   (__dp=0x00000000)
[20:54:49.247]        </block>
[20:54:49.247]        // end if-block "(__protocol & 0xFFFF) == 2"
[20:54:49.247]      </control>
[20:54:49.247]      // end if-block "powered_down"
[20:54:49.247]    </control>
[20:54:49.247]    <block atomic="false" info="">
[20:54:49.247]      __var DEBUG_PORT_VAL    = 0;
[20:54:49.247]        // -> [DEBUG_PORT_VAL <= 0x00000000]
[20:54:49.247]      __var ACCESS_POINT_VAL  = 0;
[20:54:49.247]        // -> [ACCESS_POINT_VAL <= 0x00000000]
[20:54:49.247]      __ap = 1; 
[20:54:49.247]        // -> [__ap <= 0x00000001]
[20:54:49.247]      WriteAP(0x0C, 0x04); //lets use the mini pwr-ap as backup
[20:54:49.252]        // -> [WriteAP(0x0000000C, 0x00000004)]   (__dp=0x00000000, __ap=0x00000001)
[20:54:49.252]      __ap = 4;
[20:54:49.252]        // -> [__ap <= 0x00000004]
[20:54:49.252]      ACCESS_POINT_VAL = ReadAP(0x00);//Reading current state of access point
[20:54:49.252]        // -> [ReadAP(0x00000000) => 0x00080027]   (__dp=0x00000000, __ap=0x00000004)
[20:54:49.252]        // -> [ACCESS_POINT_VAL <= 0x00080027]
[20:54:49.252]      Message(0, "Current state of access point is: %x",ACCESS_POINT_VAL);
[20:54:49.252]    </block>
[20:54:49.252]    <block atomic="false" info="">
[20:54:49.252]      __var nReset = 0x80;
[20:54:49.252]        // -> [nReset <= 0x00000080]
[20:54:49.252]      __var canReadPins = 0;
[20:54:49.252]        // -> [canReadPins <= 0x00000000]
[20:54:49.252]      canReadPins = (DAP_SWJ_Pins(0x00, nReset, 0) != 0xFFFFFFFF);
[20:54:49.252]        // -> [DAP_SWJ_Pins(0x00, 0x80, 0) => 0x0F]   (Out: nRESET=0  =>  In: SWCLK/TCK=1, SWDIO/TMS=1, TDI=1, TDO=1, nTRST=0, nRESET=0)
[20:54:49.252]        // -> [canReadPins <= 0x00000001]
[20:54:49.252]    </block>
[20:54:49.252]    <control if="" while="1" timeout="200" info="">
[20:54:49.252]      // while "1"  (timeout="200")
[20:54:49.252]      // while-condition  =>  TRUE
[20:54:49.252]      // while "1"  (timeout="200")
[20:54:49.252]      // while-condition  =>  TRUE
[20:54:49.252]      // while "1"  (timeout="200")
[20:54:49.252]      // while-condition  =>  TRUE
[20:54:49.252]      // while "1"  (timeout="200")
[20:54:49.252]      // while-condition  =>  TRUE
[20:54:49.252]      // while "1"  (timeout="200")
[20:54:49.252]      // while-condition  =>  TRUE
[20:54:49.252]      // while "1"  (timeout="200")
[20:54:49.258]      // while-condition  =>  TRUE
[20:54:49.258]      // while "1"  (timeout="200")
[20:54:49.258]      // while-condition  =>  TRUE
[20:54:49.258]      // while "1"  (timeout="200")
[20:54:49.258]      // while-condition  =>  TRUE
[20:54:49.258]      // while "1"  (timeout="200")
[20:54:49.258]      // while-condition  =>  TRUE
[20:54:49.258]      // while "1"  (timeout="200")
[20:54:49.258]      // while-condition  =>  TRUE
[20:54:49.258]      // while "1"  (timeout="200")
[20:54:49.258]      // while-condition  =>  TRUE
[20:54:49.258]      // while "1"  (timeout="200")
[20:54:49.258]      // while-condition  =>  TRUE
[20:54:49.258]      // while "1"  (timeout="200")
[20:54:49.258]      // while-condition  =>  TRUE
[20:54:49.258]      // while "1"  (timeout="200")
[20:54:49.258]      // while-condition  =>  TRUE
[20:54:49.263]      // while "1"  (timeout="200")
[20:54:49.263]      // while  =>  TIMEOUT
[20:54:49.263]      // end while "1"
[20:54:49.263]    </control>
[20:54:49.263]    <control if="canReadPins" while="" timeout="0" info="">
[20:54:49.263]      // if-block "canReadPins"
[20:54:49.263]        // =>  TRUE
[20:54:49.263]      <control if="" while="(DAP_SWJ_Pins(nReset, nReset, 0) & nReset) == 0" timeout="1000000" info="">
[20:54:49.263]        // while "(DAP_SWJ_Pins(nReset, nReset, 0) & nReset) == 0"  (timeout="1000000")
[20:54:49.263]          // -> [DAP_SWJ_Pins(0x80, 0x80, 0) => 0x8F]   (Out: nRESET=1  =>  In: SWCLK/TCK=1, SWDIO/TMS=1, TDI=1, TDO=1, nTRST=0, nRESET=1)
[20:54:49.263]        // while-condition  =>  FALSE
[20:54:49.263]        // end while "(DAP_SWJ_Pins(nReset, nReset, 0) & nReset) == 0"
[20:54:49.263]      </control>
[20:54:49.263]      // end if-block "canReadPins"
[20:54:49.263]    </control>
[20:54:49.263]    <control if="!canReadPins" while="" timeout="0" info="">
[20:54:49.263]      // if-block "!canReadPins"
[20:54:49.263]        // =>  FALSE
[20:54:49.263]      // skip if-block "!canReadPins"
[20:54:49.263]    </control>
[20:54:49.263]    <control if="(ACCESS_POINT_VAL & 0x00E00000) == 0" while="" timeout="0" info="">
[20:54:49.263]      // if-block "(ACCESS_POINT_VAL & 0x00E00000) == 0"
[20:54:49.263]        // =>  TRUE
[20:54:49.263]      <block atomic="false" info="">
[20:54:49.263]        WriteAP(0x00, 0x190008);
[20:54:49.263]          // -> [WriteAP(0x00000000, 0x00190008)]   (__dp=0x00000000, __ap=0x00000004)
[20:54:49.263]        WriteAP(0xF0, 0x01);
[20:54:49.263]          // -> [WriteAP(0x000000F0, 0x00000001)]   (__dp=0x00000000, __ap=0x00000004)
[20:54:49.263]      </block>
[20:54:49.263]      // end if-block "(ACCESS_POINT_VAL & 0x00E00000) == 0"
[20:54:49.263]    </control>
[20:54:49.263]    <control if="(ACCESS_POINT_VAL & 0x00E00000) != 0" while="" timeout="0" info="">
[20:54:49.268]      // if-block "(ACCESS_POINT_VAL & 0x00E00000) != 0"
[20:54:49.268]        // =>  FALSE
[20:54:49.268]      // skip if-block "(ACCESS_POINT_VAL & 0x00E00000) != 0"
[20:54:49.268]    </control>
[20:54:49.268]    <block atomic="false" info="">
[20:54:49.268]      ACCESS_POINT_VAL = ReadAP(0x00);//Reading current state of access point
[20:54:49.268]        // -> [ReadAP(0x00000000) => 0x0079002F]   (__dp=0x00000000, __ap=0x00000004)
[20:54:49.268]        // -> [ACCESS_POINT_VAL <= 0x0079002F]
[20:54:49.268]      Message(0, "Current state of access point is: %x",ACCESS_POINT_VAL);
[20:54:49.268]      __ap = 0; //lets make sure we reset the access point selection
[20:54:49.268]        // -> [__ap <= 0x00000000]
[20:54:49.268]    </block>
[20:54:49.268]  </sequence>
[20:54:49.268]  
[20:54:49.278]  **********  Sequence "DebugDeviceUnlock"  (Context="Connect", Pname="", info="")
[20:54:49.278]  
[20:54:49.278]  <debugvars>
[20:54:49.278]    // Pre-defined
[20:54:49.278]    __protocol=0x00010002      (Protocol="SWD", SWJ-DP="True")
[20:54:49.278]    __connection=0x00000202    (Connection Type="Flash", Reset Type="System Reset")
[20:54:49.278]    __dp=0x00000000
[20:54:49.278]    __ap=0x00000000
[20:54:49.278]    __traceout=0x00000000      (Trace Disabled)
[20:54:49.278]    __errorcontrol=0x00000000  (Skip Errors="False")
[20:54:49.278]    __FlashAddr=0x00000000
[20:54:49.278]    __FlashLen=0x00000000
[20:54:49.278]    __FlashArg=0x00000000
[20:54:49.278]    __FlashOp=0x00000000
[20:54:49.278]    __Result=0x00000000
[20:54:49.278]  </debugvars>
[20:54:49.278]  
[20:54:49.278]  <sequence name="DebugDeviceUnlock" Pname="" disable="false" info="">
[20:54:49.278]    <block atomic="false" info="">
[20:54:49.278]      __var deviceID = 0;
[20:54:49.278]        // -> [deviceID <= 0x00000000]
[20:54:49.278]      __var version = 0;
[20:54:49.278]        // -> [version <= 0x00000000]
[20:54:49.278]      __var partNum = 0;
[20:54:49.278]        // -> [partNum <= 0x00000000]
[20:54:49.278]      __var manuf = 0;
[20:54:49.278]        // -> [manuf <= 0x00000000]
[20:54:49.278]      __var isMSPM0G1X0X_G3X0X = 0;
[20:54:49.278]        // -> [isMSPM0G1X0X_G3X0X <= 0x00000000]
[20:54:49.278]      __var isProduction = 0;
[20:54:49.278]        // -> [isProduction <= 0x00000000]
[20:54:49.278]      __var continueId = 0;
[20:54:49.278]        // -> [continueId <= 0x00000000]
[20:54:49.278]      deviceID =   Read32(0x41C40004);
[20:54:49.283]        // -> [Read32(0x41C40004) => 0x2BB8802F]   (__dp=0x00000000, __ap=0x00000000)
[20:54:49.283]        // -> [deviceID <= 0x2BB8802F]
[20:54:49.283]      version = deviceID >> 28;
[20:54:49.283]        // -> [version <= 0x00000002]
[20:54:49.283]      partNum = (deviceID & 0x0FFFF000) >> 12;
[20:54:49.283]        // -> [partNum <= 0x0000BB88]
[20:54:49.283]      manuf = (deviceID & 0x00000FFE) >> 1;
[20:54:49.283]        // -> [manuf <= 0x00000017]
[20:54:49.283]      isMSPM0G1X0X_G3X0X = (partNum == 0xBB88) && (manuf == 0x17);
[20:54:49.283]        // -> [isMSPM0G1X0X_G3X0X <= 0x00000001]
[20:54:49.283]      isProduction = (version > 0);
[20:54:49.283]        // -> [isProduction <= 0x00000001]
[20:54:49.283]    </block>
[20:54:49.283]    <control if="!isMSPM0G1X0X_G3X0X" while="" timeout="0" info="">
[20:54:49.283]      // if-block "!isMSPM0G1X0X_G3X0X"
[20:54:49.283]        // =>  FALSE
[20:54:49.283]      // skip if-block "!isMSPM0G1X0X_G3X0X"
[20:54:49.283]    </control>
[20:54:49.283]    <control if="continueId == 4" while="" timeout="0" info="">
[20:54:49.283]      // if-block "continueId == 4"
[20:54:49.283]        // =>  FALSE
[20:54:49.283]      // skip if-block "continueId == 4"
[20:54:49.283]    </control>
[20:54:49.283]    <control if="!isProduction" while="" timeout="0" info="">
[20:54:49.283]      // if-block "!isProduction"
[20:54:49.283]        // =>  FALSE
[20:54:49.283]      // skip if-block "!isProduction"
[20:54:49.283]    </control>
[20:54:49.283]  </sequence>
[20:54:49.283]  
[21:03:15.010]  **********  Sequence "DebugPortSetup"  (Context="Connect", Pname="", info="")
[21:03:15.010]  
[21:03:15.010]  <debugvars>
[21:03:15.010]    // Pre-defined
[21:03:15.010]    __protocol=0x00010002      (Protocol="SWD", SWJ-DP="True")
[21:03:15.010]    __connection=0x00000202    (Connection Type="Flash", Reset Type="System Reset")
[21:03:15.010]    __dp=0x00000000
[21:03:15.010]    __ap=0x00000000
[21:03:15.010]    __traceout=0x00000000      (Trace Disabled)
[21:03:15.010]    __errorcontrol=0x00000000  (Skip Errors="False")
[21:03:15.010]    __FlashAddr=0x00000000
[21:03:15.010]    __FlashLen=0x00000000
[21:03:15.010]    __FlashArg=0x00000000
[21:03:15.010]    __FlashOp=0x00000000
[21:03:15.010]    __Result=0x00000000
[21:03:15.010]  </debugvars>
[21:03:15.010]  
[21:03:15.010]  <sequence name="DebugPortSetup" Pname="" disable="false" info="">
[21:03:15.010]    <block atomic="false" info="">
[21:03:15.010]      __var isSWJ      = ((__protocol & 0x00010000) != 0);
[21:03:15.010]        // -> [isSWJ <= 0x00000001]
[21:03:15.010]      __var hasDormant = __protocol & 0x00020000;
[21:03:15.010]        // -> [hasDormant <= 0x00000000]
[21:03:15.010]      __var protType   = __protocol & 0x0000FFFF;
[21:03:15.010]        // -> [protType <= 0x00000002]
[21:03:15.010]    </block>
[21:03:15.010]    <control if="protType == 1" while="" timeout="0" info="">
[21:03:15.010]      // if-block "protType == 1"
[21:03:15.010]        // =>  FALSE
[21:03:15.010]      // skip if-block "protType == 1"
[21:03:15.010]    </control>
[21:03:15.010]    <control if="protType == 2" while="" timeout="0" info="">
[21:03:15.010]      // if-block "protType == 2"
[21:03:15.010]        // =>  TRUE
[21:03:15.010]      <control if="isSWJ" while="" timeout="0" info="">
[21:03:15.010]        // if-block "isSWJ"
[21:03:15.010]          // =>  TRUE
[21:03:15.010]        <control if="hasDormant" while="" timeout="0" info="">
[21:03:15.010]          // if-block "hasDormant"
[21:03:15.010]            // =>  FALSE
[21:03:15.010]          // skip if-block "hasDormant"
[21:03:15.010]        </control>
[21:03:15.010]        <control if="!hasDormant" while="" timeout="0" info="">
[21:03:15.010]          // if-block "!hasDormant"
[21:03:15.010]            // =>  TRUE
[21:03:15.010]          <block atomic="false" info="">
[21:03:15.010]            DAP_SWJ_Sequence(51, 0x0007FFFFFFFFFFFF); //lets put the JTAG line in a reset state
[21:03:15.015]              // -> [DAP_SWJ_Sequence(51, 0x0007FFFFFFFFFFFF)]
[21:03:15.015]            DAP_SWJ_Sequence(16,0xE73C); //SWD to JTAG, this is to ensure the state machine is initialized
[21:03:15.015]              // -> [DAP_SWJ_Sequence(16, 0x000000000000E73C)]
[21:03:15.015]            DAP_SWJ_Sequence(51, 0x0007FFFFFFFFFFFF); //Put it back in reset
[21:03:15.015]              // -> [DAP_SWJ_Sequence(51, 0x0007FFFFFFFFFFFF)]
[21:03:15.015]            DAP_SWJ_Sequence(16, 0xE79E); //JTAG to SWD switch
[21:03:15.020]              // -> [DAP_SWJ_Sequence(16, 0x000000000000E79E)]
[21:03:15.020]            DAP_SWJ_Sequence(51, 0x0007FFFFFFFFFFFF);  //Ensure the switch is successful 
[21:03:15.020]              // -> [DAP_SWJ_Sequence(51, 0x0007FFFFFFFFFFFF)]
[21:03:15.020]            DAP_SWJ_Sequence(7,  0x00); //Give the line some time to initialize
[21:03:15.020]              // -> [DAP_SWJ_Sequence(7, 0x0000000000000000)]
[21:03:15.025]          </block>
[21:03:15.025]          // end if-block "!hasDormant"
[21:03:15.025]        </control>
[21:03:15.025]        // end if-block "isSWJ"
[21:03:15.025]      </control>
[21:03:15.025]      <control if="!isSWJ" while="" timeout="0" info="">
[21:03:15.025]        // if-block "!isSWJ"
[21:03:15.025]          // =>  FALSE
[21:03:15.025]        // skip if-block "!isSWJ"
[21:03:15.025]      </control>
[21:03:15.025]      <block atomic="false" info="">
[21:03:15.025]        ReadDP(0x0);
[21:03:15.025]          // -> [ReadDP(0x00000000) => 0x6BA02477]   (__dp=0x00000000)
[21:03:15.025]      </block>
[21:03:15.025]      // end if-block "protType == 2"
[21:03:15.025]    </control>
[21:03:15.025]  </sequence>
[21:03:15.025]  
[21:03:15.030]  **********  Sequence "DebugPortStart"  (Context="Connect", Pname="", info="")
[21:03:15.030]  
[21:03:15.030]  <debugvars>
[21:03:15.030]    // Pre-defined
[21:03:15.030]    __protocol=0x00010002      (Protocol="SWD", SWJ-DP="True")
[21:03:15.030]    __connection=0x00000202    (Connection Type="Flash", Reset Type="System Reset")
[21:03:15.030]    __dp=0x00000000
[21:03:15.030]    __ap=0x00000000
[21:03:15.030]    __traceout=0x00000000      (Trace Disabled)
[21:03:15.030]    __errorcontrol=0x00000000  (Skip Errors="False")
[21:03:15.030]    __FlashAddr=0x00000000
[21:03:15.030]    __FlashLen=0x00000000
[21:03:15.030]    __FlashArg=0x00000000
[21:03:15.030]    __FlashOp=0x00000000
[21:03:15.030]    __Result=0x00000000
[21:03:15.030]  </debugvars>
[21:03:15.030]  
[21:03:15.030]  <sequence name="DebugPortStart" Pname="" disable="false" info="">
[21:03:15.030]    <block atomic="false" info="">
[21:03:15.030]      __var SW_DP_ABORT       = 0x0;
[21:03:15.030]        // -> [SW_DP_ABORT <= 0x00000000]
[21:03:15.030]      __var DP_CTRL_STAT      = 0x4;
[21:03:15.030]        // -> [DP_CTRL_STAT <= 0x00000004]
[21:03:15.030]      __var DP_SELECT         = 0x8;
[21:03:15.030]        // -> [DP_SELECT <= 0x00000008]
[21:03:15.030]      __var powered_down      = 0;
[21:03:15.030]        // -> [powered_down <= 0x00000000]
[21:03:15.030]      WriteDP(DP_SELECT, 0x00000000);
[21:03:15.030]        // -> [WriteDP(0x00000008, 0x00000000)]   (__dp=0x00000000)
[21:03:15.030]      powered_down = ((ReadDP(DP_CTRL_STAT) & 0xA0000000) != 0xA0000000);
[21:03:15.036]        // -> [ReadDP(0x00000004) => 0x00000040]   (__dp=0x00000000)
[21:03:15.036]        // -> [powered_down <= 0x00000001]
[21:03:15.036]    </block>
[21:03:15.036]    <control if="powered_down" while="" timeout="0" info="">
[21:03:15.036]      // if-block "powered_down"
[21:03:15.038]        // =>  TRUE
[21:03:15.038]      <block atomic="false" info="">
[21:03:15.038]        Message(0, "Debug/System power-up request sent");
[21:03:15.038]        WriteDP(DP_CTRL_STAT, 0x50000000);
[21:03:15.041]          // -> [WriteDP(0x00000004, 0x50000000)]   (__dp=0x00000000)
[21:03:15.041]      </block>
[21:03:15.041]      <control if="" while="(ReadDP(DP_CTRL_STAT) & 0xA0000000) != 0xA0000000" timeout="1000000" info="">
[21:03:15.041]        // while "(ReadDP(DP_CTRL_STAT) & 0xA0000000) != 0xA0000000"  (timeout="1000000")
[21:03:15.041]          // -> [ReadDP(0x00000004) => 0xF0000040]   (__dp=0x00000000)
[21:03:15.044]        // while-condition  =>  FALSE
[21:03:15.044]        // end while "(ReadDP(DP_CTRL_STAT) & 0xA0000000) != 0xA0000000"
[21:03:15.044]      </control>
[21:03:15.044]      <control if="(__protocol & 0xFFFF) == 1" while="" timeout="0" info="">
[21:03:15.044]        // if-block "(__protocol & 0xFFFF) == 1"
[21:03:15.044]          // =>  FALSE
[21:03:15.044]        // skip if-block "(__protocol & 0xFFFF) == 1"
[21:03:15.044]      </control>
[21:03:15.044]      <control if="(__protocol & 0xFFFF) == 2" while="" timeout="0" info="">
[21:03:15.044]        // if-block "(__protocol & 0xFFFF) == 2"
[21:03:15.044]          // =>  TRUE
[21:03:15.044]        <block atomic="false" info="">
[21:03:15.044]          Message(0, "executing SWD power up");
[21:03:15.044]          WriteDP(DP_CTRL_STAT, 0x50000F00);
[21:03:15.046]            // -> [WriteDP(0x00000004, 0x50000F00)]   (__dp=0x00000000)
[21:03:15.048]          WriteDP(SW_DP_ABORT, 0x0000001E);
[21:03:15.048]            // -> [WriteDP(0x00000000, 0x0000001E)]   (__dp=0x00000000)
[21:03:15.048]        </block>
[21:03:15.048]        // end if-block "(__protocol & 0xFFFF) == 2"
[21:03:15.048]      </control>
[21:03:15.048]      // end if-block "powered_down"
[21:03:15.048]    </control>
[21:03:15.048]    <block atomic="false" info="">
[21:03:15.048]      __var DEBUG_PORT_VAL    = 0;
[21:03:15.048]        // -> [DEBUG_PORT_VAL <= 0x00000000]
[21:03:15.048]      __var ACCESS_POINT_VAL  = 0;
[21:03:15.051]        // -> [ACCESS_POINT_VAL <= 0x00000000]
[21:03:15.051]      __ap = 1; 
[21:03:15.051]        // -> [__ap <= 0x00000001]
[21:03:15.051]      WriteAP(0x0C, 0x04); //lets use the mini pwr-ap as backup
[21:03:15.056]        // -> [WriteAP(0x0000000C, 0x00000004)]   (__dp=0x00000000, __ap=0x00000001)
[21:03:15.056]      __ap = 4;
[21:03:15.056]        // -> [__ap <= 0x00000004]
[21:03:15.056]      ACCESS_POINT_VAL = ReadAP(0x00);//Reading current state of access point
[21:03:15.058]        // -> [ReadAP(0x00000000) => 0x00080027]   (__dp=0x00000000, __ap=0x00000004)
[21:03:15.058]        // -> [ACCESS_POINT_VAL <= 0x00080027]
[21:03:15.058]      Message(0, "Current state of access point is: %x",ACCESS_POINT_VAL);
[21:03:15.061]    </block>
[21:03:15.061]    <block atomic="false" info="">
[21:03:15.061]      __var nReset = 0x80;
[21:03:15.061]        // -> [nReset <= 0x00000080]
[21:03:15.061]      __var canReadPins = 0;
[21:03:15.061]        // -> [canReadPins <= 0x00000000]
[21:03:15.061]      canReadPins = (DAP_SWJ_Pins(0x00, nReset, 0) != 0xFFFFFFFF);
[21:03:15.063]        // -> [DAP_SWJ_Pins(0x00, 0x80, 0) => 0x0F]   (Out: nRESET=0  =>  In: SWCLK/TCK=1, SWDIO/TMS=1, TDI=1, TDO=1, nTRST=0, nRESET=0)
[21:03:15.063]        // -> [canReadPins <= 0x00000001]
[21:03:15.063]    </block>
[21:03:15.063]    <control if="" while="1" timeout="200" info="">
[21:03:15.063]      // while "1"  (timeout="200")
[21:03:15.063]      // while-condition  =>  TRUE
[21:03:15.063]      // while "1"  (timeout="200")
[21:03:15.063]      // while-condition  =>  TRUE
[21:03:15.063]      // while "1"  (timeout="200")
[21:03:15.063]      // while-condition  =>  TRUE
[21:03:15.063]      // while "1"  (timeout="200")
[21:03:15.063]      // while-condition  =>  TRUE
[21:03:15.063]      // while "1"  (timeout="200")
[21:03:15.063]      // while-condition  =>  TRUE
[21:03:15.063]      // while "1"  (timeout="200")
[21:03:15.063]      // while-condition  =>  TRUE
[21:03:15.063]      // while "1"  (timeout="200")
[21:03:15.063]      // while-condition  =>  TRUE
[21:03:15.063]      // while "1"  (timeout="200")
[21:03:15.063]      // while-condition  =>  TRUE
[21:03:15.063]      // while "1"  (timeout="200")
[21:03:15.063]      // while-condition  =>  TRUE
[21:03:15.063]      // while "1"  (timeout="200")
[21:03:15.065]      // while-condition  =>  TRUE
[21:03:15.065]      // while "1"  (timeout="200")
[21:03:15.065]      // while-condition  =>  TRUE
[21:03:15.065]      // while "1"  (timeout="200")
[21:03:15.065]      // while-condition  =>  TRUE
[21:03:15.065]      // while "1"  (timeout="200")
[21:03:15.065]      // while-condition  =>  TRUE
[21:03:15.065]      // while "1"  (timeout="200")
[21:03:15.065]      // while-condition  =>  TRUE
[21:03:15.065]      // while "1"  (timeout="200")
[21:03:15.065]      // while-condition  =>  TRUE
[21:03:15.065]      // while "1"  (timeout="200")
[21:03:15.065]      // while-condition  =>  TRUE
[21:03:15.065]      // while "1"  (timeout="200")
[21:03:15.065]      // while-condition  =>  TRUE
[21:03:15.065]      // while "1"  (timeout="200")
[21:03:15.065]      // while-condition  =>  TRUE
[21:03:15.065]      // while "1"  (timeout="200")
[21:03:15.065]      // while-condition  =>  TRUE
[21:03:15.065]      // while "1"  (timeout="200")
[21:03:15.065]      // while-condition  =>  TRUE
[21:03:15.066]      // while "1"  (timeout="200")
[21:03:15.066]      // while-condition  =>  TRUE
[21:03:15.066]      // while "1"  (timeout="200")
[21:03:15.066]      // while-condition  =>  TRUE
[21:03:15.066]      // while "1"  (timeout="200")
[21:03:15.066]      // while-condition  =>  TRUE
[21:03:15.066]      // while "1"  (timeout="200")
[21:03:15.066]      // while-condition  =>  TRUE
[21:03:15.066]      // while "1"  (timeout="200")
[21:03:15.066]      // while-condition  =>  TRUE
[21:03:15.066]      // while "1"  (timeout="200")
[21:03:15.066]      // while-condition  =>  TRUE
[21:03:15.066]      // while "1"  (timeout="200")
[21:03:15.066]      // while-condition  =>  TRUE
[21:03:15.066]      // while "1"  (timeout="200")
[21:03:15.066]      // while-condition  =>  TRUE
[21:03:15.066]      // while "1"  (timeout="200")
[21:03:15.066]      // while-condition  =>  TRUE
[21:03:15.066]      // while "1"  (timeout="200")
[21:03:15.066]      // while-condition  =>  TRUE
[21:03:15.066]      // while "1"  (timeout="200")
[21:03:15.066]      // while-condition  =>  TRUE
[21:03:15.066]      // while "1"  (timeout="200")
[21:03:15.066]      // while-condition  =>  TRUE
[21:03:15.066]      // while "1"  (timeout="200")
[21:03:15.066]      // while-condition  =>  TRUE
[21:03:15.066]      // while "1"  (timeout="200")
[21:03:15.066]      // while-condition  =>  TRUE
[21:03:15.066]      // while "1"  (timeout="200")
[21:03:15.066]      // while-condition  =>  TRUE
[21:03:15.066]      // while "1"  (timeout="200")
[21:03:15.066]      // while-condition  =>  TRUE
[21:03:15.066]      // while "1"  (timeout="200")
[21:03:15.066]      // while-condition  =>  TRUE
[21:03:15.066]      // while "1"  (timeout="200")
[21:03:15.066]      // while-condition  =>  TRUE
[21:03:15.066]      // while "1"  (timeout="200")
[21:03:15.068]      // while-condition  =>  TRUE
[21:03:15.068]      // while "1"  (timeout="200")
[21:03:15.068]      // while-condition  =>  TRUE
[21:03:15.068]      // while "1"  (timeout="200")
[21:03:15.068]      // while-condition  =>  TRUE
[21:03:15.068]      // while "1"  (timeout="200")
[21:03:15.068]      // while-condition  =>  TRUE
[21:03:15.068]      // while "1"  (timeout="200")
[21:03:15.068]      // while-condition  =>  TRUE
[21:03:15.068]      // while "1"  (timeout="200")
[21:03:15.068]      // while-condition  =>  TRUE
[21:03:15.068]      // while "1"  (timeout="200")
[21:03:15.068]      // while-condition  =>  TRUE
[21:03:15.068]      // while "1"  (timeout="200")
[21:03:15.068]      // while-condition  =>  TRUE
[21:03:15.068]      // while "1"  (timeout="200")
[21:03:15.068]      // while-condition  =>  TRUE
[21:03:15.068]      // while "1"  (timeout="200")
[21:03:15.068]      // while-condition  =>  TRUE
[21:03:15.068]      // while "1"  (timeout="200")
[21:03:15.068]      // while-condition  =>  TRUE
[21:03:15.068]      // while "1"  (timeout="200")
[21:03:15.068]      // while-condition  =>  TRUE
[21:03:15.068]      // while "1"  (timeout="200")
[21:03:15.068]      // while-condition  =>  TRUE
[21:03:15.068]      // while "1"  (timeout="200")
[21:03:15.070]      // while-condition  =>  TRUE
[21:03:15.070]      // while "1"  (timeout="200")
[21:03:15.070]      // while-condition  =>  TRUE
[21:03:15.070]      // while "1"  (timeout="200")
[21:03:15.070]      // while-condition  =>  TRUE
[21:03:15.070]      // while "1"  (timeout="200")
[21:03:15.070]      // while-condition  =>  TRUE
[21:03:15.070]      // while "1"  (timeout="200")
[21:03:15.070]      // while-condition  =>  TRUE
[21:03:15.070]      // while "1"  (timeout="200")
[21:03:15.070]      // while-condition  =>  TRUE
[21:03:15.070]      // while "1"  (timeout="200")
[21:03:15.070]      // while-condition  =>  TRUE
[21:03:15.070]      // while "1"  (timeout="200")
[21:03:15.070]      // while-condition  =>  TRUE
[21:03:15.070]      // while "1"  (timeout="200")
[21:03:15.070]      // while-condition  =>  TRUE
[21:03:15.070]      // while "1"  (timeout="200")
[21:03:15.070]      // while-condition  =>  TRUE
[21:03:15.070]      // while "1"  (timeout="200")
[21:03:15.070]      // while-condition  =>  TRUE
[21:03:15.070]      // while "1"  (timeout="200")
[21:03:15.070]      // while-condition  =>  TRUE
[21:03:15.071]      // while "1"  (timeout="200")
[21:03:15.071]      // while-condition  =>  TRUE
[21:03:15.071]      // while "1"  (timeout="200")
[21:03:15.071]      // while-condition  =>  TRUE
[21:03:15.071]      // while "1"  (timeout="200")
[21:03:15.071]      // while-condition  =>  TRUE
[21:03:15.071]      // while "1"  (timeout="200")
[21:03:15.071]      // while-condition  =>  TRUE
[21:03:15.071]      // while "1"  (timeout="200")
[21:03:15.071]      // while-condition  =>  TRUE
[21:03:15.071]      // while "1"  (timeout="200")
[21:03:15.071]      // while-condition  =>  TRUE
[21:03:15.071]      // while "1"  (timeout="200")
[21:03:15.071]      // while-condition  =>  TRUE
[21:03:15.071]      // while "1"  (timeout="200")
[21:03:15.071]      // while-condition  =>  TRUE
[21:03:15.071]      // while "1"  (timeout="200")
[21:03:15.071]      // while-condition  =>  TRUE
[21:03:15.071]      // while "1"  (timeout="200")
[21:03:15.071]      // while-condition  =>  TRUE
[21:03:15.071]      // while "1"  (timeout="200")
[21:03:15.071]      // while-condition  =>  TRUE
[21:03:15.071]      // while "1"  (timeout="200")
[21:03:15.071]      // while-condition  =>  TRUE
[21:03:15.071]      // while "1"  (timeout="200")
[21:03:15.071]      // while-condition  =>  TRUE
[21:03:15.071]      // while "1"  (timeout="200")
[21:03:15.071]      // while-condition  =>  TRUE
[21:03:15.071]      // while "1"  (timeout="200")
[21:03:15.071]      // while-condition  =>  TRUE
[21:03:15.071]      // while "1"  (timeout="200")
[21:03:15.071]      // while-condition  =>  TRUE
[21:03:15.071]      // while "1"  (timeout="200")
[21:03:15.071]      // while-condition  =>  TRUE
[21:03:15.071]      // while "1"  (timeout="200")
[21:03:15.071]      // while-condition  =>  TRUE
[21:03:15.071]      // while "1"  (timeout="200")
[21:03:15.071]      // while-condition  =>  TRUE
[21:03:15.071]      // while "1"  (timeout="200")
[21:03:15.071]      // while-condition  =>  TRUE
[21:03:15.071]      // while "1"  (timeout="200")
[21:03:15.071]      // while-condition  =>  TRUE
[21:03:15.071]      // while "1"  (timeout="200")
[21:03:15.071]      // while-condition  =>  TRUE
[21:03:15.071]      // while "1"  (timeout="200")
[21:03:15.071]      // while-condition  =>  TRUE
[21:03:15.071]      // while "1"  (timeout="200")
[21:03:15.071]      // while-condition  =>  TRUE
[21:03:15.071]      // while "1"  (timeout="200")
[21:03:15.071]      // while-condition  =>  TRUE
[21:03:15.071]      // while "1"  (timeout="200")
[21:03:15.071]      // while-condition  =>  TRUE
[21:03:15.071]      // while "1"  (timeout="200")
[21:03:15.071]      // while-condition  =>  TRUE
[21:03:15.071]      // while "1"  (timeout="200")
[21:03:15.071]      // while-condition  =>  TRUE
[21:03:15.071]      // while "1"  (timeout="200")
[21:03:15.071]      // while-condition  =>  TRUE
[21:03:15.071]      // while "1"  (timeout="200")
[21:03:15.071]      // while-condition  =>  TRUE
[21:03:15.071]      // while "1"  (timeout="200")
[21:03:15.071]      // while-condition  =>  TRUE
[21:03:15.071]      // while "1"  (timeout="200")
[21:03:15.074]      // while-condition  =>  TRUE
[21:03:15.074]      // while "1"  (timeout="200")
[21:03:15.074]      // while  =>  TIMEOUT
[21:03:15.074]      // end while "1"
[21:03:15.074]    </control>
[21:03:15.074]    <control if="canReadPins" while="" timeout="0" info="">
[21:03:15.074]      // if-block "canReadPins"
[21:03:15.074]        // =>  TRUE
[21:03:15.074]      <control if="" while="(DAP_SWJ_Pins(nReset, nReset, 0) & nReset) == 0" timeout="1000000" info="">
[21:03:15.074]        // while "(DAP_SWJ_Pins(nReset, nReset, 0) & nReset) == 0"  (timeout="1000000")
[21:03:15.076]          // -> [DAP_SWJ_Pins(0x80, 0x80, 0) => 0x8F]   (Out: nRESET=1  =>  In: SWCLK/TCK=1, SWDIO/TMS=1, TDI=1, TDO=1, nTRST=0, nRESET=1)
[21:03:15.076]        // while-condition  =>  FALSE
[21:03:15.076]        // end while "(DAP_SWJ_Pins(nReset, nReset, 0) & nReset) == 0"
[21:03:15.076]      </control>
[21:03:15.076]      // end if-block "canReadPins"
[21:03:15.076]    </control>
[21:03:15.076]    <control if="!canReadPins" while="" timeout="0" info="">
[21:03:15.076]      // if-block "!canReadPins"
[21:03:15.076]        // =>  FALSE
[21:03:15.076]      // skip if-block "!canReadPins"
[21:03:15.076]    </control>
[21:03:15.076]    <control if="(ACCESS_POINT_VAL & 0x00E00000) == 0" while="" timeout="0" info="">
[21:03:15.078]      // if-block "(ACCESS_POINT_VAL & 0x00E00000) == 0"
[21:03:15.078]        // =>  TRUE
[21:03:15.078]      <block atomic="false" info="">
[21:03:15.078]        WriteAP(0x00, 0x190008);
[21:03:15.078]          // -> [WriteAP(0x00000000, 0x00190008)]   (__dp=0x00000000, __ap=0x00000004)
[21:03:15.078]        WriteAP(0xF0, 0x01);
[21:03:15.081]          // -> [WriteAP(0x000000F0, 0x00000001)]   (__dp=0x00000000, __ap=0x00000004)
[21:03:15.081]      </block>
[21:03:15.081]      // end if-block "(ACCESS_POINT_VAL & 0x00E00000) == 0"
[21:03:15.081]    </control>
[21:03:15.081]    <control if="(ACCESS_POINT_VAL & 0x00E00000) != 0" while="" timeout="0" info="">
[21:03:15.081]      // if-block "(ACCESS_POINT_VAL & 0x00E00000) != 0"
[21:03:15.081]        // =>  FALSE
[21:03:15.081]      // skip if-block "(ACCESS_POINT_VAL & 0x00E00000) != 0"
[21:03:15.081]    </control>
[21:03:15.081]    <block atomic="false" info="">
[21:03:15.081]      ACCESS_POINT_VAL = ReadAP(0x00);//Reading current state of access point
[21:03:15.086]        // -> [ReadAP(0x00000000) => 0x0079002F]   (__dp=0x00000000, __ap=0x00000004)
[21:03:15.086]        // -> [ACCESS_POINT_VAL <= 0x0079002F]
[21:03:15.086]      Message(0, "Current state of access point is: %x",ACCESS_POINT_VAL);
[21:03:15.086]      __ap = 0; //lets make sure we reset the access point selection
[21:03:15.086]        // -> [__ap <= 0x00000000]
[21:03:15.086]    </block>
[21:03:15.086]  </sequence>
[21:03:15.086]  
[21:03:15.110]  **********  Sequence "DebugDeviceUnlock"  (Context="Connect", Pname="", info="")
[21:03:15.110]  
[21:03:15.110]  <debugvars>
[21:03:15.110]    // Pre-defined
[21:03:15.110]    __protocol=0x00010002      (Protocol="SWD", SWJ-DP="True")
[21:03:15.110]    __connection=0x00000202    (Connection Type="Flash", Reset Type="System Reset")
[21:03:15.110]    __dp=0x00000000
[21:03:15.110]    __ap=0x00000000
[21:03:15.110]    __traceout=0x00000000      (Trace Disabled)
[21:03:15.110]    __errorcontrol=0x00000000  (Skip Errors="False")
[21:03:15.113]    __FlashAddr=0x00000000
[21:03:15.113]    __FlashLen=0x00000000
[21:03:15.113]    __FlashArg=0x00000000
[21:03:15.113]    __FlashOp=0x00000000
[21:03:15.113]    __Result=0x00000000
[21:03:15.113]  </debugvars>
[21:03:15.113]  
[21:03:15.113]  <sequence name="DebugDeviceUnlock" Pname="" disable="false" info="">
[21:03:15.113]    <block atomic="false" info="">
[21:03:15.113]      __var deviceID = 0;
[21:03:15.113]        // -> [deviceID <= 0x00000000]
[21:03:15.113]      __var version = 0;
[21:03:15.113]        // -> [version <= 0x00000000]
[21:03:15.113]      __var partNum = 0;
[21:03:15.113]        // -> [partNum <= 0x00000000]
[21:03:15.113]      __var manuf = 0;
[21:03:15.113]        // -> [manuf <= 0x00000000]
[21:03:15.113]      __var isMSPM0G1X0X_G3X0X = 0;
[21:03:15.113]        // -> [isMSPM0G1X0X_G3X0X <= 0x00000000]
[21:03:15.113]      __var isProduction = 0;
[21:03:15.113]        // -> [isProduction <= 0x00000000]
[21:03:15.113]      __var continueId = 0;
[21:03:15.113]        // -> [continueId <= 0x00000000]
[21:03:15.113]      deviceID =   Read32(0x41C40004);
[21:03:15.118]        // -> [Read32(0x41C40004) => 0x2BB8802F]   (__dp=0x00000000, __ap=0x00000000)
[21:03:15.118]        // -> [deviceID <= 0x2BB8802F]
[21:03:15.118]      version = deviceID >> 28;
[21:03:15.118]        // -> [version <= 0x00000002]
[21:03:15.118]      partNum = (deviceID & 0x0FFFF000) >> 12;
[21:03:15.118]        // -> [partNum <= 0x0000BB88]
[21:03:15.118]      manuf = (deviceID & 0x00000FFE) >> 1;
[21:03:15.118]        // -> [manuf <= 0x00000017]
[21:03:15.118]      isMSPM0G1X0X_G3X0X = (partNum == 0xBB88) && (manuf == 0x17);
[21:03:15.118]        // -> [isMSPM0G1X0X_G3X0X <= 0x00000001]
[21:03:15.118]      isProduction = (version > 0);
[21:03:15.118]        // -> [isProduction <= 0x00000001]
[21:03:15.118]    </block>
[21:03:15.118]    <control if="!isMSPM0G1X0X_G3X0X" while="" timeout="0" info="">
[21:03:15.118]      // if-block "!isMSPM0G1X0X_G3X0X"
[21:03:15.118]        // =>  FALSE
[21:03:15.118]      // skip if-block "!isMSPM0G1X0X_G3X0X"
[21:03:15.118]    </control>
[21:03:15.118]    <control if="continueId == 4" while="" timeout="0" info="">
[21:03:15.118]      // if-block "continueId == 4"
[21:03:15.118]        // =>  FALSE
[21:03:15.118]      // skip if-block "continueId == 4"
[21:03:15.118]    </control>
[21:03:15.118]    <control if="!isProduction" while="" timeout="0" info="">
[21:03:15.118]      // if-block "!isProduction"
[21:03:15.118]        // =>  FALSE
[21:03:15.118]      // skip if-block "!isProduction"
[21:03:15.118]    </control>
[21:03:15.118]  </sequence>
[21:03:15.118]  
[21:03:44.371]  **********  Sequence "DebugPortSetup"  (Context="Connect", Pname="", info="")
[21:03:44.371]  
[21:03:44.371]  <debugvars>
[21:03:44.371]    // Pre-defined
[21:03:44.371]    __protocol=0x00010002      (Protocol="SWD", SWJ-DP="True")
[21:03:44.371]    __connection=0x00000202    (Connection Type="Flash", Reset Type="System Reset")
[21:03:44.371]    __dp=0x00000000
[21:03:44.371]    __ap=0x00000000
[21:03:44.371]    __traceout=0x00000000      (Trace Disabled)
[21:03:44.371]    __errorcontrol=0x00000000  (Skip Errors="False")
[21:03:44.371]    __FlashAddr=0x00000000
[21:03:44.371]    __FlashLen=0x00000000
[21:03:44.371]    __FlashArg=0x00000000
[21:03:44.371]    __FlashOp=0x00000000
[21:03:44.371]    __Result=0x00000000
[21:03:44.371]  </debugvars>
[21:03:44.371]  
[21:03:44.371]  <sequence name="DebugPortSetup" Pname="" disable="false" info="">
[21:03:44.371]    <block atomic="false" info="">
[21:03:44.371]      __var isSWJ      = ((__protocol & 0x00010000) != 0);
[21:03:44.371]        // -> [isSWJ <= 0x00000001]
[21:03:44.371]      __var hasDormant = __protocol & 0x00020000;
[21:03:44.371]        // -> [hasDormant <= 0x00000000]
[21:03:44.371]      __var protType   = __protocol & 0x0000FFFF;
[21:03:44.371]        // -> [protType <= 0x00000002]
[21:03:44.371]    </block>
[21:03:44.371]    <control if="protType == 1" while="" timeout="0" info="">
[21:03:44.371]      // if-block "protType == 1"
[21:03:44.371]        // =>  FALSE
[21:03:44.371]      // skip if-block "protType == 1"
[21:03:44.371]    </control>
[21:03:44.371]    <control if="protType == 2" while="" timeout="0" info="">
[21:03:44.371]      // if-block "protType == 2"
[21:03:44.371]        // =>  TRUE
[21:03:44.371]      <control if="isSWJ" while="" timeout="0" info="">
[21:03:44.371]        // if-block "isSWJ"
[21:03:44.371]          // =>  TRUE
[21:03:44.371]        <control if="hasDormant" while="" timeout="0" info="">
[21:03:44.371]          // if-block "hasDormant"
[21:03:44.371]            // =>  FALSE
[21:03:44.371]          // skip if-block "hasDormant"
[21:03:44.371]        </control>
[21:03:44.371]        <control if="!hasDormant" while="" timeout="0" info="">
[21:03:44.371]          // if-block "!hasDormant"
[21:03:44.371]            // =>  TRUE
[21:03:44.371]          <block atomic="false" info="">
[21:03:44.371]            DAP_SWJ_Sequence(51, 0x0007FFFFFFFFFFFF); //lets put the JTAG line in a reset state
[21:03:44.371]              // -> [DAP_SWJ_Sequence(51, 0x0007FFFFFFFFFFFF)]
[21:03:44.376]            DAP_SWJ_Sequence(16,0xE73C); //SWD to JTAG, this is to ensure the state machine is initialized
[21:03:44.376]              // -> [DAP_SWJ_Sequence(16, 0x000000000000E73C)]
[21:03:44.376]            DAP_SWJ_Sequence(51, 0x0007FFFFFFFFFFFF); //Put it back in reset
[21:03:44.376]              // -> [DAP_SWJ_Sequence(51, 0x0007FFFFFFFFFFFF)]
[21:03:44.376]            DAP_SWJ_Sequence(16, 0xE79E); //JTAG to SWD switch
[21:03:44.382]              // -> [DAP_SWJ_Sequence(16, 0x000000000000E79E)]
[21:03:44.382]            DAP_SWJ_Sequence(51, 0x0007FFFFFFFFFFFF);  //Ensure the switch is successful 
[21:03:44.383]              // -> [DAP_SWJ_Sequence(51, 0x0007FFFFFFFFFFFF)]
[21:03:44.383]            DAP_SWJ_Sequence(7,  0x00); //Give the line some time to initialize
[21:03:44.383]              // -> [DAP_SWJ_Sequence(7, 0x0000000000000000)]
[21:03:44.383]          </block>
[21:03:44.383]          // end if-block "!hasDormant"
[21:03:44.383]        </control>
[21:03:44.383]        // end if-block "isSWJ"
[21:03:44.383]      </control>
[21:03:44.383]      <control if="!isSWJ" while="" timeout="0" info="">
[21:03:44.383]        // if-block "!isSWJ"
[21:03:44.383]          // =>  FALSE
[21:03:44.383]        // skip if-block "!isSWJ"
[21:03:44.383]      </control>
[21:03:44.383]      <block atomic="false" info="">
[21:03:44.383]        ReadDP(0x0);
[21:03:44.386]          // -> [ReadDP(0x00000000) => 0x6BA02477]   (__dp=0x00000000)
[21:03:44.386]      </block>
[21:03:44.386]      // end if-block "protType == 2"
[21:03:44.386]    </control>
[21:03:44.386]  </sequence>
[21:03:44.386]  
[21:03:44.391]  **********  Sequence "DebugPortStart"  (Context="Connect", Pname="", info="")
[21:03:44.391]  
[21:03:44.391]  <debugvars>
[21:03:44.391]    // Pre-defined
[21:03:44.391]    __protocol=0x00010002      (Protocol="SWD", SWJ-DP="True")
[21:03:44.391]    __connection=0x00000202    (Connection Type="Flash", Reset Type="System Reset")
[21:03:44.391]    __dp=0x00000000
[21:03:44.391]    __ap=0x00000000
[21:03:44.391]    __traceout=0x00000000      (Trace Disabled)
[21:03:44.391]    __errorcontrol=0x00000000  (Skip Errors="False")
[21:03:44.391]    __FlashAddr=0x00000000
[21:03:44.391]    __FlashLen=0x00000000
[21:03:44.391]    __FlashArg=0x00000000
[21:03:44.391]    __FlashOp=0x00000000
[21:03:44.391]    __Result=0x00000000
[21:03:44.391]  </debugvars>
[21:03:44.391]  
[21:03:44.391]  <sequence name="DebugPortStart" Pname="" disable="false" info="">
[21:03:44.391]    <block atomic="false" info="">
[21:03:44.391]      __var SW_DP_ABORT       = 0x0;
[21:03:44.391]        // -> [SW_DP_ABORT <= 0x00000000]
[21:03:44.391]      __var DP_CTRL_STAT      = 0x4;
[21:03:44.391]        // -> [DP_CTRL_STAT <= 0x00000004]
[21:03:44.391]      __var DP_SELECT         = 0x8;
[21:03:44.391]        // -> [DP_SELECT <= 0x00000008]
[21:03:44.391]      __var powered_down      = 0;
[21:03:44.391]        // -> [powered_down <= 0x00000000]
[21:03:44.391]      WriteDP(DP_SELECT, 0x00000000);
[21:03:44.396]        // -> [WriteDP(0x00000008, 0x00000000)]   (__dp=0x00000000)
[21:03:44.396]      powered_down = ((ReadDP(DP_CTRL_STAT) & 0xA0000000) != 0xA0000000);
[21:03:44.396]        // -> [ReadDP(0x00000004) => 0x00000040]   (__dp=0x00000000)
[21:03:44.396]        // -> [powered_down <= 0x00000001]
[21:03:44.396]    </block>
[21:03:44.396]    <control if="powered_down" while="" timeout="0" info="">
[21:03:44.396]      // if-block "powered_down"
[21:03:44.396]        // =>  TRUE
[21:03:44.396]      <block atomic="false" info="">
[21:03:44.396]        Message(0, "Debug/System power-up request sent");
[21:03:44.396]        WriteDP(DP_CTRL_STAT, 0x50000000);
[21:03:44.403]          // -> [WriteDP(0x00000004, 0x50000000)]   (__dp=0x00000000)
[21:03:44.403]      </block>
[21:03:44.403]      <control if="" while="(ReadDP(DP_CTRL_STAT) & 0xA0000000) != 0xA0000000" timeout="1000000" info="">
[21:03:44.403]        // while "(ReadDP(DP_CTRL_STAT) & 0xA0000000) != 0xA0000000"  (timeout="1000000")
[21:03:44.403]          // -> [ReadDP(0x00000004) => 0xF0000040]   (__dp=0x00000000)
[21:03:44.403]        // while-condition  =>  FALSE
[21:03:44.403]        // end while "(ReadDP(DP_CTRL_STAT) & 0xA0000000) != 0xA0000000"
[21:03:44.403]      </control>
[21:03:44.403]      <control if="(__protocol & 0xFFFF) == 1" while="" timeout="0" info="">
[21:03:44.403]        // if-block "(__protocol & 0xFFFF) == 1"
[21:03:44.403]          // =>  FALSE
[21:03:44.403]        // skip if-block "(__protocol & 0xFFFF) == 1"
[21:03:44.403]      </control>
[21:03:44.403]      <control if="(__protocol & 0xFFFF) == 2" while="" timeout="0" info="">
[21:03:44.403]        // if-block "(__protocol & 0xFFFF) == 2"
[21:03:44.403]          // =>  TRUE
[21:03:44.403]        <block atomic="false" info="">
[21:03:44.403]          Message(0, "executing SWD power up");
[21:03:44.403]          WriteDP(DP_CTRL_STAT, 0x50000F00);
[21:03:44.407]            // -> [WriteDP(0x00000004, 0x50000F00)]   (__dp=0x00000000)
[21:03:44.407]          WriteDP(SW_DP_ABORT, 0x0000001E);
[21:03:44.407]            // -> [WriteDP(0x00000000, 0x0000001E)]   (__dp=0x00000000)
[21:03:44.407]        </block>
[21:03:44.407]        // end if-block "(__protocol & 0xFFFF) == 2"
[21:03:44.407]      </control>
[21:03:44.407]      // end if-block "powered_down"
[21:03:44.407]    </control>
[21:03:44.407]    <block atomic="false" info="">
[21:03:44.407]      __var DEBUG_PORT_VAL    = 0;
[21:03:44.407]        // -> [DEBUG_PORT_VAL <= 0x00000000]
[21:03:44.407]      __var ACCESS_POINT_VAL  = 0;
[21:03:44.407]        // -> [ACCESS_POINT_VAL <= 0x00000000]
[21:03:44.407]      __ap = 1; 
[21:03:44.407]        // -> [__ap <= 0x00000001]
[21:03:44.407]      WriteAP(0x0C, 0x04); //lets use the mini pwr-ap as backup
[21:03:44.412]        // -> [WriteAP(0x0000000C, 0x00000004)]   (__dp=0x00000000, __ap=0x00000001)
[21:03:44.412]      __ap = 4;
[21:03:44.412]        // -> [__ap <= 0x00000004]
[21:03:44.412]      ACCESS_POINT_VAL = ReadAP(0x00);//Reading current state of access point
[21:03:44.419]        // -> [ReadAP(0x00000000) => 0x00080027]   (__dp=0x00000000, __ap=0x00000004)
[21:03:44.419]        // -> [ACCESS_POINT_VAL <= 0x00080027]
[21:03:44.419]      Message(0, "Current state of access point is: %x",ACCESS_POINT_VAL);
[21:03:44.419]    </block>
[21:03:44.419]    <block atomic="false" info="">
[21:03:44.419]      __var nReset = 0x80;
[21:03:44.419]        // -> [nReset <= 0x00000080]
[21:03:44.419]      __var canReadPins = 0;
[21:03:44.419]        // -> [canReadPins <= 0x00000000]
[21:03:44.419]      canReadPins = (DAP_SWJ_Pins(0x00, nReset, 0) != 0xFFFFFFFF);
[21:03:44.421]        // -> [DAP_SWJ_Pins(0x00, 0x80, 0) => 0x0F]   (Out: nRESET=0  =>  In: SWCLK/TCK=1, SWDIO/TMS=1, TDI=1, TDO=1, nTRST=0, nRESET=0)
[21:03:44.421]        // -> [canReadPins <= 0x00000001]
[21:03:44.421]    </block>
[21:03:44.423]    <control if="" while="1" timeout="200" info="">
[21:03:44.423]      // while "1"  (timeout="200")
[21:03:44.423]      // while-condition  =>  TRUE
[21:03:44.423]      // while "1"  (timeout="200")
[21:03:44.423]      // while-condition  =>  TRUE
[21:03:44.423]      // while "1"  (timeout="200")
[21:03:44.423]      // while-condition  =>  TRUE
[21:03:44.423]      // while "1"  (timeout="200")
[21:03:44.423]      // while-condition  =>  TRUE
[21:03:44.423]      // while "1"  (timeout="200")
[21:03:44.423]      // while-condition  =>  TRUE
[21:03:44.423]      // while "1"  (timeout="200")
[21:03:44.423]      // while-condition  =>  TRUE
[21:03:44.423]      // while "1"  (timeout="200")
[21:03:44.423]      // while-condition  =>  TRUE
[21:03:44.423]      // while "1"  (timeout="200")
[21:03:44.423]      // while-condition  =>  TRUE
[21:03:44.423]      // while "1"  (timeout="200")
[21:03:44.423]      // while-condition  =>  TRUE
[21:03:44.423]      // while "1"  (timeout="200")
[21:03:44.423]      // while-condition  =>  TRUE
[21:03:44.423]      // while "1"  (timeout="200")
[21:03:44.423]      // while-condition  =>  TRUE
[21:03:44.423]      // while "1"  (timeout="200")
[21:03:44.423]      // while-condition  =>  TRUE
[21:03:44.423]      // while "1"  (timeout="200")
[21:03:44.423]      // while-condition  =>  TRUE
[21:03:44.423]      // while "1"  (timeout="200")
[21:03:44.423]      // while-condition  =>  TRUE
[21:03:44.423]      // while "1"  (timeout="200")
[21:03:44.423]      // while-condition  =>  TRUE
[21:03:44.423]      // while "1"  (timeout="200")
[21:03:44.423]      // while-condition  =>  TRUE
[21:03:44.423]      // while "1"  (timeout="200")
[21:03:44.423]      // while-condition  =>  TRUE
[21:03:44.423]      // while "1"  (timeout="200")
[21:03:44.423]      // while-condition  =>  TRUE
[21:03:44.423]      // while "1"  (timeout="200")
[21:03:44.423]      // while-condition  =>  TRUE
[21:03:44.423]      // while "1"  (timeout="200")
[21:03:44.423]      // while-condition  =>  TRUE
[21:03:44.423]      // while "1"  (timeout="200")
[21:03:44.423]      // while-condition  =>  TRUE
[21:03:44.423]      // while "1"  (timeout="200")
[21:03:44.423]      // while-condition  =>  TRUE
[21:03:44.423]      // while "1"  (timeout="200")
[21:03:44.423]      // while-condition  =>  TRUE
[21:03:44.423]      // while "1"  (timeout="200")
[21:03:44.423]      // while-condition  =>  TRUE
[21:03:44.423]      // while "1"  (timeout="200")
[21:03:44.423]      // while-condition  =>  TRUE
[21:03:44.423]      // while "1"  (timeout="200")
[21:03:44.423]      // while-condition  =>  TRUE
[21:03:44.423]      // while "1"  (timeout="200")
[21:03:44.423]      // while-condition  =>  TRUE
[21:03:44.423]      // while "1"  (timeout="200")
[21:03:44.423]      // while-condition  =>  TRUE
[21:03:44.423]      // while "1"  (timeout="200")
[21:03:44.423]      // while-condition  =>  TRUE
[21:03:44.423]      // while "1"  (timeout="200")
[21:03:44.423]      // while-condition  =>  TRUE
[21:03:44.423]      // while "1"  (timeout="200")
[21:03:44.423]      // while-condition  =>  TRUE
[21:03:44.423]      // while "1"  (timeout="200")
[21:03:44.423]      // while-condition  =>  TRUE
[21:03:44.423]      // while "1"  (timeout="200")
[21:03:44.423]      // while-condition  =>  TRUE
[21:03:44.423]      // while "1"  (timeout="200")
[21:03:44.423]      // while-condition  =>  TRUE
[21:03:44.423]      // while "1"  (timeout="200")
[21:03:44.423]      // while-condition  =>  TRUE
[21:03:44.423]      // while "1"  (timeout="200")
[21:03:44.423]      // while-condition  =>  TRUE
[21:03:44.423]      // while "1"  (timeout="200")
[21:03:44.423]      // while-condition  =>  TRUE
[21:03:44.423]      // while "1"  (timeout="200")
[21:03:44.423]      // while-condition  =>  TRUE
[21:03:44.423]      // while "1"  (timeout="200")
[21:03:44.423]      // while-condition  =>  TRUE
[21:03:44.423]      // while "1"  (timeout="200")
[21:03:44.423]      // while-condition  =>  TRUE
[21:03:44.423]      // while "1"  (timeout="200")
[21:03:44.428]      // while-condition  =>  TRUE
[21:03:44.428]      // while "1"  (timeout="200")
[21:03:44.428]      // while-condition  =>  TRUE
[21:03:44.428]      // while "1"  (timeout="200")
[21:03:44.428]      // while-condition  =>  TRUE
[21:03:44.428]      // while "1"  (timeout="200")
[21:03:44.428]      // while-condition  =>  TRUE
[21:03:44.428]      // while "1"  (timeout="200")
[21:03:44.428]      // while-condition  =>  TRUE
[21:03:44.428]      // while "1"  (timeout="200")
[21:03:44.428]      // while-condition  =>  TRUE
[21:03:44.428]      // while "1"  (timeout="200")
[21:03:44.428]      // while-condition  =>  TRUE
[21:03:44.428]      // while "1"  (timeout="200")
[21:03:44.428]      // while-condition  =>  TRUE
[21:03:44.428]      // while "1"  (timeout="200")
[21:03:44.428]      // while-condition  =>  TRUE
[21:03:44.428]      // while "1"  (timeout="200")
[21:03:44.428]      // while-condition  =>  TRUE
[21:03:44.428]      // while "1"  (timeout="200")
[21:03:44.428]      // while-condition  =>  TRUE
[21:03:44.428]      // while "1"  (timeout="200")
[21:03:44.428]      // while-condition  =>  TRUE
[21:03:44.428]      // while "1"  (timeout="200")
[21:03:44.428]      // while-condition  =>  TRUE
[21:03:44.428]      // while "1"  (timeout="200")
[21:03:44.428]      // while-condition  =>  TRUE
[21:03:44.428]      // while "1"  (timeout="200")
[21:03:44.428]      // while-condition  =>  TRUE
[21:03:44.428]      // while "1"  (timeout="200")
[21:03:44.428]      // while-condition  =>  TRUE
[21:03:44.428]      // while "1"  (timeout="200")
[21:03:44.428]      // while-condition  =>  TRUE
[21:03:44.428]      // while "1"  (timeout="200")
[21:03:44.428]      // while-condition  =>  TRUE
[21:03:44.428]      // while "1"  (timeout="200")
[21:03:44.428]      // while-condition  =>  TRUE
[21:03:44.428]      // while "1"  (timeout="200")
[21:03:44.428]      // while-condition  =>  TRUE
[21:03:44.428]      // while "1"  (timeout="200")
[21:03:44.428]      // while-condition  =>  TRUE
[21:03:44.428]      // while "1"  (timeout="200")
[21:03:44.428]      // while-condition  =>  TRUE
[21:03:44.428]      // while "1"  (timeout="200")
[21:03:44.428]      // while-condition  =>  TRUE
[21:03:44.428]      // while "1"  (timeout="200")
[21:03:44.428]      // while-condition  =>  TRUE
[21:03:44.428]      // while "1"  (timeout="200")
[21:03:44.428]      // while-condition  =>  TRUE
[21:03:44.428]      // while "1"  (timeout="200")
[21:03:44.428]      // while-condition  =>  TRUE
[21:03:44.428]      // while "1"  (timeout="200")
[21:03:44.428]      // while-condition  =>  TRUE
[21:03:44.428]      // while "1"  (timeout="200")
[21:03:44.428]      // while-condition  =>  TRUE
[21:03:44.428]      // while "1"  (timeout="200")
[21:03:44.428]      // while-condition  =>  TRUE
[21:03:44.428]      // while "1"  (timeout="200")
[21:03:44.428]      // while-condition  =>  TRUE
[21:03:44.428]      // while "1"  (timeout="200")
[21:03:44.428]      // while-condition  =>  TRUE
[21:03:44.428]      // while "1"  (timeout="200")
[21:03:44.428]      // while-condition  =>  TRUE
[21:03:44.428]      // while "1"  (timeout="200")
[21:03:44.428]      // while-condition  =>  TRUE
[21:03:44.428]      // while "1"  (timeout="200")
[21:03:44.428]      // while-condition  =>  TRUE
[21:03:44.428]      // while "1"  (timeout="200")
[21:03:44.428]      // while-condition  =>  TRUE
[21:03:44.428]      // while "1"  (timeout="200")
[21:03:44.428]      // while-condition  =>  TRUE
[21:03:44.428]      // while "1"  (timeout="200")
[21:03:44.428]      // while-condition  =>  TRUE
[21:03:44.428]      // while "1"  (timeout="200")
[21:03:44.428]      // while-condition  =>  TRUE
[21:03:44.428]      // while "1"  (timeout="200")
[21:03:44.428]      // while-condition  =>  TRUE
[21:03:44.428]      // while "1"  (timeout="200")
[21:03:44.428]      // while-condition  =>  TRUE
[21:03:44.428]      // while "1"  (timeout="200")
[21:03:44.428]      // while-condition  =>  TRUE
[21:03:44.428]      // while "1"  (timeout="200")
[21:03:44.428]      // while-condition  =>  TRUE
[21:03:44.428]      // while "1"  (timeout="200")
[21:03:44.428]      // while-condition  =>  TRUE
[21:03:44.428]      // while "1"  (timeout="200")
[21:03:44.428]      // while-condition  =>  TRUE
[21:03:44.428]      // while "1"  (timeout="200")
[21:03:44.428]      // while-condition  =>  TRUE
[21:03:44.428]      // while "1"  (timeout="200")
[21:03:44.428]      // while-condition  =>  TRUE
[21:03:44.428]      // while "1"  (timeout="200")
[21:03:44.428]      // while-condition  =>  TRUE
[21:03:44.428]      // while "1"  (timeout="200")
[21:03:44.428]      // while-condition  =>  TRUE
[21:03:44.428]      // while "1"  (timeout="200")
[21:03:44.428]      // while-condition  =>  TRUE
[21:03:44.428]      // while "1"  (timeout="200")
[21:03:44.428]      // while-condition  =>  TRUE
[21:03:44.428]      // while "1"  (timeout="200")
[21:03:44.428]      // while-condition  =>  TRUE
[21:03:44.428]      // while "1"  (timeout="200")
[21:03:44.428]      // while-condition  =>  TRUE
[21:03:44.428]      // while "1"  (timeout="200")
[21:03:44.433]      // while-condition  =>  TRUE
[21:03:44.433]      // while "1"  (timeout="200")
[21:03:44.433]      // while-condition  =>  TRUE
[21:03:44.433]      // while "1"  (timeout="200")
[21:03:44.433]      // while-condition  =>  TRUE
[21:03:44.433]      // while "1"  (timeout="200")
[21:03:44.433]      // while-condition  =>  TRUE
[21:03:44.433]      // while "1"  (timeout="200")
[21:03:44.433]      // while-condition  =>  TRUE
[21:03:44.433]      // while "1"  (timeout="200")
[21:03:44.433]      // while-condition  =>  TRUE
[21:03:44.433]      // while "1"  (timeout="200")
[21:03:44.433]      // while-condition  =>  TRUE
[21:03:44.433]      // while "1"  (timeout="200")
[21:03:44.433]      // while-condition  =>  TRUE
[21:03:44.433]      // while "1"  (timeout="200")
[21:03:44.433]      // while-condition  =>  TRUE
[21:03:44.433]      // while "1"  (timeout="200")
[21:03:44.433]      // while-condition  =>  TRUE
[21:03:44.433]      // while "1"  (timeout="200")
[21:03:44.433]      // while-condition  =>  TRUE
[21:03:44.433]      // while "1"  (timeout="200")
[21:03:44.433]      // while-condition  =>  TRUE
[21:03:44.433]      // while "1"  (timeout="200")
[21:03:44.433]      // while-condition  =>  TRUE
[21:03:44.433]      // while "1"  (timeout="200")
[21:03:44.433]      // while-condition  =>  TRUE
[21:03:44.433]      // while "1"  (timeout="200")
[21:03:44.433]      // while-condition  =>  TRUE
[21:03:44.433]      // while "1"  (timeout="200")
[21:03:44.433]      // while-condition  =>  TRUE
[21:03:44.433]      // while "1"  (timeout="200")
[21:03:44.433]      // while-condition  =>  TRUE
[21:03:44.433]      // while "1"  (timeout="200")
[21:03:44.433]      // while-condition  =>  TRUE
[21:03:44.433]      // while "1"  (timeout="200")
[21:03:44.433]      // while-condition  =>  TRUE
[21:03:44.433]      // while "1"  (timeout="200")
[21:03:44.433]      // while-condition  =>  TRUE
[21:03:44.433]      // while "1"  (timeout="200")
[21:03:44.433]      // while-condition  =>  TRUE
[21:03:44.433]      // while "1"  (timeout="200")
[21:03:44.433]      // while-condition  =>  TRUE
[21:03:44.433]      // while "1"  (timeout="200")
[21:03:44.433]      // while-condition  =>  TRUE
[21:03:44.433]      // while "1"  (timeout="200")
[21:03:44.433]      // while-condition  =>  TRUE
[21:03:44.433]      // while "1"  (timeout="200")
[21:03:44.433]      // while-condition  =>  TRUE
[21:03:44.433]      // while "1"  (timeout="200")
[21:03:44.433]      // while-condition  =>  TRUE
[21:03:44.433]      // while "1"  (timeout="200")
[21:03:44.433]      // while-condition  =>  TRUE
[21:03:44.433]      // while "1"  (timeout="200")
[21:03:44.433]      // while-condition  =>  TRUE
[21:03:44.433]      // while "1"  (timeout="200")
[21:03:44.433]      // while-condition  =>  TRUE
[21:03:44.433]      // while "1"  (timeout="200")
[21:03:44.433]      // while-condition  =>  TRUE
[21:03:44.433]      // while "1"  (timeout="200")
[21:03:44.433]      // while-condition  =>  TRUE
[21:03:44.433]      // while "1"  (timeout="200")
[21:03:44.433]      // while-condition  =>  TRUE
[21:03:44.433]      // while "1"  (timeout="200")
[21:03:44.433]      // while-condition  =>  TRUE
[21:03:44.433]      // while "1"  (timeout="200")
[21:03:44.433]      // while-condition  =>  TRUE
[21:03:44.433]      // while "1"  (timeout="200")
[21:03:44.433]      // while-condition  =>  TRUE
[21:03:44.433]      // while "1"  (timeout="200")
[21:03:44.433]      // while-condition  =>  TRUE
[21:03:44.433]      // while "1"  (timeout="200")
[21:03:44.433]      // while-condition  =>  TRUE
[21:03:44.433]      // while "1"  (timeout="200")
[21:03:44.433]      // while-condition  =>  TRUE
[21:03:44.433]      // while "1"  (timeout="200")
[21:03:44.433]      // while-condition  =>  TRUE
[21:03:44.433]      // while "1"  (timeout="200")
[21:03:44.433]      // while-condition  =>  TRUE
[21:03:44.433]      // while "1"  (timeout="200")
[21:03:44.433]      // while-condition  =>  TRUE
[21:03:44.433]      // while "1"  (timeout="200")
[21:03:44.433]      // while-condition  =>  TRUE
[21:03:44.433]      // while "1"  (timeout="200")
[21:03:44.433]      // while-condition  =>  TRUE
[21:03:44.433]      // while "1"  (timeout="200")
[21:03:44.433]      // while-condition  =>  TRUE
[21:03:44.433]      // while "1"  (timeout="200")
[21:03:44.433]      // while-condition  =>  TRUE
[21:03:44.433]      // while "1"  (timeout="200")
[21:03:44.433]      // while-condition  =>  TRUE
[21:03:44.433]      // while "1"  (timeout="200")
[21:03:44.433]      // while-condition  =>  TRUE
[21:03:44.433]      // while "1"  (timeout="200")
[21:03:44.433]      // while-condition  =>  TRUE
[21:03:44.433]      // while "1"  (timeout="200")
[21:03:44.433]      // while-condition  =>  TRUE
[21:03:44.433]      // while "1"  (timeout="200")
[21:03:44.433]      // while-condition  =>  TRUE
[21:03:44.433]      // while "1"  (timeout="200")
[21:03:44.433]      // while-condition  =>  TRUE
[21:03:44.433]      // while "1"  (timeout="200")
[21:03:44.433]      // while-condition  =>  TRUE
[21:03:44.433]      // while "1"  (timeout="200")
[21:03:44.433]      // while-condition  =>  TRUE
[21:03:44.433]      // while "1"  (timeout="200")
[21:03:44.433]      // while-condition  =>  TRUE
[21:03:44.433]      // while "1"  (timeout="200")
[21:03:44.433]      // while-condition  =>  TRUE
[21:03:44.433]      // while "1"  (timeout="200")
[21:03:44.433]      // while-condition  =>  TRUE
[21:03:44.433]      // while "1"  (timeout="200")
[21:03:44.433]      // while-condition  =>  TRUE
[21:03:44.438]      // while "1"  (timeout="200")
[21:03:44.438]      // while  =>  TIMEOUT
[21:03:44.438]      // end while "1"
[21:03:44.438]    </control>
[21:03:44.438]    <control if="canReadPins" while="" timeout="0" info="">
[21:03:44.438]      // if-block "canReadPins"
[21:03:44.438]        // =>  TRUE
[21:03:44.438]      <control if="" while="(DAP_SWJ_Pins(nReset, nReset, 0) & nReset) == 0" timeout="1000000" info="">
[21:03:44.438]        // while "(DAP_SWJ_Pins(nReset, nReset, 0) & nReset) == 0"  (timeout="1000000")
[21:03:44.438]          // -> [DAP_SWJ_Pins(0x80, 0x80, 0) => 0x8F]   (Out: nRESET=1  =>  In: SWCLK/TCK=1, SWDIO/TMS=1, TDI=1, TDO=1, nTRST=0, nRESET=1)
[21:03:44.438]        // while-condition  =>  FALSE
[21:03:44.438]        // end while "(DAP_SWJ_Pins(nReset, nReset, 0) & nReset) == 0"
[21:03:44.438]      </control>
[21:03:44.438]      // end if-block "canReadPins"
[21:03:44.438]    </control>
[21:03:44.438]    <control if="!canReadPins" while="" timeout="0" info="">
[21:03:44.438]      // if-block "!canReadPins"
[21:03:44.438]        // =>  FALSE
[21:03:44.438]      // skip if-block "!canReadPins"
[21:03:44.438]    </control>
[21:03:44.438]    <control if="(ACCESS_POINT_VAL & 0x00E00000) == 0" while="" timeout="0" info="">
[21:03:44.438]      // if-block "(ACCESS_POINT_VAL & 0x00E00000) == 0"
[21:03:44.438]        // =>  TRUE
[21:03:44.438]      <block atomic="false" info="">
[21:03:44.443]        WriteAP(0x00, 0x190008);
[21:03:44.443]          // -> [WriteAP(0x00000000, 0x00190008)]   (__dp=0x00000000, __ap=0x00000004)
[21:03:44.443]        WriteAP(0xF0, 0x01);
[21:03:44.449]          // -> [WriteAP(0x000000F0, 0x00000001)]   (__dp=0x00000000, __ap=0x00000004)
[21:03:44.449]      </block>
[21:03:44.449]      // end if-block "(ACCESS_POINT_VAL & 0x00E00000) == 0"
[21:03:44.449]    </control>
[21:03:44.449]    <control if="(ACCESS_POINT_VAL & 0x00E00000) != 0" while="" timeout="0" info="">
[21:03:44.449]      // if-block "(ACCESS_POINT_VAL & 0x00E00000) != 0"
[21:03:44.449]        // =>  FALSE
[21:03:44.449]      // skip if-block "(ACCESS_POINT_VAL & 0x00E00000) != 0"
[21:03:44.449]    </control>
[21:03:44.449]    <block atomic="false" info="">
[21:03:44.449]      ACCESS_POINT_VAL = ReadAP(0x00);//Reading current state of access point
[21:03:44.454]        // -> [ReadAP(0x00000000) => 0x0079002F]   (__dp=0x00000000, __ap=0x00000004)
[21:03:44.454]        // -> [ACCESS_POINT_VAL <= 0x0079002F]
[21:03:44.454]      Message(0, "Current state of access point is: %x",ACCESS_POINT_VAL);
[21:03:44.454]      __ap = 0; //lets make sure we reset the access point selection
[21:03:44.454]        // -> [__ap <= 0x00000000]
[21:03:44.454]    </block>
[21:03:44.454]  </sequence>
[21:03:44.454]  
[21:03:44.479]  **********  Sequence "DebugDeviceUnlock"  (Context="Connect", Pname="", info="")
[21:03:44.479]  
[21:03:44.479]  <debugvars>
[21:03:44.479]    // Pre-defined
[21:03:44.479]    __protocol=0x00010002      (Protocol="SWD", SWJ-DP="True")
[21:03:44.479]    __connection=0x00000202    (Connection Type="Flash", Reset Type="System Reset")
[21:03:44.479]    __dp=0x00000000
[21:03:44.479]    __ap=0x00000000
[21:03:44.479]    __traceout=0x00000000      (Trace Disabled)
[21:03:44.479]    __errorcontrol=0x00000000  (Skip Errors="False")
[21:03:44.479]    __FlashAddr=0x00000000
[21:03:44.479]    __FlashLen=0x00000000
[21:03:44.479]    __FlashArg=0x00000000
[21:03:44.479]    __FlashOp=0x00000000
[21:03:44.479]    __Result=0x00000000
[21:03:44.479]  </debugvars>
[21:03:44.479]  
[21:03:44.479]  <sequence name="DebugDeviceUnlock" Pname="" disable="false" info="">
[21:03:44.479]    <block atomic="false" info="">
[21:03:44.479]      __var deviceID = 0;
[21:03:44.479]        // -> [deviceID <= 0x00000000]
[21:03:44.479]      __var version = 0;
[21:03:44.479]        // -> [version <= 0x00000000]
[21:03:44.479]      __var partNum = 0;
[21:03:44.480]        // -> [partNum <= 0x00000000]
[21:03:44.480]      __var manuf = 0;
[21:03:44.480]        // -> [manuf <= 0x00000000]
[21:03:44.480]      __var isMSPM0G1X0X_G3X0X = 0;
[21:03:44.480]        // -> [isMSPM0G1X0X_G3X0X <= 0x00000000]
[21:03:44.480]      __var isProduction = 0;
[21:03:44.480]        // -> [isProduction <= 0x00000000]
[21:03:44.480]      __var continueId = 0;
[21:03:44.480]        // -> [continueId <= 0x00000000]
[21:03:44.480]      deviceID =   Read32(0x41C40004);
[21:03:44.485]        // -> [Read32(0x41C40004) => 0x2BB8802F]   (__dp=0x00000000, __ap=0x00000000)
[21:03:44.485]        // -> [deviceID <= 0x2BB8802F]
[21:03:44.485]      version = deviceID >> 28;
[21:03:44.485]        // -> [version <= 0x00000002]
[21:03:44.485]      partNum = (deviceID & 0x0FFFF000) >> 12;
[21:03:44.485]        // -> [partNum <= 0x0000BB88]
[21:03:44.485]      manuf = (deviceID & 0x00000FFE) >> 1;
[21:03:44.485]        // -> [manuf <= 0x00000017]
[21:03:44.485]      isMSPM0G1X0X_G3X0X = (partNum == 0xBB88) && (manuf == 0x17);
[21:03:44.485]        // -> [isMSPM0G1X0X_G3X0X <= 0x00000001]
[21:03:44.485]      isProduction = (version > 0);
[21:03:44.485]        // -> [isProduction <= 0x00000001]
[21:03:44.485]    </block>
[21:03:44.485]    <control if="!isMSPM0G1X0X_G3X0X" while="" timeout="0" info="">
[21:03:44.485]      // if-block "!isMSPM0G1X0X_G3X0X"
[21:03:44.485]        // =>  FALSE
[21:03:44.485]      // skip if-block "!isMSPM0G1X0X_G3X0X"
[21:03:44.485]    </control>
[21:03:44.485]    <control if="continueId == 4" while="" timeout="0" info="">
[21:03:44.485]      // if-block "continueId == 4"
[21:03:44.485]        // =>  FALSE
[21:03:44.485]      // skip if-block "continueId == 4"
[21:03:44.485]    </control>
[21:03:44.485]    <control if="!isProduction" while="" timeout="0" info="">
[21:03:44.485]      // if-block "!isProduction"
[21:03:44.485]        // =>  FALSE
[21:03:44.485]      // skip if-block "!isProduction"
[21:03:44.485]    </control>
[21:03:44.485]  </sequence>
[21:03:44.485]  
[21:12:49.598]  **********  Sequence "DebugPortSetup"  (Context="Connect", Pname="", info="")
[21:12:49.598]  
[21:12:49.598]  <debugvars>
[21:12:49.598]    // Pre-defined
[21:12:49.598]    __protocol=0x00010002      (Protocol="SWD", SWJ-DP="True")
[21:12:49.598]    __connection=0x00000202    (Connection Type="Flash", Reset Type="System Reset")
[21:12:49.598]    __dp=0x00000000
[21:12:49.598]    __ap=0x00000000
[21:12:49.598]    __traceout=0x00000000      (Trace Disabled)
[21:12:49.598]    __errorcontrol=0x00000000  (Skip Errors="False")
[21:12:49.598]    __FlashAddr=0x00000000
[21:12:49.598]    __FlashLen=0x00000000
[21:12:49.598]    __FlashArg=0x00000000
[21:12:49.598]    __FlashOp=0x00000000
[21:12:49.598]    __Result=0x00000000
[21:12:49.598]  </debugvars>
[21:12:49.598]  
[21:12:49.598]  <sequence name="DebugPortSetup" Pname="" disable="false" info="">
[21:12:49.598]    <block atomic="false" info="">
[21:12:49.598]      __var isSWJ      = ((__protocol & 0x00010000) != 0);
[21:12:49.598]        // -> [isSWJ <= 0x00000001]
[21:12:49.598]      __var hasDormant = __protocol & 0x00020000;
[21:12:49.598]        // -> [hasDormant <= 0x00000000]
[21:12:49.598]      __var protType   = __protocol & 0x0000FFFF;
[21:12:49.598]        // -> [protType <= 0x00000002]
[21:12:49.598]    </block>
[21:12:49.598]    <control if="protType == 1" while="" timeout="0" info="">
[21:12:49.598]      // if-block "protType == 1"
[21:12:49.598]        // =>  FALSE
[21:12:49.598]      // skip if-block "protType == 1"
[21:12:49.598]    </control>
[21:12:49.598]    <control if="protType == 2" while="" timeout="0" info="">
[21:12:49.598]      // if-block "protType == 2"
[21:12:49.598]        // =>  TRUE
[21:12:49.598]      <control if="isSWJ" while="" timeout="0" info="">
[21:12:49.598]        // if-block "isSWJ"
[21:12:49.598]          // =>  TRUE
[21:12:49.598]        <control if="hasDormant" while="" timeout="0" info="">
[21:12:49.598]          // if-block "hasDormant"
[21:12:49.598]            // =>  FALSE
[21:12:49.598]          // skip if-block "hasDormant"
[21:12:49.598]        </control>
[21:12:49.598]        <control if="!hasDormant" while="" timeout="0" info="">
[21:12:49.598]          // if-block "!hasDormant"
[21:12:49.598]            // =>  TRUE
[21:12:49.598]          <block atomic="false" info="">
[21:12:49.598]            DAP_SWJ_Sequence(51, 0x0007FFFFFFFFFFFF); //lets put the JTAG line in a reset state
[21:12:49.603]              // -> [DAP_SWJ_Sequence(51, 0x0007FFFFFFFFFFFF)]
[21:12:49.603]            DAP_SWJ_Sequence(16,0xE73C); //SWD to JTAG, this is to ensure the state machine is initialized
[21:12:49.603]              // -> [DAP_SWJ_Sequence(16, 0x000000000000E73C)]
[21:12:49.603]            DAP_SWJ_Sequence(51, 0x0007FFFFFFFFFFFF); //Put it back in reset
[21:12:49.609]              // -> [DAP_SWJ_Sequence(51, 0x0007FFFFFFFFFFFF)]
[21:12:49.609]            DAP_SWJ_Sequence(16, 0xE79E); //JTAG to SWD switch
[21:12:49.609]              // -> [DAP_SWJ_Sequence(16, 0x000000000000E79E)]
[21:12:49.609]            DAP_SWJ_Sequence(51, 0x0007FFFFFFFFFFFF);  //Ensure the switch is successful 
[21:12:49.613]              // -> [DAP_SWJ_Sequence(51, 0x0007FFFFFFFFFFFF)]
[21:12:49.613]            DAP_SWJ_Sequence(7,  0x00); //Give the line some time to initialize
[21:12:49.613]              // -> [DAP_SWJ_Sequence(7, 0x0000000000000000)]
[21:12:49.613]          </block>
[21:12:49.613]          // end if-block "!hasDormant"
[21:12:49.613]        </control>
[21:12:49.613]        // end if-block "isSWJ"
[21:12:49.613]      </control>
[21:12:49.613]      <control if="!isSWJ" while="" timeout="0" info="">
[21:12:49.613]        // if-block "!isSWJ"
[21:12:49.613]          // =>  FALSE
[21:12:49.613]        // skip if-block "!isSWJ"
[21:12:49.613]      </control>
[21:12:49.613]      <block atomic="false" info="">
[21:12:49.613]        ReadDP(0x0);
[21:12:49.619]          // -> [ReadDP(0x00000000) => 0x6BA02477]   (__dp=0x00000000)
[21:12:49.619]      </block>
[21:12:49.619]      // end if-block "protType == 2"
[21:12:49.619]    </control>
[21:12:49.619]  </sequence>
[21:12:49.619]  
[21:12:49.619]  **********  Sequence "DebugPortStart"  (Context="Connect", Pname="", info="")
[21:12:49.619]  
[21:12:49.619]  <debugvars>
[21:12:49.619]    // Pre-defined
[21:12:49.619]    __protocol=0x00010002      (Protocol="SWD", SWJ-DP="True")
[21:12:49.619]    __connection=0x00000202    (Connection Type="Flash", Reset Type="System Reset")
[21:12:49.619]    __dp=0x00000000
[21:12:49.619]    __ap=0x00000000
[21:12:49.619]    __traceout=0x00000000      (Trace Disabled)
[21:12:49.619]    __errorcontrol=0x00000000  (Skip Errors="False")
[21:12:49.619]    __FlashAddr=0x00000000
[21:12:49.619]    __FlashLen=0x00000000
[21:12:49.619]    __FlashArg=0x00000000
[21:12:49.619]    __FlashOp=0x00000000
[21:12:49.619]    __Result=0x00000000
[21:12:49.619]  </debugvars>
[21:12:49.619]  
[21:12:49.619]  <sequence name="DebugPortStart" Pname="" disable="false" info="">
[21:12:49.619]    <block atomic="false" info="">
[21:12:49.619]      __var SW_DP_ABORT       = 0x0;
[21:12:49.619]        // -> [SW_DP_ABORT <= 0x00000000]
[21:12:49.619]      __var DP_CTRL_STAT      = 0x4;
[21:12:49.619]        // -> [DP_CTRL_STAT <= 0x00000004]
[21:12:49.624]      __var DP_SELECT         = 0x8;
[21:12:49.624]        // -> [DP_SELECT <= 0x00000008]
[21:12:49.624]      __var powered_down      = 0;
[21:12:49.624]        // -> [powered_down <= 0x00000000]
[21:12:49.624]      WriteDP(DP_SELECT, 0x00000000);
[21:12:49.624]        // -> [WriteDP(0x00000008, 0x00000000)]   (__dp=0x00000000)
[21:12:49.624]      powered_down = ((ReadDP(DP_CTRL_STAT) & 0xA0000000) != 0xA0000000);
[21:12:49.624]        // -> [ReadDP(0x00000004) => 0x00000040]   (__dp=0x00000000)
[21:12:49.624]        // -> [powered_down <= 0x00000001]
[21:12:49.624]    </block>
[21:12:49.624]    <control if="powered_down" while="" timeout="0" info="">
[21:12:49.624]      // if-block "powered_down"
[21:12:49.624]        // =>  TRUE
[21:12:49.624]      <block atomic="false" info="">
[21:12:49.624]        Message(0, "Debug/System power-up request sent");
[21:12:49.629]        WriteDP(DP_CTRL_STAT, 0x50000000);
[21:12:49.629]          // -> [WriteDP(0x00000004, 0x50000000)]   (__dp=0x00000000)
[21:12:49.629]      </block>
[21:12:49.629]      <control if="" while="(ReadDP(DP_CTRL_STAT) & 0xA0000000) != 0xA0000000" timeout="1000000" info="">
[21:12:49.629]        // while "(ReadDP(DP_CTRL_STAT) & 0xA0000000) != 0xA0000000"  (timeout="1000000")
[21:12:49.635]          // -> [ReadDP(0x00000004) => 0xF0000040]   (__dp=0x00000000)
[21:12:49.635]        // while-condition  =>  FALSE
[21:12:49.635]        // end while "(ReadDP(DP_CTRL_STAT) & 0xA0000000) != 0xA0000000"
[21:12:49.635]      </control>
[21:12:49.635]      <control if="(__protocol & 0xFFFF) == 1" while="" timeout="0" info="">
[21:12:49.635]        // if-block "(__protocol & 0xFFFF) == 1"
[21:12:49.635]          // =>  FALSE
[21:12:49.635]        // skip if-block "(__protocol & 0xFFFF) == 1"
[21:12:49.635]      </control>
[21:12:49.635]      <control if="(__protocol & 0xFFFF) == 2" while="" timeout="0" info="">
[21:12:49.635]        // if-block "(__protocol & 0xFFFF) == 2"
[21:12:49.635]          // =>  TRUE
[21:12:49.635]        <block atomic="false" info="">
[21:12:49.635]          Message(0, "executing SWD power up");
[21:12:49.635]          WriteDP(DP_CTRL_STAT, 0x50000F00);
[21:12:49.639]            // -> [WriteDP(0x00000004, 0x50000F00)]   (__dp=0x00000000)
[21:12:49.639]          WriteDP(SW_DP_ABORT, 0x0000001E);
[21:12:49.640]            // -> [WriteDP(0x00000000, 0x0000001E)]   (__dp=0x00000000)
[21:12:49.640]        </block>
[21:12:49.640]        // end if-block "(__protocol & 0xFFFF) == 2"
[21:12:49.640]      </control>
[21:12:49.640]      // end if-block "powered_down"
[21:12:49.640]    </control>
[21:12:49.640]    <block atomic="false" info="">
[21:12:49.640]      __var DEBUG_PORT_VAL    = 0;
[21:12:49.640]        // -> [DEBUG_PORT_VAL <= 0x00000000]
[21:12:49.640]      __var ACCESS_POINT_VAL  = 0;
[21:12:49.640]        // -> [ACCESS_POINT_VAL <= 0x00000000]
[21:12:49.640]      __ap = 1; 
[21:12:49.640]        // -> [__ap <= 0x00000001]
[21:12:49.640]      WriteAP(0x0C, 0x04); //lets use the mini pwr-ap as backup
[21:12:49.645]        // -> [WriteAP(0x0000000C, 0x00000004)]   (__dp=0x00000000, __ap=0x00000001)
[21:12:49.645]      __ap = 4;
[21:12:49.645]        // -> [__ap <= 0x00000004]
[21:12:49.645]      ACCESS_POINT_VAL = ReadAP(0x00);//Reading current state of access point
[21:12:49.650]        // -> [ReadAP(0x00000000) => 0x00080027]   (__dp=0x00000000, __ap=0x00000004)
[21:12:49.650]        // -> [ACCESS_POINT_VAL <= 0x00080027]
[21:12:49.650]      Message(0, "Current state of access point is: %x",ACCESS_POINT_VAL);
[21:12:49.650]    </block>
[21:12:49.650]    <block atomic="false" info="">
[21:12:49.650]      __var nReset = 0x80;
[21:12:49.650]        // -> [nReset <= 0x00000080]
[21:12:49.650]      __var canReadPins = 0;
[21:12:49.650]        // -> [canReadPins <= 0x00000000]
[21:12:49.650]      canReadPins = (DAP_SWJ_Pins(0x00, nReset, 0) != 0xFFFFFFFF);
[21:12:49.656]        // -> [DAP_SWJ_Pins(0x00, 0x80, 0) => 0x0F]   (Out: nRESET=0  =>  In: SWCLK/TCK=1, SWDIO/TMS=1, TDI=1, TDO=1, nTRST=0, nRESET=0)
[21:12:49.656]        // -> [canReadPins <= 0x00000001]
[21:12:49.656]    </block>
[21:12:49.656]    <control if="" while="1" timeout="200" info="">
[21:12:49.656]      // while "1"  (timeout="200")
[21:12:49.656]      // while-condition  =>  TRUE
[21:12:49.656]      // while "1"  (timeout="200")
[21:12:49.656]      // while-condition  =>  TRUE
[21:12:49.656]      // while "1"  (timeout="200")
[21:12:49.656]      // while-condition  =>  TRUE
[21:12:49.656]      // while "1"  (timeout="200")
[21:12:49.656]      // while-condition  =>  TRUE
[21:12:49.656]      // while "1"  (timeout="200")
[21:12:49.656]      // while-condition  =>  TRUE
[21:12:49.656]      // while "1"  (timeout="200")
[21:12:49.656]      // while-condition  =>  TRUE
[21:12:49.656]      // while "1"  (timeout="200")
[21:12:49.656]      // while-condition  =>  TRUE
[21:12:49.656]      // while "1"  (timeout="200")
[21:12:49.656]      // while-condition  =>  TRUE
[21:12:49.656]      // while "1"  (timeout="200")
[21:12:49.656]      // while-condition  =>  TRUE
[21:12:49.656]      // while "1"  (timeout="200")
[21:12:49.656]      // while-condition  =>  TRUE
[21:12:49.656]      // while "1"  (timeout="200")
[21:12:49.656]      // while-condition  =>  TRUE
[21:12:49.656]      // while "1"  (timeout="200")
[21:12:49.656]      // while-condition  =>  TRUE
[21:12:49.656]      // while "1"  (timeout="200")
[21:12:49.656]      // while-condition  =>  TRUE
[21:12:49.656]      // while "1"  (timeout="200")
[21:12:49.656]      // while-condition  =>  TRUE
[21:12:49.656]      // while "1"  (timeout="200")
[21:12:49.656]      // while-condition  =>  TRUE
[21:12:49.656]      // while "1"  (timeout="200")
[21:12:49.656]      // while-condition  =>  TRUE
[21:12:49.656]      // while "1"  (timeout="200")
[21:12:49.656]      // while-condition  =>  TRUE
[21:12:49.656]      // while "1"  (timeout="200")
[21:12:49.656]      // while-condition  =>  TRUE
[21:12:49.656]      // while "1"  (timeout="200")
[21:12:49.656]      // while-condition  =>  TRUE
[21:12:49.656]      // while "1"  (timeout="200")
[21:12:49.656]      // while-condition  =>  TRUE
[21:12:49.656]      // while "1"  (timeout="200")
[21:12:49.656]      // while-condition  =>  TRUE
[21:12:49.658]      // while "1"  (timeout="200")
[21:12:49.658]      // while-condition  =>  TRUE
[21:12:49.658]      // while "1"  (timeout="200")
[21:12:49.658]      // while-condition  =>  TRUE
[21:12:49.658]      // while "1"  (timeout="200")
[21:12:49.658]      // while-condition  =>  TRUE
[21:12:49.658]      // while "1"  (timeout="200")
[21:12:49.658]      // while-condition  =>  TRUE
[21:12:49.658]      // while "1"  (timeout="200")
[21:12:49.658]      // while-condition  =>  TRUE
[21:12:49.658]      // while "1"  (timeout="200")
[21:12:49.658]      // while-condition  =>  TRUE
[21:12:49.658]      // while "1"  (timeout="200")
[21:12:49.658]      // while-condition  =>  TRUE
[21:12:49.658]      // while "1"  (timeout="200")
[21:12:49.658]      // while-condition  =>  TRUE
[21:12:49.658]      // while "1"  (timeout="200")
[21:12:49.658]      // while-condition  =>  TRUE
[21:12:49.658]      // while "1"  (timeout="200")
[21:12:49.658]      // while-condition  =>  TRUE
[21:12:49.658]      // while "1"  (timeout="200")
[21:12:49.658]      // while-condition  =>  TRUE
[21:12:49.658]      // while "1"  (timeout="200")
[21:12:49.658]      // while-condition  =>  TRUE
[21:12:49.658]      // while "1"  (timeout="200")
[21:12:49.658]      // while-condition  =>  TRUE
[21:12:49.658]      // while "1"  (timeout="200")
[21:12:49.658]      // while-condition  =>  TRUE
[21:12:49.658]      // while "1"  (timeout="200")
[21:12:49.658]      // while-condition  =>  TRUE
[21:12:49.658]      // while "1"  (timeout="200")
[21:12:49.658]      // while-condition  =>  TRUE
[21:12:49.658]      // while "1"  (timeout="200")
[21:12:49.658]      // while-condition  =>  TRUE
[21:12:49.658]      // while "1"  (timeout="200")
[21:12:49.658]      // while-condition  =>  TRUE
[21:12:49.658]      // while "1"  (timeout="200")
[21:12:49.658]      // while-condition  =>  TRUE
[21:12:49.658]      // while "1"  (timeout="200")
[21:12:49.658]      // while-condition  =>  TRUE
[21:12:49.658]      // while "1"  (timeout="200")
[21:12:49.658]      // while-condition  =>  TRUE
[21:12:49.658]      // while "1"  (timeout="200")
[21:12:49.658]      // while-condition  =>  TRUE
[21:12:49.658]      // while "1"  (timeout="200")
[21:12:49.661]      // while-condition  =>  TRUE
[21:12:49.661]      // while "1"  (timeout="200")
[21:12:49.661]      // while-condition  =>  TRUE
[21:12:49.661]      // while "1"  (timeout="200")
[21:12:49.661]      // while-condition  =>  TRUE
[21:12:49.661]      // while "1"  (timeout="200")
[21:12:49.661]      // while-condition  =>  TRUE
[21:12:49.661]      // while "1"  (timeout="200")
[21:12:49.661]      // while-condition  =>  TRUE
[21:12:49.661]      // while "1"  (timeout="200")
[21:12:49.661]      // while-condition  =>  TRUE
[21:12:49.661]      // while "1"  (timeout="200")
[21:12:49.661]      // while-condition  =>  TRUE
[21:12:49.661]      // while "1"  (timeout="200")
[21:12:49.661]      // while-condition  =>  TRUE
[21:12:49.661]      // while "1"  (timeout="200")
[21:12:49.661]      // while-condition  =>  TRUE
[21:12:49.661]      // while "1"  (timeout="200")
[21:12:49.661]      // while-condition  =>  TRUE
[21:12:49.661]      // while "1"  (timeout="200")
[21:12:49.661]      // while-condition  =>  TRUE
[21:12:49.661]      // while "1"  (timeout="200")
[21:12:49.661]      // while-condition  =>  TRUE
[21:12:49.661]      // while "1"  (timeout="200")
[21:12:49.661]      // while-condition  =>  TRUE
[21:12:49.661]      // while "1"  (timeout="200")
[21:12:49.661]      // while-condition  =>  TRUE
[21:12:49.661]      // while "1"  (timeout="200")
[21:12:49.661]      // while-condition  =>  TRUE
[21:12:49.661]      // while "1"  (timeout="200")
[21:12:49.661]      // while-condition  =>  TRUE
[21:12:49.661]      // while "1"  (timeout="200")
[21:12:49.661]      // while-condition  =>  TRUE
[21:12:49.661]      // while "1"  (timeout="200")
[21:12:49.661]      // while-condition  =>  TRUE
[21:12:49.661]      // while "1"  (timeout="200")
[21:12:49.661]      // while-condition  =>  TRUE
[21:12:49.661]      // while "1"  (timeout="200")
[21:12:49.661]      // while-condition  =>  TRUE
[21:12:49.661]      // while "1"  (timeout="200")
[21:12:49.661]      // while-condition  =>  TRUE
[21:12:49.661]      // while "1"  (timeout="200")
[21:12:49.661]      // while-condition  =>  TRUE
[21:12:49.661]      // while "1"  (timeout="200")
[21:12:49.661]      // while-condition  =>  TRUE
[21:12:49.661]      // while "1"  (timeout="200")
[21:12:49.661]      // while-condition  =>  TRUE
[21:12:49.661]      // while "1"  (timeout="200")
[21:12:49.661]      // while-condition  =>  TRUE
[21:12:49.661]      // while "1"  (timeout="200")
[21:12:49.661]      // while-condition  =>  TRUE
[21:12:49.661]      // while "1"  (timeout="200")
[21:12:49.661]      // while-condition  =>  TRUE
[21:12:49.661]      // while "1"  (timeout="200")
[21:12:49.661]      // while-condition  =>  TRUE
[21:12:49.661]      // while "1"  (timeout="200")
[21:12:49.661]      // while-condition  =>  TRUE
[21:12:49.661]      // while "1"  (timeout="200")
[21:12:49.661]      // while-condition  =>  TRUE
[21:12:49.661]      // while "1"  (timeout="200")
[21:12:49.661]      // while-condition  =>  TRUE
[21:12:49.661]      // while "1"  (timeout="200")
[21:12:49.661]      // while-condition  =>  TRUE
[21:12:49.661]      // while "1"  (timeout="200")
[21:12:49.661]      // while-condition  =>  TRUE
[21:12:49.661]      // while "1"  (timeout="200")
[21:12:49.661]      // while-condition  =>  TRUE
[21:12:49.661]      // while "1"  (timeout="200")
[21:12:49.661]      // while-condition  =>  TRUE
[21:12:49.661]      // while "1"  (timeout="200")
[21:12:49.661]      // while-condition  =>  TRUE
[21:12:49.661]      // while "1"  (timeout="200")
[21:12:49.661]      // while-condition  =>  TRUE
[21:12:49.661]      // while "1"  (timeout="200")
[21:12:49.661]      // while-condition  =>  TRUE
[21:12:49.661]      // while "1"  (timeout="200")
[21:12:49.661]      // while-condition  =>  TRUE
[21:12:49.661]      // while "1"  (timeout="200")
[21:12:49.661]      // while-condition  =>  TRUE
[21:12:49.661]      // while "1"  (timeout="200")
[21:12:49.661]      // while-condition  =>  TRUE
[21:12:49.661]      // while "1"  (timeout="200")
[21:12:49.661]      // while-condition  =>  TRUE
[21:12:49.661]      // while "1"  (timeout="200")
[21:12:49.661]      // while-condition  =>  TRUE
[21:12:49.661]      // while "1"  (timeout="200")
[21:12:49.661]      // while-condition  =>  TRUE
[21:12:49.661]      // while "1"  (timeout="200")
[21:12:49.661]      // while-condition  =>  TRUE
[21:12:49.661]      // while "1"  (timeout="200")
[21:12:49.661]      // while-condition  =>  TRUE
[21:12:49.661]      // while "1"  (timeout="200")
[21:12:49.661]      // while-condition  =>  TRUE
[21:12:49.661]      // while "1"  (timeout="200")
[21:12:49.661]      // while-condition  =>  TRUE
[21:12:49.661]      // while "1"  (timeout="200")
[21:12:49.666]      // while-condition  =>  TRUE
[21:12:49.666]      // while "1"  (timeout="200")
[21:12:49.666]      // while-condition  =>  TRUE
[21:12:49.666]      // while "1"  (timeout="200")
[21:12:49.666]      // while-condition  =>  TRUE
[21:12:49.666]      // while "1"  (timeout="200")
[21:12:49.666]      // while-condition  =>  TRUE
[21:12:49.666]      // while "1"  (timeout="200")
[21:12:49.666]      // while-condition  =>  TRUE
[21:12:49.666]      // while "1"  (timeout="200")
[21:12:49.666]      // while-condition  =>  TRUE
[21:12:49.666]      // while "1"  (timeout="200")
[21:12:49.666]      // while-condition  =>  TRUE
[21:12:49.666]      // while "1"  (timeout="200")
[21:12:49.666]      // while-condition  =>  TRUE
[21:12:49.666]      // while "1"  (timeout="200")
[21:12:49.666]      // while-condition  =>  TRUE
[21:12:49.666]      // while "1"  (timeout="200")
[21:12:49.666]      // while-condition  =>  TRUE
[21:12:49.666]      // while "1"  (timeout="200")
[21:12:49.666]      // while-condition  =>  TRUE
[21:12:49.666]      // while "1"  (timeout="200")
[21:12:49.666]      // while-condition  =>  TRUE
[21:12:49.666]      // while "1"  (timeout="200")
[21:12:49.666]      // while-condition  =>  TRUE
[21:12:49.666]      // while "1"  (timeout="200")
[21:12:49.666]      // while-condition  =>  TRUE
[21:12:49.666]      // while "1"  (timeout="200")
[21:12:49.666]      // while-condition  =>  TRUE
[21:12:49.666]      // while "1"  (timeout="200")
[21:12:49.666]      // while-condition  =>  TRUE
[21:12:49.666]      // while "1"  (timeout="200")
[21:12:49.666]      // while-condition  =>  TRUE
[21:12:49.666]      // while "1"  (timeout="200")
[21:12:49.666]      // while-condition  =>  TRUE
[21:12:49.666]      // while "1"  (timeout="200")
[21:12:49.666]      // while-condition  =>  TRUE
[21:12:49.666]      // while "1"  (timeout="200")
[21:12:49.666]      // while-condition  =>  TRUE
[21:12:49.666]      // while "1"  (timeout="200")
[21:12:49.666]      // while-condition  =>  TRUE
[21:12:49.666]      // while "1"  (timeout="200")
[21:12:49.666]      // while-condition  =>  TRUE
[21:12:49.666]      // while "1"  (timeout="200")
[21:12:49.666]      // while-condition  =>  TRUE
[21:12:49.666]      // while "1"  (timeout="200")
[21:12:49.666]      // while-condition  =>  TRUE
[21:12:49.666]      // while "1"  (timeout="200")
[21:12:49.666]      // while-condition  =>  TRUE
[21:12:49.666]      // while "1"  (timeout="200")
[21:12:49.666]      // while-condition  =>  TRUE
[21:12:49.666]      // while "1"  (timeout="200")
[21:12:49.666]      // while-condition  =>  TRUE
[21:12:49.666]      // while "1"  (timeout="200")
[21:12:49.666]      // while-condition  =>  TRUE
[21:12:49.666]      // while "1"  (timeout="200")
[21:12:49.666]      // while-condition  =>  TRUE
[21:12:49.666]      // while "1"  (timeout="200")
[21:12:49.666]      // while-condition  =>  TRUE
[21:12:49.666]      // while "1"  (timeout="200")
[21:12:49.666]      // while-condition  =>  TRUE
[21:12:49.666]      // while "1"  (timeout="200")
[21:12:49.666]      // while-condition  =>  TRUE
[21:12:49.666]      // while "1"  (timeout="200")
[21:12:49.666]      // while-condition  =>  TRUE
[21:12:49.666]      // while "1"  (timeout="200")
[21:12:49.666]      // while-condition  =>  TRUE
[21:12:49.666]      // while "1"  (timeout="200")
[21:12:49.666]      // while-condition  =>  TRUE
[21:12:49.666]      // while "1"  (timeout="200")
[21:12:49.666]      // while-condition  =>  TRUE
[21:12:49.666]      // while "1"  (timeout="200")
[21:12:49.666]      // while-condition  =>  TRUE
[21:12:49.666]      // while "1"  (timeout="200")
[21:12:49.666]      // while-condition  =>  TRUE
[21:12:49.666]      // while "1"  (timeout="200")
[21:12:49.666]      // while-condition  =>  TRUE
[21:12:49.666]      // while "1"  (timeout="200")
[21:12:49.666]      // while-condition  =>  TRUE
[21:12:49.666]      // while "1"  (timeout="200")
[21:12:49.666]      // while-condition  =>  TRUE
[21:12:49.666]      // while "1"  (timeout="200")
[21:12:49.666]      // while-condition  =>  TRUE
[21:12:49.666]      // while "1"  (timeout="200")
[21:12:49.666]      // while-condition  =>  TRUE
[21:12:49.666]      // while "1"  (timeout="200")
[21:12:49.666]      // while-condition  =>  TRUE
[21:12:49.666]      // while "1"  (timeout="200")
[21:12:49.666]      // while-condition  =>  TRUE
[21:12:49.666]      // while "1"  (timeout="200")
[21:12:49.666]      // while-condition  =>  TRUE
[21:12:49.666]      // while "1"  (timeout="200")
[21:12:49.666]      // while-condition  =>  TRUE
[21:12:49.666]      // while "1"  (timeout="200")
[21:12:49.666]      // while-condition  =>  TRUE
[21:12:49.666]      // while "1"  (timeout="200")
[21:12:49.666]      // while-condition  =>  TRUE
[21:12:49.666]      // while "1"  (timeout="200")
[21:12:49.666]      // while-condition  =>  TRUE
[21:12:49.666]      // while "1"  (timeout="200")
[21:12:49.666]      // while-condition  =>  TRUE
[21:12:49.666]      // while "1"  (timeout="200")
[21:12:49.666]      // while-condition  =>  TRUE
[21:12:49.671]      // while "1"  (timeout="200")
[21:12:49.671]      // while  =>  TIMEOUT
[21:12:49.671]      // end while "1"
[21:12:49.671]    </control>
[21:12:49.671]    <control if="canReadPins" while="" timeout="0" info="">
[21:12:49.671]      // if-block "canReadPins"
[21:12:49.671]        // =>  TRUE
[21:12:49.671]      <control if="" while="(DAP_SWJ_Pins(nReset, nReset, 0) & nReset) == 0" timeout="1000000" info="">
[21:12:49.671]        // while "(DAP_SWJ_Pins(nReset, nReset, 0) & nReset) == 0"  (timeout="1000000")
[21:12:49.671]          // -> [DAP_SWJ_Pins(0x80, 0x80, 0) => 0x8F]   (Out: nRESET=1  =>  In: SWCLK/TCK=1, SWDIO/TMS=1, TDI=1, TDO=1, nTRST=0, nRESET=1)
[21:12:49.671]        // while-condition  =>  FALSE
[21:12:49.671]        // end while "(DAP_SWJ_Pins(nReset, nReset, 0) & nReset) == 0"
[21:12:49.671]      </control>
[21:12:49.671]      // end if-block "canReadPins"
[21:12:49.671]    </control>
[21:12:49.671]    <control if="!canReadPins" while="" timeout="0" info="">
[21:12:49.671]      // if-block "!canReadPins"
[21:12:49.671]        // =>  FALSE
[21:12:49.671]      // skip if-block "!canReadPins"
[21:12:49.671]    </control>
[21:12:49.671]    <control if="(ACCESS_POINT_VAL & 0x00E00000) == 0" while="" timeout="0" info="">
[21:12:49.671]      // if-block "(ACCESS_POINT_VAL & 0x00E00000) == 0"
[21:12:49.671]        // =>  TRUE
[21:12:49.671]      <block atomic="false" info="">
[21:12:49.671]        WriteAP(0x00, 0x190008);
[21:12:49.680]          // -> [WriteAP(0x00000000, 0x00190008)]   (__dp=0x00000000, __ap=0x00000004)
[21:12:49.680]        WriteAP(0xF0, 0x01);
[21:12:49.683]          // -> [WriteAP(0x000000F0, 0x00000001)]   (__dp=0x00000000, __ap=0x00000004)
[21:12:49.683]      </block>
[21:12:49.683]      // end if-block "(ACCESS_POINT_VAL & 0x00E00000) == 0"
[21:12:49.683]    </control>
[21:12:49.683]    <control if="(ACCESS_POINT_VAL & 0x00E00000) != 0" while="" timeout="0" info="">
[21:12:49.683]      // if-block "(ACCESS_POINT_VAL & 0x00E00000) != 0"
[21:12:49.683]        // =>  FALSE
[21:12:49.683]      // skip if-block "(ACCESS_POINT_VAL & 0x00E00000) != 0"
[21:12:49.683]    </control>
[21:12:49.683]    <block atomic="false" info="">
[21:12:49.683]      ACCESS_POINT_VAL = ReadAP(0x00);//Reading current state of access point
[21:12:49.688]        // -> [ReadAP(0x00000000) => 0x0079002F]   (__dp=0x00000000, __ap=0x00000004)
[21:12:49.688]        // -> [ACCESS_POINT_VAL <= 0x0079002F]
[21:12:49.688]      Message(0, "Current state of access point is: %x",ACCESS_POINT_VAL);
[21:12:49.688]      __ap = 0; //lets make sure we reset the access point selection
[21:12:49.688]        // -> [__ap <= 0x00000000]
[21:12:49.688]    </block>
[21:12:49.688]  </sequence>
[21:12:49.688]  
[21:12:49.713]  **********  Sequence "DebugDeviceUnlock"  (Context="Connect", Pname="", info="")
[21:12:49.713]  
[21:12:49.713]  <debugvars>
[21:12:49.713]    // Pre-defined
[21:12:49.713]    __protocol=0x00010002      (Protocol="SWD", SWJ-DP="True")
[21:12:49.713]    __connection=0x00000202    (Connection Type="Flash", Reset Type="System Reset")
[21:12:49.713]    __dp=0x00000000
[21:12:49.713]    __ap=0x00000000
[21:12:49.713]    __traceout=0x00000000      (Trace Disabled)
[21:12:49.713]    __errorcontrol=0x00000000  (Skip Errors="False")
[21:12:49.713]    __FlashAddr=0x00000000
[21:12:49.713]    __FlashLen=0x00000000
[21:12:49.713]    __FlashArg=0x00000000
[21:12:49.713]    __FlashOp=0x00000000
[21:12:49.713]    __Result=0x00000000
[21:12:49.718]  </debugvars>
[21:12:49.718]  
[21:12:49.718]  <sequence name="DebugDeviceUnlock" Pname="" disable="false" info="">
[21:12:49.718]    <block atomic="false" info="">
[21:12:49.718]      __var deviceID = 0;
[21:12:49.718]        // -> [deviceID <= 0x00000000]
[21:12:49.718]      __var version = 0;
[21:12:49.718]        // -> [version <= 0x00000000]
[21:12:49.718]      __var partNum = 0;
[21:12:49.718]        // -> [partNum <= 0x00000000]
[21:12:49.718]      __var manuf = 0;
[21:12:49.718]        // -> [manuf <= 0x00000000]
[21:12:49.718]      __var isMSPM0G1X0X_G3X0X = 0;
[21:12:49.718]        // -> [isMSPM0G1X0X_G3X0X <= 0x00000000]
[21:12:49.718]      __var isProduction = 0;
[21:12:49.718]        // -> [isProduction <= 0x00000000]
[21:12:49.718]      __var continueId = 0;
[21:12:49.718]        // -> [continueId <= 0x00000000]
[21:12:49.718]      deviceID =   Read32(0x41C40004);
[21:12:49.723]        // -> [Read32(0x41C40004) => 0x2BB8802F]   (__dp=0x00000000, __ap=0x00000000)
[21:12:49.723]        // -> [deviceID <= 0x2BB8802F]
[21:12:49.723]      version = deviceID >> 28;
[21:12:49.723]        // -> [version <= 0x00000002]
[21:12:49.723]      partNum = (deviceID & 0x0FFFF000) >> 12;
[21:12:49.723]        // -> [partNum <= 0x0000BB88]
[21:12:49.723]      manuf = (deviceID & 0x00000FFE) >> 1;
[21:12:49.723]        // -> [manuf <= 0x00000017]
[21:12:49.723]      isMSPM0G1X0X_G3X0X = (partNum == 0xBB88) && (manuf == 0x17);
[21:12:49.723]        // -> [isMSPM0G1X0X_G3X0X <= 0x00000001]
[21:12:49.723]      isProduction = (version > 0);
[21:12:49.723]        // -> [isProduction <= 0x00000001]
[21:12:49.723]    </block>
[21:12:49.723]    <control if="!isMSPM0G1X0X_G3X0X" while="" timeout="0" info="">
[21:12:49.723]      // if-block "!isMSPM0G1X0X_G3X0X"
[21:12:49.723]        // =>  FALSE
[21:12:49.723]      // skip if-block "!isMSPM0G1X0X_G3X0X"
[21:12:49.723]    </control>
[21:12:49.723]    <control if="continueId == 4" while="" timeout="0" info="">
[21:12:49.723]      // if-block "continueId == 4"
[21:12:49.723]        // =>  FALSE
[21:12:49.723]      // skip if-block "continueId == 4"
[21:12:49.723]    </control>
[21:12:49.723]    <control if="!isProduction" while="" timeout="0" info="">
[21:12:49.723]      // if-block "!isProduction"
[21:12:49.723]        // =>  FALSE
[21:12:49.723]      // skip if-block "!isProduction"
[21:12:49.723]    </control>
[21:12:49.723]  </sequence>
[21:12:49.723]  
