/*
 *  CMSIS Pack Debug Access Sequence Log
 *  File        : C:\Users\xxs13\Desktop\MSPM0G3507_Library\SeekFree_MSPM0G3507_Opensource_Library\project\mdk\SeekFree_MSPM0G3507_Device_Library_Sequences_0018.log
 *  Created     : 19:40:32 (20/07/2026)
 *  Device      : MSPM0G3507
 *  PDSC File   : D:/MDK5.36/Packs/TexasInstruments/MSPM0G1X0X_G3X0X_DFP/1.3.1/TexasInstruments.MSPM0G1X0X_G3X0X_DFP.pdsc
 *
 */

[19:40:32.984]  **********  Sequence "DebugPortSetup"  (Context="Connect", Pname="", info="")
[19:40:32.984]  
[19:40:32.984]  <debugvars>
[19:40:32.984]    // Pre-defined
[19:40:32.984]    __protocol=0x00010002      (Protocol="SWD", SWJ-DP="True")
[19:40:32.984]    __connection=0x00000202    (Connection Type="Flash", Reset Type="System Reset")
[19:40:32.984]    __dp=0x00000000
[19:40:32.984]    __ap=0x00000000
[19:40:32.984]    __traceout=0x00000000      (Trace Disabled)
[19:40:32.984]    __errorcontrol=0x00000000  (Skip Errors="False")
[19:40:32.984]    __FlashAddr=0x00000000
[19:40:32.984]    __FlashLen=0x00000000
[19:40:32.984]    __FlashArg=0x00000000
[19:40:32.984]    __FlashOp=0x00000000
[19:40:32.984]    __Result=0x00000000
[19:40:32.986]  </debugvars>
[19:40:32.986]  
[19:40:32.986]  <sequence name="DebugPortSetup" Pname="" disable="false" info="">
[19:40:32.986]    <block atomic="false" info="">
[19:40:32.986]      __var isSWJ      = ((__protocol & 0x00010000) != 0);
[19:40:32.986]        // -> [isSWJ <= 0x00000001]
[19:40:32.986]      __var hasDormant = __protocol & 0x00020000;
[19:40:32.986]        // -> [hasDormant <= 0x00000000]
[19:40:32.986]      __var protType   = __protocol & 0x0000FFFF;
[19:40:32.986]        // -> [protType <= 0x00000002]
[19:40:32.986]    </block>
[19:40:32.986]    <control if="protType == 1" while="" timeout="0" info="">
[19:40:32.986]      // if-block "protType == 1"
[19:40:32.986]        // =>  FALSE
[19:40:32.986]      // skip if-block "protType == 1"
[19:40:32.986]    </control>
[19:40:32.986]    <control if="protType == 2" while="" timeout="0" info="">
[19:40:32.986]      // if-block "protType == 2"
[19:40:32.986]        // =>  TRUE
[19:40:32.986]      <control if="isSWJ" while="" timeout="0" info="">
[19:40:32.986]        // if-block "isSWJ"
[19:40:32.986]          // =>  TRUE
[19:40:32.986]        <control if="hasDormant" while="" timeout="0" info="">
[19:40:32.986]          // if-block "hasDormant"
[19:40:32.986]            // =>  FALSE
[19:40:32.986]          // skip if-block "hasDormant"
[19:40:32.986]        </control>
[19:40:32.986]        <control if="!hasDormant" while="" timeout="0" info="">
[19:40:32.986]          // if-block "!hasDormant"
[19:40:32.986]            // =>  TRUE
[19:40:32.986]          <block atomic="false" info="">
[19:40:32.986]            DAP_SWJ_Sequence(51, 0x0007FFFFFFFFFFFF); //lets put the JTAG line in a reset state
[19:40:32.988]              // -> [DAP_SWJ_Sequence(51, 0x0007FFFFFFFFFFFF)]
[19:40:32.990]            DAP_SWJ_Sequence(16,0xE73C); //SWD to JTAG, this is to ensure the state machine is initialized
[19:40:32.990]              // -> [DAP_SWJ_Sequence(16, 0x000000000000E73C)]
[19:40:32.990]            DAP_SWJ_Sequence(51, 0x0007FFFFFFFFFFFF); //Put it back in reset
[19:40:32.992]              // -> [DAP_SWJ_Sequence(51, 0x0007FFFFFFFFFFFF)]
[19:40:32.992]            DAP_SWJ_Sequence(16, 0xE79E); //JTAG to SWD switch
[19:40:32.994]              // -> [DAP_SWJ_Sequence(16, 0x000000000000E79E)]
[19:40:32.994]            DAP_SWJ_Sequence(51, 0x0007FFFFFFFFFFFF);  //Ensure the switch is successful 
[19:40:32.996]              // -> [DAP_SWJ_Sequence(51, 0x0007FFFFFFFFFFFF)]
[19:40:32.996]            DAP_SWJ_Sequence(7,  0x00); //Give the line some time to initialize
[19:40:32.999]              // -> [DAP_SWJ_Sequence(7, 0x0000000000000000)]
[19:40:33.014]          </block>
[19:40:33.016]          // end if-block "!hasDormant"
[19:40:33.016]        </control>
[19:40:33.016]        // end if-block "isSWJ"
[19:40:33.016]      </control>
[19:40:33.016]      <control if="!isSWJ" while="" timeout="0" info="">
[19:40:33.016]        // if-block "!isSWJ"
[19:40:33.016]          // =>  FALSE
[19:40:33.016]        // skip if-block "!isSWJ"
[19:40:33.016]      </control>
[19:40:33.016]      <block atomic="false" info="">
[19:40:33.016]        ReadDP(0x0);
[19:40:33.018]          // -> [ReadDP(0x00000000) => 0x6BA02477]   (__dp=0x00000000)
[19:40:33.018]      </block>
[19:40:33.018]      // end if-block "protType == 2"
[19:40:33.018]    </control>
[19:40:33.018]  </sequence>
[19:40:33.018]  
[19:40:33.024]  **********  Sequence "DebugPortStart"  (Context="Connect", Pname="", info="")
[19:40:33.024]  
[19:40:33.024]  <debugvars>
[19:40:33.024]    // Pre-defined
[19:40:33.024]    __protocol=0x00010002      (Protocol="SWD", SWJ-DP="True")
[19:40:33.024]    __connection=0x00000202    (Connection Type="Flash", Reset Type="System Reset")
[19:40:33.024]    __dp=0x00000000
[19:40:33.024]    __ap=0x00000000
[19:40:33.024]    __traceout=0x00000000      (Trace Disabled)
[19:40:33.024]    __errorcontrol=0x00000000  (Skip Errors="False")
[19:40:33.024]    __FlashAddr=0x00000000
[19:40:33.024]    __FlashLen=0x00000000
[19:40:33.024]    __FlashArg=0x00000000
[19:40:33.024]    __FlashOp=0x00000000
[19:40:33.024]    __Result=0x00000000
[19:40:33.024]  </debugvars>
[19:40:33.024]  
[19:40:33.024]  <sequence name="DebugPortStart" Pname="" disable="false" info="">
[19:40:33.024]    <block atomic="false" info="">
[19:40:33.024]      __var SW_DP_ABORT       = 0x0;
[19:40:33.024]        // -> [SW_DP_ABORT <= 0x00000000]
[19:40:33.024]      __var DP_CTRL_STAT      = 0x4;
[19:40:33.024]        // -> [DP_CTRL_STAT <= 0x00000004]
[19:40:33.024]      __var DP_SELECT         = 0x8;
[19:40:33.024]        // -> [DP_SELECT <= 0x00000008]
[19:40:33.024]      __var powered_down      = 0;
[19:40:33.024]        // -> [powered_down <= 0x00000000]
[19:40:33.026]      WriteDP(DP_SELECT, 0x00000000);
[19:40:33.026]        // -> [WriteDP(0x00000008, 0x00000000)]   (__dp=0x00000000)
[19:40:33.026]      powered_down = ((ReadDP(DP_CTRL_STAT) & 0xA0000000) != 0xA0000000);
[19:40:33.028]        // -> [ReadDP(0x00000004) => 0x00000040]   (__dp=0x00000000)
[19:40:33.028]        // -> [powered_down <= 0x00000001]
[19:40:33.028]    </block>
[19:40:33.028]    <control if="powered_down" while="" timeout="0" info="">
[19:40:33.028]      // if-block "powered_down"
[19:40:33.028]        // =>  TRUE
[19:40:33.030]      <block atomic="false" info="">
[19:40:33.030]        Message(0, "Debug/System power-up request sent");
[19:40:33.032]        WriteDP(DP_CTRL_STAT, 0x50000000);
[19:40:33.034]          // -> [WriteDP(0x00000004, 0x50000000)]   (__dp=0x00000000)
[19:40:33.034]      </block>
[19:40:33.034]      <control if="" while="(ReadDP(DP_CTRL_STAT) & 0xA0000000) != 0xA0000000" timeout="1000000" info="">
[19:40:33.034]        // while "(ReadDP(DP_CTRL_STAT) & 0xA0000000) != 0xA0000000"  (timeout="1000000")
[19:40:33.036]          // -> [ReadDP(0x00000004) => 0xF0000040]   (__dp=0x00000000)
[19:40:33.036]        // while-condition  =>  FALSE
[19:40:33.036]        // end while "(ReadDP(DP_CTRL_STAT) & 0xA0000000) != 0xA0000000"
[19:40:33.036]      </control>
[19:40:33.036]      <control if="(__protocol & 0xFFFF) == 1" while="" timeout="0" info="">
[19:40:33.036]        // if-block "(__protocol & 0xFFFF) == 1"
[19:40:33.036]          // =>  FALSE
[19:40:33.036]        // skip if-block "(__protocol & 0xFFFF) == 1"
[19:40:33.036]      </control>
[19:40:33.036]      <control if="(__protocol & 0xFFFF) == 2" while="" timeout="0" info="">
[19:40:33.036]        // if-block "(__protocol & 0xFFFF) == 2"
[19:40:33.036]          // =>  TRUE
[19:40:33.036]        <block atomic="false" info="">
[19:40:33.036]          Message(0, "executing SWD power up");
[19:40:33.039]          WriteDP(DP_CTRL_STAT, 0x50000F00);
[19:40:33.041]            // -> [WriteDP(0x00000004, 0x50000F00)]   (__dp=0x00000000)
[19:40:33.041]          WriteDP(SW_DP_ABORT, 0x0000001E);
[19:40:33.043]            // -> [WriteDP(0x00000000, 0x0000001E)]   (__dp=0x00000000)
[19:40:33.043]        </block>
[19:40:33.043]        // end if-block "(__protocol & 0xFFFF) == 2"
[19:40:33.043]      </control>
[19:40:33.043]      // end if-block "powered_down"
[19:40:33.043]    </control>
[19:40:33.043]    <block atomic="false" info="">
[19:40:33.043]      __var DEBUG_PORT_VAL    = 0;
[19:40:33.045]        // -> [DEBUG_PORT_VAL <= 0x00000000]
[19:40:33.045]      __var ACCESS_POINT_VAL  = 0;
[19:40:33.045]        // -> [ACCESS_POINT_VAL <= 0x00000000]
[19:40:33.045]      __ap = 1; 
[19:40:33.045]        // -> [__ap <= 0x00000001]
[19:40:33.045]      WriteAP(0x0C, 0x04); //lets use the mini pwr-ap as backup
[19:40:33.050]        // -> [WriteAP(0x0000000C, 0x00000004)]   (__dp=0x00000000, __ap=0x00000001)
[19:40:33.050]      __ap = 4;
[19:40:33.050]        // -> [__ap <= 0x00000004]
[19:40:33.051]      ACCESS_POINT_VAL = ReadAP(0x00);//Reading current state of access point
[19:40:33.051]        // -> [ReadAP(0x00000000) => 0x00080027]   (__dp=0x00000000, __ap=0x00000004)
[19:40:33.051]        // -> [ACCESS_POINT_VAL <= 0x00080027]
[19:40:33.051]      Message(0, "Current state of access point is: %x",ACCESS_POINT_VAL);
[19:40:33.051]    </block>
[19:40:33.051]    <block atomic="false" info="">
[19:40:33.051]      __var nReset = 0x80;
[19:40:33.051]        // -> [nReset <= 0x00000080]
[19:40:33.051]      __var canReadPins = 0;
[19:40:33.051]        // -> [canReadPins <= 0x00000000]
[19:40:33.051]      canReadPins = (DAP_SWJ_Pins(0x00, nReset, 0) != 0xFFFFFFFF);
[19:40:33.051]        // -> [DAP_SWJ_Pins(0x00, 0x80, 0) => 0x0F]   (Out: nRESET=0  =>  In: SWCLK/TCK=1, SWDIO/TMS=1, TDI=1, TDO=1, nTRST=0, nRESET=0)
[19:40:33.059]        // -> [canReadPins <= 0x00000001]
[19:40:33.059]    </block>
[19:40:33.059]    <control if="" while="1" timeout="200" info="">
[19:40:33.059]      // while "1"  (timeout="200")
[19:40:33.059]      // while-condition  =>  TRUE
[19:40:33.059]      // while "1"  (timeout="200")
[19:40:33.059]      // while-condition  =>  TRUE
[19:40:33.059]      // while "1"  (timeout="200")
[19:40:33.059]      // while-condition  =>  TRUE
[19:40:33.059]      // while "1"  (timeout="200")
[19:40:33.059]      // while-condition  =>  TRUE
[19:40:33.059]      // while "1"  (timeout="200")
[19:40:33.059]      // while-condition  =>  TRUE
[19:40:33.059]      // while "1"  (timeout="200")
[19:40:33.059]      // while-condition  =>  TRUE
[19:40:33.059]      // while "1"  (timeout="200")
[19:40:33.059]      // while-condition  =>  TRUE
[19:40:33.059]      // while "1"  (timeout="200")
[19:40:33.059]      // while-condition  =>  TRUE
[19:40:33.059]      // while "1"  (timeout="200")
[19:40:33.059]      // while-condition  =>  TRUE
[19:40:33.059]      // while "1"  (timeout="200")
[19:40:33.059]      // while-condition  =>  TRUE
[19:40:33.059]      // while "1"  (timeout="200")
[19:40:33.059]      // while-condition  =>  TRUE
[19:40:33.059]      // while "1"  (timeout="200")
[19:40:33.059]      // while-condition  =>  TRUE
[19:40:33.059]      // while "1"  (timeout="200")
[19:40:33.059]      // while-condition  =>  TRUE
[19:40:33.059]      // while "1"  (timeout="200")
[19:40:33.059]      // while-condition  =>  TRUE
[19:40:33.059]      // while "1"  (timeout="200")
[19:40:33.059]      // while-condition  =>  TRUE
[19:40:33.059]      // while "1"  (timeout="200")
[19:40:33.059]      // while-condition  =>  TRUE
[19:40:33.059]      // while "1"  (timeout="200")
[19:40:33.059]      // while-condition  =>  TRUE
[19:40:33.059]      // while "1"  (timeout="200")
[19:40:33.059]      // while-condition  =>  TRUE
[19:40:33.059]      // while "1"  (timeout="200")
[19:40:33.059]      // while-condition  =>  TRUE
[19:40:33.059]      // while "1"  (timeout="200")
[19:40:33.059]      // while-condition  =>  TRUE
[19:40:33.059]      // while "1"  (timeout="200")
[19:40:33.059]      // while-condition  =>  TRUE
[19:40:33.059]      // while "1"  (timeout="200")
[19:40:33.059]      // while-condition  =>  TRUE
[19:40:33.059]      // while "1"  (timeout="200")
[19:40:33.059]      // while-condition  =>  TRUE
[19:40:33.059]      // while "1"  (timeout="200")
[19:40:33.059]      // while-condition  =>  TRUE
[19:40:33.059]      // while "1"  (timeout="200")
[19:40:33.059]      // while-condition  =>  TRUE
[19:40:33.059]      // while "1"  (timeout="200")
[19:40:33.059]      // while-condition  =>  TRUE
[19:40:33.059]      // while "1"  (timeout="200")
[19:40:33.059]      // while-condition  =>  TRUE
[19:40:33.059]      // while "1"  (timeout="200")
[19:40:33.059]      // while-condition  =>  TRUE
[19:40:33.059]      // while "1"  (timeout="200")
[19:40:33.059]      // while-condition  =>  TRUE
[19:40:33.059]      // while "1"  (timeout="200")
[19:40:33.059]      // while-condition  =>  TRUE
[19:40:33.059]      // while "1"  (timeout="200")
[19:40:33.059]      // while-condition  =>  TRUE
[19:40:33.059]      // while "1"  (timeout="200")
[19:40:33.059]      // while-condition  =>  TRUE
[19:40:33.059]      // while "1"  (timeout="200")
[19:40:33.059]      // while-condition  =>  TRUE
[19:40:33.059]      // while "1"  (timeout="200")
[19:40:33.059]      // while-condition  =>  TRUE
[19:40:33.059]      // while "1"  (timeout="200")
[19:40:33.059]      // while-condition  =>  TRUE
[19:40:33.059]      // while "1"  (timeout="200")
[19:40:33.059]      // while-condition  =>  TRUE
[19:40:33.059]      // while "1"  (timeout="200")
[19:40:33.059]      // while-condition  =>  TRUE
[19:40:33.059]      // while "1"  (timeout="200")
[19:40:33.059]      // while-condition  =>  TRUE
[19:40:33.059]      // while "1"  (timeout="200")
[19:40:33.059]      // while-condition  =>  TRUE
[19:40:33.059]      // while "1"  (timeout="200")
[19:40:33.059]      // while-condition  =>  TRUE
[19:40:33.059]      // while "1"  (timeout="200")
[19:40:33.059]      // while-condition  =>  TRUE
[19:40:33.059]      // while "1"  (timeout="200")
[19:40:33.059]      // while-condition  =>  TRUE
[19:40:33.059]      // while "1"  (timeout="200")
[19:40:33.059]      // while-condition  =>  TRUE
[19:40:33.059]      // while "1"  (timeout="200")
[19:40:33.059]      // while-condition  =>  TRUE
[19:40:33.059]      // while "1"  (timeout="200")
[19:40:33.059]      // while-condition  =>  TRUE
[19:40:33.059]      // while "1"  (timeout="200")
[19:40:33.059]      // while-condition  =>  TRUE
[19:40:33.059]      // while "1"  (timeout="200")
[19:40:33.059]      // while-condition  =>  TRUE
[19:40:33.059]      // while "1"  (timeout="200")
[19:40:33.059]      // while-condition  =>  TRUE
[19:40:33.059]      // while "1"  (timeout="200")
[19:40:33.059]      // while-condition  =>  TRUE
[19:40:33.059]      // while "1"  (timeout="200")
[19:40:33.059]      // while-condition  =>  TRUE
[19:40:33.059]      // while "1"  (timeout="200")
[19:40:33.059]      // while-condition  =>  TRUE
[19:40:33.059]      // while "1"  (timeout="200")
[19:40:33.059]      // while-condition  =>  TRUE
[19:40:33.059]      // while "1"  (timeout="200")
[19:40:33.059]      // while-condition  =>  TRUE
[19:40:33.059]      // while "1"  (timeout="200")
[19:40:33.059]      // while-condition  =>  TRUE
[19:40:33.059]      // while "1"  (timeout="200")
[19:40:33.059]      // while-condition  =>  TRUE
[19:40:33.059]      // while "1"  (timeout="200")
[19:40:33.059]      // while-condition  =>  TRUE
[19:40:33.059]      // while "1"  (timeout="200")
[19:40:33.059]      // while-condition  =>  TRUE
[19:40:33.059]      // while "1"  (timeout="200")
[19:40:33.059]      // while-condition  =>  TRUE
[19:40:33.059]      // while "1"  (timeout="200")
[19:40:33.059]      // while-condition  =>  TRUE
[19:40:33.059]      // while "1"  (timeout="200")
[19:40:33.059]      // while-condition  =>  TRUE
[19:40:33.059]      // while "1"  (timeout="200")
[19:40:33.059]      // while-condition  =>  TRUE
[19:40:33.059]      // while "1"  (timeout="200")
[19:40:33.059]      // while-condition  =>  TRUE
[19:40:33.059]      // while "1"  (timeout="200")
[19:40:33.059]      // while-condition  =>  TRUE
[19:40:33.059]      // while "1"  (timeout="200")
[19:40:33.059]      // while-condition  =>  TRUE
[19:40:33.059]      // while "1"  (timeout="200")
[19:40:33.059]      // while-condition  =>  TRUE
[19:40:33.059]      // while "1"  (timeout="200")
[19:40:33.059]      // while-condition  =>  TRUE
[19:40:33.059]      // while "1"  (timeout="200")
[19:40:33.059]      // while-condition  =>  TRUE
[19:40:33.059]      // while "1"  (timeout="200")
[19:40:33.059]      // while-condition  =>  TRUE
[19:40:33.059]      // while "1"  (timeout="200")
[19:40:33.059]      // while-condition  =>  TRUE
[19:40:33.059]      // while "1"  (timeout="200")
[19:40:33.059]      // while-condition  =>  TRUE
[19:40:33.059]      // while "1"  (timeout="200")
[19:40:33.069]      // while-condition  =>  TRUE
[19:40:33.069]      // while "1"  (timeout="200")
[19:40:33.069]      // while-condition  =>  TRUE
[19:40:33.070]      // while "1"  (timeout="200")
[19:40:33.070]      // while-condition  =>  TRUE
[19:40:33.070]      // while "1"  (timeout="200")
[19:40:33.070]      // while-condition  =>  TRUE
[19:40:33.070]      // while "1"  (timeout="200")
[19:40:33.070]      // while-condition  =>  TRUE
[19:40:33.070]      // while "1"  (timeout="200")
[19:40:33.070]      // while-condition  =>  TRUE
[19:40:33.070]      // while "1"  (timeout="200")
[19:40:33.070]      // while-condition  =>  TRUE
[19:40:33.070]      // while "1"  (timeout="200")
[19:40:33.070]      // while-condition  =>  TRUE
[19:40:33.070]      // while "1"  (timeout="200")
[19:40:33.070]      // while-condition  =>  TRUE
[19:40:33.070]      // while "1"  (timeout="200")
[19:40:33.070]      // while-condition  =>  TRUE
[19:40:33.070]      // while "1"  (timeout="200")
[19:40:33.070]      // while-condition  =>  TRUE
[19:40:33.070]      // while "1"  (timeout="200")
[19:40:33.070]      // while-condition  =>  TRUE
[19:40:33.070]      // while "1"  (timeout="200")
[19:40:33.070]      // while-condition  =>  TRUE
[19:40:33.070]      // while "1"  (timeout="200")
[19:40:33.070]      // while-condition  =>  TRUE
[19:40:33.070]      // while "1"  (timeout="200")
[19:40:33.070]      // while-condition  =>  TRUE
[19:40:33.070]      // while "1"  (timeout="200")
[19:40:33.070]      // while-condition  =>  TRUE
[19:40:33.070]      // while "1"  (timeout="200")
[19:40:33.070]      // while-condition  =>  TRUE
[19:40:33.070]      // while "1"  (timeout="200")
[19:40:33.070]      // while-condition  =>  TRUE
[19:40:33.070]      // while "1"  (timeout="200")
[19:40:33.070]      // while-condition  =>  TRUE
[19:40:33.070]      // while "1"  (timeout="200")
[19:40:33.070]      // while-condition  =>  TRUE
[19:40:33.070]      // while "1"  (timeout="200")
[19:40:33.070]      // while-condition  =>  TRUE
[19:40:33.070]      // while "1"  (timeout="200")
[19:40:33.070]      // while-condition  =>  TRUE
[19:40:33.070]      // while "1"  (timeout="200")
[19:40:33.070]      // while-condition  =>  TRUE
[19:40:33.070]      // while "1"  (timeout="200")
[19:40:33.070]      // while-condition  =>  TRUE
[19:40:33.070]      // while "1"  (timeout="200")
[19:40:33.070]      // while-condition  =>  TRUE
[19:40:33.070]      // while "1"  (timeout="200")
[19:40:33.070]      // while-condition  =>  TRUE
[19:40:33.070]      // while "1"  (timeout="200")
[19:40:33.070]      // while-condition  =>  TRUE
[19:40:33.070]      // while "1"  (timeout="200")
[19:40:33.070]      // while-condition  =>  TRUE
[19:40:33.070]      // while "1"  (timeout="200")
[19:40:33.070]      // while-condition  =>  TRUE
[19:40:33.070]      // while "1"  (timeout="200")
[19:40:33.070]      // while-condition  =>  TRUE
[19:40:33.070]      // while "1"  (timeout="200")
[19:40:33.070]      // while-condition  =>  TRUE
[19:40:33.070]      // while "1"  (timeout="200")
[19:40:33.070]      // while-condition  =>  TRUE
[19:40:33.070]      // while "1"  (timeout="200")
[19:40:33.070]      // while-condition  =>  TRUE
[19:40:33.070]      // while "1"  (timeout="200")
[19:40:33.070]      // while-condition  =>  TRUE
[19:40:33.070]      // while "1"  (timeout="200")
[19:40:33.070]      // while-condition  =>  TRUE
[19:40:33.070]      // while "1"  (timeout="200")
[19:40:33.070]      // while-condition  =>  TRUE
[19:40:33.070]      // while "1"  (timeout="200")
[19:40:33.070]      // while-condition  =>  TRUE
[19:40:33.070]      // while "1"  (timeout="200")
[19:40:33.070]      // while-condition  =>  TRUE
[19:40:33.070]      // while "1"  (timeout="200")
[19:40:33.070]      // while-condition  =>  TRUE
[19:40:33.070]      // while "1"  (timeout="200")
[19:40:33.070]      // while-condition  =>  TRUE
[19:40:33.070]      // while "1"  (timeout="200")
[19:40:33.070]      // while-condition  =>  TRUE
[19:40:33.070]      // while "1"  (timeout="200")
[19:40:33.070]      // while-condition  =>  TRUE
[19:40:33.070]      // while "1"  (timeout="200")
[19:40:33.070]      // while-condition  =>  TRUE
[19:40:33.070]      // while "1"  (timeout="200")
[19:40:33.070]      // while-condition  =>  TRUE
[19:40:33.070]      // while "1"  (timeout="200")
[19:40:33.070]      // while-condition  =>  TRUE
[19:40:33.070]      // while "1"  (timeout="200")
[19:40:33.070]      // while-condition  =>  TRUE
[19:40:33.070]      // while "1"  (timeout="200")
[19:40:33.070]      // while-condition  =>  TRUE
[19:40:33.070]      // while "1"  (timeout="200")
[19:40:33.070]      // while-condition  =>  TRUE
[19:40:33.070]      // while "1"  (timeout="200")
[19:40:33.070]      // while-condition  =>  TRUE
[19:40:33.070]      // while "1"  (timeout="200")
[19:40:33.070]      // while-condition  =>  TRUE
[19:40:33.070]      // while "1"  (timeout="200")
[19:40:33.070]      // while-condition  =>  TRUE
[19:40:33.070]      // while "1"  (timeout="200")
[19:40:33.070]      // while-condition  =>  TRUE
[19:40:33.070]      // while "1"  (timeout="200")
[19:40:33.070]      // while-condition  =>  TRUE
[19:40:33.070]      // while "1"  (timeout="200")
[19:40:33.070]      // while-condition  =>  TRUE
[19:40:33.070]      // while "1"  (timeout="200")
[19:40:33.070]      // while-condition  =>  TRUE
[19:40:33.070]      // while "1"  (timeout="200")
[19:40:33.070]      // while-condition  =>  TRUE
[19:40:33.070]      // while "1"  (timeout="200")
[19:40:33.070]      // while-condition  =>  TRUE
[19:40:33.070]      // while "1"  (timeout="200")
[19:40:33.070]      // while-condition  =>  TRUE
[19:40:33.070]      // while "1"  (timeout="200")
[19:40:33.070]      // while-condition  =>  TRUE
[19:40:33.070]      // while "1"  (timeout="200")
[19:40:33.070]      // while-condition  =>  TRUE
[19:40:33.070]      // while "1"  (timeout="200")
[19:40:33.070]      // while-condition  =>  TRUE
[19:40:33.070]      // while "1"  (timeout="200")
[19:40:33.070]      // while-condition  =>  TRUE
[19:40:33.070]      // while "1"  (timeout="200")
[19:40:33.070]      // while-condition  =>  TRUE
[19:40:33.070]      // while "1"  (timeout="200")
[19:40:33.070]      // while-condition  =>  TRUE
[19:40:33.070]      // while "1"  (timeout="200")
[19:40:33.070]      // while-condition  =>  TRUE
[19:40:33.070]      // while "1"  (timeout="200")
[19:40:33.070]      // while-condition  =>  TRUE
[19:40:33.070]      // while "1"  (timeout="200")
[19:40:33.070]      // while-condition  =>  TRUE
[19:40:33.070]      // while "1"  (timeout="200")
[19:40:33.070]      // while-condition  =>  TRUE
[19:40:33.070]      // while "1"  (timeout="200")
[19:40:33.070]      // while-condition  =>  TRUE
[19:40:33.070]      // while "1"  (timeout="200")
[19:40:33.070]      // while-condition  =>  TRUE
[19:40:33.070]      // while "1"  (timeout="200")
[19:40:33.070]      // while-condition  =>  TRUE
[19:40:33.070]      // while "1"  (timeout="200")
[19:40:33.070]      // while-condition  =>  TRUE
[19:40:33.070]      // while "1"  (timeout="200")
[19:40:33.070]      // while-condition  =>  TRUE
[19:40:33.070]      // while "1"  (timeout="200")
[19:40:33.070]      // while-condition  =>  TRUE
[19:40:33.070]      // while "1"  (timeout="200")
[19:40:33.070]      // while-condition  =>  TRUE
[19:40:33.070]      // while "1"  (timeout="200")
[19:40:33.070]      // while-condition  =>  TRUE
[19:40:33.070]      // while "1"  (timeout="200")
[19:40:33.070]      // while-condition  =>  TRUE
[19:40:33.070]      // while "1"  (timeout="200")
[19:40:33.070]      // while-condition  =>  TRUE
[19:40:33.070]      // while "1"  (timeout="200")
[19:40:33.070]      // while-condition  =>  TRUE
[19:40:33.070]      // while "1"  (timeout="200")
[19:40:33.070]      // while-condition  =>  TRUE
[19:40:33.070]      // while "1"  (timeout="200")
[19:40:33.070]      // while-condition  =>  TRUE
[19:40:33.070]      // while "1"  (timeout="200")
[19:40:33.070]      // while-condition  =>  TRUE
[19:40:33.070]      // while "1"  (timeout="200")
[19:40:33.070]      // while-condition  =>  TRUE
[19:40:33.070]      // while "1"  (timeout="200")
[19:40:33.070]      // while-condition  =>  TRUE
[19:40:33.070]      // while "1"  (timeout="200")
[19:40:33.070]      // while-condition  =>  TRUE
[19:40:33.070]      // while "1"  (timeout="200")
[19:40:33.070]      // while-condition  =>  TRUE
[19:40:33.070]      // while "1"  (timeout="200")
[19:40:33.070]      // while-condition  =>  TRUE
[19:40:33.070]      // while "1"  (timeout="200")
[19:40:33.070]      // while-condition  =>  TRUE
[19:40:33.070]      // while "1"  (timeout="200")
[19:40:33.070]      // while-condition  =>  TRUE
[19:40:33.070]      // while "1"  (timeout="200")
[19:40:33.070]      // while-condition  =>  TRUE
[19:40:33.080]      // while "1"  (timeout="200")
[19:40:33.080]      // while  =>  TIMEOUT
[19:40:33.080]      // end while "1"
[19:40:33.080]    </control>
[19:40:33.080]    <control if="canReadPins" while="" timeout="0" info="">
[19:40:33.080]      // if-block "canReadPins"
[19:40:33.080]        // =>  TRUE
[19:40:33.080]      <control if="" while="(DAP_SWJ_Pins(nReset, nReset, 0) & nReset) == 0" timeout="1000000" info="">
[19:40:33.080]        // while "(DAP_SWJ_Pins(nReset, nReset, 0) & nReset) == 0"  (timeout="1000000")
[19:40:33.080]          // -> [DAP_SWJ_Pins(0x80, 0x80, 0) => 0x8F]   (Out: nRESET=1  =>  In: SWCLK/TCK=1, SWDIO/TMS=1, TDI=1, TDO=1, nTRST=0, nRESET=1)
[19:40:33.080]        // while-condition  =>  FALSE
[19:40:33.080]        // end while "(DAP_SWJ_Pins(nReset, nReset, 0) & nReset) == 0"
[19:40:33.080]      </control>
[19:40:33.080]      // end if-block "canReadPins"
[19:40:33.080]    </control>
[19:40:33.080]    <control if="!canReadPins" while="" timeout="0" info="">
[19:40:33.080]      // if-block "!canReadPins"
[19:40:33.080]        // =>  FALSE
[19:40:33.080]      // skip if-block "!canReadPins"
[19:40:33.080]    </control>
[19:40:33.080]    <control if="(ACCESS_POINT_VAL & 0x00E00000) == 0" while="" timeout="0" info="">
[19:40:33.080]      // if-block "(ACCESS_POINT_VAL & 0x00E00000) == 0"
[19:40:33.080]        // =>  TRUE
[19:40:33.080]      <block atomic="false" info="">
[19:40:33.080]        WriteAP(0x00, 0x190008);
[19:40:33.080]          // -> [WriteAP(0x00000000, 0x00190008)]   (__dp=0x00000000, __ap=0x00000004)
[19:40:33.080]        WriteAP(0xF0, 0x01);
[19:40:33.090]          // -> [WriteAP(0x000000F0, 0x00000001)]   (__dp=0x00000000, __ap=0x00000004)
[19:40:33.090]      </block>
[19:40:33.090]      // end if-block "(ACCESS_POINT_VAL & 0x00E00000) == 0"
[19:40:33.090]    </control>
[19:40:33.090]    <control if="(ACCESS_POINT_VAL & 0x00E00000) != 0" while="" timeout="0" info="">
[19:40:33.090]      // if-block "(ACCESS_POINT_VAL & 0x00E00000) != 0"
[19:40:33.090]        // =>  FALSE
[19:40:33.090]      // skip if-block "(ACCESS_POINT_VAL & 0x00E00000) != 0"
[19:40:33.090]    </control>
[19:40:33.090]    <block atomic="false" info="">
[19:40:33.090]      ACCESS_POINT_VAL = ReadAP(0x00);//Reading current state of access point
[19:40:33.090]        // -> [ReadAP(0x00000000) => 0x0079002F]   (__dp=0x00000000, __ap=0x00000004)
[19:40:33.090]        // -> [ACCESS_POINT_VAL <= 0x0079002F]
[19:40:33.090]      Message(0, "Current state of access point is: %x",ACCESS_POINT_VAL);
[19:40:33.090]      __ap = 0; //lets make sure we reset the access point selection
[19:40:33.090]        // -> [__ap <= 0x00000000]
[19:40:33.090]    </block>
[19:40:33.090]  </sequence>
[19:40:33.090]  
[19:40:33.110]  **********  Sequence "DebugDeviceUnlock"  (Context="Connect", Pname="", info="")
[19:40:33.110]  
[19:40:33.110]  <debugvars>
[19:40:33.110]    // Pre-defined
[19:40:33.110]    __protocol=0x00010002      (Protocol="SWD", SWJ-DP="True")
[19:40:33.110]    __connection=0x00000202    (Connection Type="Flash", Reset Type="System Reset")
[19:40:33.110]    __dp=0x00000000
[19:40:33.110]    __ap=0x00000000
[19:40:33.110]    __traceout=0x00000000      (Trace Disabled)
[19:40:33.110]    __errorcontrol=0x00000000  (Skip Errors="False")
[19:40:33.110]    __FlashAddr=0x00000000
[19:40:33.110]    __FlashLen=0x00000000
[19:40:33.110]    __FlashArg=0x00000000
[19:40:33.110]    __FlashOp=0x00000000
[19:40:33.110]    __Result=0x00000000
[19:40:33.110]  </debugvars>
[19:40:33.110]  
[19:40:33.110]  <sequence name="DebugDeviceUnlock" Pname="" disable="false" info="">
[19:40:33.110]    <block atomic="false" info="">
[19:40:33.110]      __var deviceID = 0;
[19:40:33.110]        // -> [deviceID <= 0x00000000]
[19:40:33.110]      __var version = 0;
[19:40:33.110]        // -> [version <= 0x00000000]
[19:40:33.110]      __var partNum = 0;
[19:40:33.110]        // -> [partNum <= 0x00000000]
[19:40:33.110]      __var manuf = 0;
[19:40:33.110]        // -> [manuf <= 0x00000000]
[19:40:33.110]      __var isMSPM0G1X0X_G3X0X = 0;
[19:40:33.110]        // -> [isMSPM0G1X0X_G3X0X <= 0x00000000]
[19:40:33.110]      __var isProduction = 0;
[19:40:33.110]        // -> [isProduction <= 0x00000000]
[19:40:33.110]      __var continueId = 0;
[19:40:33.110]        // -> [continueId <= 0x00000000]
[19:40:33.110]      deviceID =   Read32(0x41C40004);
[19:40:33.125]        // -> [Read32(0x41C40004) => 0x2BB8802F]   (__dp=0x00000000, __ap=0x00000000)
[19:40:33.125]        // -> [deviceID <= 0x2BB8802F]
[19:40:33.125]      version = deviceID >> 28;
[19:40:33.125]        // -> [version <= 0x00000002]
[19:40:33.125]      partNum = (deviceID & 0x0FFFF000) >> 12;
[19:40:33.125]        // -> [partNum <= 0x0000BB88]
[19:40:33.125]      manuf = (deviceID & 0x00000FFE) >> 1;
[19:40:33.125]        // -> [manuf <= 0x00000017]
[19:40:33.125]      isMSPM0G1X0X_G3X0X = (partNum == 0xBB88) && (manuf == 0x17);
[19:40:33.125]        // -> [isMSPM0G1X0X_G3X0X <= 0x00000001]
[19:40:33.125]      isProduction = (version > 0);
[19:40:33.125]        // -> [isProduction <= 0x00000001]
[19:40:33.125]    </block>
[19:40:33.125]    <control if="!isMSPM0G1X0X_G3X0X" while="" timeout="0" info="">
[19:40:33.125]      // if-block "!isMSPM0G1X0X_G3X0X"
[19:40:33.125]        // =>  FALSE
[19:40:33.125]      // skip if-block "!isMSPM0G1X0X_G3X0X"
[19:40:33.125]    </control>
[19:40:33.125]    <control if="continueId == 4" while="" timeout="0" info="">
[19:40:33.125]      // if-block "continueId == 4"
[19:40:33.125]        // =>  FALSE
[19:40:33.125]      // skip if-block "continueId == 4"
[19:40:33.125]    </control>
[19:40:33.125]    <control if="!isProduction" while="" timeout="0" info="">
[19:40:33.125]      // if-block "!isProduction"
[19:40:33.125]        // =>  FALSE
[19:40:33.125]      // skip if-block "!isProduction"
[19:40:33.125]    </control>
[19:40:33.125]  </sequence>
[19:40:33.125]  
[19:45:41.532]  **********  Sequence "DebugPortSetup"  (Context="Connect", Pname="", info="")
[19:45:41.540]  
[19:45:41.540]  <debugvars>
[19:45:41.540]    // Pre-defined
[19:45:41.540]    __protocol=0x00010002      (Protocol="SWD", SWJ-DP="True")
[19:45:41.540]    __connection=0x00000202    (Connection Type="Flash", Reset Type="System Reset")
[19:45:41.540]    __dp=0x00000000
[19:45:41.540]    __ap=0x00000000
[19:45:41.540]    __traceout=0x00000000      (Trace Disabled)
[19:45:41.540]    __errorcontrol=0x00000000  (Skip Errors="False")
[19:45:41.540]    __FlashAddr=0x00000000
[19:45:41.540]    __FlashLen=0x00000000
[19:45:41.540]    __FlashArg=0x00000000
[19:45:41.540]    __FlashOp=0x00000000
[19:45:41.540]    __Result=0x00000000
[19:45:41.540]  </debugvars>
[19:45:41.540]  
[19:45:41.540]  <sequence name="DebugPortSetup" Pname="" disable="false" info="">
[19:45:41.540]    <block atomic="false" info="">
[19:45:41.540]      __var isSWJ      = ((__protocol & 0x00010000) != 0);
[19:45:41.540]        // -> [isSWJ <= 0x00000001]
[19:45:41.540]      __var hasDormant = __protocol & 0x00020000;
[19:45:41.540]        // -> [hasDormant <= 0x00000000]
[19:45:41.540]      __var protType   = __protocol & 0x0000FFFF;
[19:45:41.540]        // -> [protType <= 0x00000002]
[19:45:41.540]    </block>
[19:45:41.540]    <control if="protType == 1" while="" timeout="0" info="">
[19:45:41.540]      // if-block "protType == 1"
[19:45:41.540]        // =>  FALSE
[19:45:41.540]      // skip if-block "protType == 1"
[19:45:41.540]    </control>
[19:45:41.540]    <control if="protType == 2" while="" timeout="0" info="">
[19:45:41.540]      // if-block "protType == 2"
[19:45:41.540]        // =>  TRUE
[19:45:41.540]      <control if="isSWJ" while="" timeout="0" info="">
[19:45:41.540]        // if-block "isSWJ"
[19:45:41.540]          // =>  TRUE
[19:45:41.540]        <control if="hasDormant" while="" timeout="0" info="">
[19:45:41.540]          // if-block "hasDormant"
[19:45:41.540]            // =>  FALSE
[19:45:41.540]          // skip if-block "hasDormant"
[19:45:41.540]        </control>
[19:45:41.540]        <control if="!hasDormant" while="" timeout="0" info="">
[19:45:41.540]          // if-block "!hasDormant"
[19:45:41.540]            // =>  TRUE
[19:45:41.540]          <block atomic="false" info="">
[19:45:41.540]            DAP_SWJ_Sequence(51, 0x0007FFFFFFFFFFFF); //lets put the JTAG line in a reset state
[19:45:41.540]              // -> [DAP_SWJ_Sequence(51, 0x0007FFFFFFFFFFFF)]
[19:45:41.540]            DAP_SWJ_Sequence(16,0xE73C); //SWD to JTAG, this is to ensure the state machine is initialized
[19:45:41.540]              // -> [DAP_SWJ_Sequence(16, 0x000000000000E73C)]
[19:45:41.540]            DAP_SWJ_Sequence(51, 0x0007FFFFFFFFFFFF); //Put it back in reset
[19:45:41.540]              // -> [DAP_SWJ_Sequence(51, 0x0007FFFFFFFFFFFF)]
[19:45:41.550]            DAP_SWJ_Sequence(16, 0xE79E); //JTAG to SWD switch
[19:45:41.552]              // -> [DAP_SWJ_Sequence(16, 0x000000000000E79E)]
[19:45:41.552]            DAP_SWJ_Sequence(51, 0x0007FFFFFFFFFFFF);  //Ensure the switch is successful 
[19:45:41.554]              // -> [DAP_SWJ_Sequence(51, 0x0007FFFFFFFFFFFF)]
[19:45:41.554]            DAP_SWJ_Sequence(7,  0x00); //Give the line some time to initialize
[19:45:41.554]              // -> [DAP_SWJ_Sequence(7, 0x0000000000000000)]
[19:45:41.554]          </block>
[19:45:41.554]          // end if-block "!hasDormant"
[19:45:41.554]        </control>
[19:45:41.554]        // end if-block "isSWJ"
[19:45:41.554]      </control>
[19:45:41.554]      <control if="!isSWJ" while="" timeout="0" info="">
[19:45:41.554]        // if-block "!isSWJ"
[19:45:41.554]          // =>  FALSE
[19:45:41.554]        // skip if-block "!isSWJ"
[19:45:41.554]      </control>
[19:45:41.554]      <block atomic="false" info="">
[19:45:41.554]        ReadDP(0x0);
[19:45:41.554]          // -> [ReadDP(0x00000000) => 0x6BA02477]   (__dp=0x00000000)
[19:45:41.554]      </block>
[19:45:41.554]      // end if-block "protType == 2"
[19:45:41.554]    </control>
[19:45:41.554]  </sequence>
[19:45:41.554]  
[19:45:41.560]  **********  Sequence "DebugPortStart"  (Context="Connect", Pname="", info="")
[19:45:41.560]  
[19:45:41.560]  <debugvars>
[19:45:41.560]    // Pre-defined
[19:45:41.560]    __protocol=0x00010002      (Protocol="SWD", SWJ-DP="True")
[19:45:41.560]    __connection=0x00000202    (Connection Type="Flash", Reset Type="System Reset")
[19:45:41.560]    __dp=0x00000000
[19:45:41.560]    __ap=0x00000000
[19:45:41.560]    __traceout=0x00000000      (Trace Disabled)
[19:45:41.560]    __errorcontrol=0x00000000  (Skip Errors="False")
[19:45:41.560]    __FlashAddr=0x00000000
[19:45:41.560]    __FlashLen=0x00000000
[19:45:41.560]    __FlashArg=0x00000000
[19:45:41.560]    __FlashOp=0x00000000
[19:45:41.560]    __Result=0x00000000
[19:45:41.560]  </debugvars>
[19:45:41.560]  
[19:45:41.560]  <sequence name="DebugPortStart" Pname="" disable="false" info="">
[19:45:41.560]    <block atomic="false" info="">
[19:45:41.560]      __var SW_DP_ABORT       = 0x0;
[19:45:41.560]        // -> [SW_DP_ABORT <= 0x00000000]
[19:45:41.560]      __var DP_CTRL_STAT      = 0x4;
[19:45:41.560]        // -> [DP_CTRL_STAT <= 0x00000004]
[19:45:41.560]      __var DP_SELECT         = 0x8;
[19:45:41.560]        // -> [DP_SELECT <= 0x00000008]
[19:45:41.560]      __var powered_down      = 0;
[19:45:41.560]        // -> [powered_down <= 0x00000000]
[19:45:41.560]      WriteDP(DP_SELECT, 0x00000000);
[19:45:41.560]        // -> [WriteDP(0x00000008, 0x00000000)]   (__dp=0x00000000)
[19:45:41.560]      powered_down = ((ReadDP(DP_CTRL_STAT) & 0xA0000000) != 0xA0000000);
[19:45:41.576]        // -> [ReadDP(0x00000004) => 0x00000040]   (__dp=0x00000000)
[19:45:41.576]        // -> [powered_down <= 0x00000001]
[19:45:41.576]    </block>
[19:45:41.576]    <control if="powered_down" while="" timeout="0" info="">
[19:45:41.576]      // if-block "powered_down"
[19:45:41.576]        // =>  TRUE
[19:45:41.576]      <block atomic="false" info="">
[19:45:41.576]        Message(0, "Debug/System power-up request sent");
[19:45:41.576]        WriteDP(DP_CTRL_STAT, 0x50000000);
[19:45:41.576]          // -> [WriteDP(0x00000004, 0x50000000)]   (__dp=0x00000000)
[19:45:41.576]      </block>
[19:45:41.576]      <control if="" while="(ReadDP(DP_CTRL_STAT) & 0xA0000000) != 0xA0000000" timeout="1000000" info="">
[19:45:41.576]        // while "(ReadDP(DP_CTRL_STAT) & 0xA0000000) != 0xA0000000"  (timeout="1000000")
[19:45:41.581]          // -> [ReadDP(0x00000004) => 0xF0000040]   (__dp=0x00000000)
[19:45:41.583]        // while-condition  =>  FALSE
[19:45:41.583]        // end while "(ReadDP(DP_CTRL_STAT) & 0xA0000000) != 0xA0000000"
[19:45:41.583]      </control>
[19:45:41.583]      <control if="(__protocol & 0xFFFF) == 1" while="" timeout="0" info="">
[19:45:41.583]        // if-block "(__protocol & 0xFFFF) == 1"
[19:45:41.583]          // =>  FALSE
[19:45:41.583]        // skip if-block "(__protocol & 0xFFFF) == 1"
[19:45:41.583]      </control>
[19:45:41.583]      <control if="(__protocol & 0xFFFF) == 2" while="" timeout="0" info="">
[19:45:41.583]        // if-block "(__protocol & 0xFFFF) == 2"
[19:45:41.583]          // =>  TRUE
[19:45:41.583]        <block atomic="false" info="">
[19:45:41.583]          Message(0, "executing SWD power up");
[19:45:41.583]          WriteDP(DP_CTRL_STAT, 0x50000F00);
[19:45:41.583]            // -> [WriteDP(0x00000004, 0x50000F00)]   (__dp=0x00000000)
[19:45:41.583]          WriteDP(SW_DP_ABORT, 0x0000001E);
[19:45:41.591]            // -> [WriteDP(0x00000000, 0x0000001E)]   (__dp=0x00000000)
[19:45:41.591]        </block>
[19:45:41.591]        // end if-block "(__protocol & 0xFFFF) == 2"
[19:45:41.591]      </control>
[19:45:41.591]      // end if-block "powered_down"
[19:45:41.591]    </control>
[19:45:41.591]    <block atomic="false" info="">
[19:45:41.591]      __var DEBUG_PORT_VAL    = 0;
[19:45:41.591]        // -> [DEBUG_PORT_VAL <= 0x00000000]
[19:45:41.591]      __var ACCESS_POINT_VAL  = 0;
[19:45:41.591]        // -> [ACCESS_POINT_VAL <= 0x00000000]
[19:45:41.591]      __ap = 1; 
[19:45:41.591]        // -> [__ap <= 0x00000001]
[19:45:41.591]      WriteAP(0x0C, 0x04); //lets use the mini pwr-ap as backup
[19:45:41.591]        // -> [WriteAP(0x0000000C, 0x00000004)]   (__dp=0x00000000, __ap=0x00000001)
[19:45:41.591]      __ap = 4;
[19:45:41.591]        // -> [__ap <= 0x00000004]
[19:45:41.591]      ACCESS_POINT_VAL = ReadAP(0x00);//Reading current state of access point
[19:45:41.604]        // -> [ReadAP(0x00000000) => 0x00080027]   (__dp=0x00000000, __ap=0x00000004)
[19:45:41.604]        // -> [ACCESS_POINT_VAL <= 0x00080027]
[19:45:41.604]      Message(0, "Current state of access point is: %x",ACCESS_POINT_VAL);
[19:45:41.604]    </block>
[19:45:41.604]    <block atomic="false" info="">
[19:45:41.604]      __var nReset = 0x80;
[19:45:41.604]        // -> [nReset <= 0x00000080]
[19:45:41.604]      __var canReadPins = 0;
[19:45:41.604]        // -> [canReadPins <= 0x00000000]
[19:45:41.604]      canReadPins = (DAP_SWJ_Pins(0x00, nReset, 0) != 0xFFFFFFFF);
[19:45:41.607]        // -> [DAP_SWJ_Pins(0x00, 0x80, 0) => 0x0F]   (Out: nRESET=0  =>  In: SWCLK/TCK=1, SWDIO/TMS=1, TDI=1, TDO=1, nTRST=0, nRESET=0)
[19:45:41.607]        // -> [canReadPins <= 0x00000001]
[19:45:41.607]    </block>
[19:45:41.607]    <control if="" while="1" timeout="200" info="">
[19:45:41.607]      // while "1"  (timeout="200")
[19:45:41.607]      // while-condition  =>  TRUE
[19:45:41.607]      // while "1"  (timeout="200")
[19:45:41.607]      // while-condition  =>  TRUE
[19:45:41.607]      // while "1"  (timeout="200")
[19:45:41.607]      // while-condition  =>  TRUE
[19:45:41.607]      // while "1"  (timeout="200")
[19:45:41.607]      // while-condition  =>  TRUE
[19:45:41.607]      // while "1"  (timeout="200")
[19:45:41.607]      // while-condition  =>  TRUE
[19:45:41.607]      // while "1"  (timeout="200")
[19:45:41.607]      // while-condition  =>  TRUE
[19:45:41.607]      // while "1"  (timeout="200")
[19:45:41.607]      // while-condition  =>  TRUE
[19:45:41.607]      // while "1"  (timeout="200")
[19:45:41.607]      // while-condition  =>  TRUE
[19:45:41.607]      // while "1"  (timeout="200")
[19:45:41.607]      // while-condition  =>  TRUE
[19:45:41.607]      // while "1"  (timeout="200")
[19:45:41.607]      // while-condition  =>  TRUE
[19:45:41.607]      // while "1"  (timeout="200")
[19:45:41.607]      // while-condition  =>  TRUE
[19:45:41.607]      // while "1"  (timeout="200")
[19:45:41.607]      // while-condition  =>  TRUE
[19:45:41.607]      // while "1"  (timeout="200")
[19:45:41.607]      // while-condition  =>  TRUE
[19:45:41.607]      // while "1"  (timeout="200")
[19:45:41.607]      // while-condition  =>  TRUE
[19:45:41.607]      // while "1"  (timeout="200")
[19:45:41.607]      // while-condition  =>  TRUE
[19:45:41.607]      // while "1"  (timeout="200")
[19:45:41.607]      // while-condition  =>  TRUE
[19:45:41.607]      // while "1"  (timeout="200")
[19:45:41.607]      // while-condition  =>  TRUE
[19:45:41.607]      // while "1"  (timeout="200")
[19:45:41.607]      // while-condition  =>  TRUE
[19:45:41.607]      // while "1"  (timeout="200")
[19:45:41.607]      // while-condition  =>  TRUE
[19:45:41.607]      // while "1"  (timeout="200")
[19:45:41.607]      // while-condition  =>  TRUE
[19:45:41.607]      // while "1"  (timeout="200")
[19:45:41.612]      // while-condition  =>  TRUE
[19:45:41.612]      // while "1"  (timeout="200")
[19:45:41.612]      // while-condition  =>  TRUE
[19:45:41.612]      // while "1"  (timeout="200")
[19:45:41.612]      // while-condition  =>  TRUE
[19:45:41.612]      // while "1"  (timeout="200")
[19:45:41.612]      // while-condition  =>  TRUE
[19:45:41.612]      // while "1"  (timeout="200")
[19:45:41.612]      // while-condition  =>  TRUE
[19:45:41.612]      // while "1"  (timeout="200")
[19:45:41.612]      // while-condition  =>  TRUE
[19:45:41.612]      // while "1"  (timeout="200")
[19:45:41.612]      // while-condition  =>  TRUE
[19:45:41.612]      // while "1"  (timeout="200")
[19:45:41.612]      // while-condition  =>  TRUE
[19:45:41.612]      // while "1"  (timeout="200")
[19:45:41.612]      // while-condition  =>  TRUE
[19:45:41.612]      // while "1"  (timeout="200")
[19:45:41.612]      // while-condition  =>  TRUE
[19:45:41.612]      // while "1"  (timeout="200")
[19:45:41.612]      // while-condition  =>  TRUE
[19:45:41.612]      // while "1"  (timeout="200")
[19:45:41.613]      // while-condition  =>  TRUE
[19:45:41.613]      // while "1"  (timeout="200")
[19:45:41.613]      // while-condition  =>  TRUE
[19:45:41.613]      // while "1"  (timeout="200")
[19:45:41.613]      // while-condition  =>  TRUE
[19:45:41.613]      // while "1"  (timeout="200")
[19:45:41.613]      // while-condition  =>  TRUE
[19:45:41.613]      // while "1"  (timeout="200")
[19:45:41.613]      // while-condition  =>  TRUE
[19:45:41.613]      // while "1"  (timeout="200")
[19:45:41.613]      // while-condition  =>  TRUE
[19:45:41.613]      // while "1"  (timeout="200")
[19:45:41.613]      // while-condition  =>  TRUE
[19:45:41.613]      // while "1"  (timeout="200")
[19:45:41.613]      // while-condition  =>  TRUE
[19:45:41.613]      // while "1"  (timeout="200")
[19:45:41.613]      // while-condition  =>  TRUE
[19:45:41.613]      // while "1"  (timeout="200")
[19:45:41.613]      // while-condition  =>  TRUE
[19:45:41.613]      // while "1"  (timeout="200")
[19:45:41.613]      // while-condition  =>  TRUE
[19:45:41.613]      // while "1"  (timeout="200")
[19:45:41.613]      // while-condition  =>  TRUE
[19:45:41.613]      // while "1"  (timeout="200")
[19:45:41.613]      // while-condition  =>  TRUE
[19:45:41.613]      // while "1"  (timeout="200")
[19:45:41.613]      // while-condition  =>  TRUE
[19:45:41.613]      // while "1"  (timeout="200")
[19:45:41.613]      // while-condition  =>  TRUE
[19:45:41.613]      // while "1"  (timeout="200")
[19:45:41.613]      // while-condition  =>  TRUE
[19:45:41.613]      // while "1"  (timeout="200")
[19:45:41.613]      // while-condition  =>  TRUE
[19:45:41.613]      // while "1"  (timeout="200")
[19:45:41.613]      // while-condition  =>  TRUE
[19:45:41.613]      // while "1"  (timeout="200")
[19:45:41.613]      // while-condition  =>  TRUE
[19:45:41.613]      // while "1"  (timeout="200")
[19:45:41.613]      // while-condition  =>  TRUE
[19:45:41.613]      // while "1"  (timeout="200")
[19:45:41.613]      // while-condition  =>  TRUE
[19:45:41.613]      // while "1"  (timeout="200")
[19:45:41.613]      // while-condition  =>  TRUE
[19:45:41.613]      // while "1"  (timeout="200")
[19:45:41.613]      // while-condition  =>  TRUE
[19:45:41.613]      // while "1"  (timeout="200")
[19:45:41.613]      // while-condition  =>  TRUE
[19:45:41.613]      // while "1"  (timeout="200")
[19:45:41.613]      // while-condition  =>  TRUE
[19:45:41.613]      // while "1"  (timeout="200")
[19:45:41.613]      // while-condition  =>  TRUE
[19:45:41.613]      // while "1"  (timeout="200")
[19:45:41.613]      // while-condition  =>  TRUE
[19:45:41.613]      // while "1"  (timeout="200")
[19:45:41.613]      // while-condition  =>  TRUE
[19:45:41.613]      // while "1"  (timeout="200")
[19:45:41.613]      // while-condition  =>  TRUE
[19:45:41.613]      // while "1"  (timeout="200")
[19:45:41.613]      // while-condition  =>  TRUE
[19:45:41.613]      // while "1"  (timeout="200")
[19:45:41.613]      // while-condition  =>  TRUE
[19:45:41.613]      // while "1"  (timeout="200")
[19:45:41.613]      // while-condition  =>  TRUE
[19:45:41.613]      // while "1"  (timeout="200")
[19:45:41.613]      // while-condition  =>  TRUE
[19:45:41.613]      // while "1"  (timeout="200")
[19:45:41.613]      // while-condition  =>  TRUE
[19:45:41.613]      // while "1"  (timeout="200")
[19:45:41.613]      // while-condition  =>  TRUE
[19:45:41.613]      // while "1"  (timeout="200")
[19:45:41.613]      // while-condition  =>  TRUE
[19:45:41.613]      // while "1"  (timeout="200")
[19:45:41.613]      // while-condition  =>  TRUE
[19:45:41.613]      // while "1"  (timeout="200")
[19:45:41.613]      // while-condition  =>  TRUE
[19:45:41.613]      // while "1"  (timeout="200")
[19:45:41.613]      // while-condition  =>  TRUE
[19:45:41.613]      // while "1"  (timeout="200")
[19:45:41.613]      // while-condition  =>  TRUE
[19:45:41.613]      // while "1"  (timeout="200")
[19:45:41.613]      // while-condition  =>  TRUE
[19:45:41.613]      // while "1"  (timeout="200")
[19:45:41.613]      // while-condition  =>  TRUE
[19:45:41.613]      // while "1"  (timeout="200")
[19:45:41.613]      // while-condition  =>  TRUE
[19:45:41.613]      // while "1"  (timeout="200")
[19:45:41.613]      // while-condition  =>  TRUE
[19:45:41.613]      // while "1"  (timeout="200")
[19:45:41.613]      // while-condition  =>  TRUE
[19:45:41.613]      // while "1"  (timeout="200")
[19:45:41.613]      // while-condition  =>  TRUE
[19:45:41.613]      // while "1"  (timeout="200")
[19:45:41.613]      // while-condition  =>  TRUE
[19:45:41.613]      // while "1"  (timeout="200")
[19:45:41.613]      // while-condition  =>  TRUE
[19:45:41.613]      // while "1"  (timeout="200")
[19:45:41.613]      // while-condition  =>  TRUE
[19:45:41.613]      // while "1"  (timeout="200")
[19:45:41.613]      // while-condition  =>  TRUE
[19:45:41.613]      // while "1"  (timeout="200")
[19:45:41.613]      // while-condition  =>  TRUE
[19:45:41.613]      // while "1"  (timeout="200")
[19:45:41.613]      // while-condition  =>  TRUE
[19:45:41.613]      // while "1"  (timeout="200")
[19:45:41.613]      // while-condition  =>  TRUE
[19:45:41.613]      // while "1"  (timeout="200")
[19:45:41.613]      // while-condition  =>  TRUE
[19:45:41.613]      // while "1"  (timeout="200")
[19:45:41.613]      // while-condition  =>  TRUE
[19:45:41.613]      // while "1"  (timeout="200")
[19:45:41.613]      // while-condition  =>  TRUE
[19:45:41.613]      // while "1"  (timeout="200")
[19:45:41.613]      // while-condition  =>  TRUE
[19:45:41.613]      // while "1"  (timeout="200")
[19:45:41.613]      // while-condition  =>  TRUE
[19:45:41.613]      // while "1"  (timeout="200")
[19:45:41.613]      // while-condition  =>  TRUE
[19:45:41.613]      // while "1"  (timeout="200")
[19:45:41.613]      // while-condition  =>  TRUE
[19:45:41.613]      // while "1"  (timeout="200")
[19:45:41.613]      // while-condition  =>  TRUE
[19:45:41.613]      // while "1"  (timeout="200")
[19:45:41.613]      // while-condition  =>  TRUE
[19:45:41.613]      // while "1"  (timeout="200")
[19:45:41.613]      // while-condition  =>  TRUE
[19:45:41.613]      // while "1"  (timeout="200")
[19:45:41.613]      // while-condition  =>  TRUE
[19:45:41.613]      // while "1"  (timeout="200")
[19:45:41.613]      // while-condition  =>  TRUE
[19:45:41.613]      // while "1"  (timeout="200")
[19:45:41.613]      // while-condition  =>  TRUE
[19:45:41.613]      // while "1"  (timeout="200")
[19:45:41.613]      // while-condition  =>  TRUE
[19:45:41.613]      // while "1"  (timeout="200")
[19:45:41.613]      // while-condition  =>  TRUE
[19:45:41.613]      // while "1"  (timeout="200")
[19:45:41.613]      // while-condition  =>  TRUE
[19:45:41.613]      // while "1"  (timeout="200")
[19:45:41.613]      // while-condition  =>  TRUE
[19:45:41.613]      // while "1"  (timeout="200")
[19:45:41.613]      // while-condition  =>  TRUE
[19:45:41.613]      // while "1"  (timeout="200")
[19:45:41.613]      // while-condition  =>  TRUE
[19:45:41.613]      // while "1"  (timeout="200")
[19:45:41.613]      // while-condition  =>  TRUE
[19:45:41.613]      // while "1"  (timeout="200")
[19:45:41.613]      // while-condition  =>  TRUE
[19:45:41.622]      // while "1"  (timeout="200")
[19:45:41.622]      // while  =>  TIMEOUT
[19:45:41.622]      // end while "1"
[19:45:41.622]    </control>
[19:45:41.622]    <control if="canReadPins" while="" timeout="0" info="">
[19:45:41.622]      // if-block "canReadPins"
[19:45:41.622]        // =>  TRUE
[19:45:41.622]      <control if="" while="(DAP_SWJ_Pins(nReset, nReset, 0) & nReset) == 0" timeout="1000000" info="">
[19:45:41.622]        // while "(DAP_SWJ_Pins(nReset, nReset, 0) & nReset) == 0"  (timeout="1000000")
[19:45:41.622]          // -> [DAP_SWJ_Pins(0x80, 0x80, 0) => 0x8F]   (Out: nRESET=1  =>  In: SWCLK/TCK=1, SWDIO/TMS=1, TDI=1, TDO=1, nTRST=0, nRESET=1)
[19:45:41.622]        // while-condition  =>  FALSE
[19:45:41.622]        // end while "(DAP_SWJ_Pins(nReset, nReset, 0) & nReset) == 0"
[19:45:41.622]      </control>
[19:45:41.622]      // end if-block "canReadPins"
[19:45:41.622]    </control>
[19:45:41.622]    <control if="!canReadPins" while="" timeout="0" info="">
[19:45:41.622]      // if-block "!canReadPins"
[19:45:41.622]        // =>  FALSE
[19:45:41.622]      // skip if-block "!canReadPins"
[19:45:41.622]    </control>
[19:45:41.622]    <control if="(ACCESS_POINT_VAL & 0x00E00000) == 0" while="" timeout="0" info="">
[19:45:41.622]      // if-block "(ACCESS_POINT_VAL & 0x00E00000) == 0"
[19:45:41.622]        // =>  TRUE
[19:45:41.622]      <block atomic="false" info="">
[19:45:41.622]        WriteAP(0x00, 0x190008);
[19:45:41.622]          // -> [WriteAP(0x00000000, 0x00190008)]   (__dp=0x00000000, __ap=0x00000004)
[19:45:41.622]        WriteAP(0xF0, 0x01);
[19:45:41.622]          // -> [WriteAP(0x000000F0, 0x00000001)]   (__dp=0x00000000, __ap=0x00000004)
[19:45:41.622]      </block>
[19:45:41.632]      // end if-block "(ACCESS_POINT_VAL & 0x00E00000) == 0"
[19:45:41.632]    </control>
[19:45:41.632]    <control if="(ACCESS_POINT_VAL & 0x00E00000) != 0" while="" timeout="0" info="">
[19:45:41.632]      // if-block "(ACCESS_POINT_VAL & 0x00E00000) != 0"
[19:45:41.632]        // =>  FALSE
[19:45:41.632]      // skip if-block "(ACCESS_POINT_VAL & 0x00E00000) != 0"
[19:45:41.632]    </control>
[19:45:41.632]    <block atomic="false" info="">
[19:45:41.632]      ACCESS_POINT_VAL = ReadAP(0x00);//Reading current state of access point
[19:45:41.632]        // -> [ReadAP(0x00000000) => 0x0079002F]   (__dp=0x00000000, __ap=0x00000004)
[19:45:41.632]        // -> [ACCESS_POINT_VAL <= 0x0079002F]
[19:45:41.632]      Message(0, "Current state of access point is: %x",ACCESS_POINT_VAL);
[19:45:41.632]      __ap = 0; //lets make sure we reset the access point selection
[19:45:41.632]        // -> [__ap <= 0x00000000]
[19:45:41.632]    </block>
[19:45:41.632]  </sequence>
[19:45:41.632]  
[19:45:41.656]  **********  Sequence "DebugDeviceUnlock"  (Context="Connect", Pname="", info="")
[19:45:41.656]  
[19:45:41.656]  <debugvars>
[19:45:41.656]    // Pre-defined
[19:45:41.656]    __protocol=0x00010002      (Protocol="SWD", SWJ-DP="True")
[19:45:41.656]    __connection=0x00000202    (Connection Type="Flash", Reset Type="System Reset")
[19:45:41.656]    __dp=0x00000000
[19:45:41.656]    __ap=0x00000000
[19:45:41.656]    __traceout=0x00000000      (Trace Disabled)
[19:45:41.656]    __errorcontrol=0x00000000  (Skip Errors="False")
[19:45:41.656]    __FlashAddr=0x00000000
[19:45:41.656]    __FlashLen=0x00000000
[19:45:41.656]    __FlashArg=0x00000000
[19:45:41.656]    __FlashOp=0x00000000
[19:45:41.656]    __Result=0x00000000
[19:45:41.656]  </debugvars>
[19:45:41.656]  
[19:45:41.656]  <sequence name="DebugDeviceUnlock" Pname="" disable="false" info="">
[19:45:41.656]    <block atomic="false" info="">
[19:45:41.656]      __var deviceID = 0;
[19:45:41.656]        // -> [deviceID <= 0x00000000]
[19:45:41.656]      __var version = 0;
[19:45:41.656]        // -> [version <= 0x00000000]
[19:45:41.656]      __var partNum = 0;
[19:45:41.656]        // -> [partNum <= 0x00000000]
[19:45:41.656]      __var manuf = 0;
[19:45:41.656]        // -> [manuf <= 0x00000000]
[19:45:41.656]      __var isMSPM0G1X0X_G3X0X = 0;
[19:45:41.656]        // -> [isMSPM0G1X0X_G3X0X <= 0x00000000]
[19:45:41.656]      __var isProduction = 0;
[19:45:41.656]        // -> [isProduction <= 0x00000000]
[19:45:41.656]      __var continueId = 0;
[19:45:41.656]        // -> [continueId <= 0x00000000]
[19:45:41.656]      deviceID =   Read32(0x41C40004);
[19:45:41.662]        // -> [Read32(0x41C40004) => 0x2BB8802F]   (__dp=0x00000000, __ap=0x00000000)
[19:45:41.662]        // -> [deviceID <= 0x2BB8802F]
[19:45:41.662]      version = deviceID >> 28;
[19:45:41.662]        // -> [version <= 0x00000002]
[19:45:41.662]      partNum = (deviceID & 0x0FFFF000) >> 12;
[19:45:41.662]        // -> [partNum <= 0x0000BB88]
[19:45:41.662]      manuf = (deviceID & 0x00000FFE) >> 1;
[19:45:41.662]        // -> [manuf <= 0x00000017]
[19:45:41.662]      isMSPM0G1X0X_G3X0X = (partNum == 0xBB88) && (manuf == 0x17);
[19:45:41.662]        // -> [isMSPM0G1X0X_G3X0X <= 0x00000001]
[19:45:41.662]      isProduction = (version > 0);
[19:45:41.662]        // -> [isProduction <= 0x00000001]
[19:45:41.662]    </block>
[19:45:41.662]    <control if="!isMSPM0G1X0X_G3X0X" while="" timeout="0" info="">
[19:45:41.662]      // if-block "!isMSPM0G1X0X_G3X0X"
[19:45:41.662]        // =>  FALSE
[19:45:41.662]      // skip if-block "!isMSPM0G1X0X_G3X0X"
[19:45:41.662]    </control>
[19:45:41.662]    <control if="continueId == 4" while="" timeout="0" info="">
[19:45:41.662]      // if-block "continueId == 4"
[19:45:41.662]        // =>  FALSE
[19:45:41.662]      // skip if-block "continueId == 4"
[19:45:41.662]    </control>
[19:45:41.662]    <control if="!isProduction" while="" timeout="0" info="">
[19:45:41.662]      // if-block "!isProduction"
[19:45:41.662]        // =>  FALSE
[19:45:41.662]      // skip if-block "!isProduction"
[19:45:41.662]    </control>
[19:45:41.662]  </sequence>
[19:45:41.662]  
[19:47:47.277]  **********  Sequence "DebugPortSetup"  (Context="Connect", Pname="", info="")
[19:47:47.277]  
[19:47:47.298]  <debugvars>
[19:47:47.298]    // Pre-defined
[19:47:47.298]    __protocol=0x00010002      (Protocol="SWD", SWJ-DP="True")
[19:47:47.298]    __connection=0x00000202    (Connection Type="Flash", Reset Type="System Reset")
[19:47:47.298]    __dp=0x00000000
[19:47:47.298]    __ap=0x00000000
[19:47:47.298]    __traceout=0x00000000      (Trace Disabled)
[19:47:47.308]    __errorcontrol=0x00000000  (Skip Errors="False")
[19:47:47.308]    __FlashAddr=0x00000000
[19:47:47.308]    __FlashLen=0x00000000
[19:47:47.308]    __FlashArg=0x00000000
[19:47:47.308]    __FlashOp=0x00000000
[19:47:47.308]    __Result=0x00000000
[19:47:47.308]  </debugvars>
[19:47:47.308]  
[19:47:47.308]  <sequence name="DebugPortSetup" Pname="" disable="false" info="">
[19:47:47.308]    <block atomic="false" info="">
[19:47:47.308]      __var isSWJ      = ((__protocol & 0x00010000) != 0);
[19:47:47.308]        // -> [isSWJ <= 0x00000001]
[19:47:47.308]      __var hasDormant = __protocol & 0x00020000;
[19:47:47.308]        // -> [hasDormant <= 0x00000000]
[19:47:47.308]      __var protType   = __protocol & 0x0000FFFF;
[19:47:47.308]        // -> [protType <= 0x00000002]
[19:47:47.308]    </block>
[19:47:47.308]    <control if="protType == 1" while="" timeout="0" info="">
[19:47:47.308]      // if-block "protType == 1"
[19:47:47.308]        // =>  FALSE
[19:47:47.308]      // skip if-block "protType == 1"
[19:47:47.308]    </control>
[19:47:47.308]    <control if="protType == 2" while="" timeout="0" info="">
[19:47:47.308]      // if-block "protType == 2"
[19:47:47.308]        // =>  TRUE
[19:47:47.308]      <control if="isSWJ" while="" timeout="0" info="">
[19:47:47.308]        // if-block "isSWJ"
[19:47:47.308]          // =>  TRUE
[19:47:47.308]        <control if="hasDormant" while="" timeout="0" info="">
[19:47:47.308]          // if-block "hasDormant"
[19:47:47.308]            // =>  FALSE
[19:47:47.308]          // skip if-block "hasDormant"
[19:47:47.308]        </control>
[19:47:47.308]        <control if="!hasDormant" while="" timeout="0" info="">
[19:47:47.308]          // if-block "!hasDormant"
[19:47:47.308]            // =>  TRUE
[19:47:47.308]          <block atomic="false" info="">
[19:47:47.308]            DAP_SWJ_Sequence(51, 0x0007FFFFFFFFFFFF); //lets put the JTAG line in a reset state
[19:47:47.308]              // -> [DAP_SWJ_Sequence(51, 0x0007FFFFFFFFFFFF)]
[19:47:47.308]            DAP_SWJ_Sequence(16,0xE73C); //SWD to JTAG, this is to ensure the state machine is initialized
[19:47:47.308]              // -> [DAP_SWJ_Sequence(16, 0x000000000000E73C)]
[19:47:47.308]            DAP_SWJ_Sequence(51, 0x0007FFFFFFFFFFFF); //Put it back in reset
[19:47:47.308]              // -> [DAP_SWJ_Sequence(51, 0x0007FFFFFFFFFFFF)]
[19:47:47.308]            DAP_SWJ_Sequence(16, 0xE79E); //JTAG to SWD switch
[19:47:47.318]              // -> [DAP_SWJ_Sequence(16, 0x000000000000E79E)]
[19:47:47.318]            DAP_SWJ_Sequence(51, 0x0007FFFFFFFFFFFF);  //Ensure the switch is successful 
[19:47:47.318]              // -> [DAP_SWJ_Sequence(51, 0x0007FFFFFFFFFFFF)]
[19:47:47.318]            DAP_SWJ_Sequence(7,  0x00); //Give the line some time to initialize
[19:47:47.318]              // -> [DAP_SWJ_Sequence(7, 0x0000000000000000)]
[19:47:47.318]          </block>
[19:47:47.318]          // end if-block "!hasDormant"
[19:47:47.318]        </control>
[19:47:47.318]        // end if-block "isSWJ"
[19:47:47.318]      </control>
[19:47:47.318]      <control if="!isSWJ" while="" timeout="0" info="">
[19:47:47.318]        // if-block "!isSWJ"
[19:47:47.318]          // =>  FALSE
[19:47:47.318]        // skip if-block "!isSWJ"
[19:47:47.318]      </control>
[19:47:47.318]      <block atomic="false" info="">
[19:47:47.318]        ReadDP(0x0);
[19:47:47.318]          // -> [ReadDP(0x00000000) => 0x6BA02477]   (__dp=0x00000000)
[19:47:47.318]      </block>
[19:47:47.318]      // end if-block "protType == 2"
[19:47:47.318]    </control>
[19:47:47.318]  </sequence>
[19:47:47.318]  
[19:47:47.328]  **********  Sequence "DebugPortStart"  (Context="Connect", Pname="", info="")
[19:47:47.328]  
[19:47:47.328]  <debugvars>
[19:47:47.328]    // Pre-defined
[19:47:47.328]    __protocol=0x00010002      (Protocol="SWD", SWJ-DP="True")
[19:47:47.328]    __connection=0x00000202    (Connection Type="Flash", Reset Type="System Reset")
[19:47:47.328]    __dp=0x00000000
[19:47:47.328]    __ap=0x00000000
[19:47:47.328]    __traceout=0x00000000      (Trace Disabled)
[19:47:47.328]    __errorcontrol=0x00000000  (Skip Errors="False")
[19:47:47.328]    __FlashAddr=0x00000000
[19:47:47.328]    __FlashLen=0x00000000
[19:47:47.328]    __FlashArg=0x00000000
[19:47:47.328]    __FlashOp=0x00000000
[19:47:47.328]    __Result=0x00000000
[19:47:47.328]  </debugvars>
[19:47:47.328]  
[19:47:47.328]  <sequence name="DebugPortStart" Pname="" disable="false" info="">
[19:47:47.328]    <block atomic="false" info="">
[19:47:47.328]      __var SW_DP_ABORT       = 0x0;
[19:47:47.328]        // -> [SW_DP_ABORT <= 0x00000000]
[19:47:47.328]      __var DP_CTRL_STAT      = 0x4;
[19:47:47.328]        // -> [DP_CTRL_STAT <= 0x00000004]
[19:47:47.328]      __var DP_SELECT         = 0x8;
[19:47:47.328]        // -> [DP_SELECT <= 0x00000008]
[19:47:47.328]      __var powered_down      = 0;
[19:47:47.328]        // -> [powered_down <= 0x00000000]
[19:47:47.328]      WriteDP(DP_SELECT, 0x00000000);
[19:47:47.328]        // -> [WriteDP(0x00000008, 0x00000000)]   (__dp=0x00000000)
[19:47:47.328]      powered_down = ((ReadDP(DP_CTRL_STAT) & 0xA0000000) != 0xA0000000);
[19:47:47.328]        // -> [ReadDP(0x00000004) => 0x00000040]   (__dp=0x00000000)
[19:47:47.328]        // -> [powered_down <= 0x00000001]
[19:47:47.328]    </block>
[19:47:47.328]    <control if="powered_down" while="" timeout="0" info="">
[19:47:47.328]      // if-block "powered_down"
[19:47:47.328]        // =>  TRUE
[19:47:47.328]      <block atomic="false" info="">
[19:47:47.328]        Message(0, "Debug/System power-up request sent");
[19:47:47.339]        WriteDP(DP_CTRL_STAT, 0x50000000);
[19:47:47.339]          // -> [WriteDP(0x00000004, 0x50000000)]   (__dp=0x00000000)
[19:47:47.339]      </block>
[19:47:47.339]      <control if="" while="(ReadDP(DP_CTRL_STAT) & 0xA0000000) != 0xA0000000" timeout="1000000" info="">
[19:47:47.339]        // while "(ReadDP(DP_CTRL_STAT) & 0xA0000000) != 0xA0000000"  (timeout="1000000")
[19:47:47.339]          // -> [ReadDP(0x00000004) => 0xF0000040]   (__dp=0x00000000)
[19:47:47.339]        // while-condition  =>  FALSE
[19:47:47.339]        // end while "(ReadDP(DP_CTRL_STAT) & 0xA0000000) != 0xA0000000"
[19:47:47.339]      </control>
[19:47:47.339]      <control if="(__protocol & 0xFFFF) == 1" while="" timeout="0" info="">
[19:47:47.339]        // if-block "(__protocol & 0xFFFF) == 1"
[19:47:47.339]          // =>  FALSE
[19:47:47.339]        // skip if-block "(__protocol & 0xFFFF) == 1"
[19:47:47.339]      </control>
[19:47:47.339]      <control if="(__protocol & 0xFFFF) == 2" while="" timeout="0" info="">
[19:47:47.339]        // if-block "(__protocol & 0xFFFF) == 2"
[19:47:47.339]          // =>  TRUE
[19:47:47.339]        <block atomic="false" info="">
[19:47:47.339]          Message(0, "executing SWD power up");
[19:47:47.349]          WriteDP(DP_CTRL_STAT, 0x50000F00);
[19:47:47.349]            // -> [WriteDP(0x00000004, 0x50000F00)]   (__dp=0x00000000)
[19:47:47.349]          WriteDP(SW_DP_ABORT, 0x0000001E);
[19:47:47.349]            // -> [WriteDP(0x00000000, 0x0000001E)]   (__dp=0x00000000)
[19:47:47.349]        </block>
[19:47:47.349]        // end if-block "(__protocol & 0xFFFF) == 2"
[19:47:47.349]      </control>
[19:47:47.349]      // end if-block "powered_down"
[19:47:47.349]    </control>
[19:47:47.349]    <block atomic="false" info="">
[19:47:47.349]      __var DEBUG_PORT_VAL    = 0;
[19:47:47.349]        // -> [DEBUG_PORT_VAL <= 0x00000000]
[19:47:47.349]      __var ACCESS_POINT_VAL  = 0;
[19:47:47.349]        // -> [ACCESS_POINT_VAL <= 0x00000000]
[19:47:47.349]      __ap = 1; 
[19:47:47.349]        // -> [__ap <= 0x00000001]
[19:47:47.349]      WriteAP(0x0C, 0x04); //lets use the mini pwr-ap as backup
[19:47:47.349]        // -> [WriteAP(0x0000000C, 0x00000004)]   (__dp=0x00000000, __ap=0x00000001)
[19:47:47.349]      __ap = 4;
[19:47:47.349]        // -> [__ap <= 0x00000004]
[19:47:47.349]      ACCESS_POINT_VAL = ReadAP(0x00);//Reading current state of access point
[19:47:47.359]        // -> [ReadAP(0x00000000) => 0x00080027]   (__dp=0x00000000, __ap=0x00000004)
[19:47:47.359]        // -> [ACCESS_POINT_VAL <= 0x00080027]
[19:47:47.359]      Message(0, "Current state of access point is: %x",ACCESS_POINT_VAL);
[19:47:47.359]    </block>
[19:47:47.359]    <block atomic="false" info="">
[19:47:47.359]      __var nReset = 0x80;
[19:47:47.359]        // -> [nReset <= 0x00000080]
[19:47:47.359]      __var canReadPins = 0;
[19:47:47.359]        // -> [canReadPins <= 0x00000000]
[19:47:47.359]      canReadPins = (DAP_SWJ_Pins(0x00, nReset, 0) != 0xFFFFFFFF);
[19:47:47.359]        // -> [DAP_SWJ_Pins(0x00, 0x80, 0) => 0x0F]   (Out: nRESET=0  =>  In: SWCLK/TCK=1, SWDIO/TMS=1, TDI=1, TDO=1, nTRST=0, nRESET=0)
[19:47:47.359]        // -> [canReadPins <= 0x00000001]
[19:47:47.359]    </block>
[19:47:47.359]    <control if="" while="1" timeout="200" info="">
[19:47:47.359]      // while "1"  (timeout="200")
[19:47:47.359]      // while-condition  =>  TRUE
[19:47:47.359]      // while "1"  (timeout="200")
[19:47:47.359]      // while-condition  =>  TRUE
[19:47:47.359]      // while "1"  (timeout="200")
[19:47:47.359]      // while-condition  =>  TRUE
[19:47:47.359]      // while "1"  (timeout="200")
[19:47:47.359]      // while-condition  =>  TRUE
[19:47:47.359]      // while "1"  (timeout="200")
[19:47:47.359]      // while-condition  =>  TRUE
[19:47:47.359]      // while "1"  (timeout="200")
[19:47:47.359]      // while-condition  =>  TRUE
[19:47:47.359]      // while "1"  (timeout="200")
[19:47:47.359]      // while-condition  =>  TRUE
[19:47:47.359]      // while "1"  (timeout="200")
[19:47:47.359]      // while-condition  =>  TRUE
[19:47:47.359]      // while "1"  (timeout="200")
[19:47:47.359]      // while-condition  =>  TRUE
[19:47:47.359]      // while "1"  (timeout="200")
[19:47:47.359]      // while-condition  =>  TRUE
[19:47:47.359]      // while "1"  (timeout="200")
[19:47:47.359]      // while-condition  =>  TRUE
[19:47:47.359]      // while "1"  (timeout="200")
[19:47:47.359]      // while-condition  =>  TRUE
[19:47:47.359]      // while "1"  (timeout="200")
[19:47:47.359]      // while-condition  =>  TRUE
[19:47:47.359]      // while "1"  (timeout="200")
[19:47:47.359]      // while-condition  =>  TRUE
[19:47:47.359]      // while "1"  (timeout="200")
[19:47:47.359]      // while-condition  =>  TRUE
[19:47:47.359]      // while "1"  (timeout="200")
[19:47:47.359]      // while-condition  =>  TRUE
[19:47:47.359]      // while "1"  (timeout="200")
[19:47:47.359]      // while-condition  =>  TRUE
[19:47:47.359]      // while "1"  (timeout="200")
[19:47:47.359]      // while-condition  =>  TRUE
[19:47:47.359]      // while "1"  (timeout="200")
[19:47:47.359]      // while-condition  =>  TRUE
[19:47:47.359]      // while "1"  (timeout="200")
[19:47:47.359]      // while-condition  =>  TRUE
[19:47:47.359]      // while "1"  (timeout="200")
[19:47:47.359]      // while-condition  =>  TRUE
[19:47:47.359]      // while "1"  (timeout="200")
[19:47:47.359]      // while-condition  =>  TRUE
[19:47:47.359]      // while "1"  (timeout="200")
[19:47:47.359]      // while-condition  =>  TRUE
[19:47:47.359]      // while "1"  (timeout="200")
[19:47:47.359]      // while-condition  =>  TRUE
[19:47:47.370]      // while "1"  (timeout="200")
[19:47:47.370]      // while-condition  =>  TRUE
[19:47:47.370]      // while "1"  (timeout="200")
[19:47:47.370]      // while-condition  =>  TRUE
[19:47:47.370]      // while "1"  (timeout="200")
[19:47:47.370]      // while-condition  =>  TRUE
[19:47:47.370]      // while "1"  (timeout="200")
[19:47:47.370]      // while-condition  =>  TRUE
[19:47:47.370]      // while "1"  (timeout="200")
[19:47:47.370]      // while-condition  =>  TRUE
[19:47:47.370]      // while "1"  (timeout="200")
[19:47:47.370]      // while-condition  =>  TRUE
[19:47:47.370]      // while "1"  (timeout="200")
[19:47:47.370]      // while-condition  =>  TRUE
[19:47:47.370]      // while "1"  (timeout="200")
[19:47:47.370]      // while-condition  =>  TRUE
[19:47:47.370]      // while "1"  (timeout="200")
[19:47:47.370]      // while-condition  =>  TRUE
[19:47:47.370]      // while "1"  (timeout="200")
[19:47:47.370]      // while-condition  =>  TRUE
[19:47:47.370]      // while "1"  (timeout="200")
[19:47:47.370]      // while-condition  =>  TRUE
[19:47:47.370]      // while "1"  (timeout="200")
[19:47:47.370]      // while-condition  =>  TRUE
[19:47:47.370]      // while "1"  (timeout="200")
[19:47:47.370]      // while-condition  =>  TRUE
[19:47:47.370]      // while "1"  (timeout="200")
[19:47:47.370]      // while-condition  =>  TRUE
[19:47:47.370]      // while "1"  (timeout="200")
[19:47:47.370]      // while-condition  =>  TRUE
[19:47:47.370]      // while "1"  (timeout="200")
[19:47:47.370]      // while-condition  =>  TRUE
[19:47:47.370]      // while "1"  (timeout="200")
[19:47:47.370]      // while-condition  =>  TRUE
[19:47:47.370]      // while "1"  (timeout="200")
[19:47:47.370]      // while-condition  =>  TRUE
[19:47:47.370]      // while "1"  (timeout="200")
[19:47:47.370]      // while-condition  =>  TRUE
[19:47:47.370]      // while "1"  (timeout="200")
[19:47:47.370]      // while-condition  =>  TRUE
[19:47:47.370]      // while "1"  (timeout="200")
[19:47:47.370]      // while-condition  =>  TRUE
[19:47:47.370]      // while "1"  (timeout="200")
[19:47:47.370]      // while-condition  =>  TRUE
[19:47:47.370]      // while "1"  (timeout="200")
[19:47:47.370]      // while-condition  =>  TRUE
[19:47:47.370]      // while "1"  (timeout="200")
[19:47:47.370]      // while-condition  =>  TRUE
[19:47:47.370]      // while "1"  (timeout="200")
[19:47:47.370]      // while-condition  =>  TRUE
[19:47:47.370]      // while "1"  (timeout="200")
[19:47:47.370]      // while-condition  =>  TRUE
[19:47:47.370]      // while "1"  (timeout="200")
[19:47:47.370]      // while-condition  =>  TRUE
[19:47:47.370]      // while "1"  (timeout="200")
[19:47:47.370]      // while-condition  =>  TRUE
[19:47:47.370]      // while "1"  (timeout="200")
[19:47:47.370]      // while-condition  =>  TRUE
[19:47:47.370]      // while "1"  (timeout="200")
[19:47:47.370]      // while-condition  =>  TRUE
[19:47:47.370]      // while "1"  (timeout="200")
[19:47:47.370]      // while-condition  =>  TRUE
[19:47:47.370]      // while "1"  (timeout="200")
[19:47:47.370]      // while-condition  =>  TRUE
[19:47:47.370]      // while "1"  (timeout="200")
[19:47:47.370]      // while-condition  =>  TRUE
[19:47:47.370]      // while "1"  (timeout="200")
[19:47:47.370]      // while-condition  =>  TRUE
[19:47:47.370]      // while "1"  (timeout="200")
[19:47:47.370]      // while-condition  =>  TRUE
[19:47:47.370]      // while "1"  (timeout="200")
[19:47:47.370]      // while-condition  =>  TRUE
[19:47:47.370]      // while "1"  (timeout="200")
[19:47:47.370]      // while-condition  =>  TRUE
[19:47:47.370]      // while "1"  (timeout="200")
[19:47:47.370]      // while-condition  =>  TRUE
[19:47:47.370]      // while "1"  (timeout="200")
[19:47:47.370]      // while-condition  =>  TRUE
[19:47:47.370]      // while "1"  (timeout="200")
[19:47:47.370]      // while-condition  =>  TRUE
[19:47:47.370]      // while "1"  (timeout="200")
[19:47:47.370]      // while-condition  =>  TRUE
[19:47:47.370]      // while "1"  (timeout="200")
[19:47:47.370]      // while-condition  =>  TRUE
[19:47:47.370]      // while "1"  (timeout="200")
[19:47:47.370]      // while-condition  =>  TRUE
[19:47:47.370]      // while "1"  (timeout="200")
[19:47:47.370]      // while-condition  =>  TRUE
[19:47:47.370]      // while "1"  (timeout="200")
[19:47:47.370]      // while-condition  =>  TRUE
[19:47:47.370]      // while "1"  (timeout="200")
[19:47:47.370]      // while-condition  =>  TRUE
[19:47:47.370]      // while "1"  (timeout="200")
[19:47:47.370]      // while-condition  =>  TRUE
[19:47:47.370]      // while "1"  (timeout="200")
[19:47:47.370]      // while-condition  =>  TRUE
[19:47:47.370]      // while "1"  (timeout="200")
[19:47:47.370]      // while-condition  =>  TRUE
[19:47:47.370]      // while "1"  (timeout="200")
[19:47:47.370]      // while-condition  =>  TRUE
[19:47:47.370]      // while "1"  (timeout="200")
[19:47:47.370]      // while-condition  =>  TRUE
[19:47:47.370]      // while "1"  (timeout="200")
[19:47:47.370]      // while-condition  =>  TRUE
[19:47:47.370]      // while "1"  (timeout="200")
[19:47:47.370]      // while-condition  =>  TRUE
[19:47:47.370]      // while "1"  (timeout="200")
[19:47:47.370]      // while-condition  =>  TRUE
[19:47:47.370]      // while "1"  (timeout="200")
[19:47:47.370]      // while-condition  =>  TRUE
[19:47:47.370]      // while "1"  (timeout="200")
[19:47:47.370]      // while-condition  =>  TRUE
[19:47:47.370]      // while "1"  (timeout="200")
[19:47:47.370]      // while-condition  =>  TRUE
[19:47:47.370]      // while "1"  (timeout="200")
[19:47:47.370]      // while-condition  =>  TRUE
[19:47:47.370]      // while "1"  (timeout="200")
[19:47:47.370]      // while-condition  =>  TRUE
[19:47:47.370]      // while "1"  (timeout="200")
[19:47:47.370]      // while-condition  =>  TRUE
[19:47:47.370]      // while "1"  (timeout="200")
[19:47:47.370]      // while-condition  =>  TRUE
[19:47:47.370]      // while "1"  (timeout="200")
[19:47:47.370]      // while-condition  =>  TRUE
[19:47:47.370]      // while "1"  (timeout="200")
[19:47:47.370]      // while-condition  =>  TRUE
[19:47:47.370]      // while "1"  (timeout="200")
[19:47:47.370]      // while-condition  =>  TRUE
[19:47:47.370]      // while "1"  (timeout="200")
[19:47:47.370]      // while-condition  =>  TRUE
[19:47:47.370]      // while "1"  (timeout="200")
[19:47:47.370]      // while-condition  =>  TRUE
[19:47:47.370]      // while "1"  (timeout="200")
[19:47:47.370]      // while-condition  =>  TRUE
[19:47:47.370]      // while "1"  (timeout="200")
[19:47:47.370]      // while-condition  =>  TRUE
[19:47:47.370]      // while "1"  (timeout="200")
[19:47:47.370]      // while-condition  =>  TRUE
[19:47:47.370]      // while "1"  (timeout="200")
[19:47:47.370]      // while-condition  =>  TRUE
[19:47:47.370]      // while "1"  (timeout="200")
[19:47:47.370]      // while-condition  =>  TRUE
[19:47:47.370]      // while "1"  (timeout="200")
[19:47:47.370]      // while-condition  =>  TRUE
[19:47:47.370]      // while "1"  (timeout="200")
[19:47:47.370]      // while-condition  =>  TRUE
[19:47:47.370]      // while "1"  (timeout="200")
[19:47:47.370]      // while-condition  =>  TRUE
[19:47:47.370]      // while "1"  (timeout="200")
[19:47:47.370]      // while-condition  =>  TRUE
[19:47:47.370]      // while "1"  (timeout="200")
[19:47:47.370]      // while-condition  =>  TRUE
[19:47:47.370]      // while "1"  (timeout="200")
[19:47:47.370]      // while-condition  =>  TRUE
[19:47:47.370]      // while "1"  (timeout="200")
[19:47:47.370]      // while-condition  =>  TRUE
[19:47:47.370]      // while "1"  (timeout="200")
[19:47:47.370]      // while-condition  =>  TRUE
[19:47:47.370]      // while "1"  (timeout="200")
[19:47:47.370]      // while-condition  =>  TRUE
[19:47:47.370]      // while "1"  (timeout="200")
[19:47:47.370]      // while-condition  =>  TRUE
[19:47:47.370]      // while "1"  (timeout="200")
[19:47:47.370]      // while-condition  =>  TRUE
[19:47:47.370]      // while "1"  (timeout="200")
[19:47:47.370]      // while-condition  =>  TRUE
[19:47:47.370]      // while "1"  (timeout="200")
[19:47:47.370]      // while-condition  =>  TRUE
[19:47:47.370]      // while "1"  (timeout="200")
[19:47:47.370]      // while-condition  =>  TRUE
[19:47:47.370]      // while "1"  (timeout="200")
[19:47:47.370]      // while-condition  =>  TRUE
[19:47:47.370]      // while "1"  (timeout="200")
[19:47:47.370]      // while-condition  =>  TRUE
[19:47:47.370]      // while "1"  (timeout="200")
[19:47:47.380]      // while-condition  =>  TRUE
[19:47:47.380]      // while "1"  (timeout="200")
[19:47:47.380]      // while  =>  TIMEOUT
[19:47:47.380]      // end while "1"
[19:47:47.380]    </control>
[19:47:47.380]    <control if="canReadPins" while="" timeout="0" info="">
[19:47:47.380]      // if-block "canReadPins"
[19:47:47.380]        // =>  TRUE
[19:47:47.380]      <control if="" while="(DAP_SWJ_Pins(nReset, nReset, 0) & nReset) == 0" timeout="1000000" info="">
[19:47:47.380]        // while "(DAP_SWJ_Pins(nReset, nReset, 0) & nReset) == 0"  (timeout="1000000")
[19:47:47.380]          // -> [DAP_SWJ_Pins(0x80, 0x80, 0) => 0x8F]   (Out: nRESET=1  =>  In: SWCLK/TCK=1, SWDIO/TMS=1, TDI=1, TDO=1, nTRST=0, nRESET=1)
[19:47:47.380]        // while-condition  =>  FALSE
[19:47:47.380]        // end while "(DAP_SWJ_Pins(nReset, nReset, 0) & nReset) == 0"
[19:47:47.380]      </control>
[19:47:47.380]      // end if-block "canReadPins"
[19:47:47.380]    </control>
[19:47:47.380]    <control if="!canReadPins" while="" timeout="0" info="">
[19:47:47.380]      // if-block "!canReadPins"
[19:47:47.380]        // =>  FALSE
[19:47:47.380]      // skip if-block "!canReadPins"
[19:47:47.380]    </control>
[19:47:47.380]    <control if="(ACCESS_POINT_VAL & 0x00E00000) == 0" while="" timeout="0" info="">
[19:47:47.380]      // if-block "(ACCESS_POINT_VAL & 0x00E00000) == 0"
[19:47:47.380]        // =>  TRUE
[19:47:47.380]      <block atomic="false" info="">
[19:47:47.380]        WriteAP(0x00, 0x190008);
[19:47:47.380]          // -> [WriteAP(0x00000000, 0x00190008)]   (__dp=0x00000000, __ap=0x00000004)
[19:47:47.380]        WriteAP(0xF0, 0x01);
[19:47:47.390]          // -> [WriteAP(0x000000F0, 0x00000001)]   (__dp=0x00000000, __ap=0x00000004)
[19:47:47.390]      </block>
[19:47:47.390]      // end if-block "(ACCESS_POINT_VAL & 0x00E00000) == 0"
[19:47:47.390]    </control>
[19:47:47.390]    <control if="(ACCESS_POINT_VAL & 0x00E00000) != 0" while="" timeout="0" info="">
[19:47:47.390]      // if-block "(ACCESS_POINT_VAL & 0x00E00000) != 0"
[19:47:47.390]        // =>  FALSE
[19:47:47.390]      // skip if-block "(ACCESS_POINT_VAL & 0x00E00000) != 0"
[19:47:47.390]    </control>
[19:47:47.390]    <block atomic="false" info="">
[19:47:47.390]      ACCESS_POINT_VAL = ReadAP(0x00);//Reading current state of access point
[19:47:47.390]        // -> [ReadAP(0x00000000) => 0x0079002F]   (__dp=0x00000000, __ap=0x00000004)
[19:47:47.390]        // -> [ACCESS_POINT_VAL <= 0x0079002F]
[19:47:47.390]      Message(0, "Current state of access point is: %x",ACCESS_POINT_VAL);
[19:47:47.390]      __ap = 0; //lets make sure we reset the access point selection
[19:47:47.390]        // -> [__ap <= 0x00000000]
[19:47:47.390]    </block>
[19:47:47.390]  </sequence>
[19:47:47.390]  
[19:47:47.411]  **********  Sequence "DebugDeviceUnlock"  (Context="Connect", Pname="", info="")
[19:47:47.411]  
[19:47:47.411]  <debugvars>
[19:47:47.411]    // Pre-defined
[19:47:47.411]    __protocol=0x00010002      (Protocol="SWD", SWJ-DP="True")
[19:47:47.411]    __connection=0x00000202    (Connection Type="Flash", Reset Type="System Reset")
[19:47:47.411]    __dp=0x00000000
[19:47:47.411]    __ap=0x00000000
[19:47:47.411]    __traceout=0x00000000      (Trace Disabled)
[19:47:47.411]    __errorcontrol=0x00000000  (Skip Errors="False")
[19:47:47.411]    __FlashAddr=0x00000000
[19:47:47.411]    __FlashLen=0x00000000
[19:47:47.411]    __FlashArg=0x00000000
[19:47:47.411]    __FlashOp=0x00000000
[19:47:47.411]    __Result=0x00000000
[19:47:47.411]  </debugvars>
[19:47:47.411]  
[19:47:47.411]  <sequence name="DebugDeviceUnlock" Pname="" disable="false" info="">
[19:47:47.411]    <block atomic="false" info="">
[19:47:47.411]      __var deviceID = 0;
[19:47:47.411]        // -> [deviceID <= 0x00000000]
[19:47:47.411]      __var version = 0;
[19:47:47.411]        // -> [version <= 0x00000000]
[19:47:47.411]      __var partNum = 0;
[19:47:47.411]        // -> [partNum <= 0x00000000]
[19:47:47.411]      __var manuf = 0;
[19:47:47.411]        // -> [manuf <= 0x00000000]
[19:47:47.411]      __var isMSPM0G1X0X_G3X0X = 0;
[19:47:47.411]        // -> [isMSPM0G1X0X_G3X0X <= 0x00000000]
[19:47:47.411]      __var isProduction = 0;
[19:47:47.411]        // -> [isProduction <= 0x00000000]
[19:47:47.411]      __var continueId = 0;
[19:47:47.411]        // -> [continueId <= 0x00000000]
[19:47:47.411]      deviceID =   Read32(0x41C40004);
[19:47:47.421]        // -> [Read32(0x41C40004) => 0x2BB8802F]   (__dp=0x00000000, __ap=0x00000000)
[19:47:47.421]        // -> [deviceID <= 0x2BB8802F]
[19:47:47.421]      version = deviceID >> 28;
[19:47:47.421]        // -> [version <= 0x00000002]
[19:47:47.421]      partNum = (deviceID & 0x0FFFF000) >> 12;
[19:47:47.421]        // -> [partNum <= 0x0000BB88]
[19:47:47.421]      manuf = (deviceID & 0x00000FFE) >> 1;
[19:47:47.421]        // -> [manuf <= 0x00000017]
[19:47:47.421]      isMSPM0G1X0X_G3X0X = (partNum == 0xBB88) && (manuf == 0x17);
[19:47:47.421]        // -> [isMSPM0G1X0X_G3X0X <= 0x00000001]
[19:47:47.421]      isProduction = (version > 0);
[19:47:47.421]        // -> [isProduction <= 0x00000001]
[19:47:47.421]    </block>
[19:47:47.421]    <control if="!isMSPM0G1X0X_G3X0X" while="" timeout="0" info="">
[19:47:47.421]      // if-block "!isMSPM0G1X0X_G3X0X"
[19:47:47.421]        // =>  FALSE
[19:47:47.421]      // skip if-block "!isMSPM0G1X0X_G3X0X"
[19:47:47.421]    </control>
[19:47:47.421]    <control if="continueId == 4" while="" timeout="0" info="">
[19:47:47.421]      // if-block "continueId == 4"
[19:47:47.421]        // =>  FALSE
[19:47:47.421]      // skip if-block "continueId == 4"
[19:47:47.421]    </control>
[19:47:47.421]    <control if="!isProduction" while="" timeout="0" info="">
[19:47:47.421]      // if-block "!isProduction"
[19:47:47.421]        // =>  FALSE
[19:47:47.421]      // skip if-block "!isProduction"
[19:47:47.421]    </control>
[19:47:47.421]  </sequence>
[19:47:47.421]  
[19:51:41.618]  **********  Sequence "DebugPortSetup"  (Context="Connect", Pname="", info="")
[19:51:41.618]  
[19:51:41.619]  <debugvars>
[19:51:41.619]    // Pre-defined
[19:51:41.619]    __protocol=0x00010002      (Protocol="SWD", SWJ-DP="True")
[19:51:41.619]    __connection=0x00000202    (Connection Type="Flash", Reset Type="System Reset")
[19:51:41.619]    __dp=0x00000000
[19:51:41.619]    __ap=0x00000000
[19:51:41.619]    __traceout=0x00000000      (Trace Disabled)
[19:51:41.619]    __errorcontrol=0x00000000  (Skip Errors="False")
[19:51:41.619]    __FlashAddr=0x00000000
[19:51:41.619]    __FlashLen=0x00000000
[19:51:41.619]    __FlashArg=0x00000000
[19:51:41.619]    __FlashOp=0x00000000
[19:51:41.619]    __Result=0x00000000
[19:51:41.619]  </debugvars>
[19:51:41.619]  
[19:51:41.619]  <sequence name="DebugPortSetup" Pname="" disable="false" info="">
[19:51:41.619]    <block atomic="false" info="">
[19:51:41.619]      __var isSWJ      = ((__protocol & 0x00010000) != 0);
[19:51:41.619]        // -> [isSWJ <= 0x00000001]
[19:51:41.619]      __var hasDormant = __protocol & 0x00020000;
[19:51:41.619]        // -> [hasDormant <= 0x00000000]
[19:51:41.619]      __var protType   = __protocol & 0x0000FFFF;
[19:51:41.619]        // -> [protType <= 0x00000002]
[19:51:41.619]    </block>
[19:51:41.619]    <control if="protType == 1" while="" timeout="0" info="">
[19:51:41.619]      // if-block "protType == 1"
[19:51:41.619]        // =>  FALSE
[19:51:41.619]      // skip if-block "protType == 1"
[19:51:41.619]    </control>
[19:51:41.619]    <control if="protType == 2" while="" timeout="0" info="">
[19:51:41.619]      // if-block "protType == 2"
[19:51:41.619]        // =>  TRUE
[19:51:41.619]      <control if="isSWJ" while="" timeout="0" info="">
[19:51:41.619]        // if-block "isSWJ"
[19:51:41.619]          // =>  TRUE
[19:51:41.619]        <control if="hasDormant" while="" timeout="0" info="">
[19:51:41.619]          // if-block "hasDormant"
[19:51:41.619]            // =>  FALSE
[19:51:41.619]          // skip if-block "hasDormant"
[19:51:41.619]        </control>
[19:51:41.619]        <control if="!hasDormant" while="" timeout="0" info="">
[19:51:41.619]          // if-block "!hasDormant"
[19:51:41.619]            // =>  TRUE
[19:51:41.619]          <block atomic="false" info="">
[19:51:41.619]            DAP_SWJ_Sequence(51, 0x0007FFFFFFFFFFFF); //lets put the JTAG line in a reset state
[19:51:41.619]              // -> [DAP_SWJ_Sequence(51, 0x0007FFFFFFFFFFFF)]
[19:51:41.619]            DAP_SWJ_Sequence(16,0xE73C); //SWD to JTAG, this is to ensure the state machine is initialized
[19:51:41.619]              // -> [DAP_SWJ_Sequence(16, 0x000000000000E73C)]
[19:51:41.619]            DAP_SWJ_Sequence(51, 0x0007FFFFFFFFFFFF); //Put it back in reset
[19:51:41.629]              // -> [DAP_SWJ_Sequence(51, 0x0007FFFFFFFFFFFF)]
[19:51:41.629]            DAP_SWJ_Sequence(16, 0xE79E); //JTAG to SWD switch
[19:51:41.629]              // -> [DAP_SWJ_Sequence(16, 0x000000000000E79E)]
[19:51:41.629]            DAP_SWJ_Sequence(51, 0x0007FFFFFFFFFFFF);  //Ensure the switch is successful 
[19:51:41.629]              // -> [DAP_SWJ_Sequence(51, 0x0007FFFFFFFFFFFF)]
[19:51:41.629]            DAP_SWJ_Sequence(7,  0x00); //Give the line some time to initialize
[19:51:41.629]              // -> [DAP_SWJ_Sequence(7, 0x0000000000000000)]
[19:51:41.629]          </block>
[19:51:41.629]          // end if-block "!hasDormant"
[19:51:41.629]        </control>
[19:51:41.629]        // end if-block "isSWJ"
[19:51:41.629]      </control>
[19:51:41.629]      <control if="!isSWJ" while="" timeout="0" info="">
[19:51:41.629]        // if-block "!isSWJ"
[19:51:41.629]          // =>  FALSE
[19:51:41.629]        // skip if-block "!isSWJ"
[19:51:41.629]      </control>
[19:51:41.629]      <block atomic="false" info="">
[19:51:41.629]        ReadDP(0x0);
[19:51:41.639]          // -> [ReadDP(0x00000000) => 0x6BA02477]   (__dp=0x00000000)
[19:51:41.639]      </block>
[19:51:41.639]      // end if-block "protType == 2"
[19:51:41.639]    </control>
[19:51:41.639]  </sequence>
[19:51:41.639]  
[19:51:41.644]  **********  Sequence "DebugPortStart"  (Context="Connect", Pname="", info="")
[19:51:41.644]  
[19:51:41.644]  <debugvars>
[19:51:41.644]    // Pre-defined
[19:51:41.644]    __protocol=0x00010002      (Protocol="SWD", SWJ-DP="True")
[19:51:41.644]    __connection=0x00000202    (Connection Type="Flash", Reset Type="System Reset")
[19:51:41.644]    __dp=0x00000000
[19:51:41.644]    __ap=0x00000000
[19:51:41.644]    __traceout=0x00000000      (Trace Disabled)
[19:51:41.644]    __errorcontrol=0x00000000  (Skip Errors="False")
[19:51:41.644]    __FlashAddr=0x00000000
[19:51:41.644]    __FlashLen=0x00000000
[19:51:41.644]    __FlashArg=0x00000000
[19:51:41.644]    __FlashOp=0x00000000
[19:51:41.644]    __Result=0x00000000
[19:51:41.644]  </debugvars>
[19:51:41.644]  
[19:51:41.644]  <sequence name="DebugPortStart" Pname="" disable="false" info="">
[19:51:41.644]    <block atomic="false" info="">
[19:51:41.644]      __var SW_DP_ABORT       = 0x0;
[19:51:41.644]        // -> [SW_DP_ABORT <= 0x00000000]
[19:51:41.644]      __var DP_CTRL_STAT      = 0x4;
[19:51:41.644]        // -> [DP_CTRL_STAT <= 0x00000004]
[19:51:41.644]      __var DP_SELECT         = 0x8;
[19:51:41.644]        // -> [DP_SELECT <= 0x00000008]
[19:51:41.644]      __var powered_down      = 0;
[19:51:41.644]        // -> [powered_down <= 0x00000000]
[19:51:41.644]      WriteDP(DP_SELECT, 0x00000000);
[19:51:41.648]        // -> [WriteDP(0x00000008, 0x00000000)]   (__dp=0x00000000)
[19:51:41.648]      powered_down = ((ReadDP(DP_CTRL_STAT) & 0xA0000000) != 0xA0000000);
[19:51:41.648]        // -> [ReadDP(0x00000004) => 0x00000040]   (__dp=0x00000000)
[19:51:41.648]        // -> [powered_down <= 0x00000001]
[19:51:41.648]    </block>
[19:51:41.648]    <control if="powered_down" while="" timeout="0" info="">
[19:51:41.648]      // if-block "powered_down"
[19:51:41.648]        // =>  TRUE
[19:51:41.648]      <block atomic="false" info="">
[19:51:41.648]        Message(0, "Debug/System power-up request sent");
[19:51:41.648]        WriteDP(DP_CTRL_STAT, 0x50000000);
[19:51:41.654]          // -> [WriteDP(0x00000004, 0x50000000)]   (__dp=0x00000000)
[19:51:41.654]      </block>
[19:51:41.654]      <control if="" while="(ReadDP(DP_CTRL_STAT) & 0xA0000000) != 0xA0000000" timeout="1000000" info="">
[19:51:41.654]        // while "(ReadDP(DP_CTRL_STAT) & 0xA0000000) != 0xA0000000"  (timeout="1000000")
[19:51:41.654]          // -> [ReadDP(0x00000004) => 0xF0000040]   (__dp=0x00000000)
[19:51:41.654]        // while-condition  =>  FALSE
[19:51:41.654]        // end while "(ReadDP(DP_CTRL_STAT) & 0xA0000000) != 0xA0000000"
[19:51:41.654]      </control>
[19:51:41.654]      <control if="(__protocol & 0xFFFF) == 1" while="" timeout="0" info="">
[19:51:41.654]        // if-block "(__protocol & 0xFFFF) == 1"
[19:51:41.654]          // =>  FALSE
[19:51:41.654]        // skip if-block "(__protocol & 0xFFFF) == 1"
[19:51:41.654]      </control>
[19:51:41.654]      <control if="(__protocol & 0xFFFF) == 2" while="" timeout="0" info="">
[19:51:41.654]        // if-block "(__protocol & 0xFFFF) == 2"
[19:51:41.654]          // =>  TRUE
[19:51:41.654]        <block atomic="false" info="">
[19:51:41.654]          Message(0, "executing SWD power up");
[19:51:41.654]          WriteDP(DP_CTRL_STAT, 0x50000F00);
[19:51:41.659]            // -> [WriteDP(0x00000004, 0x50000F00)]   (__dp=0x00000000)
[19:51:41.659]          WriteDP(SW_DP_ABORT, 0x0000001E);
[19:51:41.659]            // -> [WriteDP(0x00000000, 0x0000001E)]   (__dp=0x00000000)
[19:51:41.659]        </block>
[19:51:41.659]        // end if-block "(__protocol & 0xFFFF) == 2"
[19:51:41.659]      </control>
[19:51:41.659]      // end if-block "powered_down"
[19:51:41.659]    </control>
[19:51:41.659]    <block atomic="false" info="">
[19:51:41.659]      __var DEBUG_PORT_VAL    = 0;
[19:51:41.659]        // -> [DEBUG_PORT_VAL <= 0x00000000]
[19:51:41.659]      __var ACCESS_POINT_VAL  = 0;
[19:51:41.659]        // -> [ACCESS_POINT_VAL <= 0x00000000]
[19:51:41.659]      __ap = 1; 
[19:51:41.659]        // -> [__ap <= 0x00000001]
[19:51:41.659]      WriteAP(0x0C, 0x04); //lets use the mini pwr-ap as backup
[19:51:41.664]        // -> [WriteAP(0x0000000C, 0x00000004)]   (__dp=0x00000000, __ap=0x00000001)
[19:51:41.664]      __ap = 4;
[19:51:41.664]        // -> [__ap <= 0x00000004]
[19:51:41.664]      ACCESS_POINT_VAL = ReadAP(0x00);//Reading current state of access point
[19:51:41.668]        // -> [ReadAP(0x00000000) => 0x00080027]   (__dp=0x00000000, __ap=0x00000004)
[19:51:41.668]        // -> [ACCESS_POINT_VAL <= 0x00080027]
[19:51:41.668]      Message(0, "Current state of access point is: %x",ACCESS_POINT_VAL);
[19:51:41.668]    </block>
[19:51:41.668]    <block atomic="false" info="">
[19:51:41.668]      __var nReset = 0x80;
[19:51:41.668]        // -> [nReset <= 0x00000080]
[19:51:41.668]      __var canReadPins = 0;
[19:51:41.668]        // -> [canReadPins <= 0x00000000]
[19:51:41.668]      canReadPins = (DAP_SWJ_Pins(0x00, nReset, 0) != 0xFFFFFFFF);
[19:51:41.668]        // -> [DAP_SWJ_Pins(0x00, 0x80, 0) => 0x0F]   (Out: nRESET=0  =>  In: SWCLK/TCK=1, SWDIO/TMS=1, TDI=1, TDO=1, nTRST=0, nRESET=0)
[19:51:41.668]        // -> [canReadPins <= 0x00000001]
[19:51:41.668]    </block>
[19:51:41.668]    <control if="" while="1" timeout="200" info="">
[19:51:41.668]      // while "1"  (timeout="200")
[19:51:41.668]      // while-condition  =>  TRUE
[19:51:41.668]      // while "1"  (timeout="200")
[19:51:41.668]      // while-condition  =>  TRUE
[19:51:41.668]      // while "1"  (timeout="200")
[19:51:41.668]      // while-condition  =>  TRUE
[19:51:41.668]      // while "1"  (timeout="200")
[19:51:41.668]      // while-condition  =>  TRUE
[19:51:41.668]      // while "1"  (timeout="200")
[19:51:41.668]      // while-condition  =>  TRUE
[19:51:41.668]      // while "1"  (timeout="200")
[19:51:41.668]      // while-condition  =>  TRUE
[19:51:41.668]      // while "1"  (timeout="200")
[19:51:41.668]      // while-condition  =>  TRUE
[19:51:41.668]      // while "1"  (timeout="200")
[19:51:41.668]      // while-condition  =>  TRUE
[19:51:41.668]      // while "1"  (timeout="200")
[19:51:41.668]      // while-condition  =>  TRUE
[19:51:41.668]      // while "1"  (timeout="200")
[19:51:41.668]      // while-condition  =>  TRUE
[19:51:41.668]      // while "1"  (timeout="200")
[19:51:41.668]      // while-condition  =>  TRUE
[19:51:41.668]      // while "1"  (timeout="200")
[19:51:41.668]      // while-condition  =>  TRUE
[19:51:41.668]      // while "1"  (timeout="200")
[19:51:41.668]      // while-condition  =>  TRUE
[19:51:41.668]      // while "1"  (timeout="200")
[19:51:41.668]      // while-condition  =>  TRUE
[19:51:41.668]      // while "1"  (timeout="200")
[19:51:41.668]      // while-condition  =>  TRUE
[19:51:41.668]      // while "1"  (timeout="200")
[19:51:41.668]      // while-condition  =>  TRUE
[19:51:41.668]      // while "1"  (timeout="200")
[19:51:41.668]      // while-condition  =>  TRUE
[19:51:41.668]      // while "1"  (timeout="200")
[19:51:41.668]      // while-condition  =>  TRUE
[19:51:41.668]      // while "1"  (timeout="200")
[19:51:41.668]      // while-condition  =>  TRUE
[19:51:41.668]      // while "1"  (timeout="200")
[19:51:41.668]      // while-condition  =>  TRUE
[19:51:41.678]      // while "1"  (timeout="200")
[19:51:41.678]      // while-condition  =>  TRUE
[19:51:41.678]      // while "1"  (timeout="200")
[19:51:41.678]      // while-condition  =>  TRUE
[19:51:41.678]      // while "1"  (timeout="200")
[19:51:41.678]      // while-condition  =>  TRUE
[19:51:41.678]      // while "1"  (timeout="200")
[19:51:41.678]      // while-condition  =>  TRUE
[19:51:41.678]      // while "1"  (timeout="200")
[19:51:41.678]      // while-condition  =>  TRUE
[19:51:41.678]      // while "1"  (timeout="200")
[19:51:41.678]      // while-condition  =>  TRUE
[19:51:41.678]      // while "1"  (timeout="200")
[19:51:41.678]      // while-condition  =>  TRUE
[19:51:41.678]      // while "1"  (timeout="200")
[19:51:41.678]      // while-condition  =>  TRUE
[19:51:41.678]      // while "1"  (timeout="200")
[19:51:41.678]      // while-condition  =>  TRUE
[19:51:41.678]      // while "1"  (timeout="200")
[19:51:41.678]      // while-condition  =>  TRUE
[19:51:41.678]      // while "1"  (timeout="200")
[19:51:41.678]      // while-condition  =>  TRUE
[19:51:41.678]      // while "1"  (timeout="200")
[19:51:41.678]      // while-condition  =>  TRUE
[19:51:41.678]      // while "1"  (timeout="200")
[19:51:41.678]      // while-condition  =>  TRUE
[19:51:41.678]      // while "1"  (timeout="200")
[19:51:41.678]      // while-condition  =>  TRUE
[19:51:41.678]      // while "1"  (timeout="200")
[19:51:41.678]      // while-condition  =>  TRUE
[19:51:41.678]      // while "1"  (timeout="200")
[19:51:41.678]      // while-condition  =>  TRUE
[19:51:41.678]      // while "1"  (timeout="200")
[19:51:41.678]      // while-condition  =>  TRUE
[19:51:41.678]      // while "1"  (timeout="200")
[19:51:41.678]      // while-condition  =>  TRUE
[19:51:41.678]      // while "1"  (timeout="200")
[19:51:41.678]      // while-condition  =>  TRUE
[19:51:41.678]      // while "1"  (timeout="200")
[19:51:41.678]      // while-condition  =>  TRUE
[19:51:41.678]      // while "1"  (timeout="200")
[19:51:41.678]      // while-condition  =>  TRUE
[19:51:41.678]      // while "1"  (timeout="200")
[19:51:41.678]      // while-condition  =>  TRUE
[19:51:41.678]      // while "1"  (timeout="200")
[19:51:41.678]      // while-condition  =>  TRUE
[19:51:41.678]      // while "1"  (timeout="200")
[19:51:41.678]      // while-condition  =>  TRUE
[19:51:41.678]      // while "1"  (timeout="200")
[19:51:41.678]      // while-condition  =>  TRUE
[19:51:41.678]      // while "1"  (timeout="200")
[19:51:41.678]      // while-condition  =>  TRUE
[19:51:41.678]      // while "1"  (timeout="200")
[19:51:41.678]      // while-condition  =>  TRUE
[19:51:41.678]      // while "1"  (timeout="200")
[19:51:41.678]      // while-condition  =>  TRUE
[19:51:41.678]      // while "1"  (timeout="200")
[19:51:41.678]      // while-condition  =>  TRUE
[19:51:41.678]      // while "1"  (timeout="200")
[19:51:41.678]      // while-condition  =>  TRUE
[19:51:41.678]      // while "1"  (timeout="200")
[19:51:41.678]      // while-condition  =>  TRUE
[19:51:41.678]      // while "1"  (timeout="200")
[19:51:41.678]      // while-condition  =>  TRUE
[19:51:41.678]      // while "1"  (timeout="200")
[19:51:41.678]      // while-condition  =>  TRUE
[19:51:41.678]      // while "1"  (timeout="200")
[19:51:41.678]      // while-condition  =>  TRUE
[19:51:41.678]      // while "1"  (timeout="200")
[19:51:41.678]      // while-condition  =>  TRUE
[19:51:41.678]      // while "1"  (timeout="200")
[19:51:41.678]      // while-condition  =>  TRUE
[19:51:41.678]      // while "1"  (timeout="200")
[19:51:41.678]      // while-condition  =>  TRUE
[19:51:41.678]      // while "1"  (timeout="200")
[19:51:41.678]      // while-condition  =>  TRUE
[19:51:41.678]      // while "1"  (timeout="200")
[19:51:41.678]      // while-condition  =>  TRUE
[19:51:41.678]      // while "1"  (timeout="200")
[19:51:41.678]      // while-condition  =>  TRUE
[19:51:41.678]      // while "1"  (timeout="200")
[19:51:41.678]      // while-condition  =>  TRUE
[19:51:41.678]      // while "1"  (timeout="200")
[19:51:41.678]      // while-condition  =>  TRUE
[19:51:41.678]      // while "1"  (timeout="200")
[19:51:41.678]      // while-condition  =>  TRUE
[19:51:41.678]      // while "1"  (timeout="200")
[19:51:41.678]      // while-condition  =>  TRUE
[19:51:41.678]      // while "1"  (timeout="200")
[19:51:41.678]      // while-condition  =>  TRUE
[19:51:41.678]      // while "1"  (timeout="200")
[19:51:41.678]      // while-condition  =>  TRUE
[19:51:41.678]      // while "1"  (timeout="200")
[19:51:41.678]      // while-condition  =>  TRUE
[19:51:41.678]      // while "1"  (timeout="200")
[19:51:41.678]      // while-condition  =>  TRUE
[19:51:41.678]      // while "1"  (timeout="200")
[19:51:41.678]      // while-condition  =>  TRUE
[19:51:41.678]      // while "1"  (timeout="200")
[19:51:41.678]      // while-condition  =>  TRUE
[19:51:41.678]      // while "1"  (timeout="200")
[19:51:41.678]      // while-condition  =>  TRUE
[19:51:41.678]      // while "1"  (timeout="200")
[19:51:41.678]      // while-condition  =>  TRUE
[19:51:41.678]      // while "1"  (timeout="200")
[19:51:41.678]      // while-condition  =>  TRUE
[19:51:41.678]      // while "1"  (timeout="200")
[19:51:41.678]      // while-condition  =>  TRUE
[19:51:41.678]      // while "1"  (timeout="200")
[19:51:41.678]      // while-condition  =>  TRUE
[19:51:41.678]      // while "1"  (timeout="200")
[19:51:41.678]      // while-condition  =>  TRUE
[19:51:41.678]      // while "1"  (timeout="200")
[19:51:41.678]      // while-condition  =>  TRUE
[19:51:41.678]      // while "1"  (timeout="200")
[19:51:41.678]      // while-condition  =>  TRUE
[19:51:41.678]      // while "1"  (timeout="200")
[19:51:41.678]      // while-condition  =>  TRUE
[19:51:41.678]      // while "1"  (timeout="200")
[19:51:41.678]      // while-condition  =>  TRUE
[19:51:41.678]      // while "1"  (timeout="200")
[19:51:41.678]      // while-condition  =>  TRUE
[19:51:41.678]      // while "1"  (timeout="200")
[19:51:41.678]      // while-condition  =>  TRUE
[19:51:41.678]      // while "1"  (timeout="200")
[19:51:41.678]      // while-condition  =>  TRUE
[19:51:41.678]      // while "1"  (timeout="200")
[19:51:41.678]      // while-condition  =>  TRUE
[19:51:41.678]      // while "1"  (timeout="200")
[19:51:41.678]      // while-condition  =>  TRUE
[19:51:41.678]      // while "1"  (timeout="200")
[19:51:41.678]      // while-condition  =>  TRUE
[19:51:41.678]      // while "1"  (timeout="200")
[19:51:41.678]      // while-condition  =>  TRUE
[19:51:41.678]      // while "1"  (timeout="200")
[19:51:41.678]      // while-condition  =>  TRUE
[19:51:41.678]      // while "1"  (timeout="200")
[19:51:41.678]      // while-condition  =>  TRUE
[19:51:41.678]      // while "1"  (timeout="200")
[19:51:41.678]      // while-condition  =>  TRUE
[19:51:41.678]      // while "1"  (timeout="200")
[19:51:41.678]      // while-condition  =>  TRUE
[19:51:41.678]      // while "1"  (timeout="200")
[19:51:41.678]      // while-condition  =>  TRUE
[19:51:41.678]      // while "1"  (timeout="200")
[19:51:41.678]      // while-condition  =>  TRUE
[19:51:41.678]      // while "1"  (timeout="200")
[19:51:41.678]      // while-condition  =>  TRUE
[19:51:41.678]      // while "1"  (timeout="200")
[19:51:41.688]      // while-condition  =>  TRUE
[19:51:41.688]      // while "1"  (timeout="200")
[19:51:41.688]      // while  =>  TIMEOUT
[19:51:41.688]      // end while "1"
[19:51:41.688]    </control>
[19:51:41.688]    <control if="canReadPins" while="" timeout="0" info="">
[19:51:41.688]      // if-block "canReadPins"
[19:51:41.688]        // =>  TRUE
[19:51:41.688]      <control if="" while="(DAP_SWJ_Pins(nReset, nReset, 0) & nReset) == 0" timeout="1000000" info="">
[19:51:41.688]        // while "(DAP_SWJ_Pins(nReset, nReset, 0) & nReset) == 0"  (timeout="1000000")
[19:51:41.688]          // -> [DAP_SWJ_Pins(0x80, 0x80, 0) => 0x8F]   (Out: nRESET=1  =>  In: SWCLK/TCK=1, SWDIO/TMS=1, TDI=1, TDO=1, nTRST=0, nRESET=1)
[19:51:41.688]        // while-condition  =>  FALSE
[19:51:41.688]        // end while "(DAP_SWJ_Pins(nReset, nReset, 0) & nReset) == 0"
[19:51:41.688]      </control>
[19:51:41.688]      // end if-block "canReadPins"
[19:51:41.688]    </control>
[19:51:41.688]    <control if="!canReadPins" while="" timeout="0" info="">
[19:51:41.688]      // if-block "!canReadPins"
[19:51:41.688]        // =>  FALSE
[19:51:41.688]      // skip if-block "!canReadPins"
[19:51:41.688]    </control>
[19:51:41.688]    <control if="(ACCESS_POINT_VAL & 0x00E00000) == 0" while="" timeout="0" info="">
[19:51:41.688]      // if-block "(ACCESS_POINT_VAL & 0x00E00000) == 0"
[19:51:41.688]        // =>  TRUE
[19:51:41.688]      <block atomic="false" info="">
[19:51:41.688]        WriteAP(0x00, 0x190008);
[19:51:41.688]          // -> [WriteAP(0x00000000, 0x00190008)]   (__dp=0x00000000, __ap=0x00000004)
[19:51:41.688]        WriteAP(0xF0, 0x01);
[19:51:41.698]          // -> [WriteAP(0x000000F0, 0x00000001)]   (__dp=0x00000000, __ap=0x00000004)
[19:51:41.698]      </block>
[19:51:41.698]      // end if-block "(ACCESS_POINT_VAL & 0x00E00000) == 0"
[19:51:41.698]    </control>
[19:51:41.698]    <control if="(ACCESS_POINT_VAL & 0x00E00000) != 0" while="" timeout="0" info="">
[19:51:41.698]      // if-block "(ACCESS_POINT_VAL & 0x00E00000) != 0"
[19:51:41.698]        // =>  FALSE
[19:51:41.698]      // skip if-block "(ACCESS_POINT_VAL & 0x00E00000) != 0"
[19:51:41.698]    </control>
[19:51:41.698]    <block atomic="false" info="">
[19:51:41.698]      ACCESS_POINT_VAL = ReadAP(0x00);//Reading current state of access point
[19:51:41.698]        // -> [ReadAP(0x00000000) => 0x0079002F]   (__dp=0x00000000, __ap=0x00000004)
[19:51:41.698]        // -> [ACCESS_POINT_VAL <= 0x0079002F]
[19:51:41.698]      Message(0, "Current state of access point is: %x",ACCESS_POINT_VAL);
[19:51:41.698]      __ap = 0; //lets make sure we reset the access point selection
[19:51:41.698]        // -> [__ap <= 0x00000000]
[19:51:41.698]    </block>
[19:51:41.698]  </sequence>
[19:51:41.698]  
[19:51:41.728]  **********  Sequence "DebugDeviceUnlock"  (Context="Connect", Pname="", info="")
[19:51:41.728]  
[19:51:41.728]  <debugvars>
[19:51:41.728]    // Pre-defined
[19:51:41.728]    __protocol=0x00010002      (Protocol="SWD", SWJ-DP="True")
[19:51:41.728]    __connection=0x00000202    (Connection Type="Flash", Reset Type="System Reset")
[19:51:41.728]    __dp=0x00000000
[19:51:41.728]    __ap=0x00000000
[19:51:41.728]    __traceout=0x00000000      (Trace Disabled)
[19:51:41.728]    __errorcontrol=0x00000000  (Skip Errors="False")
[19:51:41.728]    __FlashAddr=0x00000000
[19:51:41.728]    __FlashLen=0x00000000
[19:51:41.728]    __FlashArg=0x00000000
[19:51:41.728]    __FlashOp=0x00000000
[19:51:41.728]    __Result=0x00000000
[19:51:41.728]  </debugvars>
[19:51:41.728]  
[19:51:41.728]  <sequence name="DebugDeviceUnlock" Pname="" disable="false" info="">
[19:51:41.728]    <block atomic="false" info="">
[19:51:41.728]      __var deviceID = 0;
[19:51:41.728]        // -> [deviceID <= 0x00000000]
[19:51:41.728]      __var version = 0;
[19:51:41.728]        // -> [version <= 0x00000000]
[19:51:41.728]      __var partNum = 0;
[19:51:41.728]        // -> [partNum <= 0x00000000]
[19:51:41.728]      __var manuf = 0;
[19:51:41.728]        // -> [manuf <= 0x00000000]
[19:51:41.728]      __var isMSPM0G1X0X_G3X0X = 0;
[19:51:41.728]        // -> [isMSPM0G1X0X_G3X0X <= 0x00000000]
[19:51:41.728]      __var isProduction = 0;
[19:51:41.728]        // -> [isProduction <= 0x00000000]
[19:51:41.728]      __var continueId = 0;
[19:51:41.728]        // -> [continueId <= 0x00000000]
[19:51:41.728]      deviceID =   Read32(0x41C40004);
[19:51:41.738]        // -> [Read32(0x41C40004) => 0x2BB8802F]   (__dp=0x00000000, __ap=0x00000000)
[19:51:41.738]        // -> [deviceID <= 0x2BB8802F]
[19:51:41.738]      version = deviceID >> 28;
[19:51:41.738]        // -> [version <= 0x00000002]
[19:51:41.738]      partNum = (deviceID & 0x0FFFF000) >> 12;
[19:51:41.738]        // -> [partNum <= 0x0000BB88]
[19:51:41.738]      manuf = (deviceID & 0x00000FFE) >> 1;
[19:51:41.738]        // -> [manuf <= 0x00000017]
[19:51:41.738]      isMSPM0G1X0X_G3X0X = (partNum == 0xBB88) && (manuf == 0x17);
[19:51:41.738]        // -> [isMSPM0G1X0X_G3X0X <= 0x00000001]
[19:51:41.738]      isProduction = (version > 0);
[19:51:41.738]        // -> [isProduction <= 0x00000001]
[19:51:41.738]    </block>
[19:51:41.738]    <control if="!isMSPM0G1X0X_G3X0X" while="" timeout="0" info="">
[19:51:41.738]      // if-block "!isMSPM0G1X0X_G3X0X"
[19:51:41.738]        // =>  FALSE
[19:51:41.738]      // skip if-block "!isMSPM0G1X0X_G3X0X"
[19:51:41.738]    </control>
[19:51:41.738]    <control if="continueId == 4" while="" timeout="0" info="">
[19:51:41.738]      // if-block "continueId == 4"
[19:51:41.738]        // =>  FALSE
[19:51:41.738]      // skip if-block "continueId == 4"
[19:51:41.738]    </control>
[19:51:41.738]    <control if="!isProduction" while="" timeout="0" info="">
[19:51:41.738]      // if-block "!isProduction"
[19:51:41.738]        // =>  FALSE
[19:51:41.738]      // skip if-block "!isProduction"
[19:51:41.738]    </control>
[19:51:41.738]  </sequence>
[19:51:41.738]  
[19:58:33.550]  **********  Sequence "DebugPortSetup"  (Context="Connect", Pname="", info="")
[19:58:33.550]  
[19:58:33.550]  <debugvars>
[19:58:33.550]    // Pre-defined
[19:58:33.550]    __protocol=0x00010002      (Protocol="SWD", SWJ-DP="True")
[19:58:33.550]    __connection=0x00000202    (Connection Type="Flash", Reset Type="System Reset")
[19:58:33.550]    __dp=0x00000000
[19:58:33.550]    __ap=0x00000000
[19:58:33.550]    __traceout=0x00000000      (Trace Disabled)
[19:58:33.550]    __errorcontrol=0x00000000  (Skip Errors="False")
[19:58:33.550]    __FlashAddr=0x00000000
[19:58:33.550]    __FlashLen=0x00000000
[19:58:33.550]    __FlashArg=0x00000000
[19:58:33.550]    __FlashOp=0x00000000
[19:58:33.550]    __Result=0x00000000
[19:58:33.550]  </debugvars>
[19:58:33.550]  
[19:58:33.550]  <sequence name="DebugPortSetup" Pname="" disable="false" info="">
[19:58:33.550]    <block atomic="false" info="">
[19:58:33.550]      __var isSWJ      = ((__protocol & 0x00010000) != 0);
[19:58:33.550]        // -> [isSWJ <= 0x00000001]
[19:58:33.550]      __var hasDormant = __protocol & 0x00020000;
[19:58:33.550]        // -> [hasDormant <= 0x00000000]
[19:58:33.550]      __var protType   = __protocol & 0x0000FFFF;
[19:58:33.550]        // -> [protType <= 0x00000002]
[19:58:33.550]    </block>
[19:58:33.550]    <control if="protType == 1" while="" timeout="0" info="">
[19:58:33.550]      // if-block "protType == 1"
[19:58:33.550]        // =>  FALSE
[19:58:33.550]      // skip if-block "protType == 1"
[19:58:33.550]    </control>
[19:58:33.550]    <control if="protType == 2" while="" timeout="0" info="">
[19:58:33.550]      // if-block "protType == 2"
[19:58:33.550]        // =>  TRUE
[19:58:33.550]      <control if="isSWJ" while="" timeout="0" info="">
[19:58:33.550]        // if-block "isSWJ"
[19:58:33.550]          // =>  TRUE
[19:58:33.550]        <control if="hasDormant" while="" timeout="0" info="">
[19:58:33.550]          // if-block "hasDormant"
[19:58:33.550]            // =>  FALSE
[19:58:33.550]          // skip if-block "hasDormant"
[19:58:33.550]        </control>
[19:58:33.550]        <control if="!hasDormant" while="" timeout="0" info="">
[19:58:33.550]          // if-block "!hasDormant"
[19:58:33.550]            // =>  TRUE
[19:58:33.550]          <block atomic="false" info="">
[19:58:33.550]            DAP_SWJ_Sequence(51, 0x0007FFFFFFFFFFFF); //lets put the JTAG line in a reset state
[19:58:33.550]              // -> [DAP_SWJ_Sequence(51, 0x0007FFFFFFFFFFFF)]
[19:58:33.550]            DAP_SWJ_Sequence(16,0xE73C); //SWD to JTAG, this is to ensure the state machine is initialized
[19:58:33.557]              // -> [DAP_SWJ_Sequence(16, 0x000000000000E73C)]
[19:58:33.557]            DAP_SWJ_Sequence(51, 0x0007FFFFFFFFFFFF); //Put it back in reset
[19:58:33.560]              // -> [DAP_SWJ_Sequence(51, 0x0007FFFFFFFFFFFF)]
[19:58:33.560]            DAP_SWJ_Sequence(16, 0xE79E); //JTAG to SWD switch
[19:58:33.560]              // -> [DAP_SWJ_Sequence(16, 0x000000000000E79E)]
[19:58:33.560]            DAP_SWJ_Sequence(51, 0x0007FFFFFFFFFFFF);  //Ensure the switch is successful 
[19:58:33.560]              // -> [DAP_SWJ_Sequence(51, 0x0007FFFFFFFFFFFF)]
[19:58:33.560]            DAP_SWJ_Sequence(7,  0x00); //Give the line some time to initialize
[19:58:33.560]              // -> [DAP_SWJ_Sequence(7, 0x0000000000000000)]
[19:58:33.560]          </block>
[19:58:33.560]          // end if-block "!hasDormant"
[19:58:33.560]        </control>
[19:58:33.560]        // end if-block "isSWJ"
[19:58:33.560]      </control>
[19:58:33.560]      <control if="!isSWJ" while="" timeout="0" info="">
[19:58:33.560]        // if-block "!isSWJ"
[19:58:33.560]          // =>  FALSE
[19:58:33.560]        // skip if-block "!isSWJ"
[19:58:33.560]      </control>
[19:58:33.567]      <block atomic="false" info="">
[19:58:33.567]        ReadDP(0x0);
[19:58:33.567]          // -> [ReadDP(0x00000000) => 0x6BA02477]   (__dp=0x00000000)
[19:58:33.569]      </block>
[19:58:33.569]      // end if-block "protType == 2"
[19:58:33.569]    </control>
[19:58:33.569]  </sequence>
[19:58:33.569]  
[19:58:33.572]  **********  Sequence "DebugPortStart"  (Context="Connect", Pname="", info="")
[19:58:33.572]  
[19:58:33.572]  <debugvars>
[19:58:33.572]    // Pre-defined
[19:58:33.572]    __protocol=0x00010002      (Protocol="SWD", SWJ-DP="True")
[19:58:33.572]    __connection=0x00000202    (Connection Type="Flash", Reset Type="System Reset")
[19:58:33.572]    __dp=0x00000000
[19:58:33.572]    __ap=0x00000000
[19:58:33.572]    __traceout=0x00000000      (Trace Disabled)
[19:58:33.572]    __errorcontrol=0x00000000  (Skip Errors="False")
[19:58:33.572]    __FlashAddr=0x00000000
[19:58:33.572]    __FlashLen=0x00000000
[19:58:33.572]    __FlashArg=0x00000000
[19:58:33.572]    __FlashOp=0x00000000
[19:58:33.572]    __Result=0x00000000
[19:58:33.572]  </debugvars>
[19:58:33.572]  
[19:58:33.572]  <sequence name="DebugPortStart" Pname="" disable="false" info="">
[19:58:33.572]    <block atomic="false" info="">
[19:58:33.572]      __var SW_DP_ABORT       = 0x0;
[19:58:33.572]        // -> [SW_DP_ABORT <= 0x00000000]
[19:58:33.572]      __var DP_CTRL_STAT      = 0x4;
[19:58:33.572]        // -> [DP_CTRL_STAT <= 0x00000004]
[19:58:33.572]      __var DP_SELECT         = 0x8;
[19:58:33.572]        // -> [DP_SELECT <= 0x00000008]
[19:58:33.572]      __var powered_down      = 0;
[19:58:33.572]        // -> [powered_down <= 0x00000000]
[19:58:33.572]      WriteDP(DP_SELECT, 0x00000000);
[19:58:33.576]        // -> [WriteDP(0x00000008, 0x00000000)]   (__dp=0x00000000)
[19:58:33.576]      powered_down = ((ReadDP(DP_CTRL_STAT) & 0xA0000000) != 0xA0000000);
[19:58:33.581]        // -> [ReadDP(0x00000004) => 0x00000040]   (__dp=0x00000000)
[19:58:33.581]        // -> [powered_down <= 0x00000001]
[19:58:33.581]    </block>
[19:58:33.581]    <control if="powered_down" while="" timeout="0" info="">
[19:58:33.581]      // if-block "powered_down"
[19:58:33.581]        // =>  TRUE
[19:58:33.581]      <block atomic="false" info="">
[19:58:33.581]        Message(0, "Debug/System power-up request sent");
[19:58:33.581]        WriteDP(DP_CTRL_STAT, 0x50000000);
[19:58:33.581]          // -> [WriteDP(0x00000004, 0x50000000)]   (__dp=0x00000000)
[19:58:33.581]      </block>
[19:58:33.581]      <control if="" while="(ReadDP(DP_CTRL_STAT) & 0xA0000000) != 0xA0000000" timeout="1000000" info="">
[19:58:33.581]        // while "(ReadDP(DP_CTRL_STAT) & 0xA0000000) != 0xA0000000"  (timeout="1000000")
[19:58:33.586]          // -> [ReadDP(0x00000004) => 0xF0000040]   (__dp=0x00000000)
[19:58:33.586]        // while-condition  =>  FALSE
[19:58:33.586]        // end while "(ReadDP(DP_CTRL_STAT) & 0xA0000000) != 0xA0000000"
[19:58:33.586]      </control>
[19:58:33.586]      <control if="(__protocol & 0xFFFF) == 1" while="" timeout="0" info="">
[19:58:33.586]        // if-block "(__protocol & 0xFFFF) == 1"
[19:58:33.586]          // =>  FALSE
[19:58:33.586]        // skip if-block "(__protocol & 0xFFFF) == 1"
[19:58:33.586]      </control>
[19:58:33.586]      <control if="(__protocol & 0xFFFF) == 2" while="" timeout="0" info="">
[19:58:33.586]        // if-block "(__protocol & 0xFFFF) == 2"
[19:58:33.586]          // =>  TRUE
[19:58:33.586]        <block atomic="false" info="">
[19:58:33.586]          Message(0, "executing SWD power up");
[19:58:33.586]          WriteDP(DP_CTRL_STAT, 0x50000F00);
[19:58:33.586]            // -> [WriteDP(0x00000004, 0x50000F00)]   (__dp=0x00000000)
[19:58:33.586]          WriteDP(SW_DP_ABORT, 0x0000001E);
[19:58:33.591]            // -> [WriteDP(0x00000000, 0x0000001E)]   (__dp=0x00000000)
[19:58:33.591]        </block>
[19:58:33.591]        // end if-block "(__protocol & 0xFFFF) == 2"
[19:58:33.591]      </control>
[19:58:33.591]      // end if-block "powered_down"
[19:58:33.591]    </control>
[19:58:33.591]    <block atomic="false" info="">
[19:58:33.591]      __var DEBUG_PORT_VAL    = 0;
[19:58:33.591]        // -> [DEBUG_PORT_VAL <= 0x00000000]
[19:58:33.591]      __var ACCESS_POINT_VAL  = 0;
[19:58:33.591]        // -> [ACCESS_POINT_VAL <= 0x00000000]
[19:58:33.591]      __ap = 1; 
[19:58:33.591]        // -> [__ap <= 0x00000001]
[19:58:33.591]      WriteAP(0x0C, 0x04); //lets use the mini pwr-ap as backup
[19:58:33.596]        // -> [WriteAP(0x0000000C, 0x00000004)]   (__dp=0x00000000, __ap=0x00000001)
[19:58:33.596]      __ap = 4;
[19:58:33.596]        // -> [__ap <= 0x00000004]
[19:58:33.596]      ACCESS_POINT_VAL = ReadAP(0x00);//Reading current state of access point
[19:58:33.601]        // -> [ReadAP(0x00000000) => 0x00080027]   (__dp=0x00000000, __ap=0x00000004)
[19:58:33.601]        // -> [ACCESS_POINT_VAL <= 0x00080027]
[19:58:33.601]      Message(0, "Current state of access point is: %x",ACCESS_POINT_VAL);
[19:58:33.601]    </block>
[19:58:33.601]    <block atomic="false" info="">
[19:58:33.601]      __var nReset = 0x80;
[19:58:33.601]        // -> [nReset <= 0x00000080]
[19:58:33.601]      __var canReadPins = 0;
[19:58:33.601]        // -> [canReadPins <= 0x00000000]
[19:58:33.601]      canReadPins = (DAP_SWJ_Pins(0x00, nReset, 0) != 0xFFFFFFFF);
[19:58:33.601]        // -> [DAP_SWJ_Pins(0x00, 0x80, 0) => 0x0F]   (Out: nRESET=0  =>  In: SWCLK/TCK=1, SWDIO/TMS=1, TDI=1, TDO=1, nTRST=0, nRESET=0)
[19:58:33.601]        // -> [canReadPins <= 0x00000001]
[19:58:33.601]    </block>
[19:58:33.601]    <control if="" while="1" timeout="200" info="">
[19:58:33.601]      // while "1"  (timeout="200")
[19:58:33.601]      // while-condition  =>  TRUE
[19:58:33.601]      // while "1"  (timeout="200")
[19:58:33.601]      // while-condition  =>  TRUE
[19:58:33.605]      // while "1"  (timeout="200")
[19:58:33.605]      // while  =>  TIMEOUT
[19:58:33.606]      // end while "1"
[19:58:33.606]    </control>
[19:58:33.606]    <control if="canReadPins" while="" timeout="0" info="">
[19:58:33.606]      // if-block "canReadPins"
[19:58:33.606]        // =>  TRUE
[19:58:33.606]      <control if="" while="(DAP_SWJ_Pins(nReset, nReset, 0) & nReset) == 0" timeout="1000000" info="">
[19:58:33.606]        // while "(DAP_SWJ_Pins(nReset, nReset, 0) & nReset) == 0"  (timeout="1000000")
[19:58:33.608]          // -> [DAP_SWJ_Pins(0x80, 0x80, 0) => 0x8F]   (Out: nRESET=1  =>  In: SWCLK/TCK=1, SWDIO/TMS=1, TDI=1, TDO=1, nTRST=0, nRESET=1)
[19:58:33.608]        // while-condition  =>  FALSE
[19:58:33.608]        // end while "(DAP_SWJ_Pins(nReset, nReset, 0) & nReset) == 0"
[19:58:33.608]      </control>
[19:58:33.608]      // end if-block "canReadPins"
[19:58:33.608]    </control>
[19:58:33.608]    <control if="!canReadPins" while="" timeout="0" info="">
[19:58:33.608]      // if-block "!canReadPins"
[19:58:33.608]        // =>  FALSE
[19:58:33.608]      // skip if-block "!canReadPins"
[19:58:33.608]    </control>
[19:58:33.608]    <control if="(ACCESS_POINT_VAL & 0x00E00000) == 0" while="" timeout="0" info="">
[19:58:33.608]      // if-block "(ACCESS_POINT_VAL & 0x00E00000) == 0"
[19:58:33.608]        // =>  TRUE
[19:58:33.608]      <block atomic="false" info="">
[19:58:33.608]        WriteAP(0x00, 0x190008);
[19:58:33.611]          // -> [WriteAP(0x00000000, 0x00190008)]   (__dp=0x00000000, __ap=0x00000004)
[19:58:33.611]        WriteAP(0xF0, 0x01);
[19:58:33.611]          // -> [WriteAP(0x000000F0, 0x00000001)]   (__dp=0x00000000, __ap=0x00000004)
[19:58:33.611]      </block>
[19:58:33.611]      // end if-block "(ACCESS_POINT_VAL & 0x00E00000) == 0"
[19:58:33.615]    </control>
[19:58:33.615]    <control if="(ACCESS_POINT_VAL & 0x00E00000) != 0" while="" timeout="0" info="">
[19:58:33.615]      // if-block "(ACCESS_POINT_VAL & 0x00E00000) != 0"
[19:58:33.615]        // =>  FALSE
[19:58:33.615]      // skip if-block "(ACCESS_POINT_VAL & 0x00E00000) != 0"
[19:58:33.615]    </control>
[19:58:33.615]    <block atomic="false" info="">
[19:58:33.615]      ACCESS_POINT_VAL = ReadAP(0x00);//Reading current state of access point
[19:58:33.615]        // -> [ReadAP(0x00000000) => 0x0079002F]   (__dp=0x00000000, __ap=0x00000004)
[19:58:33.615]        // -> [ACCESS_POINT_VAL <= 0x0079002F]
[19:58:33.615]      Message(0, "Current state of access point is: %x",ACCESS_POINT_VAL);
[19:58:33.615]      __ap = 0; //lets make sure we reset the access point selection
[19:58:33.615]        // -> [__ap <= 0x00000000]
[19:58:33.615]    </block>
[19:58:33.615]  </sequence>
[19:58:33.615]  
[19:58:33.637]  **********  Sequence "DebugDeviceUnlock"  (Context="Connect", Pname="", info="")
[19:58:33.637]  
[19:58:33.637]  <debugvars>
[19:58:33.637]    // Pre-defined
[19:58:33.637]    __protocol=0x00010002      (Protocol="SWD", SWJ-DP="True")
[19:58:33.637]    __connection=0x00000202    (Connection Type="Flash", Reset Type="System Reset")
[19:58:33.637]    __dp=0x00000000
[19:58:33.637]    __ap=0x00000000
[19:58:33.637]    __traceout=0x00000000      (Trace Disabled)
[19:58:33.637]    __errorcontrol=0x00000000  (Skip Errors="False")
[19:58:33.637]    __FlashAddr=0x00000000
[19:58:33.637]    __FlashLen=0x00000000
[19:58:33.637]    __FlashArg=0x00000000
[19:58:33.637]    __FlashOp=0x00000000
[19:58:33.637]    __Result=0x00000000
[19:58:33.637]  </debugvars>
[19:58:33.637]  
[19:58:33.637]  <sequence name="DebugDeviceUnlock" Pname="" disable="false" info="">
[19:58:33.637]    <block atomic="false" info="">
[19:58:33.637]      __var deviceID = 0;
[19:58:33.637]        // -> [deviceID <= 0x00000000]
[19:58:33.637]      __var version = 0;
[19:58:33.637]        // -> [version <= 0x00000000]
[19:58:33.637]      __var partNum = 0;
[19:58:33.637]        // -> [partNum <= 0x00000000]
[19:58:33.637]      __var manuf = 0;
[19:58:33.637]        // -> [manuf <= 0x00000000]
[19:58:33.637]      __var isMSPM0G1X0X_G3X0X = 0;
[19:58:33.637]        // -> [isMSPM0G1X0X_G3X0X <= 0x00000000]
[19:58:33.637]      __var isProduction = 0;
[19:58:33.637]        // -> [isProduction <= 0x00000000]
[19:58:33.641]      __var continueId = 0;
[19:58:33.641]        // -> [continueId <= 0x00000000]
[19:58:33.641]      deviceID =   Read32(0x41C40004);
[19:58:33.646]        // -> [Read32(0x41C40004) => 0x2BB8802F]   (__dp=0x00000000, __ap=0x00000000)
[19:58:33.646]        // -> [deviceID <= 0x2BB8802F]
[19:58:33.646]      version = deviceID >> 28;
[19:58:33.646]        // -> [version <= 0x00000002]
[19:58:33.646]      partNum = (deviceID & 0x0FFFF000) >> 12;
[19:58:33.646]        // -> [partNum <= 0x0000BB88]
[19:58:33.648]      manuf = (deviceID & 0x00000FFE) >> 1;
[19:58:33.648]        // -> [manuf <= 0x00000017]
[19:58:33.648]      isMSPM0G1X0X_G3X0X = (partNum == 0xBB88) && (manuf == 0x17);
[19:58:33.648]        // -> [isMSPM0G1X0X_G3X0X <= 0x00000001]
[19:58:33.648]      isProduction = (version > 0);
[19:58:33.648]        // -> [isProduction <= 0x00000001]
[19:58:33.648]    </block>
[19:58:33.648]    <control if="!isMSPM0G1X0X_G3X0X" while="" timeout="0" info="">
[19:58:33.648]      // if-block "!isMSPM0G1X0X_G3X0X"
[19:58:33.648]        // =>  FALSE
[19:58:33.648]      // skip if-block "!isMSPM0G1X0X_G3X0X"
[19:58:33.648]    </control>
[19:58:33.648]    <control if="continueId == 4" while="" timeout="0" info="">
[19:58:33.648]      // if-block "continueId == 4"
[19:58:33.648]        // =>  FALSE
[19:58:33.648]      // skip if-block "continueId == 4"
[19:58:33.648]    </control>
[19:58:33.648]    <control if="!isProduction" while="" timeout="0" info="">
[19:58:33.648]      // if-block "!isProduction"
[19:58:33.648]        // =>  FALSE
[19:58:33.648]      // skip if-block "!isProduction"
[19:58:33.648]    </control>
[19:58:33.648]  </sequence>
[19:58:33.648]  
[20:05:17.913]  **********  Sequence "DebugPortSetup"  (Context="Connect", Pname="", info="")
[20:05:17.913]  
[20:05:17.924]  <debugvars>
[20:05:17.924]    // Pre-defined
[20:05:17.924]    __protocol=0x00010002      (Protocol="SWD", SWJ-DP="True")
[20:05:17.924]    __connection=0x00000202    (Connection Type="Flash", Reset Type="System Reset")
[20:05:17.924]    __dp=0x00000000
[20:05:17.924]    __ap=0x00000000
[20:05:17.924]    __traceout=0x00000000      (Trace Disabled)
[20:05:17.924]    __errorcontrol=0x00000000  (Skip Errors="False")
[20:05:17.924]    __FlashAddr=0x00000000
[20:05:17.924]    __FlashLen=0x00000000
[20:05:17.924]    __FlashArg=0x00000000
[20:05:17.924]    __FlashOp=0x00000000
[20:05:17.924]    __Result=0x00000000
[20:05:17.924]  </debugvars>
[20:05:17.924]  
[20:05:17.924]  <sequence name="DebugPortSetup" Pname="" disable="false" info="">
[20:05:17.924]    <block atomic="false" info="">
[20:05:17.924]      __var isSWJ      = ((__protocol & 0x00010000) != 0);
[20:05:17.924]        // -> [isSWJ <= 0x00000001]
[20:05:17.924]      __var hasDormant = __protocol & 0x00020000;
[20:05:17.924]        // -> [hasDormant <= 0x00000000]
[20:05:17.924]      __var protType   = __protocol & 0x0000FFFF;
[20:05:17.924]        // -> [protType <= 0x00000002]
[20:05:17.924]    </block>
[20:05:17.924]    <control if="protType == 1" while="" timeout="0" info="">
[20:05:17.924]      // if-block "protType == 1"
[20:05:17.924]        // =>  FALSE
[20:05:17.924]      // skip if-block "protType == 1"
[20:05:17.924]    </control>
[20:05:17.924]    <control if="protType == 2" while="" timeout="0" info="">
[20:05:17.924]      // if-block "protType == 2"
[20:05:17.924]        // =>  TRUE
[20:05:17.924]      <control if="isSWJ" while="" timeout="0" info="">
[20:05:17.924]        // if-block "isSWJ"
[20:05:17.924]          // =>  TRUE
[20:05:17.924]        <control if="hasDormant" while="" timeout="0" info="">
[20:05:17.924]          // if-block "hasDormant"
[20:05:17.924]            // =>  FALSE
[20:05:17.924]          // skip if-block "hasDormant"
[20:05:17.924]        </control>
[20:05:17.924]        <control if="!hasDormant" while="" timeout="0" info="">
[20:05:17.924]          // if-block "!hasDormant"
[20:05:17.924]            // =>  TRUE
[20:05:17.924]          <block atomic="false" info="">
[20:05:17.924]            DAP_SWJ_Sequence(51, 0x0007FFFFFFFFFFFF); //lets put the JTAG line in a reset state
[20:05:17.930]              // -> [DAP_SWJ_Sequence(51, 0x0007FFFFFFFFFFFF)]
[20:05:17.930]            DAP_SWJ_Sequence(16,0xE73C); //SWD to JTAG, this is to ensure the state machine is initialized
[20:05:17.930]              // -> [DAP_SWJ_Sequence(16, 0x000000000000E73C)]
[20:05:17.930]            DAP_SWJ_Sequence(51, 0x0007FFFFFFFFFFFF); //Put it back in reset
[20:05:17.934]              // -> [DAP_SWJ_Sequence(51, 0x0007FFFFFFFFFFFF)]
[20:05:17.934]            DAP_SWJ_Sequence(16, 0xE79E); //JTAG to SWD switch
[20:05:17.934]              // -> [DAP_SWJ_Sequence(16, 0x000000000000E79E)]
[20:05:17.934]            DAP_SWJ_Sequence(51, 0x0007FFFFFFFFFFFF);  //Ensure the switch is successful 
[20:05:17.940]              // -> [DAP_SWJ_Sequence(51, 0x0007FFFFFFFFFFFF)]
[20:05:17.940]            DAP_SWJ_Sequence(7,  0x00); //Give the line some time to initialize
[20:05:17.943]              // -> [DAP_SWJ_Sequence(7, 0x0000000000000000)]
[20:05:17.943]          </block>
[20:05:17.943]          // end if-block "!hasDormant"
[20:05:17.943]        </control>
[20:05:17.943]        // end if-block "isSWJ"
[20:05:17.943]      </control>
[20:05:17.943]      <control if="!isSWJ" while="" timeout="0" info="">
[20:05:17.943]        // if-block "!isSWJ"
[20:05:17.943]          // =>  FALSE
[20:05:17.943]        // skip if-block "!isSWJ"
[20:05:17.943]      </control>
[20:05:17.943]      <block atomic="false" info="">
[20:05:17.944]        ReadDP(0x0);
[20:05:17.944]          // -> [ReadDP(0x00000000) => 0x6BA02477]   (__dp=0x00000000)
[20:05:17.944]      </block>
[20:05:17.944]      // end if-block "protType == 2"
[20:05:17.944]    </control>
[20:05:17.944]  </sequence>
[20:05:17.944]  
[20:05:17.950]  **********  Sequence "DebugPortStart"  (Context="Connect", Pname="", info="")
[20:05:17.950]  
[20:05:17.950]  <debugvars>
[20:05:17.950]    // Pre-defined
[20:05:17.950]    __protocol=0x00010002      (Protocol="SWD", SWJ-DP="True")
[20:05:17.950]    __connection=0x00000202    (Connection Type="Flash", Reset Type="System Reset")
[20:05:17.950]    __dp=0x00000000
[20:05:17.950]    __ap=0x00000000
[20:05:17.950]    __traceout=0x00000000      (Trace Disabled)
[20:05:17.950]    __errorcontrol=0x00000000  (Skip Errors="False")
[20:05:17.950]    __FlashAddr=0x00000000
[20:05:17.950]    __FlashLen=0x00000000
[20:05:17.950]    __FlashArg=0x00000000
[20:05:17.950]    __FlashOp=0x00000000
[20:05:17.950]    __Result=0x00000000
[20:05:17.950]  </debugvars>
[20:05:17.950]  
[20:05:17.950]  <sequence name="DebugPortStart" Pname="" disable="false" info="">
[20:05:17.950]    <block atomic="false" info="">
[20:05:17.950]      __var SW_DP_ABORT       = 0x0;
[20:05:17.950]        // -> [SW_DP_ABORT <= 0x00000000]
[20:05:17.950]      __var DP_CTRL_STAT      = 0x4;
[20:05:17.950]        // -> [DP_CTRL_STAT <= 0x00000004]
[20:05:17.950]      __var DP_SELECT         = 0x8;
[20:05:17.950]        // -> [DP_SELECT <= 0x00000008]
[20:05:17.950]      __var powered_down      = 0;
[20:05:17.950]        // -> [powered_down <= 0x00000000]
[20:05:17.950]      WriteDP(DP_SELECT, 0x00000000);
[20:05:17.955]        // -> [WriteDP(0x00000008, 0x00000000)]   (__dp=0x00000000)
[20:05:17.955]      powered_down = ((ReadDP(DP_CTRL_STAT) & 0xA0000000) != 0xA0000000);
[20:05:17.955]        // -> [ReadDP(0x00000004) => 0x00000040]   (__dp=0x00000000)
[20:05:17.955]        // -> [powered_down <= 0x00000001]
[20:05:17.955]    </block>
[20:05:17.955]    <control if="powered_down" while="" timeout="0" info="">
[20:05:17.955]      // if-block "powered_down"
[20:05:17.955]        // =>  TRUE
[20:05:17.955]      <block atomic="false" info="">
[20:05:17.955]        Message(0, "Debug/System power-up request sent");
[20:05:17.955]        WriteDP(DP_CTRL_STAT, 0x50000000);
[20:05:17.960]          // -> [WriteDP(0x00000004, 0x50000000)]   (__dp=0x00000000)
[20:05:17.960]      </block>
[20:05:17.960]      <control if="" while="(ReadDP(DP_CTRL_STAT) & 0xA0000000) != 0xA0000000" timeout="1000000" info="">
[20:05:17.960]        // while "(ReadDP(DP_CTRL_STAT) & 0xA0000000) != 0xA0000000"  (timeout="1000000")
[20:05:17.960]          // -> [ReadDP(0x00000004) => 0xF0000040]   (__dp=0x00000000)
[20:05:17.960]        // while-condition  =>  FALSE
[20:05:17.960]        // end while "(ReadDP(DP_CTRL_STAT) & 0xA0000000) != 0xA0000000"
[20:05:17.960]      </control>
[20:05:17.960]      <control if="(__protocol & 0xFFFF) == 1" while="" timeout="0" info="">
[20:05:17.960]        // if-block "(__protocol & 0xFFFF) == 1"
[20:05:17.960]          // =>  FALSE
[20:05:17.960]        // skip if-block "(__protocol & 0xFFFF) == 1"
[20:05:17.960]      </control>
[20:05:17.960]      <control if="(__protocol & 0xFFFF) == 2" while="" timeout="0" info="">
[20:05:17.960]        // if-block "(__protocol & 0xFFFF) == 2"
[20:05:17.960]          // =>  TRUE
[20:05:17.960]        <block atomic="false" info="">
[20:05:17.960]          Message(0, "executing SWD power up");
[20:05:17.960]          WriteDP(DP_CTRL_STAT, 0x50000F00);
[20:05:17.970]            // -> [WriteDP(0x00000004, 0x50000F00)]   (__dp=0x00000000)
[20:05:17.970]          WriteDP(SW_DP_ABORT, 0x0000001E);
[20:05:17.970]            // -> [WriteDP(0x00000000, 0x0000001E)]   (__dp=0x00000000)
[20:05:17.970]        </block>
[20:05:17.970]        // end if-block "(__protocol & 0xFFFF) == 2"
[20:05:17.970]      </control>
[20:05:17.970]      // end if-block "powered_down"
[20:05:17.970]    </control>
[20:05:17.970]    <block atomic="false" info="">
[20:05:17.970]      __var DEBUG_PORT_VAL    = 0;
[20:05:17.970]        // -> [DEBUG_PORT_VAL <= 0x00000000]
[20:05:17.970]      __var ACCESS_POINT_VAL  = 0;
[20:05:17.970]        // -> [ACCESS_POINT_VAL <= 0x00000000]
[20:05:17.970]      __ap = 1; 
[20:05:17.970]        // -> [__ap <= 0x00000001]
[20:05:17.970]      WriteAP(0x0C, 0x04); //lets use the mini pwr-ap as backup
[20:05:17.979]        // -> [WriteAP(0x0000000C, 0x00000004)]   (__dp=0x00000000, __ap=0x00000001)
[20:05:17.979]      __ap = 4;
[20:05:17.979]        // -> [__ap <= 0x00000004]
[20:05:17.979]      ACCESS_POINT_VAL = ReadAP(0x00);//Reading current state of access point
[20:05:17.982]        // -> [ReadAP(0x00000000) => 0x00080027]   (__dp=0x00000000, __ap=0x00000004)
[20:05:17.982]        // -> [ACCESS_POINT_VAL <= 0x00080027]
[20:05:17.982]      Message(0, "Current state of access point is: %x",ACCESS_POINT_VAL);
[20:05:17.984]    </block>
[20:05:17.984]    <block atomic="false" info="">
[20:05:17.984]      __var nReset = 0x80;
[20:05:17.984]        // -> [nReset <= 0x00000080]
[20:05:17.984]      __var canReadPins = 0;
[20:05:17.984]        // -> [canReadPins <= 0x00000000]
[20:05:17.984]      canReadPins = (DAP_SWJ_Pins(0x00, nReset, 0) != 0xFFFFFFFF);
[20:05:17.988]        // -> [DAP_SWJ_Pins(0x00, 0x80, 0) => 0x0F]   (Out: nRESET=0  =>  In: SWCLK/TCK=1, SWDIO/TMS=1, TDI=1, TDO=1, nTRST=0, nRESET=0)
[20:05:17.988]        // -> [canReadPins <= 0x00000001]
[20:05:17.988]    </block>
[20:05:17.988]    <control if="" while="1" timeout="200" info="">
[20:05:17.988]      // while "1"  (timeout="200")
[20:05:17.988]      // while-condition  =>  TRUE
[20:05:17.988]      // while "1"  (timeout="200")
[20:05:17.988]      // while-condition  =>  TRUE
[20:05:17.988]      // while "1"  (timeout="200")
[20:05:17.989]      // while-condition  =>  TRUE
[20:05:17.989]      // while "1"  (timeout="200")
[20:05:17.989]      // while-condition  =>  TRUE
[20:05:17.989]      // while "1"  (timeout="200")
[20:05:17.989]      // while-condition  =>  TRUE
[20:05:17.989]      // while "1"  (timeout="200")
[20:05:17.989]      // while-condition  =>  TRUE
[20:05:17.990]      // while "1"  (timeout="200")
[20:05:17.990]      // while-condition  =>  TRUE
[20:05:17.990]      // while "1"  (timeout="200")
[20:05:17.990]      // while-condition  =>  TRUE
[20:05:17.990]      // while "1"  (timeout="200")
[20:05:17.990]      // while-condition  =>  TRUE
[20:05:17.990]      // while "1"  (timeout="200")
[20:05:17.990]      // while-condition  =>  TRUE
[20:05:17.990]      // while "1"  (timeout="200")
[20:05:17.990]      // while-condition  =>  TRUE
[20:05:17.990]      // while "1"  (timeout="200")
[20:05:17.990]      // while-condition  =>  TRUE
[20:05:17.990]      // while "1"  (timeout="200")
[20:05:17.990]      // while-condition  =>  TRUE
[20:05:17.990]      // while "1"  (timeout="200")
[20:05:17.990]      // while-condition  =>  TRUE
[20:05:17.990]      // while "1"  (timeout="200")
[20:05:17.990]      // while-condition  =>  TRUE
[20:05:17.990]      // while "1"  (timeout="200")
[20:05:17.990]      // while-condition  =>  TRUE
[20:05:17.990]      // while "1"  (timeout="200")
[20:05:17.992]      // while-condition  =>  TRUE
[20:05:17.992]      // while "1"  (timeout="200")
[20:05:17.992]      // while-condition  =>  TRUE
[20:05:17.992]      // while "1"  (timeout="200")
[20:05:17.992]      // while-condition  =>  TRUE
[20:05:17.992]      // while "1"  (timeout="200")
[20:05:17.992]      // while-condition  =>  TRUE
[20:05:17.992]      // while "1"  (timeout="200")
[20:05:17.992]      // while-condition  =>  TRUE
[20:05:17.992]      // while "1"  (timeout="200")
[20:05:17.992]      // while-condition  =>  TRUE
[20:05:17.992]      // while "1"  (timeout="200")
[20:05:17.992]      // while-condition  =>  TRUE
[20:05:17.992]      // while "1"  (timeout="200")
[20:05:17.992]      // while-condition  =>  TRUE
[20:05:17.992]      // while "1"  (timeout="200")
[20:05:17.992]      // while-condition  =>  TRUE
[20:05:17.992]      // while "1"  (timeout="200")
[20:05:17.992]      // while-condition  =>  TRUE
[20:05:17.992]      // while "1"  (timeout="200")
[20:05:17.992]      // while-condition  =>  TRUE
[20:05:17.992]      // while "1"  (timeout="200")
[20:05:17.992]      // while-condition  =>  TRUE
[20:05:17.992]      // while "1"  (timeout="200")
[20:05:17.992]      // while-condition  =>  TRUE
[20:05:17.992]      // while "1"  (timeout="200")
[20:05:17.992]      // while-condition  =>  TRUE
[20:05:17.992]      // while "1"  (timeout="200")
[20:05:17.992]      // while-condition  =>  TRUE
[20:05:17.992]      // while "1"  (timeout="200")
[20:05:17.992]      // while-condition  =>  TRUE
[20:05:17.992]      // while "1"  (timeout="200")
[20:05:17.992]      // while-condition  =>  TRUE
[20:05:17.992]      // while "1"  (timeout="200")
[20:05:17.992]      // while-condition  =>  TRUE
[20:05:17.992]      // while "1"  (timeout="200")
[20:05:17.992]      // while-condition  =>  TRUE
[20:05:17.992]      // while "1"  (timeout="200")
[20:05:17.992]      // while-condition  =>  TRUE
[20:05:17.992]      // while "1"  (timeout="200")
[20:05:17.992]      // while-condition  =>  TRUE
[20:05:17.992]      // while "1"  (timeout="200")
[20:05:17.992]      // while-condition  =>  TRUE
[20:05:17.992]      // while "1"  (timeout="200")
[20:05:17.992]      // while-condition  =>  TRUE
[20:05:17.992]      // while "1"  (timeout="200")
[20:05:17.992]      // while-condition  =>  TRUE
[20:05:17.992]      // while "1"  (timeout="200")
[20:05:17.992]      // while-condition  =>  TRUE
[20:05:17.992]      // while "1"  (timeout="200")
[20:05:17.997]      // while-condition  =>  TRUE
[20:05:17.997]      // while "1"  (timeout="200")
[20:05:17.997]      // while  =>  TIMEOUT
[20:05:17.997]      // end while "1"
[20:05:17.997]    </control>
[20:05:17.997]    <control if="canReadPins" while="" timeout="0" info="">
[20:05:17.997]      // if-block "canReadPins"
[20:05:17.997]        // =>  TRUE
[20:05:17.997]      <control if="" while="(DAP_SWJ_Pins(nReset, nReset, 0) & nReset) == 0" timeout="1000000" info="">
[20:05:17.997]        // while "(DAP_SWJ_Pins(nReset, nReset, 0) & nReset) == 0"  (timeout="1000000")
[20:05:17.999]          // -> [DAP_SWJ_Pins(0x80, 0x80, 0) => 0x8F]   (Out: nRESET=1  =>  In: SWCLK/TCK=1, SWDIO/TMS=1, TDI=1, TDO=1, nTRST=0, nRESET=1)
[20:05:17.999]        // while-condition  =>  FALSE
[20:05:17.999]        // end while "(DAP_SWJ_Pins(nReset, nReset, 0) & nReset) == 0"
[20:05:17.999]      </control>
[20:05:17.999]      // end if-block "canReadPins"
[20:05:17.999]    </control>
[20:05:17.999]    <control if="!canReadPins" while="" timeout="0" info="">
[20:05:17.999]      // if-block "!canReadPins"
[20:05:18.000]        // =>  FALSE
[20:05:18.000]      // skip if-block "!canReadPins"
[20:05:18.000]    </control>
[20:05:18.000]    <control if="(ACCESS_POINT_VAL & 0x00E00000) == 0" while="" timeout="0" info="">
[20:05:18.000]      // if-block "(ACCESS_POINT_VAL & 0x00E00000) == 0"
[20:05:18.000]        // =>  TRUE
[20:05:18.000]      <block atomic="false" info="">
[20:05:18.000]        WriteAP(0x00, 0x190008);
[20:05:18.000]          // -> [WriteAP(0x00000000, 0x00190008)]   (__dp=0x00000000, __ap=0x00000004)
[20:05:18.000]        WriteAP(0xF0, 0x01);
[20:05:18.000]          // -> [WriteAP(0x000000F0, 0x00000001)]   (__dp=0x00000000, __ap=0x00000004)
[20:05:18.000]      </block>
[20:05:18.000]      // end if-block "(ACCESS_POINT_VAL & 0x00E00000) == 0"
[20:05:18.000]    </control>
[20:05:18.000]    <control if="(ACCESS_POINT_VAL & 0x00E00000) != 0" while="" timeout="0" info="">
[20:05:18.000]      // if-block "(ACCESS_POINT_VAL & 0x00E00000) != 0"
[20:05:18.000]        // =>  FALSE
[20:05:18.000]      // skip if-block "(ACCESS_POINT_VAL & 0x00E00000) != 0"
[20:05:18.000]    </control>
[20:05:18.000]    <block atomic="false" info="">
[20:05:18.000]      ACCESS_POINT_VAL = ReadAP(0x00);//Reading current state of access point
[20:05:18.010]        // -> [ReadAP(0x00000000) => 0x0079002F]   (__dp=0x00000000, __ap=0x00000004)
[20:05:18.010]        // -> [ACCESS_POINT_VAL <= 0x0079002F]
[20:05:18.010]      Message(0, "Current state of access point is: %x",ACCESS_POINT_VAL);
[20:05:18.010]      __ap = 0; //lets make sure we reset the access point selection
[20:05:18.010]        // -> [__ap <= 0x00000000]
[20:05:18.010]    </block>
[20:05:18.010]  </sequence>
[20:05:18.010]  
[20:05:18.030]  **********  Sequence "DebugDeviceUnlock"  (Context="Connect", Pname="", info="")
[20:05:18.030]  
[20:05:18.030]  <debugvars>
[20:05:18.030]    // Pre-defined
[20:05:18.030]    __protocol=0x00010002      (Protocol="SWD", SWJ-DP="True")
[20:05:18.030]    __connection=0x00000202    (Connection Type="Flash", Reset Type="System Reset")
[20:05:18.030]    __dp=0x00000000
[20:05:18.030]    __ap=0x00000000
[20:05:18.030]    __traceout=0x00000000      (Trace Disabled)
[20:05:18.030]    __errorcontrol=0x00000000  (Skip Errors="False")
[20:05:18.030]    __FlashAddr=0x00000000
[20:05:18.030]    __FlashLen=0x00000000
[20:05:18.030]    __FlashArg=0x00000000
[20:05:18.030]    __FlashOp=0x00000000
[20:05:18.030]    __Result=0x00000000
[20:05:18.030]  </debugvars>
[20:05:18.030]  
[20:05:18.030]  <sequence name="DebugDeviceUnlock" Pname="" disable="false" info="">
[20:05:18.030]    <block atomic="false" info="">
[20:05:18.030]      __var deviceID = 0;
[20:05:18.030]        // -> [deviceID <= 0x00000000]
[20:05:18.030]      __var version = 0;
[20:05:18.030]        // -> [version <= 0x00000000]
[20:05:18.030]      __var partNum = 0;
[20:05:18.030]        // -> [partNum <= 0x00000000]
[20:05:18.030]      __var manuf = 0;
[20:05:18.030]        // -> [manuf <= 0x00000000]
[20:05:18.030]      __var isMSPM0G1X0X_G3X0X = 0;
[20:05:18.030]        // -> [isMSPM0G1X0X_G3X0X <= 0x00000000]
[20:05:18.030]      __var isProduction = 0;
[20:05:18.030]        // -> [isProduction <= 0x00000000]
[20:05:18.030]      __var continueId = 0;
[20:05:18.030]        // -> [continueId <= 0x00000000]
[20:05:18.030]      deviceID =   Read32(0x41C40004);
[20:05:18.040]        // -> [Read32(0x41C40004) => 0x2BB8802F]   (__dp=0x00000000, __ap=0x00000000)
[20:05:18.040]        // -> [deviceID <= 0x2BB8802F]
[20:05:18.040]      version = deviceID >> 28;
[20:05:18.040]        // -> [version <= 0x00000002]
[20:05:18.040]      partNum = (deviceID & 0x0FFFF000) >> 12;
[20:05:18.040]        // -> [partNum <= 0x0000BB88]
[20:05:18.040]      manuf = (deviceID & 0x00000FFE) >> 1;
[20:05:18.040]        // -> [manuf <= 0x00000017]
[20:05:18.040]      isMSPM0G1X0X_G3X0X = (partNum == 0xBB88) && (manuf == 0x17);
[20:05:18.040]        // -> [isMSPM0G1X0X_G3X0X <= 0x00000001]
[20:05:18.040]      isProduction = (version > 0);
[20:05:18.040]        // -> [isProduction <= 0x00000001]
[20:05:18.040]    </block>
[20:05:18.040]    <control if="!isMSPM0G1X0X_G3X0X" while="" timeout="0" info="">
[20:05:18.040]      // if-block "!isMSPM0G1X0X_G3X0X"
[20:05:18.040]        // =>  FALSE
[20:05:18.040]      // skip if-block "!isMSPM0G1X0X_G3X0X"
[20:05:18.040]    </control>
[20:05:18.040]    <control if="continueId == 4" while="" timeout="0" info="">
[20:05:18.040]      // if-block "continueId == 4"
[20:05:18.040]        // =>  FALSE
[20:05:18.040]      // skip if-block "continueId == 4"
[20:05:18.040]    </control>
[20:05:18.040]    <control if="!isProduction" while="" timeout="0" info="">
[20:05:18.040]      // if-block "!isProduction"
[20:05:18.040]        // =>  FALSE
[20:05:18.040]      // skip if-block "!isProduction"
[20:05:18.040]    </control>
[20:05:18.040]  </sequence>
[20:05:18.040]  
[20:06:06.845]  **********  Sequence "DebugPortSetup"  (Context="Connect", Pname="", info="")
[20:06:06.845]  
[20:06:06.845]  <debugvars>
[20:06:06.845]    // Pre-defined
[20:06:06.851]    __protocol=0x00010002      (Protocol="SWD", SWJ-DP="True")
[20:06:06.851]    __connection=0x00000202    (Connection Type="Flash", Reset Type="System Reset")
[20:06:06.851]    __dp=0x00000000
[20:06:06.851]    __ap=0x00000000
[20:06:06.851]    __traceout=0x00000000      (Trace Disabled)
[20:06:06.851]    __errorcontrol=0x00000000  (Skip Errors="False")
[20:06:06.851]    __FlashAddr=0x00000000
[20:06:06.851]    __FlashLen=0x00000000
[20:06:06.851]    __FlashArg=0x00000000
[20:06:06.851]    __FlashOp=0x00000000
[20:06:06.851]    __Result=0x00000000
[20:06:06.851]  </debugvars>
[20:06:06.851]  
[20:06:06.851]  <sequence name="DebugPortSetup" Pname="" disable="false" info="">
[20:06:06.851]    <block atomic="false" info="">
[20:06:06.851]      __var isSWJ      = ((__protocol & 0x00010000) != 0);
[20:06:06.851]        // -> [isSWJ <= 0x00000001]
[20:06:06.851]      __var hasDormant = __protocol & 0x00020000;
[20:06:06.851]        // -> [hasDormant <= 0x00000000]
[20:06:06.851]      __var protType   = __protocol & 0x0000FFFF;
[20:06:06.853]        // -> [protType <= 0x00000002]
[20:06:06.853]    </block>
[20:06:06.853]    <control if="protType == 1" while="" timeout="0" info="">
[20:06:06.853]      // if-block "protType == 1"
[20:06:06.853]        // =>  FALSE
[20:06:06.853]      // skip if-block "protType == 1"
[20:06:06.853]    </control>
[20:06:06.853]    <control if="protType == 2" while="" timeout="0" info="">
[20:06:06.853]      // if-block "protType == 2"
[20:06:06.853]        // =>  TRUE
[20:06:06.853]      <control if="isSWJ" while="" timeout="0" info="">
[20:06:06.853]        // if-block "isSWJ"
[20:06:06.853]          // =>  TRUE
[20:06:06.853]        <control if="hasDormant" while="" timeout="0" info="">
[20:06:06.853]          // if-block "hasDormant"
[20:06:06.853]            // =>  FALSE
[20:06:06.853]          // skip if-block "hasDormant"
[20:06:06.853]        </control>
[20:06:06.853]        <control if="!hasDormant" while="" timeout="0" info="">
[20:06:06.853]          // if-block "!hasDormant"
[20:06:06.853]            // =>  TRUE
[20:06:06.855]          <block atomic="false" info="">
[20:06:06.855]            DAP_SWJ_Sequence(51, 0x0007FFFFFFFFFFFF); //lets put the JTAG line in a reset state
[20:06:06.857]              // -> [DAP_SWJ_Sequence(51, 0x0007FFFFFFFFFFFF)]
[20:06:06.857]            DAP_SWJ_Sequence(16,0xE73C); //SWD to JTAG, this is to ensure the state machine is initialized
[20:06:06.859]              // -> [DAP_SWJ_Sequence(16, 0x000000000000E73C)]
[20:06:06.859]            DAP_SWJ_Sequence(51, 0x0007FFFFFFFFFFFF); //Put it back in reset
[20:06:06.859]              // -> [DAP_SWJ_Sequence(51, 0x0007FFFFFFFFFFFF)]
[20:06:06.859]            DAP_SWJ_Sequence(16, 0xE79E); //JTAG to SWD switch
[20:06:06.859]              // -> [DAP_SWJ_Sequence(16, 0x000000000000E79E)]
[20:06:06.859]            DAP_SWJ_Sequence(51, 0x0007FFFFFFFFFFFF);  //Ensure the switch is successful 
[20:06:06.865]              // -> [DAP_SWJ_Sequence(51, 0x0007FFFFFFFFFFFF)]
[20:06:06.865]            DAP_SWJ_Sequence(7,  0x00); //Give the line some time to initialize
[20:06:06.867]              // -> [DAP_SWJ_Sequence(7, 0x0000000000000000)]
[20:06:06.867]          </block>
[20:06:06.867]          // end if-block "!hasDormant"
[20:06:06.867]        </control>
[20:06:06.867]        // end if-block "isSWJ"
[20:06:06.867]      </control>
[20:06:06.867]      <control if="!isSWJ" while="" timeout="0" info="">
[20:06:06.867]        // if-block "!isSWJ"
[20:06:06.867]          // =>  FALSE
[20:06:06.867]        // skip if-block "!isSWJ"
[20:06:06.867]      </control>
[20:06:06.867]      <block atomic="false" info="">
[20:06:06.867]        ReadDP(0x0);
[20:06:06.869]          // -> [ReadDP(0x00000000) => 0x6BA02477]   (__dp=0x00000000)
[20:06:06.869]      </block>
[20:06:06.869]      // end if-block "protType == 2"
[20:06:06.871]    </control>
[20:06:06.871]  </sequence>
[20:06:06.871]  
[20:06:06.874]  **********  Sequence "DebugPortStart"  (Context="Connect", Pname="", info="")
[20:06:06.874]  
[20:06:06.874]  <debugvars>
[20:06:06.874]    // Pre-defined
[20:06:06.875]    __protocol=0x00010002      (Protocol="SWD", SWJ-DP="True")
[20:06:06.875]    __connection=0x00000202    (Connection Type="Flash", Reset Type="System Reset")
[20:06:06.875]    __dp=0x00000000
[20:06:06.875]    __ap=0x00000000
[20:06:06.875]    __traceout=0x00000000      (Trace Disabled)
[20:06:06.875]    __errorcontrol=0x00000000  (Skip Errors="False")
[20:06:06.875]    __FlashAddr=0x00000000
[20:06:06.875]    __FlashLen=0x00000000
[20:06:06.875]    __FlashArg=0x00000000
[20:06:06.875]    __FlashOp=0x00000000
[20:06:06.875]    __Result=0x00000000
[20:06:06.875]  </debugvars>
[20:06:06.875]  
[20:06:06.875]  <sequence name="DebugPortStart" Pname="" disable="false" info="">
[20:06:06.875]    <block atomic="false" info="">
[20:06:06.875]      __var SW_DP_ABORT       = 0x0;
[20:06:06.875]        // -> [SW_DP_ABORT <= 0x00000000]
[20:06:06.875]      __var DP_CTRL_STAT      = 0x4;
[20:06:06.875]        // -> [DP_CTRL_STAT <= 0x00000004]
[20:06:06.875]      __var DP_SELECT         = 0x8;
[20:06:06.875]        // -> [DP_SELECT <= 0x00000008]
[20:06:06.875]      __var powered_down      = 0;
[20:06:06.875]        // -> [powered_down <= 0x00000000]
[20:06:06.875]      WriteDP(DP_SELECT, 0x00000000);
[20:06:06.875]        // -> [WriteDP(0x00000008, 0x00000000)]   (__dp=0x00000000)
[20:06:06.875]      powered_down = ((ReadDP(DP_CTRL_STAT) & 0xA0000000) != 0xA0000000);
[20:06:06.875]        // -> [ReadDP(0x00000004) => 0x00000040]   (__dp=0x00000000)
[20:06:06.875]        // -> [powered_down <= 0x00000001]
[20:06:06.875]    </block>
[20:06:06.875]    <control if="powered_down" while="" timeout="0" info="">
[20:06:06.875]      // if-block "powered_down"
[20:06:06.875]        // =>  TRUE
[20:06:06.875]      <block atomic="false" info="">
[20:06:06.875]        Message(0, "Debug/System power-up request sent");
[20:06:06.875]        WriteDP(DP_CTRL_STAT, 0x50000000);
[20:06:06.885]          // -> [WriteDP(0x00000004, 0x50000000)]   (__dp=0x00000000)
[20:06:06.885]      </block>
[20:06:06.885]      <control if="" while="(ReadDP(DP_CTRL_STAT) & 0xA0000000) != 0xA0000000" timeout="1000000" info="">
[20:06:06.885]        // while "(ReadDP(DP_CTRL_STAT) & 0xA0000000) != 0xA0000000"  (timeout="1000000")
[20:06:06.885]          // -> [ReadDP(0x00000004) => 0xF0000040]   (__dp=0x00000000)
[20:06:06.885]        // while-condition  =>  FALSE
[20:06:06.885]        // end while "(ReadDP(DP_CTRL_STAT) & 0xA0000000) != 0xA0000000"
[20:06:06.885]      </control>
[20:06:06.885]      <control if="(__protocol & 0xFFFF) == 1" while="" timeout="0" info="">
[20:06:06.885]        // if-block "(__protocol & 0xFFFF) == 1"
[20:06:06.885]          // =>  FALSE
[20:06:06.885]        // skip if-block "(__protocol & 0xFFFF) == 1"
[20:06:06.885]      </control>
[20:06:06.885]      <control if="(__protocol & 0xFFFF) == 2" while="" timeout="0" info="">
[20:06:06.885]        // if-block "(__protocol & 0xFFFF) == 2"
[20:06:06.885]          // =>  TRUE
[20:06:06.885]        <block atomic="false" info="">
[20:06:06.885]          Message(0, "executing SWD power up");
[20:06:06.889]          WriteDP(DP_CTRL_STAT, 0x50000F00);
[20:06:06.891]            // -> [WriteDP(0x00000004, 0x50000F00)]   (__dp=0x00000000)
[20:06:06.891]          WriteDP(SW_DP_ABORT, 0x0000001E);
[20:06:06.893]            // -> [WriteDP(0x00000000, 0x0000001E)]   (__dp=0x00000000)
[20:06:06.893]        </block>
[20:06:06.893]        // end if-block "(__protocol & 0xFFFF) == 2"
[20:06:06.893]      </control>
[20:06:06.895]      // end if-block "powered_down"
[20:06:06.895]    </control>
[20:06:06.895]    <block atomic="false" info="">
[20:06:06.895]      __var DEBUG_PORT_VAL    = 0;
[20:06:06.895]        // -> [DEBUG_PORT_VAL <= 0x00000000]
[20:06:06.895]      __var ACCESS_POINT_VAL  = 0;
[20:06:06.895]        // -> [ACCESS_POINT_VAL <= 0x00000000]
[20:06:06.895]      __ap = 1; 
[20:06:06.895]        // -> [__ap <= 0x00000001]
[20:06:06.895]      WriteAP(0x0C, 0x04); //lets use the mini pwr-ap as backup
[20:06:06.895]        // -> [WriteAP(0x0000000C, 0x00000004)]   (__dp=0x00000000, __ap=0x00000001)
[20:06:06.895]      __ap = 4;
[20:06:06.895]        // -> [__ap <= 0x00000004]
[20:06:06.895]      ACCESS_POINT_VAL = ReadAP(0x00);//Reading current state of access point
[20:06:06.895]        // -> [ReadAP(0x00000000) => 0x00080027]   (__dp=0x00000000, __ap=0x00000004)
[20:06:06.895]        // -> [ACCESS_POINT_VAL <= 0x00080027]
[20:06:06.895]      Message(0, "Current state of access point is: %x",ACCESS_POINT_VAL);
[20:06:06.905]    </block>
[20:06:06.905]    <block atomic="false" info="">
[20:06:06.905]      __var nReset = 0x80;
[20:06:06.905]        // -> [nReset <= 0x00000080]
[20:06:06.905]      __var canReadPins = 0;
[20:06:06.905]        // -> [canReadPins <= 0x00000000]
[20:06:06.905]      canReadPins = (DAP_SWJ_Pins(0x00, nReset, 0) != 0xFFFFFFFF);
[20:06:06.905]        // -> [DAP_SWJ_Pins(0x00, 0x80, 0) => 0x0F]   (Out: nRESET=0  =>  In: SWCLK/TCK=1, SWDIO/TMS=1, TDI=1, TDO=1, nTRST=0, nRESET=0)
[20:06:06.905]        // -> [canReadPins <= 0x00000001]
[20:06:06.905]    </block>
[20:06:06.905]    <control if="" while="1" timeout="200" info="">
[20:06:06.905]      // while "1"  (timeout="200")
[20:06:06.905]      // while-condition  =>  TRUE
[20:06:06.905]      // while "1"  (timeout="200")
[20:06:06.905]      // while-condition  =>  TRUE
[20:06:06.905]      // while "1"  (timeout="200")
[20:06:06.905]      // while-condition  =>  TRUE
[20:06:06.905]      // while "1"  (timeout="200")
[20:06:06.905]      // while-condition  =>  TRUE
[20:06:06.905]      // while "1"  (timeout="200")
[20:06:06.905]      // while-condition  =>  TRUE
[20:06:06.905]      // while "1"  (timeout="200")
[20:06:06.905]      // while-condition  =>  TRUE
[20:06:06.905]      // while "1"  (timeout="200")
[20:06:06.905]      // while-condition  =>  TRUE
[20:06:06.905]      // while "1"  (timeout="200")
[20:06:06.905]      // while-condition  =>  TRUE
[20:06:06.905]      // while "1"  (timeout="200")
[20:06:06.905]      // while-condition  =>  TRUE
[20:06:06.905]      // while "1"  (timeout="200")
[20:06:06.905]      // while-condition  =>  TRUE
[20:06:06.905]      // while "1"  (timeout="200")
[20:06:06.905]      // while-condition  =>  TRUE
[20:06:06.905]      // while "1"  (timeout="200")
[20:06:06.905]      // while-condition  =>  TRUE
[20:06:06.905]      // while "1"  (timeout="200")
[20:06:06.905]      // while-condition  =>  TRUE
[20:06:06.905]      // while "1"  (timeout="200")
[20:06:06.905]      // while-condition  =>  TRUE
[20:06:06.905]      // while "1"  (timeout="200")
[20:06:06.905]      // while-condition  =>  TRUE
[20:06:06.905]      // while "1"  (timeout="200")
[20:06:06.905]      // while-condition  =>  TRUE
[20:06:06.905]      // while "1"  (timeout="200")
[20:06:06.905]      // while-condition  =>  TRUE
[20:06:06.905]      // while "1"  (timeout="200")
[20:06:06.905]      // while-condition  =>  TRUE
[20:06:06.905]      // while "1"  (timeout="200")
[20:06:06.905]      // while-condition  =>  TRUE
[20:06:06.905]      // while "1"  (timeout="200")
[20:06:06.905]      // while-condition  =>  TRUE
[20:06:06.905]      // while "1"  (timeout="200")
[20:06:06.905]      // while-condition  =>  TRUE
[20:06:06.905]      // while "1"  (timeout="200")
[20:06:06.905]      // while-condition  =>  TRUE
[20:06:06.905]      // while "1"  (timeout="200")
[20:06:06.905]      // while-condition  =>  TRUE
[20:06:06.905]      // while "1"  (timeout="200")
[20:06:06.905]      // while-condition  =>  TRUE
[20:06:06.905]      // while "1"  (timeout="200")
[20:06:06.905]      // while-condition  =>  TRUE
[20:06:06.905]      // while "1"  (timeout="200")
[20:06:06.905]      // while-condition  =>  TRUE
[20:06:06.905]      // while "1"  (timeout="200")
[20:06:06.905]      // while-condition  =>  TRUE
[20:06:06.905]      // while "1"  (timeout="200")
[20:06:06.905]      // while-condition  =>  TRUE
[20:06:06.905]      // while "1"  (timeout="200")
[20:06:06.905]      // while-condition  =>  TRUE
[20:06:06.905]      // while "1"  (timeout="200")
[20:06:06.905]      // while-condition  =>  TRUE
[20:06:06.905]      // while "1"  (timeout="200")
[20:06:06.905]      // while-condition  =>  TRUE
[20:06:06.905]      // while "1"  (timeout="200")
[20:06:06.905]      // while-condition  =>  TRUE
[20:06:06.905]      // while "1"  (timeout="200")
[20:06:06.905]      // while-condition  =>  TRUE
[20:06:06.905]      // while "1"  (timeout="200")
[20:06:06.905]      // while-condition  =>  TRUE
[20:06:06.905]      // while "1"  (timeout="200")
[20:06:06.905]      // while-condition  =>  TRUE
[20:06:06.905]      // while "1"  (timeout="200")
[20:06:06.905]      // while-condition  =>  TRUE
[20:06:06.905]      // while "1"  (timeout="200")
[20:06:06.905]      // while-condition  =>  TRUE
[20:06:06.905]      // while "1"  (timeout="200")
[20:06:06.905]      // while-condition  =>  TRUE
[20:06:06.905]      // while "1"  (timeout="200")
[20:06:06.905]      // while-condition  =>  TRUE
[20:06:06.905]      // while "1"  (timeout="200")
[20:06:06.905]      // while-condition  =>  TRUE
[20:06:06.905]      // while "1"  (timeout="200")
[20:06:06.905]      // while-condition  =>  TRUE
[20:06:06.905]      // while "1"  (timeout="200")
[20:06:06.905]      // while-condition  =>  TRUE
[20:06:06.905]      // while "1"  (timeout="200")
[20:06:06.905]      // while-condition  =>  TRUE
[20:06:06.905]      // while "1"  (timeout="200")
[20:06:06.905]      // while-condition  =>  TRUE
[20:06:06.905]      // while "1"  (timeout="200")
[20:06:06.905]      // while-condition  =>  TRUE
[20:06:06.905]      // while "1"  (timeout="200")
[20:06:06.905]      // while-condition  =>  TRUE
[20:06:06.905]      // while "1"  (timeout="200")
[20:06:06.905]      // while-condition  =>  TRUE
[20:06:06.905]      // while "1"  (timeout="200")
[20:06:06.905]      // while-condition  =>  TRUE
[20:06:06.915]      // while "1"  (timeout="200")
[20:06:06.915]      // while-condition  =>  TRUE
[20:06:06.915]      // while "1"  (timeout="200")
[20:06:06.915]      // while-condition  =>  TRUE
[20:06:06.915]      // while "1"  (timeout="200")
[20:06:06.915]      // while-condition  =>  TRUE
[20:06:06.915]      // while "1"  (timeout="200")
[20:06:06.915]      // while-condition  =>  TRUE
[20:06:06.915]      // while "1"  (timeout="200")
[20:06:06.915]      // while-condition  =>  TRUE
[20:06:06.915]      // while "1"  (timeout="200")
[20:06:06.915]      // while-condition  =>  TRUE
[20:06:06.915]      // while "1"  (timeout="200")
[20:06:06.915]      // while-condition  =>  TRUE
[20:06:06.915]      // while "1"  (timeout="200")
[20:06:06.915]      // while-condition  =>  TRUE
[20:06:06.915]      // while "1"  (timeout="200")
[20:06:06.915]      // while-condition  =>  TRUE
[20:06:06.915]      // while "1"  (timeout="200")
[20:06:06.915]      // while-condition  =>  TRUE
[20:06:06.915]      // while "1"  (timeout="200")
[20:06:06.915]      // while-condition  =>  TRUE
[20:06:06.915]      // while "1"  (timeout="200")
[20:06:06.915]      // while-condition  =>  TRUE
[20:06:06.915]      // while "1"  (timeout="200")
[20:06:06.915]      // while-condition  =>  TRUE
[20:06:06.915]      // while "1"  (timeout="200")
[20:06:06.915]      // while-condition  =>  TRUE
[20:06:06.915]      // while "1"  (timeout="200")
[20:06:06.915]      // while-condition  =>  TRUE
[20:06:06.915]      // while "1"  (timeout="200")
[20:06:06.915]      // while-condition  =>  TRUE
[20:06:06.915]      // while "1"  (timeout="200")
[20:06:06.915]      // while-condition  =>  TRUE
[20:06:06.915]      // while "1"  (timeout="200")
[20:06:06.915]      // while-condition  =>  TRUE
[20:06:06.915]      // while "1"  (timeout="200")
[20:06:06.915]      // while-condition  =>  TRUE
[20:06:06.915]      // while "1"  (timeout="200")
[20:06:06.915]      // while-condition  =>  TRUE
[20:06:06.915]      // while "1"  (timeout="200")
[20:06:06.918]      // while-condition  =>  TRUE
[20:06:06.918]      // while "1"  (timeout="200")
[20:06:06.918]      // while  =>  TIMEOUT
[20:06:06.918]      // end while "1"
[20:06:06.918]    </control>
[20:06:06.918]    <control if="canReadPins" while="" timeout="0" info="">
[20:06:06.918]      // if-block "canReadPins"
[20:06:06.918]        // =>  TRUE
[20:06:06.918]      <control if="" while="(DAP_SWJ_Pins(nReset, nReset, 0) & nReset) == 0" timeout="1000000" info="">
[20:06:06.918]        // while "(DAP_SWJ_Pins(nReset, nReset, 0) & nReset) == 0"  (timeout="1000000")
[20:06:06.920]          // -> [DAP_SWJ_Pins(0x80, 0x80, 0) => 0x8F]   (Out: nRESET=1  =>  In: SWCLK/TCK=1, SWDIO/TMS=1, TDI=1, TDO=1, nTRST=0, nRESET=1)
[20:06:06.920]        // while-condition  =>  FALSE
[20:06:06.920]        // end while "(DAP_SWJ_Pins(nReset, nReset, 0) & nReset) == 0"
[20:06:06.920]      </control>
[20:06:06.920]      // end if-block "canReadPins"
[20:06:06.920]    </control>
[20:06:06.920]    <control if="!canReadPins" while="" timeout="0" info="">
[20:06:06.920]      // if-block "!canReadPins"
[20:06:06.920]        // =>  FALSE
[20:06:06.920]      // skip if-block "!canReadPins"
[20:06:06.920]    </control>
[20:06:06.920]    <control if="(ACCESS_POINT_VAL & 0x00E00000) == 0" while="" timeout="0" info="">
[20:06:06.920]      // if-block "(ACCESS_POINT_VAL & 0x00E00000) == 0"
[20:06:06.920]        // =>  TRUE
[20:06:06.920]      <block atomic="false" info="">
[20:06:06.920]        WriteAP(0x00, 0x190008);
[20:06:06.924]          // -> [WriteAP(0x00000000, 0x00190008)]   (__dp=0x00000000, __ap=0x00000004)
[20:06:06.924]        WriteAP(0xF0, 0x01);
[20:06:06.927]          // -> [WriteAP(0x000000F0, 0x00000001)]   (__dp=0x00000000, __ap=0x00000004)
[20:06:06.927]      </block>
[20:06:06.927]      // end if-block "(ACCESS_POINT_VAL & 0x00E00000) == 0"
[20:06:06.927]    </control>
[20:06:06.927]    <control if="(ACCESS_POINT_VAL & 0x00E00000) != 0" while="" timeout="0" info="">
[20:06:06.927]      // if-block "(ACCESS_POINT_VAL & 0x00E00000) != 0"
[20:06:06.927]        // =>  FALSE
[20:06:06.927]      // skip if-block "(ACCESS_POINT_VAL & 0x00E00000) != 0"
[20:06:06.927]    </control>
[20:06:06.929]    <block atomic="false" info="">
[20:06:06.929]      ACCESS_POINT_VAL = ReadAP(0x00);//Reading current state of access point
[20:06:06.933]        // -> [ReadAP(0x00000000) => 0x0079002F]   (__dp=0x00000000, __ap=0x00000004)
[20:06:06.933]        // -> [ACCESS_POINT_VAL <= 0x0079002F]
[20:06:06.933]      Message(0, "Current state of access point is: %x",ACCESS_POINT_VAL);
[20:06:06.935]      __ap = 0; //lets make sure we reset the access point selection
[20:06:06.935]        // -> [__ap <= 0x00000000]
[20:06:06.935]    </block>
[20:06:06.935]  </sequence>
[20:06:06.935]  
[20:06:06.955]  **********  Sequence "DebugDeviceUnlock"  (Context="Connect", Pname="", info="")
[20:06:06.955]  
[20:06:06.955]  <debugvars>
[20:06:06.955]    // Pre-defined
[20:06:06.955]    __protocol=0x00010002      (Protocol="SWD", SWJ-DP="True")
[20:06:06.955]    __connection=0x00000202    (Connection Type="Flash", Reset Type="System Reset")
[20:06:06.955]    __dp=0x00000000
[20:06:06.955]    __ap=0x00000000
[20:06:06.955]    __traceout=0x00000000      (Trace Disabled)
[20:06:06.955]    __errorcontrol=0x00000000  (Skip Errors="False")
[20:06:06.955]    __FlashAddr=0x00000000
[20:06:06.955]    __FlashLen=0x00000000
[20:06:06.955]    __FlashArg=0x00000000
[20:06:06.955]    __FlashOp=0x00000000
[20:06:06.955]    __Result=0x00000000
[20:06:06.955]  </debugvars>
[20:06:06.955]  
[20:06:06.955]  <sequence name="DebugDeviceUnlock" Pname="" disable="false" info="">
[20:06:06.955]    <block atomic="false" info="">
[20:06:06.955]      __var deviceID = 0;
[20:06:06.955]        // -> [deviceID <= 0x00000000]
[20:06:06.955]      __var version = 0;
[20:06:06.955]        // -> [version <= 0x00000000]
[20:06:06.955]      __var partNum = 0;
[20:06:06.955]        // -> [partNum <= 0x00000000]
[20:06:06.955]      __var manuf = 0;
[20:06:06.955]        // -> [manuf <= 0x00000000]
[20:06:06.955]      __var isMSPM0G1X0X_G3X0X = 0;
[20:06:06.955]        // -> [isMSPM0G1X0X_G3X0X <= 0x00000000]
[20:06:06.955]      __var isProduction = 0;
[20:06:06.955]        // -> [isProduction <= 0x00000000]
[20:06:06.955]      __var continueId = 0;
[20:06:06.955]        // -> [continueId <= 0x00000000]
[20:06:06.955]      deviceID =   Read32(0x41C40004);
[20:06:06.965]        // -> [Read32(0x41C40004) => 0x2BB8802F]   (__dp=0x00000000, __ap=0x00000000)
[20:06:06.965]        // -> [deviceID <= 0x2BB8802F]
[20:06:06.966]      version = deviceID >> 28;
[20:06:06.966]        // -> [version <= 0x00000002]
[20:06:06.966]      partNum = (deviceID & 0x0FFFF000) >> 12;
[20:06:06.966]        // -> [partNum <= 0x0000BB88]
[20:06:06.966]      manuf = (deviceID & 0x00000FFE) >> 1;
[20:06:06.966]        // -> [manuf <= 0x00000017]
[20:06:06.966]      isMSPM0G1X0X_G3X0X = (partNum == 0xBB88) && (manuf == 0x17);
[20:06:06.966]        // -> [isMSPM0G1X0X_G3X0X <= 0x00000001]
[20:06:06.966]      isProduction = (version > 0);
[20:06:06.966]        // -> [isProduction <= 0x00000001]
[20:06:06.967]    </block>
[20:06:06.967]    <control if="!isMSPM0G1X0X_G3X0X" while="" timeout="0" info="">
[20:06:06.967]      // if-block "!isMSPM0G1X0X_G3X0X"
[20:06:06.967]        // =>  FALSE
[20:06:06.967]      // skip if-block "!isMSPM0G1X0X_G3X0X"
[20:06:06.967]    </control>
[20:06:06.967]    <control if="continueId == 4" while="" timeout="0" info="">
[20:06:06.967]      // if-block "continueId == 4"
[20:06:06.967]        // =>  FALSE
[20:06:06.967]      // skip if-block "continueId == 4"
[20:06:06.967]    </control>
[20:06:06.968]    <control if="!isProduction" while="" timeout="0" info="">
[20:06:06.968]      // if-block "!isProduction"
[20:06:06.968]        // =>  FALSE
[20:06:06.968]      // skip if-block "!isProduction"
[20:06:06.968]    </control>
[20:06:06.968]  </sequence>
[20:06:06.968]  
[20:14:24.042]  **********  Sequence "DebugPortSetup"  (Context="Connect", Pname="", info="")
[20:14:24.042]  
[20:14:24.042]  <debugvars>
[20:14:24.042]    // Pre-defined
[20:14:24.042]    __protocol=0x00010002      (Protocol="SWD", SWJ-DP="True")
[20:14:24.042]    __connection=0x00000202    (Connection Type="Flash", Reset Type="System Reset")
[20:14:24.042]    __dp=0x00000000
[20:14:24.047]    __ap=0x00000000
[20:14:24.047]    __traceout=0x00000000      (Trace Disabled)
[20:14:24.047]    __errorcontrol=0x00000000  (Skip Errors="False")
[20:14:24.047]    __FlashAddr=0x00000000
[20:14:24.047]    __FlashLen=0x00000000
[20:14:24.047]    __FlashArg=0x00000000
[20:14:24.047]    __FlashOp=0x00000000
[20:14:24.047]    __Result=0x00000000
[20:14:24.047]  </debugvars>
[20:14:24.047]  
[20:14:24.047]  <sequence name="DebugPortSetup" Pname="" disable="false" info="">
[20:14:24.047]    <block atomic="false" info="">
[20:14:24.047]      __var isSWJ      = ((__protocol & 0x00010000) != 0);
[20:14:24.047]        // -> [isSWJ <= 0x00000001]
[20:14:24.047]      __var hasDormant = __protocol & 0x00020000;
[20:14:24.047]        // -> [hasDormant <= 0x00000000]
[20:14:24.047]      __var protType   = __protocol & 0x0000FFFF;
[20:14:24.047]        // -> [protType <= 0x00000002]
[20:14:24.047]    </block>
[20:14:24.047]    <control if="protType == 1" while="" timeout="0" info="">
[20:14:24.047]      // if-block "protType == 1"
[20:14:24.047]        // =>  FALSE
[20:14:24.047]      // skip if-block "protType == 1"
[20:14:24.047]    </control>
[20:14:24.047]    <control if="protType == 2" while="" timeout="0" info="">
[20:14:24.047]      // if-block "protType == 2"
[20:14:24.047]        // =>  TRUE
[20:14:24.047]      <control if="isSWJ" while="" timeout="0" info="">
[20:14:24.047]        // if-block "isSWJ"
[20:14:24.047]          // =>  TRUE
[20:14:24.047]        <control if="hasDormant" while="" timeout="0" info="">
[20:14:24.047]          // if-block "hasDormant"
[20:14:24.047]            // =>  FALSE
[20:14:24.047]          // skip if-block "hasDormant"
[20:14:24.047]        </control>
[20:14:24.047]        <control if="!hasDormant" while="" timeout="0" info="">
[20:14:24.047]          // if-block "!hasDormant"
[20:14:24.047]            // =>  TRUE
[20:14:24.047]          <block atomic="false" info="">
[20:14:24.047]            DAP_SWJ_Sequence(51, 0x0007FFFFFFFFFFFF); //lets put the JTAG line in a reset state
[20:14:24.052]              // -> [DAP_SWJ_Sequence(51, 0x0007FFFFFFFFFFFF)]
[20:14:24.052]            DAP_SWJ_Sequence(16,0xE73C); //SWD to JTAG, this is to ensure the state machine is initialized
[20:14:24.057]              // -> [DAP_SWJ_Sequence(16, 0x000000000000E73C)]
[20:14:24.057]            DAP_SWJ_Sequence(51, 0x0007FFFFFFFFFFFF); //Put it back in reset
[20:14:24.057]              // -> [DAP_SWJ_Sequence(51, 0x0007FFFFFFFFFFFF)]
[20:14:24.057]            DAP_SWJ_Sequence(16, 0xE79E); //JTAG to SWD switch
[20:14:24.057]              // -> [DAP_SWJ_Sequence(16, 0x000000000000E79E)]
[20:14:24.057]            DAP_SWJ_Sequence(51, 0x0007FFFFFFFFFFFF);  //Ensure the switch is successful 
[20:14:24.062]              // -> [DAP_SWJ_Sequence(51, 0x0007FFFFFFFFFFFF)]
[20:14:24.062]            DAP_SWJ_Sequence(7,  0x00); //Give the line some time to initialize
[20:14:24.062]              // -> [DAP_SWJ_Sequence(7, 0x0000000000000000)]
[20:14:24.062]          </block>
[20:14:24.062]          // end if-block "!hasDormant"
[20:14:24.062]        </control>
[20:14:24.062]        // end if-block "isSWJ"
[20:14:24.062]      </control>
[20:14:24.062]      <control if="!isSWJ" while="" timeout="0" info="">
[20:14:24.062]        // if-block "!isSWJ"
[20:14:24.062]          // =>  FALSE
[20:14:24.062]        // skip if-block "!isSWJ"
[20:14:24.062]      </control>
[20:14:24.062]      <block atomic="false" info="">
[20:14:24.062]        ReadDP(0x0);
[20:14:24.068]          // -> [ReadDP(0x00000000) => 0x6BA02477]   (__dp=0x00000000)
[20:14:24.068]      </block>
[20:14:24.068]      // end if-block "protType == 2"
[20:14:24.068]    </control>
[20:14:24.068]  </sequence>
[20:14:24.068]  
[20:14:24.072]  **********  Sequence "DebugPortStart"  (Context="Connect", Pname="", info="")
[20:14:24.072]  
[20:14:24.072]  <debugvars>
[20:14:24.072]    // Pre-defined
[20:14:24.072]    __protocol=0x00010002      (Protocol="SWD", SWJ-DP="True")
[20:14:24.072]    __connection=0x00000202    (Connection Type="Flash", Reset Type="System Reset")
[20:14:24.072]    __dp=0x00000000
[20:14:24.072]    __ap=0x00000000
[20:14:24.072]    __traceout=0x00000000      (Trace Disabled)
[20:14:24.072]    __errorcontrol=0x00000000  (Skip Errors="False")
[20:14:24.072]    __FlashAddr=0x00000000
[20:14:24.072]    __FlashLen=0x00000000
[20:14:24.072]    __FlashArg=0x00000000
[20:14:24.072]    __FlashOp=0x00000000
[20:14:24.072]    __Result=0x00000000
[20:14:24.072]  </debugvars>
[20:14:24.072]  
[20:14:24.072]  <sequence name="DebugPortStart" Pname="" disable="false" info="">
[20:14:24.072]    <block atomic="false" info="">
[20:14:24.072]      __var SW_DP_ABORT       = 0x0;
[20:14:24.072]        // -> [SW_DP_ABORT <= 0x00000000]
[20:14:24.072]      __var DP_CTRL_STAT      = 0x4;
[20:14:24.072]        // -> [DP_CTRL_STAT <= 0x00000004]
[20:14:24.072]      __var DP_SELECT         = 0x8;
[20:14:24.072]        // -> [DP_SELECT <= 0x00000008]
[20:14:24.072]      __var powered_down      = 0;
[20:14:24.072]        // -> [powered_down <= 0x00000000]
[20:14:24.072]      WriteDP(DP_SELECT, 0x00000000);
[20:14:24.077]        // -> [WriteDP(0x00000008, 0x00000000)]   (__dp=0x00000000)
[20:14:24.077]      powered_down = ((ReadDP(DP_CTRL_STAT) & 0xA0000000) != 0xA0000000);
[20:14:24.078]        // -> [ReadDP(0x00000004) => 0x00000040]   (__dp=0x00000000)
[20:14:24.078]        // -> [powered_down <= 0x00000001]
[20:14:24.078]    </block>
[20:14:24.078]    <control if="powered_down" while="" timeout="0" info="">
[20:14:24.078]      // if-block "powered_down"
[20:14:24.078]        // =>  TRUE
[20:14:24.078]      <block atomic="false" info="">
[20:14:24.078]        Message(0, "Debug/System power-up request sent");
[20:14:24.078]        WriteDP(DP_CTRL_STAT, 0x50000000);
[20:14:24.082]          // -> [WriteDP(0x00000004, 0x50000000)]   (__dp=0x00000000)
[20:14:24.082]      </block>
[20:14:24.082]      <control if="" while="(ReadDP(DP_CTRL_STAT) & 0xA0000000) != 0xA0000000" timeout="1000000" info="">
[20:14:24.082]        // while "(ReadDP(DP_CTRL_STAT) & 0xA0000000) != 0xA0000000"  (timeout="1000000")
[20:14:24.082]          // -> [ReadDP(0x00000004) => 0xF0000040]   (__dp=0x00000000)
[20:14:24.082]        // while-condition  =>  FALSE
[20:14:24.082]        // end while "(ReadDP(DP_CTRL_STAT) & 0xA0000000) != 0xA0000000"
[20:14:24.082]      </control>
[20:14:24.082]      <control if="(__protocol & 0xFFFF) == 1" while="" timeout="0" info="">
[20:14:24.082]        // if-block "(__protocol & 0xFFFF) == 1"
[20:14:24.082]          // =>  FALSE
[20:14:24.082]        // skip if-block "(__protocol & 0xFFFF) == 1"
[20:14:24.087]      </control>
[20:14:24.087]      <control if="(__protocol & 0xFFFF) == 2" while="" timeout="0" info="">
[20:14:24.087]        // if-block "(__protocol & 0xFFFF) == 2"
[20:14:24.087]          // =>  TRUE
[20:14:24.087]        <block atomic="false" info="">
[20:14:24.087]          Message(0, "executing SWD power up");
[20:14:24.087]          WriteDP(DP_CTRL_STAT, 0x50000F00);
[20:14:24.087]            // -> [WriteDP(0x00000004, 0x50000F00)]   (__dp=0x00000000)
[20:14:24.087]          WriteDP(SW_DP_ABORT, 0x0000001E);
[20:14:24.092]            // -> [WriteDP(0x00000000, 0x0000001E)]   (__dp=0x00000000)
[20:14:24.092]        </block>
[20:14:24.092]        // end if-block "(__protocol & 0xFFFF) == 2"
[20:14:24.092]      </control>
[20:14:24.092]      // end if-block "powered_down"
[20:14:24.092]    </control>
[20:14:24.092]    <block atomic="false" info="">
[20:14:24.092]      __var DEBUG_PORT_VAL    = 0;
[20:14:24.092]        // -> [DEBUG_PORT_VAL <= 0x00000000]
[20:14:24.092]      __var ACCESS_POINT_VAL  = 0;
[20:14:24.092]        // -> [ACCESS_POINT_VAL <= 0x00000000]
[20:14:24.092]      __ap = 1; 
[20:14:24.092]        // -> [__ap <= 0x00000001]
[20:14:24.092]      WriteAP(0x0C, 0x04); //lets use the mini pwr-ap as backup
[20:14:24.097]        // -> [WriteAP(0x0000000C, 0x00000004)]   (__dp=0x00000000, __ap=0x00000001)
[20:14:24.097]      __ap = 4;
[20:14:24.097]        // -> [__ap <= 0x00000004]
[20:14:24.097]      ACCESS_POINT_VAL = ReadAP(0x00);//Reading current state of access point
[20:14:24.104]        // -> [ReadAP(0x00000000) => 0x00080027]   (__dp=0x00000000, __ap=0x00000004)
[20:14:24.104]        // -> [ACCESS_POINT_VAL <= 0x00080027]
[20:14:24.104]      Message(0, "Current state of access point is: %x",ACCESS_POINT_VAL);
[20:14:24.106]    </block>
[20:14:24.106]    <block atomic="false" info="">
[20:14:24.106]      __var nReset = 0x80;
[20:14:24.106]        // -> [nReset <= 0x00000080]
[20:14:24.106]      __var canReadPins = 0;
[20:14:24.106]        // -> [canReadPins <= 0x00000000]
[20:14:24.107]      canReadPins = (DAP_SWJ_Pins(0x00, nReset, 0) != 0xFFFFFFFF);
[20:14:24.107]        // -> [DAP_SWJ_Pins(0x00, 0x80, 0) => 0x0F]   (Out: nRESET=0  =>  In: SWCLK/TCK=1, SWDIO/TMS=1, TDI=1, TDO=1, nTRST=0, nRESET=0)
[20:14:24.107]        // -> [canReadPins <= 0x00000001]
[20:14:24.107]    </block>
[20:14:24.107]    <control if="" while="1" timeout="200" info="">
[20:14:24.107]      // while "1"  (timeout="200")
[20:14:24.107]      // while-condition  =>  TRUE
[20:14:24.107]      // while "1"  (timeout="200")
[20:14:24.107]      // while-condition  =>  TRUE
[20:14:24.107]      // while "1"  (timeout="200")
[20:14:24.107]      // while-condition  =>  TRUE
[20:14:24.107]      // while "1"  (timeout="200")
[20:14:24.107]      // while-condition  =>  TRUE
[20:14:24.107]      // while "1"  (timeout="200")
[20:14:24.107]      // while-condition  =>  TRUE
[20:14:24.107]      // while "1"  (timeout="200")
[20:14:24.107]      // while-condition  =>  TRUE
[20:14:24.107]      // while "1"  (timeout="200")
[20:14:24.107]      // while-condition  =>  TRUE
[20:14:24.107]      // while "1"  (timeout="200")
[20:14:24.107]      // while-condition  =>  TRUE
[20:14:24.107]      // while "1"  (timeout="200")
[20:14:24.107]      // while-condition  =>  TRUE
[20:14:24.107]      // while "1"  (timeout="200")
[20:14:24.107]      // while-condition  =>  TRUE
[20:14:24.107]      // while "1"  (timeout="200")
[20:14:24.107]      // while-condition  =>  TRUE
[20:14:24.107]      // while "1"  (timeout="200")
[20:14:24.107]      // while-condition  =>  TRUE
[20:14:24.107]      // while "1"  (timeout="200")
[20:14:24.107]      // while-condition  =>  TRUE
[20:14:24.107]      // while "1"  (timeout="200")
[20:14:24.107]      // while-condition  =>  TRUE
[20:14:24.107]      // while "1"  (timeout="200")
[20:14:24.112]      // while-condition  =>  TRUE
[20:14:24.112]      // while "1"  (timeout="200")
[20:14:24.112]      // while-condition  =>  TRUE
[20:14:24.112]      // while "1"  (timeout="200")
[20:14:24.112]      // while-condition  =>  TRUE
[20:14:24.112]      // while "1"  (timeout="200")
[20:14:24.112]      // while-condition  =>  TRUE
[20:14:24.112]      // while "1"  (timeout="200")
[20:14:24.112]      // while-condition  =>  TRUE
[20:14:24.112]      // while "1"  (timeout="200")
[20:14:24.112]      // while-condition  =>  TRUE
[20:14:24.112]      // while "1"  (timeout="200")
[20:14:24.112]      // while-condition  =>  TRUE
[20:14:24.112]      // while "1"  (timeout="200")
[20:14:24.112]      // while-condition  =>  TRUE
[20:14:24.112]      // while "1"  (timeout="200")
[20:14:24.112]      // while-condition  =>  TRUE
[20:14:24.112]      // while "1"  (timeout="200")
[20:14:24.112]      // while-condition  =>  TRUE
[20:14:24.112]      // while "1"  (timeout="200")
[20:14:24.112]      // while-condition  =>  TRUE
[20:14:24.112]      // while "1"  (timeout="200")
[20:14:24.112]      // while-condition  =>  TRUE
[20:14:24.112]      // while "1"  (timeout="200")
[20:14:24.112]      // while-condition  =>  TRUE
[20:14:24.112]      // while "1"  (timeout="200")
[20:14:24.112]      // while-condition  =>  TRUE
[20:14:24.112]      // while "1"  (timeout="200")
[20:14:24.112]      // while-condition  =>  TRUE
[20:14:24.112]      // while "1"  (timeout="200")
[20:14:24.112]      // while-condition  =>  TRUE
[20:14:24.112]      // while "1"  (timeout="200")
[20:14:24.112]      // while-condition  =>  TRUE
[20:14:24.112]      // while "1"  (timeout="200")
[20:14:24.112]      // while-condition  =>  TRUE
[20:14:24.112]      // while "1"  (timeout="200")
[20:14:24.112]      // while-condition  =>  TRUE
[20:14:24.112]      // while "1"  (timeout="200")
[20:14:24.112]      // while-condition  =>  TRUE
[20:14:24.112]      // while "1"  (timeout="200")
[20:14:24.112]      // while-condition  =>  TRUE
[20:14:24.112]      // while "1"  (timeout="200")
[20:14:24.112]      // while-condition  =>  TRUE
[20:14:24.112]      // while "1"  (timeout="200")
[20:14:24.112]      // while-condition  =>  TRUE
[20:14:24.112]      // while "1"  (timeout="200")
[20:14:24.112]      // while-condition  =>  TRUE
[20:14:24.112]      // while "1"  (timeout="200")
[20:14:24.112]      // while-condition  =>  TRUE
[20:14:24.112]      // while "1"  (timeout="200")
[20:14:24.112]      // while-condition  =>  TRUE
[20:14:24.112]      // while "1"  (timeout="200")
[20:14:24.112]      // while-condition  =>  TRUE
[20:14:24.112]      // while "1"  (timeout="200")
[20:14:24.112]      // while-condition  =>  TRUE
[20:14:24.112]      // while "1"  (timeout="200")
[20:14:24.112]      // while-condition  =>  TRUE
[20:14:24.112]      // while "1"  (timeout="200")
[20:14:24.112]      // while-condition  =>  TRUE
[20:14:24.117]      // while "1"  (timeout="200")
[20:14:24.117]      // while-condition  =>  TRUE
[20:14:24.117]      // while "1"  (timeout="200")
[20:14:24.117]      // while-condition  =>  TRUE
[20:14:24.117]      // while "1"  (timeout="200")
[20:14:24.117]      // while-condition  =>  TRUE
[20:14:24.117]      // while "1"  (timeout="200")
[20:14:24.117]      // while-condition  =>  TRUE
[20:14:24.117]      // while "1"  (timeout="200")
[20:14:24.117]      // while-condition  =>  TRUE
[20:14:24.117]      // while "1"  (timeout="200")
[20:14:24.117]      // while-condition  =>  TRUE
[20:14:24.117]      // while "1"  (timeout="200")
[20:14:24.117]      // while-condition  =>  TRUE
[20:14:24.117]      // while "1"  (timeout="200")
[20:14:24.117]      // while-condition  =>  TRUE
[20:14:24.117]      // while "1"  (timeout="200")
[20:14:24.117]      // while-condition  =>  TRUE
[20:14:24.117]      // while "1"  (timeout="200")
[20:14:24.117]      // while-condition  =>  TRUE
[20:14:24.117]      // while "1"  (timeout="200")
[20:14:24.117]      // while-condition  =>  TRUE
[20:14:24.117]      // while "1"  (timeout="200")
[20:14:24.117]      // while-condition  =>  TRUE
[20:14:24.117]      // while "1"  (timeout="200")
[20:14:24.117]      // while-condition  =>  TRUE
[20:14:24.117]      // while "1"  (timeout="200")
[20:14:24.117]      // while-condition  =>  TRUE
[20:14:24.117]      // while "1"  (timeout="200")
[20:14:24.117]      // while-condition  =>  TRUE
[20:14:24.117]      // while "1"  (timeout="200")
[20:14:24.117]      // while-condition  =>  TRUE
[20:14:24.117]      // while "1"  (timeout="200")
[20:14:24.117]      // while-condition  =>  TRUE
[20:14:24.117]      // while "1"  (timeout="200")
[20:14:24.117]      // while-condition  =>  TRUE
[20:14:24.117]      // while "1"  (timeout="200")
[20:14:24.117]      // while-condition  =>  TRUE
[20:14:24.117]      // while "1"  (timeout="200")
[20:14:24.117]      // while-condition  =>  TRUE
[20:14:24.117]      // while "1"  (timeout="200")
[20:14:24.117]      // while-condition  =>  TRUE
[20:14:24.117]      // while "1"  (timeout="200")
[20:14:24.117]      // while-condition  =>  TRUE
[20:14:24.117]      // while "1"  (timeout="200")
[20:14:24.117]      // while-condition  =>  TRUE
[20:14:24.122]      // while "1"  (timeout="200")
[20:14:24.122]      // while  =>  TIMEOUT
[20:14:24.122]      // end while "1"
[20:14:24.122]    </control>
[20:14:24.122]    <control if="canReadPins" while="" timeout="0" info="">
[20:14:24.122]      // if-block "canReadPins"
[20:14:24.122]        // =>  TRUE
[20:14:24.122]      <control if="" while="(DAP_SWJ_Pins(nReset, nReset, 0) & nReset) == 0" timeout="1000000" info="">
[20:14:24.122]        // while "(DAP_SWJ_Pins(nReset, nReset, 0) & nReset) == 0"  (timeout="1000000")
[20:14:24.122]          // -> [DAP_SWJ_Pins(0x80, 0x80, 0) => 0x8F]   (Out: nRESET=1  =>  In: SWCLK/TCK=1, SWDIO/TMS=1, TDI=1, TDO=1, nTRST=0, nRESET=1)
[20:14:24.122]        // while-condition  =>  FALSE
[20:14:24.122]        // end while "(DAP_SWJ_Pins(nReset, nReset, 0) & nReset) == 0"
[20:14:24.122]      </control>
[20:14:24.122]      // end if-block "canReadPins"
[20:14:24.122]    </control>
[20:14:24.122]    <control if="!canReadPins" while="" timeout="0" info="">
[20:14:24.122]      // if-block "!canReadPins"
[20:14:24.122]        // =>  FALSE
[20:14:24.122]      // skip if-block "!canReadPins"
[20:14:24.122]    </control>
[20:14:24.122]    <control if="(ACCESS_POINT_VAL & 0x00E00000) == 0" while="" timeout="0" info="">
[20:14:24.122]      // if-block "(ACCESS_POINT_VAL & 0x00E00000) == 0"
[20:14:24.122]        // =>  TRUE
[20:14:24.122]      <block atomic="false" info="">
[20:14:24.122]        WriteAP(0x00, 0x190008);
[20:14:24.127]          // -> [WriteAP(0x00000000, 0x00190008)]   (__dp=0x00000000, __ap=0x00000004)
[20:14:24.127]        WriteAP(0xF0, 0x01);
[20:14:24.127]          // -> [WriteAP(0x000000F0, 0x00000001)]   (__dp=0x00000000, __ap=0x00000004)
[20:14:24.132]      </block>
[20:14:24.132]      // end if-block "(ACCESS_POINT_VAL & 0x00E00000) == 0"
[20:14:24.132]    </control>
[20:14:24.132]    <control if="(ACCESS_POINT_VAL & 0x00E00000) != 0" while="" timeout="0" info="">
[20:14:24.132]      // if-block "(ACCESS_POINT_VAL & 0x00E00000) != 0"
[20:14:24.132]        // =>  FALSE
[20:14:24.132]      // skip if-block "(ACCESS_POINT_VAL & 0x00E00000) != 0"
[20:14:24.132]    </control>
[20:14:24.132]    <block atomic="false" info="">
[20:14:24.132]      ACCESS_POINT_VAL = ReadAP(0x00);//Reading current state of access point
[20:14:24.137]        // -> [ReadAP(0x00000000) => 0x0079002F]   (__dp=0x00000000, __ap=0x00000004)
[20:14:24.137]        // -> [ACCESS_POINT_VAL <= 0x0079002F]
[20:14:24.137]      Message(0, "Current state of access point is: %x",ACCESS_POINT_VAL);
[20:14:24.137]      __ap = 0; //lets make sure we reset the access point selection
[20:14:24.137]        // -> [__ap <= 0x00000000]
[20:14:24.137]    </block>
[20:14:24.137]  </sequence>
[20:14:24.137]  
[20:14:24.162]  **********  Sequence "DebugDeviceUnlock"  (Context="Connect", Pname="", info="")
[20:14:24.162]  
[20:14:24.162]  <debugvars>
[20:14:24.162]    // Pre-defined
[20:14:24.162]    __protocol=0x00010002      (Protocol="SWD", SWJ-DP="True")
[20:14:24.162]    __connection=0x00000202    (Connection Type="Flash", Reset Type="System Reset")
[20:14:24.162]    __dp=0x00000000
[20:14:24.162]    __ap=0x00000000
[20:14:24.162]    __traceout=0x00000000      (Trace Disabled)
[20:14:24.162]    __errorcontrol=0x00000000  (Skip Errors="False")
[20:14:24.162]    __FlashAddr=0x00000000
[20:14:24.162]    __FlashLen=0x00000000
[20:14:24.162]    __FlashArg=0x00000000
[20:14:24.162]    __FlashOp=0x00000000
[20:14:24.162]    __Result=0x00000000
[20:14:24.162]  </debugvars>
[20:14:24.162]  
[20:14:24.162]  <sequence name="DebugDeviceUnlock" Pname="" disable="false" info="">
[20:14:24.162]    <block atomic="false" info="">
[20:14:24.162]      __var deviceID = 0;
[20:14:24.162]        // -> [deviceID <= 0x00000000]
[20:14:24.162]      __var version = 0;
[20:14:24.162]        // -> [version <= 0x00000000]
[20:14:24.162]      __var partNum = 0;
[20:14:24.162]        // -> [partNum <= 0x00000000]
[20:14:24.162]      __var manuf = 0;
[20:14:24.162]        // -> [manuf <= 0x00000000]
[20:14:24.162]      __var isMSPM0G1X0X_G3X0X = 0;
[20:14:24.162]        // -> [isMSPM0G1X0X_G3X0X <= 0x00000000]
[20:14:24.162]      __var isProduction = 0;
[20:14:24.162]        // -> [isProduction <= 0x00000000]
[20:14:24.162]      __var continueId = 0;
[20:14:24.162]        // -> [continueId <= 0x00000000]
[20:14:24.162]      deviceID =   Read32(0x41C40004);
[20:14:24.167]        // -> [Read32(0x41C40004) => 0x2BB8802F]   (__dp=0x00000000, __ap=0x00000000)
[20:14:24.167]        // -> [deviceID <= 0x2BB8802F]
[20:14:24.167]      version = deviceID >> 28;
[20:14:24.167]        // -> [version <= 0x00000002]
[20:14:24.167]      partNum = (deviceID & 0x0FFFF000) >> 12;
[20:14:24.167]        // -> [partNum <= 0x0000BB88]
[20:14:24.167]      manuf = (deviceID & 0x00000FFE) >> 1;
[20:14:24.167]        // -> [manuf <= 0x00000017]
[20:14:24.167]      isMSPM0G1X0X_G3X0X = (partNum == 0xBB88) && (manuf == 0x17);
[20:14:24.167]        // -> [isMSPM0G1X0X_G3X0X <= 0x00000001]
[20:14:24.167]      isProduction = (version > 0);
[20:14:24.167]        // -> [isProduction <= 0x00000001]
[20:14:24.167]    </block>
[20:14:24.172]    <control if="!isMSPM0G1X0X_G3X0X" while="" timeout="0" info="">
[20:14:24.172]      // if-block "!isMSPM0G1X0X_G3X0X"
[20:14:24.172]        // =>  FALSE
[20:14:24.172]      // skip if-block "!isMSPM0G1X0X_G3X0X"
[20:14:24.172]    </control>
[20:14:24.172]    <control if="continueId == 4" while="" timeout="0" info="">
[20:14:24.172]      // if-block "continueId == 4"
[20:14:24.172]        // =>  FALSE
[20:14:24.172]      // skip if-block "continueId == 4"
[20:14:24.172]    </control>
[20:14:24.172]    <control if="!isProduction" while="" timeout="0" info="">
[20:14:24.172]      // if-block "!isProduction"
[20:14:24.172]        // =>  FALSE
[20:14:24.172]      // skip if-block "!isProduction"
[20:14:24.172]    </control>
[20:14:24.172]  </sequence>
[20:14:24.172]  
[20:20:41.762]  **********  Sequence "DebugPortSetup"  (Context="Connect", Pname="", info="")
[20:20:41.762]  
[20:20:41.762]  <debugvars>
[20:20:41.762]    // Pre-defined
[20:20:41.762]    __protocol=0x00010002      (Protocol="SWD", SWJ-DP="True")
[20:20:41.762]    __connection=0x00000202    (Connection Type="Flash", Reset Type="System Reset")
[20:20:41.762]    __dp=0x00000000
[20:20:41.762]    __ap=0x00000000
[20:20:41.762]    __traceout=0x00000000      (Trace Disabled)
[20:20:41.762]    __errorcontrol=0x00000000  (Skip Errors="False")
[20:20:41.762]    __FlashAddr=0x00000000
[20:20:41.762]    __FlashLen=0x00000000
[20:20:41.762]    __FlashArg=0x00000000
[20:20:41.762]    __FlashOp=0x00000000
[20:20:41.762]    __Result=0x00000000
[20:20:41.762]  </debugvars>
[20:20:41.762]  
[20:20:41.762]  <sequence name="DebugPortSetup" Pname="" disable="false" info="">
[20:20:41.762]    <block atomic="false" info="">
[20:20:41.762]      __var isSWJ      = ((__protocol & 0x00010000) != 0);
[20:20:41.762]        // -> [isSWJ <= 0x00000001]
[20:20:41.762]      __var hasDormant = __protocol & 0x00020000;
[20:20:41.762]        // -> [hasDormant <= 0x00000000]
[20:20:41.762]      __var protType   = __protocol & 0x0000FFFF;
[20:20:41.762]        // -> [protType <= 0x00000002]
[20:20:41.762]    </block>
[20:20:41.762]    <control if="protType == 1" while="" timeout="0" info="">
[20:20:41.762]      // if-block "protType == 1"
[20:20:41.762]        // =>  FALSE
[20:20:41.762]      // skip if-block "protType == 1"
[20:20:41.773]    </control>
[20:20:41.773]    <control if="protType == 2" while="" timeout="0" info="">
[20:20:41.773]      // if-block "protType == 2"
[20:20:41.773]        // =>  TRUE
[20:20:41.773]      <control if="isSWJ" while="" timeout="0" info="">
[20:20:41.773]        // if-block "isSWJ"
[20:20:41.773]          // =>  TRUE
[20:20:41.773]        <control if="hasDormant" while="" timeout="0" info="">
[20:20:41.773]          // if-block "hasDormant"
[20:20:41.773]            // =>  FALSE
[20:20:41.773]          // skip if-block "hasDormant"
[20:20:41.773]        </control>
[20:20:41.773]        <control if="!hasDormant" while="" timeout="0" info="">
[20:20:41.773]          // if-block "!hasDormant"
[20:20:41.773]            // =>  TRUE
[20:20:41.773]          <block atomic="false" info="">
[20:20:41.773]            DAP_SWJ_Sequence(51, 0x0007FFFFFFFFFFFF); //lets put the JTAG line in a reset state
[20:20:41.773]              // -> [DAP_SWJ_Sequence(51, 0x0007FFFFFFFFFFFF)]
[20:20:41.773]            DAP_SWJ_Sequence(16,0xE73C); //SWD to JTAG, this is to ensure the state machine is initialized
[20:20:41.773]              // -> [DAP_SWJ_Sequence(16, 0x000000000000E73C)]
[20:20:41.773]            DAP_SWJ_Sequence(51, 0x0007FFFFFFFFFFFF); //Put it back in reset
[20:20:41.773]              // -> [DAP_SWJ_Sequence(51, 0x0007FFFFFFFFFFFF)]
[20:20:41.773]            DAP_SWJ_Sequence(16, 0xE79E); //JTAG to SWD switch
[20:20:41.783]              // -> [DAP_SWJ_Sequence(16, 0x000000000000E79E)]
[20:20:41.783]            DAP_SWJ_Sequence(51, 0x0007FFFFFFFFFFFF);  //Ensure the switch is successful 
[20:20:41.783]              // -> [DAP_SWJ_Sequence(51, 0x0007FFFFFFFFFFFF)]
[20:20:41.783]            DAP_SWJ_Sequence(7,  0x00); //Give the line some time to initialize
[20:20:41.783]              // -> [DAP_SWJ_Sequence(7, 0x0000000000000000)]
[20:20:41.783]          </block>
[20:20:41.783]          // end if-block "!hasDormant"
[20:20:41.783]        </control>
[20:20:41.783]        // end if-block "isSWJ"
[20:20:41.783]      </control>
[20:20:41.783]      <control if="!isSWJ" while="" timeout="0" info="">
[20:20:41.783]        // if-block "!isSWJ"
[20:20:41.783]          // =>  FALSE
[20:20:41.783]        // skip if-block "!isSWJ"
[20:20:41.783]      </control>
[20:20:41.783]      <block atomic="false" info="">
[20:20:41.783]        ReadDP(0x0);
[20:20:41.783]          // -> [ReadDP(0x00000000) => 0x6BA02477]   (__dp=0x00000000)
[20:20:41.783]      </block>
[20:20:41.783]      // end if-block "protType == 2"
[20:20:41.794]    </control>
[20:20:41.794]  </sequence>
[20:20:41.794]  
[20:20:41.794]  **********  Sequence "DebugPortStart"  (Context="Connect", Pname="", info="")
[20:20:41.794]  
[20:20:41.794]  <debugvars>
[20:20:41.794]    // Pre-defined
[20:20:41.794]    __protocol=0x00010002      (Protocol="SWD", SWJ-DP="True")
[20:20:41.794]    __connection=0x00000202    (Connection Type="Flash", Reset Type="System Reset")
[20:20:41.794]    __dp=0x00000000
[20:20:41.794]    __ap=0x00000000
[20:20:41.794]    __traceout=0x00000000      (Trace Disabled)
[20:20:41.794]    __errorcontrol=0x00000000  (Skip Errors="False")
[20:20:41.794]    __FlashAddr=0x00000000
[20:20:41.794]    __FlashLen=0x00000000
[20:20:41.794]    __FlashArg=0x00000000
[20:20:41.794]    __FlashOp=0x00000000
[20:20:41.794]    __Result=0x00000000
[20:20:41.794]  </debugvars>
[20:20:41.794]  
[20:20:41.794]  <sequence name="DebugPortStart" Pname="" disable="false" info="">
[20:20:41.794]    <block atomic="false" info="">
[20:20:41.794]      __var SW_DP_ABORT       = 0x0;
[20:20:41.794]        // -> [SW_DP_ABORT <= 0x00000000]
[20:20:41.794]      __var DP_CTRL_STAT      = 0x4;
[20:20:41.794]        // -> [DP_CTRL_STAT <= 0x00000004]
[20:20:41.794]      __var DP_SELECT         = 0x8;
[20:20:41.794]        // -> [DP_SELECT <= 0x00000008]
[20:20:41.794]      __var powered_down      = 0;
[20:20:41.794]        // -> [powered_down <= 0x00000000]
[20:20:41.794]      WriteDP(DP_SELECT, 0x00000000);
[20:20:41.794]        // -> [WriteDP(0x00000008, 0x00000000)]   (__dp=0x00000000)
[20:20:41.794]      powered_down = ((ReadDP(DP_CTRL_STAT) & 0xA0000000) != 0xA0000000);
[20:20:41.794]        // -> [ReadDP(0x00000004) => 0x00000040]   (__dp=0x00000000)
[20:20:41.794]        // -> [powered_down <= 0x00000001]
[20:20:41.794]    </block>
[20:20:41.794]    <control if="powered_down" while="" timeout="0" info="">
[20:20:41.794]      // if-block "powered_down"
[20:20:41.794]        // =>  TRUE
[20:20:41.794]      <block atomic="false" info="">
[20:20:41.794]        Message(0, "Debug/System power-up request sent");
[20:20:41.804]        WriteDP(DP_CTRL_STAT, 0x50000000);
[20:20:41.804]          // -> [WriteDP(0x00000004, 0x50000000)]   (__dp=0x00000000)
[20:20:41.804]      </block>
[20:20:41.804]      <control if="" while="(ReadDP(DP_CTRL_STAT) & 0xA0000000) != 0xA0000000" timeout="1000000" info="">
[20:20:41.804]        // while "(ReadDP(DP_CTRL_STAT) & 0xA0000000) != 0xA0000000"  (timeout="1000000")
[20:20:41.804]          // -> [ReadDP(0x00000004) => 0xF0000040]   (__dp=0x00000000)
[20:20:41.804]        // while-condition  =>  FALSE
[20:20:41.804]        // end while "(ReadDP(DP_CTRL_STAT) & 0xA0000000) != 0xA0000000"
[20:20:41.804]      </control>
[20:20:41.804]      <control if="(__protocol & 0xFFFF) == 1" while="" timeout="0" info="">
[20:20:41.804]        // if-block "(__protocol & 0xFFFF) == 1"
[20:20:41.804]          // =>  FALSE
[20:20:41.804]        // skip if-block "(__protocol & 0xFFFF) == 1"
[20:20:41.804]      </control>
[20:20:41.804]      <control if="(__protocol & 0xFFFF) == 2" while="" timeout="0" info="">
[20:20:41.804]        // if-block "(__protocol & 0xFFFF) == 2"
[20:20:41.804]          // =>  TRUE
[20:20:41.804]        <block atomic="false" info="">
[20:20:41.804]          Message(0, "executing SWD power up");
[20:20:41.804]          WriteDP(DP_CTRL_STAT, 0x50000F00);
[20:20:41.804]            // -> [WriteDP(0x00000004, 0x50000F00)]   (__dp=0x00000000)
[20:20:41.804]          WriteDP(SW_DP_ABORT, 0x0000001E);
[20:20:41.804]            // -> [WriteDP(0x00000000, 0x0000001E)]   (__dp=0x00000000)
[20:20:41.804]        </block>
[20:20:41.804]        // end if-block "(__protocol & 0xFFFF) == 2"
[20:20:41.804]      </control>
[20:20:41.804]      // end if-block "powered_down"
[20:20:41.804]    </control>
[20:20:41.804]    <block atomic="false" info="">
[20:20:41.804]      __var DEBUG_PORT_VAL    = 0;
[20:20:41.804]        // -> [DEBUG_PORT_VAL <= 0x00000000]
[20:20:41.804]      __var ACCESS_POINT_VAL  = 0;
[20:20:41.804]        // -> [ACCESS_POINT_VAL <= 0x00000000]
[20:20:41.815]      __ap = 1; 
[20:20:41.815]        // -> [__ap <= 0x00000001]
[20:20:41.815]      WriteAP(0x0C, 0x04); //lets use the mini pwr-ap as backup
[20:20:41.815]        // -> [WriteAP(0x0000000C, 0x00000004)]   (__dp=0x00000000, __ap=0x00000001)
[20:20:41.815]      __ap = 4;
[20:20:41.815]        // -> [__ap <= 0x00000004]
[20:20:41.815]      ACCESS_POINT_VAL = ReadAP(0x00);//Reading current state of access point
[20:20:41.815]        // -> [ReadAP(0x00000000) => 0x00080027]   (__dp=0x00000000, __ap=0x00000004)
[20:20:41.815]        // -> [ACCESS_POINT_VAL <= 0x00080027]
[20:20:41.815]      Message(0, "Current state of access point is: %x",ACCESS_POINT_VAL);
[20:20:41.815]    </block>
[20:20:41.815]    <block atomic="false" info="">
[20:20:41.815]      __var nReset = 0x80;
[20:20:41.815]        // -> [nReset <= 0x00000080]
[20:20:41.815]      __var canReadPins = 0;
[20:20:41.815]        // -> [canReadPins <= 0x00000000]
[20:20:41.815]      canReadPins = (DAP_SWJ_Pins(0x00, nReset, 0) != 0xFFFFFFFF);
[20:20:41.825]        // -> [DAP_SWJ_Pins(0x00, 0x80, 0) => 0x0F]   (Out: nRESET=0  =>  In: SWCLK/TCK=1, SWDIO/TMS=1, TDI=1, TDO=1, nTRST=0, nRESET=0)
[20:20:41.825]        // -> [canReadPins <= 0x00000001]
[20:20:41.825]    </block>
[20:20:41.825]    <control if="" while="1" timeout="200" info="">
[20:20:41.825]      // while "1"  (timeout="200")
[20:20:41.825]      // while-condition  =>  TRUE
[20:20:41.825]      // while "1"  (timeout="200")
[20:20:41.825]      // while-condition  =>  TRUE
[20:20:41.825]      // while "1"  (timeout="200")
[20:20:41.825]      // while-condition  =>  TRUE
[20:20:41.825]      // while "1"  (timeout="200")
[20:20:41.825]      // while-condition  =>  TRUE
[20:20:41.825]      // while "1"  (timeout="200")
[20:20:41.825]      // while-condition  =>  TRUE
[20:20:41.825]      // while "1"  (timeout="200")
[20:20:41.825]      // while-condition  =>  TRUE
[20:20:41.825]      // while "1"  (timeout="200")
[20:20:41.825]      // while-condition  =>  TRUE
[20:20:41.825]      // while "1"  (timeout="200")
[20:20:41.825]      // while-condition  =>  TRUE
[20:20:41.825]      // while "1"  (timeout="200")
[20:20:41.825]      // while-condition  =>  TRUE
[20:20:41.825]      // while "1"  (timeout="200")
[20:20:41.825]      // while-condition  =>  TRUE
[20:20:41.825]      // while "1"  (timeout="200")
[20:20:41.825]      // while-condition  =>  TRUE
[20:20:41.825]      // while "1"  (timeout="200")
[20:20:41.825]      // while-condition  =>  TRUE
[20:20:41.825]      // while "1"  (timeout="200")
[20:20:41.825]      // while-condition  =>  TRUE
[20:20:41.825]      // while "1"  (timeout="200")
[20:20:41.825]      // while-condition  =>  TRUE
[20:20:41.825]      // while "1"  (timeout="200")
[20:20:41.825]      // while-condition  =>  TRUE
[20:20:41.825]      // while "1"  (timeout="200")
[20:20:41.825]      // while-condition  =>  TRUE
[20:20:41.825]      // while "1"  (timeout="200")
[20:20:41.825]      // while-condition  =>  TRUE
[20:20:41.825]      // while "1"  (timeout="200")
[20:20:41.825]      // while-condition  =>  TRUE
[20:20:41.825]      // while "1"  (timeout="200")
[20:20:41.825]      // while-condition  =>  TRUE
[20:20:41.825]      // while "1"  (timeout="200")
[20:20:41.825]      // while-condition  =>  TRUE
[20:20:41.825]      // while "1"  (timeout="200")
[20:20:41.825]      // while-condition  =>  TRUE
[20:20:41.825]      // while "1"  (timeout="200")
[20:20:41.825]      // while-condition  =>  TRUE
[20:20:41.825]      // while "1"  (timeout="200")
[20:20:41.825]      // while-condition  =>  TRUE
[20:20:41.825]      // while "1"  (timeout="200")
[20:20:41.825]      // while-condition  =>  TRUE
[20:20:41.825]      // while "1"  (timeout="200")
[20:20:41.825]      // while-condition  =>  TRUE
[20:20:41.825]      // while "1"  (timeout="200")
[20:20:41.825]      // while-condition  =>  TRUE
[20:20:41.825]      // while "1"  (timeout="200")
[20:20:41.825]      // while-condition  =>  TRUE
[20:20:41.825]      // while "1"  (timeout="200")
[20:20:41.825]      // while-condition  =>  TRUE
[20:20:41.825]      // while "1"  (timeout="200")
[20:20:41.825]      // while-condition  =>  TRUE
[20:20:41.825]      // while "1"  (timeout="200")
[20:20:41.825]      // while-condition  =>  TRUE
[20:20:41.825]      // while "1"  (timeout="200")
[20:20:41.825]      // while-condition  =>  TRUE
[20:20:41.825]      // while "1"  (timeout="200")
[20:20:41.825]      // while-condition  =>  TRUE
[20:20:41.825]      // while "1"  (timeout="200")
[20:20:41.825]      // while-condition  =>  TRUE
[20:20:41.825]      // while "1"  (timeout="200")
[20:20:41.825]      // while-condition  =>  TRUE
[20:20:41.825]      // while "1"  (timeout="200")
[20:20:41.825]      // while-condition  =>  TRUE
[20:20:41.825]      // while "1"  (timeout="200")
[20:20:41.825]      // while-condition  =>  TRUE
[20:20:41.825]      // while "1"  (timeout="200")
[20:20:41.825]      // while-condition  =>  TRUE
[20:20:41.825]      // while "1"  (timeout="200")
[20:20:41.825]      // while-condition  =>  TRUE
[20:20:41.825]      // while "1"  (timeout="200")
[20:20:41.825]      // while-condition  =>  TRUE
[20:20:41.825]      // while "1"  (timeout="200")
[20:20:41.825]      // while-condition  =>  TRUE
[20:20:41.825]      // while "1"  (timeout="200")
[20:20:41.825]      // while-condition  =>  TRUE
[20:20:41.825]      // while "1"  (timeout="200")
[20:20:41.825]      // while-condition  =>  TRUE
[20:20:41.825]      // while "1"  (timeout="200")
[20:20:41.825]      // while-condition  =>  TRUE
[20:20:41.825]      // while "1"  (timeout="200")
[20:20:41.825]      // while-condition  =>  TRUE
[20:20:41.825]      // while "1"  (timeout="200")
[20:20:41.825]      // while-condition  =>  TRUE
[20:20:41.825]      // while "1"  (timeout="200")
[20:20:41.825]      // while-condition  =>  TRUE
[20:20:41.825]      // while "1"  (timeout="200")
[20:20:41.825]      // while-condition  =>  TRUE
[20:20:41.825]      // while "1"  (timeout="200")
[20:20:41.825]      // while-condition  =>  TRUE
[20:20:41.825]      // while "1"  (timeout="200")
[20:20:41.825]      // while-condition  =>  TRUE
[20:20:41.825]      // while "1"  (timeout="200")
[20:20:41.825]      // while-condition  =>  TRUE
[20:20:41.825]      // while "1"  (timeout="200")
[20:20:41.825]      // while-condition  =>  TRUE
[20:20:41.825]      // while "1"  (timeout="200")
[20:20:41.825]      // while-condition  =>  TRUE
[20:20:41.825]      // while "1"  (timeout="200")
[20:20:41.825]      // while-condition  =>  TRUE
[20:20:41.825]      // while "1"  (timeout="200")
[20:20:41.825]      // while-condition  =>  TRUE
[20:20:41.825]      // while "1"  (timeout="200")
[20:20:41.825]      // while-condition  =>  TRUE
[20:20:41.825]      // while "1"  (timeout="200")
[20:20:41.825]      // while-condition  =>  TRUE
[20:20:41.825]      // while "1"  (timeout="200")
[20:20:41.825]      // while-condition  =>  TRUE
[20:20:41.825]      // while "1"  (timeout="200")
[20:20:41.825]      // while-condition  =>  TRUE
[20:20:41.825]      // while "1"  (timeout="200")
[20:20:41.825]      // while-condition  =>  TRUE
[20:20:41.825]      // while "1"  (timeout="200")
[20:20:41.825]      // while-condition  =>  TRUE
[20:20:41.825]      // while "1"  (timeout="200")
[20:20:41.825]      // while-condition  =>  TRUE
[20:20:41.825]      // while "1"  (timeout="200")
[20:20:41.825]      // while-condition  =>  TRUE
[20:20:41.825]      // while "1"  (timeout="200")
[20:20:41.825]      // while-condition  =>  TRUE
[20:20:41.825]      // while "1"  (timeout="200")
[20:20:41.825]      // while-condition  =>  TRUE
[20:20:41.825]      // while "1"  (timeout="200")
[20:20:41.825]      // while-condition  =>  TRUE
[20:20:41.825]      // while "1"  (timeout="200")
[20:20:41.825]      // while-condition  =>  TRUE
[20:20:41.825]      // while "1"  (timeout="200")
[20:20:41.825]      // while-condition  =>  TRUE
[20:20:41.825]      // while "1"  (timeout="200")
[20:20:41.825]      // while-condition  =>  TRUE
[20:20:41.825]      // while "1"  (timeout="200")
[20:20:41.825]      // while-condition  =>  TRUE
[20:20:41.825]      // while "1"  (timeout="200")
[20:20:41.825]      // while-condition  =>  TRUE
[20:20:41.825]      // while "1"  (timeout="200")
[20:20:41.825]      // while-condition  =>  TRUE
[20:20:41.825]      // while "1"  (timeout="200")
[20:20:41.825]      // while-condition  =>  TRUE
[20:20:41.825]      // while "1"  (timeout="200")
[20:20:41.825]      // while-condition  =>  TRUE
[20:20:41.825]      // while "1"  (timeout="200")
[20:20:41.825]      // while-condition  =>  TRUE
[20:20:41.825]      // while "1"  (timeout="200")
[20:20:41.825]      // while-condition  =>  TRUE
[20:20:41.825]      // while "1"  (timeout="200")
[20:20:41.825]      // while-condition  =>  TRUE
[20:20:41.825]      // while "1"  (timeout="200")
[20:20:41.825]      // while-condition  =>  TRUE
[20:20:41.825]      // while "1"  (timeout="200")
[20:20:41.825]      // while-condition  =>  TRUE
[20:20:41.825]      // while "1"  (timeout="200")
[20:20:41.825]      // while-condition  =>  TRUE
[20:20:41.825]      // while "1"  (timeout="200")
[20:20:41.825]      // while-condition  =>  TRUE
[20:20:41.825]      // while "1"  (timeout="200")
[20:20:41.825]      // while-condition  =>  TRUE
[20:20:41.825]      // while "1"  (timeout="200")
[20:20:41.825]      // while-condition  =>  TRUE
[20:20:41.825]      // while "1"  (timeout="200")
[20:20:41.825]      // while-condition  =>  TRUE
[20:20:41.825]      // while "1"  (timeout="200")
[20:20:41.825]      // while-condition  =>  TRUE
[20:20:41.825]      // while "1"  (timeout="200")
[20:20:41.825]      // while-condition  =>  TRUE
[20:20:41.825]      // while "1"  (timeout="200")
[20:20:41.825]      // while-condition  =>  TRUE
[20:20:41.825]      // while "1"  (timeout="200")
[20:20:41.825]      // while-condition  =>  TRUE
[20:20:41.825]      // while "1"  (timeout="200")
[20:20:41.825]      // while-condition  =>  TRUE
[20:20:41.825]      // while "1"  (timeout="200")
[20:20:41.825]      // while-condition  =>  TRUE
[20:20:41.825]      // while "1"  (timeout="200")
[20:20:41.825]      // while-condition  =>  TRUE
[20:20:41.825]      // while "1"  (timeout="200")
[20:20:41.825]      // while-condition  =>  TRUE
[20:20:41.825]      // while "1"  (timeout="200")
[20:20:41.825]      // while-condition  =>  TRUE
[20:20:41.825]      // while "1"  (timeout="200")
[20:20:41.825]      // while-condition  =>  TRUE
[20:20:41.825]      // while "1"  (timeout="200")
[20:20:41.825]      // while-condition  =>  TRUE
[20:20:41.825]      // while "1"  (timeout="200")
[20:20:41.836]      // while-condition  =>  TRUE
[20:20:41.836]      // while "1"  (timeout="200")
[20:20:41.836]      // while-condition  =>  TRUE
[20:20:41.836]      // while "1"  (timeout="200")
[20:20:41.836]      // while-condition  =>  TRUE
[20:20:41.836]      // while "1"  (timeout="200")
[20:20:41.836]      // while-condition  =>  TRUE
[20:20:41.836]      // while "1"  (timeout="200")
[20:20:41.836]      // while-condition  =>  TRUE
[20:20:41.836]      // while "1"  (timeout="200")
[20:20:41.836]      // while-condition  =>  TRUE
[20:20:41.836]      // while "1"  (timeout="200")
[20:20:41.836]      // while-condition  =>  TRUE
[20:20:41.836]      // while "1"  (timeout="200")
[20:20:41.836]      // while-condition  =>  TRUE
[20:20:41.836]      // while "1"  (timeout="200")
[20:20:41.836]      // while-condition  =>  TRUE
[20:20:41.836]      // while "1"  (timeout="200")
[20:20:41.836]      // while-condition  =>  TRUE
[20:20:41.836]      // while "1"  (timeout="200")
[20:20:41.836]      // while-condition  =>  TRUE
[20:20:41.836]      // while "1"  (timeout="200")
[20:20:41.836]      // while-condition  =>  TRUE
[20:20:41.836]      // while "1"  (timeout="200")
[20:20:41.836]      // while-condition  =>  TRUE
[20:20:41.836]      // while "1"  (timeout="200")
[20:20:41.836]      // while-condition  =>  TRUE
[20:20:41.836]      // while "1"  (timeout="200")
[20:20:41.836]      // while-condition  =>  TRUE
[20:20:41.836]      // while "1"  (timeout="200")
[20:20:41.836]      // while-condition  =>  TRUE
[20:20:41.836]      // while "1"  (timeout="200")
[20:20:41.836]      // while-condition  =>  TRUE
[20:20:41.836]      // while "1"  (timeout="200")
[20:20:41.836]      // while-condition  =>  TRUE
[20:20:41.836]      // while "1"  (timeout="200")
[20:20:41.836]      // while-condition  =>  TRUE
[20:20:41.836]      // while "1"  (timeout="200")
[20:20:41.836]      // while-condition  =>  TRUE
[20:20:41.836]      // while "1"  (timeout="200")
[20:20:41.836]      // while-condition  =>  TRUE
[20:20:41.836]      // while "1"  (timeout="200")
[20:20:41.836]      // while-condition  =>  TRUE
[20:20:41.836]      // while "1"  (timeout="200")
[20:20:41.836]      // while-condition  =>  TRUE
[20:20:41.836]      // while "1"  (timeout="200")
[20:20:41.836]      // while-condition  =>  TRUE
[20:20:41.836]      // while "1"  (timeout="200")
[20:20:41.836]      // while-condition  =>  TRUE
[20:20:41.836]      // while "1"  (timeout="200")
[20:20:41.836]      // while-condition  =>  TRUE
[20:20:41.836]      // while "1"  (timeout="200")
[20:20:41.836]      // while-condition  =>  TRUE
[20:20:41.836]      // while "1"  (timeout="200")
[20:20:41.836]      // while-condition  =>  TRUE
[20:20:41.836]      // while "1"  (timeout="200")
[20:20:41.836]      // while-condition  =>  TRUE
[20:20:41.836]      // while "1"  (timeout="200")
[20:20:41.836]      // while-condition  =>  TRUE
[20:20:41.836]      // while "1"  (timeout="200")
[20:20:41.836]      // while-condition  =>  TRUE
[20:20:41.836]      // while "1"  (timeout="200")
[20:20:41.836]      // while-condition  =>  TRUE
[20:20:41.836]      // while "1"  (timeout="200")
[20:20:41.836]      // while-condition  =>  TRUE
[20:20:41.836]      // while "1"  (timeout="200")
[20:20:41.836]      // while-condition  =>  TRUE
[20:20:41.836]      // while "1"  (timeout="200")
[20:20:41.836]      // while-condition  =>  TRUE
[20:20:41.836]      // while "1"  (timeout="200")
[20:20:41.836]      // while-condition  =>  TRUE
[20:20:41.836]      // while "1"  (timeout="200")
[20:20:41.836]      // while-condition  =>  TRUE
[20:20:41.836]      // while "1"  (timeout="200")
[20:20:41.836]      // while-condition  =>  TRUE
[20:20:41.836]      // while "1"  (timeout="200")
[20:20:41.836]      // while-condition  =>  TRUE
[20:20:41.836]      // while "1"  (timeout="200")
[20:20:41.836]      // while-condition  =>  TRUE
[20:20:41.836]      // while "1"  (timeout="200")
[20:20:41.836]      // while-condition  =>  TRUE
[20:20:41.836]      // while "1"  (timeout="200")
[20:20:41.836]      // while-condition  =>  TRUE
[20:20:41.836]      // while "1"  (timeout="200")
[20:20:41.836]      // while-condition  =>  TRUE
[20:20:41.836]      // while "1"  (timeout="200")
[20:20:41.836]      // while-condition  =>  TRUE
[20:20:41.836]      // while "1"  (timeout="200")
[20:20:41.836]      // while-condition  =>  TRUE
[20:20:41.836]      // while "1"  (timeout="200")
[20:20:41.836]      // while-condition  =>  TRUE
[20:20:41.836]      // while "1"  (timeout="200")
[20:20:41.836]      // while-condition  =>  TRUE
[20:20:41.836]      // while "1"  (timeout="200")
[20:20:41.836]      // while-condition  =>  TRUE
[20:20:41.836]      // while "1"  (timeout="200")
[20:20:41.836]      // while-condition  =>  TRUE
[20:20:41.836]      // while "1"  (timeout="200")
[20:20:41.836]      // while-condition  =>  TRUE
[20:20:41.836]      // while "1"  (timeout="200")
[20:20:41.836]      // while-condition  =>  TRUE
[20:20:41.836]      // while "1"  (timeout="200")
[20:20:41.836]      // while-condition  =>  TRUE
[20:20:41.836]      // while "1"  (timeout="200")
[20:20:41.836]      // while-condition  =>  TRUE
[20:20:41.836]      // while "1"  (timeout="200")
[20:20:41.836]      // while-condition  =>  TRUE
[20:20:41.836]      // while "1"  (timeout="200")
[20:20:41.836]      // while-condition  =>  TRUE
[20:20:41.836]      // while "1"  (timeout="200")
[20:20:41.836]      // while-condition  =>  TRUE
[20:20:41.836]      // while "1"  (timeout="200")
[20:20:41.836]      // while-condition  =>  TRUE
[20:20:41.836]      // while "1"  (timeout="200")
[20:20:41.836]      // while-condition  =>  TRUE
[20:20:41.836]      // while "1"  (timeout="200")
[20:20:41.836]      // while-condition  =>  TRUE
[20:20:41.836]      // while "1"  (timeout="200")
[20:20:41.836]      // while-condition  =>  TRUE
[20:20:41.836]      // while "1"  (timeout="200")
[20:20:41.836]      // while-condition  =>  TRUE
[20:20:41.836]      // while "1"  (timeout="200")
[20:20:41.836]      // while-condition  =>  TRUE
[20:20:41.836]      // while "1"  (timeout="200")
[20:20:41.836]      // while-condition  =>  TRUE
[20:20:41.836]      // while "1"  (timeout="200")
[20:20:41.836]      // while-condition  =>  TRUE
[20:20:41.836]      // while "1"  (timeout="200")
[20:20:41.836]      // while-condition  =>  TRUE
[20:20:41.836]      // while "1"  (timeout="200")
[20:20:41.836]      // while-condition  =>  TRUE
[20:20:41.836]      // while "1"  (timeout="200")
[20:20:41.836]      // while-condition  =>  TRUE
[20:20:41.836]      // while "1"  (timeout="200")
[20:20:41.836]      // while-condition  =>  TRUE
[20:20:41.836]      // while "1"  (timeout="200")
[20:20:41.836]      // while-condition  =>  TRUE
[20:20:41.836]      // while "1"  (timeout="200")
[20:20:41.836]      // while-condition  =>  TRUE
[20:20:41.836]      // while "1"  (timeout="200")
[20:20:41.836]      // while-condition  =>  TRUE
[20:20:41.836]      // while "1"  (timeout="200")
[20:20:41.836]      // while-condition  =>  TRUE
[20:20:41.836]      // while "1"  (timeout="200")
[20:20:41.836]      // while-condition  =>  TRUE
[20:20:41.836]      // while "1"  (timeout="200")
[20:20:41.836]      // while-condition  =>  TRUE
[20:20:41.836]      // while "1"  (timeout="200")
[20:20:41.836]      // while-condition  =>  TRUE
[20:20:41.836]      // while "1"  (timeout="200")
[20:20:41.836]      // while-condition  =>  TRUE
[20:20:41.836]      // while "1"  (timeout="200")
[20:20:41.836]      // while-condition  =>  TRUE
[20:20:41.836]      // while "1"  (timeout="200")
[20:20:41.836]      // while-condition  =>  TRUE
[20:20:41.836]      // while "1"  (timeout="200")
[20:20:41.836]      // while-condition  =>  TRUE
[20:20:41.836]      // while "1"  (timeout="200")
[20:20:41.836]      // while-condition  =>  TRUE
[20:20:41.836]      // while "1"  (timeout="200")
[20:20:41.836]      // while-condition  =>  TRUE
[20:20:41.836]      // while "1"  (timeout="200")
[20:20:41.836]      // while-condition  =>  TRUE
[20:20:41.836]      // while "1"  (timeout="200")
[20:20:41.836]      // while-condition  =>  TRUE
[20:20:41.836]      // while "1"  (timeout="200")
[20:20:41.836]      // while-condition  =>  TRUE
[20:20:41.836]      // while "1"  (timeout="200")
[20:20:41.836]      // while-condition  =>  TRUE
[20:20:41.836]      // while "1"  (timeout="200")
[20:20:41.836]      // while-condition  =>  TRUE
[20:20:41.836]      // while "1"  (timeout="200")
[20:20:41.836]      // while-condition  =>  TRUE
[20:20:41.836]      // while "1"  (timeout="200")
[20:20:41.836]      // while-condition  =>  TRUE
[20:20:41.836]      // while "1"  (timeout="200")
[20:20:41.836]      // while-condition  =>  TRUE
[20:20:41.836]      // while "1"  (timeout="200")
[20:20:41.836]      // while-condition  =>  TRUE
[20:20:41.836]      // while "1"  (timeout="200")
[20:20:41.836]      // while-condition  =>  TRUE
[20:20:41.836]      // while "1"  (timeout="200")
[20:20:41.836]      // while-condition  =>  TRUE
[20:20:41.836]      // while "1"  (timeout="200")
[20:20:41.836]      // while-condition  =>  TRUE
[20:20:41.836]      // while "1"  (timeout="200")
[20:20:41.836]      // while-condition  =>  TRUE
[20:20:41.836]      // while "1"  (timeout="200")
[20:20:41.836]      // while-condition  =>  TRUE
[20:20:41.836]      // while "1"  (timeout="200")
[20:20:41.836]      // while-condition  =>  TRUE
[20:20:41.836]      // while "1"  (timeout="200")
[20:20:41.836]      // while-condition  =>  TRUE
[20:20:41.836]      // while "1"  (timeout="200")
[20:20:41.836]      // while-condition  =>  TRUE
[20:20:41.836]      // while "1"  (timeout="200")
[20:20:41.836]      // while-condition  =>  TRUE
[20:20:41.836]      // while "1"  (timeout="200")
[20:20:41.836]      // while-condition  =>  TRUE
[20:20:41.846]      // while "1"  (timeout="200")
[20:20:41.846]      // while  =>  TIMEOUT
[20:20:41.846]      // end while "1"
[20:20:41.846]    </control>
[20:20:41.846]    <control if="canReadPins" while="" timeout="0" info="">
[20:20:41.846]      // if-block "canReadPins"
[20:20:41.846]        // =>  TRUE
[20:20:41.846]      <control if="" while="(DAP_SWJ_Pins(nReset, nReset, 0) & nReset) == 0" timeout="1000000" info="">
[20:20:41.846]        // while "(DAP_SWJ_Pins(nReset, nReset, 0) & nReset) == 0"  (timeout="1000000")
[20:20:41.846]          // -> [DAP_SWJ_Pins(0x80, 0x80, 0) => 0x8F]   (Out: nRESET=1  =>  In: SWCLK/TCK=1, SWDIO/TMS=1, TDI=1, TDO=1, nTRST=0, nRESET=1)
[20:20:41.846]        // while-condition  =>  FALSE
[20:20:41.846]        // end while "(DAP_SWJ_Pins(nReset, nReset, 0) & nReset) == 0"
[20:20:41.846]      </control>
[20:20:41.846]      // end if-block "canReadPins"
[20:20:41.846]    </control>
[20:20:41.846]    <control if="!canReadPins" while="" timeout="0" info="">
[20:20:41.846]      // if-block "!canReadPins"
[20:20:41.846]        // =>  FALSE
[20:20:41.846]      // skip if-block "!canReadPins"
[20:20:41.846]    </control>
[20:20:41.846]    <control if="(ACCESS_POINT_VAL & 0x00E00000) == 0" while="" timeout="0" info="">
[20:20:41.846]      // if-block "(ACCESS_POINT_VAL & 0x00E00000) == 0"
[20:20:41.846]        // =>  TRUE
[20:20:41.846]      <block atomic="false" info="">
[20:20:41.846]        WriteAP(0x00, 0x190008);
[20:20:41.846]          // -> [WriteAP(0x00000000, 0x00190008)]   (__dp=0x00000000, __ap=0x00000004)
[20:20:41.846]        WriteAP(0xF0, 0x01);
[20:20:41.846]          // -> [WriteAP(0x000000F0, 0x00000001)]   (__dp=0x00000000, __ap=0x00000004)
[20:20:41.856]      </block>
[20:20:41.856]      // end if-block "(ACCESS_POINT_VAL & 0x00E00000) == 0"
[20:20:41.856]    </control>
[20:20:41.856]    <control if="(ACCESS_POINT_VAL & 0x00E00000) != 0" while="" timeout="0" info="">
[20:20:41.856]      // if-block "(ACCESS_POINT_VAL & 0x00E00000) != 0"
[20:20:41.856]        // =>  FALSE
[20:20:41.856]      // skip if-block "(ACCESS_POINT_VAL & 0x00E00000) != 0"
[20:20:41.856]    </control>
[20:20:41.856]    <block atomic="false" info="">
[20:20:41.856]      ACCESS_POINT_VAL = ReadAP(0x00);//Reading current state of access point
[20:20:41.856]        // -> [ReadAP(0x00000000) => 0x0079002F]   (__dp=0x00000000, __ap=0x00000004)
[20:20:41.856]        // -> [ACCESS_POINT_VAL <= 0x0079002F]
[20:20:41.856]      Message(0, "Current state of access point is: %x",ACCESS_POINT_VAL);
[20:20:41.856]      __ap = 0; //lets make sure we reset the access point selection
[20:20:41.856]        // -> [__ap <= 0x00000000]
[20:20:41.856]    </block>
[20:20:41.856]  </sequence>
[20:20:41.856]  
[20:20:41.877]  **********  Sequence "DebugDeviceUnlock"  (Context="Connect", Pname="", info="")
[20:20:41.877]  
[20:20:41.877]  <debugvars>
[20:20:41.877]    // Pre-defined
[20:20:41.877]    __protocol=0x00010002      (Protocol="SWD", SWJ-DP="True")
[20:20:41.877]    __connection=0x00000202    (Connection Type="Flash", Reset Type="System Reset")
[20:20:41.877]    __dp=0x00000000
[20:20:41.877]    __ap=0x00000000
[20:20:41.877]    __traceout=0x00000000      (Trace Disabled)
[20:20:41.877]    __errorcontrol=0x00000000  (Skip Errors="False")
[20:20:41.877]    __FlashAddr=0x00000000
[20:20:41.877]    __FlashLen=0x00000000
[20:20:41.877]    __FlashArg=0x00000000
[20:20:41.877]    __FlashOp=0x00000000
[20:20:41.877]    __Result=0x00000000
[20:20:41.877]  </debugvars>
[20:20:41.877]  
[20:20:41.877]  <sequence name="DebugDeviceUnlock" Pname="" disable="false" info="">
[20:20:41.877]    <block atomic="false" info="">
[20:20:41.877]      __var deviceID = 0;
[20:20:41.877]        // -> [deviceID <= 0x00000000]
[20:20:41.877]      __var version = 0;
[20:20:41.877]        // -> [version <= 0x00000000]
[20:20:41.877]      __var partNum = 0;
[20:20:41.877]        // -> [partNum <= 0x00000000]
[20:20:41.877]      __var manuf = 0;
[20:20:41.877]        // -> [manuf <= 0x00000000]
[20:20:41.877]      __var isMSPM0G1X0X_G3X0X = 0;
[20:20:41.877]        // -> [isMSPM0G1X0X_G3X0X <= 0x00000000]
[20:20:41.877]      __var isProduction = 0;
[20:20:41.877]        // -> [isProduction <= 0x00000000]
[20:20:41.877]      __var continueId = 0;
[20:20:41.887]        // -> [continueId <= 0x00000000]
[20:20:41.887]      deviceID =   Read32(0x41C40004);
[20:20:41.887]        // -> [Read32(0x41C40004) => 0x2BB8802F]   (__dp=0x00000000, __ap=0x00000000)
[20:20:41.887]        // -> [deviceID <= 0x2BB8802F]
[20:20:41.887]      version = deviceID >> 28;
[20:20:41.887]        // -> [version <= 0x00000002]
[20:20:41.887]      partNum = (deviceID & 0x0FFFF000) >> 12;
[20:20:41.887]        // -> [partNum <= 0x0000BB88]
[20:20:41.887]      manuf = (deviceID & 0x00000FFE) >> 1;
[20:20:41.887]        // -> [manuf <= 0x00000017]
[20:20:41.887]      isMSPM0G1X0X_G3X0X = (partNum == 0xBB88) && (manuf == 0x17);
[20:20:41.887]        // -> [isMSPM0G1X0X_G3X0X <= 0x00000001]
[20:20:41.887]      isProduction = (version > 0);
[20:20:41.887]        // -> [isProduction <= 0x00000001]
[20:20:41.887]    </block>
[20:20:41.887]    <control if="!isMSPM0G1X0X_G3X0X" while="" timeout="0" info="">
[20:20:41.887]      // if-block "!isMSPM0G1X0X_G3X0X"
[20:20:41.887]        // =>  FALSE
[20:20:41.887]      // skip if-block "!isMSPM0G1X0X_G3X0X"
[20:20:41.887]    </control>
[20:20:41.887]    <control if="continueId == 4" while="" timeout="0" info="">
[20:20:41.887]      // if-block "continueId == 4"
[20:20:41.887]        // =>  FALSE
[20:20:41.887]      // skip if-block "continueId == 4"
[20:20:41.887]    </control>
[20:20:41.887]    <control if="!isProduction" while="" timeout="0" info="">
[20:20:41.887]      // if-block "!isProduction"
[20:20:41.887]        // =>  FALSE
[20:20:41.887]      // skip if-block "!isProduction"
[20:20:41.887]    </control>
[20:20:41.887]  </sequence>
[20:20:41.887]  
[20:25:33.195]  **********  Sequence "DebugPortSetup"  (Context="Connect", Pname="", info="")
[20:25:33.195]  
[20:25:33.199]  <debugvars>
[20:25:33.199]    // Pre-defined
[20:25:33.199]    __protocol=0x00010002      (Protocol="SWD", SWJ-DP="True")
[20:25:33.199]    __connection=0x00000202    (Connection Type="Flash", Reset Type="System Reset")
[20:25:33.199]    __dp=0x00000000
[20:25:33.199]    __ap=0x00000000
[20:25:33.199]    __traceout=0x00000000      (Trace Disabled)
[20:25:33.199]    __errorcontrol=0x00000000  (Skip Errors="False")
[20:25:33.199]    __FlashAddr=0x00000000
[20:25:33.199]    __FlashLen=0x00000000
[20:25:33.199]    __FlashArg=0x00000000
[20:25:33.199]    __FlashOp=0x00000000
[20:25:33.199]    __Result=0x00000000
[20:25:33.199]  </debugvars>
[20:25:33.199]  
[20:25:33.199]  <sequence name="DebugPortSetup" Pname="" disable="false" info="">
[20:25:33.199]    <block atomic="false" info="">
[20:25:33.199]      __var isSWJ      = ((__protocol & 0x00010000) != 0);
[20:25:33.199]        // -> [isSWJ <= 0x00000001]
[20:25:33.199]      __var hasDormant = __protocol & 0x00020000;
[20:25:33.199]        // -> [hasDormant <= 0x00000000]
[20:25:33.199]      __var protType   = __protocol & 0x0000FFFF;
[20:25:33.199]        // -> [protType <= 0x00000002]
[20:25:33.199]    </block>
[20:25:33.199]    <control if="protType == 1" while="" timeout="0" info="">
[20:25:33.199]      // if-block "protType == 1"
[20:25:33.199]        // =>  FALSE
[20:25:33.199]      // skip if-block "protType == 1"
[20:25:33.199]    </control>
[20:25:33.199]    <control if="protType == 2" while="" timeout="0" info="">
[20:25:33.199]      // if-block "protType == 2"
[20:25:33.199]        // =>  TRUE
[20:25:33.199]      <control if="isSWJ" while="" timeout="0" info="">
[20:25:33.199]        // if-block "isSWJ"
[20:25:33.199]          // =>  TRUE
[20:25:33.199]        <control if="hasDormant" while="" timeout="0" info="">
[20:25:33.199]          // if-block "hasDormant"
[20:25:33.199]            // =>  FALSE
[20:25:33.199]          // skip if-block "hasDormant"
[20:25:33.199]        </control>
[20:25:33.199]        <control if="!hasDormant" while="" timeout="0" info="">
[20:25:33.199]          // if-block "!hasDormant"
[20:25:33.199]            // =>  TRUE
[20:25:33.199]          <block atomic="false" info="">
[20:25:33.199]            DAP_SWJ_Sequence(51, 0x0007FFFFFFFFFFFF); //lets put the JTAG line in a reset state
[20:25:33.199]              // -> [DAP_SWJ_Sequence(51, 0x0007FFFFFFFFFFFF)]
[20:25:33.199]            DAP_SWJ_Sequence(16,0xE73C); //SWD to JTAG, this is to ensure the state machine is initialized
[20:25:33.199]              // -> [DAP_SWJ_Sequence(16, 0x000000000000E73C)]
[20:25:33.199]            DAP_SWJ_Sequence(51, 0x0007FFFFFFFFFFFF); //Put it back in reset
[20:25:33.199]              // -> [DAP_SWJ_Sequence(51, 0x0007FFFFFFFFFFFF)]
[20:25:33.199]            DAP_SWJ_Sequence(16, 0xE79E); //JTAG to SWD switch
[20:25:33.209]              // -> [DAP_SWJ_Sequence(16, 0x000000000000E79E)]
[20:25:33.209]            DAP_SWJ_Sequence(51, 0x0007FFFFFFFFFFFF);  //Ensure the switch is successful 
[20:25:33.209]              // -> [DAP_SWJ_Sequence(51, 0x0007FFFFFFFFFFFF)]
[20:25:33.209]            DAP_SWJ_Sequence(7,  0x00); //Give the line some time to initialize
[20:25:33.209]              // -> [DAP_SWJ_Sequence(7, 0x0000000000000000)]
[20:25:33.209]          </block>
[20:25:33.209]          // end if-block "!hasDormant"
[20:25:33.209]        </control>
[20:25:33.209]        // end if-block "isSWJ"
[20:25:33.209]      </control>
[20:25:33.209]      <control if="!isSWJ" while="" timeout="0" info="">
[20:25:33.209]        // if-block "!isSWJ"
[20:25:33.209]          // =>  FALSE
[20:25:33.209]        // skip if-block "!isSWJ"
[20:25:33.209]      </control>
[20:25:33.209]      <block atomic="false" info="">
[20:25:33.209]        ReadDP(0x0);
[20:25:33.219]          // -> [ReadDP(0x00000000) => 0x6BA02477]   (__dp=0x00000000)
[20:25:33.219]      </block>
[20:25:33.219]      // end if-block "protType == 2"
[20:25:33.219]    </control>
[20:25:33.219]  </sequence>
[20:25:33.219]  
[20:25:33.219]  **********  Sequence "DebugPortStart"  (Context="Connect", Pname="", info="")
[20:25:33.219]  
[20:25:33.219]  <debugvars>
[20:25:33.219]    // Pre-defined
[20:25:33.219]    __protocol=0x00010002      (Protocol="SWD", SWJ-DP="True")
[20:25:33.219]    __connection=0x00000202    (Connection Type="Flash", Reset Type="System Reset")
[20:25:33.219]    __dp=0x00000000
[20:25:33.219]    __ap=0x00000000
[20:25:33.219]    __traceout=0x00000000      (Trace Disabled)
[20:25:33.219]    __errorcontrol=0x00000000  (Skip Errors="False")
[20:25:33.219]    __FlashAddr=0x00000000
[20:25:33.219]    __FlashLen=0x00000000
[20:25:33.219]    __FlashArg=0x00000000
[20:25:33.219]    __FlashOp=0x00000000
[20:25:33.219]    __Result=0x00000000
[20:25:33.219]  </debugvars>
[20:25:33.219]  
[20:25:33.219]  <sequence name="DebugPortStart" Pname="" disable="false" info="">
[20:25:33.219]    <block atomic="false" info="">
[20:25:33.219]      __var SW_DP_ABORT       = 0x0;
[20:25:33.219]        // -> [SW_DP_ABORT <= 0x00000000]
[20:25:33.219]      __var DP_CTRL_STAT      = 0x4;
[20:25:33.219]        // -> [DP_CTRL_STAT <= 0x00000004]
[20:25:33.219]      __var DP_SELECT         = 0x8;
[20:25:33.219]        // -> [DP_SELECT <= 0x00000008]
[20:25:33.219]      __var powered_down      = 0;
[20:25:33.219]        // -> [powered_down <= 0x00000000]
[20:25:33.219]      WriteDP(DP_SELECT, 0x00000000);
[20:25:33.229]        // -> [WriteDP(0x00000008, 0x00000000)]   (__dp=0x00000000)
[20:25:33.229]      powered_down = ((ReadDP(DP_CTRL_STAT) & 0xA0000000) != 0xA0000000);
[20:25:33.229]        // -> [ReadDP(0x00000004) => 0x00000040]   (__dp=0x00000000)
[20:25:33.229]        // -> [powered_down <= 0x00000001]
[20:25:33.229]    </block>
[20:25:33.229]    <control if="powered_down" while="" timeout="0" info="">
[20:25:33.229]      // if-block "powered_down"
[20:25:33.229]        // =>  TRUE
[20:25:33.229]      <block atomic="false" info="">
[20:25:33.229]        Message(0, "Debug/System power-up request sent");
[20:25:33.229]        WriteDP(DP_CTRL_STAT, 0x50000000);
[20:25:33.229]          // -> [WriteDP(0x00000004, 0x50000000)]   (__dp=0x00000000)
[20:25:33.229]      </block>
[20:25:33.229]      <control if="" while="(ReadDP(DP_CTRL_STAT) & 0xA0000000) != 0xA0000000" timeout="1000000" info="">
[20:25:33.229]        // while "(ReadDP(DP_CTRL_STAT) & 0xA0000000) != 0xA0000000"  (timeout="1000000")
[20:25:33.229]          // -> [ReadDP(0x00000004) => 0xF0000040]   (__dp=0x00000000)
[20:25:33.229]        // while-condition  =>  FALSE
[20:25:33.229]        // end while "(ReadDP(DP_CTRL_STAT) & 0xA0000000) != 0xA0000000"
[20:25:33.239]      </control>
[20:25:33.239]      <control if="(__protocol & 0xFFFF) == 1" while="" timeout="0" info="">
[20:25:33.239]        // if-block "(__protocol & 0xFFFF) == 1"
[20:25:33.239]          // =>  FALSE
[20:25:33.239]        // skip if-block "(__protocol & 0xFFFF) == 1"
[20:25:33.239]      </control>
[20:25:33.239]      <control if="(__protocol & 0xFFFF) == 2" while="" timeout="0" info="">
[20:25:33.239]        // if-block "(__protocol & 0xFFFF) == 2"
[20:25:33.239]          // =>  TRUE
[20:25:33.239]        <block atomic="false" info="">
[20:25:33.239]          Message(0, "executing SWD power up");
[20:25:33.239]          WriteDP(DP_CTRL_STAT, 0x50000F00);
[20:25:33.239]            // -> [WriteDP(0x00000004, 0x50000F00)]   (__dp=0x00000000)
[20:25:33.239]          WriteDP(SW_DP_ABORT, 0x0000001E);
[20:25:33.239]            // -> [WriteDP(0x00000000, 0x0000001E)]   (__dp=0x00000000)
[20:25:33.239]        </block>
[20:25:33.239]        // end if-block "(__protocol & 0xFFFF) == 2"
[20:25:33.239]      </control>
[20:25:33.239]      // end if-block "powered_down"
[20:25:33.239]    </control>
[20:25:33.239]    <block atomic="false" info="">
[20:25:33.239]      __var DEBUG_PORT_VAL    = 0;
[20:25:33.239]        // -> [DEBUG_PORT_VAL <= 0x00000000]
[20:25:33.239]      __var ACCESS_POINT_VAL  = 0;
[20:25:33.239]        // -> [ACCESS_POINT_VAL <= 0x00000000]
[20:25:33.239]      __ap = 1; 
[20:25:33.239]        // -> [__ap <= 0x00000001]
[20:25:33.239]      WriteAP(0x0C, 0x04); //lets use the mini pwr-ap as backup
[20:25:33.249]        // -> [WriteAP(0x0000000C, 0x00000004)]   (__dp=0x00000000, __ap=0x00000001)
[20:25:33.249]      __ap = 4;
[20:25:33.249]        // -> [__ap <= 0x00000004]
[20:25:33.249]      ACCESS_POINT_VAL = ReadAP(0x00);//Reading current state of access point
[20:25:33.249]        // -> [ReadAP(0x00000000) => 0x00080027]   (__dp=0x00000000, __ap=0x00000004)
[20:25:33.249]        // -> [ACCESS_POINT_VAL <= 0x00080027]
[20:25:33.249]      Message(0, "Current state of access point is: %x",ACCESS_POINT_VAL);
[20:25:33.255]    </block>
[20:25:33.255]    <block atomic="false" info="">
[20:25:33.255]      __var nReset = 0x80;
[20:25:33.255]        // -> [nReset <= 0x00000080]
[20:25:33.255]      __var canReadPins = 0;
[20:25:33.255]        // -> [canReadPins <= 0x00000000]
[20:25:33.255]      canReadPins = (DAP_SWJ_Pins(0x00, nReset, 0) != 0xFFFFFFFF);
[20:25:33.255]        // -> [DAP_SWJ_Pins(0x00, 0x80, 0) => 0x0F]   (Out: nRESET=0  =>  In: SWCLK/TCK=1, SWDIO/TMS=1, TDI=1, TDO=1, nTRST=0, nRESET=0)
[20:25:33.255]        // -> [canReadPins <= 0x00000001]
[20:25:33.255]    </block>
[20:25:33.255]    <control if="" while="1" timeout="200" info="">
[20:25:33.259]      // while "1"  (timeout="200")
[20:25:33.259]      // while-condition  =>  TRUE
[20:25:33.259]      // while "1"  (timeout="200")
[20:25:33.259]      // while-condition  =>  TRUE
[20:25:33.259]      // while "1"  (timeout="200")
[20:25:33.259]      // while-condition  =>  TRUE
[20:25:33.259]      // while "1"  (timeout="200")
[20:25:33.259]      // while-condition  =>  TRUE
[20:25:33.259]      // while "1"  (timeout="200")
[20:25:33.259]      // while-condition  =>  TRUE
[20:25:33.259]      // while "1"  (timeout="200")
[20:25:33.259]      // while-condition  =>  TRUE
[20:25:33.259]      // while "1"  (timeout="200")
[20:25:33.259]      // while-condition  =>  TRUE
[20:25:33.259]      // while "1"  (timeout="200")
[20:25:33.259]      // while-condition  =>  TRUE
[20:25:33.259]      // while "1"  (timeout="200")
[20:25:33.259]      // while-condition  =>  TRUE
[20:25:33.259]      // while "1"  (timeout="200")
[20:25:33.259]      // while-condition  =>  TRUE
[20:25:33.259]      // while "1"  (timeout="200")
[20:25:33.259]      // while-condition  =>  TRUE
[20:25:33.259]      // while "1"  (timeout="200")
[20:25:33.259]      // while-condition  =>  TRUE
[20:25:33.259]      // while "1"  (timeout="200")
[20:25:33.259]      // while-condition  =>  TRUE
[20:25:33.259]      // while "1"  (timeout="200")
[20:25:33.259]      // while-condition  =>  TRUE
[20:25:33.259]      // while "1"  (timeout="200")
[20:25:33.259]      // while-condition  =>  TRUE
[20:25:33.259]      // while "1"  (timeout="200")
[20:25:33.259]      // while-condition  =>  TRUE
[20:25:33.259]      // while "1"  (timeout="200")
[20:25:33.259]      // while-condition  =>  TRUE
[20:25:33.259]      // while "1"  (timeout="200")
[20:25:33.259]      // while-condition  =>  TRUE
[20:25:33.259]      // while "1"  (timeout="200")
[20:25:33.259]      // while-condition  =>  TRUE
[20:25:33.259]      // while "1"  (timeout="200")
[20:25:33.259]      // while-condition  =>  TRUE
[20:25:33.259]      // while "1"  (timeout="200")
[20:25:33.259]      // while-condition  =>  TRUE
[20:25:33.259]      // while "1"  (timeout="200")
[20:25:33.259]      // while-condition  =>  TRUE
[20:25:33.259]      // while "1"  (timeout="200")
[20:25:33.259]      // while-condition  =>  TRUE
[20:25:33.259]      // while "1"  (timeout="200")
[20:25:33.259]      // while-condition  =>  TRUE
[20:25:33.259]      // while "1"  (timeout="200")
[20:25:33.259]      // while-condition  =>  TRUE
[20:25:33.259]      // while "1"  (timeout="200")
[20:25:33.259]      // while-condition  =>  TRUE
[20:25:33.259]      // while "1"  (timeout="200")
[20:25:33.259]      // while-condition  =>  TRUE
[20:25:33.259]      // while "1"  (timeout="200")
[20:25:33.259]      // while-condition  =>  TRUE
[20:25:33.259]      // while "1"  (timeout="200")
[20:25:33.259]      // while-condition  =>  TRUE
[20:25:33.259]      // while "1"  (timeout="200")
[20:25:33.259]      // while-condition  =>  TRUE
[20:25:33.259]      // while "1"  (timeout="200")
[20:25:33.259]      // while-condition  =>  TRUE
[20:25:33.259]      // while "1"  (timeout="200")
[20:25:33.259]      // while-condition  =>  TRUE
[20:25:33.259]      // while "1"  (timeout="200")
[20:25:33.259]      // while-condition  =>  TRUE
[20:25:33.259]      // while "1"  (timeout="200")
[20:25:33.259]      // while-condition  =>  TRUE
[20:25:33.259]      // while "1"  (timeout="200")
[20:25:33.259]      // while-condition  =>  TRUE
[20:25:33.259]      // while "1"  (timeout="200")
[20:25:33.259]      // while-condition  =>  TRUE
[20:25:33.259]      // while "1"  (timeout="200")
[20:25:33.259]      // while-condition  =>  TRUE
[20:25:33.259]      // while "1"  (timeout="200")
[20:25:33.259]      // while-condition  =>  TRUE
[20:25:33.259]      // while "1"  (timeout="200")
[20:25:33.259]      // while-condition  =>  TRUE
[20:25:33.259]      // while "1"  (timeout="200")
[20:25:33.259]      // while-condition  =>  TRUE
[20:25:33.259]      // while "1"  (timeout="200")
[20:25:33.259]      // while-condition  =>  TRUE
[20:25:33.259]      // while "1"  (timeout="200")
[20:25:33.259]      // while-condition  =>  TRUE
[20:25:33.259]      // while "1"  (timeout="200")
[20:25:33.259]      // while-condition  =>  TRUE
[20:25:33.259]      // while "1"  (timeout="200")
[20:25:33.259]      // while-condition  =>  TRUE
[20:25:33.259]      // while "1"  (timeout="200")
[20:25:33.259]      // while-condition  =>  TRUE
[20:25:33.259]      // while "1"  (timeout="200")
[20:25:33.259]      // while-condition  =>  TRUE
[20:25:33.259]      // while "1"  (timeout="200")
[20:25:33.259]      // while-condition  =>  TRUE
[20:25:33.259]      // while "1"  (timeout="200")
[20:25:33.259]      // while-condition  =>  TRUE
[20:25:33.259]      // while "1"  (timeout="200")
[20:25:33.259]      // while-condition  =>  TRUE
[20:25:33.259]      // while "1"  (timeout="200")
[20:25:33.259]      // while-condition  =>  TRUE
[20:25:33.259]      // while "1"  (timeout="200")
[20:25:33.259]      // while-condition  =>  TRUE
[20:25:33.259]      // while "1"  (timeout="200")
[20:25:33.259]      // while-condition  =>  TRUE
[20:25:33.259]      // while "1"  (timeout="200")
[20:25:33.259]      // while-condition  =>  TRUE
[20:25:33.259]      // while "1"  (timeout="200")
[20:25:33.259]      // while-condition  =>  TRUE
[20:25:33.259]      // while "1"  (timeout="200")
[20:25:33.259]      // while-condition  =>  TRUE
[20:25:33.259]      // while "1"  (timeout="200")
[20:25:33.259]      // while-condition  =>  TRUE
[20:25:33.259]      // while "1"  (timeout="200")
[20:25:33.259]      // while-condition  =>  TRUE
[20:25:33.259]      // while "1"  (timeout="200")
[20:25:33.259]      // while-condition  =>  TRUE
[20:25:33.259]      // while "1"  (timeout="200")
[20:25:33.259]      // while-condition  =>  TRUE
[20:25:33.259]      // while "1"  (timeout="200")
[20:25:33.259]      // while-condition  =>  TRUE
[20:25:33.259]      // while "1"  (timeout="200")
[20:25:33.259]      // while-condition  =>  TRUE
[20:25:33.269]      // while "1"  (timeout="200")
[20:25:33.269]      // while  =>  TIMEOUT
[20:25:33.269]      // end while "1"
[20:25:33.269]    </control>
[20:25:33.269]    <control if="canReadPins" while="" timeout="0" info="">
[20:25:33.269]      // if-block "canReadPins"
[20:25:33.269]        // =>  TRUE
[20:25:33.269]      <control if="" while="(DAP_SWJ_Pins(nReset, nReset, 0) & nReset) == 0" timeout="1000000" info="">
[20:25:33.269]        // while "(DAP_SWJ_Pins(nReset, nReset, 0) & nReset) == 0"  (timeout="1000000")
[20:25:33.269]          // -> [DAP_SWJ_Pins(0x80, 0x80, 0) => 0x8F]   (Out: nRESET=1  =>  In: SWCLK/TCK=1, SWDIO/TMS=1, TDI=1, TDO=1, nTRST=0, nRESET=1)
[20:25:33.269]        // while-condition  =>  FALSE
[20:25:33.269]        // end while "(DAP_SWJ_Pins(nReset, nReset, 0) & nReset) == 0"
[20:25:33.269]      </control>
[20:25:33.269]      // end if-block "canReadPins"
[20:25:33.269]    </control>
[20:25:33.269]    <control if="!canReadPins" while="" timeout="0" info="">
[20:25:33.269]      // if-block "!canReadPins"
[20:25:33.269]        // =>  FALSE
[20:25:33.269]      // skip if-block "!canReadPins"
[20:25:33.269]    </control>
[20:25:33.269]    <control if="(ACCESS_POINT_VAL & 0x00E00000) == 0" while="" timeout="0" info="">
[20:25:33.269]      // if-block "(ACCESS_POINT_VAL & 0x00E00000) == 0"
[20:25:33.269]        // =>  TRUE
[20:25:33.269]      <block atomic="false" info="">
[20:25:33.269]        WriteAP(0x00, 0x190008);
[20:25:33.269]          // -> [WriteAP(0x00000000, 0x00190008)]   (__dp=0x00000000, __ap=0x00000004)
[20:25:33.269]        WriteAP(0xF0, 0x01);
[20:25:33.269]          // -> [WriteAP(0x000000F0, 0x00000001)]   (__dp=0x00000000, __ap=0x00000004)
[20:25:33.269]      </block>
[20:25:33.279]      // end if-block "(ACCESS_POINT_VAL & 0x00E00000) == 0"
[20:25:33.279]    </control>
[20:25:33.279]    <control if="(ACCESS_POINT_VAL & 0x00E00000) != 0" while="" timeout="0" info="">
[20:25:33.279]      // if-block "(ACCESS_POINT_VAL & 0x00E00000) != 0"
[20:25:33.279]        // =>  FALSE
[20:25:33.279]      // skip if-block "(ACCESS_POINT_VAL & 0x00E00000) != 0"
[20:25:33.279]    </control>
[20:25:33.279]    <block atomic="false" info="">
[20:25:33.279]      ACCESS_POINT_VAL = ReadAP(0x00);//Reading current state of access point
[20:25:33.284]        // -> [ReadAP(0x00000000) => 0x0079002F]   (__dp=0x00000000, __ap=0x00000004)
[20:25:33.284]        // -> [ACCESS_POINT_VAL <= 0x0079002F]
[20:25:33.284]      Message(0, "Current state of access point is: %x",ACCESS_POINT_VAL);
[20:25:33.284]      __ap = 0; //lets make sure we reset the access point selection
[20:25:33.284]        // -> [__ap <= 0x00000000]
[20:25:33.284]    </block>
[20:25:33.284]  </sequence>
[20:25:33.284]  
[20:25:33.299]  **********  Sequence "DebugDeviceUnlock"  (Context="Connect", Pname="", info="")
[20:25:33.299]  
[20:25:33.299]  <debugvars>
[20:25:33.299]    // Pre-defined
[20:25:33.299]    __protocol=0x00010002      (Protocol="SWD", SWJ-DP="True")
[20:25:33.299]    __connection=0x00000202    (Connection Type="Flash", Reset Type="System Reset")
[20:25:33.299]    __dp=0x00000000
[20:25:33.299]    __ap=0x00000000
[20:25:33.299]    __traceout=0x00000000      (Trace Disabled)
[20:25:33.299]    __errorcontrol=0x00000000  (Skip Errors="False")
[20:25:33.299]    __FlashAddr=0x00000000
[20:25:33.299]    __FlashLen=0x00000000
[20:25:33.299]    __FlashArg=0x00000000
[20:25:33.299]    __FlashOp=0x00000000
[20:25:33.299]    __Result=0x00000000
[20:25:33.299]  </debugvars>
[20:25:33.299]  
[20:25:33.299]  <sequence name="DebugDeviceUnlock" Pname="" disable="false" info="">
[20:25:33.299]    <block atomic="false" info="">
[20:25:33.299]      __var deviceID = 0;
[20:25:33.299]        // -> [deviceID <= 0x00000000]
[20:25:33.299]      __var version = 0;
[20:25:33.299]        // -> [version <= 0x00000000]
[20:25:33.309]      __var partNum = 0;
[20:25:33.309]        // -> [partNum <= 0x00000000]
[20:25:33.309]      __var manuf = 0;
[20:25:33.309]        // -> [manuf <= 0x00000000]
[20:25:33.309]      __var isMSPM0G1X0X_G3X0X = 0;
[20:25:33.309]        // -> [isMSPM0G1X0X_G3X0X <= 0x00000000]
[20:25:33.309]      __var isProduction = 0;
[20:25:33.309]        // -> [isProduction <= 0x00000000]
[20:25:33.309]      __var continueId = 0;
[20:25:33.309]        // -> [continueId <= 0x00000000]
[20:25:33.309]      deviceID =   Read32(0x41C40004);
[20:25:33.309]        // -> [Read32(0x41C40004) => 0x2BB8802F]   (__dp=0x00000000, __ap=0x00000000)
[20:25:33.309]        // -> [deviceID <= 0x2BB8802F]
[20:25:33.309]      version = deviceID >> 28;
[20:25:33.309]        // -> [version <= 0x00000002]
[20:25:33.309]      partNum = (deviceID & 0x0FFFF000) >> 12;
[20:25:33.309]        // -> [partNum <= 0x0000BB88]
[20:25:33.309]      manuf = (deviceID & 0x00000FFE) >> 1;
[20:25:33.309]        // -> [manuf <= 0x00000017]
[20:25:33.309]      isMSPM0G1X0X_G3X0X = (partNum == 0xBB88) && (manuf == 0x17);
[20:25:33.309]        // -> [isMSPM0G1X0X_G3X0X <= 0x00000001]
[20:25:33.309]      isProduction = (version > 0);
[20:25:33.309]        // -> [isProduction <= 0x00000001]
[20:25:33.309]    </block>
[20:25:33.309]    <control if="!isMSPM0G1X0X_G3X0X" while="" timeout="0" info="">
[20:25:33.309]      // if-block "!isMSPM0G1X0X_G3X0X"
[20:25:33.309]        // =>  FALSE
[20:25:33.309]      // skip if-block "!isMSPM0G1X0X_G3X0X"
[20:25:33.309]    </control>
[20:25:33.309]    <control if="continueId == 4" while="" timeout="0" info="">
[20:25:33.309]      // if-block "continueId == 4"
[20:25:33.309]        // =>  FALSE
[20:25:33.309]      // skip if-block "continueId == 4"
[20:25:33.309]    </control>
[20:25:33.309]    <control if="!isProduction" while="" timeout="0" info="">
[20:25:33.309]      // if-block "!isProduction"
[20:25:33.309]        // =>  FALSE
[20:25:33.309]      // skip if-block "!isProduction"
[20:25:33.309]    </control>
[20:25:33.309]  </sequence>
[20:25:33.309]  
[20:40:13.003]  **********  Sequence "DebugPortSetup"  (Context="Connect", Pname="", info="")
[20:40:13.003]  
[20:40:13.003]  <debugvars>
[20:40:13.003]    // Pre-defined
[20:40:13.003]    __protocol=0x00010002      (Protocol="SWD", SWJ-DP="True")
[20:40:13.003]    __connection=0x00000202    (Connection Type="Flash", Reset Type="System Reset")
[20:40:13.003]    __dp=0x00000000
[20:40:13.003]    __ap=0x00000000
[20:40:13.003]    __traceout=0x00000000      (Trace Disabled)
[20:40:13.003]    __errorcontrol=0x00000000  (Skip Errors="False")
[20:40:13.003]    __FlashAddr=0x00000000
[20:40:13.003]    __FlashLen=0x00000000
[20:40:13.003]    __FlashArg=0x00000000
[20:40:13.003]    __FlashOp=0x00000000
[20:40:13.003]    __Result=0x00000000
[20:40:13.003]  </debugvars>
[20:40:13.003]  
[20:40:13.003]  <sequence name="DebugPortSetup" Pname="" disable="false" info="">
[20:40:13.003]    <block atomic="false" info="">
[20:40:13.003]      __var isSWJ      = ((__protocol & 0x00010000) != 0);
[20:40:13.003]        // -> [isSWJ <= 0x00000001]
[20:40:13.003]      __var hasDormant = __protocol & 0x00020000;
[20:40:13.003]        // -> [hasDormant <= 0x00000000]
[20:40:13.003]      __var protType   = __protocol & 0x0000FFFF;
[20:40:13.003]        // -> [protType <= 0x00000002]
[20:40:13.003]    </block>
[20:40:13.003]    <control if="protType == 1" while="" timeout="0" info="">
[20:40:13.003]      // if-block "protType == 1"
[20:40:13.003]        // =>  FALSE
[20:40:13.003]      // skip if-block "protType == 1"
[20:40:13.003]    </control>
[20:40:13.003]    <control if="protType == 2" while="" timeout="0" info="">
[20:40:13.003]      // if-block "protType == 2"
[20:40:13.003]        // =>  TRUE
[20:40:13.003]      <control if="isSWJ" while="" timeout="0" info="">
[20:40:13.003]        // if-block "isSWJ"
[20:40:13.003]          // =>  TRUE
[20:40:13.003]        <control if="hasDormant" while="" timeout="0" info="">
[20:40:13.003]          // if-block "hasDormant"
[20:40:13.003]            // =>  FALSE
[20:40:13.003]          // skip if-block "hasDormant"
[20:40:13.003]        </control>
[20:40:13.003]        <control if="!hasDormant" while="" timeout="0" info="">
[20:40:13.008]          // if-block "!hasDormant"
[20:40:13.008]            // =>  TRUE
[20:40:13.008]          <block atomic="false" info="">
[20:40:13.008]            DAP_SWJ_Sequence(51, 0x0007FFFFFFFFFFFF); //lets put the JTAG line in a reset state
[20:40:13.008]              // -> [DAP_SWJ_Sequence(51, 0x0007FFFFFFFFFFFF)]
[20:40:13.008]            DAP_SWJ_Sequence(16,0xE73C); //SWD to JTAG, this is to ensure the state machine is initialized
[20:40:13.008]              // -> [DAP_SWJ_Sequence(16, 0x000000000000E73C)]
[20:40:13.008]            DAP_SWJ_Sequence(51, 0x0007FFFFFFFFFFFF); //Put it back in reset
[20:40:13.013]              // -> [DAP_SWJ_Sequence(51, 0x0007FFFFFFFFFFFF)]
[20:40:13.013]            DAP_SWJ_Sequence(16, 0xE79E); //JTAG to SWD switch
[20:40:13.013]              // -> [DAP_SWJ_Sequence(16, 0x000000000000E79E)]
[20:40:13.013]            DAP_SWJ_Sequence(51, 0x0007FFFFFFFFFFFF);  //Ensure the switch is successful 
[20:40:13.018]              // -> [DAP_SWJ_Sequence(51, 0x0007FFFFFFFFFFFF)]
[20:40:13.018]            DAP_SWJ_Sequence(7,  0x00); //Give the line some time to initialize
[20:40:13.018]              // -> [DAP_SWJ_Sequence(7, 0x0000000000000000)]
[20:40:13.018]          </block>
[20:40:13.018]          // end if-block "!hasDormant"
[20:40:13.018]        </control>
[20:40:13.018]        // end if-block "isSWJ"
[20:40:13.018]      </control>
[20:40:13.018]      <control if="!isSWJ" while="" timeout="0" info="">
[20:40:13.018]        // if-block "!isSWJ"
[20:40:13.018]          // =>  FALSE
[20:40:13.018]        // skip if-block "!isSWJ"
[20:40:13.018]      </control>
[20:40:13.018]      <block atomic="false" info="">
[20:40:13.018]        ReadDP(0x0);
[20:40:13.023]          // -> [ReadDP(0x00000000) => 0x6BA02477]   (__dp=0x00000000)
[20:40:13.023]      </block>
[20:40:13.023]      // end if-block "protType == 2"
[20:40:13.023]    </control>
[20:40:13.023]  </sequence>
[20:40:13.023]  
[20:40:13.028]  **********  Sequence "DebugPortStart"  (Context="Connect", Pname="", info="")
[20:40:13.028]  
[20:40:13.028]  <debugvars>
[20:40:13.028]    // Pre-defined
[20:40:13.028]    __protocol=0x00010002      (Protocol="SWD", SWJ-DP="True")
[20:40:13.028]    __connection=0x00000202    (Connection Type="Flash", Reset Type="System Reset")
[20:40:13.028]    __dp=0x00000000
[20:40:13.028]    __ap=0x00000000
[20:40:13.028]    __traceout=0x00000000      (Trace Disabled)
[20:40:13.028]    __errorcontrol=0x00000000  (Skip Errors="False")
[20:40:13.028]    __FlashAddr=0x00000000
[20:40:13.028]    __FlashLen=0x00000000
[20:40:13.028]    __FlashArg=0x00000000
[20:40:13.028]    __FlashOp=0x00000000
[20:40:13.028]    __Result=0x00000000
[20:40:13.028]  </debugvars>
[20:40:13.028]  
[20:40:13.028]  <sequence name="DebugPortStart" Pname="" disable="false" info="">
[20:40:13.028]    <block atomic="false" info="">
[20:40:13.028]      __var SW_DP_ABORT       = 0x0;
[20:40:13.028]        // -> [SW_DP_ABORT <= 0x00000000]
[20:40:13.028]      __var DP_CTRL_STAT      = 0x4;
[20:40:13.028]        // -> [DP_CTRL_STAT <= 0x00000004]
[20:40:13.028]      __var DP_SELECT         = 0x8;
[20:40:13.028]        // -> [DP_SELECT <= 0x00000008]
[20:40:13.028]      __var powered_down      = 0;
[20:40:13.028]        // -> [powered_down <= 0x00000000]
[20:40:13.028]      WriteDP(DP_SELECT, 0x00000000);
[20:40:13.028]        // -> [WriteDP(0x00000008, 0x00000000)]   (__dp=0x00000000)
[20:40:13.028]      powered_down = ((ReadDP(DP_CTRL_STAT) & 0xA0000000) != 0xA0000000);
[20:40:13.033]        // -> [ReadDP(0x00000004) => 0x00000040]   (__dp=0x00000000)
[20:40:13.033]        // -> [powered_down <= 0x00000001]
[20:40:13.033]    </block>
[20:40:13.033]    <control if="powered_down" while="" timeout="0" info="">
[20:40:13.033]      // if-block "powered_down"
[20:40:13.033]        // =>  TRUE
[20:40:13.033]      <block atomic="false" info="">
[20:40:13.033]        Message(0, "Debug/System power-up request sent");
[20:40:13.033]        WriteDP(DP_CTRL_STAT, 0x50000000);
[20:40:13.038]          // -> [WriteDP(0x00000004, 0x50000000)]   (__dp=0x00000000)
[20:40:13.038]      </block>
[20:40:13.038]      <control if="" while="(ReadDP(DP_CTRL_STAT) & 0xA0000000) != 0xA0000000" timeout="1000000" info="">
[20:40:13.038]        // while "(ReadDP(DP_CTRL_STAT) & 0xA0000000) != 0xA0000000"  (timeout="1000000")
[20:40:13.038]          // -> [ReadDP(0x00000004) => 0xF0000040]   (__dp=0x00000000)
[20:40:13.038]        // while-condition  =>  FALSE
[20:40:13.038]        // end while "(ReadDP(DP_CTRL_STAT) & 0xA0000000) != 0xA0000000"
[20:40:13.038]      </control>
[20:40:13.038]      <control if="(__protocol & 0xFFFF) == 1" while="" timeout="0" info="">
[20:40:13.038]        // if-block "(__protocol & 0xFFFF) == 1"
[20:40:13.038]          // =>  FALSE
[20:40:13.038]        // skip if-block "(__protocol & 0xFFFF) == 1"
[20:40:13.038]      </control>
[20:40:13.038]      <control if="(__protocol & 0xFFFF) == 2" while="" timeout="0" info="">
[20:40:13.038]        // if-block "(__protocol & 0xFFFF) == 2"
[20:40:13.038]          // =>  TRUE
[20:40:13.038]        <block atomic="false" info="">
[20:40:13.038]          Message(0, "executing SWD power up");
[20:40:13.043]          WriteDP(DP_CTRL_STAT, 0x50000F00);
[20:40:13.043]            // -> [WriteDP(0x00000004, 0x50000F00)]   (__dp=0x00000000)
[20:40:13.043]          WriteDP(SW_DP_ABORT, 0x0000001E);
[20:40:13.043]            // -> [WriteDP(0x00000000, 0x0000001E)]   (__dp=0x00000000)
[20:40:13.048]        </block>
[20:40:13.048]        // end if-block "(__protocol & 0xFFFF) == 2"
[20:40:13.048]      </control>
[20:40:13.048]      // end if-block "powered_down"
[20:40:13.048]    </control>
[20:40:13.048]    <block atomic="false" info="">
[20:40:13.048]      __var DEBUG_PORT_VAL    = 0;
[20:40:13.048]        // -> [DEBUG_PORT_VAL <= 0x00000000]
[20:40:13.048]      __var ACCESS_POINT_VAL  = 0;
[20:40:13.048]        // -> [ACCESS_POINT_VAL <= 0x00000000]
[20:40:13.048]      __ap = 1; 
[20:40:13.048]        // -> [__ap <= 0x00000001]
[20:40:13.048]      WriteAP(0x0C, 0x04); //lets use the mini pwr-ap as backup
[20:40:13.048]        // -> [WriteAP(0x0000000C, 0x00000004)]   (__dp=0x00000000, __ap=0x00000001)
[20:40:13.053]      __ap = 4;
[20:40:13.053]        // -> [__ap <= 0x00000004]
[20:40:13.053]      ACCESS_POINT_VAL = ReadAP(0x00);//Reading current state of access point
[20:40:13.058]        // -> [ReadAP(0x00000000) => 0x00080027]   (__dp=0x00000000, __ap=0x00000004)
[20:40:13.058]        // -> [ACCESS_POINT_VAL <= 0x00080027]
[20:40:13.058]      Message(0, "Current state of access point is: %x",ACCESS_POINT_VAL);
[20:40:13.060]    </block>
[20:40:13.060]    <block atomic="false" info="">
[20:40:13.060]      __var nReset = 0x80;
[20:40:13.060]        // -> [nReset <= 0x00000080]
[20:40:13.060]      __var canReadPins = 0;
[20:40:13.060]        // -> [canReadPins <= 0x00000000]
[20:40:13.060]      canReadPins = (DAP_SWJ_Pins(0x00, nReset, 0) != 0xFFFFFFFF);
[20:40:13.063]        // -> [DAP_SWJ_Pins(0x00, 0x80, 0) => 0x0F]   (Out: nRESET=0  =>  In: SWCLK/TCK=1, SWDIO/TMS=1, TDI=1, TDO=1, nTRST=0, nRESET=0)
[20:40:13.063]        // -> [canReadPins <= 0x00000001]
[20:40:13.063]    </block>
[20:40:13.063]    <control if="" while="1" timeout="200" info="">
[20:40:13.063]      // while "1"  (timeout="200")
[20:40:13.063]      // while-condition  =>  TRUE
[20:40:13.063]      // while "1"  (timeout="200")
[20:40:13.063]      // while-condition  =>  TRUE
[20:40:13.063]      // while "1"  (timeout="200")
[20:40:13.063]      // while-condition  =>  TRUE
[20:40:13.063]      // while "1"  (timeout="200")
[20:40:13.063]      // while-condition  =>  TRUE
[20:40:13.063]      // while "1"  (timeout="200")
[20:40:13.063]      // while-condition  =>  TRUE
[20:40:13.063]      // while "1"  (timeout="200")
[20:40:13.065]      // while-condition  =>  TRUE
[20:40:13.065]      // while "1"  (timeout="200")
[20:40:13.065]      // while-condition  =>  TRUE
[20:40:13.065]      // while "1"  (timeout="200")
[20:40:13.065]      // while-condition  =>  TRUE
[20:40:13.065]      // while "1"  (timeout="200")
[20:40:13.065]      // while-condition  =>  TRUE
[20:40:13.065]      // while "1"  (timeout="200")
[20:40:13.065]      // while-condition  =>  TRUE
[20:40:13.065]      // while "1"  (timeout="200")
[20:40:13.065]      // while-condition  =>  TRUE
[20:40:13.065]      // while "1"  (timeout="200")
[20:40:13.065]      // while-condition  =>  TRUE
[20:40:13.065]      // while "1"  (timeout="200")
[20:40:13.065]      // while-condition  =>  TRUE
[20:40:13.065]      // while "1"  (timeout="200")
[20:40:13.065]      // while-condition  =>  TRUE
[20:40:13.065]      // while "1"  (timeout="200")
[20:40:13.065]      // while-condition  =>  TRUE
[20:40:13.065]      // while "1"  (timeout="200")
[20:40:13.065]      // while-condition  =>  TRUE
[20:40:13.065]      // while "1"  (timeout="200")
[20:40:13.065]      // while-condition  =>  TRUE
[20:40:13.065]      // while "1"  (timeout="200")
[20:40:13.065]      // while-condition  =>  TRUE
[20:40:13.067]      // while "1"  (timeout="200")
[20:40:13.067]      // while-condition  =>  TRUE
[20:40:13.067]      // while "1"  (timeout="200")
[20:40:13.067]      // while-condition  =>  TRUE
[20:40:13.067]      // while "1"  (timeout="200")
[20:40:13.067]      // while-condition  =>  TRUE
[20:40:13.067]      // while "1"  (timeout="200")
[20:40:13.067]      // while-condition  =>  TRUE
[20:40:13.067]      // while "1"  (timeout="200")
[20:40:13.067]      // while-condition  =>  TRUE
[20:40:13.067]      // while "1"  (timeout="200")
[20:40:13.067]      // while-condition  =>  TRUE
[20:40:13.067]      // while "1"  (timeout="200")
[20:40:13.068]      // while-condition  =>  TRUE
[20:40:13.068]      // while "1"  (timeout="200")
[20:40:13.068]      // while-condition  =>  TRUE
[20:40:13.068]      // while "1"  (timeout="200")
[20:40:13.068]      // while-condition  =>  TRUE
[20:40:13.068]      // while "1"  (timeout="200")
[20:40:13.068]      // while-condition  =>  TRUE
[20:40:13.068]      // while "1"  (timeout="200")
[20:40:13.068]      // while-condition  =>  TRUE
[20:40:13.068]      // while "1"  (timeout="200")
[20:40:13.068]      // while-condition  =>  TRUE
[20:40:13.068]      // while "1"  (timeout="200")
[20:40:13.068]      // while-condition  =>  TRUE
[20:40:13.068]      // while "1"  (timeout="200")
[20:40:13.068]      // while-condition  =>  TRUE
[20:40:13.068]      // while "1"  (timeout="200")
[20:40:13.068]      // while-condition  =>  TRUE
[20:40:13.068]      // while "1"  (timeout="200")
[20:40:13.068]      // while-condition  =>  TRUE
[20:40:13.068]      // while "1"  (timeout="200")
[20:40:13.068]      // while-condition  =>  TRUE
[20:40:13.068]      // while "1"  (timeout="200")
[20:40:13.068]      // while-condition  =>  TRUE
[20:40:13.068]      // while "1"  (timeout="200")
[20:40:13.068]      // while-condition  =>  TRUE
[20:40:13.068]      // while "1"  (timeout="200")
[20:40:13.068]      // while-condition  =>  TRUE
[20:40:13.068]      // while "1"  (timeout="200")
[20:40:13.068]      // while-condition  =>  TRUE
[20:40:13.068]      // while "1"  (timeout="200")
[20:40:13.068]      // while-condition  =>  TRUE
[20:40:13.068]      // while "1"  (timeout="200")
[20:40:13.068]      // while-condition  =>  TRUE
[20:40:13.068]      // while "1"  (timeout="200")
[20:40:13.068]      // while-condition  =>  TRUE
[20:40:13.068]      // while "1"  (timeout="200")
[20:40:13.068]      // while-condition  =>  TRUE
[20:40:13.068]      // while "1"  (timeout="200")
[20:40:13.068]      // while-condition  =>  TRUE
[20:40:13.068]      // while "1"  (timeout="200")
[20:40:13.068]      // while-condition  =>  TRUE
[20:40:13.068]      // while "1"  (timeout="200")
[20:40:13.068]      // while-condition  =>  TRUE
[20:40:13.068]      // while "1"  (timeout="200")
[20:40:13.068]      // while-condition  =>  TRUE
[20:40:13.068]      // while "1"  (timeout="200")
[20:40:13.068]      // while-condition  =>  TRUE
[20:40:13.068]      // while "1"  (timeout="200")
[20:40:13.068]      // while-condition  =>  TRUE
[20:40:13.068]      // while "1"  (timeout="200")
[20:40:13.068]      // while-condition  =>  TRUE
[20:40:13.068]      // while "1"  (timeout="200")
[20:40:13.068]      // while-condition  =>  TRUE
[20:40:13.068]      // while "1"  (timeout="200")
[20:40:13.068]      // while-condition  =>  TRUE
[20:40:13.068]      // while "1"  (timeout="200")
[20:40:13.068]      // while-condition  =>  TRUE
[20:40:13.068]      // while "1"  (timeout="200")
[20:40:13.068]      // while-condition  =>  TRUE
[20:40:13.068]      // while "1"  (timeout="200")
[20:40:13.073]      // while-condition  =>  TRUE
[20:40:13.073]      // while "1"  (timeout="200")
[20:40:13.073]      // while  =>  TIMEOUT
[20:40:13.073]      // end while "1"
[20:40:13.073]    </control>
[20:40:13.073]    <control if="canReadPins" while="" timeout="0" info="">
[20:40:13.073]      // if-block "canReadPins"
[20:40:13.073]        // =>  TRUE
[20:40:13.073]      <control if="" while="(DAP_SWJ_Pins(nReset, nReset, 0) & nReset) == 0" timeout="1000000" info="">
[20:40:13.073]        // while "(DAP_SWJ_Pins(nReset, nReset, 0) & nReset) == 0"  (timeout="1000000")
[20:40:13.073]          // -> [DAP_SWJ_Pins(0x80, 0x80, 0) => 0x8F]   (Out: nRESET=1  =>  In: SWCLK/TCK=1, SWDIO/TMS=1, TDI=1, TDO=1, nTRST=0, nRESET=1)
[20:40:13.073]        // while-condition  =>  FALSE
[20:40:13.073]        // end while "(DAP_SWJ_Pins(nReset, nReset, 0) & nReset) == 0"
[20:40:13.073]      </control>
[20:40:13.073]      // end if-block "canReadPins"
[20:40:13.073]    </control>
[20:40:13.073]    <control if="!canReadPins" while="" timeout="0" info="">
[20:40:13.073]      // if-block "!canReadPins"
[20:40:13.073]        // =>  FALSE
[20:40:13.073]      // skip if-block "!canReadPins"
[20:40:13.073]    </control>
[20:40:13.073]    <control if="(ACCESS_POINT_VAL & 0x00E00000) == 0" while="" timeout="0" info="">
[20:40:13.073]      // if-block "(ACCESS_POINT_VAL & 0x00E00000) == 0"
[20:40:13.073]        // =>  TRUE
[20:40:13.073]      <block atomic="false" info="">
[20:40:13.073]        WriteAP(0x00, 0x190008);
[20:40:13.078]          // -> [WriteAP(0x00000000, 0x00190008)]   (__dp=0x00000000, __ap=0x00000004)
[20:40:13.078]        WriteAP(0xF0, 0x01);
[20:40:13.078]          // -> [WriteAP(0x000000F0, 0x00000001)]   (__dp=0x00000000, __ap=0x00000004)
[20:40:13.083]      </block>
[20:40:13.083]      // end if-block "(ACCESS_POINT_VAL & 0x00E00000) == 0"
[20:40:13.083]    </control>
[20:40:13.083]    <control if="(ACCESS_POINT_VAL & 0x00E00000) != 0" while="" timeout="0" info="">
[20:40:13.083]      // if-block "(ACCESS_POINT_VAL & 0x00E00000) != 0"
[20:40:13.083]        // =>  FALSE
[20:40:13.083]      // skip if-block "(ACCESS_POINT_VAL & 0x00E00000) != 0"
[20:40:13.083]    </control>
[20:40:13.083]    <block atomic="false" info="">
[20:40:13.083]      ACCESS_POINT_VAL = ReadAP(0x00);//Reading current state of access point
[20:40:13.083]        // -> [ReadAP(0x00000000) => 0x0079002F]   (__dp=0x00000000, __ap=0x00000004)
[20:40:13.083]        // -> [ACCESS_POINT_VAL <= 0x0079002F]
[20:40:13.088]      Message(0, "Current state of access point is: %x",ACCESS_POINT_VAL);
[20:40:13.088]      __ap = 0; //lets make sure we reset the access point selection
[20:40:13.088]        // -> [__ap <= 0x00000000]
[20:40:13.088]    </block>
[20:40:13.088]  </sequence>
[20:40:13.088]  
[20:40:13.108]  **********  Sequence "DebugDeviceUnlock"  (Context="Connect", Pname="", info="")
[20:40:13.108]  
[20:40:13.108]  <debugvars>
[20:40:13.108]    // Pre-defined
[20:40:13.108]    __protocol=0x00010002      (Protocol="SWD", SWJ-DP="True")
[20:40:13.108]    __connection=0x00000202    (Connection Type="Flash", Reset Type="System Reset")
[20:40:13.108]    __dp=0x00000000
[20:40:13.108]    __ap=0x00000000
[20:40:13.108]    __traceout=0x00000000      (Trace Disabled)
[20:40:13.108]    __errorcontrol=0x00000000  (Skip Errors="False")
[20:40:13.108]    __FlashAddr=0x00000000
[20:40:13.108]    __FlashLen=0x00000000
[20:40:13.108]    __FlashArg=0x00000000
[20:40:13.108]    __FlashOp=0x00000000
[20:40:13.108]    __Result=0x00000000
[20:40:13.108]  </debugvars>
[20:40:13.108]  
[20:40:13.108]  <sequence name="DebugDeviceUnlock" Pname="" disable="false" info="">
[20:40:13.108]    <block atomic="false" info="">
[20:40:13.108]      __var deviceID = 0;
[20:40:13.108]        // -> [deviceID <= 0x00000000]
[20:40:13.108]      __var version = 0;
[20:40:13.108]        // -> [version <= 0x00000000]
[20:40:13.108]      __var partNum = 0;
[20:40:13.108]        // -> [partNum <= 0x00000000]
[20:40:13.108]      __var manuf = 0;
[20:40:13.108]        // -> [manuf <= 0x00000000]
[20:40:13.108]      __var isMSPM0G1X0X_G3X0X = 0;
[20:40:13.108]        // -> [isMSPM0G1X0X_G3X0X <= 0x00000000]
[20:40:13.108]      __var isProduction = 0;
[20:40:13.108]        // -> [isProduction <= 0x00000000]
[20:40:13.108]      __var continueId = 0;
[20:40:13.108]        // -> [continueId <= 0x00000000]
[20:40:13.108]      deviceID =   Read32(0x41C40004);
[20:40:13.118]        // -> [Read32(0x41C40004) => 0x2BB8802F]   (__dp=0x00000000, __ap=0x00000000)
[20:40:13.118]        // -> [deviceID <= 0x2BB8802F]
[20:40:13.118]      version = deviceID >> 28;
[20:40:13.118]        // -> [version <= 0x00000002]
[20:40:13.118]      partNum = (deviceID & 0x0FFFF000) >> 12;
[20:40:13.118]        // -> [partNum <= 0x0000BB88]
[20:40:13.118]      manuf = (deviceID & 0x00000FFE) >> 1;
[20:40:13.118]        // -> [manuf <= 0x00000017]
[20:40:13.118]      isMSPM0G1X0X_G3X0X = (partNum == 0xBB88) && (manuf == 0x17);
[20:40:13.118]        // -> [isMSPM0G1X0X_G3X0X <= 0x00000001]
[20:40:13.118]      isProduction = (version > 0);
[20:40:13.118]        // -> [isProduction <= 0x00000001]
[20:40:13.118]    </block>
[20:40:13.118]    <control if="!isMSPM0G1X0X_G3X0X" while="" timeout="0" info="">
[20:40:13.118]      // if-block "!isMSPM0G1X0X_G3X0X"
[20:40:13.118]        // =>  FALSE
[20:40:13.118]      // skip if-block "!isMSPM0G1X0X_G3X0X"
[20:40:13.118]    </control>
[20:40:13.118]    <control if="continueId == 4" while="" timeout="0" info="">
[20:40:13.118]      // if-block "continueId == 4"
[20:40:13.118]        // =>  FALSE
[20:40:13.118]      // skip if-block "continueId == 4"
[20:40:13.118]    </control>
[20:40:13.118]    <control if="!isProduction" while="" timeout="0" info="">
[20:40:13.118]      // if-block "!isProduction"
[20:40:13.118]        // =>  FALSE
[20:40:13.122]      // skip if-block "!isProduction"
[20:40:13.122]    </control>
[20:40:13.122]  </sequence>
[20:40:13.122]  
[20:47:00.120]  **********  Sequence "DebugPortSetup"  (Context="Connect", Pname="", info="")
[20:47:00.120]  
[20:47:00.120]  <debugvars>
[20:47:00.120]    // Pre-defined
[20:47:00.120]    __protocol=0x00010002      (Protocol="SWD", SWJ-DP="True")
[20:47:00.120]    __connection=0x00000202    (Connection Type="Flash", Reset Type="System Reset")
[20:47:00.120]    __dp=0x00000000
[20:47:00.120]    __ap=0x00000000
[20:47:00.120]    __traceout=0x00000000      (Trace Disabled)
[20:47:00.120]    __errorcontrol=0x00000000  (Skip Errors="False")
[20:47:00.120]    __FlashAddr=0x00000000
[20:47:00.120]    __FlashLen=0x00000000
[20:47:00.120]    __FlashArg=0x00000000
[20:47:00.120]    __FlashOp=0x00000000
[20:47:00.120]    __Result=0x00000000
[20:47:00.120]  </debugvars>
[20:47:00.120]  
[20:47:00.120]  <sequence name="DebugPortSetup" Pname="" disable="false" info="">
[20:47:00.120]    <block atomic="false" info="">
[20:47:00.122]      __var isSWJ      = ((__protocol & 0x00010000) != 0);
[20:47:00.122]        // -> [isSWJ <= 0x00000001]
[20:47:00.122]      __var hasDormant = __protocol & 0x00020000;
[20:47:00.122]        // -> [hasDormant <= 0x00000000]
[20:47:00.122]      __var protType   = __protocol & 0x0000FFFF;
[20:47:00.122]        // -> [protType <= 0x00000002]
[20:47:00.122]    </block>
[20:47:00.122]    <control if="protType == 1" while="" timeout="0" info="">
[20:47:00.122]      // if-block "protType == 1"
[20:47:00.122]        // =>  FALSE
[20:47:00.122]      // skip if-block "protType == 1"
[20:47:00.122]    </control>
[20:47:00.122]    <control if="protType == 2" while="" timeout="0" info="">
[20:47:00.122]      // if-block "protType == 2"
[20:47:00.122]        // =>  TRUE
[20:47:00.122]      <control if="isSWJ" while="" timeout="0" info="">
[20:47:00.122]        // if-block "isSWJ"
[20:47:00.122]          // =>  TRUE
[20:47:00.122]        <control if="hasDormant" while="" timeout="0" info="">
[20:47:00.122]          // if-block "hasDormant"
[20:47:00.122]            // =>  FALSE
[20:47:00.122]          // skip if-block "hasDormant"
[20:47:00.123]        </control>
[20:47:00.123]        <control if="!hasDormant" while="" timeout="0" info="">
[20:47:00.123]          // if-block "!hasDormant"
[20:47:00.123]            // =>  TRUE
[20:47:00.123]          <block atomic="false" info="">
[20:47:00.123]            DAP_SWJ_Sequence(51, 0x0007FFFFFFFFFFFF); //lets put the JTAG line in a reset state
[20:47:00.125]              // -> [DAP_SWJ_Sequence(51, 0x0007FFFFFFFFFFFF)]
[20:47:00.125]            DAP_SWJ_Sequence(16,0xE73C); //SWD to JTAG, this is to ensure the state machine is initialized
[20:47:00.127]              // -> [DAP_SWJ_Sequence(16, 0x000000000000E73C)]
[20:47:00.127]            DAP_SWJ_Sequence(51, 0x0007FFFFFFFFFFFF); //Put it back in reset
[20:47:00.128]              // -> [DAP_SWJ_Sequence(51, 0x0007FFFFFFFFFFFF)]
[20:47:00.128]            DAP_SWJ_Sequence(16, 0xE79E); //JTAG to SWD switch
[20:47:00.131]              // -> [DAP_SWJ_Sequence(16, 0x000000000000E79E)]
[20:47:00.131]            DAP_SWJ_Sequence(51, 0x0007FFFFFFFFFFFF);  //Ensure the switch is successful 
[20:47:00.132]              // -> [DAP_SWJ_Sequence(51, 0x0007FFFFFFFFFFFF)]
[20:47:00.132]            DAP_SWJ_Sequence(7,  0x00); //Give the line some time to initialize
[20:47:00.135]              // -> [DAP_SWJ_Sequence(7, 0x0000000000000000)]
[20:47:00.135]          </block>
[20:47:00.135]          // end if-block "!hasDormant"
[20:47:00.135]        </control>
[20:47:00.136]        // end if-block "isSWJ"
[20:47:00.136]      </control>
[20:47:00.136]      <control if="!isSWJ" while="" timeout="0" info="">
[20:47:00.136]        // if-block "!isSWJ"
[20:47:00.136]          // =>  FALSE
[20:47:00.136]        // skip if-block "!isSWJ"
[20:47:00.136]      </control>
[20:47:00.136]      <block atomic="false" info="">
[20:47:00.136]        ReadDP(0x0);
[20:47:00.138]          // -> [ReadDP(0x00000000) => 0x6BA02477]   (__dp=0x00000000)
[20:47:00.138]      </block>
[20:47:00.138]      // end if-block "protType == 2"
[20:47:00.138]    </control>
[20:47:00.138]  </sequence>
[20:47:00.138]  
[20:47:00.141]  **********  Sequence "DebugPortStart"  (Context="Connect", Pname="", info="")
[20:47:00.141]  
[20:47:00.142]  <debugvars>
[20:47:00.142]    // Pre-defined
[20:47:00.142]    __protocol=0x00010002      (Protocol="SWD", SWJ-DP="True")
[20:47:00.142]    __connection=0x00000202    (Connection Type="Flash", Reset Type="System Reset")
[20:47:00.142]    __dp=0x00000000
[20:47:00.142]    __ap=0x00000000
[20:47:00.142]    __traceout=0x00000000      (Trace Disabled)
[20:47:00.142]    __errorcontrol=0x00000000  (Skip Errors="False")
[20:47:00.142]    __FlashAddr=0x00000000
[20:47:00.142]    __FlashLen=0x00000000
[20:47:00.142]    __FlashArg=0x00000000
[20:47:00.142]    __FlashOp=0x00000000
[20:47:00.142]    __Result=0x00000000
[20:47:00.142]  </debugvars>
[20:47:00.142]  
[20:47:00.142]  <sequence name="DebugPortStart" Pname="" disable="false" info="">
[20:47:00.142]    <block atomic="false" info="">
[20:47:00.142]      __var SW_DP_ABORT       = 0x0;
[20:47:00.142]        // -> [SW_DP_ABORT <= 0x00000000]
[20:47:00.142]      __var DP_CTRL_STAT      = 0x4;
[20:47:00.142]        // -> [DP_CTRL_STAT <= 0x00000004]
[20:47:00.143]      __var DP_SELECT         = 0x8;
[20:47:00.143]        // -> [DP_SELECT <= 0x00000008]
[20:47:00.143]      __var powered_down      = 0;
[20:47:00.143]        // -> [powered_down <= 0x00000000]
[20:47:00.143]      WriteDP(DP_SELECT, 0x00000000);
[20:47:00.144]        // -> [WriteDP(0x00000008, 0x00000000)]   (__dp=0x00000000)
[20:47:00.144]      powered_down = ((ReadDP(DP_CTRL_STAT) & 0xA0000000) != 0xA0000000);
[20:47:00.146]        // -> [ReadDP(0x00000004) => 0x00000040]   (__dp=0x00000000)
[20:47:00.146]        // -> [powered_down <= 0x00000001]
[20:47:00.146]    </block>
[20:47:00.146]    <control if="powered_down" while="" timeout="0" info="">
[20:47:00.146]      // if-block "powered_down"
[20:47:00.146]        // =>  TRUE
[20:47:00.146]      <block atomic="false" info="">
[20:47:00.146]        Message(0, "Debug/System power-up request sent");
[20:47:00.148]        WriteDP(DP_CTRL_STAT, 0x50000000);
[20:47:00.150]          // -> [WriteDP(0x00000004, 0x50000000)]   (__dp=0x00000000)
[20:47:00.150]      </block>
[20:47:00.150]      <control if="" while="(ReadDP(DP_CTRL_STAT) & 0xA0000000) != 0xA0000000" timeout="1000000" info="">
[20:47:00.150]        // while "(ReadDP(DP_CTRL_STAT) & 0xA0000000) != 0xA0000000"  (timeout="1000000")
[20:47:00.150]          // -> [ReadDP(0x00000004) => 0xF0000040]   (__dp=0x00000000)
[20:47:00.150]        // while-condition  =>  FALSE
[20:47:00.150]        // end while "(ReadDP(DP_CTRL_STAT) & 0xA0000000) != 0xA0000000"
[20:47:00.150]      </control>
[20:47:00.150]      <control if="(__protocol & 0xFFFF) == 1" while="" timeout="0" info="">
[20:47:00.150]        // if-block "(__protocol & 0xFFFF) == 1"
[20:47:00.150]          // =>  FALSE
[20:47:00.150]        // skip if-block "(__protocol & 0xFFFF) == 1"
[20:47:00.150]      </control>
[20:47:00.150]      <control if="(__protocol & 0xFFFF) == 2" while="" timeout="0" info="">
[20:47:00.150]        // if-block "(__protocol & 0xFFFF) == 2"
[20:47:00.150]          // =>  TRUE
[20:47:00.150]        <block atomic="false" info="">
[20:47:00.150]          Message(0, "executing SWD power up");
[20:47:00.150]          WriteDP(DP_CTRL_STAT, 0x50000F00);
[20:47:00.156]            // -> [WriteDP(0x00000004, 0x50000F00)]   (__dp=0x00000000)
[20:47:00.156]          WriteDP(SW_DP_ABORT, 0x0000001E);
[20:47:00.156]            // -> [WriteDP(0x00000000, 0x0000001E)]   (__dp=0x00000000)
[20:47:00.156]        </block>
[20:47:00.156]        // end if-block "(__protocol & 0xFFFF) == 2"
[20:47:00.156]      </control>
[20:47:00.156]      // end if-block "powered_down"
[20:47:00.156]    </control>
[20:47:00.156]    <block atomic="false" info="">
[20:47:00.156]      __var DEBUG_PORT_VAL    = 0;
[20:47:00.156]        // -> [DEBUG_PORT_VAL <= 0x00000000]
[20:47:00.156]      __var ACCESS_POINT_VAL  = 0;
[20:47:00.156]        // -> [ACCESS_POINT_VAL <= 0x00000000]
[20:47:00.156]      __ap = 1; 
[20:47:00.156]        // -> [__ap <= 0x00000001]
[20:47:00.156]      WriteAP(0x0C, 0x04); //lets use the mini pwr-ap as backup
[20:47:00.163]        // -> [WriteAP(0x0000000C, 0x00000004)]   (__dp=0x00000000, __ap=0x00000001)
[20:47:00.163]      __ap = 4;
[20:47:00.164]        // -> [__ap <= 0x00000004]
[20:47:00.164]      ACCESS_POINT_VAL = ReadAP(0x00);//Reading current state of access point
[20:47:00.170]        // -> [ReadAP(0x00000000) => 0x00080027]   (__dp=0x00000000, __ap=0x00000004)
[20:47:00.170]        // -> [ACCESS_POINT_VAL <= 0x00080027]
[20:47:00.171]      Message(0, "Current state of access point is: %x",ACCESS_POINT_VAL);
[20:47:00.173]    </block>
[20:47:00.173]    <block atomic="false" info="">
[20:47:00.173]      __var nReset = 0x80;
[20:47:00.173]        // -> [nReset <= 0x00000080]
[20:47:00.173]      __var canReadPins = 0;
[20:47:00.173]        // -> [canReadPins <= 0x00000000]
[20:47:00.173]      canReadPins = (DAP_SWJ_Pins(0x00, nReset, 0) != 0xFFFFFFFF);
[20:47:00.177]        // -> [DAP_SWJ_Pins(0x00, 0x80, 0) => 0x0F]   (Out: nRESET=0  =>  In: SWCLK/TCK=1, SWDIO/TMS=1, TDI=1, TDO=1, nTRST=0, nRESET=0)
[20:47:00.177]        // -> [canReadPins <= 0x00000001]
[20:47:00.177]    </block>
[20:47:00.177]    <control if="" while="1" timeout="200" info="">
[20:47:00.177]      // while "1"  (timeout="200")
[20:47:00.177]      // while-condition  =>  TRUE
[20:47:00.177]      // while "1"  (timeout="200")
[20:47:00.178]      // while-condition  =>  TRUE
[20:47:00.178]      // while "1"  (timeout="200")
[20:47:00.178]      // while-condition  =>  TRUE
[20:47:00.178]      // while "1"  (timeout="200")
[20:47:00.178]      // while-condition  =>  TRUE
[20:47:00.178]      // while "1"  (timeout="200")
[20:47:00.178]      // while-condition  =>  TRUE
[20:47:00.179]      // while "1"  (timeout="200")
[20:47:00.179]      // while-condition  =>  TRUE
[20:47:00.179]      // while "1"  (timeout="200")
[20:47:00.179]      // while-condition  =>  TRUE
[20:47:00.179]      // while "1"  (timeout="200")
[20:47:00.179]      // while-condition  =>  TRUE
[20:47:00.179]      // while "1"  (timeout="200")
[20:47:00.179]      // while-condition  =>  TRUE
[20:47:00.179]      // while "1"  (timeout="200")
[20:47:00.179]      // while-condition  =>  TRUE
[20:47:00.179]      // while "1"  (timeout="200")
[20:47:00.179]      // while-condition  =>  TRUE
[20:47:00.179]      // while "1"  (timeout="200")
[20:47:00.179]      // while-condition  =>  TRUE
[20:47:00.179]      // while "1"  (timeout="200")
[20:47:00.179]      // while-condition  =>  TRUE
[20:47:00.179]      // while "1"  (timeout="200")
[20:47:00.180]      // while-condition  =>  TRUE
[20:47:00.180]      // while "1"  (timeout="200")
[20:47:00.180]      // while-condition  =>  TRUE
[20:47:00.180]      // while "1"  (timeout="200")
[20:47:00.180]      // while-condition  =>  TRUE
[20:47:00.180]      // while "1"  (timeout="200")
[20:47:00.180]      // while-condition  =>  TRUE
[20:47:00.180]      // while "1"  (timeout="200")
[20:47:00.180]      // while-condition  =>  TRUE
[20:47:00.180]      // while "1"  (timeout="200")
[20:47:00.180]      // while-condition  =>  TRUE
[20:47:00.180]      // while "1"  (timeout="200")
[20:47:00.180]      // while-condition  =>  TRUE
[20:47:00.180]      // while "1"  (timeout="200")
[20:47:00.180]      // while-condition  =>  TRUE
[20:47:00.180]      // while "1"  (timeout="200")
[20:47:00.180]      // while-condition  =>  TRUE
[20:47:00.180]      // while "1"  (timeout="200")
[20:47:00.180]      // while-condition  =>  TRUE
[20:47:00.180]      // while "1"  (timeout="200")
[20:47:00.180]      // while-condition  =>  TRUE
[20:47:00.180]      // while "1"  (timeout="200")
[20:47:00.180]      // while-condition  =>  TRUE
[20:47:00.180]      // while "1"  (timeout="200")
[20:47:00.180]      // while-condition  =>  TRUE
[20:47:00.180]      // while "1"  (timeout="200")
[20:47:00.181]      // while-condition  =>  TRUE
[20:47:00.181]      // while "1"  (timeout="200")
[20:47:00.181]      // while-condition  =>  TRUE
[20:47:00.181]      // while "1"  (timeout="200")
[20:47:00.181]      // while-condition  =>  TRUE
[20:47:00.181]      // while "1"  (timeout="200")
[20:47:00.181]      // while-condition  =>  TRUE
[20:47:00.181]      // while "1"  (timeout="200")
[20:47:00.181]      // while-condition  =>  TRUE
[20:47:00.181]      // while "1"  (timeout="200")
[20:47:00.181]      // while-condition  =>  TRUE
[20:47:00.181]      // while "1"  (timeout="200")
[20:47:00.181]      // while-condition  =>  TRUE
[20:47:00.181]      // while "1"  (timeout="200")
[20:47:00.181]      // while-condition  =>  TRUE
[20:47:00.181]      // while "1"  (timeout="200")
[20:47:00.181]      // while-condition  =>  TRUE
[20:47:00.181]      // while "1"  (timeout="200")
[20:47:00.181]      // while-condition  =>  TRUE
[20:47:00.181]      // while "1"  (timeout="200")
[20:47:00.181]      // while-condition  =>  TRUE
[20:47:00.181]      // while "1"  (timeout="200")
[20:47:00.181]      // while-condition  =>  TRUE
[20:47:00.181]      // while "1"  (timeout="200")
[20:47:00.181]      // while-condition  =>  TRUE
[20:47:00.181]      // while "1"  (timeout="200")
[20:47:00.181]      // while-condition  =>  TRUE
[20:47:00.181]      // while "1"  (timeout="200")
[20:47:00.181]      // while-condition  =>  TRUE
[20:47:00.181]      // while "1"  (timeout="200")
[20:47:00.181]      // while-condition  =>  TRUE
[20:47:00.181]      // while "1"  (timeout="200")
[20:47:00.181]      // while-condition  =>  TRUE
[20:47:00.181]      // while "1"  (timeout="200")
[20:47:00.183]      // while-condition  =>  TRUE
[20:47:00.183]      // while "1"  (timeout="200")
[20:47:00.183]      // while  =>  TIMEOUT
[20:47:00.183]      // end while "1"
[20:47:00.183]    </control>
[20:47:00.183]    <control if="canReadPins" while="" timeout="0" info="">
[20:47:00.183]      // if-block "canReadPins"
[20:47:00.183]        // =>  TRUE
[20:47:00.183]      <control if="" while="(DAP_SWJ_Pins(nReset, nReset, 0) & nReset) == 0" timeout="1000000" info="">
[20:47:00.183]        // while "(DAP_SWJ_Pins(nReset, nReset, 0) & nReset) == 0"  (timeout="1000000")
[20:47:00.185]          // -> [DAP_SWJ_Pins(0x80, 0x80, 0) => 0x8F]   (Out: nRESET=1  =>  In: SWCLK/TCK=1, SWDIO/TMS=1, TDI=1, TDO=1, nTRST=0, nRESET=1)
[20:47:00.185]        // while-condition  =>  FALSE
[20:47:00.185]        // end while "(DAP_SWJ_Pins(nReset, nReset, 0) & nReset) == 0"
[20:47:00.185]      </control>
[20:47:00.185]      // end if-block "canReadPins"
[20:47:00.185]    </control>
[20:47:00.185]    <control if="!canReadPins" while="" timeout="0" info="">
[20:47:00.185]      // if-block "!canReadPins"
[20:47:00.185]        // =>  FALSE
[20:47:00.185]      // skip if-block "!canReadPins"
[20:47:00.185]    </control>
[20:47:00.185]    <control if="(ACCESS_POINT_VAL & 0x00E00000) == 0" while="" timeout="0" info="">
[20:47:00.185]      // if-block "(ACCESS_POINT_VAL & 0x00E00000) == 0"
[20:47:00.185]        // =>  TRUE
[20:47:00.185]      <block atomic="false" info="">
[20:47:00.187]        WriteAP(0x00, 0x190008);
[20:47:00.189]          // -> [WriteAP(0x00000000, 0x00190008)]   (__dp=0x00000000, __ap=0x00000004)
[20:47:00.189]        WriteAP(0xF0, 0x01);
[20:47:00.192]          // -> [WriteAP(0x000000F0, 0x00000001)]   (__dp=0x00000000, __ap=0x00000004)
[20:47:00.192]      </block>
[20:47:00.192]      // end if-block "(ACCESS_POINT_VAL & 0x00E00000) == 0"
[20:47:00.192]    </control>
[20:47:00.192]    <control if="(ACCESS_POINT_VAL & 0x00E00000) != 0" while="" timeout="0" info="">
[20:47:00.192]      // if-block "(ACCESS_POINT_VAL & 0x00E00000) != 0"
[20:47:00.192]        // =>  FALSE
[20:47:00.192]      // skip if-block "(ACCESS_POINT_VAL & 0x00E00000) != 0"
[20:47:00.192]    </control>
[20:47:00.192]    <block atomic="false" info="">
[20:47:00.192]      ACCESS_POINT_VAL = ReadAP(0x00);//Reading current state of access point
[20:47:00.198]        // -> [ReadAP(0x00000000) => 0x0079002F]   (__dp=0x00000000, __ap=0x00000004)
[20:47:00.198]        // -> [ACCESS_POINT_VAL <= 0x0079002F]
[20:47:00.198]      Message(0, "Current state of access point is: %x",ACCESS_POINT_VAL);
[20:47:00.199]      __ap = 0; //lets make sure we reset the access point selection
[20:47:00.199]        // -> [__ap <= 0x00000000]
[20:47:00.199]    </block>
[20:47:00.199]  </sequence>
[20:47:00.199]  
[20:47:00.218]  **********  Sequence "DebugDeviceUnlock"  (Context="Connect", Pname="", info="")
[20:47:00.218]  
[20:47:00.218]  <debugvars>
[20:47:00.218]    // Pre-defined
[20:47:00.223]    __protocol=0x00010002      (Protocol="SWD", SWJ-DP="True")
[20:47:00.223]    __connection=0x00000202    (Connection Type="Flash", Reset Type="System Reset")
[20:47:00.223]    __dp=0x00000000
[20:47:00.223]    __ap=0x00000000
[20:47:00.223]    __traceout=0x00000000      (Trace Disabled)
[20:47:00.223]    __errorcontrol=0x00000000  (Skip Errors="False")
[20:47:00.223]    __FlashAddr=0x00000000
[20:47:00.223]    __FlashLen=0x00000000
[20:47:00.223]    __FlashArg=0x00000000
[20:47:00.223]    __FlashOp=0x00000000
[20:47:00.223]    __Result=0x00000000
[20:47:00.223]  </debugvars>
[20:47:00.223]  
[20:47:00.223]  <sequence name="DebugDeviceUnlock" Pname="" disable="false" info="">
[20:47:00.223]    <block atomic="false" info="">
[20:47:00.223]      __var deviceID = 0;
[20:47:00.223]        // -> [deviceID <= 0x00000000]
[20:47:00.223]      __var version = 0;
[20:47:00.223]        // -> [version <= 0x00000000]
[20:47:00.223]      __var partNum = 0;
[20:47:00.223]        // -> [partNum <= 0x00000000]
[20:47:00.223]      __var manuf = 0;
[20:47:00.223]        // -> [manuf <= 0x00000000]
[20:47:00.223]      __var isMSPM0G1X0X_G3X0X = 0;
[20:47:00.223]        // -> [isMSPM0G1X0X_G3X0X <= 0x00000000]
[20:47:00.223]      __var isProduction = 0;
[20:47:00.223]        // -> [isProduction <= 0x00000000]
[20:47:00.223]      __var continueId = 0;
[20:47:00.223]        // -> [continueId <= 0x00000000]
[20:47:00.223]      deviceID =   Read32(0x41C40004);
[20:47:00.232]        // -> [Read32(0x41C40004) => 0x2BB8802F]   (__dp=0x00000000, __ap=0x00000000)
[20:47:00.233]        // -> [deviceID <= 0x2BB8802F]
[20:47:00.233]      version = deviceID >> 28;
[20:47:00.233]        // -> [version <= 0x00000002]
[20:47:00.233]      partNum = (deviceID & 0x0FFFF000) >> 12;
[20:47:00.233]        // -> [partNum <= 0x0000BB88]
[20:47:00.233]      manuf = (deviceID & 0x00000FFE) >> 1;
[20:47:00.233]        // -> [manuf <= 0x00000017]
[20:47:00.233]      isMSPM0G1X0X_G3X0X = (partNum == 0xBB88) && (manuf == 0x17);
[20:47:00.233]        // -> [isMSPM0G1X0X_G3X0X <= 0x00000001]
[20:47:00.233]      isProduction = (version > 0);
[20:47:00.233]        // -> [isProduction <= 0x00000001]
[20:47:00.233]    </block>
[20:47:00.233]    <control if="!isMSPM0G1X0X_G3X0X" while="" timeout="0" info="">
[20:47:00.233]      // if-block "!isMSPM0G1X0X_G3X0X"
[20:47:00.233]        // =>  FALSE
[20:47:00.233]      // skip if-block "!isMSPM0G1X0X_G3X0X"
[20:47:00.233]    </control>
[20:47:00.233]    <control if="continueId == 4" while="" timeout="0" info="">
[20:47:00.233]      // if-block "continueId == 4"
[20:47:00.233]        // =>  FALSE
[20:47:00.234]      // skip if-block "continueId == 4"
[20:47:00.234]    </control>
[20:47:00.234]    <control if="!isProduction" while="" timeout="0" info="">
[20:47:00.234]      // if-block "!isProduction"
[20:47:00.234]        // =>  FALSE
[20:47:00.234]      // skip if-block "!isProduction"
[20:47:00.234]    </control>
[20:47:00.234]  </sequence>
[20:47:00.234]  
[21:09:02.005]  **********  Sequence "DebugPortSetup"  (Context="Connect", Pname="", info="")
[21:09:02.005]  
[21:09:02.005]  <debugvars>
[21:09:02.005]    // Pre-defined
[21:09:02.005]    __protocol=0x00010002      (Protocol="SWD", SWJ-DP="True")
[21:09:02.005]    __connection=0x00000202    (Connection Type="Flash", Reset Type="System Reset")
[21:09:02.007]    __dp=0x00000000
[21:09:02.007]    __ap=0x00000000
[21:09:02.007]    __traceout=0x00000000      (Trace Disabled)
[21:09:02.007]    __errorcontrol=0x00000000  (Skip Errors="False")
[21:09:02.007]    __FlashAddr=0x00000000
[21:09:02.007]    __FlashLen=0x00000000
[21:09:02.007]    __FlashArg=0x00000000
[21:09:02.007]    __FlashOp=0x00000000
[21:09:02.007]    __Result=0x00000000
[21:09:02.007]  </debugvars>
[21:09:02.007]  
[21:09:02.007]  <sequence name="DebugPortSetup" Pname="" disable="false" info="">
[21:09:02.007]    <block atomic="false" info="">
[21:09:02.007]      __var isSWJ      = ((__protocol & 0x00010000) != 0);
[21:09:02.007]        // -> [isSWJ <= 0x00000001]
[21:09:02.008]      __var hasDormant = __protocol & 0x00020000;
[21:09:02.008]        // -> [hasDormant <= 0x00000000]
[21:09:02.008]      __var protType   = __protocol & 0x0000FFFF;
[21:09:02.008]        // -> [protType <= 0x00000002]
[21:09:02.008]    </block>
[21:09:02.008]    <control if="protType == 1" while="" timeout="0" info="">
[21:09:02.008]      // if-block "protType == 1"
[21:09:02.008]        // =>  FALSE
[21:09:02.008]      // skip if-block "protType == 1"
[21:09:02.008]    </control>
[21:09:02.008]    <control if="protType == 2" while="" timeout="0" info="">
[21:09:02.008]      // if-block "protType == 2"
[21:09:02.008]        // =>  TRUE
[21:09:02.008]      <control if="isSWJ" while="" timeout="0" info="">
[21:09:02.008]        // if-block "isSWJ"
[21:09:02.008]          // =>  TRUE
[21:09:02.008]        <control if="hasDormant" while="" timeout="0" info="">
[21:09:02.008]          // if-block "hasDormant"
[21:09:02.008]            // =>  FALSE
[21:09:02.008]          // skip if-block "hasDormant"
[21:09:02.008]        </control>
[21:09:02.008]        <control if="!hasDormant" while="" timeout="0" info="">
[21:09:02.008]          // if-block "!hasDormant"
[21:09:02.008]            // =>  TRUE
[21:09:02.008]          <block atomic="false" info="">
[21:09:02.008]            DAP_SWJ_Sequence(51, 0x0007FFFFFFFFFFFF); //lets put the JTAG line in a reset state
[21:09:02.008]              // -> [DAP_SWJ_Sequence(51, 0x0007FFFFFFFFFFFF)]
[21:09:02.008]            DAP_SWJ_Sequence(16,0xE73C); //SWD to JTAG, this is to ensure the state machine is initialized
[21:09:02.013]              // -> [DAP_SWJ_Sequence(16, 0x000000000000E73C)]
[21:09:02.013]            DAP_SWJ_Sequence(51, 0x0007FFFFFFFFFFFF); //Put it back in reset
[21:09:02.015]              // -> [DAP_SWJ_Sequence(51, 0x0007FFFFFFFFFFFF)]
[21:09:02.015]            DAP_SWJ_Sequence(16, 0xE79E); //JTAG to SWD switch
[21:09:02.018]              // -> [DAP_SWJ_Sequence(16, 0x000000000000E79E)]
[21:09:02.018]            DAP_SWJ_Sequence(51, 0x0007FFFFFFFFFFFF);  //Ensure the switch is successful 
[21:09:02.018]              // -> [DAP_SWJ_Sequence(51, 0x0007FFFFFFFFFFFF)]
[21:09:02.018]            DAP_SWJ_Sequence(7,  0x00); //Give the line some time to initialize
[21:09:02.018]              // -> [DAP_SWJ_Sequence(7, 0x0000000000000000)]
[21:09:02.018]          </block>
[21:09:02.018]          // end if-block "!hasDormant"
[21:09:02.018]        </control>
[21:09:02.018]        // end if-block "isSWJ"
[21:09:02.018]      </control>
[21:09:02.018]      <control if="!isSWJ" while="" timeout="0" info="">
[21:09:02.018]        // if-block "!isSWJ"
[21:09:02.018]          // =>  FALSE
[21:09:02.018]        // skip if-block "!isSWJ"
[21:09:02.018]      </control>
[21:09:02.018]      <block atomic="false" info="">
[21:09:02.018]        ReadDP(0x0);
[21:09:02.023]          // -> [ReadDP(0x00000000) => 0x6BA02477]   (__dp=0x00000000)
[21:09:02.023]      </block>
[21:09:02.023]      // end if-block "protType == 2"
[21:09:02.023]    </control>
[21:09:02.023]  </sequence>
[21:09:02.023]  
[21:09:02.028]  **********  Sequence "DebugPortStart"  (Context="Connect", Pname="", info="")
[21:09:02.028]  
[21:09:02.028]  <debugvars>
[21:09:02.028]    // Pre-defined
[21:09:02.028]    __protocol=0x00010002      (Protocol="SWD", SWJ-DP="True")
[21:09:02.028]    __connection=0x00000202    (Connection Type="Flash", Reset Type="System Reset")
[21:09:02.028]    __dp=0x00000000
[21:09:02.028]    __ap=0x00000000
[21:09:02.028]    __traceout=0x00000000      (Trace Disabled)
[21:09:02.028]    __errorcontrol=0x00000000  (Skip Errors="False")
[21:09:02.028]    __FlashAddr=0x00000000
[21:09:02.028]    __FlashLen=0x00000000
[21:09:02.028]    __FlashArg=0x00000000
[21:09:02.028]    __FlashOp=0x00000000
[21:09:02.028]    __Result=0x00000000
[21:09:02.028]  </debugvars>
[21:09:02.028]  
[21:09:02.028]  <sequence name="DebugPortStart" Pname="" disable="false" info="">
[21:09:02.028]    <block atomic="false" info="">
[21:09:02.028]      __var SW_DP_ABORT       = 0x0;
[21:09:02.028]        // -> [SW_DP_ABORT <= 0x00000000]
[21:09:02.028]      __var DP_CTRL_STAT      = 0x4;
[21:09:02.028]        // -> [DP_CTRL_STAT <= 0x00000004]
[21:09:02.028]      __var DP_SELECT         = 0x8;
[21:09:02.028]        // -> [DP_SELECT <= 0x00000008]
[21:09:02.028]      __var powered_down      = 0;
[21:09:02.028]        // -> [powered_down <= 0x00000000]
[21:09:02.033]      WriteDP(DP_SELECT, 0x00000000);
[21:09:02.035]        // -> [WriteDP(0x00000008, 0x00000000)]   (__dp=0x00000000)
[21:09:02.035]      powered_down = ((ReadDP(DP_CTRL_STAT) & 0xA0000000) != 0xA0000000);
[21:09:02.035]        // -> [ReadDP(0x00000004) => 0x00000040]   (__dp=0x00000000)
[21:09:02.035]        // -> [powered_down <= 0x00000001]
[21:09:02.035]    </block>
[21:09:02.035]    <control if="powered_down" while="" timeout="0" info="">
[21:09:02.035]      // if-block "powered_down"
[21:09:02.035]        // =>  TRUE
[21:09:02.035]      <block atomic="false" info="">
[21:09:02.035]        Message(0, "Debug/System power-up request sent");
[21:09:02.038]        WriteDP(DP_CTRL_STAT, 0x50000000);
[21:09:02.040]          // -> [WriteDP(0x00000004, 0x50000000)]   (__dp=0x00000000)
[21:09:02.040]      </block>
[21:09:02.040]      <control if="" while="(ReadDP(DP_CTRL_STAT) & 0xA0000000) != 0xA0000000" timeout="1000000" info="">
[21:09:02.040]        // while "(ReadDP(DP_CTRL_STAT) & 0xA0000000) != 0xA0000000"  (timeout="1000000")
[21:09:02.043]          // -> [ReadDP(0x00000004) => 0xF0000040]   (__dp=0x00000000)
[21:09:02.043]        // while-condition  =>  FALSE
[21:09:02.043]        // end while "(ReadDP(DP_CTRL_STAT) & 0xA0000000) != 0xA0000000"
[21:09:02.043]      </control>
[21:09:02.043]      <control if="(__protocol & 0xFFFF) == 1" while="" timeout="0" info="">
[21:09:02.043]        // if-block "(__protocol & 0xFFFF) == 1"
[21:09:02.043]          // =>  FALSE
[21:09:02.043]        // skip if-block "(__protocol & 0xFFFF) == 1"
[21:09:02.043]      </control>
[21:09:02.043]      <control if="(__protocol & 0xFFFF) == 2" while="" timeout="0" info="">
[21:09:02.043]        // if-block "(__protocol & 0xFFFF) == 2"
[21:09:02.043]          // =>  TRUE
[21:09:02.043]        <block atomic="false" info="">
[21:09:02.043]          Message(0, "executing SWD power up");
[21:09:02.043]          WriteDP(DP_CTRL_STAT, 0x50000F00);
[21:09:02.046]            // -> [WriteDP(0x00000004, 0x50000F00)]   (__dp=0x00000000)
[21:09:02.046]          WriteDP(SW_DP_ABORT, 0x0000001E);
[21:09:02.050]            // -> [WriteDP(0x00000000, 0x0000001E)]   (__dp=0x00000000)
[21:09:02.050]        </block>
[21:09:02.050]        // end if-block "(__protocol & 0xFFFF) == 2"
[21:09:02.050]      </control>
[21:09:02.050]      // end if-block "powered_down"
[21:09:02.050]    </control>
[21:09:02.050]    <block atomic="false" info="">
[21:09:02.050]      __var DEBUG_PORT_VAL    = 0;
[21:09:02.050]        // -> [DEBUG_PORT_VAL <= 0x00000000]
[21:09:02.050]      __var ACCESS_POINT_VAL  = 0;
[21:09:02.050]        // -> [ACCESS_POINT_VAL <= 0x00000000]
[21:09:02.050]      __ap = 1; 
[21:09:02.050]        // -> [__ap <= 0x00000001]
[21:09:02.050]      WriteAP(0x0C, 0x04); //lets use the mini pwr-ap as backup
[21:09:02.053]        // -> [WriteAP(0x0000000C, 0x00000004)]   (__dp=0x00000000, __ap=0x00000001)
[21:09:02.053]      __ap = 4;
[21:09:02.053]        // -> [__ap <= 0x00000004]
[21:09:02.053]      ACCESS_POINT_VAL = ReadAP(0x00);//Reading current state of access point
[21:09:02.058]        // -> [ReadAP(0x00000000) => 0x00080027]   (__dp=0x00000000, __ap=0x00000004)
[21:09:02.058]        // -> [ACCESS_POINT_VAL <= 0x00080027]
[21:09:02.058]      Message(0, "Current state of access point is: %x",ACCESS_POINT_VAL);
[21:09:02.058]    </block>
[21:09:02.058]    <block atomic="false" info="">
[21:09:02.058]      __var nReset = 0x80;
[21:09:02.058]        // -> [nReset <= 0x00000080]
[21:09:02.058]      __var canReadPins = 0;
[21:09:02.058]        // -> [canReadPins <= 0x00000000]
[21:09:02.058]      canReadPins = (DAP_SWJ_Pins(0x00, nReset, 0) != 0xFFFFFFFF);
[21:09:02.063]        // -> [DAP_SWJ_Pins(0x00, 0x80, 0) => 0x0F]   (Out: nRESET=0  =>  In: SWCLK/TCK=1, SWDIO/TMS=1, TDI=1, TDO=1, nTRST=0, nRESET=0)
[21:09:02.063]        // -> [canReadPins <= 0x00000001]
[21:09:02.063]    </block>
[21:09:02.063]    <control if="" while="1" timeout="200" info="">
[21:09:02.063]      // while "1"  (timeout="200")
[21:09:02.063]      // while-condition  =>  TRUE
[21:09:02.063]      // while "1"  (timeout="200")
[21:09:02.063]      // while-condition  =>  TRUE
[21:09:02.063]      // while "1"  (timeout="200")
[21:09:02.063]      // while-condition  =>  TRUE
[21:09:02.063]      // while "1"  (timeout="200")
[21:09:02.063]      // while-condition  =>  TRUE
[21:09:02.063]      // while "1"  (timeout="200")
[21:09:02.063]      // while-condition  =>  TRUE
[21:09:02.063]      // while "1"  (timeout="200")
[21:09:02.063]      // while-condition  =>  TRUE
[21:09:02.063]      // while "1"  (timeout="200")
[21:09:02.063]      // while-condition  =>  TRUE
[21:09:02.063]      // while "1"  (timeout="200")
[21:09:02.063]      // while-condition  =>  TRUE
[21:09:02.063]      // while "1"  (timeout="200")
[21:09:02.063]      // while-condition  =>  TRUE
[21:09:02.063]      // while "1"  (timeout="200")
[21:09:02.063]      // while-condition  =>  TRUE
[21:09:02.063]      // while "1"  (timeout="200")
[21:09:02.063]      // while-condition  =>  TRUE
[21:09:02.063]      // while "1"  (timeout="200")
[21:09:02.063]      // while-condition  =>  TRUE
[21:09:02.063]      // while "1"  (timeout="200")
[21:09:02.063]      // while-condition  =>  TRUE
[21:09:02.063]      // while "1"  (timeout="200")
[21:09:02.063]      // while-condition  =>  TRUE
[21:09:02.063]      // while "1"  (timeout="200")
[21:09:02.063]      // while-condition  =>  TRUE
[21:09:02.063]      // while "1"  (timeout="200")
[21:09:02.063]      // while-condition  =>  TRUE
[21:09:02.063]      // while "1"  (timeout="200")
[21:09:02.063]      // while-condition  =>  TRUE
[21:09:02.063]      // while "1"  (timeout="200")
[21:09:02.063]      // while-condition  =>  TRUE
[21:09:02.063]      // while "1"  (timeout="200")
[21:09:02.063]      // while-condition  =>  TRUE
[21:09:02.063]      // while "1"  (timeout="200")
[21:09:02.063]      // while-condition  =>  TRUE
[21:09:02.063]      // while "1"  (timeout="200")
[21:09:02.063]      // while-condition  =>  TRUE
[21:09:02.063]      // while "1"  (timeout="200")
[21:09:02.063]      // while-condition  =>  TRUE
[21:09:02.068]      // while "1"  (timeout="200")
[21:09:02.068]      // while-condition  =>  TRUE
[21:09:02.068]      // while "1"  (timeout="200")
[21:09:02.068]      // while-condition  =>  TRUE
[21:09:02.068]      // while "1"  (timeout="200")
[21:09:02.068]      // while-condition  =>  TRUE
[21:09:02.068]      // while "1"  (timeout="200")
[21:09:02.068]      // while-condition  =>  TRUE
[21:09:02.068]      // while "1"  (timeout="200")
[21:09:02.068]      // while-condition  =>  TRUE
[21:09:02.068]      // while "1"  (timeout="200")
[21:09:02.068]      // while-condition  =>  TRUE
[21:09:02.068]      // while "1"  (timeout="200")
[21:09:02.068]      // while-condition  =>  TRUE
[21:09:02.068]      // while "1"  (timeout="200")
[21:09:02.068]      // while-condition  =>  TRUE
[21:09:02.068]      // while "1"  (timeout="200")
[21:09:02.068]      // while-condition  =>  TRUE
[21:09:02.068]      // while "1"  (timeout="200")
[21:09:02.068]      // while-condition  =>  TRUE
[21:09:02.068]      // while "1"  (timeout="200")
[21:09:02.068]      // while-condition  =>  TRUE
[21:09:02.068]      // while "1"  (timeout="200")
[21:09:02.068]      // while-condition  =>  TRUE
[21:09:02.068]      // while "1"  (timeout="200")
[21:09:02.068]      // while-condition  =>  TRUE
[21:09:02.068]      // while "1"  (timeout="200")
[21:09:02.068]      // while-condition  =>  TRUE
[21:09:02.068]      // while "1"  (timeout="200")
[21:09:02.068]      // while-condition  =>  TRUE
[21:09:02.068]      // while "1"  (timeout="200")
[21:09:02.068]      // while-condition  =>  TRUE
[21:09:02.068]      // while "1"  (timeout="200")
[21:09:02.068]      // while-condition  =>  TRUE
[21:09:02.068]      // while "1"  (timeout="200")
[21:09:02.068]      // while-condition  =>  TRUE
[21:09:02.068]      // while "1"  (timeout="200")
[21:09:02.068]      // while-condition  =>  TRUE
[21:09:02.068]      // while "1"  (timeout="200")
[21:09:02.068]      // while-condition  =>  TRUE
[21:09:02.068]      // while "1"  (timeout="200")
[21:09:02.068]      // while-condition  =>  TRUE
[21:09:02.068]      // while "1"  (timeout="200")
[21:09:02.068]      // while-condition  =>  TRUE
[21:09:02.068]      // while "1"  (timeout="200")
[21:09:02.068]      // while-condition  =>  TRUE
[21:09:02.068]      // while "1"  (timeout="200")
[21:09:02.068]      // while-condition  =>  TRUE
[21:09:02.068]      // while "1"  (timeout="200")
[21:09:02.068]      // while-condition  =>  TRUE
[21:09:02.068]      // while "1"  (timeout="200")
[21:09:02.068]      // while-condition  =>  TRUE
[21:09:02.068]      // while "1"  (timeout="200")
[21:09:02.068]      // while-condition  =>  TRUE
[21:09:02.068]      // while "1"  (timeout="200")
[21:09:02.068]      // while-condition  =>  TRUE
[21:09:02.068]      // while "1"  (timeout="200")
[21:09:02.071]      // while-condition  =>  TRUE
[21:09:02.071]      // while "1"  (timeout="200")
[21:09:02.071]      // while-condition  =>  TRUE
[21:09:02.071]      // while "1"  (timeout="200")
[21:09:02.071]      // while-condition  =>  TRUE
[21:09:02.071]      // while "1"  (timeout="200")
[21:09:02.071]      // while-condition  =>  TRUE
[21:09:02.071]      // while "1"  (timeout="200")
[21:09:02.071]      // while-condition  =>  TRUE
[21:09:02.071]      // while "1"  (timeout="200")
[21:09:02.071]      // while-condition  =>  TRUE
[21:09:02.071]      // while "1"  (timeout="200")
[21:09:02.071]      // while-condition  =>  TRUE
[21:09:02.071]      // while "1"  (timeout="200")
[21:09:02.071]      // while-condition  =>  TRUE
[21:09:02.071]      // while "1"  (timeout="200")
[21:09:02.071]      // while-condition  =>  TRUE
[21:09:02.071]      // while "1"  (timeout="200")
[21:09:02.071]      // while-condition  =>  TRUE
[21:09:02.071]      // while "1"  (timeout="200")
[21:09:02.071]      // while-condition  =>  TRUE
[21:09:02.071]      // while "1"  (timeout="200")
[21:09:02.071]      // while-condition  =>  TRUE
[21:09:02.071]      // while "1"  (timeout="200")
[21:09:02.071]      // while-condition  =>  TRUE
[21:09:02.071]      // while "1"  (timeout="200")
[21:09:02.071]      // while-condition  =>  TRUE
[21:09:02.071]      // while "1"  (timeout="200")
[21:09:02.071]      // while-condition  =>  TRUE
[21:09:02.071]      // while "1"  (timeout="200")
[21:09:02.071]      // while-condition  =>  TRUE
[21:09:02.071]      // while "1"  (timeout="200")
[21:09:02.071]      // while-condition  =>  TRUE
[21:09:02.073]      // while "1"  (timeout="200")
[21:09:02.073]      // while  =>  TIMEOUT
[21:09:02.073]      // end while "1"
[21:09:02.073]    </control>
[21:09:02.073]    <control if="canReadPins" while="" timeout="0" info="">
[21:09:02.073]      // if-block "canReadPins"
[21:09:02.073]        // =>  TRUE
[21:09:02.073]      <control if="" while="(DAP_SWJ_Pins(nReset, nReset, 0) & nReset) == 0" timeout="1000000" info="">
[21:09:02.073]        // while "(DAP_SWJ_Pins(nReset, nReset, 0) & nReset) == 0"  (timeout="1000000")
[21:09:02.075]          // -> [DAP_SWJ_Pins(0x80, 0x80, 0) => 0x8F]   (Out: nRESET=1  =>  In: SWCLK/TCK=1, SWDIO/TMS=1, TDI=1, TDO=1, nTRST=0, nRESET=1)
[21:09:02.075]        // while-condition  =>  FALSE
[21:09:02.075]        // end while "(DAP_SWJ_Pins(nReset, nReset, 0) & nReset) == 0"
[21:09:02.075]      </control>
[21:09:02.075]      // end if-block "canReadPins"
[21:09:02.075]    </control>
[21:09:02.075]    <control if="!canReadPins" while="" timeout="0" info="">
[21:09:02.075]      // if-block "!canReadPins"
[21:09:02.075]        // =>  FALSE
[21:09:02.075]      // skip if-block "!canReadPins"
[21:09:02.075]    </control>
[21:09:02.075]    <control if="(ACCESS_POINT_VAL & 0x00E00000) == 0" while="" timeout="0" info="">
[21:09:02.075]      // if-block "(ACCESS_POINT_VAL & 0x00E00000) == 0"
[21:09:02.075]        // =>  TRUE
[21:09:02.075]      <block atomic="false" info="">
[21:09:02.075]        WriteAP(0x00, 0x190008);
[21:09:02.080]          // -> [WriteAP(0x00000000, 0x00190008)]   (__dp=0x00000000, __ap=0x00000004)
[21:09:02.080]        WriteAP(0xF0, 0x01);
[21:09:02.083]          // -> [WriteAP(0x000000F0, 0x00000001)]   (__dp=0x00000000, __ap=0x00000004)
[21:09:02.083]      </block>
[21:09:02.083]      // end if-block "(ACCESS_POINT_VAL & 0x00E00000) == 0"
[21:09:02.083]    </control>
[21:09:02.083]    <control if="(ACCESS_POINT_VAL & 0x00E00000) != 0" while="" timeout="0" info="">
[21:09:02.083]      // if-block "(ACCESS_POINT_VAL & 0x00E00000) != 0"
[21:09:02.083]        // =>  FALSE
[21:09:02.083]      // skip if-block "(ACCESS_POINT_VAL & 0x00E00000) != 0"
[21:09:02.083]    </control>
[21:09:02.083]    <block atomic="false" info="">
[21:09:02.083]      ACCESS_POINT_VAL = ReadAP(0x00);//Reading current state of access point
[21:09:02.090]        // -> [ReadAP(0x00000000) => 0x0079002F]   (__dp=0x00000000, __ap=0x00000004)
[21:09:02.090]        // -> [ACCESS_POINT_VAL <= 0x0079002F]
[21:09:02.090]      Message(0, "Current state of access point is: %x",ACCESS_POINT_VAL);
[21:09:02.092]      __ap = 0; //lets make sure we reset the access point selection
[21:09:02.092]        // -> [__ap <= 0x00000000]
[21:09:02.092]    </block>
[21:09:02.092]  </sequence>
[21:09:02.093]  
[21:09:02.115]  **********  Sequence "DebugDeviceUnlock"  (Context="Connect", Pname="", info="")
[21:09:02.115]  
[21:09:02.115]  <debugvars>
[21:09:02.115]    // Pre-defined
[21:09:02.115]    __protocol=0x00010002      (Protocol="SWD", SWJ-DP="True")
[21:09:02.115]    __connection=0x00000202    (Connection Type="Flash", Reset Type="System Reset")
[21:09:02.115]    __dp=0x00000000
[21:09:02.115]    __ap=0x00000000
[21:09:02.115]    __traceout=0x00000000      (Trace Disabled)
[21:09:02.115]    __errorcontrol=0x00000000  (Skip Errors="False")
[21:09:02.115]    __FlashAddr=0x00000000
[21:09:02.115]    __FlashLen=0x00000000
[21:09:02.115]    __FlashArg=0x00000000
[21:09:02.115]    __FlashOp=0x00000000
[21:09:02.115]    __Result=0x00000000
[21:09:02.115]  </debugvars>
[21:09:02.115]  
[21:09:02.115]  <sequence name="DebugDeviceUnlock" Pname="" disable="false" info="">
[21:09:02.115]    <block atomic="false" info="">
[21:09:02.115]      __var deviceID = 0;
[21:09:02.115]        // -> [deviceID <= 0x00000000]
[21:09:02.115]      __var version = 0;
[21:09:02.115]        // -> [version <= 0x00000000]
[21:09:02.115]      __var partNum = 0;
[21:09:02.115]        // -> [partNum <= 0x00000000]
[21:09:02.115]      __var manuf = 0;
[21:09:02.115]        // -> [manuf <= 0x00000000]
[21:09:02.115]      __var isMSPM0G1X0X_G3X0X = 0;
[21:09:02.115]        // -> [isMSPM0G1X0X_G3X0X <= 0x00000000]
[21:09:02.115]      __var isProduction = 0;
[21:09:02.115]        // -> [isProduction <= 0x00000000]
[21:09:02.117]      __var continueId = 0;
[21:09:02.117]        // -> [continueId <= 0x00000000]
[21:09:02.117]      deviceID =   Read32(0x41C40004);
[21:09:02.123]        // -> [Read32(0x41C40004) => 0x2BB8802F]   (__dp=0x00000000, __ap=0x00000000)
[21:09:02.123]        // -> [deviceID <= 0x2BB8802F]
[21:09:02.123]      version = deviceID >> 28;
[21:09:02.123]        // -> [version <= 0x00000002]
[21:09:02.123]      partNum = (deviceID & 0x0FFFF000) >> 12;
[21:09:02.123]        // -> [partNum <= 0x0000BB88]
[21:09:02.123]      manuf = (deviceID & 0x00000FFE) >> 1;
[21:09:02.123]        // -> [manuf <= 0x00000017]
[21:09:02.123]      isMSPM0G1X0X_G3X0X = (partNum == 0xBB88) && (manuf == 0x17);
[21:09:02.123]        // -> [isMSPM0G1X0X_G3X0X <= 0x00000001]
[21:09:02.123]      isProduction = (version > 0);
[21:09:02.123]        // -> [isProduction <= 0x00000001]
[21:09:02.123]    </block>
[21:09:02.123]    <control if="!isMSPM0G1X0X_G3X0X" while="" timeout="0" info="">
[21:09:02.123]      // if-block "!isMSPM0G1X0X_G3X0X"
[21:09:02.123]        // =>  FALSE
[21:09:02.123]      // skip if-block "!isMSPM0G1X0X_G3X0X"
[21:09:02.123]    </control>
[21:09:02.123]    <control if="continueId == 4" while="" timeout="0" info="">
[21:09:02.123]      // if-block "continueId == 4"
[21:09:02.123]        // =>  FALSE
[21:09:02.123]      // skip if-block "continueId == 4"
[21:09:02.123]    </control>
[21:09:02.123]    <control if="!isProduction" while="" timeout="0" info="">
[21:09:02.123]      // if-block "!isProduction"
[21:09:02.123]        // =>  FALSE
[21:09:02.123]      // skip if-block "!isProduction"
[21:09:02.123]    </control>
[21:09:02.123]  </sequence>
[21:09:02.123]  
[21:09:31.916]  **********  Sequence "DebugPortSetup"  (Context="Connect", Pname="", info="")
[21:09:31.916]  
[21:09:31.916]  <debugvars>
[21:09:31.916]    // Pre-defined
[21:09:31.916]    __protocol=0x00010002      (Protocol="SWD", SWJ-DP="True")
[21:09:31.916]    __connection=0x00000202    (Connection Type="Flash", Reset Type="System Reset")
[21:09:31.916]    __dp=0x00000000
[21:09:31.916]    __ap=0x00000000
[21:09:31.920]    __traceout=0x00000000      (Trace Disabled)
[21:09:31.920]    __errorcontrol=0x00000000  (Skip Errors="False")
[21:09:31.920]    __FlashAddr=0x00000000
[21:09:31.920]    __FlashLen=0x00000000
[21:09:31.920]    __FlashArg=0x00000000
[21:09:31.920]    __FlashOp=0x00000000
[21:09:31.920]    __Result=0x00000000
[21:09:31.920]  </debugvars>
[21:09:31.920]  
[21:09:31.920]  <sequence name="DebugPortSetup" Pname="" disable="false" info="">
[21:09:31.920]    <block atomic="false" info="">
[21:09:31.920]      __var isSWJ      = ((__protocol & 0x00010000) != 0);
[21:09:31.921]        // -> [isSWJ <= 0x00000001]
[21:09:31.921]      __var hasDormant = __protocol & 0x00020000;
[21:09:31.921]        // -> [hasDormant <= 0x00000000]
[21:09:31.921]      __var protType   = __protocol & 0x0000FFFF;
[21:09:31.921]        // -> [protType <= 0x00000002]
[21:09:31.921]    </block>
[21:09:31.921]    <control if="protType == 1" while="" timeout="0" info="">
[21:09:31.921]      // if-block "protType == 1"
[21:09:31.921]        // =>  FALSE
[21:09:31.921]      // skip if-block "protType == 1"
[21:09:31.921]    </control>
[21:09:31.921]    <control if="protType == 2" while="" timeout="0" info="">
[21:09:31.921]      // if-block "protType == 2"
[21:09:31.921]        // =>  TRUE
[21:09:31.921]      <control if="isSWJ" while="" timeout="0" info="">
[21:09:31.921]        // if-block "isSWJ"
[21:09:31.921]          // =>  TRUE
[21:09:31.921]        <control if="hasDormant" while="" timeout="0" info="">
[21:09:31.921]          // if-block "hasDormant"
[21:09:31.921]            // =>  FALSE
[21:09:31.921]          // skip if-block "hasDormant"
[21:09:31.923]        </control>
[21:09:31.923]        <control if="!hasDormant" while="" timeout="0" info="">
[21:09:31.923]          // if-block "!hasDormant"
[21:09:31.923]            // =>  TRUE
[21:09:31.923]          <block atomic="false" info="">
[21:09:31.923]            DAP_SWJ_Sequence(51, 0x0007FFFFFFFFFFFF); //lets put the JTAG line in a reset state
[21:09:31.923]              // -> [DAP_SWJ_Sequence(51, 0x0007FFFFFFFFFFFF)]
[21:09:31.926]            DAP_SWJ_Sequence(16,0xE73C); //SWD to JTAG, this is to ensure the state machine is initialized
[21:09:31.926]              // -> [DAP_SWJ_Sequence(16, 0x000000000000E73C)]
[21:09:31.928]            DAP_SWJ_Sequence(51, 0x0007FFFFFFFFFFFF); //Put it back in reset
[21:09:31.928]              // -> [DAP_SWJ_Sequence(51, 0x0007FFFFFFFFFFFF)]
[21:09:31.930]            DAP_SWJ_Sequence(16, 0xE79E); //JTAG to SWD switch
[21:09:31.931]              // -> [DAP_SWJ_Sequence(16, 0x000000000000E79E)]
[21:09:31.933]            DAP_SWJ_Sequence(51, 0x0007FFFFFFFFFFFF);  //Ensure the switch is successful 
[21:09:31.933]              // -> [DAP_SWJ_Sequence(51, 0x0007FFFFFFFFFFFF)]
[21:09:31.933]            DAP_SWJ_Sequence(7,  0x00); //Give the line some time to initialize
[21:09:31.936]              // -> [DAP_SWJ_Sequence(7, 0x0000000000000000)]
[21:09:31.936]          </block>
[21:09:31.936]          // end if-block "!hasDormant"
[21:09:31.936]        </control>
[21:09:31.936]        // end if-block "isSWJ"
[21:09:31.936]      </control>
[21:09:31.936]      <control if="!isSWJ" while="" timeout="0" info="">
[21:09:31.936]        // if-block "!isSWJ"
[21:09:31.936]          // =>  FALSE
[21:09:31.936]        // skip if-block "!isSWJ"
[21:09:31.936]      </control>
[21:09:31.936]      <block atomic="false" info="">
[21:09:31.936]        ReadDP(0x0);
[21:09:31.936]          // -> [ReadDP(0x00000000) => 0x6BA02477]   (__dp=0x00000000)
[21:09:31.936]      </block>
[21:09:31.936]      // end if-block "protType == 2"
[21:09:31.936]    </control>
[21:09:31.936]  </sequence>
[21:09:31.936]  
[21:09:31.943]  **********  Sequence "DebugPortStart"  (Context="Connect", Pname="", info="")
[21:09:31.943]  
[21:09:31.943]  <debugvars>
[21:09:31.943]    // Pre-defined
[21:09:31.943]    __protocol=0x00010002      (Protocol="SWD", SWJ-DP="True")
[21:09:31.943]    __connection=0x00000202    (Connection Type="Flash", Reset Type="System Reset")
[21:09:31.943]    __dp=0x00000000
[21:09:31.943]    __ap=0x00000000
[21:09:31.943]    __traceout=0x00000000      (Trace Disabled)
[21:09:31.943]    __errorcontrol=0x00000000  (Skip Errors="False")
[21:09:31.943]    __FlashAddr=0x00000000
[21:09:31.943]    __FlashLen=0x00000000
[21:09:31.943]    __FlashArg=0x00000000
[21:09:31.943]    __FlashOp=0x00000000
[21:09:31.943]    __Result=0x00000000
[21:09:31.943]  </debugvars>
[21:09:31.943]  
[21:09:31.943]  <sequence name="DebugPortStart" Pname="" disable="false" info="">
[21:09:31.943]    <block atomic="false" info="">
[21:09:31.943]      __var SW_DP_ABORT       = 0x0;
[21:09:31.946]        // -> [SW_DP_ABORT <= 0x00000000]
[21:09:31.946]      __var DP_CTRL_STAT      = 0x4;
[21:09:31.946]        // -> [DP_CTRL_STAT <= 0x00000004]
[21:09:31.946]      __var DP_SELECT         = 0x8;
[21:09:31.946]        // -> [DP_SELECT <= 0x00000008]
[21:09:31.946]      __var powered_down      = 0;
[21:09:31.946]        // -> [powered_down <= 0x00000000]
[21:09:31.946]      WriteDP(DP_SELECT, 0x00000000);
[21:09:31.946]        // -> [WriteDP(0x00000008, 0x00000000)]   (__dp=0x00000000)
[21:09:31.946]      powered_down = ((ReadDP(DP_CTRL_STAT) & 0xA0000000) != 0xA0000000);
[21:09:31.946]        // -> [ReadDP(0x00000004) => 0x00000040]   (__dp=0x00000000)
[21:09:31.946]        // -> [powered_down <= 0x00000001]
[21:09:31.946]    </block>
[21:09:31.946]    <control if="powered_down" while="" timeout="0" info="">
[21:09:31.946]      // if-block "powered_down"
[21:09:31.951]        // =>  TRUE
[21:09:31.951]      <block atomic="false" info="">
[21:09:31.951]        Message(0, "Debug/System power-up request sent");
[21:09:31.951]        WriteDP(DP_CTRL_STAT, 0x50000000);
[21:09:31.951]          // -> [WriteDP(0x00000004, 0x50000000)]   (__dp=0x00000000)
[21:09:31.951]      </block>
[21:09:31.951]      <control if="" while="(ReadDP(DP_CTRL_STAT) & 0xA0000000) != 0xA0000000" timeout="1000000" info="">
[21:09:31.951]        // while "(ReadDP(DP_CTRL_STAT) & 0xA0000000) != 0xA0000000"  (timeout="1000000")
[21:09:31.956]          // -> [ReadDP(0x00000004) => 0xF0000040]   (__dp=0x00000000)
[21:09:31.956]        // while-condition  =>  FALSE
[21:09:31.956]        // end while "(ReadDP(DP_CTRL_STAT) & 0xA0000000) != 0xA0000000"
[21:09:31.956]      </control>
[21:09:31.956]      <control if="(__protocol & 0xFFFF) == 1" while="" timeout="0" info="">
[21:09:31.956]        // if-block "(__protocol & 0xFFFF) == 1"
[21:09:31.956]          // =>  FALSE
[21:09:31.956]        // skip if-block "(__protocol & 0xFFFF) == 1"
[21:09:31.956]      </control>
[21:09:31.956]      <control if="(__protocol & 0xFFFF) == 2" while="" timeout="0" info="">
[21:09:31.956]        // if-block "(__protocol & 0xFFFF) == 2"
[21:09:31.956]          // =>  TRUE
[21:09:31.956]        <block atomic="false" info="">
[21:09:31.956]          Message(0, "executing SWD power up");
[21:09:31.956]          WriteDP(DP_CTRL_STAT, 0x50000F00);
[21:09:31.961]            // -> [WriteDP(0x00000004, 0x50000F00)]   (__dp=0x00000000)
[21:09:31.961]          WriteDP(SW_DP_ABORT, 0x0000001E);
[21:09:31.961]            // -> [WriteDP(0x00000000, 0x0000001E)]   (__dp=0x00000000)
[21:09:31.961]        </block>
[21:09:31.961]        // end if-block "(__protocol & 0xFFFF) == 2"
[21:09:31.961]      </control>
[21:09:31.961]      // end if-block "powered_down"
[21:09:31.961]    </control>
[21:09:31.961]    <block atomic="false" info="">
[21:09:31.965]      __var DEBUG_PORT_VAL    = 0;
[21:09:31.965]        // -> [DEBUG_PORT_VAL <= 0x00000000]
[21:09:31.965]      __var ACCESS_POINT_VAL  = 0;
[21:09:31.965]        // -> [ACCESS_POINT_VAL <= 0x00000000]
[21:09:31.965]      __ap = 1; 
[21:09:31.965]        // -> [__ap <= 0x00000001]
[21:09:31.965]      WriteAP(0x0C, 0x04); //lets use the mini pwr-ap as backup
[21:09:31.966]        // -> [WriteAP(0x0000000C, 0x00000004)]   (__dp=0x00000000, __ap=0x00000001)
[21:09:31.966]      __ap = 4;
[21:09:31.966]        // -> [__ap <= 0x00000004]
[21:09:31.966]      ACCESS_POINT_VAL = ReadAP(0x00);//Reading current state of access point
[21:09:31.971]        // -> [ReadAP(0x00000000) => 0x00080027]   (__dp=0x00000000, __ap=0x00000004)
[21:09:31.971]        // -> [ACCESS_POINT_VAL <= 0x00080027]
[21:09:31.971]      Message(0, "Current state of access point is: %x",ACCESS_POINT_VAL);
[21:09:31.976]    </block>
[21:09:31.976]    <block atomic="false" info="">
[21:09:31.976]      __var nReset = 0x80;
[21:09:31.976]        // -> [nReset <= 0x00000080]
[21:09:31.976]      __var canReadPins = 0;
[21:09:31.976]        // -> [canReadPins <= 0x00000000]
[21:09:31.976]      canReadPins = (DAP_SWJ_Pins(0x00, nReset, 0) != 0xFFFFFFFF);
[21:09:31.976]        // -> [DAP_SWJ_Pins(0x00, 0x80, 0) => 0x0F]   (Out: nRESET=0  =>  In: SWCLK/TCK=1, SWDIO/TMS=1, TDI=1, TDO=1, nTRST=0, nRESET=0)
[21:09:31.976]        // -> [canReadPins <= 0x00000001]
[21:09:31.976]    </block>
[21:09:31.976]    <control if="" while="1" timeout="200" info="">
[21:09:31.976]      // while "1"  (timeout="200")
[21:09:31.976]      // while-condition  =>  TRUE
[21:09:31.976]      // while "1"  (timeout="200")
[21:09:31.976]      // while-condition  =>  TRUE
[21:09:31.976]      // while "1"  (timeout="200")
[21:09:31.976]      // while-condition  =>  TRUE
[21:09:31.976]      // while "1"  (timeout="200")
[21:09:31.976]      // while-condition  =>  TRUE
[21:09:31.976]      // while "1"  (timeout="200")
[21:09:31.976]      // while-condition  =>  TRUE
[21:09:31.976]      // while "1"  (timeout="200")
[21:09:31.976]      // while-condition  =>  TRUE
[21:09:31.976]      // while "1"  (timeout="200")
[21:09:31.982]      // while-condition  =>  TRUE
[21:09:31.982]      // while "1"  (timeout="200")
[21:09:31.982]      // while  =>  TIMEOUT
[21:09:31.982]      // end while "1"
[21:09:31.982]    </control>
[21:09:31.982]    <control if="canReadPins" while="" timeout="0" info="">
[21:09:31.982]      // if-block "canReadPins"
[21:09:31.982]        // =>  TRUE
[21:09:31.982]      <control if="" while="(DAP_SWJ_Pins(nReset, nReset, 0) & nReset) == 0" timeout="1000000" info="">
[21:09:31.982]        // while "(DAP_SWJ_Pins(nReset, nReset, 0) & nReset) == 0"  (timeout="1000000")
[21:09:31.983]          // -> [DAP_SWJ_Pins(0x80, 0x80, 0) => 0x8F]   (Out: nRESET=1  =>  In: SWCLK/TCK=1, SWDIO/TMS=1, TDI=1, TDO=1, nTRST=0, nRESET=1)
[21:09:31.983]        // while-condition  =>  FALSE
[21:09:31.983]        // end while "(DAP_SWJ_Pins(nReset, nReset, 0) & nReset) == 0"
[21:09:31.983]      </control>
[21:09:31.983]      // end if-block "canReadPins"
[21:09:31.983]    </control>
[21:09:31.983]    <control if="!canReadPins" while="" timeout="0" info="">
[21:09:31.983]      // if-block "!canReadPins"
[21:09:31.983]        // =>  FALSE
[21:09:31.983]      // skip if-block "!canReadPins"
[21:09:31.983]    </control>
[21:09:31.983]    <control if="(ACCESS_POINT_VAL & 0x00E00000) == 0" while="" timeout="0" info="">
[21:09:31.983]      // if-block "(ACCESS_POINT_VAL & 0x00E00000) == 0"
[21:09:31.983]        // =>  TRUE
[21:09:31.983]      <block atomic="false" info="">
[21:09:31.983]        WriteAP(0x00, 0x190008);
[21:09:31.986]          // -> [WriteAP(0x00000000, 0x00190008)]   (__dp=0x00000000, __ap=0x00000004)
[21:09:31.986]        WriteAP(0xF0, 0x01);
[21:09:31.991]          // -> [WriteAP(0x000000F0, 0x00000001)]   (__dp=0x00000000, __ap=0x00000004)
[21:09:31.991]      </block>
[21:09:31.991]      // end if-block "(ACCESS_POINT_VAL & 0x00E00000) == 0"
[21:09:31.991]    </control>
[21:09:31.991]    <control if="(ACCESS_POINT_VAL & 0x00E00000) != 0" while="" timeout="0" info="">
[21:09:31.991]      // if-block "(ACCESS_POINT_VAL & 0x00E00000) != 0"
[21:09:31.991]        // =>  FALSE
[21:09:31.991]      // skip if-block "(ACCESS_POINT_VAL & 0x00E00000) != 0"
[21:09:31.991]    </control>
[21:09:31.991]    <block atomic="false" info="">
[21:09:31.991]      ACCESS_POINT_VAL = ReadAP(0x00);//Reading current state of access point
[21:09:31.996]        // -> [ReadAP(0x00000000) => 0x0079002F]   (__dp=0x00000000, __ap=0x00000004)
[21:09:31.996]        // -> [ACCESS_POINT_VAL <= 0x0079002F]
[21:09:31.996]      Message(0, "Current state of access point is: %x",ACCESS_POINT_VAL);
[21:09:31.998]      __ap = 0; //lets make sure we reset the access point selection
[21:09:31.998]        // -> [__ap <= 0x00000000]
[21:09:31.998]    </block>
[21:09:31.998]  </sequence>
[21:09:31.998]  
[21:09:32.016]  **********  Sequence "DebugDeviceUnlock"  (Context="Connect", Pname="", info="")
[21:09:32.016]  
[21:09:32.016]  <debugvars>
[21:09:32.016]    // Pre-defined
[21:09:32.016]    __protocol=0x00010002      (Protocol="SWD", SWJ-DP="True")
[21:09:32.016]    __connection=0x00000202    (Connection Type="Flash", Reset Type="System Reset")
[21:09:32.016]    __dp=0x00000000
[21:09:32.016]    __ap=0x00000000
[21:09:32.016]    __traceout=0x00000000      (Trace Disabled)
[21:09:32.016]    __errorcontrol=0x00000000  (Skip Errors="False")
[21:09:32.016]    __FlashAddr=0x00000000
[21:09:32.016]    __FlashLen=0x00000000
[21:09:32.016]    __FlashArg=0x00000000
[21:09:32.016]    __FlashOp=0x00000000
[21:09:32.016]    __Result=0x00000000
[21:09:32.016]  </debugvars>
[21:09:32.016]  
[21:09:32.016]  <sequence name="DebugDeviceUnlock" Pname="" disable="false" info="">
[21:09:32.016]    <block atomic="false" info="">
[21:09:32.016]      __var deviceID = 0;
[21:09:32.016]        // -> [deviceID <= 0x00000000]
[21:09:32.016]      __var version = 0;
[21:09:32.016]        // -> [version <= 0x00000000]
[21:09:32.016]      __var partNum = 0;
[21:09:32.016]        // -> [partNum <= 0x00000000]
[21:09:32.016]      __var manuf = 0;
[21:09:32.016]        // -> [manuf <= 0x00000000]
[21:09:32.016]      __var isMSPM0G1X0X_G3X0X = 0;
[21:09:32.016]        // -> [isMSPM0G1X0X_G3X0X <= 0x00000000]
[21:09:32.016]      __var isProduction = 0;
[21:09:32.016]        // -> [isProduction <= 0x00000000]
[21:09:32.016]      __var continueId = 0;
[21:09:32.016]        // -> [continueId <= 0x00000000]
[21:09:32.016]      deviceID =   Read32(0x41C40004);
[21:09:32.026]        // -> [Read32(0x41C40004) => 0x2BB8802F]   (__dp=0x00000000, __ap=0x00000000)
[21:09:32.026]        // -> [deviceID <= 0x2BB8802F]
[21:09:32.028]      version = deviceID >> 28;
[21:09:32.028]        // -> [version <= 0x00000002]
[21:09:32.028]      partNum = (deviceID & 0x0FFFF000) >> 12;
[21:09:32.028]        // -> [partNum <= 0x0000BB88]
[21:09:32.028]      manuf = (deviceID & 0x00000FFE) >> 1;
[21:09:32.028]        // -> [manuf <= 0x00000017]
[21:09:32.028]      isMSPM0G1X0X_G3X0X = (partNum == 0xBB88) && (manuf == 0x17);
[21:09:32.028]        // -> [isMSPM0G1X0X_G3X0X <= 0x00000001]
[21:09:32.028]      isProduction = (version > 0);
[21:09:32.028]        // -> [isProduction <= 0x00000001]
[21:09:32.028]    </block>
[21:09:32.028]    <control if="!isMSPM0G1X0X_G3X0X" while="" timeout="0" info="">
[21:09:32.028]      // if-block "!isMSPM0G1X0X_G3X0X"
[21:09:32.028]        // =>  FALSE
[21:09:32.028]      // skip if-block "!isMSPM0G1X0X_G3X0X"
[21:09:32.028]    </control>
[21:09:32.028]    <control if="continueId == 4" while="" timeout="0" info="">
[21:09:32.028]      // if-block "continueId == 4"
[21:09:32.028]        // =>  FALSE
[21:09:32.028]      // skip if-block "continueId == 4"
[21:09:32.028]    </control>
[21:09:32.028]    <control if="!isProduction" while="" timeout="0" info="">
[21:09:32.028]      // if-block "!isProduction"
[21:09:32.028]        // =>  FALSE
[21:09:32.028]      // skip if-block "!isProduction"
[21:09:32.030]    </control>
[21:09:32.030]  </sequence>
[21:09:32.030]  
[21:34:11.343]  **********  Sequence "DebugPortSetup"  (Context="Connect", Pname="", info="")
[21:34:11.343]  
[21:34:11.343]  <debugvars>
[21:34:11.343]    // Pre-defined
[21:34:11.343]    __protocol=0x00010002      (Protocol="SWD", SWJ-DP="True")
[21:34:11.343]    __connection=0x00000202    (Connection Type="Flash", Reset Type="System Reset")
[21:34:11.343]    __dp=0x00000000
[21:34:11.343]    __ap=0x00000000
[21:34:11.343]    __traceout=0x00000000      (Trace Disabled)
[21:34:11.343]    __errorcontrol=0x00000000  (Skip Errors="False")
[21:34:11.343]    __FlashAddr=0x00000000
[21:34:11.343]    __FlashLen=0x00000000
[21:34:11.343]    __FlashArg=0x00000000
[21:34:11.343]    __FlashOp=0x00000000
[21:34:11.343]    __Result=0x00000000
[21:34:11.343]  </debugvars>
[21:34:11.343]  
[21:34:11.343]  <sequence name="DebugPortSetup" Pname="" disable="false" info="">
[21:34:11.343]    <block atomic="false" info="">
[21:34:11.343]      __var isSWJ      = ((__protocol & 0x00010000) != 0);
[21:34:11.343]        // -> [isSWJ <= 0x00000001]
[21:34:11.343]      __var hasDormant = __protocol & 0x00020000;
[21:34:11.343]        // -> [hasDormant <= 0x00000000]
[21:34:11.343]      __var protType   = __protocol & 0x0000FFFF;
[21:34:11.343]        // -> [protType <= 0x00000002]
[21:34:11.343]    </block>
[21:34:11.343]    <control if="protType == 1" while="" timeout="0" info="">
[21:34:11.343]      // if-block "protType == 1"
[21:34:11.343]        // =>  FALSE
[21:34:11.343]      // skip if-block "protType == 1"
[21:34:11.343]    </control>
[21:34:11.343]    <control if="protType == 2" while="" timeout="0" info="">
[21:34:11.343]      // if-block "protType == 2"
[21:34:11.343]        // =>  TRUE
[21:34:11.343]      <control if="isSWJ" while="" timeout="0" info="">
[21:34:11.343]        // if-block "isSWJ"
[21:34:11.343]          // =>  TRUE
[21:34:11.343]        <control if="hasDormant" while="" timeout="0" info="">
[21:34:11.343]          // if-block "hasDormant"
[21:34:11.343]            // =>  FALSE
[21:34:11.343]          // skip if-block "hasDormant"
[21:34:11.343]        </control>
[21:34:11.343]        <control if="!hasDormant" while="" timeout="0" info="">
[21:34:11.343]          // if-block "!hasDormant"
[21:34:11.343]            // =>  TRUE
[21:34:11.343]          <block atomic="false" info="">
[21:34:11.343]            DAP_SWJ_Sequence(51, 0x0007FFFFFFFFFFFF); //lets put the JTAG line in a reset state
[21:34:11.348]              // -> [DAP_SWJ_Sequence(51, 0x0007FFFFFFFFFFFF)]
[21:34:11.348]            DAP_SWJ_Sequence(16,0xE73C); //SWD to JTAG, this is to ensure the state machine is initialized
[21:34:11.348]              // -> [DAP_SWJ_Sequence(16, 0x000000000000E73C)]
[21:34:11.348]            DAP_SWJ_Sequence(51, 0x0007FFFFFFFFFFFF); //Put it back in reset
[21:34:11.353]              // -> [DAP_SWJ_Sequence(51, 0x0007FFFFFFFFFFFF)]
[21:34:11.353]            DAP_SWJ_Sequence(16, 0xE79E); //JTAG to SWD switch
[21:34:11.353]              // -> [DAP_SWJ_Sequence(16, 0x000000000000E79E)]
[21:34:11.353]            DAP_SWJ_Sequence(51, 0x0007FFFFFFFFFFFF);  //Ensure the switch is successful 
[21:34:11.358]              // -> [DAP_SWJ_Sequence(51, 0x0007FFFFFFFFFFFF)]
[21:34:11.358]            DAP_SWJ_Sequence(7,  0x00); //Give the line some time to initialize
[21:34:11.364]              // -> [DAP_SWJ_Sequence(7, 0x0000000000000000)]
[21:34:11.364]          </block>
[21:34:11.364]          // end if-block "!hasDormant"
[21:34:11.364]        </control>
[21:34:11.364]        // end if-block "isSWJ"
[21:34:11.364]      </control>
[21:34:11.364]      <control if="!isSWJ" while="" timeout="0" info="">
[21:34:11.364]        // if-block "!isSWJ"
[21:34:11.364]          // =>  FALSE
[21:34:11.364]        // skip if-block "!isSWJ"
[21:34:11.364]      </control>
[21:34:11.364]      <block atomic="false" info="">
[21:34:11.364]        ReadDP(0x0);
[21:34:11.367]          // -> [ReadDP(0x00000000) => 0x6BA02477]   (__dp=0x00000000)
[21:34:11.367]      </block>
[21:34:11.367]      // end if-block "protType == 2"
[21:34:11.367]    </control>
[21:34:11.367]  </sequence>
[21:34:11.367]  
[21:34:11.369]  **********  Sequence "DebugPortStart"  (Context="Connect", Pname="", info="")
[21:34:11.369]  
[21:34:11.369]  <debugvars>
[21:34:11.369]    // Pre-defined
[21:34:11.369]    __protocol=0x00010002      (Protocol="SWD", SWJ-DP="True")
[21:34:11.369]    __connection=0x00000202    (Connection Type="Flash", Reset Type="System Reset")
[21:34:11.369]    __dp=0x00000000
[21:34:11.369]    __ap=0x00000000
[21:34:11.369]    __traceout=0x00000000      (Trace Disabled)
[21:34:11.369]    __errorcontrol=0x00000000  (Skip Errors="False")
[21:34:11.369]    __FlashAddr=0x00000000
[21:34:11.369]    __FlashLen=0x00000000
[21:34:11.369]    __FlashArg=0x00000000
[21:34:11.369]    __FlashOp=0x00000000
[21:34:11.369]    __Result=0x00000000
[21:34:11.369]  </debugvars>
[21:34:11.369]  
[21:34:11.369]  <sequence name="DebugPortStart" Pname="" disable="false" info="">
[21:34:11.369]    <block atomic="false" info="">
[21:34:11.369]      __var SW_DP_ABORT       = 0x0;
[21:34:11.369]        // -> [SW_DP_ABORT <= 0x00000000]
[21:34:11.369]      __var DP_CTRL_STAT      = 0x4;
[21:34:11.369]        // -> [DP_CTRL_STAT <= 0x00000004]
[21:34:11.369]      __var DP_SELECT         = 0x8;
[21:34:11.369]        // -> [DP_SELECT <= 0x00000008]
[21:34:11.369]      __var powered_down      = 0;
[21:34:11.369]        // -> [powered_down <= 0x00000000]
[21:34:11.369]      WriteDP(DP_SELECT, 0x00000000);
[21:34:11.374]        // -> [WriteDP(0x00000008, 0x00000000)]   (__dp=0x00000000)
[21:34:11.374]      powered_down = ((ReadDP(DP_CTRL_STAT) & 0xA0000000) != 0xA0000000);
[21:34:11.374]        // -> [ReadDP(0x00000004) => 0x00000040]   (__dp=0x00000000)
[21:34:11.374]        // -> [powered_down <= 0x00000001]
[21:34:11.374]    </block>
[21:34:11.374]    <control if="powered_down" while="" timeout="0" info="">
[21:34:11.374]      // if-block "powered_down"
[21:34:11.374]        // =>  TRUE
[21:34:11.374]      <block atomic="false" info="">
[21:34:11.374]        Message(0, "Debug/System power-up request sent");
[21:34:11.374]        WriteDP(DP_CTRL_STAT, 0x50000000);
[21:34:11.379]          // -> [WriteDP(0x00000004, 0x50000000)]   (__dp=0x00000000)
[21:34:11.379]      </block>
[21:34:11.379]      <control if="" while="(ReadDP(DP_CTRL_STAT) & 0xA0000000) != 0xA0000000" timeout="1000000" info="">
[21:34:11.379]        // while "(ReadDP(DP_CTRL_STAT) & 0xA0000000) != 0xA0000000"  (timeout="1000000")
[21:34:11.379]          // -> [ReadDP(0x00000004) => 0xF0000040]   (__dp=0x00000000)
[21:34:11.379]        // while-condition  =>  FALSE
[21:34:11.379]        // end while "(ReadDP(DP_CTRL_STAT) & 0xA0000000) != 0xA0000000"
[21:34:11.379]      </control>
[21:34:11.379]      <control if="(__protocol & 0xFFFF) == 1" while="" timeout="0" info="">
[21:34:11.379]        // if-block "(__protocol & 0xFFFF) == 1"
[21:34:11.379]          // =>  FALSE
[21:34:11.379]        // skip if-block "(__protocol & 0xFFFF) == 1"
[21:34:11.379]      </control>
[21:34:11.379]      <control if="(__protocol & 0xFFFF) == 2" while="" timeout="0" info="">
[21:34:11.379]        // if-block "(__protocol & 0xFFFF) == 2"
[21:34:11.379]          // =>  TRUE
[21:34:11.379]        <block atomic="false" info="">
[21:34:11.379]          Message(0, "executing SWD power up");
[21:34:11.379]          WriteDP(DP_CTRL_STAT, 0x50000F00);
[21:34:11.384]            // -> [WriteDP(0x00000004, 0x50000F00)]   (__dp=0x00000000)
[21:34:11.384]          WriteDP(SW_DP_ABORT, 0x0000001E);
[21:34:11.384]            // -> [WriteDP(0x00000000, 0x0000001E)]   (__dp=0x00000000)
[21:34:11.389]        </block>
[21:34:11.389]        // end if-block "(__protocol & 0xFFFF) == 2"
[21:34:11.389]      </control>
[21:34:11.389]      // end if-block "powered_down"
[21:34:11.389]    </control>
[21:34:11.389]    <block atomic="false" info="">
[21:34:11.389]      __var DEBUG_PORT_VAL    = 0;
[21:34:11.389]        // -> [DEBUG_PORT_VAL <= 0x00000000]
[21:34:11.389]      __var ACCESS_POINT_VAL  = 0;
[21:34:11.389]        // -> [ACCESS_POINT_VAL <= 0x00000000]
[21:34:11.389]      __ap = 1; 
[21:34:11.389]        // -> [__ap <= 0x00000001]
[21:34:11.389]      WriteAP(0x0C, 0x04); //lets use the mini pwr-ap as backup
[21:34:11.389]        // -> [WriteAP(0x0000000C, 0x00000004)]   (__dp=0x00000000, __ap=0x00000001)
[21:34:11.394]      __ap = 4;
[21:34:11.394]        // -> [__ap <= 0x00000004]
[21:34:11.394]      ACCESS_POINT_VAL = ReadAP(0x00);//Reading current state of access point
[21:34:11.398]        // -> [ReadAP(0x00000000) => 0x00080027]   (__dp=0x00000000, __ap=0x00000004)
[21:34:11.398]        // -> [ACCESS_POINT_VAL <= 0x00080027]
[21:34:11.398]      Message(0, "Current state of access point is: %x",ACCESS_POINT_VAL);
[21:34:11.400]    </block>
[21:34:11.400]    <block atomic="false" info="">
[21:34:11.400]      __var nReset = 0x80;
[21:34:11.400]        // -> [nReset <= 0x00000080]
[21:34:11.400]      __var canReadPins = 0;
[21:34:11.400]        // -> [canReadPins <= 0x00000000]
[21:34:11.400]      canReadPins = (DAP_SWJ_Pins(0x00, nReset, 0) != 0xFFFFFFFF);
[21:34:11.400]        // -> [DAP_SWJ_Pins(0x00, 0x80, 0) => 0x0F]   (Out: nRESET=0  =>  In: SWCLK/TCK=1, SWDIO/TMS=1, TDI=1, TDO=1, nTRST=0, nRESET=0)
[21:34:11.400]        // -> [canReadPins <= 0x00000001]
[21:34:11.400]    </block>
[21:34:11.400]    <control if="" while="1" timeout="200" info="">
[21:34:11.400]      // while "1"  (timeout="200")
[21:34:11.400]      // while-condition  =>  TRUE
[21:34:11.400]      // while "1"  (timeout="200")
[21:34:11.400]      // while-condition  =>  TRUE
[21:34:11.400]      // while "1"  (timeout="200")
[21:34:11.400]      // while-condition  =>  TRUE
[21:34:11.400]      // while "1"  (timeout="200")
[21:34:11.400]      // while-condition  =>  TRUE
[21:34:11.400]      // while "1"  (timeout="200")
[21:34:11.400]      // while-condition  =>  TRUE
[21:34:11.400]      // while "1"  (timeout="200")
[21:34:11.400]      // while-condition  =>  TRUE
[21:34:11.400]      // while "1"  (timeout="200")
[21:34:11.400]      // while-condition  =>  TRUE
[21:34:11.400]      // while "1"  (timeout="200")
[21:34:11.400]      // while-condition  =>  TRUE
[21:34:11.400]      // while "1"  (timeout="200")
[21:34:11.400]      // while-condition  =>  TRUE
[21:34:11.400]      // while "1"  (timeout="200")
[21:34:11.400]      // while-condition  =>  TRUE
[21:34:11.400]      // while "1"  (timeout="200")
[21:34:11.400]      // while-condition  =>  TRUE
[21:34:11.400]      // while "1"  (timeout="200")
[21:34:11.400]      // while-condition  =>  TRUE
[21:34:11.400]      // while "1"  (timeout="200")
[21:34:11.400]      // while-condition  =>  TRUE
[21:34:11.400]      // while "1"  (timeout="200")
[21:34:11.400]      // while-condition  =>  TRUE
[21:34:11.400]      // while "1"  (timeout="200")
[21:34:11.400]      // while-condition  =>  TRUE
[21:34:11.400]      // while "1"  (timeout="200")
[21:34:11.400]      // while-condition  =>  TRUE
[21:34:11.400]      // while "1"  (timeout="200")
[21:34:11.400]      // while-condition  =>  TRUE
[21:34:11.405]      // while "1"  (timeout="200")
[21:34:11.405]      // while  =>  TIMEOUT
[21:34:11.405]      // end while "1"
[21:34:11.405]    </control>
[21:34:11.405]    <control if="canReadPins" while="" timeout="0" info="">
[21:34:11.405]      // if-block "canReadPins"
[21:34:11.405]        // =>  TRUE
[21:34:11.405]      <control if="" while="(DAP_SWJ_Pins(nReset, nReset, 0) & nReset) == 0" timeout="1000000" info="">
[21:34:11.405]        // while "(DAP_SWJ_Pins(nReset, nReset, 0) & nReset) == 0"  (timeout="1000000")
[21:34:11.405]          // -> [DAP_SWJ_Pins(0x80, 0x80, 0) => 0x8F]   (Out: nRESET=1  =>  In: SWCLK/TCK=1, SWDIO/TMS=1, TDI=1, TDO=1, nTRST=0, nRESET=1)
[21:34:11.405]        // while-condition  =>  FALSE
[21:34:11.405]        // end while "(DAP_SWJ_Pins(nReset, nReset, 0) & nReset) == 0"
[21:34:11.405]      </control>
[21:34:11.405]      // end if-block "canReadPins"
[21:34:11.405]    </control>
[21:34:11.405]    <control if="!canReadPins" while="" timeout="0" info="">
[21:34:11.405]      // if-block "!canReadPins"
[21:34:11.405]        // =>  FALSE
[21:34:11.405]      // skip if-block "!canReadPins"
[21:34:11.405]    </control>
[21:34:11.405]    <control if="(ACCESS_POINT_VAL & 0x00E00000) == 0" while="" timeout="0" info="">
[21:34:11.405]      // if-block "(ACCESS_POINT_VAL & 0x00E00000) == 0"
[21:34:11.405]        // =>  TRUE
[21:34:11.405]      <block atomic="false" info="">
[21:34:11.405]        WriteAP(0x00, 0x190008);
[21:34:11.411]          // -> [WriteAP(0x00000000, 0x00190008)]   (__dp=0x00000000, __ap=0x00000004)
[21:34:11.411]        WriteAP(0xF0, 0x01);
[21:34:11.415]          // -> [WriteAP(0x000000F0, 0x00000001)]   (__dp=0x00000000, __ap=0x00000004)
[21:34:11.415]      </block>
[21:34:11.415]      // end if-block "(ACCESS_POINT_VAL & 0x00E00000) == 0"
[21:34:11.415]    </control>
[21:34:11.415]    <control if="(ACCESS_POINT_VAL & 0x00E00000) != 0" while="" timeout="0" info="">
[21:34:11.415]      // if-block "(ACCESS_POINT_VAL & 0x00E00000) != 0"
[21:34:11.415]        // =>  FALSE
[21:34:11.415]      // skip if-block "(ACCESS_POINT_VAL & 0x00E00000) != 0"
[21:34:11.415]    </control>
[21:34:11.415]    <block atomic="false" info="">
[21:34:11.415]      ACCESS_POINT_VAL = ReadAP(0x00);//Reading current state of access point
[21:34:11.415]        // -> [ReadAP(0x00000000) => 0x0079002F]   (__dp=0x00000000, __ap=0x00000004)
[21:34:11.415]        // -> [ACCESS_POINT_VAL <= 0x0079002F]
[21:34:11.415]      Message(0, "Current state of access point is: %x",ACCESS_POINT_VAL);
[21:34:11.420]      __ap = 0; //lets make sure we reset the access point selection
[21:34:11.420]        // -> [__ap <= 0x00000000]
[21:34:11.420]    </block>
[21:34:11.420]  </sequence>
[21:34:11.420]  
[21:34:11.441]  **********  Sequence "DebugDeviceUnlock"  (Context="Connect", Pname="", info="")
[21:34:11.441]  
[21:34:11.441]  <debugvars>
[21:34:11.441]    // Pre-defined
[21:34:11.441]    __protocol=0x00010002      (Protocol="SWD", SWJ-DP="True")
[21:34:11.441]    __connection=0x00000202    (Connection Type="Flash", Reset Type="System Reset")
[21:34:11.441]    __dp=0x00000000
[21:34:11.441]    __ap=0x00000000
[21:34:11.441]    __traceout=0x00000000      (Trace Disabled)
[21:34:11.441]    __errorcontrol=0x00000000  (Skip Errors="False")
[21:34:11.441]    __FlashAddr=0x00000000
[21:34:11.441]    __FlashLen=0x00000000
[21:34:11.441]    __FlashArg=0x00000000
[21:34:11.441]    __FlashOp=0x00000000
[21:34:11.441]    __Result=0x00000000
[21:34:11.441]  </debugvars>
[21:34:11.441]  
[21:34:11.441]  <sequence name="DebugDeviceUnlock" Pname="" disable="false" info="">
[21:34:11.441]    <block atomic="false" info="">
[21:34:11.441]      __var deviceID = 0;
[21:34:11.441]        // -> [deviceID <= 0x00000000]
[21:34:11.441]      __var version = 0;
[21:34:11.441]        // -> [version <= 0x00000000]
[21:34:11.441]      __var partNum = 0;
[21:34:11.441]        // -> [partNum <= 0x00000000]
[21:34:11.441]      __var manuf = 0;
[21:34:11.441]        // -> [manuf <= 0x00000000]
[21:34:11.441]      __var isMSPM0G1X0X_G3X0X = 0;
[21:34:11.441]        // -> [isMSPM0G1X0X_G3X0X <= 0x00000000]
[21:34:11.441]      __var isProduction = 0;
[21:34:11.441]        // -> [isProduction <= 0x00000000]
[21:34:11.441]      __var continueId = 0;
[21:34:11.441]        // -> [continueId <= 0x00000000]
[21:34:11.441]      deviceID =   Read32(0x41C40004);
[21:34:11.453]        // -> [Read32(0x41C40004) => 0x2BB8802F]   (__dp=0x00000000, __ap=0x00000000)
[21:34:11.453]        // -> [deviceID <= 0x2BB8802F]
[21:34:11.453]      version = deviceID >> 28;
[21:34:11.453]        // -> [version <= 0x00000002]
[21:34:11.453]      partNum = (deviceID & 0x0FFFF000) >> 12;
[21:34:11.453]        // -> [partNum <= 0x0000BB88]
[21:34:11.453]      manuf = (deviceID & 0x00000FFE) >> 1;
[21:34:11.453]        // -> [manuf <= 0x00000017]
[21:34:11.453]      isMSPM0G1X0X_G3X0X = (partNum == 0xBB88) && (manuf == 0x17);
[21:34:11.453]        // -> [isMSPM0G1X0X_G3X0X <= 0x00000001]
[21:34:11.453]      isProduction = (version > 0);
[21:34:11.453]        // -> [isProduction <= 0x00000001]
[21:34:11.453]    </block>
[21:34:11.453]    <control if="!isMSPM0G1X0X_G3X0X" while="" timeout="0" info="">
[21:34:11.453]      // if-block "!isMSPM0G1X0X_G3X0X"
[21:34:11.453]        // =>  FALSE
[21:34:11.453]      // skip if-block "!isMSPM0G1X0X_G3X0X"
[21:34:11.453]    </control>
[21:34:11.453]    <control if="continueId == 4" while="" timeout="0" info="">
[21:34:11.453]      // if-block "continueId == 4"
[21:34:11.453]        // =>  FALSE
[21:34:11.453]      // skip if-block "continueId == 4"
[21:34:11.453]    </control>
[21:34:11.453]    <control if="!isProduction" while="" timeout="0" info="">
[21:34:11.453]      // if-block "!isProduction"
[21:34:11.453]        // =>  FALSE
[21:34:11.453]      // skip if-block "!isProduction"
[21:34:11.453]    </control>
[21:34:11.453]  </sequence>
[21:34:11.453]  
[22:11:26.658]  **********  Sequence "DebugPortSetup"  (Context="Connect", Pname="", info="")
[22:11:26.658]  
[22:11:26.662]  <debugvars>
[22:11:26.662]    // Pre-defined
[22:11:26.662]    __protocol=0x00010002      (Protocol="SWD", SWJ-DP="True")
[22:11:26.662]    __connection=0x00000202    (Connection Type="Flash", Reset Type="System Reset")
[22:11:26.662]    __dp=0x00000000
[22:11:26.662]    __ap=0x00000000
[22:11:26.662]    __traceout=0x00000000      (Trace Disabled)
[22:11:26.662]    __errorcontrol=0x00000000  (Skip Errors="False")
[22:11:26.662]    __FlashAddr=0x00000000
[22:11:26.662]    __FlashLen=0x00000000
[22:11:26.662]    __FlashArg=0x00000000
[22:11:26.662]    __FlashOp=0x00000000
[22:11:26.662]    __Result=0x00000000
[22:11:26.662]  </debugvars>
[22:11:26.662]  
[22:11:26.662]  <sequence name="DebugPortSetup" Pname="" disable="false" info="">
[22:11:26.662]    <block atomic="false" info="">
[22:11:26.662]      __var isSWJ      = ((__protocol & 0x00010000) != 0);
[22:11:26.662]        // -> [isSWJ <= 0x00000001]
[22:11:26.662]      __var hasDormant = __protocol & 0x00020000;
[22:11:26.662]        // -> [hasDormant <= 0x00000000]
[22:11:26.662]      __var protType   = __protocol & 0x0000FFFF;
[22:11:26.662]        // -> [protType <= 0x00000002]
[22:11:26.662]    </block>
[22:11:26.662]    <control if="protType == 1" while="" timeout="0" info="">
[22:11:26.662]      // if-block "protType == 1"
[22:11:26.662]        // =>  FALSE
[22:11:26.662]      // skip if-block "protType == 1"
[22:11:26.662]    </control>
[22:11:26.662]    <control if="protType == 2" while="" timeout="0" info="">
[22:11:26.662]      // if-block "protType == 2"
[22:11:26.662]        // =>  TRUE
[22:11:26.662]      <control if="isSWJ" while="" timeout="0" info="">
[22:11:26.662]        // if-block "isSWJ"
[22:11:26.662]          // =>  TRUE
[22:11:26.662]        <control if="hasDormant" while="" timeout="0" info="">
[22:11:26.662]          // if-block "hasDormant"
[22:11:26.662]            // =>  FALSE
[22:11:26.662]          // skip if-block "hasDormant"
[22:11:26.662]        </control>
[22:11:26.662]        <control if="!hasDormant" while="" timeout="0" info="">
[22:11:26.662]          // if-block "!hasDormant"
[22:11:26.662]            // =>  TRUE
[22:11:26.662]          <block atomic="false" info="">
[22:11:26.662]            DAP_SWJ_Sequence(51, 0x0007FFFFFFFFFFFF); //lets put the JTAG line in a reset state
[22:11:26.662]              // -> [DAP_SWJ_Sequence(51, 0x0007FFFFFFFFFFFF)]
[22:11:26.667]            DAP_SWJ_Sequence(16,0xE73C); //SWD to JTAG, this is to ensure the state machine is initialized
[22:11:26.668]              // -> [DAP_SWJ_Sequence(16, 0x000000000000E73C)]
[22:11:26.668]            DAP_SWJ_Sequence(51, 0x0007FFFFFFFFFFFF); //Put it back in reset
[22:11:26.670]              // -> [DAP_SWJ_Sequence(51, 0x0007FFFFFFFFFFFF)]
[22:11:26.670]            DAP_SWJ_Sequence(16, 0xE79E); //JTAG to SWD switch
[22:11:26.672]              // -> [DAP_SWJ_Sequence(16, 0x000000000000E79E)]
[22:11:26.672]            DAP_SWJ_Sequence(51, 0x0007FFFFFFFFFFFF);  //Ensure the switch is successful 
[22:11:26.674]              // -> [DAP_SWJ_Sequence(51, 0x0007FFFFFFFFFFFF)]
[22:11:26.674]            DAP_SWJ_Sequence(7,  0x00); //Give the line some time to initialize
[22:11:26.676]              // -> [DAP_SWJ_Sequence(7, 0x0000000000000000)]
[22:11:26.676]          </block>
[22:11:26.676]          // end if-block "!hasDormant"
[22:11:26.676]        </control>
[22:11:26.676]        // end if-block "isSWJ"
[22:11:26.676]      </control>
[22:11:26.676]      <control if="!isSWJ" while="" timeout="0" info="">
[22:11:26.676]        // if-block "!isSWJ"
[22:11:26.677]          // =>  FALSE
[22:11:26.677]        // skip if-block "!isSWJ"
[22:11:26.677]      </control>
[22:11:26.677]      <block atomic="false" info="">
[22:11:26.677]        ReadDP(0x0);
[22:11:26.679]          // -> [ReadDP(0x00000000) => 0x6BA02477]   (__dp=0x00000000)
[22:11:26.679]      </block>
[22:11:26.679]      // end if-block "protType == 2"
[22:11:26.679]    </control>
[22:11:26.679]  </sequence>
[22:11:26.679]  
[22:11:26.683]  **********  Sequence "DebugPortStart"  (Context="Connect", Pname="", info="")
[22:11:26.683]  
[22:11:26.683]  <debugvars>
[22:11:26.683]    // Pre-defined
[22:11:26.683]    __protocol=0x00010002      (Protocol="SWD", SWJ-DP="True")
[22:11:26.683]    __connection=0x00000202    (Connection Type="Flash", Reset Type="System Reset")
[22:11:26.683]    __dp=0x00000000
[22:11:26.683]    __ap=0x00000000
[22:11:26.683]    __traceout=0x00000000      (Trace Disabled)
[22:11:26.683]    __errorcontrol=0x00000000  (Skip Errors="False")
[22:11:26.683]    __FlashAddr=0x00000000
[22:11:26.683]    __FlashLen=0x00000000
[22:11:26.683]    __FlashArg=0x00000000
[22:11:26.683]    __FlashOp=0x00000000
[22:11:26.683]    __Result=0x00000000
[22:11:26.683]  </debugvars>
[22:11:26.683]  
[22:11:26.683]  <sequence name="DebugPortStart" Pname="" disable="false" info="">
[22:11:26.683]    <block atomic="false" info="">
[22:11:26.683]      __var SW_DP_ABORT       = 0x0;
[22:11:26.683]        // -> [SW_DP_ABORT <= 0x00000000]
[22:11:26.683]      __var DP_CTRL_STAT      = 0x4;
[22:11:26.683]        // -> [DP_CTRL_STAT <= 0x00000004]
[22:11:26.683]      __var DP_SELECT         = 0x8;
[22:11:26.683]        // -> [DP_SELECT <= 0x00000008]
[22:11:26.683]      __var powered_down      = 0;
[22:11:26.683]        // -> [powered_down <= 0x00000000]
[22:11:26.683]      WriteDP(DP_SELECT, 0x00000000);
[22:11:26.683]        // -> [WriteDP(0x00000008, 0x00000000)]   (__dp=0x00000000)
[22:11:26.683]      powered_down = ((ReadDP(DP_CTRL_STAT) & 0xA0000000) != 0xA0000000);
[22:11:26.683]        // -> [ReadDP(0x00000004) => 0x00000040]   (__dp=0x00000000)
[22:11:26.683]        // -> [powered_down <= 0x00000001]
[22:11:26.683]    </block>
[22:11:26.683]    <control if="powered_down" while="" timeout="0" info="">
[22:11:26.683]      // if-block "powered_down"
[22:11:26.683]        // =>  TRUE
[22:11:26.683]      <block atomic="false" info="">
[22:11:26.683]        Message(0, "Debug/System power-up request sent");
[22:11:26.683]        WriteDP(DP_CTRL_STAT, 0x50000000);
[22:11:26.683]          // -> [WriteDP(0x00000004, 0x50000000)]   (__dp=0x00000000)
[22:11:26.683]      </block>
[22:11:26.683]      <control if="" while="(ReadDP(DP_CTRL_STAT) & 0xA0000000) != 0xA0000000" timeout="1000000" info="">
[22:11:26.683]        // while "(ReadDP(DP_CTRL_STAT) & 0xA0000000) != 0xA0000000"  (timeout="1000000")
[22:11:26.694]          // -> [ReadDP(0x00000004) => 0xF0000040]   (__dp=0x00000000)
[22:11:26.694]        // while-condition  =>  FALSE
[22:11:26.694]        // end while "(ReadDP(DP_CTRL_STAT) & 0xA0000000) != 0xA0000000"
[22:11:26.694]      </control>
[22:11:26.694]      <control if="(__protocol & 0xFFFF) == 1" while="" timeout="0" info="">
[22:11:26.694]        // if-block "(__protocol & 0xFFFF) == 1"
[22:11:26.694]          // =>  FALSE
[22:11:26.694]        // skip if-block "(__protocol & 0xFFFF) == 1"
[22:11:26.694]      </control>
[22:11:26.694]      <control if="(__protocol & 0xFFFF) == 2" while="" timeout="0" info="">
[22:11:26.694]        // if-block "(__protocol & 0xFFFF) == 2"
[22:11:26.694]          // =>  TRUE
[22:11:26.694]        <block atomic="false" info="">
[22:11:26.694]          Message(0, "executing SWD power up");
[22:11:26.694]          WriteDP(DP_CTRL_STAT, 0x50000F00);
[22:11:26.694]            // -> [WriteDP(0x00000004, 0x50000F00)]   (__dp=0x00000000)
[22:11:26.694]          WriteDP(SW_DP_ABORT, 0x0000001E);
[22:11:26.701]            // -> [WriteDP(0x00000000, 0x0000001E)]   (__dp=0x00000000)
[22:11:26.702]        </block>
[22:11:26.702]        // end if-block "(__protocol & 0xFFFF) == 2"
[22:11:26.702]      </control>
[22:11:26.702]      // end if-block "powered_down"
[22:11:26.702]    </control>
[22:11:26.702]    <block atomic="false" info="">
[22:11:26.702]      __var DEBUG_PORT_VAL    = 0;
[22:11:26.702]        // -> [DEBUG_PORT_VAL <= 0x00000000]
[22:11:26.702]      __var ACCESS_POINT_VAL  = 0;
[22:11:26.702]        // -> [ACCESS_POINT_VAL <= 0x00000000]
[22:11:26.702]      __ap = 1; 
[22:11:26.702]        // -> [__ap <= 0x00000001]
[22:11:26.702]      WriteAP(0x0C, 0x04); //lets use the mini pwr-ap as backup
[22:11:26.706]        // -> [WriteAP(0x0000000C, 0x00000004)]   (__dp=0x00000000, __ap=0x00000001)
[22:11:26.706]      __ap = 4;
[22:11:26.706]        // -> [__ap <= 0x00000004]
[22:11:26.706]      ACCESS_POINT_VAL = ReadAP(0x00);//Reading current state of access point
[22:11:26.711]        // -> [ReadAP(0x00000000) => 0x00080027]   (__dp=0x00000000, __ap=0x00000004)
[22:11:26.711]        // -> [ACCESS_POINT_VAL <= 0x00080027]
[22:11:26.711]      Message(0, "Current state of access point is: %x",ACCESS_POINT_VAL);
[22:11:26.712]    </block>
[22:11:26.712]    <block atomic="false" info="">
[22:11:26.712]      __var nReset = 0x80;
[22:11:26.712]        // -> [nReset <= 0x00000080]
[22:11:26.712]      __var canReadPins = 0;
[22:11:26.712]        // -> [canReadPins <= 0x00000000]
[22:11:26.712]      canReadPins = (DAP_SWJ_Pins(0x00, nReset, 0) != 0xFFFFFFFF);
[22:11:26.716]        // -> [DAP_SWJ_Pins(0x00, 0x80, 0) => 0x0F]   (Out: nRESET=0  =>  In: SWCLK/TCK=1, SWDIO/TMS=1, TDI=1, TDO=1, nTRST=0, nRESET=0)
[22:11:26.716]        // -> [canReadPins <= 0x00000001]
[22:11:26.716]    </block>
[22:11:26.716]    <control if="" while="1" timeout="200" info="">
[22:11:26.716]      // while "1"  (timeout="200")
[22:11:26.716]      // while-condition  =>  TRUE
[22:11:26.716]      // while "1"  (timeout="200")
[22:11:26.716]      // while-condition  =>  TRUE
[22:11:26.716]      // while "1"  (timeout="200")
[22:11:26.716]      // while-condition  =>  TRUE
[22:11:26.716]      // while "1"  (timeout="200")
[22:11:26.716]      // while-condition  =>  TRUE
[22:11:26.716]      // while "1"  (timeout="200")
[22:11:26.716]      // while-condition  =>  TRUE
[22:11:26.716]      // while "1"  (timeout="200")
[22:11:26.716]      // while-condition  =>  TRUE
[22:11:26.716]      // while "1"  (timeout="200")
[22:11:26.716]      // while-condition  =>  TRUE
[22:11:26.716]      // while "1"  (timeout="200")
[22:11:26.716]      // while-condition  =>  TRUE
[22:11:26.716]      // while "1"  (timeout="200")
[22:11:26.716]      // while-condition  =>  TRUE
[22:11:26.716]      // while "1"  (timeout="200")
[22:11:26.716]      // while-condition  =>  TRUE
[22:11:26.717]      // while "1"  (timeout="200")
[22:11:26.717]      // while-condition  =>  TRUE
[22:11:26.717]      // while "1"  (timeout="200")
[22:11:26.717]      // while-condition  =>  TRUE
[22:11:26.717]      // while "1"  (timeout="200")
[22:11:26.717]      // while-condition  =>  TRUE
[22:11:26.717]      // while "1"  (timeout="200")
[22:11:26.717]      // while-condition  =>  TRUE
[22:11:26.717]      // while "1"  (timeout="200")
[22:11:26.717]      // while-condition  =>  TRUE
[22:11:26.717]      // while "1"  (timeout="200")
[22:11:26.717]      // while-condition  =>  TRUE
[22:11:26.717]      // while "1"  (timeout="200")
[22:11:26.717]      // while-condition  =>  TRUE
[22:11:26.717]      // while "1"  (timeout="200")
[22:11:26.717]      // while-condition  =>  TRUE
[22:11:26.717]      // while "1"  (timeout="200")
[22:11:26.717]      // while-condition  =>  TRUE
[22:11:26.717]      // while "1"  (timeout="200")
[22:11:26.717]      // while-condition  =>  TRUE
[22:11:26.717]      // while "1"  (timeout="200")
[22:11:26.717]      // while-condition  =>  TRUE
[22:11:26.717]      // while "1"  (timeout="200")
[22:11:26.717]      // while-condition  =>  TRUE
[22:11:26.717]      // while "1"  (timeout="200")
[22:11:26.717]      // while-condition  =>  TRUE
[22:11:26.717]      // while "1"  (timeout="200")
[22:11:26.717]      // while-condition  =>  TRUE
[22:11:26.717]      // while "1"  (timeout="200")
[22:11:26.717]      // while-condition  =>  TRUE
[22:11:26.717]      // while "1"  (timeout="200")
[22:11:26.717]      // while-condition  =>  TRUE
[22:11:26.717]      // while "1"  (timeout="200")
[22:11:26.717]      // while-condition  =>  TRUE
[22:11:26.717]      // while "1"  (timeout="200")
[22:11:26.717]      // while-condition  =>  TRUE
[22:11:26.717]      // while "1"  (timeout="200")
[22:11:26.717]      // while-condition  =>  TRUE
[22:11:26.717]      // while "1"  (timeout="200")
[22:11:26.717]      // while-condition  =>  TRUE
[22:11:26.717]      // while "1"  (timeout="200")
[22:11:26.717]      // while-condition  =>  TRUE
[22:11:26.717]      // while "1"  (timeout="200")
[22:11:26.717]      // while-condition  =>  TRUE
[22:11:26.717]      // while "1"  (timeout="200")
[22:11:26.717]      // while-condition  =>  TRUE
[22:11:26.717]      // while "1"  (timeout="200")
[22:11:26.717]      // while-condition  =>  TRUE
[22:11:26.717]      // while "1"  (timeout="200")
[22:11:26.717]      // while-condition  =>  TRUE
[22:11:26.717]      // while "1"  (timeout="200")
[22:11:26.717]      // while-condition  =>  TRUE
[22:11:26.717]      // while "1"  (timeout="200")
[22:11:26.717]      // while-condition  =>  TRUE
[22:11:26.717]      // while "1"  (timeout="200")
[22:11:26.717]      // while-condition  =>  TRUE
[22:11:26.717]      // while "1"  (timeout="200")
[22:11:26.717]      // while-condition  =>  TRUE
[22:11:26.717]      // while "1"  (timeout="200")
[22:11:26.717]      // while-condition  =>  TRUE
[22:11:26.717]      // while "1"  (timeout="200")
[22:11:26.717]      // while-condition  =>  TRUE
[22:11:26.717]      // while "1"  (timeout="200")
[22:11:26.717]      // while-condition  =>  TRUE
[22:11:26.717]      // while "1"  (timeout="200")
[22:11:26.717]      // while-condition  =>  TRUE
[22:11:26.717]      // while "1"  (timeout="200")
[22:11:26.717]      // while-condition  =>  TRUE
[22:11:26.717]      // while "1"  (timeout="200")
[22:11:26.717]      // while-condition  =>  TRUE
[22:11:26.717]      // while "1"  (timeout="200")
[22:11:26.717]      // while-condition  =>  TRUE
[22:11:26.717]      // while "1"  (timeout="200")
[22:11:26.717]      // while-condition  =>  TRUE
[22:11:26.717]      // while "1"  (timeout="200")
[22:11:26.717]      // while-condition  =>  TRUE
[22:11:26.717]      // while "1"  (timeout="200")
[22:11:26.717]      // while-condition  =>  TRUE
[22:11:26.717]      // while "1"  (timeout="200")
[22:11:26.717]      // while-condition  =>  TRUE
[22:11:26.717]      // while "1"  (timeout="200")
[22:11:26.717]      // while-condition  =>  TRUE
[22:11:26.717]      // while "1"  (timeout="200")
[22:11:26.717]      // while-condition  =>  TRUE
[22:11:26.717]      // while "1"  (timeout="200")
[22:11:26.717]      // while-condition  =>  TRUE
[22:11:26.717]      // while "1"  (timeout="200")
[22:11:26.717]      // while-condition  =>  TRUE
[22:11:26.717]      // while "1"  (timeout="200")
[22:11:26.717]      // while-condition  =>  TRUE
[22:11:26.717]      // while "1"  (timeout="200")
[22:11:26.717]      // while-condition  =>  TRUE
[22:11:26.717]      // while "1"  (timeout="200")
[22:11:26.717]      // while-condition  =>  TRUE
[22:11:26.717]      // while "1"  (timeout="200")
[22:11:26.717]      // while-condition  =>  TRUE
[22:11:26.717]      // while "1"  (timeout="200")
[22:11:26.717]      // while-condition  =>  TRUE
[22:11:26.717]      // while "1"  (timeout="200")
[22:11:26.717]      // while-condition  =>  TRUE
[22:11:26.717]      // while "1"  (timeout="200")
[22:11:26.717]      // while-condition  =>  TRUE
[22:11:26.717]      // while "1"  (timeout="200")
[22:11:26.717]      // while-condition  =>  TRUE
[22:11:26.717]      // while "1"  (timeout="200")
[22:11:26.717]      // while-condition  =>  TRUE
[22:11:26.717]      // while "1"  (timeout="200")
[22:11:26.717]      // while-condition  =>  TRUE
[22:11:26.717]      // while "1"  (timeout="200")
[22:11:26.717]      // while-condition  =>  TRUE
[22:11:26.717]      // while "1"  (timeout="200")
[22:11:26.717]      // while-condition  =>  TRUE
[22:11:26.717]      // while "1"  (timeout="200")
[22:11:26.717]      // while-condition  =>  TRUE
[22:11:26.717]      // while "1"  (timeout="200")
[22:11:26.717]      // while-condition  =>  TRUE
[22:11:26.717]      // while "1"  (timeout="200")
[22:11:26.717]      // while-condition  =>  TRUE
[22:11:26.717]      // while "1"  (timeout="200")
[22:11:26.717]      // while-condition  =>  TRUE
[22:11:26.717]      // while "1"  (timeout="200")
[22:11:26.717]      // while-condition  =>  TRUE
[22:11:26.717]      // while "1"  (timeout="200")
[22:11:26.717]      // while-condition  =>  TRUE
[22:11:26.717]      // while "1"  (timeout="200")
[22:11:26.717]      // while-condition  =>  TRUE
[22:11:26.717]      // while "1"  (timeout="200")
[22:11:26.717]      // while-condition  =>  TRUE
[22:11:26.717]      // while "1"  (timeout="200")
[22:11:26.717]      // while-condition  =>  TRUE
[22:11:26.717]      // while "1"  (timeout="200")
[22:11:26.717]      // while-condition  =>  TRUE
[22:11:26.717]      // while "1"  (timeout="200")
[22:11:26.717]      // while-condition  =>  TRUE
[22:11:26.717]      // while "1"  (timeout="200")
[22:11:26.717]      // while-condition  =>  TRUE
[22:11:26.717]      // while "1"  (timeout="200")
[22:11:26.717]      // while-condition  =>  TRUE
[22:11:26.717]      // while "1"  (timeout="200")
[22:11:26.717]      // while-condition  =>  TRUE
[22:11:26.717]      // while "1"  (timeout="200")
[22:11:26.717]      // while-condition  =>  TRUE
[22:11:26.717]      // while "1"  (timeout="200")
[22:11:26.717]      // while-condition  =>  TRUE
[22:11:26.717]      // while "1"  (timeout="200")
[22:11:26.717]      // while-condition  =>  TRUE
[22:11:26.717]      // while "1"  (timeout="200")
[22:11:26.717]      // while-condition  =>  TRUE
[22:11:26.717]      // while "1"  (timeout="200")
[22:11:26.717]      // while-condition  =>  TRUE
[22:11:26.717]      // while "1"  (timeout="200")
[22:11:26.717]      // while-condition  =>  TRUE
[22:11:26.717]      // while "1"  (timeout="200")
[22:11:26.717]      // while-condition  =>  TRUE
[22:11:26.717]      // while "1"  (timeout="200")
[22:11:26.717]      // while-condition  =>  TRUE
[22:11:26.717]      // while "1"  (timeout="200")
[22:11:26.717]      // while-condition  =>  TRUE
[22:11:26.717]      // while "1"  (timeout="200")
[22:11:26.717]      // while-condition  =>  TRUE
[22:11:26.717]      // while "1"  (timeout="200")
[22:11:26.717]      // while-condition  =>  TRUE
[22:11:26.717]      // while "1"  (timeout="200")
[22:11:26.717]      // while-condition  =>  TRUE
[22:11:26.717]      // while "1"  (timeout="200")
[22:11:26.717]      // while-condition  =>  TRUE
[22:11:26.717]      // while "1"  (timeout="200")
[22:11:26.717]      // while-condition  =>  TRUE
[22:11:26.717]      // while "1"  (timeout="200")
[22:11:26.717]      // while-condition  =>  TRUE
[22:11:26.717]      // while "1"  (timeout="200")
[22:11:26.717]      // while-condition  =>  TRUE
[22:11:26.717]      // while "1"  (timeout="200")
[22:11:26.717]      // while-condition  =>  TRUE
[22:11:26.717]      // while "1"  (timeout="200")
[22:11:26.717]      // while-condition  =>  TRUE
[22:11:26.717]      // while "1"  (timeout="200")
[22:11:26.717]      // while-condition  =>  TRUE
[22:11:26.717]      // while "1"  (timeout="200")
[22:11:26.717]      // while-condition  =>  TRUE
[22:11:26.717]      // while "1"  (timeout="200")
[22:11:26.717]      // while-condition  =>  TRUE
[22:11:26.717]      // while "1"  (timeout="200")
[22:11:26.717]      // while-condition  =>  TRUE
[22:11:26.717]      // while "1"  (timeout="200")
[22:11:26.717]      // while-condition  =>  TRUE
[22:11:26.717]      // while "1"  (timeout="200")
[22:11:26.717]      // while-condition  =>  TRUE
[22:11:26.717]      // while "1"  (timeout="200")
[22:11:26.717]      // while-condition  =>  TRUE
[22:11:26.717]      // while "1"  (timeout="200")
[22:11:26.717]      // while-condition  =>  TRUE
[22:11:26.717]      // while "1"  (timeout="200")
[22:11:26.717]      // while-condition  =>  TRUE
[22:11:26.717]      // while "1"  (timeout="200")
[22:11:26.717]      // while-condition  =>  TRUE
[22:11:26.717]      // while "1"  (timeout="200")
[22:11:26.717]      // while-condition  =>  TRUE
[22:11:26.717]      // while "1"  (timeout="200")
[22:11:26.717]      // while-condition  =>  TRUE
[22:11:26.717]      // while "1"  (timeout="200")
[22:11:26.717]      // while-condition  =>  TRUE
[22:11:26.717]      // while "1"  (timeout="200")
[22:11:26.717]      // while-condition  =>  TRUE
[22:11:26.717]      // while "1"  (timeout="200")
[22:11:26.717]      // while-condition  =>  TRUE
[22:11:26.717]      // while "1"  (timeout="200")
[22:11:26.717]      // while-condition  =>  TRUE
[22:11:26.717]      // while "1"  (timeout="200")
[22:11:26.717]      // while-condition  =>  TRUE
[22:11:26.727]      // while "1"  (timeout="200")
[22:11:26.727]      // while-condition  =>  TRUE
[22:11:26.727]      // while "1"  (timeout="200")
[22:11:26.727]      // while-condition  =>  TRUE
[22:11:26.727]      // while "1"  (timeout="200")
[22:11:26.727]      // while-condition  =>  TRUE
[22:11:26.727]      // while "1"  (timeout="200")
[22:11:26.727]      // while-condition  =>  TRUE
[22:11:26.727]      // while "1"  (timeout="200")
[22:11:26.727]      // while-condition  =>  TRUE
[22:11:26.727]      // while "1"  (timeout="200")
[22:11:26.727]      // while-condition  =>  TRUE
[22:11:26.727]      // while "1"  (timeout="200")
[22:11:26.727]      // while-condition  =>  TRUE
[22:11:26.727]      // while "1"  (timeout="200")
[22:11:26.727]      // while-condition  =>  TRUE
[22:11:26.727]      // while "1"  (timeout="200")
[22:11:26.727]      // while-condition  =>  TRUE
[22:11:26.727]      // while "1"  (timeout="200")
[22:11:26.727]      // while-condition  =>  TRUE
[22:11:26.727]      // while "1"  (timeout="200")
[22:11:26.727]      // while-condition  =>  TRUE
[22:11:26.727]      // while "1"  (timeout="200")
[22:11:26.727]      // while-condition  =>  TRUE
[22:11:26.727]      // while "1"  (timeout="200")
[22:11:26.727]      // while-condition  =>  TRUE
[22:11:26.727]      // while "1"  (timeout="200")
[22:11:26.727]      // while-condition  =>  TRUE
[22:11:26.727]      // while "1"  (timeout="200")
[22:11:26.727]      // while-condition  =>  TRUE
[22:11:26.727]      // while "1"  (timeout="200")
[22:11:26.727]      // while-condition  =>  TRUE
[22:11:26.727]      // while "1"  (timeout="200")
[22:11:26.727]      // while-condition  =>  TRUE
[22:11:26.727]      // while "1"  (timeout="200")
[22:11:26.727]      // while-condition  =>  TRUE
[22:11:26.727]      // while "1"  (timeout="200")
[22:11:26.727]      // while-condition  =>  TRUE
[22:11:26.727]      // while "1"  (timeout="200")
[22:11:26.727]      // while-condition  =>  TRUE
[22:11:26.727]      // while "1"  (timeout="200")
[22:11:26.727]      // while-condition  =>  TRUE
[22:11:26.727]      // while "1"  (timeout="200")
[22:11:26.727]      // while-condition  =>  TRUE
[22:11:26.727]      // while "1"  (timeout="200")
[22:11:26.727]      // while-condition  =>  TRUE
[22:11:26.727]      // while "1"  (timeout="200")
[22:11:26.727]      // while-condition  =>  TRUE
[22:11:26.727]      // while "1"  (timeout="200")
[22:11:26.727]      // while-condition  =>  TRUE
[22:11:26.727]      // while "1"  (timeout="200")
[22:11:26.727]      // while-condition  =>  TRUE
[22:11:26.727]      // while "1"  (timeout="200")
[22:11:26.727]      // while-condition  =>  TRUE
[22:11:26.727]      // while "1"  (timeout="200")
[22:11:26.727]      // while-condition  =>  TRUE
[22:11:26.727]      // while "1"  (timeout="200")
[22:11:26.727]      // while-condition  =>  TRUE
[22:11:26.727]      // while "1"  (timeout="200")
[22:11:26.727]      // while-condition  =>  TRUE
[22:11:26.727]      // while "1"  (timeout="200")
[22:11:26.727]      // while-condition  =>  TRUE
[22:11:26.727]      // while "1"  (timeout="200")
[22:11:26.727]      // while-condition  =>  TRUE
[22:11:26.727]      // while "1"  (timeout="200")
[22:11:26.727]      // while-condition  =>  TRUE
[22:11:26.727]      // while "1"  (timeout="200")
[22:11:26.727]      // while-condition  =>  TRUE
[22:11:26.727]      // while "1"  (timeout="200")
[22:11:26.727]      // while-condition  =>  TRUE
[22:11:26.727]      // while "1"  (timeout="200")
[22:11:26.727]      // while-condition  =>  TRUE
[22:11:26.727]      // while "1"  (timeout="200")
[22:11:26.727]      // while-condition  =>  TRUE
[22:11:26.727]      // while "1"  (timeout="200")
[22:11:26.727]      // while-condition  =>  TRUE
[22:11:26.727]      // while "1"  (timeout="200")
[22:11:26.727]      // while-condition  =>  TRUE
[22:11:26.727]      // while "1"  (timeout="200")
[22:11:26.727]      // while-condition  =>  TRUE
[22:11:26.727]      // while "1"  (timeout="200")
[22:11:26.727]      // while-condition  =>  TRUE
[22:11:26.727]      // while "1"  (timeout="200")
[22:11:26.727]      // while-condition  =>  TRUE
[22:11:26.727]      // while "1"  (timeout="200")
[22:11:26.727]      // while-condition  =>  TRUE
[22:11:26.727]      // while "1"  (timeout="200")
[22:11:26.727]      // while-condition  =>  TRUE
[22:11:26.727]      // while "1"  (timeout="200")
[22:11:26.727]      // while-condition  =>  TRUE
[22:11:26.727]      // while "1"  (timeout="200")
[22:11:26.727]      // while-condition  =>  TRUE
[22:11:26.727]      // while "1"  (timeout="200")
[22:11:26.727]      // while-condition  =>  TRUE
[22:11:26.727]      // while "1"  (timeout="200")
[22:11:26.727]      // while-condition  =>  TRUE
[22:11:26.727]      // while "1"  (timeout="200")
[22:11:26.727]      // while-condition  =>  TRUE
[22:11:26.727]      // while "1"  (timeout="200")
[22:11:26.727]      // while-condition  =>  TRUE
[22:11:26.727]      // while "1"  (timeout="200")
[22:11:26.727]      // while-condition  =>  TRUE
[22:11:26.727]      // while "1"  (timeout="200")
[22:11:26.727]      // while-condition  =>  TRUE
[22:11:26.727]      // while "1"  (timeout="200")
[22:11:26.727]      // while-condition  =>  TRUE
[22:11:26.727]      // while "1"  (timeout="200")
[22:11:26.727]      // while-condition  =>  TRUE
[22:11:26.727]      // while "1"  (timeout="200")
[22:11:26.727]      // while-condition  =>  TRUE
[22:11:26.727]      // while "1"  (timeout="200")
[22:11:26.727]      // while-condition  =>  TRUE
[22:11:26.727]      // while "1"  (timeout="200")
[22:11:26.727]      // while-condition  =>  TRUE
[22:11:26.727]      // while "1"  (timeout="200")
[22:11:26.727]      // while-condition  =>  TRUE
[22:11:26.727]      // while "1"  (timeout="200")
[22:11:26.727]      // while-condition  =>  TRUE
[22:11:26.727]      // while "1"  (timeout="200")
[22:11:26.727]      // while-condition  =>  TRUE
[22:11:26.727]      // while "1"  (timeout="200")
[22:11:26.727]      // while-condition  =>  TRUE
[22:11:26.727]      // while "1"  (timeout="200")
[22:11:26.727]      // while-condition  =>  TRUE
[22:11:26.727]      // while "1"  (timeout="200")
[22:11:26.727]      // while-condition  =>  TRUE
[22:11:26.733]      // while "1"  (timeout="200")
[22:11:26.733]      // while  =>  TIMEOUT
[22:11:26.733]      // end while "1"
[22:11:26.733]    </control>
[22:11:26.733]    <control if="canReadPins" while="" timeout="0" info="">
[22:11:26.734]      // if-block "canReadPins"
[22:11:26.734]        // =>  TRUE
[22:11:26.734]      <control if="" while="(DAP_SWJ_Pins(nReset, nReset, 0) & nReset) == 0" timeout="1000000" info="">
[22:11:26.734]        // while "(DAP_SWJ_Pins(nReset, nReset, 0) & nReset) == 0"  (timeout="1000000")
[22:11:26.736]          // -> [DAP_SWJ_Pins(0x80, 0x80, 0) => 0x8F]   (Out: nRESET=1  =>  In: SWCLK/TCK=1, SWDIO/TMS=1, TDI=1, TDO=1, nTRST=0, nRESET=1)
[22:11:26.736]        // while-condition  =>  FALSE
[22:11:26.736]        // end while "(DAP_SWJ_Pins(nReset, nReset, 0) & nReset) == 0"
[22:11:26.736]      </control>
[22:11:26.736]      // end if-block "canReadPins"
[22:11:26.736]    </control>
[22:11:26.736]    <control if="!canReadPins" while="" timeout="0" info="">
[22:11:26.736]      // if-block "!canReadPins"
[22:11:26.736]        // =>  FALSE
[22:11:26.736]      // skip if-block "!canReadPins"
[22:11:26.736]    </control>
[22:11:26.736]    <control if="(ACCESS_POINT_VAL & 0x00E00000) == 0" while="" timeout="0" info="">
[22:11:26.736]      // if-block "(ACCESS_POINT_VAL & 0x00E00000) == 0"
[22:11:26.736]        // =>  TRUE
[22:11:26.736]      <block atomic="false" info="">
[22:11:26.736]        WriteAP(0x00, 0x190008);
[22:11:26.739]          // -> [WriteAP(0x00000000, 0x00190008)]   (__dp=0x00000000, __ap=0x00000004)
[22:11:26.739]        WriteAP(0xF0, 0x01);
[22:11:26.742]          // -> [WriteAP(0x000000F0, 0x00000001)]   (__dp=0x00000000, __ap=0x00000004)
[22:11:26.742]      </block>
[22:11:26.742]      // end if-block "(ACCESS_POINT_VAL & 0x00E00000) == 0"
[22:11:26.742]    </control>
[22:11:26.742]    <control if="(ACCESS_POINT_VAL & 0x00E00000) != 0" while="" timeout="0" info="">
[22:11:26.742]      // if-block "(ACCESS_POINT_VAL & 0x00E00000) != 0"
[22:11:26.742]        // =>  FALSE
[22:11:26.743]      // skip if-block "(ACCESS_POINT_VAL & 0x00E00000) != 0"
[22:11:26.743]    </control>
[22:11:26.743]    <block atomic="false" info="">
[22:11:26.743]      ACCESS_POINT_VAL = ReadAP(0x00);//Reading current state of access point
[22:11:26.747]        // -> [ReadAP(0x00000000) => 0x0079002F]   (__dp=0x00000000, __ap=0x00000004)
[22:11:26.747]        // -> [ACCESS_POINT_VAL <= 0x0079002F]
[22:11:26.747]      Message(0, "Current state of access point is: %x",ACCESS_POINT_VAL);
[22:11:26.749]      __ap = 0; //lets make sure we reset the access point selection
[22:11:26.749]        // -> [__ap <= 0x00000000]
[22:11:26.749]    </block>
[22:11:26.749]  </sequence>
[22:11:26.749]  
[22:11:26.770]  **********  Sequence "DebugDeviceUnlock"  (Context="Connect", Pname="", info="")
[22:11:26.770]  
[22:11:26.770]  <debugvars>
[22:11:26.770]    // Pre-defined
[22:11:26.770]    __protocol=0x00010002      (Protocol="SWD", SWJ-DP="True")
[22:11:26.770]    __connection=0x00000202    (Connection Type="Flash", Reset Type="System Reset")
[22:11:26.770]    __dp=0x00000000
[22:11:26.770]    __ap=0x00000000
[22:11:26.770]    __traceout=0x00000000      (Trace Disabled)
[22:11:26.770]    __errorcontrol=0x00000000  (Skip Errors="False")
[22:11:26.770]    __FlashAddr=0x00000000
[22:11:26.770]    __FlashLen=0x00000000
[22:11:26.770]    __FlashArg=0x00000000
[22:11:26.770]    __FlashOp=0x00000000
[22:11:26.770]    __Result=0x00000000
[22:11:26.770]  </debugvars>
[22:11:26.770]  
[22:11:26.770]  <sequence name="DebugDeviceUnlock" Pname="" disable="false" info="">
[22:11:26.770]    <block atomic="false" info="">
[22:11:26.770]      __var deviceID = 0;
[22:11:26.770]        // -> [deviceID <= 0x00000000]
[22:11:26.770]      __var version = 0;
[22:11:26.770]        // -> [version <= 0x00000000]
[22:11:26.770]      __var partNum = 0;
[22:11:26.770]        // -> [partNum <= 0x00000000]
[22:11:26.770]      __var manuf = 0;
[22:11:26.770]        // -> [manuf <= 0x00000000]
[22:11:26.770]      __var isMSPM0G1X0X_G3X0X = 0;
[22:11:26.770]        // -> [isMSPM0G1X0X_G3X0X <= 0x00000000]
[22:11:26.770]      __var isProduction = 0;
[22:11:26.770]        // -> [isProduction <= 0x00000000]
[22:11:26.770]      __var continueId = 0;
[22:11:26.770]        // -> [continueId <= 0x00000000]
[22:11:26.770]      deviceID =   Read32(0x41C40004);
[22:11:26.779]        // -> [Read32(0x41C40004) => 0x2BB8802F]   (__dp=0x00000000, __ap=0x00000000)
[22:11:26.780]        // -> [deviceID <= 0x2BB8802F]
[22:11:26.780]      version = deviceID >> 28;
[22:11:26.780]        // -> [version <= 0x00000002]
[22:11:26.780]      partNum = (deviceID & 0x0FFFF000) >> 12;
[22:11:26.780]        // -> [partNum <= 0x0000BB88]
[22:11:26.780]      manuf = (deviceID & 0x00000FFE) >> 1;
[22:11:26.780]        // -> [manuf <= 0x00000017]
[22:11:26.780]      isMSPM0G1X0X_G3X0X = (partNum == 0xBB88) && (manuf == 0x17);
[22:11:26.780]        // -> [isMSPM0G1X0X_G3X0X <= 0x00000001]
[22:11:26.780]      isProduction = (version > 0);
[22:11:26.780]        // -> [isProduction <= 0x00000001]
[22:11:26.780]    </block>
[22:11:26.780]    <control if="!isMSPM0G1X0X_G3X0X" while="" timeout="0" info="">
[22:11:26.780]      // if-block "!isMSPM0G1X0X_G3X0X"
[22:11:26.780]        // =>  FALSE
[22:11:26.780]      // skip if-block "!isMSPM0G1X0X_G3X0X"
[22:11:26.780]    </control>
[22:11:26.780]    <control if="continueId == 4" while="" timeout="0" info="">
[22:11:26.780]      // if-block "continueId == 4"
[22:11:26.781]        // =>  FALSE
[22:11:26.781]      // skip if-block "continueId == 4"
[22:11:26.781]    </control>
[22:11:26.781]    <control if="!isProduction" while="" timeout="0" info="">
[22:11:26.781]      // if-block "!isProduction"
[22:11:26.781]        // =>  FALSE
[22:11:26.781]      // skip if-block "!isProduction"
[22:11:26.781]    </control>
[22:11:26.781]  </sequence>
[22:11:26.781]  
[22:17:45.759]  **********  Sequence "DebugPortSetup"  (Context="Connect", Pname="", info="")
[22:17:45.759]  
[22:17:45.759]  <debugvars>
[22:17:45.759]    // Pre-defined
[22:17:45.759]    __protocol=0x00010002      (Protocol="SWD", SWJ-DP="True")
[22:17:45.759]    __connection=0x00000202    (Connection Type="Flash", Reset Type="System Reset")
[22:17:45.759]    __dp=0x00000000
[22:17:45.759]    __ap=0x00000000
[22:17:45.759]    __traceout=0x00000000      (Trace Disabled)
[22:17:45.759]    __errorcontrol=0x00000000  (Skip Errors="False")
[22:17:45.759]    __FlashAddr=0x00000000
[22:17:45.759]    __FlashLen=0x00000000
[22:17:45.759]    __FlashArg=0x00000000
[22:17:45.759]    __FlashOp=0x00000000
[22:17:45.759]    __Result=0x00000000
[22:17:45.759]  </debugvars>
[22:17:45.759]  
[22:17:45.759]  <sequence name="DebugPortSetup" Pname="" disable="false" info="">
[22:17:45.759]    <block atomic="false" info="">
[22:17:45.759]      __var isSWJ      = ((__protocol & 0x00010000) != 0);
[22:17:45.759]        // -> [isSWJ <= 0x00000001]
[22:17:45.759]      __var hasDormant = __protocol & 0x00020000;
[22:17:45.759]        // -> [hasDormant <= 0x00000000]
[22:17:45.759]      __var protType   = __protocol & 0x0000FFFF;
[22:17:45.759]        // -> [protType <= 0x00000002]
[22:17:45.759]    </block>
[22:17:45.759]    <control if="protType == 1" while="" timeout="0" info="">
[22:17:45.759]      // if-block "protType == 1"
[22:17:45.759]        // =>  FALSE
[22:17:45.759]      // skip if-block "protType == 1"
[22:17:45.759]    </control>
[22:17:45.759]    <control if="protType == 2" while="" timeout="0" info="">
[22:17:45.759]      // if-block "protType == 2"
[22:17:45.759]        // =>  TRUE
[22:17:45.759]      <control if="isSWJ" while="" timeout="0" info="">
[22:17:45.759]        // if-block "isSWJ"
[22:17:45.759]          // =>  TRUE
[22:17:45.759]        <control if="hasDormant" while="" timeout="0" info="">
[22:17:45.759]          // if-block "hasDormant"
[22:17:45.759]            // =>  FALSE
[22:17:45.759]          // skip if-block "hasDormant"
[22:17:45.759]        </control>
[22:17:45.759]        <control if="!hasDormant" while="" timeout="0" info="">
[22:17:45.759]          // if-block "!hasDormant"
[22:17:45.759]            // =>  TRUE
[22:17:45.759]          <block atomic="false" info="">
[22:17:45.759]            DAP_SWJ_Sequence(51, 0x0007FFFFFFFFFFFF); //lets put the JTAG line in a reset state
[22:17:45.769]              // -> [DAP_SWJ_Sequence(51, 0x0007FFFFFFFFFFFF)]
[22:17:45.769]            DAP_SWJ_Sequence(16,0xE73C); //SWD to JTAG, this is to ensure the state machine is initialized
[22:17:45.769]              // -> [DAP_SWJ_Sequence(16, 0x000000000000E73C)]
[22:17:45.769]            DAP_SWJ_Sequence(51, 0x0007FFFFFFFFFFFF); //Put it back in reset
[22:17:45.769]              // -> [DAP_SWJ_Sequence(51, 0x0007FFFFFFFFFFFF)]
[22:17:45.769]            DAP_SWJ_Sequence(16, 0xE79E); //JTAG to SWD switch
[22:17:45.769]              // -> [DAP_SWJ_Sequence(16, 0x000000000000E79E)]
[22:17:45.769]            DAP_SWJ_Sequence(51, 0x0007FFFFFFFFFFFF);  //Ensure the switch is successful 
[22:17:45.778]              // -> [DAP_SWJ_Sequence(51, 0x0007FFFFFFFFFFFF)]
[22:17:45.778]            DAP_SWJ_Sequence(7,  0x00); //Give the line some time to initialize
[22:17:45.780]              // -> [DAP_SWJ_Sequence(7, 0x0000000000000000)]
[22:17:45.780]          </block>
[22:17:45.780]          // end if-block "!hasDormant"
[22:17:45.780]        </control>
[22:17:45.780]        // end if-block "isSWJ"
[22:17:45.780]      </control>
[22:17:45.780]      <control if="!isSWJ" while="" timeout="0" info="">
[22:17:45.781]        // if-block "!isSWJ"
[22:17:45.781]          // =>  FALSE
[22:17:45.781]        // skip if-block "!isSWJ"
[22:17:45.781]      </control>
[22:17:45.781]      <block atomic="false" info="">
[22:17:45.781]        ReadDP(0x0);
[22:17:45.784]          // -> [ReadDP(0x00000000) => 0x6BA02477]   (__dp=0x00000000)
[22:17:45.784]      </block>
[22:17:45.784]      // end if-block "protType == 2"
[22:17:45.784]    </control>
[22:17:45.784]  </sequence>
[22:17:45.784]  
[22:17:45.788]  **********  Sequence "DebugPortStart"  (Context="Connect", Pname="", info="")
[22:17:45.788]  
[22:17:45.788]  <debugvars>
[22:17:45.789]    // Pre-defined
[22:17:45.789]    __protocol=0x00010002      (Protocol="SWD", SWJ-DP="True")
[22:17:45.789]    __connection=0x00000202    (Connection Type="Flash", Reset Type="System Reset")
[22:17:45.789]    __dp=0x00000000
[22:17:45.789]    __ap=0x00000000
[22:17:45.789]    __traceout=0x00000000      (Trace Disabled)
[22:17:45.789]    __errorcontrol=0x00000000  (Skip Errors="False")
[22:17:45.789]    __FlashAddr=0x00000000
[22:17:45.789]    __FlashLen=0x00000000
[22:17:45.790]    __FlashArg=0x00000000
[22:17:45.790]    __FlashOp=0x00000000
[22:17:45.790]    __Result=0x00000000
[22:17:45.790]  </debugvars>
[22:17:45.790]  
[22:17:45.790]  <sequence name="DebugPortStart" Pname="" disable="false" info="">
[22:17:45.790]    <block atomic="false" info="">
[22:17:45.790]      __var SW_DP_ABORT       = 0x0;
[22:17:45.791]        // -> [SW_DP_ABORT <= 0x00000000]
[22:17:45.791]      __var DP_CTRL_STAT      = 0x4;
[22:17:45.791]        // -> [DP_CTRL_STAT <= 0x00000004]
[22:17:45.791]      __var DP_SELECT         = 0x8;
[22:17:45.791]        // -> [DP_SELECT <= 0x00000008]
[22:17:45.791]      __var powered_down      = 0;
[22:17:45.791]        // -> [powered_down <= 0x00000000]
[22:17:45.792]      WriteDP(DP_SELECT, 0x00000000);
[22:17:45.793]        // -> [WriteDP(0x00000008, 0x00000000)]   (__dp=0x00000000)
[22:17:45.793]      powered_down = ((ReadDP(DP_CTRL_STAT) & 0xA0000000) != 0xA0000000);
[22:17:45.793]        // -> [ReadDP(0x00000004) => 0x00000040]   (__dp=0x00000000)
[22:17:45.793]        // -> [powered_down <= 0x00000001]
[22:17:45.793]    </block>
[22:17:45.793]    <control if="powered_down" while="" timeout="0" info="">
[22:17:45.793]      // if-block "powered_down"
[22:17:45.793]        // =>  TRUE
[22:17:45.793]      <block atomic="false" info="">
[22:17:45.793]        Message(0, "Debug/System power-up request sent");
[22:17:45.793]        WriteDP(DP_CTRL_STAT, 0x50000000);
[22:17:45.793]          // -> [WriteDP(0x00000004, 0x50000000)]   (__dp=0x00000000)
[22:17:45.793]      </block>
[22:17:45.793]      <control if="" while="(ReadDP(DP_CTRL_STAT) & 0xA0000000) != 0xA0000000" timeout="1000000" info="">
[22:17:45.793]        // while "(ReadDP(DP_CTRL_STAT) & 0xA0000000) != 0xA0000000"  (timeout="1000000")
[22:17:45.793]          // -> [ReadDP(0x00000004) => 0xF0000040]   (__dp=0x00000000)
[22:17:45.793]        // while-condition  =>  FALSE
[22:17:45.793]        // end while "(ReadDP(DP_CTRL_STAT) & 0xA0000000) != 0xA0000000"
[22:17:45.803]      </control>
[22:17:45.803]      <control if="(__protocol & 0xFFFF) == 1" while="" timeout="0" info="">
[22:17:45.803]        // if-block "(__protocol & 0xFFFF) == 1"
[22:17:45.803]          // =>  FALSE
[22:17:45.803]        // skip if-block "(__protocol & 0xFFFF) == 1"
[22:17:45.803]      </control>
[22:17:45.803]      <control if="(__protocol & 0xFFFF) == 2" while="" timeout="0" info="">
[22:17:45.803]        // if-block "(__protocol & 0xFFFF) == 2"
[22:17:45.803]          // =>  TRUE
[22:17:45.803]        <block atomic="false" info="">
[22:17:45.803]          Message(0, "executing SWD power up");
[22:17:45.803]          WriteDP(DP_CTRL_STAT, 0x50000F00);
[22:17:45.803]            // -> [WriteDP(0x00000004, 0x50000F00)]   (__dp=0x00000000)
[22:17:45.803]          WriteDP(SW_DP_ABORT, 0x0000001E);
[22:17:45.803]            // -> [WriteDP(0x00000000, 0x0000001E)]   (__dp=0x00000000)
[22:17:45.803]        </block>
[22:17:45.803]        // end if-block "(__protocol & 0xFFFF) == 2"
[22:17:45.803]      </control>
[22:17:45.803]      // end if-block "powered_down"
[22:17:45.803]    </control>
[22:17:45.803]    <block atomic="false" info="">
[22:17:45.803]      __var DEBUG_PORT_VAL    = 0;
[22:17:45.803]        // -> [DEBUG_PORT_VAL <= 0x00000000]
[22:17:45.803]      __var ACCESS_POINT_VAL  = 0;
[22:17:45.803]        // -> [ACCESS_POINT_VAL <= 0x00000000]
[22:17:45.803]      __ap = 1; 
[22:17:45.803]        // -> [__ap <= 0x00000001]
[22:17:45.803]      WriteAP(0x0C, 0x04); //lets use the mini pwr-ap as backup
[22:17:45.814]        // -> [WriteAP(0x0000000C, 0x00000004)]   (__dp=0x00000000, __ap=0x00000001)
[22:17:45.814]      __ap = 4;
[22:17:45.814]        // -> [__ap <= 0x00000004]
[22:17:45.814]      ACCESS_POINT_VAL = ReadAP(0x00);//Reading current state of access point
[22:17:45.814]        // -> [ReadAP(0x00000000) => 0x00080027]   (__dp=0x00000000, __ap=0x00000004)
[22:17:45.814]        // -> [ACCESS_POINT_VAL <= 0x00080027]
[22:17:45.814]      Message(0, "Current state of access point is: %x",ACCESS_POINT_VAL);
[22:17:45.814]    </block>
[22:17:45.814]    <block atomic="false" info="">
[22:17:45.814]      __var nReset = 0x80;
[22:17:45.814]        // -> [nReset <= 0x00000080]
[22:17:45.814]      __var canReadPins = 0;
[22:17:45.824]        // -> [canReadPins <= 0x00000000]
[22:17:45.824]      canReadPins = (DAP_SWJ_Pins(0x00, nReset, 0) != 0xFFFFFFFF);
[22:17:45.825]        // -> [DAP_SWJ_Pins(0x00, 0x80, 0) => 0x0F]   (Out: nRESET=0  =>  In: SWCLK/TCK=1, SWDIO/TMS=1, TDI=1, TDO=1, nTRST=0, nRESET=0)
[22:17:45.825]        // -> [canReadPins <= 0x00000001]
[22:17:45.825]    </block>
[22:17:45.825]    <control if="" while="1" timeout="200" info="">
[22:17:45.825]      // while "1"  (timeout="200")
[22:17:45.825]      // while-condition  =>  TRUE
[22:17:45.825]      // while "1"  (timeout="200")
[22:17:45.825]      // while-condition  =>  TRUE
[22:17:45.825]      // while "1"  (timeout="200")
[22:17:45.825]      // while-condition  =>  TRUE
[22:17:45.825]      // while "1"  (timeout="200")
[22:17:45.825]      // while-condition  =>  TRUE
[22:17:45.825]      // while "1"  (timeout="200")
[22:17:45.825]      // while-condition  =>  TRUE
[22:17:45.825]      // while "1"  (timeout="200")
[22:17:45.825]      // while-condition  =>  TRUE
[22:17:45.825]      // while "1"  (timeout="200")
[22:17:45.825]      // while-condition  =>  TRUE
[22:17:45.825]      // while "1"  (timeout="200")
[22:17:45.825]      // while-condition  =>  TRUE
[22:17:45.825]      // while "1"  (timeout="200")
[22:17:45.825]      // while-condition  =>  TRUE
[22:17:45.825]      // while "1"  (timeout="200")
[22:17:45.825]      // while-condition  =>  TRUE
[22:17:45.825]      // while "1"  (timeout="200")
[22:17:45.825]      // while-condition  =>  TRUE
[22:17:45.825]      // while "1"  (timeout="200")
[22:17:45.825]      // while-condition  =>  TRUE
[22:17:45.825]      // while "1"  (timeout="200")
[22:17:45.825]      // while-condition  =>  TRUE
[22:17:45.825]      // while "1"  (timeout="200")
[22:17:45.825]      // while-condition  =>  TRUE
[22:17:45.825]      // while "1"  (timeout="200")
[22:17:45.825]      // while-condition  =>  TRUE
[22:17:45.825]      // while "1"  (timeout="200")
[22:17:45.825]      // while-condition  =>  TRUE
[22:17:45.825]      // while "1"  (timeout="200")
[22:17:45.825]      // while-condition  =>  TRUE
[22:17:45.825]      // while "1"  (timeout="200")
[22:17:45.825]      // while-condition  =>  TRUE
[22:17:45.825]      // while "1"  (timeout="200")
[22:17:45.825]      // while-condition  =>  TRUE
[22:17:45.825]      // while "1"  (timeout="200")
[22:17:45.825]      // while-condition  =>  TRUE
[22:17:45.825]      // while "1"  (timeout="200")
[22:17:45.825]      // while-condition  =>  TRUE
[22:17:45.825]      // while "1"  (timeout="200")
[22:17:45.825]      // while-condition  =>  TRUE
[22:17:45.825]      // while "1"  (timeout="200")
[22:17:45.825]      // while-condition  =>  TRUE
[22:17:45.825]      // while "1"  (timeout="200")
[22:17:45.825]      // while-condition  =>  TRUE
[22:17:45.825]      // while "1"  (timeout="200")
[22:17:45.825]      // while-condition  =>  TRUE
[22:17:45.825]      // while "1"  (timeout="200")
[22:17:45.825]      // while-condition  =>  TRUE
[22:17:45.825]      // while "1"  (timeout="200")
[22:17:45.825]      // while-condition  =>  TRUE
[22:17:45.825]      // while "1"  (timeout="200")
[22:17:45.825]      // while-condition  =>  TRUE
[22:17:45.825]      // while "1"  (timeout="200")
[22:17:45.825]      // while-condition  =>  TRUE
[22:17:45.825]      // while "1"  (timeout="200")
[22:17:45.834]      // while-condition  =>  TRUE
[22:17:45.834]      // while "1"  (timeout="200")
[22:17:45.834]      // while-condition  =>  TRUE
[22:17:45.834]      // while "1"  (timeout="200")
[22:17:45.834]      // while-condition  =>  TRUE
[22:17:45.834]      // while "1"  (timeout="200")
[22:17:45.834]      // while-condition  =>  TRUE
[22:17:45.834]      // while "1"  (timeout="200")
[22:17:45.834]      // while-condition  =>  TRUE
[22:17:45.834]      // while "1"  (timeout="200")
[22:17:45.834]      // while-condition  =>  TRUE
[22:17:45.834]      // while "1"  (timeout="200")
[22:17:45.834]      // while-condition  =>  TRUE
[22:17:45.834]      // while "1"  (timeout="200")
[22:17:45.834]      // while-condition  =>  TRUE
[22:17:45.834]      // while "1"  (timeout="200")
[22:17:45.834]      // while-condition  =>  TRUE
[22:17:45.834]      // while "1"  (timeout="200")
[22:17:45.834]      // while-condition  =>  TRUE
[22:17:45.834]      // while "1"  (timeout="200")
[22:17:45.834]      // while-condition  =>  TRUE
[22:17:45.834]      // while "1"  (timeout="200")
[22:17:45.834]      // while-condition  =>  TRUE
[22:17:45.834]      // while "1"  (timeout="200")
[22:17:45.834]      // while-condition  =>  TRUE
[22:17:45.834]      // while "1"  (timeout="200")
[22:17:45.834]      // while-condition  =>  TRUE
[22:17:45.834]      // while "1"  (timeout="200")
[22:17:45.834]      // while-condition  =>  TRUE
[22:17:45.834]      // while "1"  (timeout="200")
[22:17:45.834]      // while-condition  =>  TRUE
[22:17:45.834]      // while "1"  (timeout="200")
[22:17:45.834]      // while-condition  =>  TRUE
[22:17:45.834]      // while "1"  (timeout="200")
[22:17:45.834]      // while-condition  =>  TRUE
[22:17:45.834]      // while "1"  (timeout="200")
[22:17:45.834]      // while-condition  =>  TRUE
[22:17:45.834]      // while "1"  (timeout="200")
[22:17:45.834]      // while-condition  =>  TRUE
[22:17:45.834]      // while "1"  (timeout="200")
[22:17:45.834]      // while-condition  =>  TRUE
[22:17:45.834]      // while "1"  (timeout="200")
[22:17:45.834]      // while-condition  =>  TRUE
[22:17:45.834]      // while "1"  (timeout="200")
[22:17:45.834]      // while-condition  =>  TRUE
[22:17:45.834]      // while "1"  (timeout="200")
[22:17:45.834]      // while-condition  =>  TRUE
[22:17:45.834]      // while "1"  (timeout="200")
[22:17:45.834]      // while-condition  =>  TRUE
[22:17:45.834]      // while "1"  (timeout="200")
[22:17:45.834]      // while-condition  =>  TRUE
[22:17:45.834]      // while "1"  (timeout="200")
[22:17:45.834]      // while-condition  =>  TRUE
[22:17:45.834]      // while "1"  (timeout="200")
[22:17:45.834]      // while-condition  =>  TRUE
[22:17:45.834]      // while "1"  (timeout="200")
[22:17:45.834]      // while-condition  =>  TRUE
[22:17:45.834]      // while "1"  (timeout="200")
[22:17:45.834]      // while-condition  =>  TRUE
[22:17:45.834]      // while "1"  (timeout="200")
[22:17:45.834]      // while-condition  =>  TRUE
[22:17:45.834]      // while "1"  (timeout="200")
[22:17:45.834]      // while-condition  =>  TRUE
[22:17:45.834]      // while "1"  (timeout="200")
[22:17:45.834]      // while-condition  =>  TRUE
[22:17:45.834]      // while "1"  (timeout="200")
[22:17:45.834]      // while-condition  =>  TRUE
[22:17:45.834]      // while "1"  (timeout="200")
[22:17:45.834]      // while-condition  =>  TRUE
[22:17:45.834]      // while "1"  (timeout="200")
[22:17:45.834]      // while-condition  =>  TRUE
[22:17:45.834]      // while "1"  (timeout="200")
[22:17:45.834]      // while-condition  =>  TRUE
[22:17:45.834]      // while "1"  (timeout="200")
[22:17:45.834]      // while-condition  =>  TRUE
[22:17:45.834]      // while "1"  (timeout="200")
[22:17:45.834]      // while-condition  =>  TRUE
[22:17:45.834]      // while "1"  (timeout="200")
[22:17:45.834]      // while-condition  =>  TRUE
[22:17:45.834]      // while "1"  (timeout="200")
[22:17:45.834]      // while-condition  =>  TRUE
[22:17:45.834]      // while "1"  (timeout="200")
[22:17:45.834]      // while-condition  =>  TRUE
[22:17:45.834]      // while "1"  (timeout="200")
[22:17:45.834]      // while-condition  =>  TRUE
[22:17:45.834]      // while "1"  (timeout="200")
[22:17:45.844]      // while-condition  =>  TRUE
[22:17:45.844]      // while "1"  (timeout="200")
[22:17:45.844]      // while  =>  TIMEOUT
[22:17:45.844]      // end while "1"
[22:17:45.844]    </control>
[22:17:45.844]    <control if="canReadPins" while="" timeout="0" info="">
[22:17:45.844]      // if-block "canReadPins"
[22:17:45.844]        // =>  TRUE
[22:17:45.844]      <control if="" while="(DAP_SWJ_Pins(nReset, nReset, 0) & nReset) == 0" timeout="1000000" info="">
[22:17:45.844]        // while "(DAP_SWJ_Pins(nReset, nReset, 0) & nReset) == 0"  (timeout="1000000")
[22:17:45.844]          // -> [DAP_SWJ_Pins(0x80, 0x80, 0) => 0x8F]   (Out: nRESET=1  =>  In: SWCLK/TCK=1, SWDIO/TMS=1, TDI=1, TDO=1, nTRST=0, nRESET=1)
[22:17:45.844]        // while-condition  =>  FALSE
[22:17:45.844]        // end while "(DAP_SWJ_Pins(nReset, nReset, 0) & nReset) == 0"
[22:17:45.844]      </control>
[22:17:45.844]      // end if-block "canReadPins"
[22:17:45.844]    </control>
[22:17:45.844]    <control if="!canReadPins" while="" timeout="0" info="">
[22:17:45.844]      // if-block "!canReadPins"
[22:17:45.844]        // =>  FALSE
[22:17:45.844]      // skip if-block "!canReadPins"
[22:17:45.844]    </control>
[22:17:45.844]    <control if="(ACCESS_POINT_VAL & 0x00E00000) == 0" while="" timeout="0" info="">
[22:17:45.844]      // if-block "(ACCESS_POINT_VAL & 0x00E00000) == 0"
[22:17:45.844]        // =>  TRUE
[22:17:45.844]      <block atomic="false" info="">
[22:17:45.844]        WriteAP(0x00, 0x190008);
[22:17:45.844]          // -> [WriteAP(0x00000000, 0x00190008)]   (__dp=0x00000000, __ap=0x00000004)
[22:17:45.844]        WriteAP(0xF0, 0x01);
[22:17:45.854]          // -> [WriteAP(0x000000F0, 0x00000001)]   (__dp=0x00000000, __ap=0x00000004)
[22:17:45.854]      </block>
[22:17:45.854]      // end if-block "(ACCESS_POINT_VAL & 0x00E00000) == 0"
[22:17:45.854]    </control>
[22:17:45.854]    <control if="(ACCESS_POINT_VAL & 0x00E00000) != 0" while="" timeout="0" info="">
[22:17:45.854]      // if-block "(ACCESS_POINT_VAL & 0x00E00000) != 0"
[22:17:45.854]        // =>  FALSE
[22:17:45.854]      // skip if-block "(ACCESS_POINT_VAL & 0x00E00000) != 0"
[22:17:45.854]    </control>
[22:17:45.854]    <block atomic="false" info="">
[22:17:45.854]      ACCESS_POINT_VAL = ReadAP(0x00);//Reading current state of access point
[22:17:45.854]        // -> [ReadAP(0x00000000) => 0x0079002F]   (__dp=0x00000000, __ap=0x00000004)
[22:17:45.854]        // -> [ACCESS_POINT_VAL <= 0x0079002F]
[22:17:45.854]      Message(0, "Current state of access point is: %x",ACCESS_POINT_VAL);
[22:17:45.854]      __ap = 0; //lets make sure we reset the access point selection
[22:17:45.854]        // -> [__ap <= 0x00000000]
[22:17:45.854]    </block>
[22:17:45.854]  </sequence>
[22:17:45.864]  
[22:17:45.885]  **********  Sequence "DebugDeviceUnlock"  (Context="Connect", Pname="", info="")
[22:17:45.885]  
[22:17:45.885]  <debugvars>
[22:17:45.885]    // Pre-defined
[22:17:45.885]    __protocol=0x00010002      (Protocol="SWD", SWJ-DP="True")
[22:17:45.885]    __connection=0x00000202    (Connection Type="Flash", Reset Type="System Reset")
[22:17:45.885]    __dp=0x00000000
[22:17:45.885]    __ap=0x00000000
[22:17:45.885]    __traceout=0x00000000      (Trace Disabled)
[22:17:45.885]    __errorcontrol=0x00000000  (Skip Errors="False")
[22:17:45.885]    __FlashAddr=0x00000000
[22:17:45.885]    __FlashLen=0x00000000
[22:17:45.885]    __FlashArg=0x00000000
[22:17:45.885]    __FlashOp=0x00000000
[22:17:45.885]    __Result=0x00000000
[22:17:45.885]  </debugvars>
[22:17:45.885]  
[22:17:45.885]  <sequence name="DebugDeviceUnlock" Pname="" disable="false" info="">
[22:17:45.885]    <block atomic="false" info="">
[22:17:45.885]      __var deviceID = 0;
[22:17:45.885]        // -> [deviceID <= 0x00000000]
[22:17:45.885]      __var version = 0;
[22:17:45.885]        // -> [version <= 0x00000000]
[22:17:45.885]      __var partNum = 0;
[22:17:45.885]        // -> [partNum <= 0x00000000]
[22:17:45.885]      __var manuf = 0;
[22:17:45.885]        // -> [manuf <= 0x00000000]
[22:17:45.885]      __var isMSPM0G1X0X_G3X0X = 0;
[22:17:45.885]        // -> [isMSPM0G1X0X_G3X0X <= 0x00000000]
[22:17:45.885]      __var isProduction = 0;
[22:17:45.885]        // -> [isProduction <= 0x00000000]
[22:17:45.885]      __var continueId = 0;
[22:17:45.885]        // -> [continueId <= 0x00000000]
[22:17:45.885]      deviceID =   Read32(0x41C40004);
[22:17:45.894]        // -> [Read32(0x41C40004) => 0x2BB8802F]   (__dp=0x00000000, __ap=0x00000000)
[22:17:45.894]        // -> [deviceID <= 0x2BB8802F]
[22:17:45.894]      version = deviceID >> 28;
[22:17:45.894]        // -> [version <= 0x00000002]
[22:17:45.894]      partNum = (deviceID & 0x0FFFF000) >> 12;
[22:17:45.894]        // -> [partNum <= 0x0000BB88]
[22:17:45.894]      manuf = (deviceID & 0x00000FFE) >> 1;
[22:17:45.894]        // -> [manuf <= 0x00000017]
[22:17:45.894]      isMSPM0G1X0X_G3X0X = (partNum == 0xBB88) && (manuf == 0x17);
[22:17:45.894]        // -> [isMSPM0G1X0X_G3X0X <= 0x00000001]
[22:17:45.894]      isProduction = (version > 0);
[22:17:45.894]        // -> [isProduction <= 0x00000001]
[22:17:45.894]    </block>
[22:17:45.894]    <control if="!isMSPM0G1X0X_G3X0X" while="" timeout="0" info="">
[22:17:45.894]      // if-block "!isMSPM0G1X0X_G3X0X"
[22:17:45.894]        // =>  FALSE
[22:17:45.894]      // skip if-block "!isMSPM0G1X0X_G3X0X"
[22:17:45.894]    </control>
[22:17:45.894]    <control if="continueId == 4" while="" timeout="0" info="">
[22:17:45.894]      // if-block "continueId == 4"
[22:17:45.894]        // =>  FALSE
[22:17:45.894]      // skip if-block "continueId == 4"
[22:17:45.894]    </control>
[22:17:45.894]    <control if="!isProduction" while="" timeout="0" info="">
[22:17:45.894]      // if-block "!isProduction"
[22:17:45.894]        // =>  FALSE
[22:17:45.894]      // skip if-block "!isProduction"
[22:17:45.894]    </control>
[22:17:45.894]  </sequence>
[22:17:45.894]  
[22:27:27.720]  **********  Sequence "DebugPortSetup"  (Context="Connect", Pname="", info="")
[22:27:27.720]  
[22:27:27.722]  <debugvars>
[22:27:27.722]    // Pre-defined
[22:27:27.722]    __protocol=0x00010002      (Protocol="SWD", SWJ-DP="True")
[22:27:27.722]    __connection=0x00000202    (Connection Type="Flash", Reset Type="System Reset")
[22:27:27.722]    __dp=0x00000000
[22:27:27.723]    __ap=0x00000000
[22:27:27.723]    __traceout=0x00000000      (Trace Disabled)
[22:27:27.723]    __errorcontrol=0x00000000  (Skip Errors="False")
[22:27:27.723]    __FlashAddr=0x00000000
[22:27:27.723]    __FlashLen=0x00000000
[22:27:27.723]    __FlashArg=0x00000000
[22:27:27.723]    __FlashOp=0x00000000
[22:27:27.723]    __Result=0x00000000
[22:27:27.723]  </debugvars>
[22:27:27.723]  
[22:27:27.723]  <sequence name="DebugPortSetup" Pname="" disable="false" info="">
[22:27:27.723]    <block atomic="false" info="">
[22:27:27.723]      __var isSWJ      = ((__protocol & 0x00010000) != 0);
[22:27:27.723]        // -> [isSWJ <= 0x00000001]
[22:27:27.723]      __var hasDormant = __protocol & 0x00020000;
[22:27:27.723]        // -> [hasDormant <= 0x00000000]
[22:27:27.723]      __var protType   = __protocol & 0x0000FFFF;
[22:27:27.725]        // -> [protType <= 0x00000002]
[22:27:27.725]    </block>
[22:27:27.725]    <control if="protType == 1" while="" timeout="0" info="">
[22:27:27.725]      // if-block "protType == 1"
[22:27:27.725]        // =>  FALSE
[22:27:27.725]      // skip if-block "protType == 1"
[22:27:27.725]    </control>
[22:27:27.725]    <control if="protType == 2" while="" timeout="0" info="">
[22:27:27.725]      // if-block "protType == 2"
[22:27:27.725]        // =>  TRUE
[22:27:27.725]      <control if="isSWJ" while="" timeout="0" info="">
[22:27:27.725]        // if-block "isSWJ"
[22:27:27.725]          // =>  TRUE
[22:27:27.725]        <control if="hasDormant" while="" timeout="0" info="">
[22:27:27.725]          // if-block "hasDormant"
[22:27:27.725]            // =>  FALSE
[22:27:27.725]          // skip if-block "hasDormant"
[22:27:27.725]        </control>
[22:27:27.725]        <control if="!hasDormant" while="" timeout="0" info="">
[22:27:27.727]          // if-block "!hasDormant"
[22:27:27.727]            // =>  TRUE
[22:27:27.727]          <block atomic="false" info="">
[22:27:27.727]            DAP_SWJ_Sequence(51, 0x0007FFFFFFFFFFFF); //lets put the JTAG line in a reset state
[22:27:27.728]              // -> [DAP_SWJ_Sequence(51, 0x0007FFFFFFFFFFFF)]
[22:27:27.728]            DAP_SWJ_Sequence(16,0xE73C); //SWD to JTAG, this is to ensure the state machine is initialized
[22:27:27.730]              // -> [DAP_SWJ_Sequence(16, 0x000000000000E73C)]
[22:27:27.730]            DAP_SWJ_Sequence(51, 0x0007FFFFFFFFFFFF); //Put it back in reset
[22:27:27.733]              // -> [DAP_SWJ_Sequence(51, 0x0007FFFFFFFFFFFF)]
[22:27:27.733]            DAP_SWJ_Sequence(16, 0xE79E); //JTAG to SWD switch
[22:27:27.735]              // -> [DAP_SWJ_Sequence(16, 0x000000000000E79E)]
[22:27:27.735]            DAP_SWJ_Sequence(51, 0x0007FFFFFFFFFFFF);  //Ensure the switch is successful 
[22:27:27.737]              // -> [DAP_SWJ_Sequence(51, 0x0007FFFFFFFFFFFF)]
[22:27:27.737]            DAP_SWJ_Sequence(7,  0x00); //Give the line some time to initialize
[22:27:27.738]              // -> [DAP_SWJ_Sequence(7, 0x0000000000000000)]
[22:27:27.738]          </block>
[22:27:27.738]          // end if-block "!hasDormant"
[22:27:27.740]        </control>
[22:27:27.740]        // end if-block "isSWJ"
[22:27:27.740]      </control>
[22:27:27.740]      <control if="!isSWJ" while="" timeout="0" info="">
[22:27:27.740]        // if-block "!isSWJ"
[22:27:27.740]          // =>  FALSE
[22:27:27.740]        // skip if-block "!isSWJ"
[22:27:27.740]      </control>
[22:27:27.740]      <block atomic="false" info="">
[22:27:27.740]        ReadDP(0x0);
[22:27:27.742]          // -> [ReadDP(0x00000000) => 0x6BA02477]   (__dp=0x00000000)
[22:27:27.742]      </block>
[22:27:27.742]      // end if-block "protType == 2"
[22:27:27.742]    </control>
[22:27:27.742]  </sequence>
[22:27:27.743]  
[22:27:27.743]  **********  Sequence "DebugPortStart"  (Context="Connect", Pname="", info="")
[22:27:27.743]  
[22:27:27.743]  <debugvars>
[22:27:27.743]    // Pre-defined
[22:27:27.748]    __protocol=0x00010002      (Protocol="SWD", SWJ-DP="True")
[22:27:27.748]    __connection=0x00000202    (Connection Type="Flash", Reset Type="System Reset")
[22:27:27.748]    __dp=0x00000000
[22:27:27.748]    __ap=0x00000000
[22:27:27.748]    __traceout=0x00000000      (Trace Disabled)
[22:27:27.748]    __errorcontrol=0x00000000  (Skip Errors="False")
[22:27:27.748]    __FlashAddr=0x00000000
[22:27:27.748]    __FlashLen=0x00000000
[22:27:27.748]    __FlashArg=0x00000000
[22:27:27.748]    __FlashOp=0x00000000
[22:27:27.748]    __Result=0x00000000
[22:27:27.748]  </debugvars>
[22:27:27.748]  
[22:27:27.748]  <sequence name="DebugPortStart" Pname="" disable="false" info="">
[22:27:27.748]    <block atomic="false" info="">
[22:27:27.748]      __var SW_DP_ABORT       = 0x0;
[22:27:27.748]        // -> [SW_DP_ABORT <= 0x00000000]
[22:27:27.748]      __var DP_CTRL_STAT      = 0x4;
[22:27:27.748]        // -> [DP_CTRL_STAT <= 0x00000004]
[22:27:27.748]      __var DP_SELECT         = 0x8;
[22:27:27.748]        // -> [DP_SELECT <= 0x00000008]
[22:27:27.748]      __var powered_down      = 0;
[22:27:27.748]        // -> [powered_down <= 0x00000000]
[22:27:27.748]      WriteDP(DP_SELECT, 0x00000000);
[22:27:27.748]        // -> [WriteDP(0x00000008, 0x00000000)]   (__dp=0x00000000)
[22:27:27.748]      powered_down = ((ReadDP(DP_CTRL_STAT) & 0xA0000000) != 0xA0000000);
[22:27:27.753]        // -> [ReadDP(0x00000004) => 0x00000040]   (__dp=0x00000000)
[22:27:27.753]        // -> [powered_down <= 0x00000001]
[22:27:27.753]    </block>
[22:27:27.753]    <control if="powered_down" while="" timeout="0" info="">
[22:27:27.753]      // if-block "powered_down"
[22:27:27.753]        // =>  TRUE
[22:27:27.753]      <block atomic="false" info="">
[22:27:27.753]        Message(0, "Debug/System power-up request sent");
[22:27:27.753]        WriteDP(DP_CTRL_STAT, 0x50000000);
[22:27:27.758]          // -> [WriteDP(0x00000004, 0x50000000)]   (__dp=0x00000000)
[22:27:27.758]      </block>
[22:27:27.758]      <control if="" while="(ReadDP(DP_CTRL_STAT) & 0xA0000000) != 0xA0000000" timeout="1000000" info="">
[22:27:27.758]        // while "(ReadDP(DP_CTRL_STAT) & 0xA0000000) != 0xA0000000"  (timeout="1000000")
[22:27:27.758]          // -> [ReadDP(0x00000004) => 0xF0000040]   (__dp=0x00000000)
[22:27:27.758]        // while-condition  =>  FALSE
[22:27:27.758]        // end while "(ReadDP(DP_CTRL_STAT) & 0xA0000000) != 0xA0000000"
[22:27:27.758]      </control>
[22:27:27.758]      <control if="(__protocol & 0xFFFF) == 1" while="" timeout="0" info="">
[22:27:27.758]        // if-block "(__protocol & 0xFFFF) == 1"
[22:27:27.758]          // =>  FALSE
[22:27:27.758]        // skip if-block "(__protocol & 0xFFFF) == 1"
[22:27:27.758]      </control>
[22:27:27.758]      <control if="(__protocol & 0xFFFF) == 2" while="" timeout="0" info="">
[22:27:27.758]        // if-block "(__protocol & 0xFFFF) == 2"
[22:27:27.758]          // =>  TRUE
[22:27:27.758]        <block atomic="false" info="">
[22:27:27.758]          Message(0, "executing SWD power up");
[22:27:27.763]          WriteDP(DP_CTRL_STAT, 0x50000F00);
[22:27:27.763]            // -> [WriteDP(0x00000004, 0x50000F00)]   (__dp=0x00000000)
[22:27:27.763]          WriteDP(SW_DP_ABORT, 0x0000001E);
[22:27:27.768]            // -> [WriteDP(0x00000000, 0x0000001E)]   (__dp=0x00000000)
[22:27:27.768]        </block>
[22:27:27.768]        // end if-block "(__protocol & 0xFFFF) == 2"
[22:27:27.768]      </control>
[22:27:27.768]      // end if-block "powered_down"
[22:27:27.768]    </control>
[22:27:27.768]    <block atomic="false" info="">
[22:27:27.768]      __var DEBUG_PORT_VAL    = 0;
[22:27:27.768]        // -> [DEBUG_PORT_VAL <= 0x00000000]
[22:27:27.768]      __var ACCESS_POINT_VAL  = 0;
[22:27:27.768]        // -> [ACCESS_POINT_VAL <= 0x00000000]
[22:27:27.768]      __ap = 1; 
[22:27:27.768]        // -> [__ap <= 0x00000001]
[22:27:27.768]      WriteAP(0x0C, 0x04); //lets use the mini pwr-ap as backup
[22:27:27.768]        // -> [WriteAP(0x0000000C, 0x00000004)]   (__dp=0x00000000, __ap=0x00000001)
[22:27:27.768]      __ap = 4;
[22:27:27.768]        // -> [__ap <= 0x00000004]
[22:27:27.768]      ACCESS_POINT_VAL = ReadAP(0x00);//Reading current state of access point
[22:27:27.778]        // -> [ReadAP(0x00000000) => 0x00080027]   (__dp=0x00000000, __ap=0x00000004)
[22:27:27.778]        // -> [ACCESS_POINT_VAL <= 0x00080027]
[22:27:27.778]      Message(0, "Current state of access point is: %x",ACCESS_POINT_VAL);
[22:27:27.781]    </block>
[22:27:27.781]    <block atomic="false" info="">
[22:27:27.781]      __var nReset = 0x80;
[22:27:27.781]        // -> [nReset <= 0x00000080]
[22:27:27.781]      __var canReadPins = 0;
[22:27:27.781]        // -> [canReadPins <= 0x00000000]
[22:27:27.781]      canReadPins = (DAP_SWJ_Pins(0x00, nReset, 0) != 0xFFFFFFFF);
[22:27:27.781]        // -> [DAP_SWJ_Pins(0x00, 0x80, 0) => 0x0F]   (Out: nRESET=0  =>  In: SWCLK/TCK=1, SWDIO/TMS=1, TDI=1, TDO=1, nTRST=0, nRESET=0)
[22:27:27.781]        // -> [canReadPins <= 0x00000001]
[22:27:27.781]    </block>
[22:27:27.781]    <control if="" while="1" timeout="200" info="">
[22:27:27.781]      // while "1"  (timeout="200")
[22:27:27.784]      // while-condition  =>  TRUE
[22:27:27.784]      // while "1"  (timeout="200")
[22:27:27.784]      // while-condition  =>  TRUE
[22:27:27.784]      // while "1"  (timeout="200")
[22:27:27.784]      // while-condition  =>  TRUE
[22:27:27.784]      // while "1"  (timeout="200")
[22:27:27.784]      // while-condition  =>  TRUE
[22:27:27.784]      // while "1"  (timeout="200")
[22:27:27.784]      // while-condition  =>  TRUE
[22:27:27.784]      // while "1"  (timeout="200")
[22:27:27.784]      // while-condition  =>  TRUE
[22:27:27.784]      // while "1"  (timeout="200")
[22:27:27.784]      // while-condition  =>  TRUE
[22:27:27.784]      // while "1"  (timeout="200")
[22:27:27.784]      // while-condition  =>  TRUE
[22:27:27.784]      // while "1"  (timeout="200")
[22:27:27.784]      // while-condition  =>  TRUE
[22:27:27.784]      // while "1"  (timeout="200")
[22:27:27.786]      // while-condition  =>  TRUE
[22:27:27.786]      // while "1"  (timeout="200")
[22:27:27.786]      // while-condition  =>  TRUE
[22:27:27.786]      // while "1"  (timeout="200")
[22:27:27.786]      // while-condition  =>  TRUE
[22:27:27.786]      // while "1"  (timeout="200")
[22:27:27.786]      // while-condition  =>  TRUE
[22:27:27.786]      // while "1"  (timeout="200")
[22:27:27.786]      // while-condition  =>  TRUE
[22:27:27.786]      // while "1"  (timeout="200")
[22:27:27.786]      // while-condition  =>  TRUE
[22:27:27.786]      // while "1"  (timeout="200")
[22:27:27.786]      // while-condition  =>  TRUE
[22:27:27.786]      // while "1"  (timeout="200")
[22:27:27.786]      // while-condition  =>  TRUE
[22:27:27.786]      // while "1"  (timeout="200")
[22:27:27.786]      // while-condition  =>  TRUE
[22:27:27.786]      // while "1"  (timeout="200")
[22:27:27.786]      // while-condition  =>  TRUE
[22:27:27.786]      // while "1"  (timeout="200")
[22:27:27.786]      // while-condition  =>  TRUE
[22:27:27.786]      // while "1"  (timeout="200")
[22:27:27.786]      // while-condition  =>  TRUE
[22:27:27.788]      // while "1"  (timeout="200")
[22:27:27.788]      // while-condition  =>  TRUE
[22:27:27.788]      // while "1"  (timeout="200")
[22:27:27.788]      // while-condition  =>  TRUE
[22:27:27.788]      // while "1"  (timeout="200")
[22:27:27.788]      // while-condition  =>  TRUE
[22:27:27.788]      // while "1"  (timeout="200")
[22:27:27.788]      // while-condition  =>  TRUE
[22:27:27.788]      // while "1"  (timeout="200")
[22:27:27.788]      // while-condition  =>  TRUE
[22:27:27.788]      // while "1"  (timeout="200")
[22:27:27.788]      // while-condition  =>  TRUE
[22:27:27.788]      // while "1"  (timeout="200")
[22:27:27.788]      // while-condition  =>  TRUE
[22:27:27.788]      // while "1"  (timeout="200")
[22:27:27.788]      // while-condition  =>  TRUE
[22:27:27.788]      // while "1"  (timeout="200")
[22:27:27.788]      // while-condition  =>  TRUE
[22:27:27.788]      // while "1"  (timeout="200")
[22:27:27.788]      // while-condition  =>  TRUE
[22:27:27.788]      // while "1"  (timeout="200")
[22:27:27.788]      // while-condition  =>  TRUE
[22:27:27.788]      // while "1"  (timeout="200")
[22:27:27.788]      // while-condition  =>  TRUE
[22:27:27.788]      // while "1"  (timeout="200")
[22:27:27.788]      // while-condition  =>  TRUE
[22:27:27.788]      // while "1"  (timeout="200")
[22:27:27.791]      // while-condition  =>  TRUE
[22:27:27.791]      // while "1"  (timeout="200")
[22:27:27.791]      // while-condition  =>  TRUE
[22:27:27.791]      // while "1"  (timeout="200")
[22:27:27.791]      // while-condition  =>  TRUE
[22:27:27.791]      // while "1"  (timeout="200")
[22:27:27.791]      // while-condition  =>  TRUE
[22:27:27.791]      // while "1"  (timeout="200")
[22:27:27.791]      // while-condition  =>  TRUE
[22:27:27.791]      // while "1"  (timeout="200")
[22:27:27.791]      // while-condition  =>  TRUE
[22:27:27.791]      // while "1"  (timeout="200")
[22:27:27.791]      // while-condition  =>  TRUE
[22:27:27.791]      // while "1"  (timeout="200")
[22:27:27.791]      // while-condition  =>  TRUE
[22:27:27.791]      // while "1"  (timeout="200")
[22:27:27.791]      // while-condition  =>  TRUE
[22:27:27.791]      // while "1"  (timeout="200")
[22:27:27.791]      // while-condition  =>  TRUE
[22:27:27.791]      // while "1"  (timeout="200")
[22:27:27.791]      // while-condition  =>  TRUE
[22:27:27.791]      // while "1"  (timeout="200")
[22:27:27.791]      // while-condition  =>  TRUE
[22:27:27.791]      // while "1"  (timeout="200")
[22:27:27.791]      // while-condition  =>  TRUE
[22:27:27.791]      // while "1"  (timeout="200")
[22:27:27.791]      // while-condition  =>  TRUE
[22:27:27.791]      // while "1"  (timeout="200")
[22:27:27.791]      // while-condition  =>  TRUE
[22:27:27.791]      // while "1"  (timeout="200")
[22:27:27.791]      // while-condition  =>  TRUE
[22:27:27.791]      // while "1"  (timeout="200")
[22:27:27.791]      // while-condition  =>  TRUE
[22:27:27.791]      // while "1"  (timeout="200")
[22:27:27.791]      // while-condition  =>  TRUE
[22:27:27.791]      // while "1"  (timeout="200")
[22:27:27.791]      // while-condition  =>  TRUE
[22:27:27.791]      // while "1"  (timeout="200")
[22:27:27.791]      // while-condition  =>  TRUE
[22:27:27.791]      // while "1"  (timeout="200")
[22:27:27.791]      // while-condition  =>  TRUE
[22:27:27.791]      // while "1"  (timeout="200")
[22:27:27.791]      // while-condition  =>  TRUE
[22:27:27.791]      // while "1"  (timeout="200")
[22:27:27.791]      // while-condition  =>  TRUE
[22:27:27.791]      // while "1"  (timeout="200")
[22:27:27.797]      // while-condition  =>  TRUE
[22:27:27.797]      // while "1"  (timeout="200")
[22:27:27.797]      // while  =>  TIMEOUT
[22:27:27.797]      // end while "1"
[22:27:27.797]    </control>
[22:27:27.797]    <control if="canReadPins" while="" timeout="0" info="">
[22:27:27.797]      // if-block "canReadPins"
[22:27:27.797]        // =>  TRUE
[22:27:27.797]      <control if="" while="(DAP_SWJ_Pins(nReset, nReset, 0) & nReset) == 0" timeout="1000000" info="">
[22:27:27.797]        // while "(DAP_SWJ_Pins(nReset, nReset, 0) & nReset) == 0"  (timeout="1000000")
[22:27:27.798]          // -> [DAP_SWJ_Pins(0x80, 0x80, 0) => 0x8F]   (Out: nRESET=1  =>  In: SWCLK/TCK=1, SWDIO/TMS=1, TDI=1, TDO=1, nTRST=0, nRESET=1)
[22:27:27.798]        // while-condition  =>  FALSE
[22:27:27.798]        // end while "(DAP_SWJ_Pins(nReset, nReset, 0) & nReset) == 0"
[22:27:27.800]      </control>
[22:27:27.800]      // end if-block "canReadPins"
[22:27:27.800]    </control>
[22:27:27.800]    <control if="!canReadPins" while="" timeout="0" info="">
[22:27:27.800]      // if-block "!canReadPins"
[22:27:27.800]        // =>  FALSE
[22:27:27.800]      // skip if-block "!canReadPins"
[22:27:27.800]    </control>
[22:27:27.800]    <control if="(ACCESS_POINT_VAL & 0x00E00000) == 0" while="" timeout="0" info="">
[22:27:27.800]      // if-block "(ACCESS_POINT_VAL & 0x00E00000) == 0"
[22:27:27.800]        // =>  TRUE
[22:27:27.800]      <block atomic="false" info="">
[22:27:27.800]        WriteAP(0x00, 0x190008);
[22:27:27.802]          // -> [WriteAP(0x00000000, 0x00190008)]   (__dp=0x00000000, __ap=0x00000004)
[22:27:27.802]        WriteAP(0xF0, 0x01);
[22:27:27.806]          // -> [WriteAP(0x000000F0, 0x00000001)]   (__dp=0x00000000, __ap=0x00000004)
[22:27:27.807]      </block>
[22:27:27.807]      // end if-block "(ACCESS_POINT_VAL & 0x00E00000) == 0"
[22:27:27.807]    </control>
[22:27:27.807]    <control if="(ACCESS_POINT_VAL & 0x00E00000) != 0" while="" timeout="0" info="">
[22:27:27.807]      // if-block "(ACCESS_POINT_VAL & 0x00E00000) != 0"
[22:27:27.807]        // =>  FALSE
[22:27:27.807]      // skip if-block "(ACCESS_POINT_VAL & 0x00E00000) != 0"
[22:27:27.807]    </control>
[22:27:27.807]    <block atomic="false" info="">
[22:27:27.807]      ACCESS_POINT_VAL = ReadAP(0x00);//Reading current state of access point
[22:27:27.812]        // -> [ReadAP(0x00000000) => 0x0079002F]   (__dp=0x00000000, __ap=0x00000004)
[22:27:27.812]        // -> [ACCESS_POINT_VAL <= 0x0079002F]
[22:27:27.812]      Message(0, "Current state of access point is: %x",ACCESS_POINT_VAL);
[22:27:27.814]      __ap = 0; //lets make sure we reset the access point selection
[22:27:27.814]        // -> [__ap <= 0x00000000]
[22:27:27.814]    </block>
[22:27:27.814]  </sequence>
[22:27:27.814]  
[22:27:27.834]  **********  Sequence "DebugDeviceUnlock"  (Context="Connect", Pname="", info="")
[22:27:27.834]  
[22:27:27.834]  <debugvars>
[22:27:27.834]    // Pre-defined
[22:27:27.834]    __protocol=0x00010002      (Protocol="SWD", SWJ-DP="True")
[22:27:27.834]    __connection=0x00000202    (Connection Type="Flash", Reset Type="System Reset")
[22:27:27.834]    __dp=0x00000000
[22:27:27.834]    __ap=0x00000000
[22:27:27.834]    __traceout=0x00000000      (Trace Disabled)
[22:27:27.834]    __errorcontrol=0x00000000  (Skip Errors="False")
[22:27:27.834]    __FlashAddr=0x00000000
[22:27:27.834]    __FlashLen=0x00000000
[22:27:27.834]    __FlashArg=0x00000000
[22:27:27.837]    __FlashOp=0x00000000
[22:27:27.837]    __Result=0x00000000
[22:27:27.838]  </debugvars>
[22:27:27.838]  
[22:27:27.838]  <sequence name="DebugDeviceUnlock" Pname="" disable="false" info="">
[22:27:27.838]    <block atomic="false" info="">
[22:27:27.838]      __var deviceID = 0;
[22:27:27.838]        // -> [deviceID <= 0x00000000]
[22:27:27.838]      __var version = 0;
[22:27:27.838]        // -> [version <= 0x00000000]
[22:27:27.838]      __var partNum = 0;
[22:27:27.838]        // -> [partNum <= 0x00000000]
[22:27:27.838]      __var manuf = 0;
[22:27:27.838]        // -> [manuf <= 0x00000000]
[22:27:27.838]      __var isMSPM0G1X0X_G3X0X = 0;
[22:27:27.838]        // -> [isMSPM0G1X0X_G3X0X <= 0x00000000]
[22:27:27.838]      __var isProduction = 0;
[22:27:27.838]        // -> [isProduction <= 0x00000000]
[22:27:27.838]      __var continueId = 0;
[22:27:27.838]        // -> [continueId <= 0x00000000]
[22:27:27.838]      deviceID =   Read32(0x41C40004);
[22:27:27.843]        // -> [Read32(0x41C40004) => 0x2BB8802F]   (__dp=0x00000000, __ap=0x00000000)
[22:27:27.843]        // -> [deviceID <= 0x2BB8802F]
[22:27:27.843]      version = deviceID >> 28;
[22:27:27.843]        // -> [version <= 0x00000002]
[22:27:27.843]      partNum = (deviceID & 0x0FFFF000) >> 12;
[22:27:27.843]        // -> [partNum <= 0x0000BB88]
[22:27:27.843]      manuf = (deviceID & 0x00000FFE) >> 1;
[22:27:27.843]        // -> [manuf <= 0x00000017]
[22:27:27.848]      isMSPM0G1X0X_G3X0X = (partNum == 0xBB88) && (manuf == 0x17);
[22:27:27.848]        // -> [isMSPM0G1X0X_G3X0X <= 0x00000001]
[22:27:27.848]      isProduction = (version > 0);
[22:27:27.848]        // -> [isProduction <= 0x00000001]
[22:27:27.848]    </block>
[22:27:27.848]    <control if="!isMSPM0G1X0X_G3X0X" while="" timeout="0" info="">
[22:27:27.848]      // if-block "!isMSPM0G1X0X_G3X0X"
[22:27:27.848]        // =>  FALSE
[22:27:27.848]      // skip if-block "!isMSPM0G1X0X_G3X0X"
[22:27:27.848]    </control>
[22:27:27.848]    <control if="continueId == 4" while="" timeout="0" info="">
[22:27:27.848]      // if-block "continueId == 4"
[22:27:27.848]        // =>  FALSE
[22:27:27.848]      // skip if-block "continueId == 4"
[22:27:27.848]    </control>
[22:27:27.848]    <control if="!isProduction" while="" timeout="0" info="">
[22:27:27.848]      // if-block "!isProduction"
[22:27:27.848]        // =>  FALSE
[22:27:27.848]      // skip if-block "!isProduction"
[22:27:27.848]    </control>
[22:27:27.848]  </sequence>
[22:27:27.848]  
[22:39:11.165]  **********  Sequence "DebugPortSetup"  (Context="Connect", Pname="", info="")
[22:39:11.165]  
[22:39:11.165]  <debugvars>
[22:39:11.165]    // Pre-defined
[22:39:11.165]    __protocol=0x00010002      (Protocol="SWD", SWJ-DP="True")
[22:39:11.165]    __connection=0x00000202    (Connection Type="Flash", Reset Type="System Reset")
[22:39:11.170]    __dp=0x00000000
[22:39:11.171]    __ap=0x00000000
[22:39:11.171]    __traceout=0x00000000      (Trace Disabled)
[22:39:11.171]    __errorcontrol=0x00000000  (Skip Errors="False")
[22:39:11.171]    __FlashAddr=0x00000000
[22:39:11.171]    __FlashLen=0x00000000
[22:39:11.171]    __FlashArg=0x00000000
[22:39:11.171]    __FlashOp=0x00000000
[22:39:11.171]    __Result=0x00000000
[22:39:11.171]  </debugvars>
[22:39:11.171]  
[22:39:11.171]  <sequence name="DebugPortSetup" Pname="" disable="false" info="">
[22:39:11.171]    <block atomic="false" info="">
[22:39:11.171]      __var isSWJ      = ((__protocol & 0x00010000) != 0);
[22:39:11.171]        // -> [isSWJ <= 0x00000001]
[22:39:11.171]      __var hasDormant = __protocol & 0x00020000;
[22:39:11.171]        // -> [hasDormant <= 0x00000000]
[22:39:11.171]      __var protType   = __protocol & 0x0000FFFF;
[22:39:11.171]        // -> [protType <= 0x00000002]
[22:39:11.171]    </block>
[22:39:11.171]    <control if="protType == 1" while="" timeout="0" info="">
[22:39:11.171]      // if-block "protType == 1"
[22:39:11.171]        // =>  FALSE
[22:39:11.171]      // skip if-block "protType == 1"
[22:39:11.171]    </control>
[22:39:11.171]    <control if="protType == 2" while="" timeout="0" info="">
[22:39:11.171]      // if-block "protType == 2"
[22:39:11.171]        // =>  TRUE
[22:39:11.171]      <control if="isSWJ" while="" timeout="0" info="">
[22:39:11.171]        // if-block "isSWJ"
[22:39:11.171]          // =>  TRUE
[22:39:11.171]        <control if="hasDormant" while="" timeout="0" info="">
[22:39:11.173]          // if-block "hasDormant"
[22:39:11.173]            // =>  FALSE
[22:39:11.173]          // skip if-block "hasDormant"
[22:39:11.173]        </control>
[22:39:11.173]        <control if="!hasDormant" while="" timeout="0" info="">
[22:39:11.173]          // if-block "!hasDormant"
[22:39:11.173]            // =>  TRUE
[22:39:11.173]          <block atomic="false" info="">
[22:39:11.173]            DAP_SWJ_Sequence(51, 0x0007FFFFFFFFFFFF); //lets put the JTAG line in a reset state
[22:39:11.175]              // -> [DAP_SWJ_Sequence(51, 0x0007FFFFFFFFFFFF)]
[22:39:11.175]            DAP_SWJ_Sequence(16,0xE73C); //SWD to JTAG, this is to ensure the state machine is initialized
[22:39:11.175]              // -> [DAP_SWJ_Sequence(16, 0x000000000000E73C)]
[22:39:11.175]            DAP_SWJ_Sequence(51, 0x0007FFFFFFFFFFFF); //Put it back in reset
[22:39:11.175]              // -> [DAP_SWJ_Sequence(51, 0x0007FFFFFFFFFFFF)]
[22:39:11.175]            DAP_SWJ_Sequence(16, 0xE79E); //JTAG to SWD switch
[22:39:11.181]              // -> [DAP_SWJ_Sequence(16, 0x000000000000E79E)]
[22:39:11.181]            DAP_SWJ_Sequence(51, 0x0007FFFFFFFFFFFF);  //Ensure the switch is successful 
[22:39:11.181]              // -> [DAP_SWJ_Sequence(51, 0x0007FFFFFFFFFFFF)]
[22:39:11.181]            DAP_SWJ_Sequence(7,  0x00); //Give the line some time to initialize
[22:39:11.187]              // -> [DAP_SWJ_Sequence(7, 0x0000000000000000)]
[22:39:11.188]          </block>
[22:39:11.188]          // end if-block "!hasDormant"
[22:39:11.188]        </control>
[22:39:11.188]        // end if-block "isSWJ"
[22:39:11.188]      </control>
[22:39:11.188]      <control if="!isSWJ" while="" timeout="0" info="">
[22:39:11.188]        // if-block "!isSWJ"
[22:39:11.188]          // =>  FALSE
[22:39:11.188]        // skip if-block "!isSWJ"
[22:39:11.189]      </control>
[22:39:11.189]      <block atomic="false" info="">
[22:39:11.189]        ReadDP(0x0);
[22:39:11.192]          // -> [ReadDP(0x00000000) => 0x6BA02477]   (__dp=0x00000000)
[22:39:11.206]      </block>
[22:39:11.211]      // end if-block "protType == 2"
[22:39:11.211]    </control>
[22:39:11.211]  </sequence>
[22:39:11.211]  
[22:39:11.216]  **********  Sequence "DebugPortStart"  (Context="Connect", Pname="", info="")
[22:39:11.216]  
[22:39:11.216]  <debugvars>
[22:39:11.216]    // Pre-defined
[22:39:11.216]    __protocol=0x00010002      (Protocol="SWD", SWJ-DP="True")
[22:39:11.216]    __connection=0x00000202    (Connection Type="Flash", Reset Type="System Reset")
[22:39:11.216]    __dp=0x00000000
[22:39:11.216]    __ap=0x00000000
[22:39:11.216]    __traceout=0x00000000      (Trace Disabled)
[22:39:11.216]    __errorcontrol=0x00000000  (Skip Errors="False")
[22:39:11.216]    __FlashAddr=0x00000000
[22:39:11.216]    __FlashLen=0x00000000
[22:39:11.216]    __FlashArg=0x00000000
[22:39:11.216]    __FlashOp=0x00000000
[22:39:11.216]    __Result=0x00000000
[22:39:11.216]  </debugvars>
[22:39:11.216]  
[22:39:11.216]  <sequence name="DebugPortStart" Pname="" disable="false" info="">
[22:39:11.216]    <block atomic="false" info="">
[22:39:11.216]      __var SW_DP_ABORT       = 0x0;
[22:39:11.216]        // -> [SW_DP_ABORT <= 0x00000000]
[22:39:11.216]      __var DP_CTRL_STAT      = 0x4;
[22:39:11.216]        // -> [DP_CTRL_STAT <= 0x00000004]
[22:39:11.216]      __var DP_SELECT         = 0x8;
[22:39:11.216]        // -> [DP_SELECT <= 0x00000008]
[22:39:11.216]      __var powered_down      = 0;
[22:39:11.216]        // -> [powered_down <= 0x00000000]
[22:39:11.216]      WriteDP(DP_SELECT, 0x00000000);
[22:39:11.221]        // -> [WriteDP(0x00000008, 0x00000000)]   (__dp=0x00000000)
[22:39:11.221]      powered_down = ((ReadDP(DP_CTRL_STAT) & 0xA0000000) != 0xA0000000);
[22:39:11.221]        // -> [ReadDP(0x00000004) => 0x00000040]   (__dp=0x00000000)
[22:39:11.221]        // -> [powered_down <= 0x00000001]
[22:39:11.221]    </block>
[22:39:11.221]    <control if="powered_down" while="" timeout="0" info="">
[22:39:11.221]      // if-block "powered_down"
[22:39:11.221]        // =>  TRUE
[22:39:11.221]      <block atomic="false" info="">
[22:39:11.221]        Message(0, "Debug/System power-up request sent");
[22:39:11.227]        WriteDP(DP_CTRL_STAT, 0x50000000);
[22:39:11.227]          // -> [WriteDP(0x00000004, 0x50000000)]   (__dp=0x00000000)
[22:39:11.227]      </block>
[22:39:11.227]      <control if="" while="(ReadDP(DP_CTRL_STAT) & 0xA0000000) != 0xA0000000" timeout="1000000" info="">
[22:39:11.227]        // while "(ReadDP(DP_CTRL_STAT) & 0xA0000000) != 0xA0000000"  (timeout="1000000")
[22:39:11.227]          // -> [ReadDP(0x00000004) => 0xF0000040]   (__dp=0x00000000)
[22:39:11.227]        // while-condition  =>  FALSE
[22:39:11.227]        // end while "(ReadDP(DP_CTRL_STAT) & 0xA0000000) != 0xA0000000"
[22:39:11.227]      </control>
[22:39:11.227]      <control if="(__protocol & 0xFFFF) == 1" while="" timeout="0" info="">
[22:39:11.232]        // if-block "(__protocol & 0xFFFF) == 1"
[22:39:11.232]          // =>  FALSE
[22:39:11.232]        // skip if-block "(__protocol & 0xFFFF) == 1"
[22:39:11.232]      </control>
[22:39:11.232]      <control if="(__protocol & 0xFFFF) == 2" while="" timeout="0" info="">
[22:39:11.232]        // if-block "(__protocol & 0xFFFF) == 2"
[22:39:11.232]          // =>  TRUE
[22:39:11.232]        <block atomic="false" info="">
[22:39:11.232]          Message(0, "executing SWD power up");
[22:39:11.232]          WriteDP(DP_CTRL_STAT, 0x50000F00);
[22:39:11.232]            // -> [WriteDP(0x00000004, 0x50000F00)]   (__dp=0x00000000)
[22:39:11.232]          WriteDP(SW_DP_ABORT, 0x0000001E);
[22:39:11.237]            // -> [WriteDP(0x00000000, 0x0000001E)]   (__dp=0x00000000)
[22:39:11.237]        </block>
[22:39:11.237]        // end if-block "(__protocol & 0xFFFF) == 2"
[22:39:11.237]      </control>
[22:39:11.237]      // end if-block "powered_down"
[22:39:11.237]    </control>
[22:39:11.237]    <block atomic="false" info="">
[22:39:11.237]      __var DEBUG_PORT_VAL    = 0;
[22:39:11.237]        // -> [DEBUG_PORT_VAL <= 0x00000000]
[22:39:11.237]      __var ACCESS_POINT_VAL  = 0;
[22:39:11.237]        // -> [ACCESS_POINT_VAL <= 0x00000000]
[22:39:11.237]      __ap = 1; 
[22:39:11.237]        // -> [__ap <= 0x00000001]
[22:39:11.237]      WriteAP(0x0C, 0x04); //lets use the mini pwr-ap as backup
[22:39:11.237]        // -> [WriteAP(0x0000000C, 0x00000004)]   (__dp=0x00000000, __ap=0x00000001)
[22:39:11.243]      __ap = 4;
[22:39:11.243]        // -> [__ap <= 0x00000004]
[22:39:11.243]      ACCESS_POINT_VAL = ReadAP(0x00);//Reading current state of access point
[22:39:11.243]        // -> [ReadAP(0x00000000) => 0x00080027]   (__dp=0x00000000, __ap=0x00000004)
[22:39:11.243]        // -> [ACCESS_POINT_VAL <= 0x00080027]
[22:39:11.243]      Message(0, "Current state of access point is: %x",ACCESS_POINT_VAL);
[22:39:11.248]    </block>
[22:39:11.248]    <block atomic="false" info="">
[22:39:11.248]      __var nReset = 0x80;
[22:39:11.248]        // -> [nReset <= 0x00000080]
[22:39:11.248]      __var canReadPins = 0;
[22:39:11.248]        // -> [canReadPins <= 0x00000000]
[22:39:11.248]      canReadPins = (DAP_SWJ_Pins(0x00, nReset, 0) != 0xFFFFFFFF);
[22:39:11.248]        // -> [DAP_SWJ_Pins(0x00, 0x80, 0) => 0x0F]   (Out: nRESET=0  =>  In: SWCLK/TCK=1, SWDIO/TMS=1, TDI=1, TDO=1, nTRST=0, nRESET=0)
[22:39:11.248]        // -> [canReadPins <= 0x00000001]
[22:39:11.248]    </block>
[22:39:11.248]    <control if="" while="1" timeout="200" info="">
[22:39:11.248]      // while "1"  (timeout="200")
[22:39:11.248]      // while-condition  =>  TRUE
[22:39:11.248]      // while "1"  (timeout="200")
[22:39:11.248]      // while-condition  =>  TRUE
[22:39:11.248]      // while "1"  (timeout="200")
[22:39:11.248]      // while-condition  =>  TRUE
[22:39:11.248]      // while "1"  (timeout="200")
[22:39:11.248]      // while-condition  =>  TRUE
[22:39:11.248]      // while "1"  (timeout="200")
[22:39:11.248]      // while-condition  =>  TRUE
[22:39:11.248]      // while "1"  (timeout="200")
[22:39:11.248]      // while-condition  =>  TRUE
[22:39:11.248]      // while "1"  (timeout="200")
[22:39:11.248]      // while-condition  =>  TRUE
[22:39:11.248]      // while "1"  (timeout="200")
[22:39:11.248]      // while-condition  =>  TRUE
[22:39:11.248]      // while "1"  (timeout="200")
[22:39:11.248]      // while-condition  =>  TRUE
[22:39:11.248]      // while "1"  (timeout="200")
[22:39:11.248]      // while-condition  =>  TRUE
[22:39:11.253]      // while "1"  (timeout="200")
[22:39:11.253]      // while-condition  =>  TRUE
[22:39:11.253]      // while "1"  (timeout="200")
[22:39:11.253]      // while-condition  =>  TRUE
[22:39:11.253]      // while "1"  (timeout="200")
[22:39:11.253]      // while-condition  =>  TRUE
[22:39:11.253]      // while "1"  (timeout="200")
[22:39:11.253]      // while-condition  =>  TRUE
[22:39:11.253]      // while "1"  (timeout="200")
[22:39:11.253]      // while-condition  =>  TRUE
[22:39:11.253]      // while "1"  (timeout="200")
[22:39:11.253]      // while-condition  =>  TRUE
[22:39:11.253]      // while "1"  (timeout="200")
[22:39:11.253]      // while-condition  =>  TRUE
[22:39:11.253]      // while "1"  (timeout="200")
[22:39:11.253]      // while-condition  =>  TRUE
[22:39:11.253]      // while "1"  (timeout="200")
[22:39:11.253]      // while-condition  =>  TRUE
[22:39:11.253]      // while "1"  (timeout="200")
[22:39:11.253]      // while-condition  =>  TRUE
[22:39:11.253]      // while "1"  (timeout="200")
[22:39:11.253]      // while-condition  =>  TRUE
[22:39:11.253]      // while "1"  (timeout="200")
[22:39:11.253]      // while-condition  =>  TRUE
[22:39:11.253]      // while "1"  (timeout="200")
[22:39:11.253]      // while-condition  =>  TRUE
[22:39:11.253]      // while "1"  (timeout="200")
[22:39:11.253]      // while-condition  =>  TRUE
[22:39:11.253]      // while "1"  (timeout="200")
[22:39:11.253]      // while-condition  =>  TRUE
[22:39:11.253]      // while "1"  (timeout="200")
[22:39:11.253]      // while-condition  =>  TRUE
[22:39:11.253]      // while "1"  (timeout="200")
[22:39:11.253]      // while-condition  =>  TRUE
[22:39:11.253]      // while "1"  (timeout="200")
[22:39:11.253]      // while-condition  =>  TRUE
[22:39:11.253]      // while "1"  (timeout="200")
[22:39:11.253]      // while-condition  =>  TRUE
[22:39:11.253]      // while "1"  (timeout="200")
[22:39:11.253]      // while-condition  =>  TRUE
[22:39:11.253]      // while "1"  (timeout="200")
[22:39:11.253]      // while-condition  =>  TRUE
[22:39:11.253]      // while "1"  (timeout="200")
[22:39:11.253]      // while-condition  =>  TRUE
[22:39:11.253]      // while "1"  (timeout="200")
[22:39:11.253]      // while-condition  =>  TRUE
[22:39:11.253]      // while "1"  (timeout="200")
[22:39:11.253]      // while-condition  =>  TRUE
[22:39:11.253]      // while "1"  (timeout="200")
[22:39:11.253]      // while-condition  =>  TRUE
[22:39:11.253]      // while "1"  (timeout="200")
[22:39:11.253]      // while-condition  =>  TRUE
[22:39:11.253]      // while "1"  (timeout="200")
[22:39:11.253]      // while-condition  =>  TRUE
[22:39:11.253]      // while "1"  (timeout="200")
[22:39:11.253]      // while-condition  =>  TRUE
[22:39:11.253]      // while "1"  (timeout="200")
[22:39:11.253]      // while-condition  =>  TRUE
[22:39:11.253]      // while "1"  (timeout="200")
[22:39:11.253]      // while-condition  =>  TRUE
[22:39:11.253]      // while "1"  (timeout="200")
[22:39:11.253]      // while-condition  =>  TRUE
[22:39:11.253]      // while "1"  (timeout="200")
[22:39:11.253]      // while-condition  =>  TRUE
[22:39:11.253]      // while "1"  (timeout="200")
[22:39:11.253]      // while-condition  =>  TRUE
[22:39:11.253]      // while "1"  (timeout="200")
[22:39:11.258]      // while-condition  =>  TRUE
[22:39:11.258]      // while "1"  (timeout="200")
[22:39:11.258]      // while-condition  =>  TRUE
[22:39:11.258]      // while "1"  (timeout="200")
[22:39:11.258]      // while-condition  =>  TRUE
[22:39:11.258]      // while "1"  (timeout="200")
[22:39:11.258]      // while-condition  =>  TRUE
[22:39:11.258]      // while "1"  (timeout="200")
[22:39:11.258]      // while-condition  =>  TRUE
[22:39:11.258]      // while "1"  (timeout="200")
[22:39:11.258]      // while-condition  =>  TRUE
[22:39:11.258]      // while "1"  (timeout="200")
[22:39:11.258]      // while-condition  =>  TRUE
[22:39:11.258]      // while "1"  (timeout="200")
[22:39:11.258]      // while-condition  =>  TRUE
[22:39:11.258]      // while "1"  (timeout="200")
[22:39:11.258]      // while-condition  =>  TRUE
[22:39:11.258]      // while "1"  (timeout="200")
[22:39:11.258]      // while-condition  =>  TRUE
[22:39:11.258]      // while "1"  (timeout="200")
[22:39:11.258]      // while-condition  =>  TRUE
[22:39:11.258]      // while "1"  (timeout="200")
[22:39:11.258]      // while-condition  =>  TRUE
[22:39:11.258]      // while "1"  (timeout="200")
[22:39:11.258]      // while-condition  =>  TRUE
[22:39:11.258]      // while "1"  (timeout="200")
[22:39:11.258]      // while-condition  =>  TRUE
[22:39:11.258]      // while "1"  (timeout="200")
[22:39:11.258]      // while-condition  =>  TRUE
[22:39:11.258]      // while "1"  (timeout="200")
[22:39:11.258]      // while-condition  =>  TRUE
[22:39:11.258]      // while "1"  (timeout="200")
[22:39:11.258]      // while-condition  =>  TRUE
[22:39:11.258]      // while "1"  (timeout="200")
[22:39:11.258]      // while-condition  =>  TRUE
[22:39:11.258]      // while "1"  (timeout="200")
[22:39:11.258]      // while-condition  =>  TRUE
[22:39:11.258]      // while "1"  (timeout="200")
[22:39:11.258]      // while-condition  =>  TRUE
[22:39:11.258]      // while "1"  (timeout="200")
[22:39:11.258]      // while-condition  =>  TRUE
[22:39:11.258]      // while "1"  (timeout="200")
[22:39:11.258]      // while-condition  =>  TRUE
[22:39:11.258]      // while "1"  (timeout="200")
[22:39:11.258]      // while-condition  =>  TRUE
[22:39:11.258]      // while "1"  (timeout="200")
[22:39:11.258]      // while-condition  =>  TRUE
[22:39:11.258]      // while "1"  (timeout="200")
[22:39:11.258]      // while-condition  =>  TRUE
[22:39:11.258]      // while "1"  (timeout="200")
[22:39:11.258]      // while-condition  =>  TRUE
[22:39:11.258]      // while "1"  (timeout="200")
[22:39:11.258]      // while-condition  =>  TRUE
[22:39:11.258]      // while "1"  (timeout="200")
[22:39:11.258]      // while-condition  =>  TRUE
[22:39:11.258]      // while "1"  (timeout="200")
[22:39:11.258]      // while-condition  =>  TRUE
[22:39:11.258]      // while "1"  (timeout="200")
[22:39:11.258]      // while-condition  =>  TRUE
[22:39:11.258]      // while "1"  (timeout="200")
[22:39:11.258]      // while-condition  =>  TRUE
[22:39:11.258]      // while "1"  (timeout="200")
[22:39:11.258]      // while-condition  =>  TRUE
[22:39:11.258]      // while "1"  (timeout="200")
[22:39:11.258]      // while-condition  =>  TRUE
[22:39:11.258]      // while "1"  (timeout="200")
[22:39:11.258]      // while-condition  =>  TRUE
[22:39:11.258]      // while "1"  (timeout="200")
[22:39:11.263]      // while-condition  =>  TRUE
[22:39:11.263]      // while "1"  (timeout="200")
[22:39:11.263]      // while  =>  TIMEOUT
[22:39:11.263]      // end while "1"
[22:39:11.263]    </control>
[22:39:11.263]    <control if="canReadPins" while="" timeout="0" info="">
[22:39:11.263]      // if-block "canReadPins"
[22:39:11.263]        // =>  TRUE
[22:39:11.263]      <control if="" while="(DAP_SWJ_Pins(nReset, nReset, 0) & nReset) == 0" timeout="1000000" info="">
[22:39:11.263]        // while "(DAP_SWJ_Pins(nReset, nReset, 0) & nReset) == 0"  (timeout="1000000")
[22:39:11.263]          // -> [DAP_SWJ_Pins(0x80, 0x80, 0) => 0x8F]   (Out: nRESET=1  =>  In: SWCLK/TCK=1, SWDIO/TMS=1, TDI=1, TDO=1, nTRST=0, nRESET=1)
[22:39:11.263]        // while-condition  =>  FALSE
[22:39:11.263]        // end while "(DAP_SWJ_Pins(nReset, nReset, 0) & nReset) == 0"
[22:39:11.263]      </control>
[22:39:11.263]      // end if-block "canReadPins"
[22:39:11.263]    </control>
[22:39:11.263]    <control if="!canReadPins" while="" timeout="0" info="">
[22:39:11.263]      // if-block "!canReadPins"
[22:39:11.263]        // =>  FALSE
[22:39:11.263]      // skip if-block "!canReadPins"
[22:39:11.263]    </control>
[22:39:11.263]    <control if="(ACCESS_POINT_VAL & 0x00E00000) == 0" while="" timeout="0" info="">
[22:39:11.263]      // if-block "(ACCESS_POINT_VAL & 0x00E00000) == 0"
[22:39:11.263]        // =>  TRUE
[22:39:11.263]      <block atomic="false" info="">
[22:39:11.263]        WriteAP(0x00, 0x190008);
[22:39:11.263]          // -> [WriteAP(0x00000000, 0x00190008)]   (__dp=0x00000000, __ap=0x00000004)
[22:39:11.268]        WriteAP(0xF0, 0x01);
[22:39:11.268]          // -> [WriteAP(0x000000F0, 0x00000001)]   (__dp=0x00000000, __ap=0x00000004)
[22:39:11.268]      </block>
[22:39:11.268]      // end if-block "(ACCESS_POINT_VAL & 0x00E00000) == 0"
[22:39:11.268]    </control>
[22:39:11.268]    <control if="(ACCESS_POINT_VAL & 0x00E00000) != 0" while="" timeout="0" info="">
[22:39:11.268]      // if-block "(ACCESS_POINT_VAL & 0x00E00000) != 0"
[22:39:11.268]        // =>  FALSE
[22:39:11.268]      // skip if-block "(ACCESS_POINT_VAL & 0x00E00000) != 0"
[22:39:11.268]    </control>
[22:39:11.268]    <block atomic="false" info="">
[22:39:11.268]      ACCESS_POINT_VAL = ReadAP(0x00);//Reading current state of access point
[22:39:11.276]        // -> [ReadAP(0x00000000) => 0x0079002F]   (__dp=0x00000000, __ap=0x00000004)
[22:39:11.277]        // -> [ACCESS_POINT_VAL <= 0x0079002F]
[22:39:11.277]      Message(0, "Current state of access point is: %x",ACCESS_POINT_VAL);
[22:39:11.278]      __ap = 0; //lets make sure we reset the access point selection
[22:39:11.278]        // -> [__ap <= 0x00000000]
[22:39:11.278]    </block>
[22:39:11.278]  </sequence>
[22:39:11.278]  
[22:39:11.302]  **********  Sequence "DebugDeviceUnlock"  (Context="Connect", Pname="", info="")
[22:39:11.302]  
[22:39:11.302]  <debugvars>
[22:39:11.302]    // Pre-defined
[22:39:11.302]    __protocol=0x00010002      (Protocol="SWD", SWJ-DP="True")
[22:39:11.302]    __connection=0x00000202    (Connection Type="Flash", Reset Type="System Reset")
[22:39:11.302]    __dp=0x00000000
[22:39:11.302]    __ap=0x00000000
[22:39:11.302]    __traceout=0x00000000      (Trace Disabled)
[22:39:11.302]    __errorcontrol=0x00000000  (Skip Errors="False")
[22:39:11.302]    __FlashAddr=0x00000000
[22:39:11.302]    __FlashLen=0x00000000
[22:39:11.302]    __FlashArg=0x00000000
[22:39:11.302]    __FlashOp=0x00000000
[22:39:11.302]    __Result=0x00000000
[22:39:11.302]  </debugvars>
[22:39:11.302]  
[22:39:11.302]  <sequence name="DebugDeviceUnlock" Pname="" disable="false" info="">
[22:39:11.302]    <block atomic="false" info="">
[22:39:11.302]      __var deviceID = 0;
[22:39:11.302]        // -> [deviceID <= 0x00000000]
[22:39:11.302]      __var version = 0;
[22:39:11.302]        // -> [version <= 0x00000000]
[22:39:11.302]      __var partNum = 0;
[22:39:11.302]        // -> [partNum <= 0x00000000]
[22:39:11.302]      __var manuf = 0;
[22:39:11.302]        // -> [manuf <= 0x00000000]
[22:39:11.302]      __var isMSPM0G1X0X_G3X0X = 0;
[22:39:11.302]        // -> [isMSPM0G1X0X_G3X0X <= 0x00000000]
[22:39:11.302]      __var isProduction = 0;
[22:39:11.302]        // -> [isProduction <= 0x00000000]
[22:39:11.302]      __var continueId = 0;
[22:39:11.302]        // -> [continueId <= 0x00000000]
[22:39:11.302]      deviceID =   Read32(0x41C40004);
[22:39:11.313]        // -> [Read32(0x41C40004) => 0x2BB8802F]   (__dp=0x00000000, __ap=0x00000000)
[22:39:11.313]        // -> [deviceID <= 0x2BB8802F]
[22:39:11.313]      version = deviceID >> 28;
[22:39:11.313]        // -> [version <= 0x00000002]
[22:39:11.313]      partNum = (deviceID & 0x0FFFF000) >> 12;
[22:39:11.313]        // -> [partNum <= 0x0000BB88]
[22:39:11.313]      manuf = (deviceID & 0x00000FFE) >> 1;
[22:39:11.313]        // -> [manuf <= 0x00000017]
[22:39:11.313]      isMSPM0G1X0X_G3X0X = (partNum == 0xBB88) && (manuf == 0x17);
[22:39:11.313]        // -> [isMSPM0G1X0X_G3X0X <= 0x00000001]
[22:39:11.313]      isProduction = (version > 0);
[22:39:11.313]        // -> [isProduction <= 0x00000001]
[22:39:11.313]    </block>
[22:39:11.313]    <control if="!isMSPM0G1X0X_G3X0X" while="" timeout="0" info="">
[22:39:11.313]      // if-block "!isMSPM0G1X0X_G3X0X"
[22:39:11.313]        // =>  FALSE
[22:39:11.313]      // skip if-block "!isMSPM0G1X0X_G3X0X"
[22:39:11.313]    </control>
[22:39:11.313]    <control if="continueId == 4" while="" timeout="0" info="">
[22:39:11.313]      // if-block "continueId == 4"
[22:39:11.313]        // =>  FALSE
[22:39:11.313]      // skip if-block "continueId == 4"
[22:39:11.313]    </control>
[22:39:11.313]    <control if="!isProduction" while="" timeout="0" info="">
[22:39:11.313]      // if-block "!isProduction"
[22:39:11.313]        // =>  FALSE
[22:39:11.313]      // skip if-block "!isProduction"
[22:39:11.313]    </control>
[22:39:11.313]  </sequence>
[22:39:11.313]  
[22:51:16.561]  **********  Sequence "DebugPortSetup"  (Context="Connect", Pname="", info="")
[22:51:16.561]  
[22:51:16.561]  <debugvars>
[22:51:16.561]    // Pre-defined
[22:51:16.561]    __protocol=0x00010002      (Protocol="SWD", SWJ-DP="True")
[22:51:16.561]    __connection=0x00000202    (Connection Type="Flash", Reset Type="System Reset")
[22:51:16.561]    __dp=0x00000000
[22:51:16.561]    __ap=0x00000000
[22:51:16.561]    __traceout=0x00000000      (Trace Disabled)
[22:51:16.561]    __errorcontrol=0x00000000  (Skip Errors="False")
[22:51:16.561]    __FlashAddr=0x00000000
[22:51:16.562]    __FlashLen=0x00000000
[22:51:16.563]    __FlashArg=0x00000000
[22:51:16.563]    __FlashOp=0x00000000
[22:51:16.563]    __Result=0x00000000
[22:51:16.563]  </debugvars>
[22:51:16.563]  
[22:51:16.563]  <sequence name="DebugPortSetup" Pname="" disable="false" info="">
[22:51:16.563]    <block atomic="false" info="">
[22:51:16.563]      __var isSWJ      = ((__protocol & 0x00010000) != 0);
[22:51:16.563]        // -> [isSWJ <= 0x00000001]
[22:51:16.563]      __var hasDormant = __protocol & 0x00020000;
[22:51:16.563]        // -> [hasDormant <= 0x00000000]
[22:51:16.563]      __var protType   = __protocol & 0x0000FFFF;
[22:51:16.563]        // -> [protType <= 0x00000002]
[22:51:16.563]    </block>
[22:51:16.564]    <control if="protType == 1" while="" timeout="0" info="">
[22:51:16.564]      // if-block "protType == 1"
[22:51:16.564]        // =>  FALSE
[22:51:16.564]      // skip if-block "protType == 1"
[22:51:16.564]    </control>
[22:51:16.564]    <control if="protType == 2" while="" timeout="0" info="">
[22:51:16.564]      // if-block "protType == 2"
[22:51:16.564]        // =>  TRUE
[22:51:16.564]      <control if="isSWJ" while="" timeout="0" info="">
[22:51:16.564]        // if-block "isSWJ"
[22:51:16.564]          // =>  TRUE
[22:51:16.565]        <control if="hasDormant" while="" timeout="0" info="">
[22:51:16.565]          // if-block "hasDormant"
[22:51:16.565]            // =>  FALSE
[22:51:16.565]          // skip if-block "hasDormant"
[22:51:16.565]        </control>
[22:51:16.565]        <control if="!hasDormant" while="" timeout="0" info="">
[22:51:16.565]          // if-block "!hasDormant"
[22:51:16.565]            // =>  TRUE
[22:51:16.565]          <block atomic="false" info="">
[22:51:16.565]            DAP_SWJ_Sequence(51, 0x0007FFFFFFFFFFFF); //lets put the JTAG line in a reset state
[22:51:16.568]              // -> [DAP_SWJ_Sequence(51, 0x0007FFFFFFFFFFFF)]
[22:51:16.568]            DAP_SWJ_Sequence(16,0xE73C); //SWD to JTAG, this is to ensure the state machine is initialized
[22:51:16.571]              // -> [DAP_SWJ_Sequence(16, 0x000000000000E73C)]
[22:51:16.571]            DAP_SWJ_Sequence(51, 0x0007FFFFFFFFFFFF); //Put it back in reset
[22:51:16.572]              // -> [DAP_SWJ_Sequence(51, 0x0007FFFFFFFFFFFF)]
[22:51:16.572]            DAP_SWJ_Sequence(16, 0xE79E); //JTAG to SWD switch
[22:51:16.574]              // -> [DAP_SWJ_Sequence(16, 0x000000000000E79E)]
[22:51:16.574]            DAP_SWJ_Sequence(51, 0x0007FFFFFFFFFFFF);  //Ensure the switch is successful 
[22:51:16.576]              // -> [DAP_SWJ_Sequence(51, 0x0007FFFFFFFFFFFF)]
[22:51:16.576]            DAP_SWJ_Sequence(7,  0x00); //Give the line some time to initialize
[22:51:16.578]              // -> [DAP_SWJ_Sequence(7, 0x0000000000000000)]
[22:51:16.578]          </block>
[22:51:16.578]          // end if-block "!hasDormant"
[22:51:16.578]        </control>
[22:51:16.578]        // end if-block "isSWJ"
[22:51:16.578]      </control>
[22:51:16.579]      <control if="!isSWJ" while="" timeout="0" info="">
[22:51:16.579]        // if-block "!isSWJ"
[22:51:16.579]          // =>  FALSE
[22:51:16.579]        // skip if-block "!isSWJ"
[22:51:16.579]      </control>
[22:51:16.579]      <block atomic="false" info="">
[22:51:16.579]        ReadDP(0x0);
[22:51:16.579]          // -> [ReadDP(0x00000000) => 0x6BA02477]   (__dp=0x00000000)
[22:51:16.579]      </block>
[22:51:16.579]      // end if-block "protType == 2"
[22:51:16.579]    </control>
[22:51:16.579]  </sequence>
[22:51:16.579]  
[22:51:16.584]  **********  Sequence "DebugPortStart"  (Context="Connect", Pname="", info="")
[22:51:16.584]  
[22:51:16.584]  <debugvars>
[22:51:16.584]    // Pre-defined
[22:51:16.584]    __protocol=0x00010002      (Protocol="SWD", SWJ-DP="True")
[22:51:16.584]    __connection=0x00000202    (Connection Type="Flash", Reset Type="System Reset")
[22:51:16.584]    __dp=0x00000000
[22:51:16.584]    __ap=0x00000000
[22:51:16.584]    __traceout=0x00000000      (Trace Disabled)
[22:51:16.584]    __errorcontrol=0x00000000  (Skip Errors="False")
[22:51:16.584]    __FlashAddr=0x00000000
[22:51:16.584]    __FlashLen=0x00000000
[22:51:16.584]    __FlashArg=0x00000000
[22:51:16.584]    __FlashOp=0x00000000
[22:51:16.584]    __Result=0x00000000
[22:51:16.584]  </debugvars>
[22:51:16.584]  
[22:51:16.584]  <sequence name="DebugPortStart" Pname="" disable="false" info="">
[22:51:16.584]    <block atomic="false" info="">
[22:51:16.584]      __var SW_DP_ABORT       = 0x0;
[22:51:16.584]        // -> [SW_DP_ABORT <= 0x00000000]
[22:51:16.584]      __var DP_CTRL_STAT      = 0x4;
[22:51:16.584]        // -> [DP_CTRL_STAT <= 0x00000004]
[22:51:16.584]      __var DP_SELECT         = 0x8;
[22:51:16.584]        // -> [DP_SELECT <= 0x00000008]
[22:51:16.584]      __var powered_down      = 0;
[22:51:16.584]        // -> [powered_down <= 0x00000000]
[22:51:16.584]      WriteDP(DP_SELECT, 0x00000000);
[22:51:16.589]        // -> [WriteDP(0x00000008, 0x00000000)]   (__dp=0x00000000)
[22:51:16.589]      powered_down = ((ReadDP(DP_CTRL_STAT) & 0xA0000000) != 0xA0000000);
[22:51:16.589]        // -> [ReadDP(0x00000004) => 0x00000040]   (__dp=0x00000000)
[22:51:16.589]        // -> [powered_down <= 0x00000001]
[22:51:16.589]    </block>
[22:51:16.589]    <control if="powered_down" while="" timeout="0" info="">
[22:51:16.589]      // if-block "powered_down"
[22:51:16.589]        // =>  TRUE
[22:51:16.594]      <block atomic="false" info="">
[22:51:16.594]        Message(0, "Debug/System power-up request sent");
[22:51:16.594]        WriteDP(DP_CTRL_STAT, 0x50000000);
[22:51:16.594]          // -> [WriteDP(0x00000004, 0x50000000)]   (__dp=0x00000000)
[22:51:16.594]      </block>
[22:51:16.594]      <control if="" while="(ReadDP(DP_CTRL_STAT) & 0xA0000000) != 0xA0000000" timeout="1000000" info="">
[22:51:16.594]        // while "(ReadDP(DP_CTRL_STAT) & 0xA0000000) != 0xA0000000"  (timeout="1000000")
[22:51:16.599]          // -> [ReadDP(0x00000004) => 0xF0000040]   (__dp=0x00000000)
[22:51:16.599]        // while-condition  =>  FALSE
[22:51:16.599]        // end while "(ReadDP(DP_CTRL_STAT) & 0xA0000000) != 0xA0000000"
[22:51:16.599]      </control>
[22:51:16.599]      <control if="(__protocol & 0xFFFF) == 1" while="" timeout="0" info="">
[22:51:16.599]        // if-block "(__protocol & 0xFFFF) == 1"
[22:51:16.599]          // =>  FALSE
[22:51:16.599]        // skip if-block "(__protocol & 0xFFFF) == 1"
[22:51:16.599]      </control>
[22:51:16.599]      <control if="(__protocol & 0xFFFF) == 2" while="" timeout="0" info="">
[22:51:16.599]        // if-block "(__protocol & 0xFFFF) == 2"
[22:51:16.599]          // =>  TRUE
[22:51:16.599]        <block atomic="false" info="">
[22:51:16.599]          Message(0, "executing SWD power up");
[22:51:16.599]          WriteDP(DP_CTRL_STAT, 0x50000F00);
[22:51:16.604]            // -> [WriteDP(0x00000004, 0x50000F00)]   (__dp=0x00000000)
[22:51:16.605]          WriteDP(SW_DP_ABORT, 0x0000001E);
[22:51:16.606]            // -> [WriteDP(0x00000000, 0x0000001E)]   (__dp=0x00000000)
[22:51:16.607]        </block>
[22:51:16.607]        // end if-block "(__protocol & 0xFFFF) == 2"
[22:51:16.607]      </control>
[22:51:16.607]      // end if-block "powered_down"
[22:51:16.607]    </control>
[22:51:16.607]    <block atomic="false" info="">
[22:51:16.607]      __var DEBUG_PORT_VAL    = 0;
[22:51:16.607]        // -> [DEBUG_PORT_VAL <= 0x00000000]
[22:51:16.607]      __var ACCESS_POINT_VAL  = 0;
[22:51:16.607]        // -> [ACCESS_POINT_VAL <= 0x00000000]
[22:51:16.607]      __ap = 1; 
[22:51:16.607]        // -> [__ap <= 0x00000001]
[22:51:16.607]      WriteAP(0x0C, 0x04); //lets use the mini pwr-ap as backup
[22:51:16.613]        // -> [WriteAP(0x0000000C, 0x00000004)]   (__dp=0x00000000, __ap=0x00000001)
[22:51:16.614]      __ap = 4;
[22:51:16.614]        // -> [__ap <= 0x00000004]
[22:51:16.614]      ACCESS_POINT_VAL = ReadAP(0x00);//Reading current state of access point
[22:51:16.617]        // -> [ReadAP(0x00000000) => 0x00080027]   (__dp=0x00000000, __ap=0x00000004)
[22:51:16.618]        // -> [ACCESS_POINT_VAL <= 0x00080027]
[22:51:16.618]      Message(0, "Current state of access point is: %x",ACCESS_POINT_VAL);
[22:51:16.619]    </block>
[22:51:16.619]    <block atomic="false" info="">
[22:51:16.619]      __var nReset = 0x80;
[22:51:16.619]        // -> [nReset <= 0x00000080]
[22:51:16.619]      __var canReadPins = 0;
[22:51:16.619]        // -> [canReadPins <= 0x00000000]
[22:51:16.619]      canReadPins = (DAP_SWJ_Pins(0x00, nReset, 0) != 0xFFFFFFFF);
[22:51:16.621]        // -> [DAP_SWJ_Pins(0x00, 0x80, 0) => 0x0F]   (Out: nRESET=0  =>  In: SWCLK/TCK=1, SWDIO/TMS=1, TDI=1, TDO=1, nTRST=0, nRESET=0)
[22:51:16.621]        // -> [canReadPins <= 0x00000001]
[22:51:16.621]    </block>
[22:51:16.621]    <control if="" while="1" timeout="200" info="">
[22:51:16.621]      // while "1"  (timeout="200")
[22:51:16.621]      // while-condition  =>  TRUE
[22:51:16.621]      // while "1"  (timeout="200")
[22:51:16.621]      // while-condition  =>  TRUE
[22:51:16.621]      // while "1"  (timeout="200")
[22:51:16.621]      // while-condition  =>  TRUE
[22:51:16.621]      // while "1"  (timeout="200")
[22:51:16.621]      // while-condition  =>  TRUE
[22:51:16.621]      // while "1"  (timeout="200")
[22:51:16.621]      // while-condition  =>  TRUE
[22:51:16.621]      // while "1"  (timeout="200")
[22:51:16.621]      // while-condition  =>  TRUE
[22:51:16.621]      // while "1"  (timeout="200")
[22:51:16.621]      // while-condition  =>  TRUE
[22:51:16.621]      // while "1"  (timeout="200")
[22:51:16.621]      // while-condition  =>  TRUE
[22:51:16.621]      // while "1"  (timeout="200")
[22:51:16.621]      // while-condition  =>  TRUE
[22:51:16.621]      // while "1"  (timeout="200")
[22:51:16.621]      // while-condition  =>  TRUE
[22:51:16.621]      // while "1"  (timeout="200")
[22:51:16.621]      // while-condition  =>  TRUE
[22:51:16.621]      // while "1"  (timeout="200")
[22:51:16.621]      // while-condition  =>  TRUE
[22:51:16.621]      // while "1"  (timeout="200")
[22:51:16.621]      // while-condition  =>  TRUE
[22:51:16.621]      // while "1"  (timeout="200")
[22:51:16.621]      // while-condition  =>  TRUE
[22:51:16.621]      // while "1"  (timeout="200")
[22:51:16.621]      // while-condition  =>  TRUE
[22:51:16.621]      // while "1"  (timeout="200")
[22:51:16.621]      // while-condition  =>  TRUE
[22:51:16.621]      // while "1"  (timeout="200")
[22:51:16.621]      // while-condition  =>  TRUE
[22:51:16.621]      // while "1"  (timeout="200")
[22:51:16.621]      // while-condition  =>  TRUE
[22:51:16.621]      // while "1"  (timeout="200")
[22:51:16.621]      // while-condition  =>  TRUE
[22:51:16.621]      // while "1"  (timeout="200")
[22:51:16.621]      // while-condition  =>  TRUE
[22:51:16.621]      // while "1"  (timeout="200")
[22:51:16.621]      // while-condition  =>  TRUE
[22:51:16.621]      // while "1"  (timeout="200")
[22:51:16.621]      // while-condition  =>  TRUE
[22:51:16.621]      // while "1"  (timeout="200")
[22:51:16.621]      // while-condition  =>  TRUE
[22:51:16.621]      // while "1"  (timeout="200")
[22:51:16.621]      // while-condition  =>  TRUE
[22:51:16.621]      // while "1"  (timeout="200")
[22:51:16.621]      // while-condition  =>  TRUE
[22:51:16.621]      // while "1"  (timeout="200")
[22:51:16.621]      // while-condition  =>  TRUE
[22:51:16.621]      // while "1"  (timeout="200")
[22:51:16.621]      // while-condition  =>  TRUE
[22:51:16.621]      // while "1"  (timeout="200")
[22:51:16.626]      // while-condition  =>  TRUE
[22:51:16.626]      // while "1"  (timeout="200")
[22:51:16.626]      // while-condition  =>  TRUE
[22:51:16.626]      // while "1"  (timeout="200")
[22:51:16.626]      // while-condition  =>  TRUE
[22:51:16.626]      // while "1"  (timeout="200")
[22:51:16.626]      // while-condition  =>  TRUE
[22:51:16.626]      // while "1"  (timeout="200")
[22:51:16.626]      // while-condition  =>  TRUE
[22:51:16.626]      // while "1"  (timeout="200")
[22:51:16.626]      // while-condition  =>  TRUE
[22:51:16.626]      // while "1"  (timeout="200")
[22:51:16.626]      // while-condition  =>  TRUE
[22:51:16.626]      // while "1"  (timeout="200")
[22:51:16.626]      // while-condition  =>  TRUE
[22:51:16.626]      // while "1"  (timeout="200")
[22:51:16.626]      // while-condition  =>  TRUE
[22:51:16.626]      // while "1"  (timeout="200")
[22:51:16.626]      // while-condition  =>  TRUE
[22:51:16.626]      // while "1"  (timeout="200")
[22:51:16.626]      // while-condition  =>  TRUE
[22:51:16.626]      // while "1"  (timeout="200")
[22:51:16.626]      // while-condition  =>  TRUE
[22:51:16.626]      // while "1"  (timeout="200")
[22:51:16.626]      // while-condition  =>  TRUE
[22:51:16.626]      // while "1"  (timeout="200")
[22:51:16.626]      // while-condition  =>  TRUE
[22:51:16.626]      // while "1"  (timeout="200")
[22:51:16.626]      // while-condition  =>  TRUE
[22:51:16.626]      // while "1"  (timeout="200")
[22:51:16.626]      // while-condition  =>  TRUE
[22:51:16.626]      // while "1"  (timeout="200")
[22:51:16.626]      // while-condition  =>  TRUE
[22:51:16.626]      // while "1"  (timeout="200")
[22:51:16.626]      // while-condition  =>  TRUE
[22:51:16.626]      // while "1"  (timeout="200")
[22:51:16.626]      // while-condition  =>  TRUE
[22:51:16.626]      // while "1"  (timeout="200")
[22:51:16.626]      // while-condition  =>  TRUE
[22:51:16.626]      // while "1"  (timeout="200")
[22:51:16.626]      // while-condition  =>  TRUE
[22:51:16.626]      // while "1"  (timeout="200")
[22:51:16.626]      // while-condition  =>  TRUE
[22:51:16.626]      // while "1"  (timeout="200")
[22:51:16.626]      // while-condition  =>  TRUE
[22:51:16.626]      // while "1"  (timeout="200")
[22:51:16.626]      // while-condition  =>  TRUE
[22:51:16.626]      // while "1"  (timeout="200")
[22:51:16.626]      // while-condition  =>  TRUE
[22:51:16.626]      // while "1"  (timeout="200")
[22:51:16.626]      // while-condition  =>  TRUE
[22:51:16.626]      // while "1"  (timeout="200")
[22:51:16.626]      // while-condition  =>  TRUE
[22:51:16.626]      // while "1"  (timeout="200")
[22:51:16.626]      // while-condition  =>  TRUE
[22:51:16.626]      // while "1"  (timeout="200")
[22:51:16.626]      // while-condition  =>  TRUE
[22:51:16.626]      // while "1"  (timeout="200")
[22:51:16.626]      // while-condition  =>  TRUE
[22:51:16.631]      // while "1"  (timeout="200")
[22:51:16.631]      // while-condition  =>  TRUE
[22:51:16.631]      // while "1"  (timeout="200")
[22:51:16.631]      // while-condition  =>  TRUE
[22:51:16.631]      // while "1"  (timeout="200")
[22:51:16.631]      // while-condition  =>  TRUE
[22:51:16.631]      // while "1"  (timeout="200")
[22:51:16.631]      // while-condition  =>  TRUE
[22:51:16.631]      // while "1"  (timeout="200")
[22:51:16.631]      // while-condition  =>  TRUE
[22:51:16.631]      // while "1"  (timeout="200")
[22:51:16.631]      // while-condition  =>  TRUE
[22:51:16.631]      // while "1"  (timeout="200")
[22:51:16.631]      // while-condition  =>  TRUE
[22:51:16.631]      // while "1"  (timeout="200")
[22:51:16.631]      // while-condition  =>  TRUE
[22:51:16.631]      // while "1"  (timeout="200")
[22:51:16.631]      // while-condition  =>  TRUE
[22:51:16.631]      // while "1"  (timeout="200")
[22:51:16.631]      // while-condition  =>  TRUE
[22:51:16.631]      // while "1"  (timeout="200")
[22:51:16.631]      // while-condition  =>  TRUE
[22:51:16.631]      // while "1"  (timeout="200")
[22:51:16.631]      // while-condition  =>  TRUE
[22:51:16.631]      // while "1"  (timeout="200")
[22:51:16.631]      // while-condition  =>  TRUE
[22:51:16.631]      // while "1"  (timeout="200")
[22:51:16.631]      // while-condition  =>  TRUE
[22:51:16.631]      // while "1"  (timeout="200")
[22:51:16.631]      // while-condition  =>  TRUE
[22:51:16.631]      // while "1"  (timeout="200")
[22:51:16.631]      // while-condition  =>  TRUE
[22:51:16.631]      // while "1"  (timeout="200")
[22:51:16.631]      // while-condition  =>  TRUE
[22:51:16.631]      // while "1"  (timeout="200")
[22:51:16.631]      // while-condition  =>  TRUE
[22:51:16.631]      // while "1"  (timeout="200")
[22:51:16.631]      // while-condition  =>  TRUE
[22:51:16.631]      // while "1"  (timeout="200")
[22:51:16.631]      // while-condition  =>  TRUE
[22:51:16.631]      // while "1"  (timeout="200")
[22:51:16.631]      // while-condition  =>  TRUE
[22:51:16.631]      // while "1"  (timeout="200")
[22:51:16.631]      // while-condition  =>  TRUE
[22:51:16.631]      // while "1"  (timeout="200")
[22:51:16.631]      // while-condition  =>  TRUE
[22:51:16.631]      // while "1"  (timeout="200")
[22:51:16.631]      // while-condition  =>  TRUE
[22:51:16.631]      // while "1"  (timeout="200")
[22:51:16.631]      // while-condition  =>  TRUE
[22:51:16.631]      // while "1"  (timeout="200")
[22:51:16.631]      // while-condition  =>  TRUE
[22:51:16.631]      // while "1"  (timeout="200")
[22:51:16.631]      // while-condition  =>  TRUE
[22:51:16.631]      // while "1"  (timeout="200")
[22:51:16.631]      // while-condition  =>  TRUE
[22:51:16.631]      // while "1"  (timeout="200")
[22:51:16.631]      // while-condition  =>  TRUE
[22:51:16.631]      // while "1"  (timeout="200")
[22:51:16.631]      // while-condition  =>  TRUE
[22:51:16.631]      // while "1"  (timeout="200")
[22:51:16.631]      // while-condition  =>  TRUE
[22:51:16.631]      // while "1"  (timeout="200")
[22:51:16.631]      // while-condition  =>  TRUE
[22:51:16.631]      // while "1"  (timeout="200")
[22:51:16.631]      // while-condition  =>  TRUE
[22:51:16.631]      // while "1"  (timeout="200")
[22:51:16.631]      // while-condition  =>  TRUE
[22:51:16.631]      // while "1"  (timeout="200")
[22:51:16.631]      // while-condition  =>  TRUE
[22:51:16.631]      // while "1"  (timeout="200")
[22:51:16.631]      // while-condition  =>  TRUE
[22:51:16.631]      // while "1"  (timeout="200")
[22:51:16.631]      // while-condition  =>  TRUE
[22:51:16.631]      // while "1"  (timeout="200")
[22:51:16.631]      // while-condition  =>  TRUE
[22:51:16.631]      // while "1"  (timeout="200")
[22:51:16.636]      // while-condition  =>  TRUE
[22:51:16.636]      // while "1"  (timeout="200")
[22:51:16.636]      // while  =>  TIMEOUT
[22:51:16.636]      // end while "1"
[22:51:16.636]    </control>
[22:51:16.636]    <control if="canReadPins" while="" timeout="0" info="">
[22:51:16.636]      // if-block "canReadPins"
[22:51:16.636]        // =>  TRUE
[22:51:16.636]      <control if="" while="(DAP_SWJ_Pins(nReset, nReset, 0) & nReset) == 0" timeout="1000000" info="">
[22:51:16.636]        // while "(DAP_SWJ_Pins(nReset, nReset, 0) & nReset) == 0"  (timeout="1000000")
[22:51:16.638]          // -> [DAP_SWJ_Pins(0x80, 0x80, 0) => 0x8F]   (Out: nRESET=1  =>  In: SWCLK/TCK=1, SWDIO/TMS=1, TDI=1, TDO=1, nTRST=0, nRESET=1)
[22:51:16.638]        // while-condition  =>  FALSE
[22:51:16.638]        // end while "(DAP_SWJ_Pins(nReset, nReset, 0) & nReset) == 0"
[22:51:16.639]      </control>
[22:51:16.639]      // end if-block "canReadPins"
[22:51:16.639]    </control>
[22:51:16.639]    <control if="!canReadPins" while="" timeout="0" info="">
[22:51:16.639]      // if-block "!canReadPins"
[22:51:16.639]        // =>  FALSE
[22:51:16.639]      // skip if-block "!canReadPins"
[22:51:16.639]    </control>
[22:51:16.639]    <control if="(ACCESS_POINT_VAL & 0x00E00000) == 0" while="" timeout="0" info="">
[22:51:16.639]      // if-block "(ACCESS_POINT_VAL & 0x00E00000) == 0"
[22:51:16.639]        // =>  TRUE
[22:51:16.639]      <block atomic="false" info="">
[22:51:16.639]        WriteAP(0x00, 0x190008);
[22:51:16.641]          // -> [WriteAP(0x00000000, 0x00190008)]   (__dp=0x00000000, __ap=0x00000004)
[22:51:16.641]        WriteAP(0xF0, 0x01);
[22:51:16.645]          // -> [WriteAP(0x000000F0, 0x00000001)]   (__dp=0x00000000, __ap=0x00000004)
[22:51:16.646]      </block>
[22:51:16.646]      // end if-block "(ACCESS_POINT_VAL & 0x00E00000) == 0"
[22:51:16.646]    </control>
[22:51:16.646]    <control if="(ACCESS_POINT_VAL & 0x00E00000) != 0" while="" timeout="0" info="">
[22:51:16.646]      // if-block "(ACCESS_POINT_VAL & 0x00E00000) != 0"
[22:51:16.646]        // =>  FALSE
[22:51:16.646]      // skip if-block "(ACCESS_POINT_VAL & 0x00E00000) != 0"
[22:51:16.646]    </control>
[22:51:16.646]    <block atomic="false" info="">
[22:51:16.646]      ACCESS_POINT_VAL = ReadAP(0x00);//Reading current state of access point
[22:51:16.650]        // -> [ReadAP(0x00000000) => 0x0079002F]   (__dp=0x00000000, __ap=0x00000004)
[22:51:16.650]        // -> [ACCESS_POINT_VAL <= 0x0079002F]
[22:51:16.650]      Message(0, "Current state of access point is: %x",ACCESS_POINT_VAL);
[22:51:16.651]      __ap = 0; //lets make sure we reset the access point selection
[22:51:16.652]        // -> [__ap <= 0x00000000]
[22:51:16.652]    </block>
[22:51:16.652]  </sequence>
[22:51:16.652]  
[22:51:16.673]  **********  Sequence "DebugDeviceUnlock"  (Context="Connect", Pname="", info="")
[22:51:16.673]  
[22:51:16.673]  <debugvars>
[22:51:16.673]    // Pre-defined
[22:51:16.673]    __protocol=0x00010002      (Protocol="SWD", SWJ-DP="True")
[22:51:16.673]    __connection=0x00000202    (Connection Type="Flash", Reset Type="System Reset")
[22:51:16.673]    __dp=0x00000000
[22:51:16.673]    __ap=0x00000000
[22:51:16.673]    __traceout=0x00000000      (Trace Disabled)
[22:51:16.673]    __errorcontrol=0x00000000  (Skip Errors="False")
[22:51:16.673]    __FlashAddr=0x00000000
[22:51:16.674]    __FlashLen=0x00000000
[22:51:16.674]    __FlashArg=0x00000000
[22:51:16.674]    __FlashOp=0x00000000
[22:51:16.674]    __Result=0x00000000
[22:51:16.674]  </debugvars>
[22:51:16.674]  
[22:51:16.674]  <sequence name="DebugDeviceUnlock" Pname="" disable="false" info="">
[22:51:16.674]    <block atomic="false" info="">
[22:51:16.674]      __var deviceID = 0;
[22:51:16.674]        // -> [deviceID <= 0x00000000]
[22:51:16.674]      __var version = 0;
[22:51:16.674]        // -> [version <= 0x00000000]
[22:51:16.674]      __var partNum = 0;
[22:51:16.674]        // -> [partNum <= 0x00000000]
[22:51:16.674]      __var manuf = 0;
[22:51:16.674]        // -> [manuf <= 0x00000000]
[22:51:16.675]      __var isMSPM0G1X0X_G3X0X = 0;
[22:51:16.675]        // -> [isMSPM0G1X0X_G3X0X <= 0x00000000]
[22:51:16.675]      __var isProduction = 0;
[22:51:16.675]        // -> [isProduction <= 0x00000000]
[22:51:16.675]      __var continueId = 0;
[22:51:16.675]        // -> [continueId <= 0x00000000]
[22:51:16.675]      deviceID =   Read32(0x41C40004);
[22:51:16.681]        // -> [Read32(0x41C40004) => 0x2BB8802F]   (__dp=0x00000000, __ap=0x00000000)
[22:51:16.681]        // -> [deviceID <= 0x2BB8802F]
[22:51:16.681]      version = deviceID >> 28;
[22:51:16.681]        // -> [version <= 0x00000002]
[22:51:16.681]      partNum = (deviceID & 0x0FFFF000) >> 12;
[22:51:16.681]        // -> [partNum <= 0x0000BB88]
[22:51:16.681]      manuf = (deviceID & 0x00000FFE) >> 1;
[22:51:16.682]        // -> [manuf <= 0x00000017]
[22:51:16.682]      isMSPM0G1X0X_G3X0X = (partNum == 0xBB88) && (manuf == 0x17);
[22:51:16.682]        // -> [isMSPM0G1X0X_G3X0X <= 0x00000001]
[22:51:16.682]      isProduction = (version > 0);
[22:51:16.682]        // -> [isProduction <= 0x00000001]
[22:51:16.682]    </block>
[22:51:16.682]    <control if="!isMSPM0G1X0X_G3X0X" while="" timeout="0" info="">
[22:51:16.682]      // if-block "!isMSPM0G1X0X_G3X0X"
[22:51:16.682]        // =>  FALSE
[22:51:16.682]      // skip if-block "!isMSPM0G1X0X_G3X0X"
[22:51:16.682]    </control>
[22:51:16.682]    <control if="continueId == 4" while="" timeout="0" info="">
[22:51:16.682]      // if-block "continueId == 4"
[22:51:16.682]        // =>  FALSE
[22:51:16.682]      // skip if-block "continueId == 4"
[22:51:16.682]    </control>
[22:51:16.682]    <control if="!isProduction" while="" timeout="0" info="">
[22:51:16.683]      // if-block "!isProduction"
[22:51:16.683]        // =>  FALSE
[22:51:16.683]      // skip if-block "!isProduction"
[22:51:16.683]    </control>
[22:51:16.683]  </sequence>
[22:51:16.683]  
