/*
 *  CMSIS Pack Debug Access Sequence Log
 *  File        : C:\Users\xxs13\Desktop\MSPM0G3507_Library\SeekFree_MSPM0G3507_Opensource_Library\project\mdk\SeekFree_MSPM0G3507_Device_Library_Sequences_0001.log
 *  Created     : 17:56:52 (10/07/2026)
 *  Device      : MSPM0G3507
 *  PDSC File   : D:/MDK5.36/Packs/TexasInstruments/MSPM0G1X0X_G3X0X_DFP/1.3.1/TexasInstruments.MSPM0G1X0X_G3X0X_DFP.pdsc
 *
 */

[17:56:52.773]  **********  Sequence "DebugPortSetup"  (Context="Connect", Pname="", info="")
[17:56:52.773]  
[17:56:52.778]  <debugvars>
[17:56:52.778]    // Pre-defined
[17:56:52.778]    __protocol=0x00010002      (Protocol="SWD", SWJ-DP="True")
[17:56:52.778]    __connection=0x00000202    (Connection Type="Flash", Reset Type="System Reset")
[17:56:52.778]    __dp=0x00000000
[17:56:52.778]    __ap=0x00000000
[17:56:52.778]    __traceout=0x00000000      (Trace Disabled)
[17:56:52.778]    __errorcontrol=0x00000000  (Skip Errors="False")
[17:56:52.778]    __FlashAddr=0x00000000
[17:56:52.778]    __FlashLen=0x00000000
[17:56:52.778]    __FlashArg=0x00000000
[17:56:52.778]    __FlashOp=0x00000000
[17:56:52.778]    __Result=0x00000000
[17:56:52.778]  </debugvars>
[17:56:52.778]  
[17:56:52.778]  <sequence name="DebugPortSetup" Pname="" disable="false" info="">
[17:56:52.778]    <block atomic="false" info="">
[17:56:52.778]      __var isSWJ      = ((__protocol & 0x00010000) != 0);
[17:56:52.778]        // -> [isSWJ <= 0x00000001]
[17:56:52.778]      __var hasDormant = __protocol & 0x00020000;
[17:56:52.778]        // -> [hasDormant <= 0x00000000]
[17:56:52.778]      __var protType   = __protocol & 0x0000FFFF;
[17:56:52.778]        // -> [protType <= 0x00000002]
[17:56:52.778]    </block>
[17:56:52.778]    <control if="protType == 1" while="" timeout="0" info="">
[17:56:52.778]      // if-block "protType == 1"
[17:56:52.778]        // =>  FALSE
[17:56:52.778]      // skip if-block "protType == 1"
[17:56:52.778]    </control>
[17:56:52.778]    <control if="protType == 2" while="" timeout="0" info="">
[17:56:52.778]      // if-block "protType == 2"
[17:56:52.778]        // =>  TRUE
[17:56:52.778]      <control if="isSWJ" while="" timeout="0" info="">
[17:56:52.778]        // if-block "isSWJ"
[17:56:52.778]          // =>  TRUE
[17:56:52.778]        <control if="hasDormant" while="" timeout="0" info="">
[17:56:52.778]          // if-block "hasDormant"
[17:56:52.778]            // =>  FALSE
[17:56:52.778]          // skip if-block "hasDormant"
[17:56:52.778]        </control>
[17:56:52.778]        <control if="!hasDormant" while="" timeout="0" info="">
[17:56:52.778]          // if-block "!hasDormant"
[17:56:52.778]            // =>  TRUE
[17:56:52.778]          <block atomic="false" info="">
[17:56:52.778]            DAP_SWJ_Sequence(51, 0x0007FFFFFFFFFFFF); //lets put the JTAG line in a reset state
[17:56:52.783]              // -> [DAP_SWJ_Sequence(51, 0x0007FFFFFFFFFFFF)]
[17:56:52.783]            DAP_SWJ_Sequence(16,0xE73C); //SWD to JTAG, this is to ensure the state machine is initialized
[17:56:52.783]              // -> [DAP_SWJ_Sequence(16, 0x000000000000E73C)]
[17:56:52.783]            DAP_SWJ_Sequence(51, 0x0007FFFFFFFFFFFF); //Put it back in reset
[17:56:52.788]              // -> [DAP_SWJ_Sequence(51, 0x0007FFFFFFFFFFFF)]
[17:56:52.788]            DAP_SWJ_Sequence(16, 0xE79E); //JTAG to SWD switch
[17:56:52.788]              // -> [DAP_SWJ_Sequence(16, 0x000000000000E79E)]
[17:56:52.788]            DAP_SWJ_Sequence(51, 0x0007FFFFFFFFFFFF);  //Ensure the switch is successful 
[17:56:52.794]              // -> [DAP_SWJ_Sequence(51, 0x0007FFFFFFFFFFFF)]
[17:56:52.794]            DAP_SWJ_Sequence(7,  0x00); //Give the line some time to initialize
[17:56:52.799]              // -> [DAP_SWJ_Sequence(7, 0x0000000000000000)]
[17:56:52.799]          </block>
[17:56:52.799]          // end if-block "!hasDormant"
[17:56:52.799]        </control>
[17:56:52.799]        // end if-block "isSWJ"
[17:56:52.799]      </control>
[17:56:52.799]      <control if="!isSWJ" while="" timeout="0" info="">
[17:56:52.799]        // if-block "!isSWJ"
[17:56:52.799]          // =>  FALSE
[17:56:52.799]        // skip if-block "!isSWJ"
[17:56:52.799]      </control>
[17:56:52.799]      <block atomic="false" info="">
[17:56:52.799]        ReadDP(0x0);
[17:56:52.803]          // -> [ReadDP(0x00000000) => 0x6BA02477]   (__dp=0x00000000)
[17:56:52.803]      </block>
[17:56:52.803]      // end if-block "protType == 2"
[17:56:52.803]    </control>
[17:56:52.803]  </sequence>
[17:56:52.803]  
[17:56:52.805]  **********  Sequence "DebugPortStart"  (Context="Connect", Pname="", info="")
[17:56:52.805]  
[17:56:52.805]  <debugvars>
[17:56:52.805]    // Pre-defined
[17:56:52.805]    __protocol=0x00010002      (Protocol="SWD", SWJ-DP="True")
[17:56:52.805]    __connection=0x00000202    (Connection Type="Flash", Reset Type="System Reset")
[17:56:52.805]    __dp=0x00000000
[17:56:52.805]    __ap=0x00000000
[17:56:52.805]    __traceout=0x00000000      (Trace Disabled)
[17:56:52.805]    __errorcontrol=0x00000000  (Skip Errors="False")
[17:56:52.805]    __FlashAddr=0x00000000
[17:56:52.805]    __FlashLen=0x00000000
[17:56:52.805]    __FlashArg=0x00000000
[17:56:52.805]    __FlashOp=0x00000000
[17:56:52.805]    __Result=0x00000000
[17:56:52.805]  </debugvars>
[17:56:52.805]  
[17:56:52.805]  <sequence name="DebugPortStart" Pname="" disable="false" info="">
[17:56:52.805]    <block atomic="false" info="">
[17:56:52.805]      __var SW_DP_ABORT       = 0x0;
[17:56:52.805]        // -> [SW_DP_ABORT <= 0x00000000]
[17:56:52.805]      __var DP_CTRL_STAT      = 0x4;
[17:56:52.805]        // -> [DP_CTRL_STAT <= 0x00000004]
[17:56:52.805]      __var DP_SELECT         = 0x8;
[17:56:52.805]        // -> [DP_SELECT <= 0x00000008]
[17:56:52.805]      __var powered_down      = 0;
[17:56:52.805]        // -> [powered_down <= 0x00000000]
[17:56:52.805]      WriteDP(DP_SELECT, 0x00000000);
[17:56:52.816]        // -> [WriteDP(0x00000008, 0x00000000)]   (__dp=0x00000000)
[17:56:52.816]      powered_down = ((ReadDP(DP_CTRL_STAT) & 0xA0000000) != 0xA0000000);
[17:56:52.816]        // -> [ReadDP(0x00000004) => 0x00000040]   (__dp=0x00000000)
[17:56:52.816]        // -> [powered_down <= 0x00000001]
[17:56:52.816]    </block>
[17:56:52.816]    <control if="powered_down" while="" timeout="0" info="">
[17:56:52.816]      // if-block "powered_down"
[17:56:52.816]        // =>  TRUE
[17:56:52.816]      <block atomic="false" info="">
[17:56:52.816]        Message(0, "Debug/System power-up request sent");
[17:56:52.821]        WriteDP(DP_CTRL_STAT, 0x50000000);
[17:56:52.822]          // -> [WriteDP(0x00000004, 0x50000000)]   (__dp=0x00000000)
[17:56:52.822]      </block>
[17:56:52.822]      <control if="" while="(ReadDP(DP_CTRL_STAT) & 0xA0000000) != 0xA0000000" timeout="1000000" info="">
[17:56:52.822]        // while "(ReadDP(DP_CTRL_STAT) & 0xA0000000) != 0xA0000000"  (timeout="1000000")
[17:56:52.822]          // -> [ReadDP(0x00000004) => 0xF0000040]   (__dp=0x00000000)
[17:56:52.822]        // while-condition  =>  FALSE
[17:56:52.826]        // end while "(ReadDP(DP_CTRL_STAT) & 0xA0000000) != 0xA0000000"
[17:56:52.826]      </control>
[17:56:52.826]      <control if="(__protocol & 0xFFFF) == 1" while="" timeout="0" info="">
[17:56:52.826]        // if-block "(__protocol & 0xFFFF) == 1"
[17:56:52.826]          // =>  FALSE
[17:56:52.826]        // skip if-block "(__protocol & 0xFFFF) == 1"
[17:56:52.826]      </control>
[17:56:52.826]      <control if="(__protocol & 0xFFFF) == 2" while="" timeout="0" info="">
[17:56:52.826]        // if-block "(__protocol & 0xFFFF) == 2"
[17:56:52.826]          // =>  TRUE
[17:56:52.826]        <block atomic="false" info="">
[17:56:52.826]          Message(0, "executing SWD power up");
[17:56:52.827]          WriteDP(DP_CTRL_STAT, 0x50000F00);
[17:56:52.827]            // -> [WriteDP(0x00000004, 0x50000F00)]   (__dp=0x00000000)
[17:56:52.827]          WriteDP(SW_DP_ABORT, 0x0000001E);
[17:56:52.832]            // -> [WriteDP(0x00000000, 0x0000001E)]   (__dp=0x00000000)
[17:56:52.832]        </block>
[17:56:52.832]        // end if-block "(__protocol & 0xFFFF) == 2"
[17:56:52.832]      </control>
[17:56:52.832]      // end if-block "powered_down"
[17:56:52.832]    </control>
[17:56:52.832]    <block atomic="false" info="">
[17:56:52.832]      __var DEBUG_PORT_VAL    = 0;
[17:56:52.832]        // -> [DEBUG_PORT_VAL <= 0x00000000]
[17:56:52.832]      __var ACCESS_POINT_VAL  = 0;
[17:56:52.832]        // -> [ACCESS_POINT_VAL <= 0x00000000]
[17:56:52.832]      __ap = 1; 
[17:56:52.832]        // -> [__ap <= 0x00000001]
[17:56:52.832]      WriteAP(0x0C, 0x04); //lets use the mini pwr-ap as backup
[17:56:52.837]        // -> [WriteAP(0x0000000C, 0x00000004)]   (__dp=0x00000000, __ap=0x00000001)
[17:56:52.837]      __ap = 4;
[17:56:52.837]        // -> [__ap <= 0x00000004]
[17:56:52.837]      ACCESS_POINT_VAL = ReadAP(0x00);//Reading current state of access point
[17:56:52.843]        // -> [ReadAP(0x00000000) => 0x00080027]   (__dp=0x00000000, __ap=0x00000004)
[17:56:52.843]        // -> [ACCESS_POINT_VAL <= 0x00080027]
[17:56:52.843]      Message(0, "Current state of access point is: %x",ACCESS_POINT_VAL);
[17:56:52.843]    </block>
[17:56:52.843]    <block atomic="false" info="">
[17:56:52.843]      __var nReset = 0x80;
[17:56:52.843]        // -> [nReset <= 0x00000080]
[17:56:52.843]      __var canReadPins = 0;
[17:56:52.843]        // -> [canReadPins <= 0x00000000]
[17:56:52.843]      canReadPins = (DAP_SWJ_Pins(0x00, nReset, 0) != 0xFFFFFFFF);
[17:56:52.847]        // -> [DAP_SWJ_Pins(0x00, 0x80, 0) => 0x0F]   (Out: nRESET=0  =>  In: SWCLK/TCK=1, SWDIO/TMS=1, TDI=1, TDO=1, nTRST=0, nRESET=0)
[17:56:52.847]        // -> [canReadPins <= 0x00000001]
[17:56:52.847]    </block>
[17:56:52.847]    <control if="" while="1" timeout="200" info="">
[17:56:52.847]      // while "1"  (timeout="200")
[17:56:52.847]      // while-condition  =>  TRUE
[17:56:52.847]      // while "1"  (timeout="200")
[17:56:52.847]      // while-condition  =>  TRUE
[17:56:52.847]      // while "1"  (timeout="200")
[17:56:52.847]      // while-condition  =>  TRUE
[17:56:52.847]      // while "1"  (timeout="200")
[17:56:52.847]      // while-condition  =>  TRUE
[17:56:52.847]      // while "1"  (timeout="200")
[17:56:52.847]      // while-condition  =>  TRUE
[17:56:52.847]      // while "1"  (timeout="200")
[17:56:52.847]      // while-condition  =>  TRUE
[17:56:52.847]      // while "1"  (timeout="200")
[17:56:52.847]      // while-condition  =>  TRUE
[17:56:52.849]      // while "1"  (timeout="200")
[17:56:52.849]      // while  =>  TIMEOUT
[17:56:52.849]      // end while "1"
[17:56:52.849]    </control>
[17:56:52.849]    <control if="canReadPins" while="" timeout="0" info="">
[17:56:52.849]      // if-block "canReadPins"
[17:56:52.849]        // =>  TRUE
[17:56:52.849]      <control if="" while="(DAP_SWJ_Pins(nReset, nReset, 0) & nReset) == 0" timeout="1000000" info="">
[17:56:52.849]        // while "(DAP_SWJ_Pins(nReset, nReset, 0) & nReset) == 0"  (timeout="1000000")
[17:56:52.849]          // -> [DAP_SWJ_Pins(0x80, 0x80, 0) => 0x8F]   (Out: nRESET=1  =>  In: SWCLK/TCK=1, SWDIO/TMS=1, TDI=1, TDO=1, nTRST=0, nRESET=1)
[17:56:52.849]        // while-condition  =>  FALSE
[17:56:52.849]        // end while "(DAP_SWJ_Pins(nReset, nReset, 0) & nReset) == 0"
[17:56:52.849]      </control>
[17:56:52.849]      // end if-block "canReadPins"
[17:56:52.849]    </control>
[17:56:52.849]    <control if="!canReadPins" while="" timeout="0" info="">
[17:56:52.849]      // if-block "!canReadPins"
[17:56:52.849]        // =>  FALSE
[17:56:52.849]      // skip if-block "!canReadPins"
[17:56:52.849]    </control>
[17:56:52.849]    <control if="(ACCESS_POINT_VAL & 0x00E00000) == 0" while="" timeout="0" info="">
[17:56:52.849]      // if-block "(ACCESS_POINT_VAL & 0x00E00000) == 0"
[17:56:52.849]        // =>  TRUE
[17:56:52.852]      <block atomic="false" info="">
[17:56:52.852]        WriteAP(0x00, 0x190008);
[17:56:52.852]          // -> [WriteAP(0x00000000, 0x00190008)]   (__dp=0x00000000, __ap=0x00000004)
[17:56:52.852]        WriteAP(0xF0, 0x01);
[17:56:52.858]          // -> [WriteAP(0x000000F0, 0x00000001)]   (__dp=0x00000000, __ap=0x00000004)
[17:56:52.858]      </block>
[17:56:52.858]      // end if-block "(ACCESS_POINT_VAL & 0x00E00000) == 0"
[17:56:52.858]    </control>
[17:56:52.858]    <control if="(ACCESS_POINT_VAL & 0x00E00000) != 0" while="" timeout="0" info="">
[17:56:52.858]      // if-block "(ACCESS_POINT_VAL & 0x00E00000) != 0"
[17:56:52.858]        // =>  FALSE
[17:56:52.858]      // skip if-block "(ACCESS_POINT_VAL & 0x00E00000) != 0"
[17:56:52.858]    </control>
[17:56:52.859]    <block atomic="false" info="">
[17:56:52.859]      ACCESS_POINT_VAL = ReadAP(0x00);//Reading current state of access point
[17:56:52.865]        // -> [ReadAP(0x00000000) => 0x0079002F]   (__dp=0x00000000, __ap=0x00000004)
[17:56:52.865]        // -> [ACCESS_POINT_VAL <= 0x0079002F]
[17:56:52.865]      Message(0, "Current state of access point is: %x",ACCESS_POINT_VAL);
[17:56:52.866]      __ap = 0; //lets make sure we reset the access point selection
[17:56:52.866]        // -> [__ap <= 0x00000000]
[17:56:52.867]    </block>
[17:56:52.867]  </sequence>
[17:56:52.867]  
[17:56:52.885]  **********  Sequence "DebugDeviceUnlock"  (Context="Connect", Pname="", info="")
[17:56:52.885]  
[17:56:52.885]  <debugvars>
[17:56:52.885]    // Pre-defined
[17:56:52.885]    __protocol=0x00010002      (Protocol="SWD", SWJ-DP="True")
[17:56:52.885]    __connection=0x00000202    (Connection Type="Flash", Reset Type="System Reset")
[17:56:52.885]    __dp=0x00000000
[17:56:52.885]    __ap=0x00000000
[17:56:52.890]    __traceout=0x00000000      (Trace Disabled)
[17:56:52.890]    __errorcontrol=0x00000000  (Skip Errors="False")
[17:56:52.890]    __FlashAddr=0x00000000
[17:56:52.890]    __FlashLen=0x00000000
[17:56:52.890]    __FlashArg=0x00000000
[17:56:52.890]    __FlashOp=0x00000000
[17:56:52.890]    __Result=0x00000000
[17:56:52.890]  </debugvars>
[17:56:52.890]  
[17:56:52.890]  <sequence name="DebugDeviceUnlock" Pname="" disable="false" info="">
[17:56:52.890]    <block atomic="false" info="">
[17:56:52.890]      __var deviceID = 0;
[17:56:52.890]        // -> [deviceID <= 0x00000000]
[17:56:52.890]      __var version = 0;
[17:56:52.890]        // -> [version <= 0x00000000]
[17:56:52.890]      __var partNum = 0;
[17:56:52.890]        // -> [partNum <= 0x00000000]
[17:56:52.890]      __var manuf = 0;
[17:56:52.890]        // -> [manuf <= 0x00000000]
[17:56:52.890]      __var isMSPM0G1X0X_G3X0X = 0;
[17:56:52.890]        // -> [isMSPM0G1X0X_G3X0X <= 0x00000000]
[17:56:52.890]      __var isProduction = 0;
[17:56:52.890]        // -> [isProduction <= 0x00000000]
[17:56:52.890]      __var continueId = 0;
[17:56:52.890]        // -> [continueId <= 0x00000000]
[17:56:52.892]      deviceID =   Read32(0x41C40004);
[17:56:52.895]        // -> [Read32(0x41C40004) => 0x2BB8802F]   (__dp=0x00000000, __ap=0x00000000)
[17:56:52.895]        // -> [deviceID <= 0x2BB8802F]
[17:56:52.895]      version = deviceID >> 28;
[17:56:52.895]        // -> [version <= 0x00000002]
[17:56:52.895]      partNum = (deviceID & 0x0FFFF000) >> 12;
[17:56:52.895]        // -> [partNum <= 0x0000BB88]
[17:56:52.895]      manuf = (deviceID & 0x00000FFE) >> 1;
[17:56:52.895]        // -> [manuf <= 0x00000017]
[17:56:52.895]      isMSPM0G1X0X_G3X0X = (partNum == 0xBB88) && (manuf == 0x17);
[17:56:52.895]        // -> [isMSPM0G1X0X_G3X0X <= 0x00000001]
[17:56:52.895]      isProduction = (version > 0);
[17:56:52.895]        // -> [isProduction <= 0x00000001]
[17:56:52.895]    </block>
[17:56:52.895]    <control if="!isMSPM0G1X0X_G3X0X" while="" timeout="0" info="">
[17:56:52.895]      // if-block "!isMSPM0G1X0X_G3X0X"
[17:56:52.895]        // =>  FALSE
[17:56:52.895]      // skip if-block "!isMSPM0G1X0X_G3X0X"
[17:56:52.895]    </control>
[17:56:52.895]    <control if="continueId == 4" while="" timeout="0" info="">
[17:56:52.895]      // if-block "continueId == 4"
[17:56:52.895]        // =>  FALSE
[17:56:52.895]      // skip if-block "continueId == 4"
[17:56:52.895]    </control>
[17:56:52.895]    <control if="!isProduction" while="" timeout="0" info="">
[17:56:52.895]      // if-block "!isProduction"
[17:56:52.895]        // =>  FALSE
[17:56:52.895]      // skip if-block "!isProduction"
[17:56:52.895]    </control>
[17:56:52.895]  </sequence>
[17:56:52.895]  
[17:57:14.165]  **********  Sequence "DebugPortSetup"  (Context="Connect", Pname="", info="")
[17:57:14.165]  
[17:57:14.165]  <debugvars>
[17:57:14.165]    // Pre-defined
[17:57:14.165]    __protocol=0x00010002      (Protocol="SWD", SWJ-DP="True")
[17:57:14.165]    __connection=0x00000201    (Connection Type="Debug", Reset Type="System Reset")
[17:57:14.165]    __dp=0x00000000
[17:57:14.165]    __ap=0x00000000
[17:57:14.165]    __traceout=0x00000000      (Trace Disabled)
[17:57:14.165]    __errorcontrol=0x00000000  (Skip Errors="False")
[17:57:14.165]    __FlashAddr=0x00000000
[17:57:14.165]    __FlashLen=0x00000000
[17:57:14.165]    __FlashArg=0x00000000
[17:57:14.165]    __FlashOp=0x00000000
[17:57:14.165]    __Result=0x00000000
[17:57:14.165]  </debugvars>
[17:57:14.165]  
[17:57:14.165]  <sequence name="DebugPortSetup" Pname="" disable="false" info="">
[17:57:14.165]    <block atomic="false" info="">
[17:57:14.165]      __var isSWJ      = ((__protocol & 0x00010000) != 0);
[17:57:14.165]        // -> [isSWJ <= 0x00000001]
[17:57:14.165]      __var hasDormant = __protocol & 0x00020000;
[17:57:14.165]        // -> [hasDormant <= 0x00000000]
[17:57:14.170]      __var protType   = __protocol & 0x0000FFFF;
[17:57:14.170]        // -> [protType <= 0x00000002]
[17:57:14.170]    </block>
[17:57:14.170]    <control if="protType == 1" while="" timeout="0" info="">
[17:57:14.170]      // if-block "protType == 1"
[17:57:14.171]        // =>  FALSE
[17:57:14.171]      // skip if-block "protType == 1"
[17:57:14.171]    </control>
[17:57:14.171]    <control if="protType == 2" while="" timeout="0" info="">
[17:57:14.171]      // if-block "protType == 2"
[17:57:14.171]        // =>  TRUE
[17:57:14.171]      <control if="isSWJ" while="" timeout="0" info="">
[17:57:14.171]        // if-block "isSWJ"
[17:57:14.171]          // =>  TRUE
[17:57:14.171]        <control if="hasDormant" while="" timeout="0" info="">
[17:57:14.171]          // if-block "hasDormant"
[17:57:14.171]            // =>  FALSE
[17:57:14.171]          // skip if-block "hasDormant"
[17:57:14.171]        </control>
[17:57:14.171]        <control if="!hasDormant" while="" timeout="0" info="">
[17:57:14.171]          // if-block "!hasDormant"
[17:57:14.171]            // =>  TRUE
[17:57:14.171]          <block atomic="false" info="">
[17:57:14.171]            DAP_SWJ_Sequence(51, 0x0007FFFFFFFFFFFF); //lets put the JTAG line in a reset state
[17:57:14.171]              // -> [DAP_SWJ_Sequence(51, 0x0007FFFFFFFFFFFF)]
[17:57:14.171]            DAP_SWJ_Sequence(16,0xE73C); //SWD to JTAG, this is to ensure the state machine is initialized
[17:57:14.176]              // -> [DAP_SWJ_Sequence(16, 0x000000000000E73C)]
[17:57:14.176]            DAP_SWJ_Sequence(51, 0x0007FFFFFFFFFFFF); //Put it back in reset
[17:57:14.176]              // -> [DAP_SWJ_Sequence(51, 0x0007FFFFFFFFFFFF)]
[17:57:14.176]            DAP_SWJ_Sequence(16, 0xE79E); //JTAG to SWD switch
[17:57:14.176]              // -> [DAP_SWJ_Sequence(16, 0x000000000000E79E)]
[17:57:14.176]            DAP_SWJ_Sequence(51, 0x0007FFFFFFFFFFFF);  //Ensure the switch is successful 
[17:57:14.181]              // -> [DAP_SWJ_Sequence(51, 0x0007FFFFFFFFFFFF)]
[17:57:14.181]            DAP_SWJ_Sequence(7,  0x00); //Give the line some time to initialize
[17:57:14.181]              // -> [DAP_SWJ_Sequence(7, 0x0000000000000000)]
[17:57:14.181]          </block>
[17:57:14.181]          // end if-block "!hasDormant"
[17:57:14.181]        </control>
[17:57:14.181]        // end if-block "isSWJ"
[17:57:14.181]      </control>
[17:57:14.181]      <control if="!isSWJ" while="" timeout="0" info="">
[17:57:14.181]        // if-block "!isSWJ"
[17:57:14.181]          // =>  FALSE
[17:57:14.181]        // skip if-block "!isSWJ"
[17:57:14.181]      </control>
[17:57:14.181]      <block atomic="false" info="">
[17:57:14.181]        ReadDP(0x0);
[17:57:14.186]          // -> [ReadDP(0x00000000) => 0x6BA02477]   (__dp=0x00000000)
[17:57:14.186]      </block>
[17:57:14.186]      // end if-block "protType == 2"
[17:57:14.186]    </control>
[17:57:14.186]  </sequence>
[17:57:14.186]  
[17:57:41.778]  **********  Sequence "DebugPortSetup"  (Context="Connect", Pname="", info="")
[17:57:41.778]  
[17:57:41.778]  <debugvars>
[17:57:41.778]    // Pre-defined
[17:57:41.778]    __protocol=0x00010002      (Protocol="SWD", SWJ-DP="True")
[17:57:41.778]    __connection=0x00000202    (Connection Type="Flash", Reset Type="System Reset")
[17:57:41.778]    __dp=0x00000000
[17:57:41.778]    __ap=0x00000000
[17:57:41.778]    __traceout=0x00000000      (Trace Disabled)
[17:57:41.778]    __errorcontrol=0x00000000  (Skip Errors="False")
[17:57:41.778]    __FlashAddr=0x00000000
[17:57:41.778]    __FlashLen=0x00000000
[17:57:41.778]    __FlashArg=0x00000000
[17:57:41.778]    __FlashOp=0x00000000
[17:57:41.778]    __Result=0x00000000
[17:57:41.778]  </debugvars>
[17:57:41.778]  
[17:57:41.778]  <sequence name="DebugPortSetup" Pname="" disable="false" info="">
[17:57:41.778]    <block atomic="false" info="">
[17:57:41.778]      __var isSWJ      = ((__protocol & 0x00010000) != 0);
[17:57:41.778]        // -> [isSWJ <= 0x00000001]
[17:57:41.778]      __var hasDormant = __protocol & 0x00020000;
[17:57:41.778]        // -> [hasDormant <= 0x00000000]
[17:57:41.778]      __var protType   = __protocol & 0x0000FFFF;
[17:57:41.778]        // -> [protType <= 0x00000002]
[17:57:41.778]    </block>
[17:57:41.778]    <control if="protType == 1" while="" timeout="0" info="">
[17:57:41.778]      // if-block "protType == 1"
[17:57:41.778]        // =>  FALSE
[17:57:41.778]      // skip if-block "protType == 1"
[17:57:41.778]    </control>
[17:57:41.778]    <control if="protType == 2" while="" timeout="0" info="">
[17:57:41.778]      // if-block "protType == 2"
[17:57:41.778]        // =>  TRUE
[17:57:41.778]      <control if="isSWJ" while="" timeout="0" info="">
[17:57:41.778]        // if-block "isSWJ"
[17:57:41.778]          // =>  TRUE
[17:57:41.778]        <control if="hasDormant" while="" timeout="0" info="">
[17:57:41.778]          // if-block "hasDormant"
[17:57:41.778]            // =>  FALSE
[17:57:41.778]          // skip if-block "hasDormant"
[17:57:41.778]        </control>
[17:57:41.778]        <control if="!hasDormant" while="" timeout="0" info="">
[17:57:41.778]          // if-block "!hasDormant"
[17:57:41.778]            // =>  TRUE
[17:57:41.778]          <block atomic="false" info="">
[17:57:41.778]            DAP_SWJ_Sequence(51, 0x0007FFFFFFFFFFFF); //lets put the JTAG line in a reset state
[17:57:41.782]              // -> [DAP_SWJ_Sequence(51, 0x0007FFFFFFFFFFFF)]
[17:57:41.782]            DAP_SWJ_Sequence(16,0xE73C); //SWD to JTAG, this is to ensure the state machine is initialized
[17:57:41.784]              // -> [DAP_SWJ_Sequence(16, 0x000000000000E73C)]
[17:57:41.784]            DAP_SWJ_Sequence(51, 0x0007FFFFFFFFFFFF); //Put it back in reset
[17:57:41.784]              // -> [DAP_SWJ_Sequence(51, 0x0007FFFFFFFFFFFF)]
[17:57:41.784]            DAP_SWJ_Sequence(16, 0xE79E); //JTAG to SWD switch
[17:57:41.788]              // -> [DAP_SWJ_Sequence(16, 0x000000000000E79E)]
[17:57:41.788]            DAP_SWJ_Sequence(51, 0x0007FFFFFFFFFFFF);  //Ensure the switch is successful 
[17:57:41.788]              // -> [DAP_SWJ_Sequence(51, 0x0007FFFFFFFFFFFF)]
[17:57:41.788]            DAP_SWJ_Sequence(7,  0x00); //Give the line some time to initialize
[17:57:41.793]              // -> [DAP_SWJ_Sequence(7, 0x0000000000000000)]
[17:57:41.793]          </block>
[17:57:41.793]          // end if-block "!hasDormant"
[17:57:41.793]        </control>
[17:57:41.793]        // end if-block "isSWJ"
[17:57:41.793]      </control>
[17:57:41.793]      <control if="!isSWJ" while="" timeout="0" info="">
[17:57:41.793]        // if-block "!isSWJ"
[17:57:41.793]          // =>  FALSE
[17:57:41.793]        // skip if-block "!isSWJ"
[17:57:41.793]      </control>
[17:57:41.793]      <block atomic="false" info="">
[17:57:41.793]        ReadDP(0x0);
[17:57:41.793]          // -> [ReadDP(0x00000000) => 0x6BA02477]   (__dp=0x00000000)
[17:57:41.793]      </block>
[17:57:41.793]      // end if-block "protType == 2"
[17:57:41.793]    </control>
[17:57:41.793]  </sequence>
[17:57:41.793]  
[17:57:41.801]  **********  Sequence "DebugPortStart"  (Context="Connect", Pname="", info="")
[17:57:41.801]  
[17:57:41.801]  <debugvars>
[17:57:41.801]    // Pre-defined
[17:57:41.801]    __protocol=0x00010002      (Protocol="SWD", SWJ-DP="True")
[17:57:41.801]    __connection=0x00000202    (Connection Type="Flash", Reset Type="System Reset")
[17:57:41.801]    __dp=0x00000000
[17:57:41.801]    __ap=0x00000000
[17:57:41.801]    __traceout=0x00000000      (Trace Disabled)
[17:57:41.801]    __errorcontrol=0x00000000  (Skip Errors="False")
[17:57:41.801]    __FlashAddr=0x00000000
[17:57:41.801]    __FlashLen=0x00000000
[17:57:41.801]    __FlashArg=0x00000000
[17:57:41.801]    __FlashOp=0x00000000
[17:57:41.801]    __Result=0x00000000
[17:57:41.801]  </debugvars>
[17:57:41.801]  
[17:57:41.801]  <sequence name="DebugPortStart" Pname="" disable="false" info="">
[17:57:41.801]    <block atomic="false" info="">
[17:57:41.801]      __var SW_DP_ABORT       = 0x0;
[17:57:41.801]        // -> [SW_DP_ABORT <= 0x00000000]
[17:57:41.801]      __var DP_CTRL_STAT      = 0x4;
[17:57:41.801]        // -> [DP_CTRL_STAT <= 0x00000004]
[17:57:41.801]      __var DP_SELECT         = 0x8;
[17:57:41.801]        // -> [DP_SELECT <= 0x00000008]
[17:57:41.801]      __var powered_down      = 0;
[17:57:41.801]        // -> [powered_down <= 0x00000000]
[17:57:41.801]      WriteDP(DP_SELECT, 0x00000000);
[17:57:41.803]        // -> [WriteDP(0x00000008, 0x00000000)]   (__dp=0x00000000)
[17:57:41.803]      powered_down = ((ReadDP(DP_CTRL_STAT) & 0xA0000000) != 0xA0000000);
[17:57:41.803]        // -> [ReadDP(0x00000004) => 0x00000040]   (__dp=0x00000000)
[17:57:41.803]        // -> [powered_down <= 0x00000001]
[17:57:41.803]    </block>
[17:57:41.803]    <control if="powered_down" while="" timeout="0" info="">
[17:57:41.803]      // if-block "powered_down"
[17:57:41.803]        // =>  TRUE
[17:57:41.803]      <block atomic="false" info="">
[17:57:41.803]        Message(0, "Debug/System power-up request sent");
[17:57:41.803]        WriteDP(DP_CTRL_STAT, 0x50000000);
[17:57:41.808]          // -> [WriteDP(0x00000004, 0x50000000)]   (__dp=0x00000000)
[17:57:41.808]      </block>
[17:57:41.808]      <control if="" while="(ReadDP(DP_CTRL_STAT) & 0xA0000000) != 0xA0000000" timeout="1000000" info="">
[17:57:41.808]        // while "(ReadDP(DP_CTRL_STAT) & 0xA0000000) != 0xA0000000"  (timeout="1000000")
[17:57:41.808]          // -> [ReadDP(0x00000004) => 0xF0000040]   (__dp=0x00000000)
[17:57:41.808]        // while-condition  =>  FALSE
[17:57:41.808]        // end while "(ReadDP(DP_CTRL_STAT) & 0xA0000000) != 0xA0000000"
[17:57:41.808]      </control>
[17:57:41.808]      <control if="(__protocol & 0xFFFF) == 1" while="" timeout="0" info="">
[17:57:41.808]        // if-block "(__protocol & 0xFFFF) == 1"
[17:57:41.808]          // =>  FALSE
[17:57:41.808]        // skip if-block "(__protocol & 0xFFFF) == 1"
[17:57:41.808]      </control>
[17:57:41.808]      <control if="(__protocol & 0xFFFF) == 2" while="" timeout="0" info="">
[17:57:41.808]        // if-block "(__protocol & 0xFFFF) == 2"
[17:57:41.808]          // =>  TRUE
[17:57:41.808]        <block atomic="false" info="">
[17:57:41.808]          Message(0, "executing SWD power up");
[17:57:41.814]          WriteDP(DP_CTRL_STAT, 0x50000F00);
[17:57:41.814]            // -> [WriteDP(0x00000004, 0x50000F00)]   (__dp=0x00000000)
[17:57:41.814]          WriteDP(SW_DP_ABORT, 0x0000001E);
[17:57:41.819]            // -> [WriteDP(0x00000000, 0x0000001E)]   (__dp=0x00000000)
[17:57:41.819]        </block>
[17:57:41.819]        // end if-block "(__protocol & 0xFFFF) == 2"
[17:57:41.819]      </control>
[17:57:41.819]      // end if-block "powered_down"
[17:57:41.819]    </control>
[17:57:41.819]    <block atomic="false" info="">
[17:57:41.819]      __var DEBUG_PORT_VAL    = 0;
[17:57:41.819]        // -> [DEBUG_PORT_VAL <= 0x00000000]
[17:57:41.819]      __var ACCESS_POINT_VAL  = 0;
[17:57:41.819]        // -> [ACCESS_POINT_VAL <= 0x00000000]
[17:57:41.819]      __ap = 1; 
[17:57:41.819]        // -> [__ap <= 0x00000001]
[17:57:41.819]      WriteAP(0x0C, 0x04); //lets use the mini pwr-ap as backup
[17:57:41.824]        // -> [WriteAP(0x0000000C, 0x00000004)]   (__dp=0x00000000, __ap=0x00000001)
[17:57:41.824]      __ap = 4;
[17:57:41.824]        // -> [__ap <= 0x00000004]
[17:57:41.824]      ACCESS_POINT_VAL = ReadAP(0x00);//Reading current state of access point
[17:57:41.828]        // -> [ReadAP(0x00000000) => 0x00080027]   (__dp=0x00000000, __ap=0x00000004)
[17:57:41.828]        // -> [ACCESS_POINT_VAL <= 0x00080027]
[17:57:41.828]      Message(0, "Current state of access point is: %x",ACCESS_POINT_VAL);
[17:57:41.829]    </block>
[17:57:41.829]    <block atomic="false" info="">
[17:57:41.829]      __var nReset = 0x80;
[17:57:41.829]        // -> [nReset <= 0x00000080]
[17:57:41.829]      __var canReadPins = 0;
[17:57:41.829]        // -> [canReadPins <= 0x00000000]
[17:57:41.829]      canReadPins = (DAP_SWJ_Pins(0x00, nReset, 0) != 0xFFFFFFFF);
[17:57:41.832]        // -> [DAP_SWJ_Pins(0x00, 0x80, 0) => 0x0F]   (Out: nRESET=0  =>  In: SWCLK/TCK=1, SWDIO/TMS=1, TDI=1, TDO=1, nTRST=0, nRESET=0)
[17:57:41.832]        // -> [canReadPins <= 0x00000001]
[17:57:41.832]    </block>
[17:57:41.832]    <control if="" while="1" timeout="200" info="">
[17:57:41.832]      // while "1"  (timeout="200")
[17:57:41.832]      // while-condition  =>  TRUE
[17:57:41.832]      // while "1"  (timeout="200")
[17:57:41.832]      // while-condition  =>  TRUE
[17:57:41.832]      // while "1"  (timeout="200")
[17:57:41.832]      // while-condition  =>  TRUE
[17:57:41.832]      // while "1"  (timeout="200")
[17:57:41.832]      // while-condition  =>  TRUE
[17:57:41.832]      // while "1"  (timeout="200")
[17:57:41.832]      // while-condition  =>  TRUE
[17:57:41.832]      // while "1"  (timeout="200")
[17:57:41.832]      // while-condition  =>  TRUE
[17:57:41.832]      // while "1"  (timeout="200")
[17:57:41.832]      // while-condition  =>  TRUE
[17:57:41.832]      // while "1"  (timeout="200")
[17:57:41.832]      // while-condition  =>  TRUE
[17:57:41.832]      // while "1"  (timeout="200")
[17:57:41.832]      // while-condition  =>  TRUE
[17:57:41.832]      // while "1"  (timeout="200")
[17:57:41.832]      // while-condition  =>  TRUE
[17:57:41.832]      // while "1"  (timeout="200")
[17:57:41.832]      // while-condition  =>  TRUE
[17:57:41.832]      // while "1"  (timeout="200")
[17:57:41.832]      // while-condition  =>  TRUE
[17:57:41.832]      // while "1"  (timeout="200")
[17:57:41.832]      // while-condition  =>  TRUE
[17:57:41.832]      // while "1"  (timeout="200")
[17:57:41.832]      // while-condition  =>  TRUE
[17:57:41.832]      // while "1"  (timeout="200")
[17:57:41.832]      // while-condition  =>  TRUE
[17:57:41.832]      // while "1"  (timeout="200")
[17:57:41.832]      // while-condition  =>  TRUE
[17:57:41.832]      // while "1"  (timeout="200")
[17:57:41.832]      // while-condition  =>  TRUE
[17:57:41.832]      // while "1"  (timeout="200")
[17:57:41.832]      // while-condition  =>  TRUE
[17:57:41.832]      // while "1"  (timeout="200")
[17:57:41.832]      // while-condition  =>  TRUE
[17:57:41.832]      // while "1"  (timeout="200")
[17:57:41.832]      // while-condition  =>  TRUE
[17:57:41.832]      // while "1"  (timeout="200")
[17:57:41.832]      // while-condition  =>  TRUE
[17:57:41.832]      // while "1"  (timeout="200")
[17:57:41.832]      // while-condition  =>  TRUE
[17:57:41.832]      // while "1"  (timeout="200")
[17:57:41.832]      // while-condition  =>  TRUE
[17:57:41.832]      // while "1"  (timeout="200")
[17:57:41.832]      // while-condition  =>  TRUE
[17:57:41.832]      // while "1"  (timeout="200")
[17:57:41.832]      // while-condition  =>  TRUE
[17:57:41.832]      // while "1"  (timeout="200")
[17:57:41.832]      // while-condition  =>  TRUE
[17:57:41.832]      // while "1"  (timeout="200")
[17:57:41.832]      // while-condition  =>  TRUE
[17:57:41.832]      // while "1"  (timeout="200")
[17:57:41.832]      // while-condition  =>  TRUE
[17:57:41.832]      // while "1"  (timeout="200")
[17:57:41.832]      // while-condition  =>  TRUE
[17:57:41.832]      // while "1"  (timeout="200")
[17:57:41.832]      // while-condition  =>  TRUE
[17:57:41.832]      // while "1"  (timeout="200")
[17:57:41.832]      // while-condition  =>  TRUE
[17:57:41.832]      // while "1"  (timeout="200")
[17:57:41.832]      // while-condition  =>  TRUE
[17:57:41.832]      // while "1"  (timeout="200")
[17:57:41.832]      // while-condition  =>  TRUE
[17:57:41.832]      // while "1"  (timeout="200")
[17:57:41.832]      // while-condition  =>  TRUE
[17:57:41.832]      // while "1"  (timeout="200")
[17:57:41.832]      // while-condition  =>  TRUE
[17:57:41.832]      // while "1"  (timeout="200")
[17:57:41.832]      // while-condition  =>  TRUE
[17:57:41.832]      // while "1"  (timeout="200")
[17:57:41.832]      // while-condition  =>  TRUE
[17:57:41.832]      // while "1"  (timeout="200")
[17:57:41.832]      // while-condition  =>  TRUE
[17:57:41.832]      // while "1"  (timeout="200")
[17:57:41.832]      // while-condition  =>  TRUE
[17:57:41.832]      // while "1"  (timeout="200")
[17:57:41.832]      // while-condition  =>  TRUE
[17:57:41.832]      // while "1"  (timeout="200")
[17:57:41.832]      // while-condition  =>  TRUE
[17:57:41.832]      // while "1"  (timeout="200")
[17:57:41.832]      // while-condition  =>  TRUE
[17:57:41.832]      // while "1"  (timeout="200")
[17:57:41.832]      // while-condition  =>  TRUE
[17:57:41.832]      // while "1"  (timeout="200")
[17:57:41.832]      // while-condition  =>  TRUE
[17:57:41.832]      // while "1"  (timeout="200")
[17:57:41.832]      // while-condition  =>  TRUE
[17:57:41.832]      // while "1"  (timeout="200")
[17:57:41.832]      // while-condition  =>  TRUE
[17:57:41.837]      // while "1"  (timeout="200")
[17:57:41.837]      // while  =>  TIMEOUT
[17:57:41.837]      // end while "1"
[17:57:41.837]    </control>
[17:57:41.837]    <control if="canReadPins" while="" timeout="0" info="">
[17:57:41.837]      // if-block "canReadPins"
[17:57:41.837]        // =>  TRUE
[17:57:41.837]      <control if="" while="(DAP_SWJ_Pins(nReset, nReset, 0) & nReset) == 0" timeout="1000000" info="">
[17:57:41.837]        // while "(DAP_SWJ_Pins(nReset, nReset, 0) & nReset) == 0"  (timeout="1000000")
[17:57:41.837]          // -> [DAP_SWJ_Pins(0x80, 0x80, 0) => 0x8F]   (Out: nRESET=1  =>  In: SWCLK/TCK=1, SWDIO/TMS=1, TDI=1, TDO=1, nTRST=0, nRESET=1)
[17:57:41.837]        // while-condition  =>  FALSE
[17:57:41.837]        // end while "(DAP_SWJ_Pins(nReset, nReset, 0) & nReset) == 0"
[17:57:41.837]      </control>
[17:57:41.837]      // end if-block "canReadPins"
[17:57:41.837]    </control>
[17:57:41.837]    <control if="!canReadPins" while="" timeout="0" info="">
[17:57:41.837]      // if-block "!canReadPins"
[17:57:41.837]        // =>  FALSE
[17:57:41.837]      // skip if-block "!canReadPins"
[17:57:41.837]    </control>
[17:57:41.837]    <control if="(ACCESS_POINT_VAL & 0x00E00000) == 0" while="" timeout="0" info="">
[17:57:41.837]      // if-block "(ACCESS_POINT_VAL & 0x00E00000) == 0"
[17:57:41.837]        // =>  TRUE
[17:57:41.837]      <block atomic="false" info="">
[17:57:41.837]        WriteAP(0x00, 0x190008);
[17:57:41.837]          // -> [WriteAP(0x00000000, 0x00190008)]   (__dp=0x00000000, __ap=0x00000004)
[17:57:41.837]        WriteAP(0xF0, 0x01);
[17:57:41.845]          // -> [WriteAP(0x000000F0, 0x00000001)]   (__dp=0x00000000, __ap=0x00000004)
[17:57:41.845]      </block>
[17:57:41.845]      // end if-block "(ACCESS_POINT_VAL & 0x00E00000) == 0"
[17:57:41.845]    </control>
[17:57:41.845]    <control if="(ACCESS_POINT_VAL & 0x00E00000) != 0" while="" timeout="0" info="">
[17:57:41.845]      // if-block "(ACCESS_POINT_VAL & 0x00E00000) != 0"
[17:57:41.845]        // =>  FALSE
[17:57:41.845]      // skip if-block "(ACCESS_POINT_VAL & 0x00E00000) != 0"
[17:57:41.845]    </control>
[17:57:41.845]    <block atomic="false" info="">
[17:57:41.845]      ACCESS_POINT_VAL = ReadAP(0x00);//Reading current state of access point
[17:57:41.850]        // -> [ReadAP(0x00000000) => 0x0079002F]   (__dp=0x00000000, __ap=0x00000004)
[17:57:41.850]        // -> [ACCESS_POINT_VAL <= 0x0079002F]
[17:57:41.850]      Message(0, "Current state of access point is: %x",ACCESS_POINT_VAL);
[17:57:41.850]      __ap = 0; //lets make sure we reset the access point selection
[17:57:41.850]        // -> [__ap <= 0x00000000]
[17:57:41.850]    </block>
[17:57:41.850]  </sequence>
[17:57:41.850]  
[17:57:41.872]  **********  Sequence "DebugDeviceUnlock"  (Context="Connect", Pname="", info="")
[17:57:41.872]  
[17:57:41.872]  <debugvars>
[17:57:41.872]    // Pre-defined
[17:57:41.872]    __protocol=0x00010002      (Protocol="SWD", SWJ-DP="True")
[17:57:41.872]    __connection=0x00000202    (Connection Type="Flash", Reset Type="System Reset")
[17:57:41.872]    __dp=0x00000000
[17:57:41.872]    __ap=0x00000000
[17:57:41.872]    __traceout=0x00000000      (Trace Disabled)
[17:57:41.872]    __errorcontrol=0x00000000  (Skip Errors="False")
[17:57:41.872]    __FlashAddr=0x00000000
[17:57:41.872]    __FlashLen=0x00000000
[17:57:41.872]    __FlashArg=0x00000000
[17:57:41.872]    __FlashOp=0x00000000
[17:57:41.872]    __Result=0x00000000
[17:57:41.872]  </debugvars>
[17:57:41.872]  
[17:57:41.872]  <sequence name="DebugDeviceUnlock" Pname="" disable="false" info="">
[17:57:41.872]    <block atomic="false" info="">
[17:57:41.873]      __var deviceID = 0;
[17:57:41.873]        // -> [deviceID <= 0x00000000]
[17:57:41.873]      __var version = 0;
[17:57:41.873]        // -> [version <= 0x00000000]
[17:57:41.873]      __var partNum = 0;
[17:57:41.873]        // -> [partNum <= 0x00000000]
[17:57:41.873]      __var manuf = 0;
[17:57:41.873]        // -> [manuf <= 0x00000000]
[17:57:41.873]      __var isMSPM0G1X0X_G3X0X = 0;
[17:57:41.873]        // -> [isMSPM0G1X0X_G3X0X <= 0x00000000]
[17:57:41.873]      __var isProduction = 0;
[17:57:41.873]        // -> [isProduction <= 0x00000000]
[17:57:41.873]      __var continueId = 0;
[17:57:41.873]        // -> [continueId <= 0x00000000]
[17:57:41.873]      deviceID =   Read32(0x41C40004);
[17:57:41.876]        // -> [Read32(0x41C40004) => 0x2BB8802F]   (__dp=0x00000000, __ap=0x00000000)
[17:57:41.876]        // -> [deviceID <= 0x2BB8802F]
[17:57:41.876]      version = deviceID >> 28;
[17:57:41.876]        // -> [version <= 0x00000002]
[17:57:41.876]      partNum = (deviceID & 0x0FFFF000) >> 12;
[17:57:41.876]        // -> [partNum <= 0x0000BB88]
[17:57:41.876]      manuf = (deviceID & 0x00000FFE) >> 1;
[17:57:41.876]        // -> [manuf <= 0x00000017]
[17:57:41.876]      isMSPM0G1X0X_G3X0X = (partNum == 0xBB88) && (manuf == 0x17);
[17:57:41.876]        // -> [isMSPM0G1X0X_G3X0X <= 0x00000001]
[17:57:41.876]      isProduction = (version > 0);
[17:57:41.876]        // -> [isProduction <= 0x00000001]
[17:57:41.876]    </block>
[17:57:41.876]    <control if="!isMSPM0G1X0X_G3X0X" while="" timeout="0" info="">
[17:57:41.876]      // if-block "!isMSPM0G1X0X_G3X0X"
[17:57:41.876]        // =>  FALSE
[17:57:41.876]      // skip if-block "!isMSPM0G1X0X_G3X0X"
[17:57:41.876]    </control>
[17:57:41.881]    <control if="continueId == 4" while="" timeout="0" info="">
[17:57:41.881]      // if-block "continueId == 4"
[17:57:41.881]        // =>  FALSE
[17:57:41.881]      // skip if-block "continueId == 4"
[17:57:41.881]    </control>
[17:57:41.881]    <control if="!isProduction" while="" timeout="0" info="">
[17:57:41.881]      // if-block "!isProduction"
[17:57:41.881]        // =>  FALSE
[17:57:41.881]      // skip if-block "!isProduction"
[17:57:41.881]    </control>
[17:57:41.881]  </sequence>
[17:57:41.881]  
[17:58:23.405]  **********  Sequence "DebugPortSetup"  (Context="Connect", Pname="", info="")
[17:58:23.405]  
[17:58:23.405]  <debugvars>
[17:58:23.405]    // Pre-defined
[17:58:23.405]    __protocol=0x00010002      (Protocol="SWD", SWJ-DP="True")
[17:58:23.405]    __connection=0x00000202    (Connection Type="Flash", Reset Type="System Reset")
[17:58:23.405]    __dp=0x00000000
[17:58:23.405]    __ap=0x00000000
[17:58:23.405]    __traceout=0x00000000      (Trace Disabled)
[17:58:23.405]    __errorcontrol=0x00000000  (Skip Errors="False")
[17:58:23.405]    __FlashAddr=0x00000000
[17:58:23.405]    __FlashLen=0x00000000
[17:58:23.405]    __FlashArg=0x00000000
[17:58:23.405]    __FlashOp=0x00000000
[17:58:23.405]    __Result=0x00000000
[17:58:23.405]  </debugvars>
[17:58:23.405]  
[17:58:23.405]  <sequence name="DebugPortSetup" Pname="" disable="false" info="">
[17:58:23.410]    <block atomic="false" info="">
[17:58:23.410]      __var isSWJ      = ((__protocol & 0x00010000) != 0);
[17:58:23.410]        // -> [isSWJ <= 0x00000001]
[17:58:23.410]      __var hasDormant = __protocol & 0x00020000;
[17:58:23.410]        // -> [hasDormant <= 0x00000000]
[17:58:23.410]      __var protType   = __protocol & 0x0000FFFF;
[17:58:23.410]        // -> [protType <= 0x00000002]
[17:58:23.410]    </block>
[17:58:23.410]    <control if="protType == 1" while="" timeout="0" info="">
[17:58:23.410]      // if-block "protType == 1"
[17:58:23.410]        // =>  FALSE
[17:58:23.410]      // skip if-block "protType == 1"
[17:58:23.410]    </control>
[17:58:23.410]    <control if="protType == 2" while="" timeout="0" info="">
[17:58:23.410]      // if-block "protType == 2"
[17:58:23.410]        // =>  TRUE
[17:58:23.410]      <control if="isSWJ" while="" timeout="0" info="">
[17:58:23.410]        // if-block "isSWJ"
[17:58:23.410]          // =>  TRUE
[17:58:23.410]        <control if="hasDormant" while="" timeout="0" info="">
[17:58:23.410]          // if-block "hasDormant"
[17:58:23.410]            // =>  FALSE
[17:58:23.410]          // skip if-block "hasDormant"
[17:58:23.410]        </control>
[17:58:23.410]        <control if="!hasDormant" while="" timeout="0" info="">
[17:58:23.410]          // if-block "!hasDormant"
[17:58:23.410]            // =>  TRUE
[17:58:23.410]          <block atomic="false" info="">
[17:58:23.410]            DAP_SWJ_Sequence(51, 0x0007FFFFFFFFFFFF); //lets put the JTAG line in a reset state
[17:58:23.410]              // -> [DAP_SWJ_Sequence(51, 0x0007FFFFFFFFFFFF)]
[17:58:23.410]            DAP_SWJ_Sequence(16,0xE73C); //SWD to JTAG, this is to ensure the state machine is initialized
[17:58:23.415]              // -> [DAP_SWJ_Sequence(16, 0x000000000000E73C)]
[17:58:23.415]            DAP_SWJ_Sequence(51, 0x0007FFFFFFFFFFFF); //Put it back in reset
[17:58:23.415]              // -> [DAP_SWJ_Sequence(51, 0x0007FFFFFFFFFFFF)]
[17:58:23.415]            DAP_SWJ_Sequence(16, 0xE79E); //JTAG to SWD switch
[17:58:23.415]              // -> [DAP_SWJ_Sequence(16, 0x000000000000E79E)]
[17:58:23.415]            DAP_SWJ_Sequence(51, 0x0007FFFFFFFFFFFF);  //Ensure the switch is successful 
[17:58:23.421]              // -> [DAP_SWJ_Sequence(51, 0x0007FFFFFFFFFFFF)]
[17:58:23.421]            DAP_SWJ_Sequence(7,  0x00); //Give the line some time to initialize
[17:58:23.423]              // -> [DAP_SWJ_Sequence(7, 0x0000000000000000)]
[17:58:23.423]          </block>
[17:58:23.423]          // end if-block "!hasDormant"
[17:58:23.423]        </control>
[17:58:23.423]        // end if-block "isSWJ"
[17:58:23.423]      </control>
[17:58:23.423]      <control if="!isSWJ" while="" timeout="0" info="">
[17:58:23.423]        // if-block "!isSWJ"
[17:58:23.423]          // =>  FALSE
[17:58:23.423]        // skip if-block "!isSWJ"
[17:58:23.423]      </control>
[17:58:23.424]      <block atomic="false" info="">
[17:58:23.424]        ReadDP(0x0);
[17:58:23.427]          // -> [ReadDP(0x00000000) => 0x6BA02477]   (__dp=0x00000000)
[17:58:23.427]      </block>
[17:58:23.427]      // end if-block "protType == 2"
[17:58:23.427]    </control>
[17:58:23.427]  </sequence>
[17:58:23.428]  
[17:58:23.430]  **********  Sequence "DebugPortStart"  (Context="Connect", Pname="", info="")
[17:58:23.430]  
[17:58:23.430]  <debugvars>
[17:58:23.430]    // Pre-defined
[17:58:23.430]    __protocol=0x00010002      (Protocol="SWD", SWJ-DP="True")
[17:58:23.430]    __connection=0x00000202    (Connection Type="Flash", Reset Type="System Reset")
[17:58:23.430]    __dp=0x00000000
[17:58:23.430]    __ap=0x00000000
[17:58:23.430]    __traceout=0x00000000      (Trace Disabled)
[17:58:23.430]    __errorcontrol=0x00000000  (Skip Errors="False")
[17:58:23.430]    __FlashAddr=0x00000000
[17:58:23.430]    __FlashLen=0x00000000
[17:58:23.430]    __FlashArg=0x00000000
[17:58:23.430]    __FlashOp=0x00000000
[17:58:23.430]    __Result=0x00000000
[17:58:23.430]  </debugvars>
[17:58:23.430]  
[17:58:23.430]  <sequence name="DebugPortStart" Pname="" disable="false" info="">
[17:58:23.430]    <block atomic="false" info="">
[17:58:23.430]      __var SW_DP_ABORT       = 0x0;
[17:58:23.436]        // -> [SW_DP_ABORT <= 0x00000000]
[17:58:23.436]      __var DP_CTRL_STAT      = 0x4;
[17:58:23.436]        // -> [DP_CTRL_STAT <= 0x00000004]
[17:58:23.436]      __var DP_SELECT         = 0x8;
[17:58:23.436]        // -> [DP_SELECT <= 0x00000008]
[17:58:23.436]      __var powered_down      = 0;
[17:58:23.436]        // -> [powered_down <= 0x00000000]
[17:58:23.436]      WriteDP(DP_SELECT, 0x00000000);
[17:58:23.438]        // -> [WriteDP(0x00000008, 0x00000000)]   (__dp=0x00000000)
[17:58:23.438]      powered_down = ((ReadDP(DP_CTRL_STAT) & 0xA0000000) != 0xA0000000);
[17:58:23.439]        // -> [ReadDP(0x00000004) => 0x00000040]   (__dp=0x00000000)
[17:58:23.439]        // -> [powered_down <= 0x00000001]
[17:58:23.439]    </block>
[17:58:23.439]    <control if="powered_down" while="" timeout="0" info="">
[17:58:23.439]      // if-block "powered_down"
[17:58:23.439]        // =>  TRUE
[17:58:23.439]      <block atomic="false" info="">
[17:58:23.441]        Message(0, "Debug/System power-up request sent");
[17:58:23.443]        WriteDP(DP_CTRL_STAT, 0x50000000);
[17:58:23.443]          // -> [WriteDP(0x00000004, 0x50000000)]   (__dp=0x00000000)
[17:58:23.443]      </block>
[17:58:23.443]      <control if="" while="(ReadDP(DP_CTRL_STAT) & 0xA0000000) != 0xA0000000" timeout="1000000" info="">
[17:58:23.443]        // while "(ReadDP(DP_CTRL_STAT) & 0xA0000000) != 0xA0000000"  (timeout="1000000")
[17:58:23.443]          // -> [ReadDP(0x00000004) => 0xF0000040]   (__dp=0x00000000)
[17:58:23.443]        // while-condition  =>  FALSE
[17:58:23.443]        // end while "(ReadDP(DP_CTRL_STAT) & 0xA0000000) != 0xA0000000"
[17:58:23.443]      </control>
[17:58:23.443]      <control if="(__protocol & 0xFFFF) == 1" while="" timeout="0" info="">
[17:58:23.443]        // if-block "(__protocol & 0xFFFF) == 1"
[17:58:23.443]          // =>  FALSE
[17:58:23.443]        // skip if-block "(__protocol & 0xFFFF) == 1"
[17:58:23.443]      </control>
[17:58:23.443]      <control if="(__protocol & 0xFFFF) == 2" while="" timeout="0" info="">
[17:58:23.443]        // if-block "(__protocol & 0xFFFF) == 2"
[17:58:23.443]          // =>  TRUE
[17:58:23.443]        <block atomic="false" info="">
[17:58:23.443]          Message(0, "executing SWD power up");
[17:58:23.443]          WriteDP(DP_CTRL_STAT, 0x50000F00);
[17:58:23.448]            // -> [WriteDP(0x00000004, 0x50000F00)]   (__dp=0x00000000)
[17:58:23.448]          WriteDP(SW_DP_ABORT, 0x0000001E);
[17:58:23.448]            // -> [WriteDP(0x00000000, 0x0000001E)]   (__dp=0x00000000)
[17:58:23.448]        </block>
[17:58:23.448]        // end if-block "(__protocol & 0xFFFF) == 2"
[17:58:23.448]      </control>
[17:58:23.448]      // end if-block "powered_down"
[17:58:23.448]    </control>
[17:58:23.448]    <block atomic="false" info="">
[17:58:23.448]      __var DEBUG_PORT_VAL    = 0;
[17:58:23.448]        // -> [DEBUG_PORT_VAL <= 0x00000000]
[17:58:23.448]      __var ACCESS_POINT_VAL  = 0;
[17:58:23.448]        // -> [ACCESS_POINT_VAL <= 0x00000000]
[17:58:23.448]      __ap = 1; 
[17:58:23.448]        // -> [__ap <= 0x00000001]
[17:58:23.448]      WriteAP(0x0C, 0x04); //lets use the mini pwr-ap as backup
[17:58:23.454]        // -> [WriteAP(0x0000000C, 0x00000004)]   (__dp=0x00000000, __ap=0x00000001)
[17:58:23.454]      __ap = 4;
[17:58:23.454]        // -> [__ap <= 0x00000004]
[17:58:23.454]      ACCESS_POINT_VAL = ReadAP(0x00);//Reading current state of access point
[17:58:23.459]        // -> [ReadAP(0x00000000) => 0x00080027]   (__dp=0x00000000, __ap=0x00000004)
[17:58:23.459]        // -> [ACCESS_POINT_VAL <= 0x00080027]
[17:58:23.459]      Message(0, "Current state of access point is: %x",ACCESS_POINT_VAL);
[17:58:23.459]    </block>
[17:58:23.459]    <block atomic="false" info="">
[17:58:23.459]      __var nReset = 0x80;
[17:58:23.459]        // -> [nReset <= 0x00000080]
[17:58:23.459]      __var canReadPins = 0;
[17:58:23.459]        // -> [canReadPins <= 0x00000000]
[17:58:23.459]      canReadPins = (DAP_SWJ_Pins(0x00, nReset, 0) != 0xFFFFFFFF);
[17:58:23.465]        // -> [DAP_SWJ_Pins(0x00, 0x80, 0) => 0x0F]   (Out: nRESET=0  =>  In: SWCLK/TCK=1, SWDIO/TMS=1, TDI=1, TDO=1, nTRST=0, nRESET=0)
[17:58:23.465]        // -> [canReadPins <= 0x00000001]
[17:58:23.465]    </block>
[17:58:23.465]    <control if="" while="1" timeout="200" info="">
[17:58:23.465]      // while "1"  (timeout="200")
[17:58:23.465]      // while-condition  =>  TRUE
[17:58:23.465]      // while "1"  (timeout="200")
[17:58:23.465]      // while-condition  =>  TRUE
[17:58:23.465]      // while "1"  (timeout="200")
[17:58:23.465]      // while-condition  =>  TRUE
[17:58:23.465]      // while "1"  (timeout="200")
[17:58:23.465]      // while-condition  =>  TRUE
[17:58:23.466]      // while "1"  (timeout="200")
[17:58:23.466]      // while-condition  =>  TRUE
[17:58:23.466]      // while "1"  (timeout="200")
[17:58:23.466]      // while-condition  =>  TRUE
[17:58:23.466]      // while "1"  (timeout="200")
[17:58:23.466]      // while-condition  =>  TRUE
[17:58:23.466]      // while "1"  (timeout="200")
[17:58:23.466]      // while-condition  =>  TRUE
[17:58:23.466]      // while "1"  (timeout="200")
[17:58:23.466]      // while-condition  =>  TRUE
[17:58:23.466]      // while "1"  (timeout="200")
[17:58:23.466]      // while-condition  =>  TRUE
[17:58:23.466]      // while "1"  (timeout="200")
[17:58:23.466]      // while-condition  =>  TRUE
[17:58:23.466]      // while "1"  (timeout="200")
[17:58:23.466]      // while-condition  =>  TRUE
[17:58:23.466]      // while "1"  (timeout="200")
[17:58:23.466]      // while-condition  =>  TRUE
[17:58:23.467]      // while "1"  (timeout="200")
[17:58:23.467]      // while-condition  =>  TRUE
[17:58:23.467]      // while "1"  (timeout="200")
[17:58:23.467]      // while-condition  =>  TRUE
[17:58:23.467]      // while "1"  (timeout="200")
[17:58:23.467]      // while-condition  =>  TRUE
[17:58:23.467]      // while "1"  (timeout="200")
[17:58:23.467]      // while-condition  =>  TRUE
[17:58:23.467]      // while "1"  (timeout="200")
[17:58:23.467]      // while-condition  =>  TRUE
[17:58:23.467]      // while "1"  (timeout="200")
[17:58:23.467]      // while-condition  =>  TRUE
[17:58:23.471]      // while "1"  (timeout="200")
[17:58:23.471]      // while-condition  =>  TRUE
[17:58:23.472]      // while "1"  (timeout="200")
[17:58:23.472]      // while-condition  =>  TRUE
[17:58:23.472]      // while "1"  (timeout="200")
[17:58:23.472]      // while-condition  =>  TRUE
[17:58:23.472]      // while "1"  (timeout="200")
[17:58:23.472]      // while-condition  =>  TRUE
[17:58:23.472]      // while "1"  (timeout="200")
[17:58:23.472]      // while-condition  =>  TRUE
[17:58:23.472]      // while "1"  (timeout="200")
[17:58:23.472]      // while-condition  =>  TRUE
[17:58:23.472]      // while "1"  (timeout="200")
[17:58:23.472]      // while-condition  =>  TRUE
[17:58:23.472]      // while "1"  (timeout="200")
[17:58:23.472]      // while-condition  =>  TRUE
[17:58:23.472]      // while "1"  (timeout="200")
[17:58:23.472]      // while-condition  =>  TRUE
[17:58:23.472]      // while "1"  (timeout="200")
[17:58:23.472]      // while-condition  =>  TRUE
[17:58:23.472]      // while "1"  (timeout="200")
[17:58:23.472]      // while-condition  =>  TRUE
[17:58:23.472]      // while "1"  (timeout="200")
[17:58:23.473]      // while-condition  =>  TRUE
[17:58:23.473]      // while "1"  (timeout="200")
[17:58:23.473]      // while  =>  TIMEOUT
[17:58:23.473]      // end while "1"
[17:58:23.473]    </control>
[17:58:23.473]    <control if="canReadPins" while="" timeout="0" info="">
[17:58:23.473]      // if-block "canReadPins"
[17:58:23.473]        // =>  TRUE
[17:58:23.473]      <control if="" while="(DAP_SWJ_Pins(nReset, nReset, 0) & nReset) == 0" timeout="1000000" info="">
[17:58:23.473]        // while "(DAP_SWJ_Pins(nReset, nReset, 0) & nReset) == 0"  (timeout="1000000")
[17:58:23.474]          // -> [DAP_SWJ_Pins(0x80, 0x80, 0) => 0x8F]   (Out: nRESET=1  =>  In: SWCLK/TCK=1, SWDIO/TMS=1, TDI=1, TDO=1, nTRST=0, nRESET=1)
[17:58:23.474]        // while-condition  =>  FALSE
[17:58:23.474]        // end while "(DAP_SWJ_Pins(nReset, nReset, 0) & nReset) == 0"
[17:58:23.474]      </control>
[17:58:23.474]      // end if-block "canReadPins"
[17:58:23.474]    </control>
[17:58:23.474]    <control if="!canReadPins" while="" timeout="0" info="">
[17:58:23.474]      // if-block "!canReadPins"
[17:58:23.474]        // =>  FALSE
[17:58:23.474]      // skip if-block "!canReadPins"
[17:58:23.474]    </control>
[17:58:23.474]    <control if="(ACCESS_POINT_VAL & 0x00E00000) == 0" while="" timeout="0" info="">
[17:58:23.474]      // if-block "(ACCESS_POINT_VAL & 0x00E00000) == 0"
[17:58:23.474]        // =>  TRUE
[17:58:23.474]      <block atomic="false" info="">
[17:58:23.474]        WriteAP(0x00, 0x190008);
[17:58:23.474]          // -> [WriteAP(0x00000000, 0x00190008)]   (__dp=0x00000000, __ap=0x00000004)
[17:58:23.474]        WriteAP(0xF0, 0x01);
[17:58:23.478]          // -> [WriteAP(0x000000F0, 0x00000001)]   (__dp=0x00000000, __ap=0x00000004)
[17:58:23.478]      </block>
[17:58:23.478]      // end if-block "(ACCESS_POINT_VAL & 0x00E00000) == 0"
[17:58:23.478]    </control>
[17:58:23.478]    <control if="(ACCESS_POINT_VAL & 0x00E00000) != 0" while="" timeout="0" info="">
[17:58:23.478]      // if-block "(ACCESS_POINT_VAL & 0x00E00000) != 0"
[17:58:23.478]        // =>  FALSE
[17:58:23.478]      // skip if-block "(ACCESS_POINT_VAL & 0x00E00000) != 0"
[17:58:23.478]    </control>
[17:58:23.478]    <block atomic="false" info="">
[17:58:23.478]      ACCESS_POINT_VAL = ReadAP(0x00);//Reading current state of access point
[17:58:23.484]        // -> [ReadAP(0x00000000) => 0x0079002F]   (__dp=0x00000000, __ap=0x00000004)
[17:58:23.484]        // -> [ACCESS_POINT_VAL <= 0x0079002F]
[17:58:23.484]      Message(0, "Current state of access point is: %x",ACCESS_POINT_VAL);
[17:58:23.484]      __ap = 0; //lets make sure we reset the access point selection
[17:58:23.484]        // -> [__ap <= 0x00000000]
[17:58:23.484]    </block>
[17:58:23.484]  </sequence>
[17:58:23.484]  
[17:58:23.507]  **********  Sequence "DebugDeviceUnlock"  (Context="Connect", Pname="", info="")
[17:58:23.507]  
[17:58:23.507]  <debugvars>
[17:58:23.507]    // Pre-defined
[17:58:23.507]    __protocol=0x00010002      (Protocol="SWD", SWJ-DP="True")
[17:58:23.507]    __connection=0x00000202    (Connection Type="Flash", Reset Type="System Reset")
[17:58:23.507]    __dp=0x00000000
[17:58:23.507]    __ap=0x00000000
[17:58:23.507]    __traceout=0x00000000      (Trace Disabled)
[17:58:23.507]    __errorcontrol=0x00000000  (Skip Errors="False")
[17:58:23.507]    __FlashAddr=0x00000000
[17:58:23.507]    __FlashLen=0x00000000
[17:58:23.507]    __FlashArg=0x00000000
[17:58:23.507]    __FlashOp=0x00000000
[17:58:23.507]    __Result=0x00000000
[17:58:23.507]  </debugvars>
[17:58:23.507]  
[17:58:23.507]  <sequence name="DebugDeviceUnlock" Pname="" disable="false" info="">
[17:58:23.507]    <block atomic="false" info="">
[17:58:23.507]      __var deviceID = 0;
[17:58:23.507]        // -> [deviceID <= 0x00000000]
[17:58:23.507]      __var version = 0;
[17:58:23.507]        // -> [version <= 0x00000000]
[17:58:23.507]      __var partNum = 0;
[17:58:23.507]        // -> [partNum <= 0x00000000]
[17:58:23.507]      __var manuf = 0;
[17:58:23.507]        // -> [manuf <= 0x00000000]
[17:58:23.507]      __var isMSPM0G1X0X_G3X0X = 0;
[17:58:23.507]        // -> [isMSPM0G1X0X_G3X0X <= 0x00000000]
[17:58:23.507]      __var isProduction = 0;
[17:58:23.507]        // -> [isProduction <= 0x00000000]
[17:58:23.507]      __var continueId = 0;
[17:58:23.507]        // -> [continueId <= 0x00000000]
[17:58:23.507]      deviceID =   Read32(0x41C40004);
[17:58:23.516]        // -> [Read32(0x41C40004) => 0x2BB8802F]   (__dp=0x00000000, __ap=0x00000000)
[17:58:23.516]        // -> [deviceID <= 0x2BB8802F]
[17:58:23.516]      version = deviceID >> 28;
[17:58:23.516]        // -> [version <= 0x00000002]
[17:58:23.516]      partNum = (deviceID & 0x0FFFF000) >> 12;
[17:58:23.516]        // -> [partNum <= 0x0000BB88]
[17:58:23.516]      manuf = (deviceID & 0x00000FFE) >> 1;
[17:58:23.516]        // -> [manuf <= 0x00000017]
[17:58:23.516]      isMSPM0G1X0X_G3X0X = (partNum == 0xBB88) && (manuf == 0x17);
[17:58:23.516]        // -> [isMSPM0G1X0X_G3X0X <= 0x00000001]
[17:58:23.516]      isProduction = (version > 0);
[17:58:23.516]        // -> [isProduction <= 0x00000001]
[17:58:23.516]    </block>
[17:58:23.516]    <control if="!isMSPM0G1X0X_G3X0X" while="" timeout="0" info="">
[17:58:23.516]      // if-block "!isMSPM0G1X0X_G3X0X"
[17:58:23.516]        // =>  FALSE
[17:58:23.516]      // skip if-block "!isMSPM0G1X0X_G3X0X"
[17:58:23.516]    </control>
[17:58:23.516]    <control if="continueId == 4" while="" timeout="0" info="">
[17:58:23.516]      // if-block "continueId == 4"
[17:58:23.516]        // =>  FALSE
[17:58:23.516]      // skip if-block "continueId == 4"
[17:58:23.516]    </control>
[17:58:23.516]    <control if="!isProduction" while="" timeout="0" info="">
[17:58:23.516]      // if-block "!isProduction"
[17:58:23.516]        // =>  FALSE
[17:58:23.516]      // skip if-block "!isProduction"
[17:58:23.516]    </control>
[17:58:23.516]  </sequence>
[17:58:23.518]  
[17:58:36.161]  **********  Sequence "DebugPortSetup"  (Context="Connect", Pname="", info="")
[17:58:36.161]  
[17:58:36.162]  <debugvars>
[17:58:36.162]    // Pre-defined
[17:58:36.162]    __protocol=0x00010002      (Protocol="SWD", SWJ-DP="True")
[17:58:36.162]    __connection=0x00000202    (Connection Type="Flash", Reset Type="System Reset")
[17:58:36.162]    __dp=0x00000000
[17:58:36.162]    __ap=0x00000000
[17:58:36.162]    __traceout=0x00000000      (Trace Disabled)
[17:58:36.162]    __errorcontrol=0x00000000  (Skip Errors="False")
[17:58:36.162]    __FlashAddr=0x00000000
[17:58:36.162]    __FlashLen=0x00000000
[17:58:36.162]    __FlashArg=0x00000000
[17:58:36.162]    __FlashOp=0x00000000
[17:58:36.162]    __Result=0x00000000
[17:58:36.162]  </debugvars>
[17:58:36.162]  
[17:58:36.162]  <sequence name="DebugPortSetup" Pname="" disable="false" info="">
[17:58:36.162]    <block atomic="false" info="">
[17:58:36.162]      __var isSWJ      = ((__protocol & 0x00010000) != 0);
[17:58:36.162]        // -> [isSWJ <= 0x00000001]
[17:58:36.162]      __var hasDormant = __protocol & 0x00020000;
[17:58:36.162]        // -> [hasDormant <= 0x00000000]
[17:58:36.162]      __var protType   = __protocol & 0x0000FFFF;
[17:58:36.162]        // -> [protType <= 0x00000002]
[17:58:36.162]    </block>
[17:58:36.162]    <control if="protType == 1" while="" timeout="0" info="">
[17:58:36.162]      // if-block "protType == 1"
[17:58:36.162]        // =>  FALSE
[17:58:36.162]      // skip if-block "protType == 1"
[17:58:36.162]    </control>
[17:58:36.162]    <control if="protType == 2" while="" timeout="0" info="">
[17:58:36.162]      // if-block "protType == 2"
[17:58:36.162]        // =>  TRUE
[17:58:36.162]      <control if="isSWJ" while="" timeout="0" info="">
[17:58:36.162]        // if-block "isSWJ"
[17:58:36.162]          // =>  TRUE
[17:58:36.162]        <control if="hasDormant" while="" timeout="0" info="">
[17:58:36.162]          // if-block "hasDormant"
[17:58:36.162]            // =>  FALSE
[17:58:36.162]          // skip if-block "hasDormant"
[17:58:36.162]        </control>
[17:58:36.162]        <control if="!hasDormant" while="" timeout="0" info="">
[17:58:36.162]          // if-block "!hasDormant"
[17:58:36.162]            // =>  TRUE
[17:58:36.162]          <block atomic="false" info="">
[17:58:36.162]            DAP_SWJ_Sequence(51, 0x0007FFFFFFFFFFFF); //lets put the JTAG line in a reset state
[17:58:36.165]              // -> [DAP_SWJ_Sequence(51, 0x0007FFFFFFFFFFFF)]
[17:58:36.165]            DAP_SWJ_Sequence(16,0xE73C); //SWD to JTAG, this is to ensure the state machine is initialized
[17:58:36.165]              // -> [DAP_SWJ_Sequence(16, 0x000000000000E73C)]
[17:58:36.165]            DAP_SWJ_Sequence(51, 0x0007FFFFFFFFFFFF); //Put it back in reset
[17:58:36.172]              // -> [DAP_SWJ_Sequence(51, 0x0007FFFFFFFFFFFF)]
[17:58:36.172]            DAP_SWJ_Sequence(16, 0xE79E); //JTAG to SWD switch
[17:58:36.176]              // -> [DAP_SWJ_Sequence(16, 0x000000000000E79E)]
[17:58:36.176]            DAP_SWJ_Sequence(51, 0x0007FFFFFFFFFFFF);  //Ensure the switch is successful 
[17:58:36.179]              // -> [DAP_SWJ_Sequence(51, 0x0007FFFFFFFFFFFF)]
[17:58:36.179]            DAP_SWJ_Sequence(7,  0x00); //Give the line some time to initialize
[17:58:36.180]              // -> [DAP_SWJ_Sequence(7, 0x0000000000000000)]
[17:58:36.180]          </block>
[17:58:36.180]          // end if-block "!hasDormant"
[17:58:36.180]        </control>
[17:58:36.180]        // end if-block "isSWJ"
[17:58:36.180]      </control>
[17:58:36.180]      <control if="!isSWJ" while="" timeout="0" info="">
[17:58:36.180]        // if-block "!isSWJ"
[17:58:36.180]          // =>  FALSE
[17:58:36.180]        // skip if-block "!isSWJ"
[17:58:36.182]      </control>
[17:58:36.182]      <block atomic="false" info="">
[17:58:36.182]        ReadDP(0x0);
[17:58:36.182]          // -> [ReadDP(0x00000000) => 0x6BA02477]   (__dp=0x00000000)
[17:58:36.182]      </block>
[17:58:36.182]      // end if-block "protType == 2"
[17:58:36.182]    </control>
[17:58:36.182]  </sequence>
[17:58:36.182]  
[17:58:36.185]  **********  Sequence "DebugPortStart"  (Context="Connect", Pname="", info="")
[17:58:36.185]  
[17:58:36.185]  <debugvars>
[17:58:36.185]    // Pre-defined
[17:58:36.185]    __protocol=0x00010002      (Protocol="SWD", SWJ-DP="True")
[17:58:36.185]    __connection=0x00000202    (Connection Type="Flash", Reset Type="System Reset")
[17:58:36.185]    __dp=0x00000000
[17:58:36.185]    __ap=0x00000000
[17:58:36.185]    __traceout=0x00000000      (Trace Disabled)
[17:58:36.185]    __errorcontrol=0x00000000  (Skip Errors="False")
[17:58:36.185]    __FlashAddr=0x00000000
[17:58:36.185]    __FlashLen=0x00000000
[17:58:36.185]    __FlashArg=0x00000000
[17:58:36.185]    __FlashOp=0x00000000
[17:58:36.185]    __Result=0x00000000
[17:58:36.185]  </debugvars>
[17:58:36.185]  
[17:58:36.185]  <sequence name="DebugPortStart" Pname="" disable="false" info="">
[17:58:36.185]    <block atomic="false" info="">
[17:58:36.185]      __var SW_DP_ABORT       = 0x0;
[17:58:36.185]        // -> [SW_DP_ABORT <= 0x00000000]
[17:58:36.185]      __var DP_CTRL_STAT      = 0x4;
[17:58:36.185]        // -> [DP_CTRL_STAT <= 0x00000004]
[17:58:36.185]      __var DP_SELECT         = 0x8;
[17:58:36.185]        // -> [DP_SELECT <= 0x00000008]
[17:58:36.185]      __var powered_down      = 0;
[17:58:36.185]        // -> [powered_down <= 0x00000000]
[17:58:36.185]      WriteDP(DP_SELECT, 0x00000000);
[17:58:36.190]        // -> [WriteDP(0x00000008, 0x00000000)]   (__dp=0x00000000)
[17:58:36.190]      powered_down = ((ReadDP(DP_CTRL_STAT) & 0xA0000000) != 0xA0000000);
[17:58:36.193]        // -> [ReadDP(0x00000004) => 0x00000040]   (__dp=0x00000000)
[17:58:36.193]        // -> [powered_down <= 0x00000001]
[17:58:36.193]    </block>
[17:58:36.193]    <control if="powered_down" while="" timeout="0" info="">
[17:58:36.193]      // if-block "powered_down"
[17:58:36.193]        // =>  TRUE
[17:58:36.193]      <block atomic="false" info="">
[17:58:36.193]        Message(0, "Debug/System power-up request sent");
[17:58:36.193]        WriteDP(DP_CTRL_STAT, 0x50000000);
[17:58:36.193]          // -> [WriteDP(0x00000004, 0x50000000)]   (__dp=0x00000000)
[17:58:36.193]      </block>
[17:58:36.193]      <control if="" while="(ReadDP(DP_CTRL_STAT) & 0xA0000000) != 0xA0000000" timeout="1000000" info="">
[17:58:36.198]        // while "(ReadDP(DP_CTRL_STAT) & 0xA0000000) != 0xA0000000"  (timeout="1000000")
[17:58:36.200]          // -> [ReadDP(0x00000004) => 0xF0000040]   (__dp=0x00000000)
[17:58:36.200]        // while-condition  =>  FALSE
[17:58:36.200]        // end while "(ReadDP(DP_CTRL_STAT) & 0xA0000000) != 0xA0000000"
[17:58:36.200]      </control>
[17:58:36.200]      <control if="(__protocol & 0xFFFF) == 1" while="" timeout="0" info="">
[17:58:36.200]        // if-block "(__protocol & 0xFFFF) == 1"
[17:58:36.200]          // =>  FALSE
[17:58:36.200]        // skip if-block "(__protocol & 0xFFFF) == 1"
[17:58:36.200]      </control>
[17:58:36.200]      <control if="(__protocol & 0xFFFF) == 2" while="" timeout="0" info="">
[17:58:36.200]        // if-block "(__protocol & 0xFFFF) == 2"
[17:58:36.200]          // =>  TRUE
[17:58:36.200]        <block atomic="false" info="">
[17:58:36.200]          Message(0, "executing SWD power up");
[17:58:36.200]          WriteDP(DP_CTRL_STAT, 0x50000F00);
[17:58:36.204]            // -> [WriteDP(0x00000004, 0x50000F00)]   (__dp=0x00000000)
[17:58:36.204]          WriteDP(SW_DP_ABORT, 0x0000001E);
[17:58:36.204]            // -> [WriteDP(0x00000000, 0x0000001E)]   (__dp=0x00000000)
[17:58:36.204]        </block>
[17:58:36.204]        // end if-block "(__protocol & 0xFFFF) == 2"
[17:58:36.204]      </control>
[17:58:36.204]      // end if-block "powered_down"
[17:58:36.204]    </control>
[17:58:36.204]    <block atomic="false" info="">
[17:58:36.204]      __var DEBUG_PORT_VAL    = 0;
[17:58:36.204]        // -> [DEBUG_PORT_VAL <= 0x00000000]
[17:58:36.204]      __var ACCESS_POINT_VAL  = 0;
[17:58:36.204]        // -> [ACCESS_POINT_VAL <= 0x00000000]
[17:58:36.204]      __ap = 1; 
[17:58:36.204]        // -> [__ap <= 0x00000001]
[17:58:36.204]      WriteAP(0x0C, 0x04); //lets use the mini pwr-ap as backup
[17:58:36.209]        // -> [WriteAP(0x0000000C, 0x00000004)]   (__dp=0x00000000, __ap=0x00000001)
[17:58:36.209]      __ap = 4;
[17:58:36.209]        // -> [__ap <= 0x00000004]
[17:58:36.209]      ACCESS_POINT_VAL = ReadAP(0x00);//Reading current state of access point
[17:58:36.215]        // -> [ReadAP(0x00000000) => 0x00080027]   (__dp=0x00000000, __ap=0x00000004)
[17:58:36.215]        // -> [ACCESS_POINT_VAL <= 0x00080027]
[17:58:36.215]      Message(0, "Current state of access point is: %x",ACCESS_POINT_VAL);
[17:58:36.217]    </block>
[17:58:36.217]    <block atomic="false" info="">
[17:58:36.218]      __var nReset = 0x80;
[17:58:36.218]        // -> [nReset <= 0x00000080]
[17:58:36.218]      __var canReadPins = 0;
[17:58:36.218]        // -> [canReadPins <= 0x00000000]
[17:58:36.218]      canReadPins = (DAP_SWJ_Pins(0x00, nReset, 0) != 0xFFFFFFFF);
[17:58:36.220]        // -> [DAP_SWJ_Pins(0x00, 0x80, 0) => 0x0F]   (Out: nRESET=0  =>  In: SWCLK/TCK=1, SWDIO/TMS=1, TDI=1, TDO=1, nTRST=0, nRESET=0)
[17:58:36.220]        // -> [canReadPins <= 0x00000001]
[17:58:36.220]    </block>
[17:58:36.220]    <control if="" while="1" timeout="200" info="">
[17:58:36.220]      // while "1"  (timeout="200")
[17:58:36.220]      // while-condition  =>  TRUE
[17:58:36.220]      // while "1"  (timeout="200")
[17:58:36.220]      // while-condition  =>  TRUE
[17:58:36.220]      // while "1"  (timeout="200")
[17:58:36.220]      // while-condition  =>  TRUE
[17:58:36.220]      // while "1"  (timeout="200")
[17:58:36.220]      // while-condition  =>  TRUE
[17:58:36.220]      // while "1"  (timeout="200")
[17:58:36.220]      // while-condition  =>  TRUE
[17:58:36.220]      // while "1"  (timeout="200")
[17:58:36.220]      // while-condition  =>  TRUE
[17:58:36.220]      // while "1"  (timeout="200")
[17:58:36.221]      // while-condition  =>  TRUE
[17:58:36.221]      // while "1"  (timeout="200")
[17:58:36.221]      // while-condition  =>  TRUE
[17:58:36.221]      // while "1"  (timeout="200")
[17:58:36.221]      // while-condition  =>  TRUE
[17:58:36.221]      // while "1"  (timeout="200")
[17:58:36.221]      // while-condition  =>  TRUE
[17:58:36.221]      // while "1"  (timeout="200")
[17:58:36.221]      // while-condition  =>  TRUE
[17:58:36.221]      // while "1"  (timeout="200")
[17:58:36.221]      // while-condition  =>  TRUE
[17:58:36.221]      // while "1"  (timeout="200")
[17:58:36.221]      // while-condition  =>  TRUE
[17:58:36.221]      // while "1"  (timeout="200")
[17:58:36.221]      // while-condition  =>  TRUE
[17:58:36.221]      // while "1"  (timeout="200")
[17:58:36.221]      // while-condition  =>  TRUE
[17:58:36.221]      // while "1"  (timeout="200")
[17:58:36.221]      // while-condition  =>  TRUE
[17:58:36.221]      // while "1"  (timeout="200")
[17:58:36.221]      // while-condition  =>  TRUE
[17:58:36.221]      // while "1"  (timeout="200")
[17:58:36.221]      // while-condition  =>  TRUE
[17:58:36.221]      // while "1"  (timeout="200")
[17:58:36.221]      // while-condition  =>  TRUE
[17:58:36.222]      // while "1"  (timeout="200")
[17:58:36.222]      // while-condition  =>  TRUE
[17:58:36.222]      // while "1"  (timeout="200")
[17:58:36.222]      // while-condition  =>  TRUE
[17:58:36.222]      // while "1"  (timeout="200")
[17:58:36.222]      // while-condition  =>  TRUE
[17:58:36.222]      // while "1"  (timeout="200")
[17:58:36.222]      // while-condition  =>  TRUE
[17:58:36.222]      // while "1"  (timeout="200")
[17:58:36.222]      // while-condition  =>  TRUE
[17:58:36.222]      // while "1"  (timeout="200")
[17:58:36.222]      // while-condition  =>  TRUE
[17:58:36.222]      // while "1"  (timeout="200")
[17:58:36.222]      // while-condition  =>  TRUE
[17:58:36.222]      // while "1"  (timeout="200")
[17:58:36.222]      // while-condition  =>  TRUE
[17:58:36.222]      // while "1"  (timeout="200")
[17:58:36.222]      // while-condition  =>  TRUE
[17:58:36.222]      // while "1"  (timeout="200")
[17:58:36.222]      // while-condition  =>  TRUE
[17:58:36.222]      // while "1"  (timeout="200")
[17:58:36.222]      // while-condition  =>  TRUE
[17:58:36.222]      // while "1"  (timeout="200")
[17:58:36.222]      // while-condition  =>  TRUE
[17:58:36.223]      // while "1"  (timeout="200")
[17:58:36.223]      // while  =>  TIMEOUT
[17:58:36.223]      // end while "1"
[17:58:36.223]    </control>
[17:58:36.223]    <control if="canReadPins" while="" timeout="0" info="">
[17:58:36.223]      // if-block "canReadPins"
[17:58:36.223]        // =>  TRUE
[17:58:36.223]      <control if="" while="(DAP_SWJ_Pins(nReset, nReset, 0) & nReset) == 0" timeout="1000000" info="">
[17:58:36.223]        // while "(DAP_SWJ_Pins(nReset, nReset, 0) & nReset) == 0"  (timeout="1000000")
[17:58:36.223]          // -> [DAP_SWJ_Pins(0x80, 0x80, 0) => 0x8F]   (Out: nRESET=1  =>  In: SWCLK/TCK=1, SWDIO/TMS=1, TDI=1, TDO=1, nTRST=0, nRESET=1)
[17:58:36.223]        // while-condition  =>  FALSE
[17:58:36.223]        // end while "(DAP_SWJ_Pins(nReset, nReset, 0) & nReset) == 0"
[17:58:36.223]      </control>
[17:58:36.223]      // end if-block "canReadPins"
[17:58:36.223]    </control>
[17:58:36.223]    <control if="!canReadPins" while="" timeout="0" info="">
[17:58:36.223]      // if-block "!canReadPins"
[17:58:36.223]        // =>  FALSE
[17:58:36.223]      // skip if-block "!canReadPins"
[17:58:36.223]    </control>
[17:58:36.223]    <control if="(ACCESS_POINT_VAL & 0x00E00000) == 0" while="" timeout="0" info="">
[17:58:36.223]      // if-block "(ACCESS_POINT_VAL & 0x00E00000) == 0"
[17:58:36.223]        // =>  TRUE
[17:58:36.223]      <block atomic="false" info="">
[17:58:36.223]        WriteAP(0x00, 0x190008);
[17:58:36.228]          // -> [WriteAP(0x00000000, 0x00190008)]   (__dp=0x00000000, __ap=0x00000004)
[17:58:36.228]        WriteAP(0xF0, 0x01);
[17:58:36.229]          // -> [WriteAP(0x000000F0, 0x00000001)]   (__dp=0x00000000, __ap=0x00000004)
[17:58:36.229]      </block>
[17:58:36.229]      // end if-block "(ACCESS_POINT_VAL & 0x00E00000) == 0"
[17:58:36.229]    </control>
[17:58:36.229]    <control if="(ACCESS_POINT_VAL & 0x00E00000) != 0" while="" timeout="0" info="">
[17:58:36.229]      // if-block "(ACCESS_POINT_VAL & 0x00E00000) != 0"
[17:58:36.229]        // =>  FALSE
[17:58:36.229]      // skip if-block "(ACCESS_POINT_VAL & 0x00E00000) != 0"
[17:58:36.229]    </control>
[17:58:36.229]    <block atomic="false" info="">
[17:58:36.229]      ACCESS_POINT_VAL = ReadAP(0x00);//Reading current state of access point
[17:58:36.233]        // -> [ReadAP(0x00000000) => 0x0079002F]   (__dp=0x00000000, __ap=0x00000004)
[17:58:36.233]        // -> [ACCESS_POINT_VAL <= 0x0079002F]
[17:58:36.233]      Message(0, "Current state of access point is: %x",ACCESS_POINT_VAL);
[17:58:36.238]      __ap = 0; //lets make sure we reset the access point selection
[17:58:36.239]        // -> [__ap <= 0x00000000]
[17:58:36.239]    </block>
[17:58:36.239]  </sequence>
[17:58:36.239]  
[17:58:36.264]  **********  Sequence "DebugDeviceUnlock"  (Context="Connect", Pname="", info="")
[17:58:36.264]  
[17:58:36.264]  <debugvars>
[17:58:36.264]    // Pre-defined
[17:58:36.264]    __protocol=0x00010002      (Protocol="SWD", SWJ-DP="True")
[17:58:36.264]    __connection=0x00000202    (Connection Type="Flash", Reset Type="System Reset")
[17:58:36.264]    __dp=0x00000000
[17:58:36.264]    __ap=0x00000000
[17:58:36.264]    __traceout=0x00000000      (Trace Disabled)
[17:58:36.264]    __errorcontrol=0x00000000  (Skip Errors="False")
[17:58:36.264]    __FlashAddr=0x00000000
[17:58:36.264]    __FlashLen=0x00000000
[17:58:36.264]    __FlashArg=0x00000000
[17:58:36.264]    __FlashOp=0x00000000
[17:58:36.264]    __Result=0x00000000
[17:58:36.264]  </debugvars>
[17:58:36.264]  
[17:58:36.264]  <sequence name="DebugDeviceUnlock" Pname="" disable="false" info="">
[17:58:36.264]    <block atomic="false" info="">
[17:58:36.264]      __var deviceID = 0;
[17:58:36.264]        // -> [deviceID <= 0x00000000]
[17:58:36.264]      __var version = 0;
[17:58:36.264]        // -> [version <= 0x00000000]
[17:58:36.264]      __var partNum = 0;
[17:58:36.264]        // -> [partNum <= 0x00000000]
[17:58:36.264]      __var manuf = 0;
[17:58:36.264]        // -> [manuf <= 0x00000000]
[17:58:36.264]      __var isMSPM0G1X0X_G3X0X = 0;
[17:58:36.264]        // -> [isMSPM0G1X0X_G3X0X <= 0x00000000]
[17:58:36.264]      __var isProduction = 0;
[17:58:36.264]        // -> [isProduction <= 0x00000000]
[17:58:36.264]      __var continueId = 0;
[17:58:36.264]        // -> [continueId <= 0x00000000]
[17:58:36.264]      deviceID =   Read32(0x41C40004);
[17:58:36.274]        // -> [Read32(0x41C40004) => 0x2BB8802F]   (__dp=0x00000000, __ap=0x00000000)
[17:58:36.274]        // -> [deviceID <= 0x2BB8802F]
[17:58:36.274]      version = deviceID >> 28;
[17:58:36.274]        // -> [version <= 0x00000002]
[17:58:36.274]      partNum = (deviceID & 0x0FFFF000) >> 12;
[17:58:36.274]        // -> [partNum <= 0x0000BB88]
[17:58:36.274]      manuf = (deviceID & 0x00000FFE) >> 1;
[17:58:36.274]        // -> [manuf <= 0x00000017]
[17:58:36.274]      isMSPM0G1X0X_G3X0X = (partNum == 0xBB88) && (manuf == 0x17);
[17:58:36.274]        // -> [isMSPM0G1X0X_G3X0X <= 0x00000001]
[17:58:36.274]      isProduction = (version > 0);
[17:58:36.274]        // -> [isProduction <= 0x00000001]
[17:58:36.274]    </block>
[17:58:36.274]    <control if="!isMSPM0G1X0X_G3X0X" while="" timeout="0" info="">
[17:58:36.274]      // if-block "!isMSPM0G1X0X_G3X0X"
[17:58:36.274]        // =>  FALSE
[17:58:36.274]      // skip if-block "!isMSPM0G1X0X_G3X0X"
[17:58:36.274]    </control>
[17:58:36.274]    <control if="continueId == 4" while="" timeout="0" info="">
[17:58:36.274]      // if-block "continueId == 4"
[17:58:36.274]        // =>  FALSE
[17:58:36.274]      // skip if-block "continueId == 4"
[17:58:36.274]    </control>
[17:58:36.274]    <control if="!isProduction" while="" timeout="0" info="">
[17:58:36.274]      // if-block "!isProduction"
[17:58:36.274]        // =>  FALSE
[17:58:36.274]      // skip if-block "!isProduction"
[17:58:36.274]    </control>
[17:58:36.274]  </sequence>
[17:58:36.274]  
[18:01:13.213]  **********  Sequence "DebugPortSetup"  (Context="Connect", Pname="", info="")
[18:01:13.213]  
[18:01:13.213]  <debugvars>
[18:01:13.213]    // Pre-defined
[18:01:13.213]    __protocol=0x00010002      (Protocol="SWD", SWJ-DP="True")
[18:01:13.213]    __connection=0x00000202    (Connection Type="Flash", Reset Type="System Reset")
[18:01:13.213]    __dp=0x00000000
[18:01:13.213]    __ap=0x00000000
[18:01:13.213]    __traceout=0x00000000      (Trace Disabled)
[18:01:13.213]    __errorcontrol=0x00000000  (Skip Errors="False")
[18:01:13.213]    __FlashAddr=0x00000000
[18:01:13.213]    __FlashLen=0x00000000
[18:01:13.213]    __FlashArg=0x00000000
[18:01:13.213]    __FlashOp=0x00000000
[18:01:13.213]    __Result=0x00000000
[18:01:13.213]  </debugvars>
[18:01:13.213]  
[18:01:13.213]  <sequence name="DebugPortSetup" Pname="" disable="false" info="">
[18:01:13.213]    <block atomic="false" info="">
[18:01:13.213]      __var isSWJ      = ((__protocol & 0x00010000) != 0);
[18:01:13.213]        // -> [isSWJ <= 0x00000001]
[18:01:13.213]      __var hasDormant = __protocol & 0x00020000;
[18:01:13.218]        // -> [hasDormant <= 0x00000000]
[18:01:13.218]      __var protType   = __protocol & 0x0000FFFF;
[18:01:13.218]        // -> [protType <= 0x00000002]
[18:01:13.218]    </block>
[18:01:13.218]    <control if="protType == 1" while="" timeout="0" info="">
[18:01:13.218]      // if-block "protType == 1"
[18:01:13.218]        // =>  FALSE
[18:01:13.218]      // skip if-block "protType == 1"
[18:01:13.218]    </control>
[18:01:13.218]    <control if="protType == 2" while="" timeout="0" info="">
[18:01:13.218]      // if-block "protType == 2"
[18:01:13.218]        // =>  TRUE
[18:01:13.218]      <control if="isSWJ" while="" timeout="0" info="">
[18:01:13.218]        // if-block "isSWJ"
[18:01:13.218]          // =>  TRUE
[18:01:13.218]        <control if="hasDormant" while="" timeout="0" info="">
[18:01:13.218]          // if-block "hasDormant"
[18:01:13.218]            // =>  FALSE
[18:01:13.218]          // skip if-block "hasDormant"
[18:01:13.218]        </control>
[18:01:13.218]        <control if="!hasDormant" while="" timeout="0" info="">
[18:01:13.218]          // if-block "!hasDormant"
[18:01:13.218]            // =>  TRUE
[18:01:13.218]          <block atomic="false" info="">
[18:01:13.218]            DAP_SWJ_Sequence(51, 0x0007FFFFFFFFFFFF); //lets put the JTAG line in a reset state
[18:01:13.221]              // -> [DAP_SWJ_Sequence(51, 0x0007FFFFFFFFFFFF)]
[18:01:13.221]            DAP_SWJ_Sequence(16,0xE73C); //SWD to JTAG, this is to ensure the state machine is initialized
[18:01:13.223]              // -> [DAP_SWJ_Sequence(16, 0x000000000000E73C)]
[18:01:13.223]            DAP_SWJ_Sequence(51, 0x0007FFFFFFFFFFFF); //Put it back in reset
[18:01:13.227]              // -> [DAP_SWJ_Sequence(51, 0x0007FFFFFFFFFFFF)]
[18:01:13.227]            DAP_SWJ_Sequence(16, 0xE79E); //JTAG to SWD switch
[18:01:13.227]              // -> [DAP_SWJ_Sequence(16, 0x000000000000E79E)]
[18:01:13.227]            DAP_SWJ_Sequence(51, 0x0007FFFFFFFFFFFF);  //Ensure the switch is successful 
[18:01:13.231]              // -> [DAP_SWJ_Sequence(51, 0x0007FFFFFFFFFFFF)]
[18:01:13.231]            DAP_SWJ_Sequence(7,  0x00); //Give the line some time to initialize
[18:01:13.231]              // -> [DAP_SWJ_Sequence(7, 0x0000000000000000)]
[18:01:13.231]          </block>
[18:01:13.231]          // end if-block "!hasDormant"
[18:01:13.231]        </control>
[18:01:13.231]        // end if-block "isSWJ"
[18:01:13.231]      </control>
[18:01:13.231]      <control if="!isSWJ" while="" timeout="0" info="">
[18:01:13.231]        // if-block "!isSWJ"
[18:01:13.231]          // =>  FALSE
[18:01:13.231]        // skip if-block "!isSWJ"
[18:01:13.231]      </control>
[18:01:13.231]      <block atomic="false" info="">
[18:01:13.231]        ReadDP(0x0);
[18:01:13.236]          // -> [ReadDP(0x00000000) => 0x6BA02477]   (__dp=0x00000000)
[18:01:13.236]      </block>
[18:01:13.236]      // end if-block "protType == 2"
[18:01:13.236]    </control>
[18:01:13.236]  </sequence>
[18:01:13.236]  
[18:01:13.242]  **********  Sequence "DebugPortStart"  (Context="Connect", Pname="", info="")
[18:01:13.242]  
[18:01:13.242]  <debugvars>
[18:01:13.242]    // Pre-defined
[18:01:13.242]    __protocol=0x00010002      (Protocol="SWD", SWJ-DP="True")
[18:01:13.242]    __connection=0x00000202    (Connection Type="Flash", Reset Type="System Reset")
[18:01:13.242]    __dp=0x00000000
[18:01:13.242]    __ap=0x00000000
[18:01:13.242]    __traceout=0x00000000      (Trace Disabled)
[18:01:13.242]    __errorcontrol=0x00000000  (Skip Errors="False")
[18:01:13.242]    __FlashAddr=0x00000000
[18:01:13.242]    __FlashLen=0x00000000
[18:01:13.243]    __FlashArg=0x00000000
[18:01:13.243]    __FlashOp=0x00000000
[18:01:13.243]    __Result=0x00000000
[18:01:13.243]  </debugvars>
[18:01:13.243]  
[18:01:13.243]  <sequence name="DebugPortStart" Pname="" disable="false" info="">
[18:01:13.243]    <block atomic="false" info="">
[18:01:13.243]      __var SW_DP_ABORT       = 0x0;
[18:01:13.243]        // -> [SW_DP_ABORT <= 0x00000000]
[18:01:13.243]      __var DP_CTRL_STAT      = 0x4;
[18:01:13.243]        // -> [DP_CTRL_STAT <= 0x00000004]
[18:01:13.243]      __var DP_SELECT         = 0x8;
[18:01:13.243]        // -> [DP_SELECT <= 0x00000008]
[18:01:13.243]      __var powered_down      = 0;
[18:01:13.243]        // -> [powered_down <= 0x00000000]
[18:01:13.243]      WriteDP(DP_SELECT, 0x00000000);
[18:01:13.245]        // -> [WriteDP(0x00000008, 0x00000000)]   (__dp=0x00000000)
[18:01:13.245]      powered_down = ((ReadDP(DP_CTRL_STAT) & 0xA0000000) != 0xA0000000);
[18:01:13.248]        // -> [ReadDP(0x00000004) => 0x00000040]   (__dp=0x00000000)
[18:01:13.248]        // -> [powered_down <= 0x00000001]
[18:01:13.248]    </block>
[18:01:13.248]    <control if="powered_down" while="" timeout="0" info="">
[18:01:13.248]      // if-block "powered_down"
[18:01:13.248]        // =>  TRUE
[18:01:13.248]      <block atomic="false" info="">
[18:01:13.248]        Message(0, "Debug/System power-up request sent");
[18:01:13.249]        WriteDP(DP_CTRL_STAT, 0x50000000);
[18:01:13.251]          // -> [WriteDP(0x00000004, 0x50000000)]   (__dp=0x00000000)
[18:01:13.251]      </block>
[18:01:13.251]      <control if="" while="(ReadDP(DP_CTRL_STAT) & 0xA0000000) != 0xA0000000" timeout="1000000" info="">
[18:01:13.251]        // while "(ReadDP(DP_CTRL_STAT) & 0xA0000000) != 0xA0000000"  (timeout="1000000")
[18:01:13.251]          // -> [ReadDP(0x00000004) => 0xF0000040]   (__dp=0x00000000)
[18:01:13.251]        // while-condition  =>  FALSE
[18:01:13.251]        // end while "(ReadDP(DP_CTRL_STAT) & 0xA0000000) != 0xA0000000"
[18:01:13.251]      </control>
[18:01:13.251]      <control if="(__protocol & 0xFFFF) == 1" while="" timeout="0" info="">
[18:01:13.251]        // if-block "(__protocol & 0xFFFF) == 1"
[18:01:13.251]          // =>  FALSE
[18:01:13.251]        // skip if-block "(__protocol & 0xFFFF) == 1"
[18:01:13.251]      </control>
[18:01:13.251]      <control if="(__protocol & 0xFFFF) == 2" while="" timeout="0" info="">
[18:01:13.251]        // if-block "(__protocol & 0xFFFF) == 2"
[18:01:13.251]          // =>  TRUE
[18:01:13.251]        <block atomic="false" info="">
[18:01:13.251]          Message(0, "executing SWD power up");
[18:01:13.251]          WriteDP(DP_CTRL_STAT, 0x50000F00);
[18:01:13.256]            // -> [WriteDP(0x00000004, 0x50000F00)]   (__dp=0x00000000)
[18:01:13.256]          WriteDP(SW_DP_ABORT, 0x0000001E);
[18:01:13.256]            // -> [WriteDP(0x00000000, 0x0000001E)]   (__dp=0x00000000)
[18:01:13.262]        </block>
[18:01:13.262]        // end if-block "(__protocol & 0xFFFF) == 2"
[18:01:13.262]      </control>
[18:01:13.262]      // end if-block "powered_down"
[18:01:13.262]    </control>
[18:01:13.262]    <block atomic="false" info="">
[18:01:13.262]      __var DEBUG_PORT_VAL    = 0;
[18:01:13.262]        // -> [DEBUG_PORT_VAL <= 0x00000000]
[18:01:13.262]      __var ACCESS_POINT_VAL  = 0;
[18:01:13.262]        // -> [ACCESS_POINT_VAL <= 0x00000000]
[18:01:13.262]      __ap = 1; 
[18:01:13.262]        // -> [__ap <= 0x00000001]
[18:01:13.262]      WriteAP(0x0C, 0x04); //lets use the mini pwr-ap as backup
[18:01:13.265]        // -> [WriteAP(0x0000000C, 0x00000004)]   (__dp=0x00000000, __ap=0x00000001)
[18:01:13.265]      __ap = 4;
[18:01:13.265]        // -> [__ap <= 0x00000004]
[18:01:13.265]      ACCESS_POINT_VAL = ReadAP(0x00);//Reading current state of access point
[18:01:13.275]        // -> [ReadAP(0x00000000) => 0x00080027]   (__dp=0x00000000, __ap=0x00000004)
[18:01:13.275]        // -> [ACCESS_POINT_VAL <= 0x00080027]
[18:01:13.275]      Message(0, "Current state of access point is: %x",ACCESS_POINT_VAL);
[18:01:13.275]    </block>
[18:01:13.275]    <block atomic="false" info="">
[18:01:13.275]      __var nReset = 0x80;
[18:01:13.275]        // -> [nReset <= 0x00000080]
[18:01:13.275]      __var canReadPins = 0;
[18:01:13.275]        // -> [canReadPins <= 0x00000000]
[18:01:13.275]      canReadPins = (DAP_SWJ_Pins(0x00, nReset, 0) != 0xFFFFFFFF);
[18:01:13.275]        // -> [DAP_SWJ_Pins(0x00, 0x80, 0) => 0x0F]   (Out: nRESET=0  =>  In: SWCLK/TCK=1, SWDIO/TMS=1, TDI=1, TDO=1, nTRST=0, nRESET=0)
[18:01:13.275]        // -> [canReadPins <= 0x00000001]
[18:01:13.275]    </block>
[18:01:13.275]    <control if="" while="1" timeout="200" info="">
[18:01:13.275]      // while "1"  (timeout="200")
[18:01:13.275]      // while-condition  =>  TRUE
[18:01:13.275]      // while "1"  (timeout="200")
[18:01:13.275]      // while-condition  =>  TRUE
[18:01:13.275]      // while "1"  (timeout="200")
[18:01:13.275]      // while-condition  =>  TRUE
[18:01:13.275]      // while "1"  (timeout="200")
[18:01:13.275]      // while-condition  =>  TRUE
[18:01:13.275]      // while "1"  (timeout="200")
[18:01:13.275]      // while-condition  =>  TRUE
[18:01:13.275]      // while "1"  (timeout="200")
[18:01:13.275]      // while-condition  =>  TRUE
[18:01:13.275]      // while "1"  (timeout="200")
[18:01:13.280]      // while-condition  =>  TRUE
[18:01:13.280]      // while "1"  (timeout="200")
[18:01:13.280]      // while-condition  =>  TRUE
[18:01:13.280]      // while "1"  (timeout="200")
[18:01:13.280]      // while-condition  =>  TRUE
[18:01:13.280]      // while "1"  (timeout="200")
[18:01:13.280]      // while-condition  =>  TRUE
[18:01:13.280]      // while "1"  (timeout="200")
[18:01:13.280]      // while-condition  =>  TRUE
[18:01:13.280]      // while "1"  (timeout="200")
[18:01:13.280]      // while-condition  =>  TRUE
[18:01:13.280]      // while "1"  (timeout="200")
[18:01:13.280]      // while-condition  =>  TRUE
[18:01:13.280]      // while "1"  (timeout="200")
[18:01:13.280]      // while-condition  =>  TRUE
[18:01:13.280]      // while "1"  (timeout="200")
[18:01:13.280]      // while-condition  =>  TRUE
[18:01:13.280]      // while "1"  (timeout="200")
[18:01:13.280]      // while-condition  =>  TRUE
[18:01:13.280]      // while "1"  (timeout="200")
[18:01:13.280]      // while-condition  =>  TRUE
[18:01:13.280]      // while "1"  (timeout="200")
[18:01:13.280]      // while-condition  =>  TRUE
[18:01:13.280]      // while "1"  (timeout="200")
[18:01:13.280]      // while-condition  =>  TRUE
[18:01:13.280]      // while "1"  (timeout="200")
[18:01:13.280]      // while-condition  =>  TRUE
[18:01:13.280]      // while "1"  (timeout="200")
[18:01:13.280]      // while-condition  =>  TRUE
[18:01:13.280]      // while "1"  (timeout="200")
[18:01:13.280]      // while-condition  =>  TRUE
[18:01:13.280]      // while "1"  (timeout="200")
[18:01:13.280]      // while-condition  =>  TRUE
[18:01:13.280]      // while "1"  (timeout="200")
[18:01:13.280]      // while-condition  =>  TRUE
[18:01:13.280]      // while "1"  (timeout="200")
[18:01:13.280]      // while-condition  =>  TRUE
[18:01:13.280]      // while "1"  (timeout="200")
[18:01:13.280]      // while-condition  =>  TRUE
[18:01:13.280]      // while "1"  (timeout="200")
[18:01:13.280]      // while-condition  =>  TRUE
[18:01:13.280]      // while "1"  (timeout="200")
[18:01:13.280]      // while-condition  =>  TRUE
[18:01:13.280]      // while "1"  (timeout="200")
[18:01:13.280]      // while-condition  =>  TRUE
[18:01:13.280]      // while "1"  (timeout="200")
[18:01:13.280]      // while-condition  =>  TRUE
[18:01:13.280]      // while "1"  (timeout="200")
[18:01:13.280]      // while-condition  =>  TRUE
[18:01:13.280]      // while "1"  (timeout="200")
[18:01:13.280]      // while-condition  =>  TRUE
[18:01:13.280]      // while "1"  (timeout="200")
[18:01:13.280]      // while-condition  =>  TRUE
[18:01:13.280]      // while "1"  (timeout="200")
[18:01:13.280]      // while-condition  =>  TRUE
[18:01:13.280]      // while "1"  (timeout="200")
[18:01:13.280]      // while-condition  =>  TRUE
[18:01:13.280]      // while "1"  (timeout="200")
[18:01:13.280]      // while-condition  =>  TRUE
[18:01:13.280]      // while "1"  (timeout="200")
[18:01:13.280]      // while-condition  =>  TRUE
[18:01:13.280]      // while "1"  (timeout="200")
[18:01:13.280]      // while-condition  =>  TRUE
[18:01:13.280]      // while "1"  (timeout="200")
[18:01:13.280]      // while-condition  =>  TRUE
[18:01:13.280]      // while "1"  (timeout="200")
[18:01:13.280]      // while-condition  =>  TRUE
[18:01:13.280]      // while "1"  (timeout="200")
[18:01:13.280]      // while-condition  =>  TRUE
[18:01:13.280]      // while "1"  (timeout="200")
[18:01:13.280]      // while-condition  =>  TRUE
[18:01:13.280]      // while "1"  (timeout="200")
[18:01:13.280]      // while-condition  =>  TRUE
[18:01:13.280]      // while "1"  (timeout="200")
[18:01:13.280]      // while-condition  =>  TRUE
[18:01:13.280]      // while "1"  (timeout="200")
[18:01:13.280]      // while-condition  =>  TRUE
[18:01:13.280]      // while "1"  (timeout="200")
[18:01:13.280]      // while-condition  =>  TRUE
[18:01:13.280]      // while "1"  (timeout="200")
[18:01:13.280]      // while-condition  =>  TRUE
[18:01:13.280]      // while "1"  (timeout="200")
[18:01:13.280]      // while-condition  =>  TRUE
[18:01:13.280]      // while "1"  (timeout="200")
[18:01:13.280]      // while-condition  =>  TRUE
[18:01:13.280]      // while "1"  (timeout="200")
[18:01:13.280]      // while-condition  =>  TRUE
[18:01:13.280]      // while "1"  (timeout="200")
[18:01:13.280]      // while-condition  =>  TRUE
[18:01:13.280]      // while "1"  (timeout="200")
[18:01:13.280]      // while-condition  =>  TRUE
[18:01:13.280]      // while "1"  (timeout="200")
[18:01:13.280]      // while-condition  =>  TRUE
[18:01:13.280]      // while "1"  (timeout="200")
[18:01:13.280]      // while-condition  =>  TRUE
[18:01:13.280]      // while "1"  (timeout="200")
[18:01:13.280]      // while-condition  =>  TRUE
[18:01:13.280]      // while "1"  (timeout="200")
[18:01:13.280]      // while-condition  =>  TRUE
[18:01:13.280]      // while "1"  (timeout="200")
[18:01:13.280]      // while-condition  =>  TRUE
[18:01:13.280]      // while "1"  (timeout="200")
[18:01:13.280]      // while-condition  =>  TRUE
[18:01:13.280]      // while "1"  (timeout="200")
[18:01:13.280]      // while-condition  =>  TRUE
[18:01:13.280]      // while "1"  (timeout="200")
[18:01:13.280]      // while-condition  =>  TRUE
[18:01:13.285]      // while "1"  (timeout="200")
[18:01:13.285]      // while-condition  =>  TRUE
[18:01:13.285]      // while "1"  (timeout="200")
[18:01:13.285]      // while  =>  TIMEOUT
[18:01:13.285]      // end while "1"
[18:01:13.285]    </control>
[18:01:13.285]    <control if="canReadPins" while="" timeout="0" info="">
[18:01:13.285]      // if-block "canReadPins"
[18:01:13.285]        // =>  TRUE
[18:01:13.285]      <control if="" while="(DAP_SWJ_Pins(nReset, nReset, 0) & nReset) == 0" timeout="1000000" info="">
[18:01:13.286]        // while "(DAP_SWJ_Pins(nReset, nReset, 0) & nReset) == 0"  (timeout="1000000")
[18:01:13.288]          // -> [DAP_SWJ_Pins(0x80, 0x80, 0) => 0x8F]   (Out: nRESET=1  =>  In: SWCLK/TCK=1, SWDIO/TMS=1, TDI=1, TDO=1, nTRST=0, nRESET=1)
[18:01:13.288]        // while-condition  =>  FALSE
[18:01:13.288]        // end while "(DAP_SWJ_Pins(nReset, nReset, 0) & nReset) == 0"
[18:01:13.288]      </control>
[18:01:13.288]      // end if-block "canReadPins"
[18:01:13.288]    </control>
[18:01:13.288]    <control if="!canReadPins" while="" timeout="0" info="">
[18:01:13.288]      // if-block "!canReadPins"
[18:01:13.288]        // =>  FALSE
[18:01:13.288]      // skip if-block "!canReadPins"
[18:01:13.288]    </control>
[18:01:13.288]    <control if="(ACCESS_POINT_VAL & 0x00E00000) == 0" while="" timeout="0" info="">
[18:01:13.288]      // if-block "(ACCESS_POINT_VAL & 0x00E00000) == 0"
[18:01:13.288]        // =>  TRUE
[18:01:13.288]      <block atomic="false" info="">
[18:01:13.288]        WriteAP(0x00, 0x190008);
[18:01:13.294]          // -> [WriteAP(0x00000000, 0x00190008)]   (__dp=0x00000000, __ap=0x00000004)
[18:01:13.294]        WriteAP(0xF0, 0x01);
[18:01:13.299]          // -> [WriteAP(0x000000F0, 0x00000001)]   (__dp=0x00000000, __ap=0x00000004)
[18:01:13.299]      </block>
[18:01:13.299]      // end if-block "(ACCESS_POINT_VAL & 0x00E00000) == 0"
[18:01:13.299]    </control>
[18:01:13.299]    <control if="(ACCESS_POINT_VAL & 0x00E00000) != 0" while="" timeout="0" info="">
[18:01:13.299]      // if-block "(ACCESS_POINT_VAL & 0x00E00000) != 0"
[18:01:13.299]        // =>  FALSE
[18:01:13.299]      // skip if-block "(ACCESS_POINT_VAL & 0x00E00000) != 0"
[18:01:13.299]    </control>
[18:01:13.299]    <block atomic="false" info="">
[18:01:13.299]      ACCESS_POINT_VAL = ReadAP(0x00);//Reading current state of access point
[18:01:13.304]        // -> [ReadAP(0x00000000) => 0x0079002F]   (__dp=0x00000000, __ap=0x00000004)
[18:01:13.304]        // -> [ACCESS_POINT_VAL <= 0x0079002F]
[18:01:13.304]      Message(0, "Current state of access point is: %x",ACCESS_POINT_VAL);
[18:01:13.304]      __ap = 0; //lets make sure we reset the access point selection
[18:01:13.304]        // -> [__ap <= 0x00000000]
[18:01:13.304]    </block>
[18:01:13.304]  </sequence>
[18:01:13.304]  
[18:01:13.322]  **********  Sequence "DebugDeviceUnlock"  (Context="Connect", Pname="", info="")
[18:01:13.322]  
[18:01:13.322]  <debugvars>
[18:01:13.322]    // Pre-defined
[18:01:13.322]    __protocol=0x00010002      (Protocol="SWD", SWJ-DP="True")
[18:01:13.322]    __connection=0x00000202    (Connection Type="Flash", Reset Type="System Reset")
[18:01:13.322]    __dp=0x00000000
[18:01:13.322]    __ap=0x00000000
[18:01:13.322]    __traceout=0x00000000      (Trace Disabled)
[18:01:13.322]    __errorcontrol=0x00000000  (Skip Errors="False")
[18:01:13.322]    __FlashAddr=0x00000000
[18:01:13.328]    __FlashLen=0x00000000
[18:01:13.328]    __FlashArg=0x00000000
[18:01:13.328]    __FlashOp=0x00000000
[18:01:13.328]    __Result=0x00000000
[18:01:13.328]  </debugvars>
[18:01:13.328]  
[18:01:13.328]  <sequence name="DebugDeviceUnlock" Pname="" disable="false" info="">
[18:01:13.328]    <block atomic="false" info="">
[18:01:13.328]      __var deviceID = 0;
[18:01:13.328]        // -> [deviceID <= 0x00000000]
[18:01:13.328]      __var version = 0;
[18:01:13.328]        // -> [version <= 0x00000000]
[18:01:13.328]      __var partNum = 0;
[18:01:13.328]        // -> [partNum <= 0x00000000]
[18:01:13.328]      __var manuf = 0;
[18:01:13.328]        // -> [manuf <= 0x00000000]
[18:01:13.328]      __var isMSPM0G1X0X_G3X0X = 0;
[18:01:13.328]        // -> [isMSPM0G1X0X_G3X0X <= 0x00000000]
[18:01:13.328]      __var isProduction = 0;
[18:01:13.328]        // -> [isProduction <= 0x00000000]
[18:01:13.328]      __var continueId = 0;
[18:01:13.328]        // -> [continueId <= 0x00000000]
[18:01:13.328]      deviceID =   Read32(0x41C40004);
[18:01:13.334]        // -> [Read32(0x41C40004) => 0x2BB8802F]   (__dp=0x00000000, __ap=0x00000000)
[18:01:13.334]        // -> [deviceID <= 0x2BB8802F]
[18:01:13.334]      version = deviceID >> 28;
[18:01:13.334]        // -> [version <= 0x00000002]
[18:01:13.334]      partNum = (deviceID & 0x0FFFF000) >> 12;
[18:01:13.334]        // -> [partNum <= 0x0000BB88]
[18:01:13.334]      manuf = (deviceID & 0x00000FFE) >> 1;
[18:01:13.334]        // -> [manuf <= 0x00000017]
[18:01:13.334]      isMSPM0G1X0X_G3X0X = (partNum == 0xBB88) && (manuf == 0x17);
[18:01:13.334]        // -> [isMSPM0G1X0X_G3X0X <= 0x00000001]
[18:01:13.334]      isProduction = (version > 0);
[18:01:13.334]        // -> [isProduction <= 0x00000001]
[18:01:13.334]    </block>
[18:01:13.334]    <control if="!isMSPM0G1X0X_G3X0X" while="" timeout="0" info="">
[18:01:13.334]      // if-block "!isMSPM0G1X0X_G3X0X"
[18:01:13.334]        // =>  FALSE
[18:01:13.334]      // skip if-block "!isMSPM0G1X0X_G3X0X"
[18:01:13.334]    </control>
[18:01:13.334]    <control if="continueId == 4" while="" timeout="0" info="">
[18:01:13.334]      // if-block "continueId == 4"
[18:01:13.334]        // =>  FALSE
[18:01:13.334]      // skip if-block "continueId == 4"
[18:01:13.334]    </control>
[18:01:13.334]    <control if="!isProduction" while="" timeout="0" info="">
[18:01:13.334]      // if-block "!isProduction"
[18:01:13.334]        // =>  FALSE
[18:01:13.334]      // skip if-block "!isProduction"
[18:01:13.334]    </control>
[18:01:13.334]  </sequence>
[18:01:13.334]  
[18:02:33.805]  **********  Sequence "DebugPortSetup"  (Context="Connect", Pname="", info="")
[18:02:33.805]  
[18:02:33.805]  <debugvars>
[18:02:33.806]    // Pre-defined
[18:02:33.806]    __protocol=0x00010002      (Protocol="SWD", SWJ-DP="True")
[18:02:33.806]    __connection=0x00000202    (Connection Type="Flash", Reset Type="System Reset")
[18:02:33.806]    __dp=0x00000000
[18:02:33.806]    __ap=0x00000000
[18:02:33.806]    __traceout=0x00000000      (Trace Disabled)
[18:02:33.806]    __errorcontrol=0x00000000  (Skip Errors="False")
[18:02:33.806]    __FlashAddr=0x00000000
[18:02:33.806]    __FlashLen=0x00000000
[18:02:33.806]    __FlashArg=0x00000000
[18:02:33.806]    __FlashOp=0x00000000
[18:02:33.807]    __Result=0x00000000
[18:02:33.807]  </debugvars>
[18:02:33.807]  
[18:02:33.807]  <sequence name="DebugPortSetup" Pname="" disable="false" info="">
[18:02:33.807]    <block atomic="false" info="">
[18:02:33.807]      __var isSWJ      = ((__protocol & 0x00010000) != 0);
[18:02:33.807]        // -> [isSWJ <= 0x00000001]
[18:02:33.807]      __var hasDormant = __protocol & 0x00020000;
[18:02:33.807]        // -> [hasDormant <= 0x00000000]
[18:02:33.807]      __var protType   = __protocol & 0x0000FFFF;
[18:02:33.807]        // -> [protType <= 0x00000002]
[18:02:33.807]    </block>
[18:02:33.807]    <control if="protType == 1" while="" timeout="0" info="">
[18:02:33.807]      // if-block "protType == 1"
[18:02:33.807]        // =>  FALSE
[18:02:33.807]      // skip if-block "protType == 1"
[18:02:33.807]    </control>
[18:02:33.807]    <control if="protType == 2" while="" timeout="0" info="">
[18:02:33.807]      // if-block "protType == 2"
[18:02:33.807]        // =>  TRUE
[18:02:33.807]      <control if="isSWJ" while="" timeout="0" info="">
[18:02:33.807]        // if-block "isSWJ"
[18:02:33.807]          // =>  TRUE
[18:02:33.807]        <control if="hasDormant" while="" timeout="0" info="">
[18:02:33.807]          // if-block "hasDormant"
[18:02:33.807]            // =>  FALSE
[18:02:33.807]          // skip if-block "hasDormant"
[18:02:33.807]        </control>
[18:02:33.807]        <control if="!hasDormant" while="" timeout="0" info="">
[18:02:33.807]          // if-block "!hasDormant"
[18:02:33.807]            // =>  TRUE
[18:02:33.807]          <block atomic="false" info="">
[18:02:33.807]            DAP_SWJ_Sequence(51, 0x0007FFFFFFFFFFFF); //lets put the JTAG line in a reset state
[18:02:33.811]              // -> [DAP_SWJ_Sequence(51, 0x0007FFFFFFFFFFFF)]
[18:02:33.811]            DAP_SWJ_Sequence(16,0xE73C); //SWD to JTAG, this is to ensure the state machine is initialized
[18:02:33.813]              // -> [DAP_SWJ_Sequence(16, 0x000000000000E73C)]
[18:02:33.813]            DAP_SWJ_Sequence(51, 0x0007FFFFFFFFFFFF); //Put it back in reset
[18:02:33.815]              // -> [DAP_SWJ_Sequence(51, 0x0007FFFFFFFFFFFF)]
[18:02:33.815]            DAP_SWJ_Sequence(16, 0xE79E); //JTAG to SWD switch
[18:02:33.817]              // -> [DAP_SWJ_Sequence(16, 0x000000000000E79E)]
[18:02:33.817]            DAP_SWJ_Sequence(51, 0x0007FFFFFFFFFFFF);  //Ensure the switch is successful 
[18:02:33.819]              // -> [DAP_SWJ_Sequence(51, 0x0007FFFFFFFFFFFF)]
[18:02:33.819]            DAP_SWJ_Sequence(7,  0x00); //Give the line some time to initialize
[18:02:33.819]              // -> [DAP_SWJ_Sequence(7, 0x0000000000000000)]
[18:02:33.819]          </block>
[18:02:33.819]          // end if-block "!hasDormant"
[18:02:33.819]        </control>
[18:02:33.819]        // end if-block "isSWJ"
[18:02:33.819]      </control>
[18:02:33.819]      <control if="!isSWJ" while="" timeout="0" info="">
[18:02:33.819]        // if-block "!isSWJ"
[18:02:33.819]          // =>  FALSE
[18:02:33.819]        // skip if-block "!isSWJ"
[18:02:33.819]      </control>
[18:02:33.819]      <block atomic="false" info="">
[18:02:33.819]        ReadDP(0x0);
[18:02:33.824]          // -> [ReadDP(0x00000000) => 0x6BA02477]   (__dp=0x00000000)
[18:02:33.824]      </block>
[18:02:33.824]      // end if-block "protType == 2"
[18:02:33.824]    </control>
[18:02:33.824]  </sequence>
[18:02:33.824]  
[18:02:33.829]  **********  Sequence "DebugPortStart"  (Context="Connect", Pname="", info="")
[18:02:33.829]  
[18:02:33.829]  <debugvars>
[18:02:33.829]    // Pre-defined
[18:02:33.829]    __protocol=0x00010002      (Protocol="SWD", SWJ-DP="True")
[18:02:33.829]    __connection=0x00000202    (Connection Type="Flash", Reset Type="System Reset")
[18:02:33.829]    __dp=0x00000000
[18:02:33.829]    __ap=0x00000000
[18:02:33.829]    __traceout=0x00000000      (Trace Disabled)
[18:02:33.832]    __errorcontrol=0x00000000  (Skip Errors="False")
[18:02:33.832]    __FlashAddr=0x00000000
[18:02:33.832]    __FlashLen=0x00000000
[18:02:33.832]    __FlashArg=0x00000000
[18:02:33.832]    __FlashOp=0x00000000
[18:02:33.832]    __Result=0x00000000
[18:02:33.832]  </debugvars>
[18:02:33.832]  
[18:02:33.832]  <sequence name="DebugPortStart" Pname="" disable="false" info="">
[18:02:33.832]    <block atomic="false" info="">
[18:02:33.832]      __var SW_DP_ABORT       = 0x0;
[18:02:33.832]        // -> [SW_DP_ABORT <= 0x00000000]
[18:02:33.832]      __var DP_CTRL_STAT      = 0x4;
[18:02:33.832]        // -> [DP_CTRL_STAT <= 0x00000004]
[18:02:33.832]      __var DP_SELECT         = 0x8;
[18:02:33.832]        // -> [DP_SELECT <= 0x00000008]
[18:02:33.832]      __var powered_down      = 0;
[18:02:33.832]        // -> [powered_down <= 0x00000000]
[18:02:33.832]      WriteDP(DP_SELECT, 0x00000000);
[18:02:33.832]        // -> [WriteDP(0x00000008, 0x00000000)]   (__dp=0x00000000)
[18:02:33.832]      powered_down = ((ReadDP(DP_CTRL_STAT) & 0xA0000000) != 0xA0000000);
[18:02:33.837]        // -> [ReadDP(0x00000004) => 0x00000040]   (__dp=0x00000000)
[18:02:33.837]        // -> [powered_down <= 0x00000001]
[18:02:33.837]    </block>
[18:02:33.837]    <control if="powered_down" while="" timeout="0" info="">
[18:02:33.837]      // if-block "powered_down"
[18:02:33.837]        // =>  TRUE
[18:02:33.837]      <block atomic="false" info="">
[18:02:33.837]        Message(0, "Debug/System power-up request sent");
[18:02:33.837]        WriteDP(DP_CTRL_STAT, 0x50000000);
[18:02:33.837]          // -> [WriteDP(0x00000004, 0x50000000)]   (__dp=0x00000000)
[18:02:33.837]      </block>
[18:02:33.837]      <control if="" while="(ReadDP(DP_CTRL_STAT) & 0xA0000000) != 0xA0000000" timeout="1000000" info="">
[18:02:33.837]        // while "(ReadDP(DP_CTRL_STAT) & 0xA0000000) != 0xA0000000"  (timeout="1000000")
[18:02:33.842]          // -> [ReadDP(0x00000004) => 0xF0000040]   (__dp=0x00000000)
[18:02:33.842]        // while-condition  =>  FALSE
[18:02:33.842]        // end while "(ReadDP(DP_CTRL_STAT) & 0xA0000000) != 0xA0000000"
[18:02:33.842]      </control>
[18:02:33.842]      <control if="(__protocol & 0xFFFF) == 1" while="" timeout="0" info="">
[18:02:33.842]        // if-block "(__protocol & 0xFFFF) == 1"
[18:02:33.842]          // =>  FALSE
[18:02:33.842]        // skip if-block "(__protocol & 0xFFFF) == 1"
[18:02:33.842]      </control>
[18:02:33.842]      <control if="(__protocol & 0xFFFF) == 2" while="" timeout="0" info="">
[18:02:33.842]        // if-block "(__protocol & 0xFFFF) == 2"
[18:02:33.842]          // =>  TRUE
[18:02:33.842]        <block atomic="false" info="">
[18:02:33.842]          Message(0, "executing SWD power up");
[18:02:33.842]          WriteDP(DP_CTRL_STAT, 0x50000F00);
[18:02:33.847]            // -> [WriteDP(0x00000004, 0x50000F00)]   (__dp=0x00000000)
[18:02:33.847]          WriteDP(SW_DP_ABORT, 0x0000001E);
[18:02:33.847]            // -> [WriteDP(0x00000000, 0x0000001E)]   (__dp=0x00000000)
[18:02:33.847]        </block>
[18:02:33.847]        // end if-block "(__protocol & 0xFFFF) == 2"
[18:02:33.847]      </control>
[18:02:33.847]      // end if-block "powered_down"
[18:02:33.847]    </control>
[18:02:33.847]    <block atomic="false" info="">
[18:02:33.847]      __var DEBUG_PORT_VAL    = 0;
[18:02:33.847]        // -> [DEBUG_PORT_VAL <= 0x00000000]
[18:02:33.847]      __var ACCESS_POINT_VAL  = 0;
[18:02:33.847]        // -> [ACCESS_POINT_VAL <= 0x00000000]
[18:02:33.847]      __ap = 1; 
[18:02:33.847]        // -> [__ap <= 0x00000001]
[18:02:33.847]      WriteAP(0x0C, 0x04); //lets use the mini pwr-ap as backup
[18:02:33.855]        // -> [WriteAP(0x0000000C, 0x00000004)]   (__dp=0x00000000, __ap=0x00000001)
[18:02:33.855]      __ap = 4;
[18:02:33.855]        // -> [__ap <= 0x00000004]
[18:02:33.855]      ACCESS_POINT_VAL = ReadAP(0x00);//Reading current state of access point
[18:02:33.860]        // -> [ReadAP(0x00000000) => 0x00080027]   (__dp=0x00000000, __ap=0x00000004)
[18:02:33.860]        // -> [ACCESS_POINT_VAL <= 0x00080027]
[18:02:33.860]      Message(0, "Current state of access point is: %x",ACCESS_POINT_VAL);
[18:02:33.861]    </block>
[18:02:33.862]    <block atomic="false" info="">
[18:02:33.862]      __var nReset = 0x80;
[18:02:33.862]        // -> [nReset <= 0x00000080]
[18:02:33.862]      __var canReadPins = 0;
[18:02:33.862]        // -> [canReadPins <= 0x00000000]
[18:02:33.862]      canReadPins = (DAP_SWJ_Pins(0x00, nReset, 0) != 0xFFFFFFFF);
[18:02:33.862]        // -> [DAP_SWJ_Pins(0x00, 0x80, 0) => 0x0F]   (Out: nRESET=0  =>  In: SWCLK/TCK=1, SWDIO/TMS=1, TDI=1, TDO=1, nTRST=0, nRESET=0)
[18:02:33.862]        // -> [canReadPins <= 0x00000001]
[18:02:33.862]    </block>
[18:02:33.862]    <control if="" while="1" timeout="200" info="">
[18:02:33.862]      // while "1"  (timeout="200")
[18:02:33.862]      // while-condition  =>  TRUE
[18:02:33.862]      // while "1"  (timeout="200")
[18:02:33.862]      // while-condition  =>  TRUE
[18:02:33.862]      // while "1"  (timeout="200")
[18:02:33.862]      // while-condition  =>  TRUE
[18:02:33.862]      // while "1"  (timeout="200")
[18:02:33.862]      // while-condition  =>  TRUE
[18:02:33.862]      // while "1"  (timeout="200")
[18:02:33.862]      // while-condition  =>  TRUE
[18:02:33.862]      // while "1"  (timeout="200")
[18:02:33.865]      // while-condition  =>  TRUE
[18:02:33.865]      // while "1"  (timeout="200")
[18:02:33.865]      // while  =>  TIMEOUT
[18:02:33.865]      // end while "1"
[18:02:33.865]    </control>
[18:02:33.865]    <control if="canReadPins" while="" timeout="0" info="">
[18:02:33.865]      // if-block "canReadPins"
[18:02:33.865]        // =>  TRUE
[18:02:33.865]      <control if="" while="(DAP_SWJ_Pins(nReset, nReset, 0) & nReset) == 0" timeout="1000000" info="">
[18:02:33.866]        // while "(DAP_SWJ_Pins(nReset, nReset, 0) & nReset) == 0"  (timeout="1000000")
[18:02:33.868]          // -> [DAP_SWJ_Pins(0x80, 0x80, 0) => 0x8F]   (Out: nRESET=1  =>  In: SWCLK/TCK=1, SWDIO/TMS=1, TDI=1, TDO=1, nTRST=0, nRESET=1)
[18:02:33.868]        // while-condition  =>  FALSE
[18:02:33.868]        // end while "(DAP_SWJ_Pins(nReset, nReset, 0) & nReset) == 0"
[18:02:33.868]      </control>
[18:02:33.868]      // end if-block "canReadPins"
[18:02:33.868]    </control>
[18:02:33.868]    <control if="!canReadPins" while="" timeout="0" info="">
[18:02:33.868]      // if-block "!canReadPins"
[18:02:33.868]        // =>  FALSE
[18:02:33.868]      // skip if-block "!canReadPins"
[18:02:33.868]    </control>
[18:02:33.868]    <control if="(ACCESS_POINT_VAL & 0x00E00000) == 0" while="" timeout="0" info="">
[18:02:33.868]      // if-block "(ACCESS_POINT_VAL & 0x00E00000) == 0"
[18:02:33.868]        // =>  TRUE
[18:02:33.868]      <block atomic="false" info="">
[18:02:33.868]        WriteAP(0x00, 0x190008);
[18:02:33.868]          // -> [WriteAP(0x00000000, 0x00190008)]   (__dp=0x00000000, __ap=0x00000004)
[18:02:33.868]        WriteAP(0xF0, 0x01);
[18:02:33.872]          // -> [WriteAP(0x000000F0, 0x00000001)]   (__dp=0x00000000, __ap=0x00000004)
[18:02:33.872]      </block>
[18:02:33.872]      // end if-block "(ACCESS_POINT_VAL & 0x00E00000) == 0"
[18:02:33.872]    </control>
[18:02:33.872]    <control if="(ACCESS_POINT_VAL & 0x00E00000) != 0" while="" timeout="0" info="">
[18:02:33.872]      // if-block "(ACCESS_POINT_VAL & 0x00E00000) != 0"
[18:02:33.876]        // =>  FALSE
[18:02:33.876]      // skip if-block "(ACCESS_POINT_VAL & 0x00E00000) != 0"
[18:02:33.876]    </control>
[18:02:33.876]    <block atomic="false" info="">
[18:02:33.876]      ACCESS_POINT_VAL = ReadAP(0x00);//Reading current state of access point
[18:02:33.877]        // -> [ReadAP(0x00000000) => 0x0079002F]   (__dp=0x00000000, __ap=0x00000004)
[18:02:33.877]        // -> [ACCESS_POINT_VAL <= 0x0079002F]
[18:02:33.877]      Message(0, "Current state of access point is: %x",ACCESS_POINT_VAL);
[18:02:33.881]      __ap = 0; //lets make sure we reset the access point selection
[18:02:33.881]        // -> [__ap <= 0x00000000]
[18:02:33.882]    </block>
[18:02:33.882]  </sequence>
[18:02:33.882]  
[18:02:33.902]  **********  Sequence "DebugDeviceUnlock"  (Context="Connect", Pname="", info="")
[18:02:33.902]  
[18:02:33.902]  <debugvars>
[18:02:33.902]    // Pre-defined
[18:02:33.902]    __protocol=0x00010002      (Protocol="SWD", SWJ-DP="True")
[18:02:33.902]    __connection=0x00000202    (Connection Type="Flash", Reset Type="System Reset")
[18:02:33.902]    __dp=0x00000000
[18:02:33.902]    __ap=0x00000000
[18:02:33.902]    __traceout=0x00000000      (Trace Disabled)
[18:02:33.902]    __errorcontrol=0x00000000  (Skip Errors="False")
[18:02:33.902]    __FlashAddr=0x00000000
[18:02:33.902]    __FlashLen=0x00000000
[18:02:33.902]    __FlashArg=0x00000000
[18:02:33.902]    __FlashOp=0x00000000
[18:02:33.902]    __Result=0x00000000
[18:02:33.902]  </debugvars>
[18:02:33.902]  
[18:02:33.902]  <sequence name="DebugDeviceUnlock" Pname="" disable="false" info="">
[18:02:33.902]    <block atomic="false" info="">
[18:02:33.902]      __var deviceID = 0;
[18:02:33.902]        // -> [deviceID <= 0x00000000]
[18:02:33.902]      __var version = 0;
[18:02:33.902]        // -> [version <= 0x00000000]
[18:02:33.902]      __var partNum = 0;
[18:02:33.902]        // -> [partNum <= 0x00000000]
[18:02:33.902]      __var manuf = 0;
[18:02:33.902]        // -> [manuf <= 0x00000000]
[18:02:33.902]      __var isMSPM0G1X0X_G3X0X = 0;
[18:02:33.902]        // -> [isMSPM0G1X0X_G3X0X <= 0x00000000]
[18:02:33.902]      __var isProduction = 0;
[18:02:33.902]        // -> [isProduction <= 0x00000000]
[18:02:33.902]      __var continueId = 0;
[18:02:33.902]        // -> [continueId <= 0x00000000]
[18:02:33.902]      deviceID =   Read32(0x41C40004);
[18:02:33.912]        // -> [Read32(0x41C40004) => 0x2BB8802F]   (__dp=0x00000000, __ap=0x00000000)
[18:02:33.912]        // -> [deviceID <= 0x2BB8802F]
[18:02:33.912]      version = deviceID >> 28;
[18:02:33.912]        // -> [version <= 0x00000002]
[18:02:33.912]      partNum = (deviceID & 0x0FFFF000) >> 12;
[18:02:33.912]        // -> [partNum <= 0x0000BB88]
[18:02:33.912]      manuf = (deviceID & 0x00000FFE) >> 1;
[18:02:33.912]        // -> [manuf <= 0x00000017]
[18:02:33.912]      isMSPM0G1X0X_G3X0X = (partNum == 0xBB88) && (manuf == 0x17);
[18:02:33.912]        // -> [isMSPM0G1X0X_G3X0X <= 0x00000001]
[18:02:33.912]      isProduction = (version > 0);
[18:02:33.912]        // -> [isProduction <= 0x00000001]
[18:02:33.912]    </block>
[18:02:33.912]    <control if="!isMSPM0G1X0X_G3X0X" while="" timeout="0" info="">
[18:02:33.912]      // if-block "!isMSPM0G1X0X_G3X0X"
[18:02:33.912]        // =>  FALSE
[18:02:33.912]      // skip if-block "!isMSPM0G1X0X_G3X0X"
[18:02:33.912]    </control>
[18:02:33.912]    <control if="continueId == 4" while="" timeout="0" info="">
[18:02:33.912]      // if-block "continueId == 4"
[18:02:33.912]        // =>  FALSE
[18:02:33.912]      // skip if-block "continueId == 4"
[18:02:33.912]    </control>
[18:02:33.912]    <control if="!isProduction" while="" timeout="0" info="">
[18:02:33.912]      // if-block "!isProduction"
[18:02:33.912]        // =>  FALSE
[18:02:33.912]      // skip if-block "!isProduction"
[18:02:33.912]    </control>
[18:02:33.912]  </sequence>
[18:02:33.912]  
[18:03:07.805]  **********  Sequence "DebugPortSetup"  (Context="Connect", Pname="", info="")
[18:03:07.805]  
[18:03:07.806]  <debugvars>
[18:03:07.806]    // Pre-defined
[18:03:07.806]    __protocol=0x00010002      (Protocol="SWD", SWJ-DP="True")
[18:03:07.806]    __connection=0x00000202    (Connection Type="Flash", Reset Type="System Reset")
[18:03:07.806]    __dp=0x00000000
[18:03:07.806]    __ap=0x00000000
[18:03:07.806]    __traceout=0x00000000      (Trace Disabled)
[18:03:07.806]    __errorcontrol=0x00000000  (Skip Errors="False")
[18:03:07.806]    __FlashAddr=0x00000000
[18:03:07.806]    __FlashLen=0x00000000
[18:03:07.806]    __FlashArg=0x00000000
[18:03:07.806]    __FlashOp=0x00000000
[18:03:07.806]    __Result=0x00000000
[18:03:07.806]  </debugvars>
[18:03:07.806]  
[18:03:07.806]  <sequence name="DebugPortSetup" Pname="" disable="false" info="">
[18:03:07.806]    <block atomic="false" info="">
[18:03:07.806]      __var isSWJ      = ((__protocol & 0x00010000) != 0);
[18:03:07.806]        // -> [isSWJ <= 0x00000001]
[18:03:07.806]      __var hasDormant = __protocol & 0x00020000;
[18:03:07.806]        // -> [hasDormant <= 0x00000000]
[18:03:07.806]      __var protType   = __protocol & 0x0000FFFF;
[18:03:07.806]        // -> [protType <= 0x00000002]
[18:03:07.806]    </block>
[18:03:07.806]    <control if="protType == 1" while="" timeout="0" info="">
[18:03:07.806]      // if-block "protType == 1"
[18:03:07.806]        // =>  FALSE
[18:03:07.806]      // skip if-block "protType == 1"
[18:03:07.806]    </control>
[18:03:07.806]    <control if="protType == 2" while="" timeout="0" info="">
[18:03:07.806]      // if-block "protType == 2"
[18:03:07.806]        // =>  TRUE
[18:03:07.806]      <control if="isSWJ" while="" timeout="0" info="">
[18:03:07.806]        // if-block "isSWJ"
[18:03:07.806]          // =>  TRUE
[18:03:07.806]        <control if="hasDormant" while="" timeout="0" info="">
[18:03:07.806]          // if-block "hasDormant"
[18:03:07.806]            // =>  FALSE
[18:03:07.806]          // skip if-block "hasDormant"
[18:03:07.806]        </control>
[18:03:07.806]        <control if="!hasDormant" while="" timeout="0" info="">
[18:03:07.806]          // if-block "!hasDormant"
[18:03:07.806]            // =>  TRUE
[18:03:07.806]          <block atomic="false" info="">
[18:03:07.806]            DAP_SWJ_Sequence(51, 0x0007FFFFFFFFFFFF); //lets put the JTAG line in a reset state
[18:03:07.812]              // -> [DAP_SWJ_Sequence(51, 0x0007FFFFFFFFFFFF)]
[18:03:07.812]            DAP_SWJ_Sequence(16,0xE73C); //SWD to JTAG, this is to ensure the state machine is initialized
[18:03:07.816]              // -> [DAP_SWJ_Sequence(16, 0x000000000000E73C)]
[18:03:07.816]            DAP_SWJ_Sequence(51, 0x0007FFFFFFFFFFFF); //Put it back in reset
[18:03:07.816]              // -> [DAP_SWJ_Sequence(51, 0x0007FFFFFFFFFFFF)]
[18:03:07.816]            DAP_SWJ_Sequence(16, 0xE79E); //JTAG to SWD switch
[18:03:07.821]              // -> [DAP_SWJ_Sequence(16, 0x000000000000E79E)]
[18:03:07.821]            DAP_SWJ_Sequence(51, 0x0007FFFFFFFFFFFF);  //Ensure the switch is successful 
[18:03:07.823]              // -> [DAP_SWJ_Sequence(51, 0x0007FFFFFFFFFFFF)]
[18:03:07.823]            DAP_SWJ_Sequence(7,  0x00); //Give the line some time to initialize
[18:03:07.823]              // -> [DAP_SWJ_Sequence(7, 0x0000000000000000)]
[18:03:07.823]          </block>
[18:03:07.823]          // end if-block "!hasDormant"
[18:03:07.823]        </control>
[18:03:07.823]        // end if-block "isSWJ"
[18:03:07.823]      </control>
[18:03:07.823]      <control if="!isSWJ" while="" timeout="0" info="">
[18:03:07.823]        // if-block "!isSWJ"
[18:03:07.823]          // =>  FALSE
[18:03:07.823]        // skip if-block "!isSWJ"
[18:03:07.823]      </control>
[18:03:07.823]      <block atomic="false" info="">
[18:03:07.823]        ReadDP(0x0);
[18:03:07.828]          // -> [ReadDP(0x00000000) => 0x6BA02477]   (__dp=0x00000000)
[18:03:07.828]      </block>
[18:03:07.828]      // end if-block "protType == 2"
[18:03:07.828]    </control>
[18:03:07.828]  </sequence>
[18:03:07.828]  
[18:03:07.834]  **********  Sequence "DebugPortStart"  (Context="Connect", Pname="", info="")
[18:03:07.834]  
[18:03:07.834]  <debugvars>
[18:03:07.834]    // Pre-defined
[18:03:07.834]    __protocol=0x00010002      (Protocol="SWD", SWJ-DP="True")
[18:03:07.834]    __connection=0x00000202    (Connection Type="Flash", Reset Type="System Reset")
[18:03:07.834]    __dp=0x00000000
[18:03:07.834]    __ap=0x00000000
[18:03:07.834]    __traceout=0x00000000      (Trace Disabled)
[18:03:07.834]    __errorcontrol=0x00000000  (Skip Errors="False")
[18:03:07.834]    __FlashAddr=0x00000000
[18:03:07.834]    __FlashLen=0x00000000
[18:03:07.834]    __FlashArg=0x00000000
[18:03:07.834]    __FlashOp=0x00000000
[18:03:07.834]    __Result=0x00000000
[18:03:07.834]  </debugvars>
[18:03:07.834]  
[18:03:07.834]  <sequence name="DebugPortStart" Pname="" disable="false" info="">
[18:03:07.834]    <block atomic="false" info="">
[18:03:07.834]      __var SW_DP_ABORT       = 0x0;
[18:03:07.835]        // -> [SW_DP_ABORT <= 0x00000000]
[18:03:07.835]      __var DP_CTRL_STAT      = 0x4;
[18:03:07.835]        // -> [DP_CTRL_STAT <= 0x00000004]
[18:03:07.835]      __var DP_SELECT         = 0x8;
[18:03:07.835]        // -> [DP_SELECT <= 0x00000008]
[18:03:07.835]      __var powered_down      = 0;
[18:03:07.835]        // -> [powered_down <= 0x00000000]
[18:03:07.835]      WriteDP(DP_SELECT, 0x00000000);
[18:03:07.836]        // -> [WriteDP(0x00000008, 0x00000000)]   (__dp=0x00000000)
[18:03:07.836]      powered_down = ((ReadDP(DP_CTRL_STAT) & 0xA0000000) != 0xA0000000);
[18:03:07.836]        // -> [ReadDP(0x00000004) => 0x00000040]   (__dp=0x00000000)
[18:03:07.836]        // -> [powered_down <= 0x00000001]
[18:03:07.836]    </block>
[18:03:07.836]    <control if="powered_down" while="" timeout="0" info="">
[18:03:07.836]      // if-block "powered_down"
[18:03:07.836]        // =>  TRUE
[18:03:07.836]      <block atomic="false" info="">
[18:03:07.836]        Message(0, "Debug/System power-up request sent");
[18:03:07.843]        WriteDP(DP_CTRL_STAT, 0x50000000);
[18:03:07.843]          // -> [WriteDP(0x00000004, 0x50000000)]   (__dp=0x00000000)
[18:03:07.843]      </block>
[18:03:07.843]      <control if="" while="(ReadDP(DP_CTRL_STAT) & 0xA0000000) != 0xA0000000" timeout="1000000" info="">
[18:03:07.843]        // while "(ReadDP(DP_CTRL_STAT) & 0xA0000000) != 0xA0000000"  (timeout="1000000")
[18:03:07.847]          // -> [ReadDP(0x00000004) => 0xF0000040]   (__dp=0x00000000)
[18:03:07.847]        // while-condition  =>  FALSE
[18:03:07.847]        // end while "(ReadDP(DP_CTRL_STAT) & 0xA0000000) != 0xA0000000"
[18:03:07.847]      </control>
[18:03:07.847]      <control if="(__protocol & 0xFFFF) == 1" while="" timeout="0" info="">
[18:03:07.849]        // if-block "(__protocol & 0xFFFF) == 1"
[18:03:07.849]          // =>  FALSE
[18:03:07.849]        // skip if-block "(__protocol & 0xFFFF) == 1"
[18:03:07.849]      </control>
[18:03:07.849]      <control if="(__protocol & 0xFFFF) == 2" while="" timeout="0" info="">
[18:03:07.849]        // if-block "(__protocol & 0xFFFF) == 2"
[18:03:07.849]          // =>  TRUE
[18:03:07.849]        <block atomic="false" info="">
[18:03:07.849]          Message(0, "executing SWD power up");
[18:03:07.849]          WriteDP(DP_CTRL_STAT, 0x50000F00);
[18:03:07.852]            // -> [WriteDP(0x00000004, 0x50000F00)]   (__dp=0x00000000)
[18:03:07.852]          WriteDP(SW_DP_ABORT, 0x0000001E);
[18:03:07.854]            // -> [WriteDP(0x00000000, 0x0000001E)]   (__dp=0x00000000)
[18:03:07.854]        </block>
[18:03:07.854]        // end if-block "(__protocol & 0xFFFF) == 2"
[18:03:07.854]      </control>
[18:03:07.854]      // end if-block "powered_down"
[18:03:07.854]    </control>
[18:03:07.854]    <block atomic="false" info="">
[18:03:07.854]      __var DEBUG_PORT_VAL    = 0;
[18:03:07.854]        // -> [DEBUG_PORT_VAL <= 0x00000000]
[18:03:07.854]      __var ACCESS_POINT_VAL  = 0;
[18:03:07.854]        // -> [ACCESS_POINT_VAL <= 0x00000000]
[18:03:07.854]      __ap = 1; 
[18:03:07.854]        // -> [__ap <= 0x00000001]
[18:03:07.854]      WriteAP(0x0C, 0x04); //lets use the mini pwr-ap as backup
[18:03:07.859]        // -> [WriteAP(0x0000000C, 0x00000004)]   (__dp=0x00000000, __ap=0x00000001)
[18:03:07.859]      __ap = 4;
[18:03:07.859]        // -> [__ap <= 0x00000004]
[18:03:07.859]      ACCESS_POINT_VAL = ReadAP(0x00);//Reading current state of access point
[18:03:07.863]        // -> [ReadAP(0x00000000) => 0x00080027]   (__dp=0x00000000, __ap=0x00000004)
[18:03:07.863]        // -> [ACCESS_POINT_VAL <= 0x00080027]
[18:03:07.863]      Message(0, "Current state of access point is: %x",ACCESS_POINT_VAL);
[18:03:07.865]    </block>
[18:03:07.865]    <block atomic="false" info="">
[18:03:07.865]      __var nReset = 0x80;
[18:03:07.865]        // -> [nReset <= 0x00000080]
[18:03:07.865]      __var canReadPins = 0;
[18:03:07.865]        // -> [canReadPins <= 0x00000000]
[18:03:07.865]      canReadPins = (DAP_SWJ_Pins(0x00, nReset, 0) != 0xFFFFFFFF);
[18:03:07.865]        // -> [DAP_SWJ_Pins(0x00, 0x80, 0) => 0x0F]   (Out: nRESET=0  =>  In: SWCLK/TCK=1, SWDIO/TMS=1, TDI=1, TDO=1, nTRST=0, nRESET=0)
[18:03:07.865]        // -> [canReadPins <= 0x00000001]
[18:03:07.865]    </block>
[18:03:07.865]    <control if="" while="1" timeout="200" info="">
[18:03:07.865]      // while "1"  (timeout="200")
[18:03:07.865]      // while-condition  =>  TRUE
[18:03:07.865]      // while "1"  (timeout="200")
[18:03:07.865]      // while-condition  =>  TRUE
[18:03:07.865]      // while "1"  (timeout="200")
[18:03:07.865]      // while-condition  =>  TRUE
[18:03:07.865]      // while "1"  (timeout="200")
[18:03:07.865]      // while-condition  =>  TRUE
[18:03:07.865]      // while "1"  (timeout="200")
[18:03:07.865]      // while-condition  =>  TRUE
[18:03:07.865]      // while "1"  (timeout="200")
[18:03:07.865]      // while-condition  =>  TRUE
[18:03:07.865]      // while "1"  (timeout="200")
[18:03:07.865]      // while-condition  =>  TRUE
[18:03:07.865]      // while "1"  (timeout="200")
[18:03:07.865]      // while-condition  =>  TRUE
[18:03:07.865]      // while "1"  (timeout="200")
[18:03:07.865]      // while-condition  =>  TRUE
[18:03:07.865]      // while "1"  (timeout="200")
[18:03:07.865]      // while-condition  =>  TRUE
[18:03:07.865]      // while "1"  (timeout="200")
[18:03:07.870]      // while-condition  =>  TRUE
[18:03:07.870]      // while "1"  (timeout="200")
[18:03:07.870]      // while-condition  =>  TRUE
[18:03:07.870]      // while "1"  (timeout="200")
[18:03:07.870]      // while-condition  =>  TRUE
[18:03:07.870]      // while "1"  (timeout="200")
[18:03:07.870]      // while-condition  =>  TRUE
[18:03:07.870]      // while "1"  (timeout="200")
[18:03:07.871]      // while-condition  =>  TRUE
[18:03:07.871]      // while "1"  (timeout="200")
[18:03:07.871]      // while-condition  =>  TRUE
[18:03:07.871]      // while "1"  (timeout="200")
[18:03:07.871]      // while-condition  =>  TRUE
[18:03:07.871]      // while "1"  (timeout="200")
[18:03:07.871]      // while-condition  =>  TRUE
[18:03:07.871]      // while "1"  (timeout="200")
[18:03:07.871]      // while-condition  =>  TRUE
[18:03:07.871]      // while "1"  (timeout="200")
[18:03:07.871]      // while-condition  =>  TRUE
[18:03:07.872]      // while "1"  (timeout="200")
[18:03:07.872]      // while-condition  =>  TRUE
[18:03:07.872]      // while "1"  (timeout="200")
[18:03:07.872]      // while-condition  =>  TRUE
[18:03:07.872]      // while "1"  (timeout="200")
[18:03:07.872]      // while-condition  =>  TRUE
[18:03:07.872]      // while "1"  (timeout="200")
[18:03:07.872]      // while-condition  =>  TRUE
[18:03:07.872]      // while "1"  (timeout="200")
[18:03:07.872]      // while-condition  =>  TRUE
[18:03:07.872]      // while "1"  (timeout="200")
[18:03:07.872]      // while-condition  =>  TRUE
[18:03:07.872]      // while "1"  (timeout="200")
[18:03:07.872]      // while-condition  =>  TRUE
[18:03:07.872]      // while "1"  (timeout="200")
[18:03:07.872]      // while-condition  =>  TRUE
[18:03:07.872]      // while "1"  (timeout="200")
[18:03:07.872]      // while-condition  =>  TRUE
[18:03:07.872]      // while "1"  (timeout="200")
[18:03:07.872]      // while-condition  =>  TRUE
[18:03:07.872]      // while "1"  (timeout="200")
[18:03:07.872]      // while-condition  =>  TRUE
[18:03:07.872]      // while "1"  (timeout="200")
[18:03:07.872]      // while-condition  =>  TRUE
[18:03:07.872]      // while "1"  (timeout="200")
[18:03:07.872]      // while-condition  =>  TRUE
[18:03:07.872]      // while "1"  (timeout="200")
[18:03:07.872]      // while-condition  =>  TRUE
[18:03:07.873]      // while "1"  (timeout="200")
[18:03:07.873]      // while-condition  =>  TRUE
[18:03:07.873]      // while "1"  (timeout="200")
[18:03:07.873]      // while-condition  =>  TRUE
[18:03:07.873]      // while "1"  (timeout="200")
[18:03:07.873]      // while-condition  =>  TRUE
[18:03:07.873]      // while "1"  (timeout="200")
[18:03:07.873]      // while-condition  =>  TRUE
[18:03:07.873]      // while "1"  (timeout="200")
[18:03:07.873]      // while-condition  =>  TRUE
[18:03:07.873]      // while "1"  (timeout="200")
[18:03:07.873]      // while-condition  =>  TRUE
[18:03:07.873]      // while "1"  (timeout="200")
[18:03:07.873]      // while-condition  =>  TRUE
[18:03:07.873]      // while "1"  (timeout="200")
[18:03:07.873]      // while-condition  =>  TRUE
[18:03:07.873]      // while "1"  (timeout="200")
[18:03:07.873]      // while-condition  =>  TRUE
[18:03:07.873]      // while "1"  (timeout="200")
[18:03:07.873]      // while-condition  =>  TRUE
[18:03:07.873]      // while "1"  (timeout="200")
[18:03:07.873]      // while-condition  =>  TRUE
[18:03:07.873]      // while "1"  (timeout="200")
[18:03:07.873]      // while-condition  =>  TRUE
[18:03:07.874]      // while "1"  (timeout="200")
[18:03:07.874]      // while-condition  =>  TRUE
[18:03:07.874]      // while "1"  (timeout="200")
[18:03:07.874]      // while-condition  =>  TRUE
[18:03:07.874]      // while "1"  (timeout="200")
[18:03:07.874]      // while-condition  =>  TRUE
[18:03:07.874]      // while "1"  (timeout="200")
[18:03:07.874]      // while-condition  =>  TRUE
[18:03:07.874]      // while "1"  (timeout="200")
[18:03:07.874]      // while-condition  =>  TRUE
[18:03:07.874]      // while "1"  (timeout="200")
[18:03:07.874]      // while-condition  =>  TRUE
[18:03:07.874]      // while "1"  (timeout="200")
[18:03:07.874]      // while-condition  =>  TRUE
[18:03:07.874]      // while "1"  (timeout="200")
[18:03:07.874]      // while-condition  =>  TRUE
[18:03:07.874]      // while "1"  (timeout="200")
[18:03:07.874]      // while-condition  =>  TRUE
[18:03:07.874]      // while "1"  (timeout="200")
[18:03:07.874]      // while-condition  =>  TRUE
[18:03:07.874]      // while "1"  (timeout="200")
[18:03:07.874]      // while-condition  =>  TRUE
[18:03:07.874]      // while "1"  (timeout="200")
[18:03:07.875]      // while-condition  =>  TRUE
[18:03:07.875]      // while "1"  (timeout="200")
[18:03:07.875]      // while-condition  =>  TRUE
[18:03:07.875]      // while "1"  (timeout="200")
[18:03:07.875]      // while-condition  =>  TRUE
[18:03:07.875]      // while "1"  (timeout="200")
[18:03:07.875]      // while-condition  =>  TRUE
[18:03:07.875]      // while "1"  (timeout="200")
[18:03:07.875]      // while-condition  =>  TRUE
[18:03:07.875]      // while "1"  (timeout="200")
[18:03:07.875]      // while-condition  =>  TRUE
[18:03:07.875]      // while "1"  (timeout="200")
[18:03:07.875]      // while-condition  =>  TRUE
[18:03:07.875]      // while "1"  (timeout="200")
[18:03:07.875]      // while-condition  =>  TRUE
[18:03:07.875]      // while "1"  (timeout="200")
[18:03:07.875]      // while-condition  =>  TRUE
[18:03:07.875]      // while "1"  (timeout="200")
[18:03:07.875]      // while-condition  =>  TRUE
[18:03:07.875]      // while "1"  (timeout="200")
[18:03:07.875]      // while-condition  =>  TRUE
[18:03:07.875]      // while "1"  (timeout="200")
[18:03:07.875]      // while-condition  =>  TRUE
[18:03:07.876]      // while "1"  (timeout="200")
[18:03:07.876]      // while-condition  =>  TRUE
[18:03:07.876]      // while "1"  (timeout="200")
[18:03:07.876]      // while-condition  =>  TRUE
[18:03:07.876]      // while "1"  (timeout="200")
[18:03:07.876]      // while-condition  =>  TRUE
[18:03:07.876]      // while "1"  (timeout="200")
[18:03:07.876]      // while-condition  =>  TRUE
[18:03:07.876]      // while "1"  (timeout="200")
[18:03:07.876]      // while-condition  =>  TRUE
[18:03:07.876]      // while "1"  (timeout="200")
[18:03:07.876]      // while-condition  =>  TRUE
[18:03:07.876]      // while "1"  (timeout="200")
[18:03:07.876]      // while-condition  =>  TRUE
[18:03:07.876]      // while "1"  (timeout="200")
[18:03:07.876]      // while-condition  =>  TRUE
[18:03:07.876]      // while "1"  (timeout="200")
[18:03:07.876]      // while-condition  =>  TRUE
[18:03:07.876]      // while "1"  (timeout="200")
[18:03:07.876]      // while-condition  =>  TRUE
[18:03:07.876]      // while "1"  (timeout="200")
[18:03:07.876]      // while-condition  =>  TRUE
[18:03:07.876]      // while "1"  (timeout="200")
[18:03:07.877]      // while-condition  =>  TRUE
[18:03:07.877]      // while "1"  (timeout="200")
[18:03:07.877]      // while-condition  =>  TRUE
[18:03:07.877]      // while "1"  (timeout="200")
[18:03:07.877]      // while-condition  =>  TRUE
[18:03:07.877]      // while "1"  (timeout="200")
[18:03:07.877]      // while-condition  =>  TRUE
[18:03:07.877]      // while "1"  (timeout="200")
[18:03:07.877]      // while-condition  =>  TRUE
[18:03:07.877]      // while "1"  (timeout="200")
[18:03:07.877]      // while-condition  =>  TRUE
[18:03:07.877]      // while "1"  (timeout="200")
[18:03:07.877]      // while-condition  =>  TRUE
[18:03:07.877]      // while "1"  (timeout="200")
[18:03:07.877]      // while-condition  =>  TRUE
[18:03:07.877]      // while "1"  (timeout="200")
[18:03:07.877]      // while-condition  =>  TRUE
[18:03:07.877]      // while "1"  (timeout="200")
[18:03:07.877]      // while-condition  =>  TRUE
[18:03:07.877]      // while "1"  (timeout="200")
[18:03:07.877]      // while-condition  =>  TRUE
[18:03:07.877]      // while "1"  (timeout="200")
[18:03:07.877]      // while-condition  =>  TRUE
[18:03:07.878]      // while "1"  (timeout="200")
[18:03:07.878]      // while-condition  =>  TRUE
[18:03:07.878]      // while "1"  (timeout="200")
[18:03:07.878]      // while-condition  =>  TRUE
[18:03:07.878]      // while "1"  (timeout="200")
[18:03:07.878]      // while-condition  =>  TRUE
[18:03:07.878]      // while "1"  (timeout="200")
[18:03:07.878]      // while-condition  =>  TRUE
[18:03:07.878]      // while "1"  (timeout="200")
[18:03:07.878]      // while-condition  =>  TRUE
[18:03:07.878]      // while "1"  (timeout="200")
[18:03:07.878]      // while-condition  =>  TRUE
[18:03:07.878]      // while "1"  (timeout="200")
[18:03:07.878]      // while-condition  =>  TRUE
[18:03:07.878]      // while "1"  (timeout="200")
[18:03:07.878]      // while-condition  =>  TRUE
[18:03:07.878]      // while "1"  (timeout="200")
[18:03:07.878]      // while-condition  =>  TRUE
[18:03:07.878]      // while "1"  (timeout="200")
[18:03:07.878]      // while-condition  =>  TRUE
[18:03:07.878]      // while "1"  (timeout="200")
[18:03:07.879]      // while-condition  =>  TRUE
[18:03:07.879]      // while "1"  (timeout="200")
[18:03:07.879]      // while  =>  TIMEOUT
[18:03:07.879]      // end while "1"
[18:03:07.879]    </control>
[18:03:07.879]    <control if="canReadPins" while="" timeout="0" info="">
[18:03:07.879]      // if-block "canReadPins"
[18:03:07.879]        // =>  TRUE
[18:03:07.879]      <control if="" while="(DAP_SWJ_Pins(nReset, nReset, 0) & nReset) == 0" timeout="1000000" info="">
[18:03:07.879]        // while "(DAP_SWJ_Pins(nReset, nReset, 0) & nReset) == 0"  (timeout="1000000")
[18:03:07.882]          // -> [DAP_SWJ_Pins(0x80, 0x80, 0) => 0x8F]   (Out: nRESET=1  =>  In: SWCLK/TCK=1, SWDIO/TMS=1, TDI=1, TDO=1, nTRST=0, nRESET=1)
[18:03:07.882]        // while-condition  =>  FALSE
[18:03:07.882]        // end while "(DAP_SWJ_Pins(nReset, nReset, 0) & nReset) == 0"
[18:03:07.882]      </control>
[18:03:07.882]      // end if-block "canReadPins"
[18:03:07.882]    </control>
[18:03:07.882]    <control if="!canReadPins" while="" timeout="0" info="">
[18:03:07.882]      // if-block "!canReadPins"
[18:03:07.882]        // =>  FALSE
[18:03:07.882]      // skip if-block "!canReadPins"
[18:03:07.882]    </control>
[18:03:07.882]    <control if="(ACCESS_POINT_VAL & 0x00E00000) == 0" while="" timeout="0" info="">
[18:03:07.882]      // if-block "(ACCESS_POINT_VAL & 0x00E00000) == 0"
[18:03:07.882]        // =>  TRUE
[18:03:07.882]      <block atomic="false" info="">
[18:03:07.882]        WriteAP(0x00, 0x190008);
[18:03:07.884]          // -> [WriteAP(0x00000000, 0x00190008)]   (__dp=0x00000000, __ap=0x00000004)
[18:03:07.884]        WriteAP(0xF0, 0x01);
[18:03:07.893]          // -> [WriteAP(0x000000F0, 0x00000001)]   (__dp=0x00000000, __ap=0x00000004)
[18:03:07.893]      </block>
[18:03:07.893]      // end if-block "(ACCESS_POINT_VAL & 0x00E00000) == 0"
[18:03:07.893]    </control>
[18:03:07.893]    <control if="(ACCESS_POINT_VAL & 0x00E00000) != 0" while="" timeout="0" info="">
[18:03:07.893]      // if-block "(ACCESS_POINT_VAL & 0x00E00000) != 0"
[18:03:07.893]        // =>  FALSE
[18:03:07.893]      // skip if-block "(ACCESS_POINT_VAL & 0x00E00000) != 0"
[18:03:07.893]    </control>
[18:03:07.893]    <block atomic="false" info="">
[18:03:07.893]      ACCESS_POINT_VAL = ReadAP(0x00);//Reading current state of access point
[18:03:07.898]        // -> [ReadAP(0x00000000) => 0x0079002F]   (__dp=0x00000000, __ap=0x00000004)
[18:03:07.898]        // -> [ACCESS_POINT_VAL <= 0x0079002F]
[18:03:07.898]      Message(0, "Current state of access point is: %x",ACCESS_POINT_VAL);
[18:03:07.900]      __ap = 0; //lets make sure we reset the access point selection
[18:03:07.900]        // -> [__ap <= 0x00000000]
[18:03:07.900]    </block>
[18:03:07.900]  </sequence>
[18:03:07.900]  
[18:03:07.921]  **********  Sequence "DebugDeviceUnlock"  (Context="Connect", Pname="", info="")
[18:03:07.921]  
[18:03:07.921]  <debugvars>
[18:03:07.921]    // Pre-defined
[18:03:07.921]    __protocol=0x00010002      (Protocol="SWD", SWJ-DP="True")
[18:03:07.921]    __connection=0x00000202    (Connection Type="Flash", Reset Type="System Reset")
[18:03:07.921]    __dp=0x00000000
[18:03:07.921]    __ap=0x00000000
[18:03:07.921]    __traceout=0x00000000      (Trace Disabled)
[18:03:07.921]    __errorcontrol=0x00000000  (Skip Errors="False")
[18:03:07.921]    __FlashAddr=0x00000000
[18:03:07.921]    __FlashLen=0x00000000
[18:03:07.921]    __FlashArg=0x00000000
[18:03:07.921]    __FlashOp=0x00000000
[18:03:07.921]    __Result=0x00000000
[18:03:07.922]  </debugvars>
[18:03:07.922]  
[18:03:07.922]  <sequence name="DebugDeviceUnlock" Pname="" disable="false" info="">
[18:03:07.922]    <block atomic="false" info="">
[18:03:07.922]      __var deviceID = 0;
[18:03:07.922]        // -> [deviceID <= 0x00000000]
[18:03:07.922]      __var version = 0;
[18:03:07.922]        // -> [version <= 0x00000000]
[18:03:07.922]      __var partNum = 0;
[18:03:07.922]        // -> [partNum <= 0x00000000]
[18:03:07.922]      __var manuf = 0;
[18:03:07.922]        // -> [manuf <= 0x00000000]
[18:03:07.922]      __var isMSPM0G1X0X_G3X0X = 0;
[18:03:07.922]        // -> [isMSPM0G1X0X_G3X0X <= 0x00000000]
[18:03:07.922]      __var isProduction = 0;
[18:03:07.922]        // -> [isProduction <= 0x00000000]
[18:03:07.922]      __var continueId = 0;
[18:03:07.922]        // -> [continueId <= 0x00000000]
[18:03:07.922]      deviceID =   Read32(0x41C40004);
[18:03:07.928]        // -> [Read32(0x41C40004) => 0x2BB8802F]   (__dp=0x00000000, __ap=0x00000000)
[18:03:07.928]        // -> [deviceID <= 0x2BB8802F]
[18:03:07.928]      version = deviceID >> 28;
[18:03:07.928]        // -> [version <= 0x00000002]
[18:03:07.928]      partNum = (deviceID & 0x0FFFF000) >> 12;
[18:03:07.928]        // -> [partNum <= 0x0000BB88]
[18:03:07.928]      manuf = (deviceID & 0x00000FFE) >> 1;
[18:03:07.928]        // -> [manuf <= 0x00000017]
[18:03:07.928]      isMSPM0G1X0X_G3X0X = (partNum == 0xBB88) && (manuf == 0x17);
[18:03:07.928]        // -> [isMSPM0G1X0X_G3X0X <= 0x00000001]
[18:03:07.928]      isProduction = (version > 0);
[18:03:07.928]        // -> [isProduction <= 0x00000001]
[18:03:07.928]    </block>
[18:03:07.928]    <control if="!isMSPM0G1X0X_G3X0X" while="" timeout="0" info="">
[18:03:07.928]      // if-block "!isMSPM0G1X0X_G3X0X"
[18:03:07.928]        // =>  FALSE
[18:03:07.928]      // skip if-block "!isMSPM0G1X0X_G3X0X"
[18:03:07.928]    </control>
[18:03:07.928]    <control if="continueId == 4" while="" timeout="0" info="">
[18:03:07.928]      // if-block "continueId == 4"
[18:03:07.928]        // =>  FALSE
[18:03:07.928]      // skip if-block "continueId == 4"
[18:03:07.928]    </control>
[18:03:07.928]    <control if="!isProduction" while="" timeout="0" info="">
[18:03:07.928]      // if-block "!isProduction"
[18:03:07.928]        // =>  FALSE
[18:03:07.928]      // skip if-block "!isProduction"
[18:03:07.928]    </control>
[18:03:07.928]  </sequence>
[18:03:07.928]  
[18:06:26.369]  **********  Sequence "DebugPortSetup"  (Context="Connect", Pname="", info="")
[18:06:26.369]  
[18:06:26.369]  <debugvars>
[18:06:26.369]    // Pre-defined
[18:06:26.369]    __protocol=0x00010002      (Protocol="SWD", SWJ-DP="True")
[18:06:26.369]    __connection=0x00000202    (Connection Type="Flash", Reset Type="System Reset")
[18:06:26.369]    __dp=0x00000000
[18:06:26.369]    __ap=0x00000000
[18:06:26.369]    __traceout=0x00000000      (Trace Disabled)
[18:06:26.369]    __errorcontrol=0x00000000  (Skip Errors="False")
[18:06:26.369]    __FlashAddr=0x00000000
[18:06:26.369]    __FlashLen=0x00000000
[18:06:26.369]    __FlashArg=0x00000000
[18:06:26.369]    __FlashOp=0x00000000
[18:06:26.369]    __Result=0x00000000
[18:06:26.369]  </debugvars>
[18:06:26.369]  
[18:06:26.369]  <sequence name="DebugPortSetup" Pname="" disable="false" info="">
[18:06:26.369]    <block atomic="false" info="">
[18:06:26.369]      __var isSWJ      = ((__protocol & 0x00010000) != 0);
[18:06:26.369]        // -> [isSWJ <= 0x00000001]
[18:06:26.369]      __var hasDormant = __protocol & 0x00020000;
[18:06:26.369]        // -> [hasDormant <= 0x00000000]
[18:06:26.369]      __var protType   = __protocol & 0x0000FFFF;
[18:06:26.369]        // -> [protType <= 0x00000002]
[18:06:26.369]    </block>
[18:06:26.369]    <control if="protType == 1" while="" timeout="0" info="">
[18:06:26.369]      // if-block "protType == 1"
[18:06:26.369]        // =>  FALSE
[18:06:26.369]      // skip if-block "protType == 1"
[18:06:26.369]    </control>
[18:06:26.369]    <control if="protType == 2" while="" timeout="0" info="">
[18:06:26.369]      // if-block "protType == 2"
[18:06:26.369]        // =>  TRUE
[18:06:26.369]      <control if="isSWJ" while="" timeout="0" info="">
[18:06:26.369]        // if-block "isSWJ"
[18:06:26.369]          // =>  TRUE
[18:06:26.369]        <control if="hasDormant" while="" timeout="0" info="">
[18:06:26.369]          // if-block "hasDormant"
[18:06:26.369]            // =>  FALSE
[18:06:26.369]          // skip if-block "hasDormant"
[18:06:26.369]        </control>
[18:06:26.369]        <control if="!hasDormant" while="" timeout="0" info="">
[18:06:26.369]          // if-block "!hasDormant"
[18:06:26.369]            // =>  TRUE
[18:06:26.369]          <block atomic="false" info="">
[18:06:26.369]            DAP_SWJ_Sequence(51, 0x0007FFFFFFFFFFFF); //lets put the JTAG line in a reset state
[18:06:26.374]              // -> [DAP_SWJ_Sequence(51, 0x0007FFFFFFFFFFFF)]
[18:06:26.374]            DAP_SWJ_Sequence(16,0xE73C); //SWD to JTAG, this is to ensure the state machine is initialized
[18:06:26.377]              // -> [DAP_SWJ_Sequence(16, 0x000000000000E73C)]
[18:06:26.377]            DAP_SWJ_Sequence(51, 0x0007FFFFFFFFFFFF); //Put it back in reset
[18:06:26.378]              // -> [DAP_SWJ_Sequence(51, 0x0007FFFFFFFFFFFF)]
[18:06:26.378]            DAP_SWJ_Sequence(16, 0xE79E); //JTAG to SWD switch
[18:06:26.379]              // -> [DAP_SWJ_Sequence(16, 0x000000000000E79E)]
[18:06:26.379]            DAP_SWJ_Sequence(51, 0x0007FFFFFFFFFFFF);  //Ensure the switch is successful 
[18:06:26.383]              // -> [DAP_SWJ_Sequence(51, 0x0007FFFFFFFFFFFF)]
[18:06:26.384]            DAP_SWJ_Sequence(7,  0x00); //Give the line some time to initialize
[18:06:26.385]              // -> [DAP_SWJ_Sequence(7, 0x0000000000000000)]
[18:06:26.385]          </block>
[18:06:26.385]          // end if-block "!hasDormant"
[18:06:26.385]        </control>
[18:06:26.386]        // end if-block "isSWJ"
[18:06:26.386]      </control>
[18:06:26.386]      <control if="!isSWJ" while="" timeout="0" info="">
[18:06:26.386]        // if-block "!isSWJ"
[18:06:26.386]          // =>  FALSE
[18:06:26.386]        // skip if-block "!isSWJ"
[18:06:26.386]      </control>
[18:06:26.386]      <block atomic="false" info="">
[18:06:26.386]        ReadDP(0x0);
[18:06:26.389]          // -> [ReadDP(0x00000000) => 0x6BA02477]   (__dp=0x00000000)
[18:06:26.389]      </block>
[18:06:26.389]      // end if-block "protType == 2"
[18:06:26.389]    </control>
[18:06:26.389]  </sequence>
[18:06:26.389]  
[18:06:26.391]  **********  Sequence "DebugPortStart"  (Context="Connect", Pname="", info="")
[18:06:26.391]  
[18:06:26.391]  <debugvars>
[18:06:26.391]    // Pre-defined
[18:06:26.391]    __protocol=0x00010002      (Protocol="SWD", SWJ-DP="True")
[18:06:26.391]    __connection=0x00000202    (Connection Type="Flash", Reset Type="System Reset")
[18:06:26.391]    __dp=0x00000000
[18:06:26.391]    __ap=0x00000000
[18:06:26.391]    __traceout=0x00000000      (Trace Disabled)
[18:06:26.391]    __errorcontrol=0x00000000  (Skip Errors="False")
[18:06:26.391]    __FlashAddr=0x00000000
[18:06:26.391]    __FlashLen=0x00000000
[18:06:26.391]    __FlashArg=0x00000000
[18:06:26.391]    __FlashOp=0x00000000
[18:06:26.391]    __Result=0x00000000
[18:06:26.391]  </debugvars>
[18:06:26.391]  
[18:06:26.391]  <sequence name="DebugPortStart" Pname="" disable="false" info="">
[18:06:26.391]    <block atomic="false" info="">
[18:06:26.391]      __var SW_DP_ABORT       = 0x0;
[18:06:26.391]        // -> [SW_DP_ABORT <= 0x00000000]
[18:06:26.391]      __var DP_CTRL_STAT      = 0x4;
[18:06:26.391]        // -> [DP_CTRL_STAT <= 0x00000004]
[18:06:26.391]      __var DP_SELECT         = 0x8;
[18:06:26.391]        // -> [DP_SELECT <= 0x00000008]
[18:06:26.391]      __var powered_down      = 0;
[18:06:26.391]        // -> [powered_down <= 0x00000000]
[18:06:26.391]      WriteDP(DP_SELECT, 0x00000000);
[18:06:26.396]        // -> [WriteDP(0x00000008, 0x00000000)]   (__dp=0x00000000)
[18:06:26.396]      powered_down = ((ReadDP(DP_CTRL_STAT) & 0xA0000000) != 0xA0000000);
[18:06:26.398]        // -> [ReadDP(0x00000004) => 0x00000040]   (__dp=0x00000000)
[18:06:26.398]        // -> [powered_down <= 0x00000001]
[18:06:26.398]    </block>
[18:06:26.398]    <control if="powered_down" while="" timeout="0" info="">
[18:06:26.398]      // if-block "powered_down"
[18:06:26.398]        // =>  TRUE
[18:06:26.398]      <block atomic="false" info="">
[18:06:26.398]        Message(0, "Debug/System power-up request sent");
[18:06:26.398]        WriteDP(DP_CTRL_STAT, 0x50000000);
[18:06:26.402]          // -> [WriteDP(0x00000004, 0x50000000)]   (__dp=0x00000000)
[18:06:26.402]      </block>
[18:06:26.402]      <control if="" while="(ReadDP(DP_CTRL_STAT) & 0xA0000000) != 0xA0000000" timeout="1000000" info="">
[18:06:26.402]        // while "(ReadDP(DP_CTRL_STAT) & 0xA0000000) != 0xA0000000"  (timeout="1000000")
[18:06:26.402]          // -> [ReadDP(0x00000004) => 0xF0000040]   (__dp=0x00000000)
[18:06:26.402]        // while-condition  =>  FALSE
[18:06:26.402]        // end while "(ReadDP(DP_CTRL_STAT) & 0xA0000000) != 0xA0000000"
[18:06:26.402]      </control>
[18:06:26.402]      <control if="(__protocol & 0xFFFF) == 1" while="" timeout="0" info="">
[18:06:26.406]        // if-block "(__protocol & 0xFFFF) == 1"
[18:06:26.406]          // =>  FALSE
[18:06:26.406]        // skip if-block "(__protocol & 0xFFFF) == 1"
[18:06:26.406]      </control>
[18:06:26.406]      <control if="(__protocol & 0xFFFF) == 2" while="" timeout="0" info="">
[18:06:26.406]        // if-block "(__protocol & 0xFFFF) == 2"
[18:06:26.406]          // =>  TRUE
[18:06:26.406]        <block atomic="false" info="">
[18:06:26.406]          Message(0, "executing SWD power up");
[18:06:26.407]          WriteDP(DP_CTRL_STAT, 0x50000F00);
[18:06:26.407]            // -> [WriteDP(0x00000004, 0x50000F00)]   (__dp=0x00000000)
[18:06:26.407]          WriteDP(SW_DP_ABORT, 0x0000001E);
[18:06:26.411]            // -> [WriteDP(0x00000000, 0x0000001E)]   (__dp=0x00000000)
[18:06:26.411]        </block>
[18:06:26.411]        // end if-block "(__protocol & 0xFFFF) == 2"
[18:06:26.411]      </control>
[18:06:26.411]      // end if-block "powered_down"
[18:06:26.411]    </control>
[18:06:26.411]    <block atomic="false" info="">
[18:06:26.411]      __var DEBUG_PORT_VAL    = 0;
[18:06:26.411]        // -> [DEBUG_PORT_VAL <= 0x00000000]
[18:06:26.411]      __var ACCESS_POINT_VAL  = 0;
[18:06:26.411]        // -> [ACCESS_POINT_VAL <= 0x00000000]
[18:06:26.411]      __ap = 1; 
[18:06:26.411]        // -> [__ap <= 0x00000001]
[18:06:26.411]      WriteAP(0x0C, 0x04); //lets use the mini pwr-ap as backup
[18:06:26.417]        // -> [WriteAP(0x0000000C, 0x00000004)]   (__dp=0x00000000, __ap=0x00000001)
[18:06:26.417]      __ap = 4;
[18:06:26.417]        // -> [__ap <= 0x00000004]
[18:06:26.417]      ACCESS_POINT_VAL = ReadAP(0x00);//Reading current state of access point
[18:06:26.424]        // -> [ReadAP(0x00000000) => 0x00080027]   (__dp=0x00000000, __ap=0x00000004)
[18:06:26.424]        // -> [ACCESS_POINT_VAL <= 0x00080027]
[18:06:26.424]      Message(0, "Current state of access point is: %x",ACCESS_POINT_VAL);
[18:06:26.425]    </block>
[18:06:26.425]    <block atomic="false" info="">
[18:06:26.425]      __var nReset = 0x80;
[18:06:26.425]        // -> [nReset <= 0x00000080]
[18:06:26.425]      __var canReadPins = 0;
[18:06:26.425]        // -> [canReadPins <= 0x00000000]
[18:06:26.425]      canReadPins = (DAP_SWJ_Pins(0x00, nReset, 0) != 0xFFFFFFFF);
[18:06:26.427]        // -> [DAP_SWJ_Pins(0x00, 0x80, 0) => 0x0F]   (Out: nRESET=0  =>  In: SWCLK/TCK=1, SWDIO/TMS=1, TDI=1, TDO=1, nTRST=0, nRESET=0)
[18:06:26.428]        // -> [canReadPins <= 0x00000001]
[18:06:26.428]    </block>
[18:06:26.428]    <control if="" while="1" timeout="200" info="">
[18:06:26.428]      // while "1"  (timeout="200")
[18:06:26.428]      // while-condition  =>  TRUE
[18:06:26.428]      // while "1"  (timeout="200")
[18:06:26.428]      // while-condition  =>  TRUE
[18:06:26.428]      // while "1"  (timeout="200")
[18:06:26.428]      // while-condition  =>  TRUE
[18:06:26.428]      // while "1"  (timeout="200")
[18:06:26.428]      // while-condition  =>  TRUE
[18:06:26.428]      // while "1"  (timeout="200")
[18:06:26.428]      // while-condition  =>  TRUE
[18:06:26.428]      // while "1"  (timeout="200")
[18:06:26.428]      // while-condition  =>  TRUE
[18:06:26.428]      // while "1"  (timeout="200")
[18:06:26.428]      // while-condition  =>  TRUE
[18:06:26.428]      // while "1"  (timeout="200")
[18:06:26.428]      // while-condition  =>  TRUE
[18:06:26.429]      // while "1"  (timeout="200")
[18:06:26.429]      // while-condition  =>  TRUE
[18:06:26.429]      // while "1"  (timeout="200")
[18:06:26.429]      // while-condition  =>  TRUE
[18:06:26.429]      // while "1"  (timeout="200")
[18:06:26.429]      // while-condition  =>  TRUE
[18:06:26.429]      // while "1"  (timeout="200")
[18:06:26.429]      // while-condition  =>  TRUE
[18:06:26.429]      // while "1"  (timeout="200")
[18:06:26.429]      // while-condition  =>  TRUE
[18:06:26.429]      // while "1"  (timeout="200")
[18:06:26.429]      // while-condition  =>  TRUE
[18:06:26.429]      // while "1"  (timeout="200")
[18:06:26.429]      // while-condition  =>  TRUE
[18:06:26.429]      // while "1"  (timeout="200")
[18:06:26.429]      // while-condition  =>  TRUE
[18:06:26.430]      // while "1"  (timeout="200")
[18:06:26.430]      // while-condition  =>  TRUE
[18:06:26.430]      // while "1"  (timeout="200")
[18:06:26.430]      // while-condition  =>  TRUE
[18:06:26.430]      // while "1"  (timeout="200")
[18:06:26.430]      // while-condition  =>  TRUE
[18:06:26.430]      // while "1"  (timeout="200")
[18:06:26.430]      // while-condition  =>  TRUE
[18:06:26.430]      // while "1"  (timeout="200")
[18:06:26.430]      // while-condition  =>  TRUE
[18:06:26.430]      // while "1"  (timeout="200")
[18:06:26.430]      // while-condition  =>  TRUE
[18:06:26.430]      // while "1"  (timeout="200")
[18:06:26.430]      // while-condition  =>  TRUE
[18:06:26.430]      // while "1"  (timeout="200")
[18:06:26.430]      // while-condition  =>  TRUE
[18:06:26.430]      // while "1"  (timeout="200")
[18:06:26.430]      // while-condition  =>  TRUE
[18:06:26.430]      // while "1"  (timeout="200")
[18:06:26.430]      // while-condition  =>  TRUE
[18:06:26.430]      // while "1"  (timeout="200")
[18:06:26.430]      // while-condition  =>  TRUE
[18:06:26.430]      // while "1"  (timeout="200")
[18:06:26.430]      // while-condition  =>  TRUE
[18:06:26.430]      // while "1"  (timeout="200")
[18:06:26.430]      // while-condition  =>  TRUE
[18:06:26.430]      // while "1"  (timeout="200")
[18:06:26.430]      // while-condition  =>  TRUE
[18:06:26.430]      // while "1"  (timeout="200")
[18:06:26.430]      // while-condition  =>  TRUE
[18:06:26.430]      // while "1"  (timeout="200")
[18:06:26.430]      // while-condition  =>  TRUE
[18:06:26.430]      // while "1"  (timeout="200")
[18:06:26.430]      // while-condition  =>  TRUE
[18:06:26.430]      // while "1"  (timeout="200")
[18:06:26.430]      // while-condition  =>  TRUE
[18:06:26.430]      // while "1"  (timeout="200")
[18:06:26.430]      // while-condition  =>  TRUE
[18:06:26.430]      // while "1"  (timeout="200")
[18:06:26.430]      // while-condition  =>  TRUE
[18:06:26.430]      // while "1"  (timeout="200")
[18:06:26.430]      // while-condition  =>  TRUE
[18:06:26.430]      // while "1"  (timeout="200")
[18:06:26.430]      // while-condition  =>  TRUE
[18:06:26.430]      // while "1"  (timeout="200")
[18:06:26.430]      // while-condition  =>  TRUE
[18:06:26.430]      // while "1"  (timeout="200")
[18:06:26.430]      // while-condition  =>  TRUE
[18:06:26.430]      // while "1"  (timeout="200")
[18:06:26.430]      // while-condition  =>  TRUE
[18:06:26.430]      // while "1"  (timeout="200")
[18:06:26.430]      // while-condition  =>  TRUE
[18:06:26.430]      // while "1"  (timeout="200")
[18:06:26.430]      // while-condition  =>  TRUE
[18:06:26.430]      // while "1"  (timeout="200")
[18:06:26.430]      // while-condition  =>  TRUE
[18:06:26.430]      // while "1"  (timeout="200")
[18:06:26.430]      // while-condition  =>  TRUE
[18:06:26.430]      // while "1"  (timeout="200")
[18:06:26.430]      // while-condition  =>  TRUE
[18:06:26.430]      // while "1"  (timeout="200")
[18:06:26.430]      // while-condition  =>  TRUE
[18:06:26.430]      // while "1"  (timeout="200")
[18:06:26.430]      // while-condition  =>  TRUE
[18:06:26.430]      // while "1"  (timeout="200")
[18:06:26.430]      // while-condition  =>  TRUE
[18:06:26.430]      // while "1"  (timeout="200")
[18:06:26.430]      // while-condition  =>  TRUE
[18:06:26.430]      // while "1"  (timeout="200")
[18:06:26.430]      // while-condition  =>  TRUE
[18:06:26.430]      // while "1"  (timeout="200")
[18:06:26.430]      // while-condition  =>  TRUE
[18:06:26.430]      // while "1"  (timeout="200")
[18:06:26.430]      // while-condition  =>  TRUE
[18:06:26.430]      // while "1"  (timeout="200")
[18:06:26.430]      // while-condition  =>  TRUE
[18:06:26.430]      // while "1"  (timeout="200")
[18:06:26.430]      // while-condition  =>  TRUE
[18:06:26.430]      // while "1"  (timeout="200")
[18:06:26.430]      // while-condition  =>  TRUE
[18:06:26.430]      // while "1"  (timeout="200")
[18:06:26.430]      // while-condition  =>  TRUE
[18:06:26.430]      // while "1"  (timeout="200")
[18:06:26.430]      // while-condition  =>  TRUE
[18:06:26.430]      // while "1"  (timeout="200")
[18:06:26.430]      // while-condition  =>  TRUE
[18:06:26.430]      // while "1"  (timeout="200")
[18:06:26.430]      // while-condition  =>  TRUE
[18:06:26.430]      // while "1"  (timeout="200")
[18:06:26.430]      // while-condition  =>  TRUE
[18:06:26.430]      // while "1"  (timeout="200")
[18:06:26.430]      // while-condition  =>  TRUE
[18:06:26.430]      // while "1"  (timeout="200")
[18:06:26.430]      // while-condition  =>  TRUE
[18:06:26.435]      // while "1"  (timeout="200")
[18:06:26.435]      // while-condition  =>  TRUE
[18:06:26.435]      // while "1"  (timeout="200")
[18:06:26.435]      // while-condition  =>  TRUE
[18:06:26.435]      // while "1"  (timeout="200")
[18:06:26.435]      // while-condition  =>  TRUE
[18:06:26.435]      // while "1"  (timeout="200")
[18:06:26.435]      // while-condition  =>  TRUE
[18:06:26.435]      // while "1"  (timeout="200")
[18:06:26.435]      // while-condition  =>  TRUE
[18:06:26.435]      // while "1"  (timeout="200")
[18:06:26.435]      // while-condition  =>  TRUE
[18:06:26.435]      // while "1"  (timeout="200")
[18:06:26.435]      // while-condition  =>  TRUE
[18:06:26.435]      // while "1"  (timeout="200")
[18:06:26.435]      // while-condition  =>  TRUE
[18:06:26.435]      // while "1"  (timeout="200")
[18:06:26.435]      // while-condition  =>  TRUE
[18:06:26.435]      // while "1"  (timeout="200")
[18:06:26.435]      // while-condition  =>  TRUE
[18:06:26.435]      // while "1"  (timeout="200")
[18:06:26.435]      // while-condition  =>  TRUE
[18:06:26.436]      // while "1"  (timeout="200")
[18:06:26.436]      // while-condition  =>  TRUE
[18:06:26.436]      // while "1"  (timeout="200")
[18:06:26.436]      // while-condition  =>  TRUE
[18:06:26.436]      // while "1"  (timeout="200")
[18:06:26.436]      // while-condition  =>  TRUE
[18:06:26.436]      // while "1"  (timeout="200")
[18:06:26.436]      // while-condition  =>  TRUE
[18:06:26.436]      // while "1"  (timeout="200")
[18:06:26.436]      // while-condition  =>  TRUE
[18:06:26.436]      // while "1"  (timeout="200")
[18:06:26.436]      // while-condition  =>  TRUE
[18:06:26.436]      // while "1"  (timeout="200")
[18:06:26.437]      // while-condition  =>  TRUE
[18:06:26.437]      // while "1"  (timeout="200")
[18:06:26.437]      // while-condition  =>  TRUE
[18:06:26.437]      // while "1"  (timeout="200")
[18:06:26.437]      // while-condition  =>  TRUE
[18:06:26.437]      // while "1"  (timeout="200")
[18:06:26.437]      // while-condition  =>  TRUE
[18:06:26.437]      // while "1"  (timeout="200")
[18:06:26.437]      // while-condition  =>  TRUE
[18:06:26.437]      // while "1"  (timeout="200")
[18:06:26.437]      // while-condition  =>  TRUE
[18:06:26.437]      // while "1"  (timeout="200")
[18:06:26.437]      // while-condition  =>  TRUE
[18:06:26.437]      // while "1"  (timeout="200")
[18:06:26.439]      // while-condition  =>  TRUE
[18:06:26.439]      // while "1"  (timeout="200")
[18:06:26.439]      // while-condition  =>  TRUE
[18:06:26.439]      // while "1"  (timeout="200")
[18:06:26.439]      // while-condition  =>  TRUE
[18:06:26.439]      // while "1"  (timeout="200")
[18:06:26.439]      // while-condition  =>  TRUE
[18:06:26.439]      // while "1"  (timeout="200")
[18:06:26.439]      // while-condition  =>  TRUE
[18:06:26.439]      // while "1"  (timeout="200")
[18:06:26.439]      // while-condition  =>  TRUE
[18:06:26.439]      // while "1"  (timeout="200")
[18:06:26.439]      // while-condition  =>  TRUE
[18:06:26.439]      // while "1"  (timeout="200")
[18:06:26.439]      // while-condition  =>  TRUE
[18:06:26.439]      // while "1"  (timeout="200")
[18:06:26.439]      // while-condition  =>  TRUE
[18:06:26.439]      // while "1"  (timeout="200")
[18:06:26.440]      // while-condition  =>  TRUE
[18:06:26.440]      // while "1"  (timeout="200")
[18:06:26.440]      // while-condition  =>  TRUE
[18:06:26.440]      // while "1"  (timeout="200")
[18:06:26.440]      // while-condition  =>  TRUE
[18:06:26.440]      // while "1"  (timeout="200")
[18:06:26.440]      // while-condition  =>  TRUE
[18:06:26.440]      // while "1"  (timeout="200")
[18:06:26.440]      // while-condition  =>  TRUE
[18:06:26.440]      // while "1"  (timeout="200")
[18:06:26.440]      // while-condition  =>  TRUE
[18:06:26.440]      // while "1"  (timeout="200")
[18:06:26.440]      // while-condition  =>  TRUE
[18:06:26.440]      // while "1"  (timeout="200")
[18:06:26.440]      // while-condition  =>  TRUE
[18:06:26.440]      // while "1"  (timeout="200")
[18:06:26.440]      // while-condition  =>  TRUE
[18:06:26.440]      // while "1"  (timeout="200")
[18:06:26.440]      // while-condition  =>  TRUE
[18:06:26.440]      // while "1"  (timeout="200")
[18:06:26.441]      // while-condition  =>  TRUE
[18:06:26.441]      // while "1"  (timeout="200")
[18:06:26.441]      // while-condition  =>  TRUE
[18:06:26.441]      // while "1"  (timeout="200")
[18:06:26.441]      // while-condition  =>  TRUE
[18:06:26.441]      // while "1"  (timeout="200")
[18:06:26.441]      // while-condition  =>  TRUE
[18:06:26.441]      // while "1"  (timeout="200")
[18:06:26.441]      // while-condition  =>  TRUE
[18:06:26.441]      // while "1"  (timeout="200")
[18:06:26.441]      // while-condition  =>  TRUE
[18:06:26.441]      // while "1"  (timeout="200")
[18:06:26.441]      // while-condition  =>  TRUE
[18:06:26.441]      // while "1"  (timeout="200")
[18:06:26.441]      // while-condition  =>  TRUE
[18:06:26.441]      // while "1"  (timeout="200")
[18:06:26.441]      // while-condition  =>  TRUE
[18:06:26.441]      // while "1"  (timeout="200")
[18:06:26.441]      // while-condition  =>  TRUE
[18:06:26.442]      // while "1"  (timeout="200")
[18:06:26.442]      // while  =>  TIMEOUT
[18:06:26.442]      // end while "1"
[18:06:26.442]    </control>
[18:06:26.442]    <control if="canReadPins" while="" timeout="0" info="">
[18:06:26.442]      // if-block "canReadPins"
[18:06:26.442]        // =>  TRUE
[18:06:26.442]      <control if="" while="(DAP_SWJ_Pins(nReset, nReset, 0) & nReset) == 0" timeout="1000000" info="">
[18:06:26.442]        // while "(DAP_SWJ_Pins(nReset, nReset, 0) & nReset) == 0"  (timeout="1000000")
[18:06:26.444]          // -> [DAP_SWJ_Pins(0x80, 0x80, 0) => 0x8F]   (Out: nRESET=1  =>  In: SWCLK/TCK=1, SWDIO/TMS=1, TDI=1, TDO=1, nTRST=0, nRESET=1)
[18:06:26.444]        // while-condition  =>  FALSE
[18:06:26.444]        // end while "(DAP_SWJ_Pins(nReset, nReset, 0) & nReset) == 0"
[18:06:26.444]      </control>
[18:06:26.444]      // end if-block "canReadPins"
[18:06:26.444]    </control>
[18:06:26.444]    <control if="!canReadPins" while="" timeout="0" info="">
[18:06:26.444]      // if-block "!canReadPins"
[18:06:26.444]        // =>  FALSE
[18:06:26.444]      // skip if-block "!canReadPins"
[18:06:26.444]    </control>
[18:06:26.444]    <control if="(ACCESS_POINT_VAL & 0x00E00000) == 0" while="" timeout="0" info="">
[18:06:26.444]      // if-block "(ACCESS_POINT_VAL & 0x00E00000) == 0"
[18:06:26.444]        // =>  TRUE
[18:06:26.444]      <block atomic="false" info="">
[18:06:26.444]        WriteAP(0x00, 0x190008);
[18:06:26.445]          // -> [WriteAP(0x00000000, 0x00190008)]   (__dp=0x00000000, __ap=0x00000004)
[18:06:26.445]        WriteAP(0xF0, 0x01);
[18:06:26.450]          // -> [WriteAP(0x000000F0, 0x00000001)]   (__dp=0x00000000, __ap=0x00000004)
[18:06:26.450]      </block>
[18:06:26.450]      // end if-block "(ACCESS_POINT_VAL & 0x00E00000) == 0"
[18:06:26.450]    </control>
[18:06:26.450]    <control if="(ACCESS_POINT_VAL & 0x00E00000) != 0" while="" timeout="0" info="">
[18:06:26.450]      // if-block "(ACCESS_POINT_VAL & 0x00E00000) != 0"
[18:06:26.450]        // =>  FALSE
[18:06:26.450]      // skip if-block "(ACCESS_POINT_VAL & 0x00E00000) != 0"
[18:06:26.450]    </control>
[18:06:26.450]    <block atomic="false" info="">
[18:06:26.450]      ACCESS_POINT_VAL = ReadAP(0x00);//Reading current state of access point
[18:06:26.455]        // -> [ReadAP(0x00000000) => 0x0079002F]   (__dp=0x00000000, __ap=0x00000004)
[18:06:26.455]        // -> [ACCESS_POINT_VAL <= 0x0079002F]
[18:06:26.455]      Message(0, "Current state of access point is: %x",ACCESS_POINT_VAL);
[18:06:26.455]      __ap = 0; //lets make sure we reset the access point selection
[18:06:26.455]        // -> [__ap <= 0x00000000]
[18:06:26.455]    </block>
[18:06:26.455]  </sequence>
[18:06:26.455]  
[18:06:26.477]  **********  Sequence "DebugDeviceUnlock"  (Context="Connect", Pname="", info="")
[18:06:26.477]  
[18:06:26.477]  <debugvars>
[18:06:26.478]    // Pre-defined
[18:06:26.478]    __protocol=0x00010002      (Protocol="SWD", SWJ-DP="True")
[18:06:26.478]    __connection=0x00000202    (Connection Type="Flash", Reset Type="System Reset")
[18:06:26.478]    __dp=0x00000000
[18:06:26.478]    __ap=0x00000000
[18:06:26.478]    __traceout=0x00000000      (Trace Disabled)
[18:06:26.478]    __errorcontrol=0x00000000  (Skip Errors="False")
[18:06:26.478]    __FlashAddr=0x00000000
[18:06:26.478]    __FlashLen=0x00000000
[18:06:26.478]    __FlashArg=0x00000000
[18:06:26.478]    __FlashOp=0x00000000
[18:06:26.478]    __Result=0x00000000
[18:06:26.478]  </debugvars>
[18:06:26.478]  
[18:06:26.478]  <sequence name="DebugDeviceUnlock" Pname="" disable="false" info="">
[18:06:26.478]    <block atomic="false" info="">
[18:06:26.478]      __var deviceID = 0;
[18:06:26.478]        // -> [deviceID <= 0x00000000]
[18:06:26.478]      __var version = 0;
[18:06:26.478]        // -> [version <= 0x00000000]
[18:06:26.479]      __var partNum = 0;
[18:06:26.479]        // -> [partNum <= 0x00000000]
[18:06:26.479]      __var manuf = 0;
[18:06:26.479]        // -> [manuf <= 0x00000000]
[18:06:26.479]      __var isMSPM0G1X0X_G3X0X = 0;
[18:06:26.479]        // -> [isMSPM0G1X0X_G3X0X <= 0x00000000]
[18:06:26.479]      __var isProduction = 0;
[18:06:26.479]        // -> [isProduction <= 0x00000000]
[18:06:26.479]      __var continueId = 0;
[18:06:26.479]        // -> [continueId <= 0x00000000]
[18:06:26.479]      deviceID =   Read32(0x41C40004);
[18:06:26.484]        // -> [Read32(0x41C40004) => 0x2BB8802F]   (__dp=0x00000000, __ap=0x00000000)
[18:06:26.484]        // -> [deviceID <= 0x2BB8802F]
[18:06:26.484]      version = deviceID >> 28;
[18:06:26.486]        // -> [version <= 0x00000002]
[18:06:26.486]      partNum = (deviceID & 0x0FFFF000) >> 12;
[18:06:26.486]        // -> [partNum <= 0x0000BB88]
[18:06:26.486]      manuf = (deviceID & 0x00000FFE) >> 1;
[18:06:26.486]        // -> [manuf <= 0x00000017]
[18:06:26.486]      isMSPM0G1X0X_G3X0X = (partNum == 0xBB88) && (manuf == 0x17);
[18:06:26.486]        // -> [isMSPM0G1X0X_G3X0X <= 0x00000001]
[18:06:26.486]      isProduction = (version > 0);
[18:06:26.486]        // -> [isProduction <= 0x00000001]
[18:06:26.486]    </block>
[18:06:26.486]    <control if="!isMSPM0G1X0X_G3X0X" while="" timeout="0" info="">
[18:06:26.486]      // if-block "!isMSPM0G1X0X_G3X0X"
[18:06:26.486]        // =>  FALSE
[18:06:26.486]      // skip if-block "!isMSPM0G1X0X_G3X0X"
[18:06:26.486]    </control>
[18:06:26.486]    <control if="continueId == 4" while="" timeout="0" info="">
[18:06:26.486]      // if-block "continueId == 4"
[18:06:26.486]        // =>  FALSE
[18:06:26.486]      // skip if-block "continueId == 4"
[18:06:26.486]    </control>
[18:06:26.486]    <control if="!isProduction" while="" timeout="0" info="">
[18:06:26.486]      // if-block "!isProduction"
[18:06:26.486]        // =>  FALSE
[18:06:26.486]      // skip if-block "!isProduction"
[18:06:26.486]    </control>
[18:06:26.486]  </sequence>
[18:06:26.486]  
[18:11:13.218]  **********  Sequence "DebugPortSetup"  (Context="Connect", Pname="", info="")
[18:11:13.218]  
[18:11:13.219]  <debugvars>
[18:11:13.219]    // Pre-defined
[18:11:13.219]    __protocol=0x00010002      (Protocol="SWD", SWJ-DP="True")
[18:11:13.219]    __connection=0x00000202    (Connection Type="Flash", Reset Type="System Reset")
[18:11:13.219]    __dp=0x00000000
[18:11:13.219]    __ap=0x00000000
[18:11:13.220]    __traceout=0x00000000      (Trace Disabled)
[18:11:13.220]    __errorcontrol=0x00000000  (Skip Errors="False")
[18:11:13.220]    __FlashAddr=0x00000000
[18:11:13.220]    __FlashLen=0x00000000
[18:11:13.220]    __FlashArg=0x00000000
[18:11:13.221]    __FlashOp=0x00000000
[18:11:13.221]    __Result=0x00000000
[18:11:13.221]  </debugvars>
[18:11:13.222]  
[18:11:13.222]  <sequence name="DebugPortSetup" Pname="" disable="false" info="">
[18:11:13.222]    <block atomic="false" info="">
[18:11:13.222]      __var isSWJ      = ((__protocol & 0x00010000) != 0);
[18:11:13.222]        // -> [isSWJ <= 0x00000001]
[18:11:13.222]      __var hasDormant = __protocol & 0x00020000;
[18:11:13.222]        // -> [hasDormant <= 0x00000000]
[18:11:13.222]      __var protType   = __protocol & 0x0000FFFF;
[18:11:13.222]        // -> [protType <= 0x00000002]
[18:11:13.222]    </block>
[18:11:13.222]    <control if="protType == 1" while="" timeout="0" info="">
[18:11:13.222]      // if-block "protType == 1"
[18:11:13.222]        // =>  FALSE
[18:11:13.222]      // skip if-block "protType == 1"
[18:11:13.222]    </control>
[18:11:13.222]    <control if="protType == 2" while="" timeout="0" info="">
[18:11:13.222]      // if-block "protType == 2"
[18:11:13.222]        // =>  TRUE
[18:11:13.222]      <control if="isSWJ" while="" timeout="0" info="">
[18:11:13.222]        // if-block "isSWJ"
[18:11:13.222]          // =>  TRUE
[18:11:13.222]        <control if="hasDormant" while="" timeout="0" info="">
[18:11:13.222]          // if-block "hasDormant"
[18:11:13.222]            // =>  FALSE
[18:11:13.222]          // skip if-block "hasDormant"
[18:11:13.222]        </control>
[18:11:13.222]        <control if="!hasDormant" while="" timeout="0" info="">
[18:11:13.222]          // if-block "!hasDormant"
[18:11:13.222]            // =>  TRUE
[18:11:13.222]          <block atomic="false" info="">
[18:11:13.222]            DAP_SWJ_Sequence(51, 0x0007FFFFFFFFFFFF); //lets put the JTAG line in a reset state
[18:11:13.227]              // -> [DAP_SWJ_Sequence(51, 0x0007FFFFFFFFFFFF)]
[18:11:13.227]            DAP_SWJ_Sequence(16,0xE73C); //SWD to JTAG, this is to ensure the state machine is initialized
[18:11:13.229]              // -> [DAP_SWJ_Sequence(16, 0x000000000000E73C)]
[18:11:13.229]            DAP_SWJ_Sequence(51, 0x0007FFFFFFFFFFFF); //Put it back in reset
[18:11:13.231]              // -> [DAP_SWJ_Sequence(51, 0x0007FFFFFFFFFFFF)]
[18:11:13.231]            DAP_SWJ_Sequence(16, 0xE79E); //JTAG to SWD switch
[18:11:13.233]              // -> [DAP_SWJ_Sequence(16, 0x000000000000E79E)]
[18:11:13.233]            DAP_SWJ_Sequence(51, 0x0007FFFFFFFFFFFF);  //Ensure the switch is successful 
[18:11:13.237]              // -> [DAP_SWJ_Sequence(51, 0x0007FFFFFFFFFFFF)]
[18:11:13.237]            DAP_SWJ_Sequence(7,  0x00); //Give the line some time to initialize
[18:11:13.238]              // -> [DAP_SWJ_Sequence(7, 0x0000000000000000)]
[18:11:13.238]          </block>
[18:11:13.238]          // end if-block "!hasDormant"
[18:11:13.239]        </control>
[18:11:13.239]        // end if-block "isSWJ"
[18:11:13.239]      </control>
[18:11:13.239]      <control if="!isSWJ" while="" timeout="0" info="">
[18:11:13.239]        // if-block "!isSWJ"
[18:11:13.239]          // =>  FALSE
[18:11:13.239]        // skip if-block "!isSWJ"
[18:11:13.240]      </control>
[18:11:13.240]      <block atomic="false" info="">
[18:11:13.240]        ReadDP(0x0);
[18:11:13.242]          // -> [ReadDP(0x00000000) => 0x6BA02477]   (__dp=0x00000000)
[18:11:13.242]      </block>
[18:11:13.242]      // end if-block "protType == 2"
[18:11:13.243]    </control>
[18:11:13.243]  </sequence>
[18:11:13.243]  
[18:11:13.248]  **********  Sequence "DebugPortStart"  (Context="Connect", Pname="", info="")
[18:11:13.248]  
[18:11:13.248]  <debugvars>
[18:11:13.248]    // Pre-defined
[18:11:13.248]    __protocol=0x00010002      (Protocol="SWD", SWJ-DP="True")
[18:11:13.248]    __connection=0x00000202    (Connection Type="Flash", Reset Type="System Reset")
[18:11:13.248]    __dp=0x00000000
[18:11:13.248]    __ap=0x00000000
[18:11:13.249]    __traceout=0x00000000      (Trace Disabled)
[18:11:13.249]    __errorcontrol=0x00000000  (Skip Errors="False")
[18:11:13.249]    __FlashAddr=0x00000000
[18:11:13.249]    __FlashLen=0x00000000
[18:11:13.249]    __FlashArg=0x00000000
[18:11:13.249]    __FlashOp=0x00000000
[18:11:13.249]    __Result=0x00000000
[18:11:13.249]  </debugvars>
[18:11:13.249]  
[18:11:13.250]  <sequence name="DebugPortStart" Pname="" disable="false" info="">
[18:11:13.250]    <block atomic="false" info="">
[18:11:13.250]      __var SW_DP_ABORT       = 0x0;
[18:11:13.250]        // -> [SW_DP_ABORT <= 0x00000000]
[18:11:13.250]      __var DP_CTRL_STAT      = 0x4;
[18:11:13.250]        // -> [DP_CTRL_STAT <= 0x00000004]
[18:11:13.251]      __var DP_SELECT         = 0x8;
[18:11:13.251]        // -> [DP_SELECT <= 0x00000008]
[18:11:13.251]      __var powered_down      = 0;
[18:11:13.251]        // -> [powered_down <= 0x00000000]
[18:11:13.251]      WriteDP(DP_SELECT, 0x00000000);
[18:11:13.253]        // -> [WriteDP(0x00000008, 0x00000000)]   (__dp=0x00000000)
[18:11:13.254]      powered_down = ((ReadDP(DP_CTRL_STAT) & 0xA0000000) != 0xA0000000);
[18:11:13.255]        // -> [ReadDP(0x00000004) => 0x00000040]   (__dp=0x00000000)
[18:11:13.255]        // -> [powered_down <= 0x00000001]
[18:11:13.255]    </block>
[18:11:13.256]    <control if="powered_down" while="" timeout="0" info="">
[18:11:13.256]      // if-block "powered_down"
[18:11:13.256]        // =>  TRUE
[18:11:13.257]      <block atomic="false" info="">
[18:11:13.257]        Message(0, "Debug/System power-up request sent");
[18:11:13.260]        WriteDP(DP_CTRL_STAT, 0x50000000);
[18:11:13.263]          // -> [WriteDP(0x00000004, 0x50000000)]   (__dp=0x00000000)
[18:11:13.264]      </block>
[18:11:13.264]      <control if="" while="(ReadDP(DP_CTRL_STAT) & 0xA0000000) != 0xA0000000" timeout="1000000" info="">
[18:11:13.264]        // while "(ReadDP(DP_CTRL_STAT) & 0xA0000000) != 0xA0000000"  (timeout="1000000")
[18:11:13.266]          // -> [ReadDP(0x00000004) => 0xF0000040]   (__dp=0x00000000)
[18:11:13.266]        // while-condition  =>  FALSE
[18:11:13.266]        // end while "(ReadDP(DP_CTRL_STAT) & 0xA0000000) != 0xA0000000"
[18:11:13.267]      </control>
[18:11:13.267]      <control if="(__protocol & 0xFFFF) == 1" while="" timeout="0" info="">
[18:11:13.267]        // if-block "(__protocol & 0xFFFF) == 1"
[18:11:13.267]          // =>  FALSE
[18:11:13.267]        // skip if-block "(__protocol & 0xFFFF) == 1"
[18:11:13.268]      </control>
[18:11:13.268]      <control if="(__protocol & 0xFFFF) == 2" while="" timeout="0" info="">
[18:11:13.268]        // if-block "(__protocol & 0xFFFF) == 2"
[18:11:13.268]          // =>  TRUE
[18:11:13.268]        <block atomic="false" info="">
[18:11:13.268]          Message(0, "executing SWD power up");
[18:11:13.271]          WriteDP(DP_CTRL_STAT, 0x50000F00);
[18:11:13.273]            // -> [WriteDP(0x00000004, 0x50000F00)]   (__dp=0x00000000)
[18:11:13.274]          WriteDP(SW_DP_ABORT, 0x0000001E);
[18:11:13.275]            // -> [WriteDP(0x00000000, 0x0000001E)]   (__dp=0x00000000)
[18:11:13.275]        </block>
[18:11:13.275]        // end if-block "(__protocol & 0xFFFF) == 2"
[18:11:13.275]      </control>
[18:11:13.275]      // end if-block "powered_down"
[18:11:13.275]    </control>
[18:11:13.275]    <block atomic="false" info="">
[18:11:13.276]      __var DEBUG_PORT_VAL    = 0;
[18:11:13.276]        // -> [DEBUG_PORT_VAL <= 0x00000000]
[18:11:13.276]      __var ACCESS_POINT_VAL  = 0;
[18:11:13.276]        // -> [ACCESS_POINT_VAL <= 0x00000000]
[18:11:13.276]      __ap = 1; 
[18:11:13.276]        // -> [__ap <= 0x00000001]
[18:11:13.276]      WriteAP(0x0C, 0x04); //lets use the mini pwr-ap as backup
[18:11:13.285]        // -> [WriteAP(0x0000000C, 0x00000004)]   (__dp=0x00000000, __ap=0x00000001)
[18:11:13.285]      __ap = 4;
[18:11:13.285]        // -> [__ap <= 0x00000004]
[18:11:13.285]      ACCESS_POINT_VAL = ReadAP(0x00);//Reading current state of access point
[18:11:13.288]        // -> [ReadAP(0x00000000) => 0x00080027]   (__dp=0x00000000, __ap=0x00000004)
[18:11:13.288]        // -> [ACCESS_POINT_VAL <= 0x00080027]
[18:11:13.288]      Message(0, "Current state of access point is: %x",ACCESS_POINT_VAL);
[18:11:13.293]    </block>
[18:11:13.293]    <block atomic="false" info="">
[18:11:13.293]      __var nReset = 0x80;
[18:11:13.293]        // -> [nReset <= 0x00000080]
[18:11:13.293]      __var canReadPins = 0;
[18:11:13.293]        // -> [canReadPins <= 0x00000000]
[18:11:13.293]      canReadPins = (DAP_SWJ_Pins(0x00, nReset, 0) != 0xFFFFFFFF);
[18:11:13.296]        // -> [DAP_SWJ_Pins(0x00, 0x80, 0) => 0x0F]   (Out: nRESET=0  =>  In: SWCLK/TCK=1, SWDIO/TMS=1, TDI=1, TDO=1, nTRST=0, nRESET=0)
[18:11:13.296]        // -> [canReadPins <= 0x00000001]
[18:11:13.297]    </block>
[18:11:13.297]    <control if="" while="1" timeout="200" info="">
[18:11:13.297]      // while "1"  (timeout="200")
[18:11:13.297]      // while-condition  =>  TRUE
[18:11:13.297]      // while "1"  (timeout="200")
[18:11:13.297]      // while-condition  =>  TRUE
[18:11:13.297]      // while "1"  (timeout="200")
[18:11:13.297]      // while-condition  =>  TRUE
[18:11:13.297]      // while "1"  (timeout="200")
[18:11:13.297]      // while-condition  =>  TRUE
[18:11:13.297]      // while "1"  (timeout="200")
[18:11:13.298]      // while-condition  =>  TRUE
[18:11:13.298]      // while "1"  (timeout="200")
[18:11:13.298]      // while-condition  =>  TRUE
[18:11:13.298]      // while "1"  (timeout="200")
[18:11:13.298]      // while-condition  =>  TRUE
[18:11:13.298]      // while "1"  (timeout="200")
[18:11:13.298]      // while-condition  =>  TRUE
[18:11:13.298]      // while "1"  (timeout="200")
[18:11:13.298]      // while-condition  =>  TRUE
[18:11:13.298]      // while "1"  (timeout="200")
[18:11:13.298]      // while-condition  =>  TRUE
[18:11:13.298]      // while "1"  (timeout="200")
[18:11:13.299]      // while-condition  =>  TRUE
[18:11:13.299]      // while "1"  (timeout="200")
[18:11:13.299]      // while-condition  =>  TRUE
[18:11:13.299]      // while "1"  (timeout="200")
[18:11:13.299]      // while-condition  =>  TRUE
[18:11:13.299]      // while "1"  (timeout="200")
[18:11:13.299]      // while-condition  =>  TRUE
[18:11:13.299]      // while "1"  (timeout="200")
[18:11:13.299]      // while-condition  =>  TRUE
[18:11:13.299]      // while "1"  (timeout="200")
[18:11:13.299]      // while-condition  =>  TRUE
[18:11:13.299]      // while "1"  (timeout="200")
[18:11:13.299]      // while-condition  =>  TRUE
[18:11:13.299]      // while "1"  (timeout="200")
[18:11:13.299]      // while-condition  =>  TRUE
[18:11:13.299]      // while "1"  (timeout="200")
[18:11:13.299]      // while-condition  =>  TRUE
[18:11:13.299]      // while "1"  (timeout="200")
[18:11:13.300]      // while-condition  =>  TRUE
[18:11:13.300]      // while "1"  (timeout="200")
[18:11:13.300]      // while-condition  =>  TRUE
[18:11:13.300]      // while "1"  (timeout="200")
[18:11:13.300]      // while-condition  =>  TRUE
[18:11:13.300]      // while "1"  (timeout="200")
[18:11:13.300]      // while-condition  =>  TRUE
[18:11:13.300]      // while "1"  (timeout="200")
[18:11:13.300]      // while-condition  =>  TRUE
[18:11:13.300]      // while "1"  (timeout="200")
[18:11:13.300]      // while-condition  =>  TRUE
[18:11:13.300]      // while "1"  (timeout="200")
[18:11:13.300]      // while-condition  =>  TRUE
[18:11:13.300]      // while "1"  (timeout="200")
[18:11:13.300]      // while-condition  =>  TRUE
[18:11:13.300]      // while "1"  (timeout="200")
[18:11:13.300]      // while-condition  =>  TRUE
[18:11:13.300]      // while "1"  (timeout="200")
[18:11:13.300]      // while-condition  =>  TRUE
[18:11:13.300]      // while "1"  (timeout="200")
[18:11:13.300]      // while-condition  =>  TRUE
[18:11:13.301]      // while "1"  (timeout="200")
[18:11:13.301]      // while  =>  TIMEOUT
[18:11:13.301]      // end while "1"
[18:11:13.301]    </control>
[18:11:13.301]    <control if="canReadPins" while="" timeout="0" info="">
[18:11:13.301]      // if-block "canReadPins"
[18:11:13.301]        // =>  TRUE
[18:11:13.301]      <control if="" while="(DAP_SWJ_Pins(nReset, nReset, 0) & nReset) == 0" timeout="1000000" info="">
[18:11:13.301]        // while "(DAP_SWJ_Pins(nReset, nReset, 0) & nReset) == 0"  (timeout="1000000")
[18:11:13.303]          // -> [DAP_SWJ_Pins(0x80, 0x80, 0) => 0x8F]   (Out: nRESET=1  =>  In: SWCLK/TCK=1, SWDIO/TMS=1, TDI=1, TDO=1, nTRST=0, nRESET=1)
[18:11:13.303]        // while-condition  =>  FALSE
[18:11:13.303]        // end while "(DAP_SWJ_Pins(nReset, nReset, 0) & nReset) == 0"
[18:11:13.303]      </control>
[18:11:13.304]      // end if-block "canReadPins"
[18:11:13.304]    </control>
[18:11:13.304]    <control if="!canReadPins" while="" timeout="0" info="">
[18:11:13.304]      // if-block "!canReadPins"
[18:11:13.304]        // =>  FALSE
[18:11:13.304]      // skip if-block "!canReadPins"
[18:11:13.304]    </control>
[18:11:13.304]    <control if="(ACCESS_POINT_VAL & 0x00E00000) == 0" while="" timeout="0" info="">
[18:11:13.304]      // if-block "(ACCESS_POINT_VAL & 0x00E00000) == 0"
[18:11:13.304]        // =>  TRUE
[18:11:13.304]      <block atomic="false" info="">
[18:11:13.304]        WriteAP(0x00, 0x190008);
[18:11:13.306]          // -> [WriteAP(0x00000000, 0x00190008)]   (__dp=0x00000000, __ap=0x00000004)
[18:11:13.306]        WriteAP(0xF0, 0x01);
[18:11:13.310]          // -> [WriteAP(0x000000F0, 0x00000001)]   (__dp=0x00000000, __ap=0x00000004)
[18:11:13.310]      </block>
[18:11:13.310]      // end if-block "(ACCESS_POINT_VAL & 0x00E00000) == 0"
[18:11:13.310]    </control>
[18:11:13.310]    <control if="(ACCESS_POINT_VAL & 0x00E00000) != 0" while="" timeout="0" info="">
[18:11:13.310]      // if-block "(ACCESS_POINT_VAL & 0x00E00000) != 0"
[18:11:13.310]        // =>  FALSE
[18:11:13.311]      // skip if-block "(ACCESS_POINT_VAL & 0x00E00000) != 0"
[18:11:13.311]    </control>
[18:11:13.311]    <block atomic="false" info="">
[18:11:13.311]      ACCESS_POINT_VAL = ReadAP(0x00);//Reading current state of access point
[18:11:13.315]        // -> [ReadAP(0x00000000) => 0x0079002F]   (__dp=0x00000000, __ap=0x00000004)
[18:11:13.315]        // -> [ACCESS_POINT_VAL <= 0x0079002F]
[18:11:13.315]      Message(0, "Current state of access point is: %x",ACCESS_POINT_VAL);
[18:11:13.317]      __ap = 0; //lets make sure we reset the access point selection
[18:11:13.317]        // -> [__ap <= 0x00000000]
[18:11:13.318]    </block>
[18:11:13.318]  </sequence>
[18:11:13.318]  
[18:11:13.339]  **********  Sequence "DebugDeviceUnlock"  (Context="Connect", Pname="", info="")
[18:11:13.339]  
[18:11:13.339]  <debugvars>
[18:11:13.339]    // Pre-defined
[18:11:13.339]    __protocol=0x00010002      (Protocol="SWD", SWJ-DP="True")
[18:11:13.339]    __connection=0x00000202    (Connection Type="Flash", Reset Type="System Reset")
[18:11:13.339]    __dp=0x00000000
[18:11:13.339]    __ap=0x00000000
[18:11:13.339]    __traceout=0x00000000      (Trace Disabled)
[18:11:13.339]    __errorcontrol=0x00000000  (Skip Errors="False")
[18:11:13.339]    __FlashAddr=0x00000000
[18:11:13.339]    __FlashLen=0x00000000
[18:11:13.339]    __FlashArg=0x00000000
[18:11:13.339]    __FlashOp=0x00000000
[18:11:13.339]    __Result=0x00000000
[18:11:13.339]  </debugvars>
[18:11:13.339]  
[18:11:13.339]  <sequence name="DebugDeviceUnlock" Pname="" disable="false" info="">
[18:11:13.340]    <block atomic="false" info="">
[18:11:13.340]      __var deviceID = 0;
[18:11:13.340]        // -> [deviceID <= 0x00000000]
[18:11:13.340]      __var version = 0;
[18:11:13.340]        // -> [version <= 0x00000000]
[18:11:13.340]      __var partNum = 0;
[18:11:13.340]        // -> [partNum <= 0x00000000]
[18:11:13.340]      __var manuf = 0;
[18:11:13.340]        // -> [manuf <= 0x00000000]
[18:11:13.340]      __var isMSPM0G1X0X_G3X0X = 0;
[18:11:13.340]        // -> [isMSPM0G1X0X_G3X0X <= 0x00000000]
[18:11:13.340]      __var isProduction = 0;
[18:11:13.340]        // -> [isProduction <= 0x00000000]
[18:11:13.340]      __var continueId = 0;
[18:11:13.340]        // -> [continueId <= 0x00000000]
[18:11:13.340]      deviceID =   Read32(0x41C40004);
[18:11:13.346]        // -> [Read32(0x41C40004) => 0x2BB8802F]   (__dp=0x00000000, __ap=0x00000000)
[18:11:13.346]        // -> [deviceID <= 0x2BB8802F]
[18:11:13.346]      version = deviceID >> 28;
[18:11:13.347]        // -> [version <= 0x00000002]
[18:11:13.347]      partNum = (deviceID & 0x0FFFF000) >> 12;
[18:11:13.347]        // -> [partNum <= 0x0000BB88]
[18:11:13.347]      manuf = (deviceID & 0x00000FFE) >> 1;
[18:11:13.347]        // -> [manuf <= 0x00000017]
[18:11:13.347]      isMSPM0G1X0X_G3X0X = (partNum == 0xBB88) && (manuf == 0x17);
[18:11:13.347]        // -> [isMSPM0G1X0X_G3X0X <= 0x00000001]
[18:11:13.347]      isProduction = (version > 0);
[18:11:13.347]        // -> [isProduction <= 0x00000001]
[18:11:13.347]    </block>
[18:11:13.347]    <control if="!isMSPM0G1X0X_G3X0X" while="" timeout="0" info="">
[18:11:13.347]      // if-block "!isMSPM0G1X0X_G3X0X"
[18:11:13.347]        // =>  FALSE
[18:11:13.347]      // skip if-block "!isMSPM0G1X0X_G3X0X"
[18:11:13.347]    </control>
[18:11:13.347]    <control if="continueId == 4" while="" timeout="0" info="">
[18:11:13.347]      // if-block "continueId == 4"
[18:11:13.347]        // =>  FALSE
[18:11:13.347]      // skip if-block "continueId == 4"
[18:11:13.348]    </control>
[18:11:13.348]    <control if="!isProduction" while="" timeout="0" info="">
[18:11:13.348]      // if-block "!isProduction"
[18:11:13.348]        // =>  FALSE
[18:11:13.348]      // skip if-block "!isProduction"
[18:11:13.348]    </control>
[18:11:13.348]  </sequence>
[18:11:13.348]  
[18:14:02.579]  **********  Sequence "DebugPortSetup"  (Context="Connect", Pname="", info="")
[18:14:02.579]  
[18:14:02.579]  <debugvars>
[18:14:02.579]    // Pre-defined
[18:14:02.579]    __protocol=0x00010002      (Protocol="SWD", SWJ-DP="True")
[18:14:02.579]    __connection=0x00000202    (Connection Type="Flash", Reset Type="System Reset")
[18:14:02.579]    __dp=0x00000000
[18:14:02.579]    __ap=0x00000000
[18:14:02.579]    __traceout=0x00000000      (Trace Disabled)
[18:14:02.579]    __errorcontrol=0x00000000  (Skip Errors="False")
[18:14:02.579]    __FlashAddr=0x00000000
[18:14:02.579]    __FlashLen=0x00000000
[18:14:02.579]    __FlashArg=0x00000000
[18:14:02.579]    __FlashOp=0x00000000
[18:14:02.579]    __Result=0x00000000
[18:14:02.579]  </debugvars>
[18:14:02.579]  
[18:14:02.579]  <sequence name="DebugPortSetup" Pname="" disable="false" info="">
[18:14:02.579]    <block atomic="false" info="">
[18:14:02.579]      __var isSWJ      = ((__protocol & 0x00010000) != 0);
[18:14:02.579]        // -> [isSWJ <= 0x00000001]
[18:14:02.579]      __var hasDormant = __protocol & 0x00020000;
[18:14:02.579]        // -> [hasDormant <= 0x00000000]
[18:14:02.579]      __var protType   = __protocol & 0x0000FFFF;
[18:14:02.579]        // -> [protType <= 0x00000002]
[18:14:02.579]    </block>
[18:14:02.579]    <control if="protType == 1" while="" timeout="0" info="">
[18:14:02.579]      // if-block "protType == 1"
[18:14:02.579]        // =>  FALSE
[18:14:02.579]      // skip if-block "protType == 1"
[18:14:02.579]    </control>
[18:14:02.579]    <control if="protType == 2" while="" timeout="0" info="">
[18:14:02.579]      // if-block "protType == 2"
[18:14:02.579]        // =>  TRUE
[18:14:02.579]      <control if="isSWJ" while="" timeout="0" info="">
[18:14:02.579]        // if-block "isSWJ"
[18:14:02.579]          // =>  TRUE
[18:14:02.579]        <control if="hasDormant" while="" timeout="0" info="">
[18:14:02.579]          // if-block "hasDormant"
[18:14:02.579]            // =>  FALSE
[18:14:02.579]          // skip if-block "hasDormant"
[18:14:02.579]        </control>
[18:14:02.579]        <control if="!hasDormant" while="" timeout="0" info="">
[18:14:02.579]          // if-block "!hasDormant"
[18:14:02.579]            // =>  TRUE
[18:14:02.579]          <block atomic="false" info="">
[18:14:02.579]            DAP_SWJ_Sequence(51, 0x0007FFFFFFFFFFFF); //lets put the JTAG line in a reset state
[18:14:02.584]              // -> [DAP_SWJ_Sequence(51, 0x0007FFFFFFFFFFFF)]
[18:14:02.584]            DAP_SWJ_Sequence(16,0xE73C); //SWD to JTAG, this is to ensure the state machine is initialized
[18:14:02.584]              // -> [DAP_SWJ_Sequence(16, 0x000000000000E73C)]
[18:14:02.584]            DAP_SWJ_Sequence(51, 0x0007FFFFFFFFFFFF); //Put it back in reset
[18:14:02.589]              // -> [DAP_SWJ_Sequence(51, 0x0007FFFFFFFFFFFF)]
[18:14:02.589]            DAP_SWJ_Sequence(16, 0xE79E); //JTAG to SWD switch
[18:14:02.589]              // -> [DAP_SWJ_Sequence(16, 0x000000000000E79E)]
[18:14:02.589]            DAP_SWJ_Sequence(51, 0x0007FFFFFFFFFFFF);  //Ensure the switch is successful 
[18:14:02.594]              // -> [DAP_SWJ_Sequence(51, 0x0007FFFFFFFFFFFF)]
[18:14:02.594]            DAP_SWJ_Sequence(7,  0x00); //Give the line some time to initialize
[18:14:02.594]              // -> [DAP_SWJ_Sequence(7, 0x0000000000000000)]
[18:14:02.594]          </block>
[18:14:02.594]          // end if-block "!hasDormant"
[18:14:02.594]        </control>
[18:14:02.594]        // end if-block "isSWJ"
[18:14:02.594]      </control>
[18:14:02.594]      <control if="!isSWJ" while="" timeout="0" info="">
[18:14:02.594]        // if-block "!isSWJ"
[18:14:02.594]          // =>  FALSE
[18:14:02.594]        // skip if-block "!isSWJ"
[18:14:02.594]      </control>
[18:14:02.594]      <block atomic="false" info="">
[18:14:02.594]        ReadDP(0x0);
[18:14:02.600]          // -> [ReadDP(0x00000000) => 0x6BA02477]   (__dp=0x00000000)
[18:14:02.600]      </block>
[18:14:02.600]      // end if-block "protType == 2"
[18:14:02.600]    </control>
[18:14:02.600]  </sequence>
[18:14:02.600]  
[18:14:02.600]  **********  Sequence "DebugPortStart"  (Context="Connect", Pname="", info="")
[18:14:02.600]  
[18:14:02.600]  <debugvars>
[18:14:02.605]    // Pre-defined
[18:14:02.605]    __protocol=0x00010002      (Protocol="SWD", SWJ-DP="True")
[18:14:02.605]    __connection=0x00000202    (Connection Type="Flash", Reset Type="System Reset")
[18:14:02.605]    __dp=0x00000000
[18:14:02.605]    __ap=0x00000000
[18:14:02.605]    __traceout=0x00000000      (Trace Disabled)
[18:14:02.605]    __errorcontrol=0x00000000  (Skip Errors="False")
[18:14:02.605]    __FlashAddr=0x00000000
[18:14:02.605]    __FlashLen=0x00000000
[18:14:02.605]    __FlashArg=0x00000000
[18:14:02.605]    __FlashOp=0x00000000
[18:14:02.605]    __Result=0x00000000
[18:14:02.605]  </debugvars>
[18:14:02.605]  
[18:14:02.605]  <sequence name="DebugPortStart" Pname="" disable="false" info="">
[18:14:02.605]    <block atomic="false" info="">
[18:14:02.605]      __var SW_DP_ABORT       = 0x0;
[18:14:02.605]        // -> [SW_DP_ABORT <= 0x00000000]
[18:14:02.605]      __var DP_CTRL_STAT      = 0x4;
[18:14:02.605]        // -> [DP_CTRL_STAT <= 0x00000004]
[18:14:02.606]      __var DP_SELECT         = 0x8;
[18:14:02.606]        // -> [DP_SELECT <= 0x00000008]
[18:14:02.606]      __var powered_down      = 0;
[18:14:02.606]        // -> [powered_down <= 0x00000000]
[18:14:02.606]      WriteDP(DP_SELECT, 0x00000000);
[18:14:02.609]        // -> [WriteDP(0x00000008, 0x00000000)]   (__dp=0x00000000)
[18:14:02.609]      powered_down = ((ReadDP(DP_CTRL_STAT) & 0xA0000000) != 0xA0000000);
[18:14:02.612]        // -> [ReadDP(0x00000004) => 0x00000040]   (__dp=0x00000000)
[18:14:02.612]        // -> [powered_down <= 0x00000001]
[18:14:02.612]    </block>
[18:14:02.612]    <control if="powered_down" while="" timeout="0" info="">
[18:14:02.612]      // if-block "powered_down"
[18:14:02.613]        // =>  TRUE
[18:14:02.613]      <block atomic="false" info="">
[18:14:02.613]        Message(0, "Debug/System power-up request sent");
[18:14:02.614]        WriteDP(DP_CTRL_STAT, 0x50000000);
[18:14:02.614]          // -> [WriteDP(0x00000004, 0x50000000)]   (__dp=0x00000000)
[18:14:02.614]      </block>
[18:14:02.614]      <control if="" while="(ReadDP(DP_CTRL_STAT) & 0xA0000000) != 0xA0000000" timeout="1000000" info="">
[18:14:02.614]        // while "(ReadDP(DP_CTRL_STAT) & 0xA0000000) != 0xA0000000"  (timeout="1000000")
[18:14:02.614]          // -> [ReadDP(0x00000004) => 0xF0000040]   (__dp=0x00000000)
[18:14:02.614]        // while-condition  =>  FALSE
[18:14:02.614]        // end while "(ReadDP(DP_CTRL_STAT) & 0xA0000000) != 0xA0000000"
[18:14:02.614]      </control>
[18:14:02.614]      <control if="(__protocol & 0xFFFF) == 1" while="" timeout="0" info="">
[18:14:02.614]        // if-block "(__protocol & 0xFFFF) == 1"
[18:14:02.614]          // =>  FALSE
[18:14:02.614]        // skip if-block "(__protocol & 0xFFFF) == 1"
[18:14:02.614]      </control>
[18:14:02.614]      <control if="(__protocol & 0xFFFF) == 2" while="" timeout="0" info="">
[18:14:02.614]        // if-block "(__protocol & 0xFFFF) == 2"
[18:14:02.614]          // =>  TRUE
[18:14:02.614]        <block atomic="false" info="">
[18:14:02.614]          Message(0, "executing SWD power up");
[18:14:02.620]          WriteDP(DP_CTRL_STAT, 0x50000F00);
[18:14:02.625]            // -> [WriteDP(0x00000004, 0x50000F00)]   (__dp=0x00000000)
[18:14:02.625]          WriteDP(SW_DP_ABORT, 0x0000001E);
[18:14:02.625]            // -> [WriteDP(0x00000000, 0x0000001E)]   (__dp=0x00000000)
[18:14:02.625]        </block>
[18:14:02.625]        // end if-block "(__protocol & 0xFFFF) == 2"
[18:14:02.625]      </control>
[18:14:02.625]      // end if-block "powered_down"
[18:14:02.625]    </control>
[18:14:02.625]    <block atomic="false" info="">
[18:14:02.625]      __var DEBUG_PORT_VAL    = 0;
[18:14:02.625]        // -> [DEBUG_PORT_VAL <= 0x00000000]
[18:14:02.625]      __var ACCESS_POINT_VAL  = 0;
[18:14:02.625]        // -> [ACCESS_POINT_VAL <= 0x00000000]
[18:14:02.625]      __ap = 1; 
[18:14:02.625]        // -> [__ap <= 0x00000001]
[18:14:02.625]      WriteAP(0x0C, 0x04); //lets use the mini pwr-ap as backup
[18:14:02.630]        // -> [WriteAP(0x0000000C, 0x00000004)]   (__dp=0x00000000, __ap=0x00000001)
[18:14:02.630]      __ap = 4;
[18:14:02.630]        // -> [__ap <= 0x00000004]
[18:14:02.630]      ACCESS_POINT_VAL = ReadAP(0x00);//Reading current state of access point
[18:14:02.638]        // -> [ReadAP(0x00000000) => 0x00080027]   (__dp=0x00000000, __ap=0x00000004)
[18:14:02.638]        // -> [ACCESS_POINT_VAL <= 0x00080027]
[18:14:02.638]      Message(0, "Current state of access point is: %x",ACCESS_POINT_VAL);
[18:14:02.638]    </block>
[18:14:02.638]    <block atomic="false" info="">
[18:14:02.638]      __var nReset = 0x80;
[18:14:02.638]        // -> [nReset <= 0x00000080]
[18:14:02.638]      __var canReadPins = 0;
[18:14:02.638]        // -> [canReadPins <= 0x00000000]
[18:14:02.638]      canReadPins = (DAP_SWJ_Pins(0x00, nReset, 0) != 0xFFFFFFFF);
[18:14:02.643]        // -> [DAP_SWJ_Pins(0x00, 0x80, 0) => 0x0F]   (Out: nRESET=0  =>  In: SWCLK/TCK=1, SWDIO/TMS=1, TDI=1, TDO=1, nTRST=0, nRESET=0)
[18:14:02.643]        // -> [canReadPins <= 0x00000001]
[18:14:02.643]    </block>
[18:14:02.643]    <control if="" while="1" timeout="200" info="">
[18:14:02.643]      // while "1"  (timeout="200")
[18:14:02.643]      // while-condition  =>  TRUE
[18:14:02.643]      // while "1"  (timeout="200")
[18:14:02.643]      // while-condition  =>  TRUE
[18:14:02.643]      // while "1"  (timeout="200")
[18:14:02.643]      // while-condition  =>  TRUE
[18:14:02.643]      // while "1"  (timeout="200")
[18:14:02.643]      // while-condition  =>  TRUE
[18:14:02.643]      // while "1"  (timeout="200")
[18:14:02.643]      // while-condition  =>  TRUE
[18:14:02.643]      // while "1"  (timeout="200")
[18:14:02.643]      // while-condition  =>  TRUE
[18:14:02.643]      // while "1"  (timeout="200")
[18:14:02.643]      // while-condition  =>  TRUE
[18:14:02.643]      // while "1"  (timeout="200")
[18:14:02.643]      // while-condition  =>  TRUE
[18:14:02.643]      // while "1"  (timeout="200")
[18:14:02.643]      // while-condition  =>  TRUE
[18:14:02.643]      // while "1"  (timeout="200")
[18:14:02.643]      // while-condition  =>  TRUE
[18:14:02.643]      // while "1"  (timeout="200")
[18:14:02.643]      // while-condition  =>  TRUE
[18:14:02.643]      // while "1"  (timeout="200")
[18:14:02.643]      // while-condition  =>  TRUE
[18:14:02.643]      // while "1"  (timeout="200")
[18:14:02.643]      // while-condition  =>  TRUE
[18:14:02.643]      // while "1"  (timeout="200")
[18:14:02.643]      // while-condition  =>  TRUE
[18:14:02.643]      // while "1"  (timeout="200")
[18:14:02.643]      // while-condition  =>  TRUE
[18:14:02.643]      // while "1"  (timeout="200")
[18:14:02.643]      // while-condition  =>  TRUE
[18:14:02.643]      // while "1"  (timeout="200")
[18:14:02.643]      // while-condition  =>  TRUE
[18:14:02.643]      // while "1"  (timeout="200")
[18:14:02.643]      // while-condition  =>  TRUE
[18:14:02.643]      // while "1"  (timeout="200")
[18:14:02.643]      // while-condition  =>  TRUE
[18:14:02.643]      // while "1"  (timeout="200")
[18:14:02.643]      // while-condition  =>  TRUE
[18:14:02.643]      // while "1"  (timeout="200")
[18:14:02.643]      // while-condition  =>  TRUE
[18:14:02.643]      // while "1"  (timeout="200")
[18:14:02.643]      // while-condition  =>  TRUE
[18:14:02.643]      // while "1"  (timeout="200")
[18:14:02.643]      // while-condition  =>  TRUE
[18:14:02.643]      // while "1"  (timeout="200")
[18:14:02.643]      // while-condition  =>  TRUE
[18:14:02.643]      // while "1"  (timeout="200")
[18:14:02.643]      // while-condition  =>  TRUE
[18:14:02.643]      // while "1"  (timeout="200")
[18:14:02.643]      // while-condition  =>  TRUE
[18:14:02.643]      // while "1"  (timeout="200")
[18:14:02.643]      // while-condition  =>  TRUE
[18:14:02.643]      // while "1"  (timeout="200")
[18:14:02.643]      // while-condition  =>  TRUE
[18:14:02.643]      // while "1"  (timeout="200")
[18:14:02.643]      // while-condition  =>  TRUE
[18:14:02.643]      // while "1"  (timeout="200")
[18:14:02.643]      // while-condition  =>  TRUE
[18:14:02.643]      // while "1"  (timeout="200")
[18:14:02.643]      // while-condition  =>  TRUE
[18:14:02.643]      // while "1"  (timeout="200")
[18:14:02.643]      // while-condition  =>  TRUE
[18:14:02.643]      // while "1"  (timeout="200")
[18:14:02.643]      // while-condition  =>  TRUE
[18:14:02.643]      // while "1"  (timeout="200")
[18:14:02.643]      // while-condition  =>  TRUE
[18:14:02.643]      // while "1"  (timeout="200")
[18:14:02.643]      // while-condition  =>  TRUE
[18:14:02.643]      // while "1"  (timeout="200")
[18:14:02.643]      // while-condition  =>  TRUE
[18:14:02.643]      // while "1"  (timeout="200")
[18:14:02.643]      // while-condition  =>  TRUE
[18:14:02.643]      // while "1"  (timeout="200")
[18:14:02.643]      // while-condition  =>  TRUE
[18:14:02.643]      // while "1"  (timeout="200")
[18:14:02.643]      // while-condition  =>  TRUE
[18:14:02.643]      // while "1"  (timeout="200")
[18:14:02.643]      // while-condition  =>  TRUE
[18:14:02.643]      // while "1"  (timeout="200")
[18:14:02.643]      // while-condition  =>  TRUE
[18:14:02.643]      // while "1"  (timeout="200")
[18:14:02.643]      // while-condition  =>  TRUE
[18:14:02.643]      // while "1"  (timeout="200")
[18:14:02.643]      // while-condition  =>  TRUE
[18:14:02.643]      // while "1"  (timeout="200")
[18:14:02.643]      // while-condition  =>  TRUE
[18:14:02.643]      // while "1"  (timeout="200")
[18:14:02.643]      // while-condition  =>  TRUE
[18:14:02.643]      // while "1"  (timeout="200")
[18:14:02.643]      // while-condition  =>  TRUE
[18:14:02.643]      // while "1"  (timeout="200")
[18:14:02.643]      // while-condition  =>  TRUE
[18:14:02.643]      // while "1"  (timeout="200")
[18:14:02.643]      // while-condition  =>  TRUE
[18:14:02.643]      // while "1"  (timeout="200")
[18:14:02.643]      // while-condition  =>  TRUE
[18:14:02.643]      // while "1"  (timeout="200")
[18:14:02.643]      // while-condition  =>  TRUE
[18:14:02.643]      // while "1"  (timeout="200")
[18:14:02.643]      // while-condition  =>  TRUE
[18:14:02.643]      // while "1"  (timeout="200")
[18:14:02.643]      // while-condition  =>  TRUE
[18:14:02.643]      // while "1"  (timeout="200")
[18:14:02.643]      // while-condition  =>  TRUE
[18:14:02.643]      // while "1"  (timeout="200")
[18:14:02.643]      // while-condition  =>  TRUE
[18:14:02.643]      // while "1"  (timeout="200")
[18:14:02.648]      // while-condition  =>  TRUE
[18:14:02.648]      // while "1"  (timeout="200")
[18:14:02.648]      // while  =>  TIMEOUT
[18:14:02.648]      // end while "1"
[18:14:02.648]    </control>
[18:14:02.648]    <control if="canReadPins" while="" timeout="0" info="">
[18:14:02.648]      // if-block "canReadPins"
[18:14:02.648]        // =>  TRUE
[18:14:02.648]      <control if="" while="(DAP_SWJ_Pins(nReset, nReset, 0) & nReset) == 0" timeout="1000000" info="">
[18:14:02.648]        // while "(DAP_SWJ_Pins(nReset, nReset, 0) & nReset) == 0"  (timeout="1000000")
[18:14:02.648]          // -> [DAP_SWJ_Pins(0x80, 0x80, 0) => 0x8F]   (Out: nRESET=1  =>  In: SWCLK/TCK=1, SWDIO/TMS=1, TDI=1, TDO=1, nTRST=0, nRESET=1)
[18:14:02.648]        // while-condition  =>  FALSE
[18:14:02.648]        // end while "(DAP_SWJ_Pins(nReset, nReset, 0) & nReset) == 0"
[18:14:02.648]      </control>
[18:14:02.648]      // end if-block "canReadPins"
[18:14:02.648]    </control>
[18:14:02.648]    <control if="!canReadPins" while="" timeout="0" info="">
[18:14:02.648]      // if-block "!canReadPins"
[18:14:02.648]        // =>  FALSE
[18:14:02.648]      // skip if-block "!canReadPins"
[18:14:02.648]    </control>
[18:14:02.648]    <control if="(ACCESS_POINT_VAL & 0x00E00000) == 0" while="" timeout="0" info="">
[18:14:02.648]      // if-block "(ACCESS_POINT_VAL & 0x00E00000) == 0"
[18:14:02.648]        // =>  TRUE
[18:14:02.648]      <block atomic="false" info="">
[18:14:02.648]        WriteAP(0x00, 0x190008);
[18:14:02.653]          // -> [WriteAP(0x00000000, 0x00190008)]   (__dp=0x00000000, __ap=0x00000004)
[18:14:02.653]        WriteAP(0xF0, 0x01);
[18:14:02.653]          // -> [WriteAP(0x000000F0, 0x00000001)]   (__dp=0x00000000, __ap=0x00000004)
[18:14:02.653]      </block>
[18:14:02.653]      // end if-block "(ACCESS_POINT_VAL & 0x00E00000) == 0"
[18:14:02.653]    </control>
[18:14:02.653]    <control if="(ACCESS_POINT_VAL & 0x00E00000) != 0" while="" timeout="0" info="">
[18:14:02.653]      // if-block "(ACCESS_POINT_VAL & 0x00E00000) != 0"
[18:14:02.653]        // =>  FALSE
[18:14:02.653]      // skip if-block "(ACCESS_POINT_VAL & 0x00E00000) != 0"
[18:14:02.653]    </control>
[18:14:02.653]    <block atomic="false" info="">
[18:14:02.653]      ACCESS_POINT_VAL = ReadAP(0x00);//Reading current state of access point
[18:14:02.658]        // -> [ReadAP(0x00000000) => 0x0079002F]   (__dp=0x00000000, __ap=0x00000004)
[18:14:02.658]        // -> [ACCESS_POINT_VAL <= 0x0079002F]
[18:14:02.658]      Message(0, "Current state of access point is: %x",ACCESS_POINT_VAL);
[18:14:02.663]      __ap = 0; //lets make sure we reset the access point selection
[18:14:02.663]        // -> [__ap <= 0x00000000]
[18:14:02.663]    </block>
[18:14:02.663]  </sequence>
[18:14:02.663]  
[18:14:02.684]  **********  Sequence "DebugDeviceUnlock"  (Context="Connect", Pname="", info="")
[18:14:02.684]  
[18:14:02.684]  <debugvars>
[18:14:02.684]    // Pre-defined
[18:14:02.684]    __protocol=0x00010002      (Protocol="SWD", SWJ-DP="True")
[18:14:02.684]    __connection=0x00000202    (Connection Type="Flash", Reset Type="System Reset")
[18:14:02.684]    __dp=0x00000000
[18:14:02.684]    __ap=0x00000000
[18:14:02.684]    __traceout=0x00000000      (Trace Disabled)
[18:14:02.684]    __errorcontrol=0x00000000  (Skip Errors="False")
[18:14:02.684]    __FlashAddr=0x00000000
[18:14:02.684]    __FlashLen=0x00000000
[18:14:02.684]    __FlashArg=0x00000000
[18:14:02.684]    __FlashOp=0x00000000
[18:14:02.684]    __Result=0x00000000
[18:14:02.684]  </debugvars>
[18:14:02.684]  
[18:14:02.684]  <sequence name="DebugDeviceUnlock" Pname="" disable="false" info="">
[18:14:02.684]    <block atomic="false" info="">
[18:14:02.684]      __var deviceID = 0;
[18:14:02.684]        // -> [deviceID <= 0x00000000]
[18:14:02.684]      __var version = 0;
[18:14:02.684]        // -> [version <= 0x00000000]
[18:14:02.684]      __var partNum = 0;
[18:14:02.684]        // -> [partNum <= 0x00000000]
[18:14:02.684]      __var manuf = 0;
[18:14:02.684]        // -> [manuf <= 0x00000000]
[18:14:02.684]      __var isMSPM0G1X0X_G3X0X = 0;
[18:14:02.684]        // -> [isMSPM0G1X0X_G3X0X <= 0x00000000]
[18:14:02.684]      __var isProduction = 0;
[18:14:02.684]        // -> [isProduction <= 0x00000000]
[18:14:02.684]      __var continueId = 0;
[18:14:02.684]        // -> [continueId <= 0x00000000]
[18:14:02.684]      deviceID =   Read32(0x41C40004);
[18:14:02.694]        // -> [Read32(0x41C40004) => 0x2BB8802F]   (__dp=0x00000000, __ap=0x00000000)
[18:14:02.694]        // -> [deviceID <= 0x2BB8802F]
[18:14:02.694]      version = deviceID >> 28;
[18:14:02.694]        // -> [version <= 0x00000002]
[18:14:02.694]      partNum = (deviceID & 0x0FFFF000) >> 12;
[18:14:02.694]        // -> [partNum <= 0x0000BB88]
[18:14:02.694]      manuf = (deviceID & 0x00000FFE) >> 1;
[18:14:02.694]        // -> [manuf <= 0x00000017]
[18:14:02.694]      isMSPM0G1X0X_G3X0X = (partNum == 0xBB88) && (manuf == 0x17);
[18:14:02.694]        // -> [isMSPM0G1X0X_G3X0X <= 0x00000001]
[18:14:02.694]      isProduction = (version > 0);
[18:14:02.694]        // -> [isProduction <= 0x00000001]
[18:14:02.694]    </block>
[18:14:02.694]    <control if="!isMSPM0G1X0X_G3X0X" while="" timeout="0" info="">
[18:14:02.694]      // if-block "!isMSPM0G1X0X_G3X0X"
[18:14:02.696]        // =>  FALSE
[18:14:02.696]      // skip if-block "!isMSPM0G1X0X_G3X0X"
[18:14:02.696]    </control>
[18:14:02.696]    <control if="continueId == 4" while="" timeout="0" info="">
[18:14:02.696]      // if-block "continueId == 4"
[18:14:02.696]        // =>  FALSE
[18:14:02.696]      // skip if-block "continueId == 4"
[18:14:02.696]    </control>
[18:14:02.696]    <control if="!isProduction" while="" timeout="0" info="">
[18:14:02.696]      // if-block "!isProduction"
[18:14:02.696]        // =>  FALSE
[18:14:02.696]      // skip if-block "!isProduction"
[18:14:02.696]    </control>
[18:14:02.696]  </sequence>
[18:14:02.696]  
[18:14:14.842]  **********  Sequence "DebugPortSetup"  (Context="Connect", Pname="", info="")
[18:14:14.842]  
[18:14:14.842]  <debugvars>
[18:14:14.842]    // Pre-defined
[18:14:14.842]    __protocol=0x00010002      (Protocol="SWD", SWJ-DP="True")
[18:14:14.842]    __connection=0x00000202    (Connection Type="Flash", Reset Type="System Reset")
[18:14:14.842]    __dp=0x00000000
[18:14:14.842]    __ap=0x00000000
[18:14:14.842]    __traceout=0x00000000      (Trace Disabled)
[18:14:14.842]    __errorcontrol=0x00000000  (Skip Errors="False")
[18:14:14.842]    __FlashAddr=0x00000000
[18:14:14.842]    __FlashLen=0x00000000
[18:14:14.842]    __FlashArg=0x00000000
[18:14:14.842]    __FlashOp=0x00000000
[18:14:14.842]    __Result=0x00000000
[18:14:14.842]  </debugvars>
[18:14:14.842]  
[18:14:14.842]  <sequence name="DebugPortSetup" Pname="" disable="false" info="">
[18:14:14.842]    <block atomic="false" info="">
[18:14:14.842]      __var isSWJ      = ((__protocol & 0x00010000) != 0);
[18:14:14.842]        // -> [isSWJ <= 0x00000001]
[18:14:14.842]      __var hasDormant = __protocol & 0x00020000;
[18:14:14.842]        // -> [hasDormant <= 0x00000000]
[18:14:14.842]      __var protType   = __protocol & 0x0000FFFF;
[18:14:14.842]        // -> [protType <= 0x00000002]
[18:14:14.842]    </block>
[18:14:14.842]    <control if="protType == 1" while="" timeout="0" info="">
[18:14:14.842]      // if-block "protType == 1"
[18:14:14.842]        // =>  FALSE
[18:14:14.842]      // skip if-block "protType == 1"
[18:14:14.842]    </control>
[18:14:14.842]    <control if="protType == 2" while="" timeout="0" info="">
[18:14:14.842]      // if-block "protType == 2"
[18:14:14.842]        // =>  TRUE
[18:14:14.847]      <control if="isSWJ" while="" timeout="0" info="">
[18:14:14.847]        // if-block "isSWJ"
[18:14:14.847]          // =>  TRUE
[18:14:14.847]        <control if="hasDormant" while="" timeout="0" info="">
[18:14:14.847]          // if-block "hasDormant"
[18:14:14.847]            // =>  FALSE
[18:14:14.847]          // skip if-block "hasDormant"
[18:14:14.847]        </control>
[18:14:14.847]        <control if="!hasDormant" while="" timeout="0" info="">
[18:14:14.847]          // if-block "!hasDormant"
[18:14:14.847]            // =>  TRUE
[18:14:14.847]          <block atomic="false" info="">
[18:14:14.847]            DAP_SWJ_Sequence(51, 0x0007FFFFFFFFFFFF); //lets put the JTAG line in a reset state
[18:14:14.847]              // -> [DAP_SWJ_Sequence(51, 0x0007FFFFFFFFFFFF)]
[18:14:14.847]            DAP_SWJ_Sequence(16,0xE73C); //SWD to JTAG, this is to ensure the state machine is initialized
[18:14:14.852]              // -> [DAP_SWJ_Sequence(16, 0x000000000000E73C)]
[18:14:14.852]            DAP_SWJ_Sequence(51, 0x0007FFFFFFFFFFFF); //Put it back in reset
[18:14:14.852]              // -> [DAP_SWJ_Sequence(51, 0x0007FFFFFFFFFFFF)]
[18:14:14.852]            DAP_SWJ_Sequence(16, 0xE79E); //JTAG to SWD switch
[18:14:14.852]              // -> [DAP_SWJ_Sequence(16, 0x000000000000E79E)]
[18:14:14.852]            DAP_SWJ_Sequence(51, 0x0007FFFFFFFFFFFF);  //Ensure the switch is successful 
[18:14:14.858]              // -> [DAP_SWJ_Sequence(51, 0x0007FFFFFFFFFFFF)]
[18:14:14.858]            DAP_SWJ_Sequence(7,  0x00); //Give the line some time to initialize
[18:14:14.862]              // -> [DAP_SWJ_Sequence(7, 0x0000000000000000)]
[18:14:14.862]          </block>
[18:14:14.862]          // end if-block "!hasDormant"
[18:14:14.862]        </control>
[18:14:14.862]        // end if-block "isSWJ"
[18:14:14.862]      </control>
[18:14:14.862]      <control if="!isSWJ" while="" timeout="0" info="">
[18:14:14.862]        // if-block "!isSWJ"
[18:14:14.862]          // =>  FALSE
[18:14:14.862]        // skip if-block "!isSWJ"
[18:14:14.862]      </control>
[18:14:14.862]      <block atomic="false" info="">
[18:14:14.862]        ReadDP(0x0);
[18:14:14.862]          // -> [ReadDP(0x00000000) => 0x6BA02477]   (__dp=0x00000000)
[18:14:14.862]      </block>
[18:14:14.862]      // end if-block "protType == 2"
[18:14:14.862]    </control>
[18:14:14.862]  </sequence>
[18:14:14.862]  
[18:14:14.872]  **********  Sequence "DebugPortStart"  (Context="Connect", Pname="", info="")
[18:14:14.872]  
[18:14:14.872]  <debugvars>
[18:14:14.872]    // Pre-defined
[18:14:14.872]    __protocol=0x00010002      (Protocol="SWD", SWJ-DP="True")
[18:14:14.872]    __connection=0x00000202    (Connection Type="Flash", Reset Type="System Reset")
[18:14:14.872]    __dp=0x00000000
[18:14:14.872]    __ap=0x00000000
[18:14:14.872]    __traceout=0x00000000      (Trace Disabled)
[18:14:14.872]    __errorcontrol=0x00000000  (Skip Errors="False")
[18:14:14.872]    __FlashAddr=0x00000000
[18:14:14.872]    __FlashLen=0x00000000
[18:14:14.872]    __FlashArg=0x00000000
[18:14:14.872]    __FlashOp=0x00000000
[18:14:14.872]    __Result=0x00000000
[18:14:14.872]  </debugvars>
[18:14:14.872]  
[18:14:14.872]  <sequence name="DebugPortStart" Pname="" disable="false" info="">
[18:14:14.872]    <block atomic="false" info="">
[18:14:14.872]      __var SW_DP_ABORT       = 0x0;
[18:14:14.872]        // -> [SW_DP_ABORT <= 0x00000000]
[18:14:14.872]      __var DP_CTRL_STAT      = 0x4;
[18:14:14.872]        // -> [DP_CTRL_STAT <= 0x00000004]
[18:14:14.872]      __var DP_SELECT         = 0x8;
[18:14:14.872]        // -> [DP_SELECT <= 0x00000008]
[18:14:14.872]      __var powered_down      = 0;
[18:14:14.872]        // -> [powered_down <= 0x00000000]
[18:14:14.872]      WriteDP(DP_SELECT, 0x00000000);
[18:14:14.872]        // -> [WriteDP(0x00000008, 0x00000000)]   (__dp=0x00000000)
[18:14:14.872]      powered_down = ((ReadDP(DP_CTRL_STAT) & 0xA0000000) != 0xA0000000);
[18:14:14.878]        // -> [ReadDP(0x00000004) => 0x00000040]   (__dp=0x00000000)
[18:14:14.878]        // -> [powered_down <= 0x00000001]
[18:14:14.878]    </block>
[18:14:14.878]    <control if="powered_down" while="" timeout="0" info="">
[18:14:14.878]      // if-block "powered_down"
[18:14:14.878]        // =>  TRUE
[18:14:14.878]      <block atomic="false" info="">
[18:14:14.878]        Message(0, "Debug/System power-up request sent");
[18:14:14.878]        WriteDP(DP_CTRL_STAT, 0x50000000);
[18:14:14.878]          // -> [WriteDP(0x00000004, 0x50000000)]   (__dp=0x00000000)
[18:14:14.878]      </block>
[18:14:14.878]      <control if="" while="(ReadDP(DP_CTRL_STAT) & 0xA0000000) != 0xA0000000" timeout="1000000" info="">
[18:14:14.878]        // while "(ReadDP(DP_CTRL_STAT) & 0xA0000000) != 0xA0000000"  (timeout="1000000")
[18:14:14.883]          // -> [ReadDP(0x00000004) => 0xF0000040]   (__dp=0x00000000)
[18:14:14.883]        // while-condition  =>  FALSE
[18:14:14.883]        // end while "(ReadDP(DP_CTRL_STAT) & 0xA0000000) != 0xA0000000"
[18:14:14.883]      </control>
[18:14:14.883]      <control if="(__protocol & 0xFFFF) == 1" while="" timeout="0" info="">
[18:14:14.883]        // if-block "(__protocol & 0xFFFF) == 1"
[18:14:14.883]          // =>  FALSE
[18:14:14.883]        // skip if-block "(__protocol & 0xFFFF) == 1"
[18:14:14.883]      </control>
[18:14:14.883]      <control if="(__protocol & 0xFFFF) == 2" while="" timeout="0" info="">
[18:14:14.883]        // if-block "(__protocol & 0xFFFF) == 2"
[18:14:14.883]          // =>  TRUE
[18:14:14.883]        <block atomic="false" info="">
[18:14:14.883]          Message(0, "executing SWD power up");
[18:14:14.883]          WriteDP(DP_CTRL_STAT, 0x50000F00);
[18:14:14.888]            // -> [WriteDP(0x00000004, 0x50000F00)]   (__dp=0x00000000)
[18:14:14.888]          WriteDP(SW_DP_ABORT, 0x0000001E);
[18:14:14.890]            // -> [WriteDP(0x00000000, 0x0000001E)]   (__dp=0x00000000)
[18:14:14.890]        </block>
[18:14:14.890]        // end if-block "(__protocol & 0xFFFF) == 2"
[18:14:14.890]      </control>
[18:14:14.890]      // end if-block "powered_down"
[18:14:14.890]    </control>
[18:14:14.890]    <block atomic="false" info="">
[18:14:14.890]      __var DEBUG_PORT_VAL    = 0;
[18:14:14.890]        // -> [DEBUG_PORT_VAL <= 0x00000000]
[18:14:14.890]      __var ACCESS_POINT_VAL  = 0;
[18:14:14.890]        // -> [ACCESS_POINT_VAL <= 0x00000000]
[18:14:14.890]      __ap = 1; 
[18:14:14.890]        // -> [__ap <= 0x00000001]
[18:14:14.890]      WriteAP(0x0C, 0x04); //lets use the mini pwr-ap as backup
[18:14:14.895]        // -> [WriteAP(0x0000000C, 0x00000004)]   (__dp=0x00000000, __ap=0x00000001)
[18:14:14.895]      __ap = 4;
[18:14:14.895]        // -> [__ap <= 0x00000004]
[18:14:14.895]      ACCESS_POINT_VAL = ReadAP(0x00);//Reading current state of access point
[18:14:14.899]        // -> [ReadAP(0x00000000) => 0x00080027]   (__dp=0x00000000, __ap=0x00000004)
[18:14:14.899]        // -> [ACCESS_POINT_VAL <= 0x00080027]
[18:14:14.899]      Message(0, "Current state of access point is: %x",ACCESS_POINT_VAL);
[18:14:14.899]    </block>
[18:14:14.899]    <block atomic="false" info="">
[18:14:14.899]      __var nReset = 0x80;
[18:14:14.899]        // -> [nReset <= 0x00000080]
[18:14:14.899]      __var canReadPins = 0;
[18:14:14.899]        // -> [canReadPins <= 0x00000000]
[18:14:14.899]      canReadPins = (DAP_SWJ_Pins(0x00, nReset, 0) != 0xFFFFFFFF);
[18:14:14.904]        // -> [DAP_SWJ_Pins(0x00, 0x80, 0) => 0x0F]   (Out: nRESET=0  =>  In: SWCLK/TCK=1, SWDIO/TMS=1, TDI=1, TDO=1, nTRST=0, nRESET=0)
[18:14:14.904]        // -> [canReadPins <= 0x00000001]
[18:14:14.904]    </block>
[18:14:14.904]    <control if="" while="1" timeout="200" info="">
[18:14:14.904]      // while "1"  (timeout="200")
[18:14:14.904]      // while-condition  =>  TRUE
[18:14:14.904]      // while "1"  (timeout="200")
[18:14:14.904]      // while-condition  =>  TRUE
[18:14:14.904]      // while "1"  (timeout="200")
[18:14:14.904]      // while-condition  =>  TRUE
[18:14:14.904]      // while "1"  (timeout="200")
[18:14:14.904]      // while-condition  =>  TRUE
[18:14:14.904]      // while "1"  (timeout="200")
[18:14:14.904]      // while-condition  =>  TRUE
[18:14:14.904]      // while "1"  (timeout="200")
[18:14:14.904]      // while-condition  =>  TRUE
[18:14:14.904]      // while "1"  (timeout="200")
[18:14:14.904]      // while-condition  =>  TRUE
[18:14:14.904]      // while "1"  (timeout="200")
[18:14:14.904]      // while-condition  =>  TRUE
[18:14:14.904]      // while "1"  (timeout="200")
[18:14:14.904]      // while-condition  =>  TRUE
[18:14:14.904]      // while "1"  (timeout="200")
[18:14:14.904]      // while-condition  =>  TRUE
[18:14:14.904]      // while "1"  (timeout="200")
[18:14:14.904]      // while-condition  =>  TRUE
[18:14:14.904]      // while "1"  (timeout="200")
[18:14:14.904]      // while-condition  =>  TRUE
[18:14:14.904]      // while "1"  (timeout="200")
[18:14:14.904]      // while-condition  =>  TRUE
[18:14:14.904]      // while "1"  (timeout="200")
[18:14:14.904]      // while-condition  =>  TRUE
[18:14:14.904]      // while "1"  (timeout="200")
[18:14:14.904]      // while-condition  =>  TRUE
[18:14:14.904]      // while "1"  (timeout="200")
[18:14:14.904]      // while-condition  =>  TRUE
[18:14:14.904]      // while "1"  (timeout="200")
[18:14:14.904]      // while-condition  =>  TRUE
[18:14:14.904]      // while "1"  (timeout="200")
[18:14:14.904]      // while-condition  =>  TRUE
[18:14:14.904]      // while "1"  (timeout="200")
[18:14:14.904]      // while-condition  =>  TRUE
[18:14:14.904]      // while "1"  (timeout="200")
[18:14:14.904]      // while-condition  =>  TRUE
[18:14:14.904]      // while "1"  (timeout="200")
[18:14:14.904]      // while-condition  =>  TRUE
[18:14:14.904]      // while "1"  (timeout="200")
[18:14:14.904]      // while-condition  =>  TRUE
[18:14:14.904]      // while "1"  (timeout="200")
[18:14:14.904]      // while-condition  =>  TRUE
[18:14:14.904]      // while "1"  (timeout="200")
[18:14:14.904]      // while-condition  =>  TRUE
[18:14:14.904]      // while "1"  (timeout="200")
[18:14:14.904]      // while-condition  =>  TRUE
[18:14:14.904]      // while "1"  (timeout="200")
[18:14:14.904]      // while-condition  =>  TRUE
[18:14:14.904]      // while "1"  (timeout="200")
[18:14:14.904]      // while-condition  =>  TRUE
[18:14:14.904]      // while "1"  (timeout="200")
[18:14:14.904]      // while-condition  =>  TRUE
[18:14:14.904]      // while "1"  (timeout="200")
[18:14:14.904]      // while-condition  =>  TRUE
[18:14:14.904]      // while "1"  (timeout="200")
[18:14:14.904]      // while-condition  =>  TRUE
[18:14:14.904]      // while "1"  (timeout="200")
[18:14:14.904]      // while-condition  =>  TRUE
[18:14:14.904]      // while "1"  (timeout="200")
[18:14:14.904]      // while-condition  =>  TRUE
[18:14:14.904]      // while "1"  (timeout="200")
[18:14:14.904]      // while-condition  =>  TRUE
[18:14:14.904]      // while "1"  (timeout="200")
[18:14:14.904]      // while-condition  =>  TRUE
[18:14:14.904]      // while "1"  (timeout="200")
[18:14:14.904]      // while-condition  =>  TRUE
[18:14:14.904]      // while "1"  (timeout="200")
[18:14:14.904]      // while-condition  =>  TRUE
[18:14:14.904]      // while "1"  (timeout="200")
[18:14:14.904]      // while-condition  =>  TRUE
[18:14:14.904]      // while "1"  (timeout="200")
[18:14:14.904]      // while-condition  =>  TRUE
[18:14:14.904]      // while "1"  (timeout="200")
[18:14:14.904]      // while-condition  =>  TRUE
[18:14:14.904]      // while "1"  (timeout="200")
[18:14:14.904]      // while-condition  =>  TRUE
[18:14:14.904]      // while "1"  (timeout="200")
[18:14:14.904]      // while-condition  =>  TRUE
[18:14:14.904]      // while "1"  (timeout="200")
[18:14:14.904]      // while-condition  =>  TRUE
[18:14:14.904]      // while "1"  (timeout="200")
[18:14:14.904]      // while-condition  =>  TRUE
[18:14:14.904]      // while "1"  (timeout="200")
[18:14:14.904]      // while-condition  =>  TRUE
[18:14:14.904]      // while "1"  (timeout="200")
[18:14:14.904]      // while-condition  =>  TRUE
[18:14:14.904]      // while "1"  (timeout="200")
[18:14:14.904]      // while-condition  =>  TRUE
[18:14:14.904]      // while "1"  (timeout="200")
[18:14:14.904]      // while-condition  =>  TRUE
[18:14:14.904]      // while "1"  (timeout="200")
[18:14:14.904]      // while-condition  =>  TRUE
[18:14:14.904]      // while "1"  (timeout="200")
[18:14:14.904]      // while-condition  =>  TRUE
[18:14:14.904]      // while "1"  (timeout="200")
[18:14:14.904]      // while-condition  =>  TRUE
[18:14:14.904]      // while "1"  (timeout="200")
[18:14:14.904]      // while-condition  =>  TRUE
[18:14:14.904]      // while "1"  (timeout="200")
[18:14:14.904]      // while-condition  =>  TRUE
[18:14:14.904]      // while "1"  (timeout="200")
[18:14:14.904]      // while-condition  =>  TRUE
[18:14:14.904]      // while "1"  (timeout="200")
[18:14:14.909]      // while-condition  =>  TRUE
[18:14:14.909]      // while "1"  (timeout="200")
[18:14:14.909]      // while-condition  =>  TRUE
[18:14:14.909]      // while "1"  (timeout="200")
[18:14:14.909]      // while-condition  =>  TRUE
[18:14:14.909]      // while "1"  (timeout="200")
[18:14:14.909]      // while-condition  =>  TRUE
[18:14:14.909]      // while "1"  (timeout="200")
[18:14:14.909]      // while-condition  =>  TRUE
[18:14:14.909]      // while "1"  (timeout="200")
[18:14:14.909]      // while-condition  =>  TRUE
[18:14:14.909]      // while "1"  (timeout="200")
[18:14:14.909]      // while-condition  =>  TRUE
[18:14:14.909]      // while "1"  (timeout="200")
[18:14:14.909]      // while-condition  =>  TRUE
[18:14:14.909]      // while "1"  (timeout="200")
[18:14:14.909]      // while-condition  =>  TRUE
[18:14:14.909]      // while "1"  (timeout="200")
[18:14:14.909]      // while-condition  =>  TRUE
[18:14:14.909]      // while "1"  (timeout="200")
[18:14:14.909]      // while-condition  =>  TRUE
[18:14:14.909]      // while "1"  (timeout="200")
[18:14:14.909]      // while-condition  =>  TRUE
[18:14:14.909]      // while "1"  (timeout="200")
[18:14:14.909]      // while-condition  =>  TRUE
[18:14:14.909]      // while "1"  (timeout="200")
[18:14:14.909]      // while-condition  =>  TRUE
[18:14:14.909]      // while "1"  (timeout="200")
[18:14:14.909]      // while-condition  =>  TRUE
[18:14:14.909]      // while "1"  (timeout="200")
[18:14:14.909]      // while-condition  =>  TRUE
[18:14:14.909]      // while "1"  (timeout="200")
[18:14:14.910]      // while-condition  =>  TRUE
[18:14:14.911]      // while "1"  (timeout="200")
[18:14:14.911]      // while  =>  TIMEOUT
[18:14:14.911]      // end while "1"
[18:14:14.911]    </control>
[18:14:14.911]    <control if="canReadPins" while="" timeout="0" info="">
[18:14:14.911]      // if-block "canReadPins"
[18:14:14.911]        // =>  TRUE
[18:14:14.911]      <control if="" while="(DAP_SWJ_Pins(nReset, nReset, 0) & nReset) == 0" timeout="1000000" info="">
[18:14:14.911]        // while "(DAP_SWJ_Pins(nReset, nReset, 0) & nReset) == 0"  (timeout="1000000")
[18:14:14.911]          // -> [DAP_SWJ_Pins(0x80, 0x80, 0) => 0x8F]   (Out: nRESET=1  =>  In: SWCLK/TCK=1, SWDIO/TMS=1, TDI=1, TDO=1, nTRST=0, nRESET=1)
[18:14:14.911]        // while-condition  =>  FALSE
[18:14:14.911]        // end while "(DAP_SWJ_Pins(nReset, nReset, 0) & nReset) == 0"
[18:14:14.911]      </control>
[18:14:14.911]      // end if-block "canReadPins"
[18:14:14.911]    </control>
[18:14:14.911]    <control if="!canReadPins" while="" timeout="0" info="">
[18:14:14.911]      // if-block "!canReadPins"
[18:14:14.914]        // =>  FALSE
[18:14:14.914]      // skip if-block "!canReadPins"
[18:14:14.914]    </control>
[18:14:14.914]    <control if="(ACCESS_POINT_VAL & 0x00E00000) == 0" while="" timeout="0" info="">
[18:14:14.914]      // if-block "(ACCESS_POINT_VAL & 0x00E00000) == 0"
[18:14:14.914]        // =>  TRUE
[18:14:14.914]      <block atomic="false" info="">
[18:14:14.914]        WriteAP(0x00, 0x190008);
[18:14:14.914]          // -> [WriteAP(0x00000000, 0x00190008)]   (__dp=0x00000000, __ap=0x00000004)
[18:14:14.914]        WriteAP(0xF0, 0x01);
[18:14:14.919]          // -> [WriteAP(0x000000F0, 0x00000001)]   (__dp=0x00000000, __ap=0x00000004)
[18:14:14.919]      </block>
[18:14:14.919]      // end if-block "(ACCESS_POINT_VAL & 0x00E00000) == 0"
[18:14:14.919]    </control>
[18:14:14.919]    <control if="(ACCESS_POINT_VAL & 0x00E00000) != 0" while="" timeout="0" info="">
[18:14:14.919]      // if-block "(ACCESS_POINT_VAL & 0x00E00000) != 0"
[18:14:14.919]        // =>  FALSE
[18:14:14.919]      // skip if-block "(ACCESS_POINT_VAL & 0x00E00000) != 0"
[18:14:14.919]    </control>
[18:14:14.919]    <block atomic="false" info="">
[18:14:14.919]      ACCESS_POINT_VAL = ReadAP(0x00);//Reading current state of access point
[18:14:14.924]        // -> [ReadAP(0x00000000) => 0x0079002F]   (__dp=0x00000000, __ap=0x00000004)
[18:14:14.924]        // -> [ACCESS_POINT_VAL <= 0x0079002F]
[18:14:14.924]      Message(0, "Current state of access point is: %x",ACCESS_POINT_VAL);
[18:14:14.924]      __ap = 0; //lets make sure we reset the access point selection
[18:14:14.924]        // -> [__ap <= 0x00000000]
[18:14:14.924]    </block>
[18:14:14.924]  </sequence>
[18:14:14.924]  
[18:14:14.947]  **********  Sequence "DebugDeviceUnlock"  (Context="Connect", Pname="", info="")
[18:14:14.947]  
[18:14:14.947]  <debugvars>
[18:14:14.947]    // Pre-defined
[18:14:14.947]    __protocol=0x00010002      (Protocol="SWD", SWJ-DP="True")
[18:14:14.947]    __connection=0x00000202    (Connection Type="Flash", Reset Type="System Reset")
[18:14:14.947]    __dp=0x00000000
[18:14:14.947]    __ap=0x00000000
[18:14:14.947]    __traceout=0x00000000      (Trace Disabled)
[18:14:14.947]    __errorcontrol=0x00000000  (Skip Errors="False")
[18:14:14.947]    __FlashAddr=0x00000000
[18:14:14.947]    __FlashLen=0x00000000
[18:14:14.947]    __FlashArg=0x00000000
[18:14:14.947]    __FlashOp=0x00000000
[18:14:14.947]    __Result=0x00000000
[18:14:14.947]  </debugvars>
[18:14:14.947]  
[18:14:14.947]  <sequence name="DebugDeviceUnlock" Pname="" disable="false" info="">
[18:14:14.947]    <block atomic="false" info="">
[18:14:14.947]      __var deviceID = 0;
[18:14:14.947]        // -> [deviceID <= 0x00000000]
[18:14:14.947]      __var version = 0;
[18:14:14.947]        // -> [version <= 0x00000000]
[18:14:14.947]      __var partNum = 0;
[18:14:14.947]        // -> [partNum <= 0x00000000]
[18:14:14.947]      __var manuf = 0;
[18:14:14.947]        // -> [manuf <= 0x00000000]
[18:14:14.947]      __var isMSPM0G1X0X_G3X0X = 0;
[18:14:14.947]        // -> [isMSPM0G1X0X_G3X0X <= 0x00000000]
[18:14:14.947]      __var isProduction = 0;
[18:14:14.947]        // -> [isProduction <= 0x00000000]
[18:14:14.947]      __var continueId = 0;
[18:14:14.947]        // -> [continueId <= 0x00000000]
[18:14:14.947]      deviceID =   Read32(0x41C40004);
[18:14:14.954]        // -> [Read32(0x41C40004) => 0x2BB8802F]   (__dp=0x00000000, __ap=0x00000000)
[18:14:14.954]        // -> [deviceID <= 0x2BB8802F]
[18:14:14.954]      version = deviceID >> 28;
[18:14:14.954]        // -> [version <= 0x00000002]
[18:14:14.954]      partNum = (deviceID & 0x0FFFF000) >> 12;
[18:14:14.954]        // -> [partNum <= 0x0000BB88]
[18:14:14.954]      manuf = (deviceID & 0x00000FFE) >> 1;
[18:14:14.954]        // -> [manuf <= 0x00000017]
[18:14:14.954]      isMSPM0G1X0X_G3X0X = (partNum == 0xBB88) && (manuf == 0x17);
[18:14:14.954]        // -> [isMSPM0G1X0X_G3X0X <= 0x00000001]
[18:14:14.954]      isProduction = (version > 0);
[18:14:14.954]        // -> [isProduction <= 0x00000001]
[18:14:14.954]    </block>
[18:14:14.954]    <control if="!isMSPM0G1X0X_G3X0X" while="" timeout="0" info="">
[18:14:14.954]      // if-block "!isMSPM0G1X0X_G3X0X"
[18:14:14.954]        // =>  FALSE
[18:14:14.954]      // skip if-block "!isMSPM0G1X0X_G3X0X"
[18:14:14.954]    </control>
[18:14:14.954]    <control if="continueId == 4" while="" timeout="0" info="">
[18:14:14.957]      // if-block "continueId == 4"
[18:14:14.957]        // =>  FALSE
[18:14:14.957]      // skip if-block "continueId == 4"
[18:14:14.957]    </control>
[18:14:14.957]    <control if="!isProduction" while="" timeout="0" info="">
[18:14:14.957]      // if-block "!isProduction"
[18:14:14.957]        // =>  FALSE
[18:14:14.957]      // skip if-block "!isProduction"
[18:14:14.957]    </control>
[18:14:14.957]  </sequence>
[18:14:14.957]  
[18:24:17.633]  **********  Sequence "DebugPortSetup"  (Context="Connect", Pname="", info="")
[18:24:17.633]  
[18:24:17.638]  <debugvars>
[18:24:17.638]    // Pre-defined
[18:24:17.638]    __protocol=0x00010002      (Protocol="SWD", SWJ-DP="True")
[18:24:17.638]    __connection=0x00000202    (Connection Type="Flash", Reset Type="System Reset")
[18:24:17.638]    __dp=0x00000000
[18:24:17.638]    __ap=0x00000000
[18:24:17.638]    __traceout=0x00000000      (Trace Disabled)
[18:24:17.638]    __errorcontrol=0x00000000  (Skip Errors="False")
[18:24:17.638]    __FlashAddr=0x00000000
[18:24:17.638]    __FlashLen=0x00000000
[18:24:17.638]    __FlashArg=0x00000000
[18:24:17.638]    __FlashOp=0x00000000
[18:24:17.638]    __Result=0x00000000
[18:24:17.638]  </debugvars>
[18:24:17.638]  
[18:24:17.638]  <sequence name="DebugPortSetup" Pname="" disable="false" info="">
[18:24:17.638]    <block atomic="false" info="">
[18:24:17.638]      __var isSWJ      = ((__protocol & 0x00010000) != 0);
[18:24:17.638]        // -> [isSWJ <= 0x00000001]
[18:24:17.638]      __var hasDormant = __protocol & 0x00020000;
[18:24:17.638]        // -> [hasDormant <= 0x00000000]
[18:24:17.638]      __var protType   = __protocol & 0x0000FFFF;
[18:24:17.638]        // -> [protType <= 0x00000002]
[18:24:17.638]    </block>
[18:24:17.638]    <control if="protType == 1" while="" timeout="0" info="">
[18:24:17.638]      // if-block "protType == 1"
[18:24:17.638]        // =>  FALSE
[18:24:17.638]      // skip if-block "protType == 1"
[18:24:17.638]    </control>
[18:24:17.638]    <control if="protType == 2" while="" timeout="0" info="">
[18:24:17.638]      // if-block "protType == 2"
[18:24:17.638]        // =>  TRUE
[18:24:17.638]      <control if="isSWJ" while="" timeout="0" info="">
[18:24:17.638]        // if-block "isSWJ"
[18:24:17.638]          // =>  TRUE
[18:24:17.638]        <control if="hasDormant" while="" timeout="0" info="">
[18:24:17.638]          // if-block "hasDormant"
[18:24:17.638]            // =>  FALSE
[18:24:17.638]          // skip if-block "hasDormant"
[18:24:17.638]        </control>
[18:24:17.638]        <control if="!hasDormant" while="" timeout="0" info="">
[18:24:17.638]          // if-block "!hasDormant"
[18:24:17.638]            // =>  TRUE
[18:24:17.638]          <block atomic="false" info="">
[18:24:17.638]            DAP_SWJ_Sequence(51, 0x0007FFFFFFFFFFFF); //lets put the JTAG line in a reset state
[18:24:17.641]              // -> [DAP_SWJ_Sequence(51, 0x0007FFFFFFFFFFFF)]
[18:24:17.641]            DAP_SWJ_Sequence(16,0xE73C); //SWD to JTAG, this is to ensure the state machine is initialized
[18:24:17.643]              // -> [DAP_SWJ_Sequence(16, 0x000000000000E73C)]
[18:24:17.643]            DAP_SWJ_Sequence(51, 0x0007FFFFFFFFFFFF); //Put it back in reset
[18:24:17.643]              // -> [DAP_SWJ_Sequence(51, 0x0007FFFFFFFFFFFF)]
[18:24:17.643]            DAP_SWJ_Sequence(16, 0xE79E); //JTAG to SWD switch
[18:24:17.643]              // -> [DAP_SWJ_Sequence(16, 0x000000000000E79E)]
[18:24:17.643]            DAP_SWJ_Sequence(51, 0x0007FFFFFFFFFFFF);  //Ensure the switch is successful 
[18:24:17.648]              // -> [DAP_SWJ_Sequence(51, 0x0007FFFFFFFFFFFF)]
[18:24:17.648]            DAP_SWJ_Sequence(7,  0x00); //Give the line some time to initialize
[18:24:17.651]              // -> [DAP_SWJ_Sequence(7, 0x0000000000000000)]
[18:24:17.651]          </block>
[18:24:17.651]          // end if-block "!hasDormant"
[18:24:17.651]        </control>
[18:24:17.651]        // end if-block "isSWJ"
[18:24:17.651]      </control>
[18:24:17.651]      <control if="!isSWJ" while="" timeout="0" info="">
[18:24:17.651]        // if-block "!isSWJ"
[18:24:17.651]          // =>  FALSE
[18:24:17.651]        // skip if-block "!isSWJ"
[18:24:17.651]      </control>
[18:24:17.651]      <block atomic="false" info="">
[18:24:17.652]        ReadDP(0x0);
[18:24:17.654]          // -> [ReadDP(0x00000000) => 0x6BA02477]   (__dp=0x00000000)
[18:24:17.654]      </block>
[18:24:17.654]      // end if-block "protType == 2"
[18:24:17.654]    </control>
[18:24:17.654]  </sequence>
[18:24:17.654]  
[18:24:17.660]  **********  Sequence "DebugPortStart"  (Context="Connect", Pname="", info="")
[18:24:17.660]  
[18:24:17.660]  <debugvars>
[18:24:17.660]    // Pre-defined
[18:24:17.661]    __protocol=0x00010002      (Protocol="SWD", SWJ-DP="True")
[18:24:17.661]    __connection=0x00000202    (Connection Type="Flash", Reset Type="System Reset")
[18:24:17.661]    __dp=0x00000000
[18:24:17.661]    __ap=0x00000000
[18:24:17.661]    __traceout=0x00000000      (Trace Disabled)
[18:24:17.661]    __errorcontrol=0x00000000  (Skip Errors="False")
[18:24:17.661]    __FlashAddr=0x00000000
[18:24:17.661]    __FlashLen=0x00000000
[18:24:17.661]    __FlashArg=0x00000000
[18:24:17.661]    __FlashOp=0x00000000
[18:24:17.661]    __Result=0x00000000
[18:24:17.661]  </debugvars>
[18:24:17.661]  
[18:24:17.661]  <sequence name="DebugPortStart" Pname="" disable="false" info="">
[18:24:17.661]    <block atomic="false" info="">
[18:24:17.661]      __var SW_DP_ABORT       = 0x0;
[18:24:17.661]        // -> [SW_DP_ABORT <= 0x00000000]
[18:24:17.661]      __var DP_CTRL_STAT      = 0x4;
[18:24:17.661]        // -> [DP_CTRL_STAT <= 0x00000004]
[18:24:17.661]      __var DP_SELECT         = 0x8;
[18:24:17.661]        // -> [DP_SELECT <= 0x00000008]
[18:24:17.662]      __var powered_down      = 0;
[18:24:17.662]        // -> [powered_down <= 0x00000000]
[18:24:17.662]      WriteDP(DP_SELECT, 0x00000000);
[18:24:17.662]        // -> [WriteDP(0x00000008, 0x00000000)]   (__dp=0x00000000)
[18:24:17.662]      powered_down = ((ReadDP(DP_CTRL_STAT) & 0xA0000000) != 0xA0000000);
[18:24:17.662]        // -> [ReadDP(0x00000004) => 0x00000040]   (__dp=0x00000000)
[18:24:17.662]        // -> [powered_down <= 0x00000001]
[18:24:17.662]    </block>
[18:24:17.662]    <control if="powered_down" while="" timeout="0" info="">
[18:24:17.662]      // if-block "powered_down"
[18:24:17.662]        // =>  TRUE
[18:24:17.662]      <block atomic="false" info="">
[18:24:17.662]        Message(0, "Debug/System power-up request sent");
[18:24:17.667]        WriteDP(DP_CTRL_STAT, 0x50000000);
[18:24:17.671]          // -> [WriteDP(0x00000004, 0x50000000)]   (__dp=0x00000000)
[18:24:17.671]      </block>
[18:24:17.671]      <control if="" while="(ReadDP(DP_CTRL_STAT) & 0xA0000000) != 0xA0000000" timeout="1000000" info="">
[18:24:17.671]        // while "(ReadDP(DP_CTRL_STAT) & 0xA0000000) != 0xA0000000"  (timeout="1000000")
[18:24:17.673]          // -> [ReadDP(0x00000004) => 0xF0000040]   (__dp=0x00000000)
[18:24:17.673]        // while-condition  =>  FALSE
[18:24:17.673]        // end while "(ReadDP(DP_CTRL_STAT) & 0xA0000000) != 0xA0000000"
[18:24:17.673]      </control>
[18:24:17.673]      <control if="(__protocol & 0xFFFF) == 1" while="" timeout="0" info="">
[18:24:17.673]        // if-block "(__protocol & 0xFFFF) == 1"
[18:24:17.673]          // =>  FALSE
[18:24:17.673]        // skip if-block "(__protocol & 0xFFFF) == 1"
[18:24:17.673]      </control>
[18:24:17.673]      <control if="(__protocol & 0xFFFF) == 2" while="" timeout="0" info="">
[18:24:17.673]        // if-block "(__protocol & 0xFFFF) == 2"
[18:24:17.673]          // =>  TRUE
[18:24:17.673]        <block atomic="false" info="">
[18:24:17.673]          Message(0, "executing SWD power up");
[18:24:17.673]          WriteDP(DP_CTRL_STAT, 0x50000F00);
[18:24:17.677]            // -> [WriteDP(0x00000004, 0x50000F00)]   (__dp=0x00000000)
[18:24:17.677]          WriteDP(SW_DP_ABORT, 0x0000001E);
[18:24:17.680]            // -> [WriteDP(0x00000000, 0x0000001E)]   (__dp=0x00000000)
[18:24:17.680]        </block>
[18:24:17.681]        // end if-block "(__protocol & 0xFFFF) == 2"
[18:24:17.681]      </control>
[18:24:17.681]      // end if-block "powered_down"
[18:24:17.681]    </control>
[18:24:17.681]    <block atomic="false" info="">
[18:24:17.681]      __var DEBUG_PORT_VAL    = 0;
[18:24:17.681]        // -> [DEBUG_PORT_VAL <= 0x00000000]
[18:24:17.681]      __var ACCESS_POINT_VAL  = 0;
[18:24:17.681]        // -> [ACCESS_POINT_VAL <= 0x00000000]
[18:24:17.681]      __ap = 1; 
[18:24:17.681]        // -> [__ap <= 0x00000001]
[18:24:17.681]      WriteAP(0x0C, 0x04); //lets use the mini pwr-ap as backup
[18:24:17.682]        // -> [WriteAP(0x0000000C, 0x00000004)]   (__dp=0x00000000, __ap=0x00000001)
[18:24:17.682]      __ap = 4;
[18:24:17.682]        // -> [__ap <= 0x00000004]
[18:24:17.682]      ACCESS_POINT_VAL = ReadAP(0x00);//Reading current state of access point
[18:24:17.691]        // -> [ReadAP(0x00000000) => 0x00080027]   (__dp=0x00000000, __ap=0x00000004)
[18:24:17.691]        // -> [ACCESS_POINT_VAL <= 0x00080027]
[18:24:17.691]      Message(0, "Current state of access point is: %x",ACCESS_POINT_VAL);
[18:24:17.692]    </block>
[18:24:17.692]    <block atomic="false" info="">
[18:24:17.692]      __var nReset = 0x80;
[18:24:17.692]        // -> [nReset <= 0x00000080]
[18:24:17.692]      __var canReadPins = 0;
[18:24:17.692]        // -> [canReadPins <= 0x00000000]
[18:24:17.692]      canReadPins = (DAP_SWJ_Pins(0x00, nReset, 0) != 0xFFFFFFFF);
[18:24:17.692]        // -> [DAP_SWJ_Pins(0x00, 0x80, 0) => 0x0F]   (Out: nRESET=0  =>  In: SWCLK/TCK=1, SWDIO/TMS=1, TDI=1, TDO=1, nTRST=0, nRESET=0)
[18:24:17.692]        // -> [canReadPins <= 0x00000001]
[18:24:17.692]    </block>
[18:24:17.692]    <control if="" while="1" timeout="200" info="">
[18:24:17.692]      // while "1"  (timeout="200")
[18:24:17.692]      // while-condition  =>  TRUE
[18:24:17.692]      // while "1"  (timeout="200")
[18:24:17.692]      // while-condition  =>  TRUE
[18:24:17.692]      // while "1"  (timeout="200")
[18:24:17.692]      // while-condition  =>  TRUE
[18:24:17.692]      // while "1"  (timeout="200")
[18:24:17.692]      // while-condition  =>  TRUE
[18:24:17.692]      // while "1"  (timeout="200")
[18:24:17.692]      // while-condition  =>  TRUE
[18:24:17.692]      // while "1"  (timeout="200")
[18:24:17.692]      // while-condition  =>  TRUE
[18:24:17.692]      // while "1"  (timeout="200")
[18:24:17.692]      // while-condition  =>  TRUE
[18:24:17.692]      // while "1"  (timeout="200")
[18:24:17.692]      // while-condition  =>  TRUE
[18:24:17.692]      // while "1"  (timeout="200")
[18:24:17.692]      // while-condition  =>  TRUE
[18:24:17.692]      // while "1"  (timeout="200")
[18:24:17.692]      // while-condition  =>  TRUE
[18:24:17.692]      // while "1"  (timeout="200")
[18:24:17.692]      // while-condition  =>  TRUE
[18:24:17.692]      // while "1"  (timeout="200")
[18:24:17.692]      // while-condition  =>  TRUE
[18:24:17.692]      // while "1"  (timeout="200")
[18:24:17.698]      // while-condition  =>  TRUE
[18:24:17.698]      // while "1"  (timeout="200")
[18:24:17.698]      // while-condition  =>  TRUE
[18:24:17.698]      // while "1"  (timeout="200")
[18:24:17.698]      // while-condition  =>  TRUE
[18:24:17.698]      // while "1"  (timeout="200")
[18:24:17.698]      // while-condition  =>  TRUE
[18:24:17.698]      // while "1"  (timeout="200")
[18:24:17.698]      // while-condition  =>  TRUE
[18:24:17.698]      // while "1"  (timeout="200")
[18:24:17.698]      // while-condition  =>  TRUE
[18:24:17.698]      // while "1"  (timeout="200")
[18:24:17.698]      // while-condition  =>  TRUE
[18:24:17.698]      // while "1"  (timeout="200")
[18:24:17.698]      // while-condition  =>  TRUE
[18:24:17.698]      // while "1"  (timeout="200")
[18:24:17.698]      // while-condition  =>  TRUE
[18:24:17.698]      // while "1"  (timeout="200")
[18:24:17.698]      // while-condition  =>  TRUE
[18:24:17.698]      // while "1"  (timeout="200")
[18:24:17.698]      // while-condition  =>  TRUE
[18:24:17.698]      // while "1"  (timeout="200")
[18:24:17.698]      // while-condition  =>  TRUE
[18:24:17.698]      // while "1"  (timeout="200")
[18:24:17.698]      // while-condition  =>  TRUE
[18:24:17.698]      // while "1"  (timeout="200")
[18:24:17.698]      // while-condition  =>  TRUE
[18:24:17.698]      // while "1"  (timeout="200")
[18:24:17.698]      // while-condition  =>  TRUE
[18:24:17.698]      // while "1"  (timeout="200")
[18:24:17.698]      // while-condition  =>  TRUE
[18:24:17.698]      // while "1"  (timeout="200")
[18:24:17.698]      // while-condition  =>  TRUE
[18:24:17.698]      // while "1"  (timeout="200")
[18:24:17.698]      // while-condition  =>  TRUE
[18:24:17.698]      // while "1"  (timeout="200")
[18:24:17.698]      // while-condition  =>  TRUE
[18:24:17.698]      // while "1"  (timeout="200")
[18:24:17.698]      // while-condition  =>  TRUE
[18:24:17.698]      // while "1"  (timeout="200")
[18:24:17.698]      // while-condition  =>  TRUE
[18:24:17.698]      // while "1"  (timeout="200")
[18:24:17.698]      // while-condition  =>  TRUE
[18:24:17.698]      // while "1"  (timeout="200")
[18:24:17.698]      // while-condition  =>  TRUE
[18:24:17.698]      // while "1"  (timeout="200")
[18:24:17.700]      // while-condition  =>  TRUE
[18:24:17.700]      // while "1"  (timeout="200")
[18:24:17.700]      // while-condition  =>  TRUE
[18:24:17.700]      // while "1"  (timeout="200")
[18:24:17.700]      // while-condition  =>  TRUE
[18:24:17.700]      // while "1"  (timeout="200")
[18:24:17.700]      // while-condition  =>  TRUE
[18:24:17.700]      // while "1"  (timeout="200")
[18:24:17.700]      // while-condition  =>  TRUE
[18:24:17.700]      // while "1"  (timeout="200")
[18:24:17.700]      // while-condition  =>  TRUE
[18:24:17.700]      // while "1"  (timeout="200")
[18:24:17.701]      // while-condition  =>  TRUE
[18:24:17.701]      // while "1"  (timeout="200")
[18:24:17.701]      // while-condition  =>  TRUE
[18:24:17.701]      // while "1"  (timeout="200")
[18:24:17.701]      // while-condition  =>  TRUE
[18:24:17.701]      // while "1"  (timeout="200")
[18:24:17.701]      // while-condition  =>  TRUE
[18:24:17.701]      // while "1"  (timeout="200")
[18:24:17.701]      // while-condition  =>  TRUE
[18:24:17.701]      // while "1"  (timeout="200")
[18:24:17.701]      // while-condition  =>  TRUE
[18:24:17.701]      // while "1"  (timeout="200")
[18:24:17.701]      // while-condition  =>  TRUE
[18:24:17.701]      // while "1"  (timeout="200")
[18:24:17.701]      // while-condition  =>  TRUE
[18:24:17.701]      // while "1"  (timeout="200")
[18:24:17.701]      // while-condition  =>  TRUE
[18:24:17.701]      // while "1"  (timeout="200")
[18:24:17.701]      // while-condition  =>  TRUE
[18:24:17.701]      // while "1"  (timeout="200")
[18:24:17.701]      // while-condition  =>  TRUE
[18:24:17.701]      // while "1"  (timeout="200")
[18:24:17.701]      // while-condition  =>  TRUE
[18:24:17.701]      // while "1"  (timeout="200")
[18:24:17.702]      // while-condition  =>  TRUE
[18:24:17.702]      // while "1"  (timeout="200")
[18:24:17.702]      // while-condition  =>  TRUE
[18:24:17.702]      // while "1"  (timeout="200")
[18:24:17.702]      // while-condition  =>  TRUE
[18:24:17.702]      // while "1"  (timeout="200")
[18:24:17.702]      // while-condition  =>  TRUE
[18:24:17.702]      // while "1"  (timeout="200")
[18:24:17.702]      // while-condition  =>  TRUE
[18:24:17.702]      // while "1"  (timeout="200")
[18:24:17.702]      // while-condition  =>  TRUE
[18:24:17.702]      // while "1"  (timeout="200")
[18:24:17.702]      // while-condition  =>  TRUE
[18:24:17.703]      // while "1"  (timeout="200")
[18:24:17.703]      // while-condition  =>  TRUE
[18:24:17.703]      // while "1"  (timeout="200")
[18:24:17.703]      // while-condition  =>  TRUE
[18:24:17.703]      // while "1"  (timeout="200")
[18:24:17.703]      // while-condition  =>  TRUE
[18:24:17.703]      // while "1"  (timeout="200")
[18:24:17.703]      // while-condition  =>  TRUE
[18:24:17.703]      // while "1"  (timeout="200")
[18:24:17.703]      // while-condition  =>  TRUE
[18:24:17.703]      // while "1"  (timeout="200")
[18:24:17.703]      // while-condition  =>  TRUE
[18:24:17.703]      // while "1"  (timeout="200")
[18:24:17.703]      // while-condition  =>  TRUE
[18:24:17.703]      // while "1"  (timeout="200")
[18:24:17.703]      // while-condition  =>  TRUE
[18:24:17.703]      // while "1"  (timeout="200")
[18:24:17.703]      // while-condition  =>  TRUE
[18:24:17.703]      // while "1"  (timeout="200")
[18:24:17.703]      // while-condition  =>  TRUE
[18:24:17.703]      // while "1"  (timeout="200")
[18:24:17.703]      // while-condition  =>  TRUE
[18:24:17.703]      // while "1"  (timeout="200")
[18:24:17.703]      // while-condition  =>  TRUE
[18:24:17.704]      // while "1"  (timeout="200")
[18:24:17.704]      // while-condition  =>  TRUE
[18:24:17.704]      // while "1"  (timeout="200")
[18:24:17.704]      // while-condition  =>  TRUE
[18:24:17.704]      // while "1"  (timeout="200")
[18:24:17.704]      // while-condition  =>  TRUE
[18:24:17.704]      // while "1"  (timeout="200")
[18:24:17.704]      // while-condition  =>  TRUE
[18:24:17.704]      // while "1"  (timeout="200")
[18:24:17.704]      // while-condition  =>  TRUE
[18:24:17.704]      // while "1"  (timeout="200")
[18:24:17.704]      // while-condition  =>  TRUE
[18:24:17.704]      // while "1"  (timeout="200")
[18:24:17.704]      // while-condition  =>  TRUE
[18:24:17.704]      // while "1"  (timeout="200")
[18:24:17.704]      // while-condition  =>  TRUE
[18:24:17.704]      // while "1"  (timeout="200")
[18:24:17.704]      // while-condition  =>  TRUE
[18:24:17.704]      // while "1"  (timeout="200")
[18:24:17.704]      // while-condition  =>  TRUE
[18:24:17.704]      // while "1"  (timeout="200")
[18:24:17.704]      // while-condition  =>  TRUE
[18:24:17.704]      // while "1"  (timeout="200")
[18:24:17.704]      // while-condition  =>  TRUE
[18:24:17.704]      // while "1"  (timeout="200")
[18:24:17.705]      // while-condition  =>  TRUE
[18:24:17.705]      // while "1"  (timeout="200")
[18:24:17.705]      // while-condition  =>  TRUE
[18:24:17.705]      // while "1"  (timeout="200")
[18:24:17.705]      // while-condition  =>  TRUE
[18:24:17.705]      // while "1"  (timeout="200")
[18:24:17.705]      // while-condition  =>  TRUE
[18:24:17.705]      // while "1"  (timeout="200")
[18:24:17.705]      // while-condition  =>  TRUE
[18:24:17.705]      // while "1"  (timeout="200")
[18:24:17.705]      // while-condition  =>  TRUE
[18:24:17.705]      // while "1"  (timeout="200")
[18:24:17.705]      // while-condition  =>  TRUE
[18:24:17.705]      // while "1"  (timeout="200")
[18:24:17.705]      // while-condition  =>  TRUE
[18:24:17.705]      // while "1"  (timeout="200")
[18:24:17.705]      // while-condition  =>  TRUE
[18:24:17.705]      // while "1"  (timeout="200")
[18:24:17.705]      // while-condition  =>  TRUE
[18:24:17.705]      // while "1"  (timeout="200")
[18:24:17.705]      // while-condition  =>  TRUE
[18:24:17.705]      // while "1"  (timeout="200")
[18:24:17.705]      // while-condition  =>  TRUE
[18:24:17.705]      // while "1"  (timeout="200")
[18:24:17.705]      // while-condition  =>  TRUE
[18:24:17.706]      // while "1"  (timeout="200")
[18:24:17.706]      // while-condition  =>  TRUE
[18:24:17.706]      // while "1"  (timeout="200")
[18:24:17.706]      // while-condition  =>  TRUE
[18:24:17.706]      // while "1"  (timeout="200")
[18:24:17.706]      // while-condition  =>  TRUE
[18:24:17.706]      // while "1"  (timeout="200")
[18:24:17.706]      // while-condition  =>  TRUE
[18:24:17.706]      // while "1"  (timeout="200")
[18:24:17.706]      // while-condition  =>  TRUE
[18:24:17.706]      // while "1"  (timeout="200")
[18:24:17.706]      // while-condition  =>  TRUE
[18:24:17.706]      // while "1"  (timeout="200")
[18:24:17.706]      // while-condition  =>  TRUE
[18:24:17.706]      // while "1"  (timeout="200")
[18:24:17.706]      // while-condition  =>  TRUE
[18:24:17.706]      // while "1"  (timeout="200")
[18:24:17.706]      // while-condition  =>  TRUE
[18:24:17.706]      // while "1"  (timeout="200")
[18:24:17.706]      // while-condition  =>  TRUE
[18:24:17.706]      // while "1"  (timeout="200")
[18:24:17.706]      // while-condition  =>  TRUE
[18:24:17.706]      // while "1"  (timeout="200")
[18:24:17.706]      // while-condition  =>  TRUE
[18:24:17.706]      // while "1"  (timeout="200")
[18:24:17.706]      // while-condition  =>  TRUE
[18:24:17.707]      // while "1"  (timeout="200")
[18:24:17.707]      // while  =>  TIMEOUT
[18:24:17.707]      // end while "1"
[18:24:17.707]    </control>
[18:24:17.707]    <control if="canReadPins" while="" timeout="0" info="">
[18:24:17.707]      // if-block "canReadPins"
[18:24:17.707]        // =>  TRUE
[18:24:17.707]      <control if="" while="(DAP_SWJ_Pins(nReset, nReset, 0) & nReset) == 0" timeout="1000000" info="">
[18:24:17.707]        // while "(DAP_SWJ_Pins(nReset, nReset, 0) & nReset) == 0"  (timeout="1000000")
[18:24:17.709]          // -> [DAP_SWJ_Pins(0x80, 0x80, 0) => 0x8F]   (Out: nRESET=1  =>  In: SWCLK/TCK=1, SWDIO/TMS=1, TDI=1, TDO=1, nTRST=0, nRESET=1)
[18:24:17.709]        // while-condition  =>  FALSE
[18:24:17.709]        // end while "(DAP_SWJ_Pins(nReset, nReset, 0) & nReset) == 0"
[18:24:17.709]      </control>
[18:24:17.709]      // end if-block "canReadPins"
[18:24:17.709]    </control>
[18:24:17.709]    <control if="!canReadPins" while="" timeout="0" info="">
[18:24:17.709]      // if-block "!canReadPins"
[18:24:17.709]        // =>  FALSE
[18:24:17.709]      // skip if-block "!canReadPins"
[18:24:17.710]    </control>
[18:24:17.710]    <control if="(ACCESS_POINT_VAL & 0x00E00000) == 0" while="" timeout="0" info="">
[18:24:17.710]      // if-block "(ACCESS_POINT_VAL & 0x00E00000) == 0"
[18:24:17.710]        // =>  TRUE
[18:24:17.710]      <block atomic="false" info="">
[18:24:17.710]        WriteAP(0x00, 0x190008);
[18:24:17.712]          // -> [WriteAP(0x00000000, 0x00190008)]   (__dp=0x00000000, __ap=0x00000004)
[18:24:17.712]        WriteAP(0xF0, 0x01);
[18:24:17.717]          // -> [WriteAP(0x000000F0, 0x00000001)]   (__dp=0x00000000, __ap=0x00000004)
[18:24:17.717]      </block>
[18:24:17.717]      // end if-block "(ACCESS_POINT_VAL & 0x00E00000) == 0"
[18:24:17.719]    </control>
[18:24:17.719]    <control if="(ACCESS_POINT_VAL & 0x00E00000) != 0" while="" timeout="0" info="">
[18:24:17.719]      // if-block "(ACCESS_POINT_VAL & 0x00E00000) != 0"
[18:24:17.719]        // =>  FALSE
[18:24:17.719]      // skip if-block "(ACCESS_POINT_VAL & 0x00E00000) != 0"
[18:24:17.720]    </control>
[18:24:17.720]    <block atomic="false" info="">
[18:24:17.720]      ACCESS_POINT_VAL = ReadAP(0x00);//Reading current state of access point
[18:24:17.724]        // -> [ReadAP(0x00000000) => 0x0079002F]   (__dp=0x00000000, __ap=0x00000004)
[18:24:17.724]        // -> [ACCESS_POINT_VAL <= 0x0079002F]
[18:24:17.724]      Message(0, "Current state of access point is: %x",ACCESS_POINT_VAL);
[18:24:17.724]      __ap = 0; //lets make sure we reset the access point selection
[18:24:17.724]        // -> [__ap <= 0x00000000]
[18:24:17.724]    </block>
[18:24:17.724]  </sequence>
[18:24:17.724]  
[18:24:17.750]  **********  Sequence "DebugDeviceUnlock"  (Context="Connect", Pname="", info="")
[18:24:17.750]  
[18:24:17.750]  <debugvars>
[18:24:17.750]    // Pre-defined
[18:24:17.750]    __protocol=0x00010002      (Protocol="SWD", SWJ-DP="True")
[18:24:17.750]    __connection=0x00000202    (Connection Type="Flash", Reset Type="System Reset")
[18:24:17.750]    __dp=0x00000000
[18:24:17.750]    __ap=0x00000000
[18:24:17.750]    __traceout=0x00000000      (Trace Disabled)
[18:24:17.750]    __errorcontrol=0x00000000  (Skip Errors="False")
[18:24:17.750]    __FlashAddr=0x00000000
[18:24:17.750]    __FlashLen=0x00000000
[18:24:17.750]    __FlashArg=0x00000000
[18:24:17.750]    __FlashOp=0x00000000
[18:24:17.751]    __Result=0x00000000
[18:24:17.751]  </debugvars>
[18:24:17.752]  
[18:24:17.752]  <sequence name="DebugDeviceUnlock" Pname="" disable="false" info="">
[18:24:17.752]    <block atomic="false" info="">
[18:24:17.752]      __var deviceID = 0;
[18:24:17.752]        // -> [deviceID <= 0x00000000]
[18:24:17.752]      __var version = 0;
[18:24:17.752]        // -> [version <= 0x00000000]
[18:24:17.752]      __var partNum = 0;
[18:24:17.752]        // -> [partNum <= 0x00000000]
[18:24:17.752]      __var manuf = 0;
[18:24:17.752]        // -> [manuf <= 0x00000000]
[18:24:17.752]      __var isMSPM0G1X0X_G3X0X = 0;
[18:24:17.752]        // -> [isMSPM0G1X0X_G3X0X <= 0x00000000]
[18:24:17.753]      __var isProduction = 0;
[18:24:17.753]        // -> [isProduction <= 0x00000000]
[18:24:17.753]      __var continueId = 0;
[18:24:17.753]        // -> [continueId <= 0x00000000]
[18:24:17.753]      deviceID =   Read32(0x41C40004);
[18:24:17.758]        // -> [Read32(0x41C40004) => 0x2BB8802F]   (__dp=0x00000000, __ap=0x00000000)
[18:24:17.758]        // -> [deviceID <= 0x2BB8802F]
[18:24:17.758]      version = deviceID >> 28;
[18:24:17.758]        // -> [version <= 0x00000002]
[18:24:17.758]      partNum = (deviceID & 0x0FFFF000) >> 12;
[18:24:17.758]        // -> [partNum <= 0x0000BB88]
[18:24:17.758]      manuf = (deviceID & 0x00000FFE) >> 1;
[18:24:17.758]        // -> [manuf <= 0x00000017]
[18:24:17.758]      isMSPM0G1X0X_G3X0X = (partNum == 0xBB88) && (manuf == 0x17);
[18:24:17.758]        // -> [isMSPM0G1X0X_G3X0X <= 0x00000001]
[18:24:17.758]      isProduction = (version > 0);
[18:24:17.760]        // -> [isProduction <= 0x00000001]
[18:24:17.760]    </block>
[18:24:17.760]    <control if="!isMSPM0G1X0X_G3X0X" while="" timeout="0" info="">
[18:24:17.760]      // if-block "!isMSPM0G1X0X_G3X0X"
[18:24:17.760]        // =>  FALSE
[18:24:17.760]      // skip if-block "!isMSPM0G1X0X_G3X0X"
[18:24:17.760]    </control>
[18:24:17.760]    <control if="continueId == 4" while="" timeout="0" info="">
[18:24:17.760]      // if-block "continueId == 4"
[18:24:17.761]        // =>  FALSE
[18:24:17.761]      // skip if-block "continueId == 4"
[18:24:17.761]    </control>
[18:24:17.761]    <control if="!isProduction" while="" timeout="0" info="">
[18:24:17.761]      // if-block "!isProduction"
[18:24:17.761]        // =>  FALSE
[18:24:17.761]      // skip if-block "!isProduction"
[18:24:17.761]    </control>
[18:24:17.761]  </sequence>
[18:24:17.761]  
[18:37:04.349]  **********  Sequence "DebugPortSetup"  (Context="Connect", Pname="", info="")
[18:37:04.349]  
[18:37:04.349]  <debugvars>
[18:37:04.349]    // Pre-defined
[18:37:04.349]    __protocol=0x00010002      (Protocol="SWD", SWJ-DP="True")
[18:37:04.349]    __connection=0x00000202    (Connection Type="Flash", Reset Type="System Reset")
[18:37:04.349]    __dp=0x00000000
[18:37:04.349]    __ap=0x00000000
[18:37:04.349]    __traceout=0x00000000      (Trace Disabled)
[18:37:04.349]    __errorcontrol=0x00000000  (Skip Errors="False")
[18:37:04.349]    __FlashAddr=0x00000000
[18:37:04.349]    __FlashLen=0x00000000
[18:37:04.349]    __FlashArg=0x00000000
[18:37:04.349]    __FlashOp=0x00000000
[18:37:04.349]    __Result=0x00000000
[18:37:04.349]  </debugvars>
[18:37:04.349]  
[18:37:04.349]  <sequence name="DebugPortSetup" Pname="" disable="false" info="">
[18:37:04.354]    <block atomic="false" info="">
[18:37:04.354]      __var isSWJ      = ((__protocol & 0x00010000) != 0);
[18:37:04.354]        // -> [isSWJ <= 0x00000001]
[18:37:04.354]      __var hasDormant = __protocol & 0x00020000;
[18:37:04.354]        // -> [hasDormant <= 0x00000000]
[18:37:04.354]      __var protType   = __protocol & 0x0000FFFF;
[18:37:04.354]        // -> [protType <= 0x00000002]
[18:37:04.354]    </block>
[18:37:04.354]    <control if="protType == 1" while="" timeout="0" info="">
[18:37:04.354]      // if-block "protType == 1"
[18:37:04.354]        // =>  FALSE
[18:37:04.354]      // skip if-block "protType == 1"
[18:37:04.354]    </control>
[18:37:04.354]    <control if="protType == 2" while="" timeout="0" info="">
[18:37:04.354]      // if-block "protType == 2"
[18:37:04.354]        // =>  TRUE
[18:37:04.354]      <control if="isSWJ" while="" timeout="0" info="">
[18:37:04.354]        // if-block "isSWJ"
[18:37:04.354]          // =>  TRUE
[18:37:04.354]        <control if="hasDormant" while="" timeout="0" info="">
[18:37:04.354]          // if-block "hasDormant"
[18:37:04.354]            // =>  FALSE
[18:37:04.354]          // skip if-block "hasDormant"
[18:37:04.354]        </control>
[18:37:04.354]        <control if="!hasDormant" while="" timeout="0" info="">
[18:37:04.354]          // if-block "!hasDormant"
[18:37:04.354]            // =>  TRUE
[18:37:04.354]          <block atomic="false" info="">
[18:37:04.354]            DAP_SWJ_Sequence(51, 0x0007FFFFFFFFFFFF); //lets put the JTAG line in a reset state
[18:37:04.359]              // -> [DAP_SWJ_Sequence(51, 0x0007FFFFFFFFFFFF)]
[18:37:04.359]            DAP_SWJ_Sequence(16,0xE73C); //SWD to JTAG, this is to ensure the state machine is initialized
[18:37:04.360]              // -> [DAP_SWJ_Sequence(16, 0x000000000000E73C)]
[18:37:04.361]            DAP_SWJ_Sequence(51, 0x0007FFFFFFFFFFFF); //Put it back in reset
[18:37:04.362]              // -> [DAP_SWJ_Sequence(51, 0x0007FFFFFFFFFFFF)]
[18:37:04.363]            DAP_SWJ_Sequence(16, 0xE79E); //JTAG to SWD switch
[18:37:04.365]              // -> [DAP_SWJ_Sequence(16, 0x000000000000E79E)]
[18:37:04.365]            DAP_SWJ_Sequence(51, 0x0007FFFFFFFFFFFF);  //Ensure the switch is successful 
[18:37:04.366]              // -> [DAP_SWJ_Sequence(51, 0x0007FFFFFFFFFFFF)]
[18:37:04.367]            DAP_SWJ_Sequence(7,  0x00); //Give the line some time to initialize
[18:37:04.368]              // -> [DAP_SWJ_Sequence(7, 0x0000000000000000)]
[18:37:04.368]          </block>
[18:37:04.368]          // end if-block "!hasDormant"
[18:37:04.368]        </control>
[18:37:04.368]        // end if-block "isSWJ"
[18:37:04.368]      </control>
[18:37:04.368]      <control if="!isSWJ" while="" timeout="0" info="">
[18:37:04.368]        // if-block "!isSWJ"
[18:37:04.368]          // =>  FALSE
[18:37:04.368]        // skip if-block "!isSWJ"
[18:37:04.368]      </control>
[18:37:04.368]      <block atomic="false" info="">
[18:37:04.368]        ReadDP(0x0);
[18:37:04.368]          // -> [ReadDP(0x00000000) => 0x6BA02477]   (__dp=0x00000000)
[18:37:04.368]      </block>
[18:37:04.368]      // end if-block "protType == 2"
[18:37:04.368]    </control>
[18:37:04.368]  </sequence>
[18:37:04.368]  
[18:37:04.373]  **********  Sequence "DebugPortStart"  (Context="Connect", Pname="", info="")
[18:37:04.373]  
[18:37:04.373]  <debugvars>
[18:37:04.373]    // Pre-defined
[18:37:04.373]    __protocol=0x00010002      (Protocol="SWD", SWJ-DP="True")
[18:37:04.373]    __connection=0x00000202    (Connection Type="Flash", Reset Type="System Reset")
[18:37:04.373]    __dp=0x00000000
[18:37:04.373]    __ap=0x00000000
[18:37:04.373]    __traceout=0x00000000      (Trace Disabled)
[18:37:04.373]    __errorcontrol=0x00000000  (Skip Errors="False")
[18:37:04.373]    __FlashAddr=0x00000000
[18:37:04.373]    __FlashLen=0x00000000
[18:37:04.373]    __FlashArg=0x00000000
[18:37:04.373]    __FlashOp=0x00000000
[18:37:04.373]    __Result=0x00000000
[18:37:04.373]  </debugvars>
[18:37:04.373]  
[18:37:04.373]  <sequence name="DebugPortStart" Pname="" disable="false" info="">
[18:37:04.373]    <block atomic="false" info="">
[18:37:04.373]      __var SW_DP_ABORT       = 0x0;
[18:37:04.373]        // -> [SW_DP_ABORT <= 0x00000000]
[18:37:04.373]      __var DP_CTRL_STAT      = 0x4;
[18:37:04.373]        // -> [DP_CTRL_STAT <= 0x00000004]
[18:37:04.373]      __var DP_SELECT         = 0x8;
[18:37:04.373]        // -> [DP_SELECT <= 0x00000008]
[18:37:04.373]      __var powered_down      = 0;
[18:37:04.373]        // -> [powered_down <= 0x00000000]
[18:37:04.373]      WriteDP(DP_SELECT, 0x00000000);
[18:37:04.379]        // -> [WriteDP(0x00000008, 0x00000000)]   (__dp=0x00000000)
[18:37:04.379]      powered_down = ((ReadDP(DP_CTRL_STAT) & 0xA0000000) != 0xA0000000);
[18:37:04.379]        // -> [ReadDP(0x00000004) => 0x00000040]   (__dp=0x00000000)
[18:37:04.379]        // -> [powered_down <= 0x00000001]
[18:37:04.379]    </block>
[18:37:04.379]    <control if="powered_down" while="" timeout="0" info="">
[18:37:04.379]      // if-block "powered_down"
[18:37:04.379]        // =>  TRUE
[18:37:04.379]      <block atomic="false" info="">
[18:37:04.379]        Message(0, "Debug/System power-up request sent");
[18:37:04.379]        WriteDP(DP_CTRL_STAT, 0x50000000);
[18:37:04.384]          // -> [WriteDP(0x00000004, 0x50000000)]   (__dp=0x00000000)
[18:37:04.384]      </block>
[18:37:04.384]      <control if="" while="(ReadDP(DP_CTRL_STAT) & 0xA0000000) != 0xA0000000" timeout="1000000" info="">
[18:37:04.384]        // while "(ReadDP(DP_CTRL_STAT) & 0xA0000000) != 0xA0000000"  (timeout="1000000")
[18:37:04.384]          // -> [ReadDP(0x00000004) => 0xF0000040]   (__dp=0x00000000)
[18:37:04.384]        // while-condition  =>  FALSE
[18:37:04.384]        // end while "(ReadDP(DP_CTRL_STAT) & 0xA0000000) != 0xA0000000"
[18:37:04.384]      </control>
[18:37:04.384]      <control if="(__protocol & 0xFFFF) == 1" while="" timeout="0" info="">
[18:37:04.384]        // if-block "(__protocol & 0xFFFF) == 1"
[18:37:04.384]          // =>  FALSE
[18:37:04.384]        // skip if-block "(__protocol & 0xFFFF) == 1"
[18:37:04.384]      </control>
[18:37:04.384]      <control if="(__protocol & 0xFFFF) == 2" while="" timeout="0" info="">
[18:37:04.384]        // if-block "(__protocol & 0xFFFF) == 2"
[18:37:04.384]          // =>  TRUE
[18:37:04.384]        <block atomic="false" info="">
[18:37:04.384]          Message(0, "executing SWD power up");
[18:37:04.389]          WriteDP(DP_CTRL_STAT, 0x50000F00);
[18:37:04.389]            // -> [WriteDP(0x00000004, 0x50000F00)]   (__dp=0x00000000)
[18:37:04.389]          WriteDP(SW_DP_ABORT, 0x0000001E);
[18:37:04.395]            // -> [WriteDP(0x00000000, 0x0000001E)]   (__dp=0x00000000)
[18:37:04.395]        </block>
[18:37:04.395]        // end if-block "(__protocol & 0xFFFF) == 2"
[18:37:04.395]      </control>
[18:37:04.395]      // end if-block "powered_down"
[18:37:04.395]    </control>
[18:37:04.395]    <block atomic="false" info="">
[18:37:04.395]      __var DEBUG_PORT_VAL    = 0;
[18:37:04.395]        // -> [DEBUG_PORT_VAL <= 0x00000000]
[18:37:04.395]      __var ACCESS_POINT_VAL  = 0;
[18:37:04.395]        // -> [ACCESS_POINT_VAL <= 0x00000000]
[18:37:04.395]      __ap = 1; 
[18:37:04.395]        // -> [__ap <= 0x00000001]
[18:37:04.395]      WriteAP(0x0C, 0x04); //lets use the mini pwr-ap as backup
[18:37:04.399]        // -> [WriteAP(0x0000000C, 0x00000004)]   (__dp=0x00000000, __ap=0x00000001)
[18:37:04.399]      __ap = 4;
[18:37:04.399]        // -> [__ap <= 0x00000004]
[18:37:04.400]      ACCESS_POINT_VAL = ReadAP(0x00);//Reading current state of access point
[18:37:04.403]        // -> [ReadAP(0x00000000) => 0x00080027]   (__dp=0x00000000, __ap=0x00000004)
[18:37:04.403]        // -> [ACCESS_POINT_VAL <= 0x00080027]
[18:37:04.403]      Message(0, "Current state of access point is: %x",ACCESS_POINT_VAL);
[18:37:04.405]    </block>
[18:37:04.405]    <block atomic="false" info="">
[18:37:04.405]      __var nReset = 0x80;
[18:37:04.405]        // -> [nReset <= 0x00000080]
[18:37:04.405]      __var canReadPins = 0;
[18:37:04.405]        // -> [canReadPins <= 0x00000000]
[18:37:04.405]      canReadPins = (DAP_SWJ_Pins(0x00, nReset, 0) != 0xFFFFFFFF);
[18:37:04.407]        // -> [DAP_SWJ_Pins(0x00, 0x80, 0) => 0x0F]   (Out: nRESET=0  =>  In: SWCLK/TCK=1, SWDIO/TMS=1, TDI=1, TDO=1, nTRST=0, nRESET=0)
[18:37:04.407]        // -> [canReadPins <= 0x00000001]
[18:37:04.407]    </block>
[18:37:04.407]    <control if="" while="1" timeout="200" info="">
[18:37:04.408]      // while "1"  (timeout="200")
[18:37:04.408]      // while-condition  =>  TRUE
[18:37:04.408]      // while "1"  (timeout="200")
[18:37:04.408]      // while-condition  =>  TRUE
[18:37:04.408]      // while "1"  (timeout="200")
[18:37:04.408]      // while-condition  =>  TRUE
[18:37:04.408]      // while "1"  (timeout="200")
[18:37:04.408]      // while-condition  =>  TRUE
[18:37:04.408]      // while "1"  (timeout="200")
[18:37:04.408]      // while-condition  =>  TRUE
[18:37:04.408]      // while "1"  (timeout="200")
[18:37:04.408]      // while-condition  =>  TRUE
[18:37:04.408]      // while "1"  (timeout="200")
[18:37:04.408]      // while-condition  =>  TRUE
[18:37:04.408]      // while "1"  (timeout="200")
[18:37:04.408]      // while-condition  =>  TRUE
[18:37:04.408]      // while "1"  (timeout="200")
[18:37:04.408]      // while-condition  =>  TRUE
[18:37:04.408]      // while "1"  (timeout="200")
[18:37:04.408]      // while-condition  =>  TRUE
[18:37:04.408]      // while "1"  (timeout="200")
[18:37:04.408]      // while-condition  =>  TRUE
[18:37:04.408]      // while "1"  (timeout="200")
[18:37:04.408]      // while-condition  =>  TRUE
[18:37:04.408]      // while "1"  (timeout="200")
[18:37:04.408]      // while-condition  =>  TRUE
[18:37:04.408]      // while "1"  (timeout="200")
[18:37:04.408]      // while-condition  =>  TRUE
[18:37:04.408]      // while "1"  (timeout="200")
[18:37:04.408]      // while-condition  =>  TRUE
[18:37:04.408]      // while "1"  (timeout="200")
[18:37:04.408]      // while-condition  =>  TRUE
[18:37:04.408]      // while "1"  (timeout="200")
[18:37:04.408]      // while-condition  =>  TRUE
[18:37:04.408]      // while "1"  (timeout="200")
[18:37:04.408]      // while-condition  =>  TRUE
[18:37:04.408]      // while "1"  (timeout="200")
[18:37:04.408]      // while-condition  =>  TRUE
[18:37:04.408]      // while "1"  (timeout="200")
[18:37:04.408]      // while-condition  =>  TRUE
[18:37:04.408]      // while "1"  (timeout="200")
[18:37:04.408]      // while-condition  =>  TRUE
[18:37:04.408]      // while "1"  (timeout="200")
[18:37:04.408]      // while-condition  =>  TRUE
[18:37:04.408]      // while "1"  (timeout="200")
[18:37:04.408]      // while-condition  =>  TRUE
[18:37:04.408]      // while "1"  (timeout="200")
[18:37:04.408]      // while-condition  =>  TRUE
[18:37:04.412]      // while "1"  (timeout="200")
[18:37:04.412]      // while  =>  TIMEOUT
[18:37:04.412]      // end while "1"
[18:37:04.412]    </control>
[18:37:04.412]    <control if="canReadPins" while="" timeout="0" info="">
[18:37:04.412]      // if-block "canReadPins"
[18:37:04.412]        // =>  TRUE
[18:37:04.412]      <control if="" while="(DAP_SWJ_Pins(nReset, nReset, 0) & nReset) == 0" timeout="1000000" info="">
[18:37:04.412]        // while "(DAP_SWJ_Pins(nReset, nReset, 0) & nReset) == 0"  (timeout="1000000")
[18:37:04.412]          // -> [DAP_SWJ_Pins(0x80, 0x80, 0) => 0x8F]   (Out: nRESET=1  =>  In: SWCLK/TCK=1, SWDIO/TMS=1, TDI=1, TDO=1, nTRST=0, nRESET=1)
[18:37:04.412]        // while-condition  =>  FALSE
[18:37:04.412]        // end while "(DAP_SWJ_Pins(nReset, nReset, 0) & nReset) == 0"
[18:37:04.412]      </control>
[18:37:04.412]      // end if-block "canReadPins"
[18:37:04.412]    </control>
[18:37:04.412]    <control if="!canReadPins" while="" timeout="0" info="">
[18:37:04.412]      // if-block "!canReadPins"
[18:37:04.412]        // =>  FALSE
[18:37:04.412]      // skip if-block "!canReadPins"
[18:37:04.412]    </control>
[18:37:04.412]    <control if="(ACCESS_POINT_VAL & 0x00E00000) == 0" while="" timeout="0" info="">
[18:37:04.412]      // if-block "(ACCESS_POINT_VAL & 0x00E00000) == 0"
[18:37:04.412]        // =>  TRUE
[18:37:04.412]      <block atomic="false" info="">
[18:37:04.412]        WriteAP(0x00, 0x190008);
[18:37:04.418]          // -> [WriteAP(0x00000000, 0x00190008)]   (__dp=0x00000000, __ap=0x00000004)
[18:37:04.418]        WriteAP(0xF0, 0x01);
[18:37:04.421]          // -> [WriteAP(0x000000F0, 0x00000001)]   (__dp=0x00000000, __ap=0x00000004)
[18:37:04.421]      </block>
[18:37:04.421]      // end if-block "(ACCESS_POINT_VAL & 0x00E00000) == 0"
[18:37:04.421]    </control>
[18:37:04.421]    <control if="(ACCESS_POINT_VAL & 0x00E00000) != 0" while="" timeout="0" info="">
[18:37:04.421]      // if-block "(ACCESS_POINT_VAL & 0x00E00000) != 0"
[18:37:04.421]        // =>  FALSE
[18:37:04.421]      // skip if-block "(ACCESS_POINT_VAL & 0x00E00000) != 0"
[18:37:04.421]    </control>
[18:37:04.421]    <block atomic="false" info="">
[18:37:04.421]      ACCESS_POINT_VAL = ReadAP(0x00);//Reading current state of access point
[18:37:04.427]        // -> [ReadAP(0x00000000) => 0x0079002F]   (__dp=0x00000000, __ap=0x00000004)
[18:37:04.427]        // -> [ACCESS_POINT_VAL <= 0x0079002F]
[18:37:04.427]      Message(0, "Current state of access point is: %x",ACCESS_POINT_VAL);
[18:37:04.429]      __ap = 0; //lets make sure we reset the access point selection
[18:37:04.429]        // -> [__ap <= 0x00000000]
[18:37:04.429]    </block>
[18:37:04.430]  </sequence>
[18:37:04.430]  
[18:37:04.452]  **********  Sequence "DebugDeviceUnlock"  (Context="Connect", Pname="", info="")
[18:37:04.452]  
[18:37:04.452]  <debugvars>
[18:37:04.452]    // Pre-defined
[18:37:04.452]    __protocol=0x00010002      (Protocol="SWD", SWJ-DP="True")
[18:37:04.452]    __connection=0x00000202    (Connection Type="Flash", Reset Type="System Reset")
[18:37:04.452]    __dp=0x00000000
[18:37:04.452]    __ap=0x00000000
[18:37:04.452]    __traceout=0x00000000      (Trace Disabled)
[18:37:04.452]    __errorcontrol=0x00000000  (Skip Errors="False")
[18:37:04.452]    __FlashAddr=0x00000000
[18:37:04.452]    __FlashLen=0x00000000
[18:37:04.452]    __FlashArg=0x00000000
[18:37:04.452]    __FlashOp=0x00000000
[18:37:04.452]    __Result=0x00000000
[18:37:04.452]  </debugvars>
[18:37:04.452]  
[18:37:04.452]  <sequence name="DebugDeviceUnlock" Pname="" disable="false" info="">
[18:37:04.452]    <block atomic="false" info="">
[18:37:04.452]      __var deviceID = 0;
[18:37:04.452]        // -> [deviceID <= 0x00000000]
[18:37:04.452]      __var version = 0;
[18:37:04.452]        // -> [version <= 0x00000000]
[18:37:04.452]      __var partNum = 0;
[18:37:04.452]        // -> [partNum <= 0x00000000]
[18:37:04.452]      __var manuf = 0;
[18:37:04.452]        // -> [manuf <= 0x00000000]
[18:37:04.452]      __var isMSPM0G1X0X_G3X0X = 0;
[18:37:04.452]        // -> [isMSPM0G1X0X_G3X0X <= 0x00000000]
[18:37:04.452]      __var isProduction = 0;
[18:37:04.452]        // -> [isProduction <= 0x00000000]
[18:37:04.452]      __var continueId = 0;
[18:37:04.452]        // -> [continueId <= 0x00000000]
[18:37:04.452]      deviceID =   Read32(0x41C40004);
[18:37:04.463]        // -> [Read32(0x41C40004) => 0x2BB8802F]   (__dp=0x00000000, __ap=0x00000000)
[18:37:04.463]        // -> [deviceID <= 0x2BB8802F]
[18:37:04.463]      version = deviceID >> 28;
[18:37:04.467]        // -> [version <= 0x00000002]
[18:37:04.467]      partNum = (deviceID & 0x0FFFF000) >> 12;
[18:37:04.467]        // -> [partNum <= 0x0000BB88]
[18:37:04.467]      manuf = (deviceID & 0x00000FFE) >> 1;
[18:37:04.467]        // -> [manuf <= 0x00000017]
[18:37:04.467]      isMSPM0G1X0X_G3X0X = (partNum == 0xBB88) && (manuf == 0x17);
[18:37:04.467]        // -> [isMSPM0G1X0X_G3X0X <= 0x00000001]
[18:37:04.467]      isProduction = (version > 0);
[18:37:04.467]        // -> [isProduction <= 0x00000001]
[18:37:04.467]    </block>
[18:37:04.467]    <control if="!isMSPM0G1X0X_G3X0X" while="" timeout="0" info="">
[18:37:04.467]      // if-block "!isMSPM0G1X0X_G3X0X"
[18:37:04.467]        // =>  FALSE
[18:37:04.467]      // skip if-block "!isMSPM0G1X0X_G3X0X"
[18:37:04.467]    </control>
[18:37:04.467]    <control if="continueId == 4" while="" timeout="0" info="">
[18:37:04.467]      // if-block "continueId == 4"
[18:37:04.467]        // =>  FALSE
[18:37:04.467]      // skip if-block "continueId == 4"
[18:37:04.467]    </control>
[18:37:04.467]    <control if="!isProduction" while="" timeout="0" info="">
[18:37:04.467]      // if-block "!isProduction"
[18:37:04.467]        // =>  FALSE
[18:37:04.467]      // skip if-block "!isProduction"
[18:37:04.467]    </control>
[18:37:04.467]  </sequence>
[18:37:04.467]  
[18:51:02.683]  **********  Sequence "DebugPortSetup"  (Context="Connect", Pname="", info="")
[18:51:02.683]  
[18:51:02.684]  <debugvars>
[18:51:02.684]    // Pre-defined
[18:51:02.684]    __protocol=0x00010002      (Protocol="SWD", SWJ-DP="True")
[18:51:02.684]    __connection=0x00000202    (Connection Type="Flash", Reset Type="System Reset")
[18:51:02.684]    __dp=0x00000000
[18:51:02.684]    __ap=0x00000000
[18:51:02.684]    __traceout=0x00000000      (Trace Disabled)
[18:51:02.684]    __errorcontrol=0x00000000  (Skip Errors="False")
[18:51:02.684]    __FlashAddr=0x00000000
[18:51:02.684]    __FlashLen=0x00000000
[18:51:02.684]    __FlashArg=0x00000000
[18:51:02.684]    __FlashOp=0x00000000
[18:51:02.684]    __Result=0x00000000
[18:51:02.684]  </debugvars>
[18:51:02.685]  
[18:51:02.685]  <sequence name="DebugPortSetup" Pname="" disable="false" info="">
[18:51:02.685]    <block atomic="false" info="">
[18:51:02.685]      __var isSWJ      = ((__protocol & 0x00010000) != 0);
[18:51:02.685]        // -> [isSWJ <= 0x00000001]
[18:51:02.685]      __var hasDormant = __protocol & 0x00020000;
[18:51:02.685]        // -> [hasDormant <= 0x00000000]
[18:51:02.685]      __var protType   = __protocol & 0x0000FFFF;
[18:51:02.685]        // -> [protType <= 0x00000002]
[18:51:02.685]    </block>
[18:51:02.685]    <control if="protType == 1" while="" timeout="0" info="">
[18:51:02.685]      // if-block "protType == 1"
[18:51:02.685]        // =>  FALSE
[18:51:02.685]      // skip if-block "protType == 1"
[18:51:02.685]    </control>
[18:51:02.685]    <control if="protType == 2" while="" timeout="0" info="">
[18:51:02.685]      // if-block "protType == 2"
[18:51:02.685]        // =>  TRUE
[18:51:02.685]      <control if="isSWJ" while="" timeout="0" info="">
[18:51:02.685]        // if-block "isSWJ"
[18:51:02.685]          // =>  TRUE
[18:51:02.687]        <control if="hasDormant" while="" timeout="0" info="">
[18:51:02.687]          // if-block "hasDormant"
[18:51:02.687]            // =>  FALSE
[18:51:02.687]          // skip if-block "hasDormant"
[18:51:02.687]        </control>
[18:51:02.687]        <control if="!hasDormant" while="" timeout="0" info="">
[18:51:02.687]          // if-block "!hasDormant"
[18:51:02.687]            // =>  TRUE
[18:51:02.687]          <block atomic="false" info="">
[18:51:02.687]            DAP_SWJ_Sequence(51, 0x0007FFFFFFFFFFFF); //lets put the JTAG line in a reset state
[18:51:02.689]              // -> [DAP_SWJ_Sequence(51, 0x0007FFFFFFFFFFFF)]
[18:51:02.689]            DAP_SWJ_Sequence(16,0xE73C); //SWD to JTAG, this is to ensure the state machine is initialized
[18:51:02.691]              // -> [DAP_SWJ_Sequence(16, 0x000000000000E73C)]
[18:51:02.691]            DAP_SWJ_Sequence(51, 0x0007FFFFFFFFFFFF); //Put it back in reset
[18:51:02.693]              // -> [DAP_SWJ_Sequence(51, 0x0007FFFFFFFFFFFF)]
[18:51:02.693]            DAP_SWJ_Sequence(16, 0xE79E); //JTAG to SWD switch
[18:51:02.695]              // -> [DAP_SWJ_Sequence(16, 0x000000000000E79E)]
[18:51:02.695]            DAP_SWJ_Sequence(51, 0x0007FFFFFFFFFFFF);  //Ensure the switch is successful 
[18:51:02.697]              // -> [DAP_SWJ_Sequence(51, 0x0007FFFFFFFFFFFF)]
[18:51:02.697]            DAP_SWJ_Sequence(7,  0x00); //Give the line some time to initialize
[18:51:02.699]              // -> [DAP_SWJ_Sequence(7, 0x0000000000000000)]
[18:51:02.699]          </block>
[18:51:02.699]          // end if-block "!hasDormant"
[18:51:02.699]        </control>
[18:51:02.699]        // end if-block "isSWJ"
[18:51:02.699]      </control>
[18:51:02.699]      <control if="!isSWJ" while="" timeout="0" info="">
[18:51:02.699]        // if-block "!isSWJ"
[18:51:02.699]          // =>  FALSE
[18:51:02.699]        // skip if-block "!isSWJ"
[18:51:02.699]      </control>
[18:51:02.700]      <block atomic="false" info="">
[18:51:02.700]        ReadDP(0x0);
[18:51:02.702]          // -> [ReadDP(0x00000000) => 0x6BA02477]   (__dp=0x00000000)
[18:51:02.702]      </block>
[18:51:02.702]      // end if-block "protType == 2"
[18:51:02.702]    </control>
[18:51:02.702]  </sequence>
[18:51:02.703]  
[18:51:02.706]  **********  Sequence "DebugPortStart"  (Context="Connect", Pname="", info="")
[18:51:02.706]  
[18:51:02.706]  <debugvars>
[18:51:02.706]    // Pre-defined
[18:51:02.706]    __protocol=0x00010002      (Protocol="SWD", SWJ-DP="True")
[18:51:02.706]    __connection=0x00000202    (Connection Type="Flash", Reset Type="System Reset")
[18:51:02.707]    __dp=0x00000000
[18:51:02.707]    __ap=0x00000000
[18:51:02.707]    __traceout=0x00000000      (Trace Disabled)
[18:51:02.707]    __errorcontrol=0x00000000  (Skip Errors="False")
[18:51:02.707]    __FlashAddr=0x00000000
[18:51:02.707]    __FlashLen=0x00000000
[18:51:02.707]    __FlashArg=0x00000000
[18:51:02.707]    __FlashOp=0x00000000
[18:51:02.707]    __Result=0x00000000
[18:51:02.707]  </debugvars>
[18:51:02.707]  
[18:51:02.707]  <sequence name="DebugPortStart" Pname="" disable="false" info="">
[18:51:02.707]    <block atomic="false" info="">
[18:51:02.707]      __var SW_DP_ABORT       = 0x0;
[18:51:02.707]        // -> [SW_DP_ABORT <= 0x00000000]
[18:51:02.707]      __var DP_CTRL_STAT      = 0x4;
[18:51:02.707]        // -> [DP_CTRL_STAT <= 0x00000004]
[18:51:02.708]      __var DP_SELECT         = 0x8;
[18:51:02.708]        // -> [DP_SELECT <= 0x00000008]
[18:51:02.708]      __var powered_down      = 0;
[18:51:02.708]        // -> [powered_down <= 0x00000000]
[18:51:02.708]      WriteDP(DP_SELECT, 0x00000000);
[18:51:02.709]        // -> [WriteDP(0x00000008, 0x00000000)]   (__dp=0x00000000)
[18:51:02.709]      powered_down = ((ReadDP(DP_CTRL_STAT) & 0xA0000000) != 0xA0000000);
[18:51:02.709]        // -> [ReadDP(0x00000004) => 0x00000040]   (__dp=0x00000000)
[18:51:02.709]        // -> [powered_down <= 0x00000001]
[18:51:02.709]    </block>
[18:51:02.709]    <control if="powered_down" while="" timeout="0" info="">
[18:51:02.709]      // if-block "powered_down"
[18:51:02.709]        // =>  TRUE
[18:51:02.709]      <block atomic="false" info="">
[18:51:02.709]        Message(0, "Debug/System power-up request sent");
[18:51:02.714]        WriteDP(DP_CTRL_STAT, 0x50000000);
[18:51:02.717]          // -> [WriteDP(0x00000004, 0x50000000)]   (__dp=0x00000000)
[18:51:02.717]      </block>
[18:51:02.718]      <control if="" while="(ReadDP(DP_CTRL_STAT) & 0xA0000000) != 0xA0000000" timeout="1000000" info="">
[18:51:02.718]        // while "(ReadDP(DP_CTRL_STAT) & 0xA0000000) != 0xA0000000"  (timeout="1000000")
[18:51:02.719]          // -> [ReadDP(0x00000004) => 0xF0000040]   (__dp=0x00000000)
[18:51:02.719]        // while-condition  =>  FALSE
[18:51:02.720]        // end while "(ReadDP(DP_CTRL_STAT) & 0xA0000000) != 0xA0000000"
[18:51:02.720]      </control>
[18:51:02.720]      <control if="(__protocol & 0xFFFF) == 1" while="" timeout="0" info="">
[18:51:02.720]        // if-block "(__protocol & 0xFFFF) == 1"
[18:51:02.720]          // =>  FALSE
[18:51:02.720]        // skip if-block "(__protocol & 0xFFFF) == 1"
[18:51:02.720]      </control>
[18:51:02.720]      <control if="(__protocol & 0xFFFF) == 2" while="" timeout="0" info="">
[18:51:02.720]        // if-block "(__protocol & 0xFFFF) == 2"
[18:51:02.720]          // =>  TRUE
[18:51:02.720]        <block atomic="false" info="">
[18:51:02.720]          Message(0, "executing SWD power up");
[18:51:02.722]          WriteDP(DP_CTRL_STAT, 0x50000F00);
[18:51:02.723]            // -> [WriteDP(0x00000004, 0x50000F00)]   (__dp=0x00000000)
[18:51:02.723]          WriteDP(SW_DP_ABORT, 0x0000001E);
[18:51:02.725]            // -> [WriteDP(0x00000000, 0x0000001E)]   (__dp=0x00000000)
[18:51:02.725]        </block>
[18:51:02.725]        // end if-block "(__protocol & 0xFFFF) == 2"
[18:51:02.725]      </control>
[18:51:02.725]      // end if-block "powered_down"
[18:51:02.725]    </control>
[18:51:02.725]    <block atomic="false" info="">
[18:51:02.725]      __var DEBUG_PORT_VAL    = 0;
[18:51:02.725]        // -> [DEBUG_PORT_VAL <= 0x00000000]
[18:51:02.727]      __var ACCESS_POINT_VAL  = 0;
[18:51:02.727]        // -> [ACCESS_POINT_VAL <= 0x00000000]
[18:51:02.727]      __ap = 1; 
[18:51:02.727]        // -> [__ap <= 0x00000001]
[18:51:02.727]      WriteAP(0x0C, 0x04); //lets use the mini pwr-ap as backup
[18:51:02.731]        // -> [WriteAP(0x0000000C, 0x00000004)]   (__dp=0x00000000, __ap=0x00000001)
[18:51:02.731]      __ap = 4;
[18:51:02.731]        // -> [__ap <= 0x00000004]
[18:51:02.731]      ACCESS_POINT_VAL = ReadAP(0x00);//Reading current state of access point
[18:51:02.735]        // -> [ReadAP(0x00000000) => 0x00080027]   (__dp=0x00000000, __ap=0x00000004)
[18:51:02.735]        // -> [ACCESS_POINT_VAL <= 0x00080027]
[18:51:02.735]      Message(0, "Current state of access point is: %x",ACCESS_POINT_VAL);
[18:51:02.736]    </block>
[18:51:02.736]    <block atomic="false" info="">
[18:51:02.736]      __var nReset = 0x80;
[18:51:02.736]        // -> [nReset <= 0x00000080]
[18:51:02.737]      __var canReadPins = 0;
[18:51:02.737]        // -> [canReadPins <= 0x00000000]
[18:51:02.737]      canReadPins = (DAP_SWJ_Pins(0x00, nReset, 0) != 0xFFFFFFFF);
[18:51:02.739]        // -> [DAP_SWJ_Pins(0x00, 0x80, 0) => 0x0F]   (Out: nRESET=0  =>  In: SWCLK/TCK=1, SWDIO/TMS=1, TDI=1, TDO=1, nTRST=0, nRESET=0)
[18:51:02.739]        // -> [canReadPins <= 0x00000001]
[18:51:02.739]    </block>
[18:51:02.739]    <control if="" while="1" timeout="200" info="">
[18:51:02.739]      // while "1"  (timeout="200")
[18:51:02.739]      // while-condition  =>  TRUE
[18:51:02.739]      // while "1"  (timeout="200")
[18:51:02.739]      // while-condition  =>  TRUE
[18:51:02.739]      // while "1"  (timeout="200")
[18:51:02.739]      // while-condition  =>  TRUE
[18:51:02.739]      // while "1"  (timeout="200")
[18:51:02.740]      // while-condition  =>  TRUE
[18:51:02.740]      // while "1"  (timeout="200")
[18:51:02.740]      // while-condition  =>  TRUE
[18:51:02.740]      // while "1"  (timeout="200")
[18:51:02.740]      // while-condition  =>  TRUE
[18:51:02.740]      // while "1"  (timeout="200")
[18:51:02.740]      // while-condition  =>  TRUE
[18:51:02.740]      // while "1"  (timeout="200")
[18:51:02.740]      // while-condition  =>  TRUE
[18:51:02.740]      // while "1"  (timeout="200")
[18:51:02.740]      // while-condition  =>  TRUE
[18:51:02.740]      // while "1"  (timeout="200")
[18:51:02.740]      // while-condition  =>  TRUE
[18:51:02.740]      // while "1"  (timeout="200")
[18:51:02.740]      // while-condition  =>  TRUE
[18:51:02.740]      // while "1"  (timeout="200")
[18:51:02.740]      // while-condition  =>  TRUE
[18:51:02.740]      // while "1"  (timeout="200")
[18:51:02.741]      // while-condition  =>  TRUE
[18:51:02.741]      // while "1"  (timeout="200")
[18:51:02.741]      // while-condition  =>  TRUE
[18:51:02.741]      // while "1"  (timeout="200")
[18:51:02.741]      // while-condition  =>  TRUE
[18:51:02.741]      // while "1"  (timeout="200")
[18:51:02.741]      // while-condition  =>  TRUE
[18:51:02.741]      // while "1"  (timeout="200")
[18:51:02.741]      // while-condition  =>  TRUE
[18:51:02.741]      // while "1"  (timeout="200")
[18:51:02.741]      // while-condition  =>  TRUE
[18:51:02.741]      // while "1"  (timeout="200")
[18:51:02.741]      // while-condition  =>  TRUE
[18:51:02.741]      // while "1"  (timeout="200")
[18:51:02.741]      // while-condition  =>  TRUE
[18:51:02.742]      // while "1"  (timeout="200")
[18:51:02.742]      // while-condition  =>  TRUE
[18:51:02.742]      // while "1"  (timeout="200")
[18:51:02.742]      // while-condition  =>  TRUE
[18:51:02.742]      // while "1"  (timeout="200")
[18:51:02.742]      // while-condition  =>  TRUE
[18:51:02.742]      // while "1"  (timeout="200")
[18:51:02.742]      // while-condition  =>  TRUE
[18:51:02.742]      // while "1"  (timeout="200")
[18:51:02.742]      // while-condition  =>  TRUE
[18:51:02.742]      // while "1"  (timeout="200")
[18:51:02.742]      // while-condition  =>  TRUE
[18:51:02.742]      // while "1"  (timeout="200")
[18:51:02.742]      // while-condition  =>  TRUE
[18:51:02.742]      // while "1"  (timeout="200")
[18:51:02.742]      // while-condition  =>  TRUE
[18:51:02.742]      // while "1"  (timeout="200")
[18:51:02.742]      // while-condition  =>  TRUE
[18:51:02.742]      // while "1"  (timeout="200")
[18:51:02.742]      // while-condition  =>  TRUE
[18:51:02.742]      // while "1"  (timeout="200")
[18:51:02.742]      // while-condition  =>  TRUE
[18:51:02.742]      // while "1"  (timeout="200")
[18:51:02.742]      // while-condition  =>  TRUE
[18:51:02.742]      // while "1"  (timeout="200")
[18:51:02.742]      // while-condition  =>  TRUE
[18:51:02.742]      // while "1"  (timeout="200")
[18:51:02.742]      // while-condition  =>  TRUE
[18:51:02.742]      // while "1"  (timeout="200")
[18:51:02.742]      // while-condition  =>  TRUE
[18:51:02.742]      // while "1"  (timeout="200")
[18:51:02.742]      // while-condition  =>  TRUE
[18:51:02.742]      // while "1"  (timeout="200")
[18:51:02.742]      // while-condition  =>  TRUE
[18:51:02.742]      // while "1"  (timeout="200")
[18:51:02.742]      // while-condition  =>  TRUE
[18:51:02.742]      // while "1"  (timeout="200")
[18:51:02.742]      // while-condition  =>  TRUE
[18:51:02.742]      // while "1"  (timeout="200")
[18:51:02.742]      // while-condition  =>  TRUE
[18:51:02.742]      // while "1"  (timeout="200")
[18:51:02.742]      // while-condition  =>  TRUE
[18:51:02.742]      // while "1"  (timeout="200")
[18:51:02.742]      // while-condition  =>  TRUE
[18:51:02.742]      // while "1"  (timeout="200")
[18:51:02.742]      // while-condition  =>  TRUE
[18:51:02.742]      // while "1"  (timeout="200")
[18:51:02.742]      // while-condition  =>  TRUE
[18:51:02.742]      // while "1"  (timeout="200")
[18:51:02.742]      // while-condition  =>  TRUE
[18:51:02.742]      // while "1"  (timeout="200")
[18:51:02.742]      // while-condition  =>  TRUE
[18:51:02.742]      // while "1"  (timeout="200")
[18:51:02.742]      // while-condition  =>  TRUE
[18:51:02.742]      // while "1"  (timeout="200")
[18:51:02.742]      // while-condition  =>  TRUE
[18:51:02.742]      // while "1"  (timeout="200")
[18:51:02.742]      // while-condition  =>  TRUE
[18:51:02.742]      // while "1"  (timeout="200")
[18:51:02.742]      // while-condition  =>  TRUE
[18:51:02.742]      // while "1"  (timeout="200")
[18:51:02.742]      // while-condition  =>  TRUE
[18:51:02.742]      // while "1"  (timeout="200")
[18:51:02.747]      // while-condition  =>  TRUE
[18:51:02.747]      // while "1"  (timeout="200")
[18:51:02.747]      // while-condition  =>  TRUE
[18:51:02.747]      // while "1"  (timeout="200")
[18:51:02.747]      // while-condition  =>  TRUE
[18:51:02.747]      // while "1"  (timeout="200")
[18:51:02.747]      // while-condition  =>  TRUE
[18:51:02.747]      // while "1"  (timeout="200")
[18:51:02.747]      // while-condition  =>  TRUE
[18:51:02.747]      // while "1"  (timeout="200")
[18:51:02.747]      // while-condition  =>  TRUE
[18:51:02.747]      // while "1"  (timeout="200")
[18:51:02.747]      // while-condition  =>  TRUE
[18:51:02.747]      // while "1"  (timeout="200")
[18:51:02.747]      // while-condition  =>  TRUE
[18:51:02.747]      // while "1"  (timeout="200")
[18:51:02.747]      // while-condition  =>  TRUE
[18:51:02.747]      // while "1"  (timeout="200")
[18:51:02.747]      // while-condition  =>  TRUE
[18:51:02.747]      // while "1"  (timeout="200")
[18:51:02.747]      // while-condition  =>  TRUE
[18:51:02.747]      // while "1"  (timeout="200")
[18:51:02.747]      // while-condition  =>  TRUE
[18:51:02.747]      // while "1"  (timeout="200")
[18:51:02.747]      // while-condition  =>  TRUE
[18:51:02.747]      // while "1"  (timeout="200")
[18:51:02.747]      // while-condition  =>  TRUE
[18:51:02.747]      // while "1"  (timeout="200")
[18:51:02.747]      // while-condition  =>  TRUE
[18:51:02.747]      // while "1"  (timeout="200")
[18:51:02.747]      // while-condition  =>  TRUE
[18:51:02.747]      // while "1"  (timeout="200")
[18:51:02.747]      // while-condition  =>  TRUE
[18:51:02.747]      // while "1"  (timeout="200")
[18:51:02.747]      // while-condition  =>  TRUE
[18:51:02.747]      // while "1"  (timeout="200")
[18:51:02.747]      // while-condition  =>  TRUE
[18:51:02.747]      // while "1"  (timeout="200")
[18:51:02.747]      // while-condition  =>  TRUE
[18:51:02.747]      // while "1"  (timeout="200")
[18:51:02.747]      // while-condition  =>  TRUE
[18:51:02.747]      // while "1"  (timeout="200")
[18:51:02.747]      // while-condition  =>  TRUE
[18:51:02.747]      // while "1"  (timeout="200")
[18:51:02.747]      // while-condition  =>  TRUE
[18:51:02.747]      // while "1"  (timeout="200")
[18:51:02.747]      // while-condition  =>  TRUE
[18:51:02.747]      // while "1"  (timeout="200")
[18:51:02.747]      // while-condition  =>  TRUE
[18:51:02.747]      // while "1"  (timeout="200")
[18:51:02.747]      // while-condition  =>  TRUE
[18:51:02.747]      // while "1"  (timeout="200")
[18:51:02.750]      // while-condition  =>  TRUE
[18:51:02.750]      // while "1"  (timeout="200")
[18:51:02.750]      // while-condition  =>  TRUE
[18:51:02.750]      // while "1"  (timeout="200")
[18:51:02.750]      // while-condition  =>  TRUE
[18:51:02.750]      // while "1"  (timeout="200")
[18:51:02.750]      // while-condition  =>  TRUE
[18:51:02.750]      // while "1"  (timeout="200")
[18:51:02.750]      // while-condition  =>  TRUE
[18:51:02.751]      // while "1"  (timeout="200")
[18:51:02.751]      // while-condition  =>  TRUE
[18:51:02.751]      // while "1"  (timeout="200")
[18:51:02.751]      // while-condition  =>  TRUE
[18:51:02.751]      // while "1"  (timeout="200")
[18:51:02.751]      // while-condition  =>  TRUE
[18:51:02.751]      // while "1"  (timeout="200")
[18:51:02.751]      // while-condition  =>  TRUE
[18:51:02.751]      // while "1"  (timeout="200")
[18:51:02.751]      // while-condition  =>  TRUE
[18:51:02.751]      // while "1"  (timeout="200")
[18:51:02.751]      // while-condition  =>  TRUE
[18:51:02.751]      // while "1"  (timeout="200")
[18:51:02.751]      // while-condition  =>  TRUE
[18:51:02.751]      // while "1"  (timeout="200")
[18:51:02.751]      // while-condition  =>  TRUE
[18:51:02.751]      // while "1"  (timeout="200")
[18:51:02.751]      // while-condition  =>  TRUE
[18:51:02.752]      // while "1"  (timeout="200")
[18:51:02.752]      // while-condition  =>  TRUE
[18:51:02.752]      // while "1"  (timeout="200")
[18:51:02.752]      // while-condition  =>  TRUE
[18:51:02.752]      // while "1"  (timeout="200")
[18:51:02.752]      // while-condition  =>  TRUE
[18:51:02.752]      // while "1"  (timeout="200")
[18:51:02.752]      // while-condition  =>  TRUE
[18:51:02.752]      // while "1"  (timeout="200")
[18:51:02.752]      // while-condition  =>  TRUE
[18:51:02.752]      // while "1"  (timeout="200")
[18:51:02.752]      // while-condition  =>  TRUE
[18:51:02.752]      // while "1"  (timeout="200")
[18:51:02.752]      // while-condition  =>  TRUE
[18:51:02.752]      // while "1"  (timeout="200")
[18:51:02.752]      // while-condition  =>  TRUE
[18:51:02.752]      // while "1"  (timeout="200")
[18:51:02.753]      // while-condition  =>  TRUE
[18:51:02.753]      // while "1"  (timeout="200")
[18:51:02.753]      // while-condition  =>  TRUE
[18:51:02.753]      // while "1"  (timeout="200")
[18:51:02.753]      // while-condition  =>  TRUE
[18:51:02.753]      // while "1"  (timeout="200")
[18:51:02.753]      // while-condition  =>  TRUE
[18:51:02.753]      // while "1"  (timeout="200")
[18:51:02.753]      // while-condition  =>  TRUE
[18:51:02.753]      // while "1"  (timeout="200")
[18:51:02.753]      // while-condition  =>  TRUE
[18:51:02.753]      // while "1"  (timeout="200")
[18:51:02.753]      // while-condition  =>  TRUE
[18:51:02.753]      // while "1"  (timeout="200")
[18:51:02.753]      // while-condition  =>  TRUE
[18:51:02.753]      // while "1"  (timeout="200")
[18:51:02.753]      // while-condition  =>  TRUE
[18:51:02.753]      // while "1"  (timeout="200")
[18:51:02.753]      // while-condition  =>  TRUE
[18:51:02.754]      // while "1"  (timeout="200")
[18:51:02.754]      // while  =>  TIMEOUT
[18:51:02.754]      // end while "1"
[18:51:02.754]    </control>
[18:51:02.754]    <control if="canReadPins" while="" timeout="0" info="">
[18:51:02.754]      // if-block "canReadPins"
[18:51:02.754]        // =>  TRUE
[18:51:02.754]      <control if="" while="(DAP_SWJ_Pins(nReset, nReset, 0) & nReset) == 0" timeout="1000000" info="">
[18:51:02.754]        // while "(DAP_SWJ_Pins(nReset, nReset, 0) & nReset) == 0"  (timeout="1000000")
[18:51:02.756]          // -> [DAP_SWJ_Pins(0x80, 0x80, 0) => 0x8F]   (Out: nRESET=1  =>  In: SWCLK/TCK=1, SWDIO/TMS=1, TDI=1, TDO=1, nTRST=0, nRESET=1)
[18:51:02.756]        // while-condition  =>  FALSE
[18:51:02.756]        // end while "(DAP_SWJ_Pins(nReset, nReset, 0) & nReset) == 0"
[18:51:02.756]      </control>
[18:51:02.756]      // end if-block "canReadPins"
[18:51:02.756]    </control>
[18:51:02.756]    <control if="!canReadPins" while="" timeout="0" info="">
[18:51:02.756]      // if-block "!canReadPins"
[18:51:02.756]        // =>  FALSE
[18:51:02.756]      // skip if-block "!canReadPins"
[18:51:02.756]    </control>
[18:51:02.756]    <control if="(ACCESS_POINT_VAL & 0x00E00000) == 0" while="" timeout="0" info="">
[18:51:02.756]      // if-block "(ACCESS_POINT_VAL & 0x00E00000) == 0"
[18:51:02.756]        // =>  TRUE
[18:51:02.756]      <block atomic="false" info="">
[18:51:02.757]        WriteAP(0x00, 0x190008);
[18:51:02.759]          // -> [WriteAP(0x00000000, 0x00190008)]   (__dp=0x00000000, __ap=0x00000004)
[18:51:02.759]        WriteAP(0xF0, 0x01);
[18:51:02.763]          // -> [WriteAP(0x000000F0, 0x00000001)]   (__dp=0x00000000, __ap=0x00000004)
[18:51:02.763]      </block>
[18:51:02.763]      // end if-block "(ACCESS_POINT_VAL & 0x00E00000) == 0"
[18:51:02.763]    </control>
[18:51:02.763]    <control if="(ACCESS_POINT_VAL & 0x00E00000) != 0" while="" timeout="0" info="">
[18:51:02.763]      // if-block "(ACCESS_POINT_VAL & 0x00E00000) != 0"
[18:51:02.763]        // =>  FALSE
[18:51:02.763]      // skip if-block "(ACCESS_POINT_VAL & 0x00E00000) != 0"
[18:51:02.763]    </control>
[18:51:02.763]    <block atomic="false" info="">
[18:51:02.763]      ACCESS_POINT_VAL = ReadAP(0x00);//Reading current state of access point
[18:51:02.768]        // -> [ReadAP(0x00000000) => 0x0079002F]   (__dp=0x00000000, __ap=0x00000004)
[18:51:02.768]        // -> [ACCESS_POINT_VAL <= 0x0079002F]
[18:51:02.768]      Message(0, "Current state of access point is: %x",ACCESS_POINT_VAL);
[18:51:02.769]      __ap = 0; //lets make sure we reset the access point selection
[18:51:02.769]        // -> [__ap <= 0x00000000]
[18:51:02.769]    </block>
[18:51:02.769]  </sequence>
[18:51:02.769]  
[18:51:02.790]  **********  Sequence "DebugDeviceUnlock"  (Context="Connect", Pname="", info="")
[18:51:02.790]  
[18:51:02.791]  <debugvars>
[18:51:02.791]    // Pre-defined
[18:51:02.791]    __protocol=0x00010002      (Protocol="SWD", SWJ-DP="True")
[18:51:02.791]    __connection=0x00000202    (Connection Type="Flash", Reset Type="System Reset")
[18:51:02.791]    __dp=0x00000000
[18:51:02.791]    __ap=0x00000000
[18:51:02.791]    __traceout=0x00000000      (Trace Disabled)
[18:51:02.791]    __errorcontrol=0x00000000  (Skip Errors="False")
[18:51:02.791]    __FlashAddr=0x00000000
[18:51:02.791]    __FlashLen=0x00000000
[18:51:02.791]    __FlashArg=0x00000000
[18:51:02.791]    __FlashOp=0x00000000
[18:51:02.791]    __Result=0x00000000
[18:51:02.791]  </debugvars>
[18:51:02.791]  
[18:51:02.791]  <sequence name="DebugDeviceUnlock" Pname="" disable="false" info="">
[18:51:02.791]    <block atomic="false" info="">
[18:51:02.791]      __var deviceID = 0;
[18:51:02.792]        // -> [deviceID <= 0x00000000]
[18:51:02.792]      __var version = 0;
[18:51:02.792]        // -> [version <= 0x00000000]
[18:51:02.792]      __var partNum = 0;
[18:51:02.792]        // -> [partNum <= 0x00000000]
[18:51:02.792]      __var manuf = 0;
[18:51:02.792]        // -> [manuf <= 0x00000000]
[18:51:02.793]      __var isMSPM0G1X0X_G3X0X = 0;
[18:51:02.793]        // -> [isMSPM0G1X0X_G3X0X <= 0x00000000]
[18:51:02.793]      __var isProduction = 0;
[18:51:02.793]        // -> [isProduction <= 0x00000000]
[18:51:02.793]      __var continueId = 0;
[18:51:02.793]        // -> [continueId <= 0x00000000]
[18:51:02.793]      deviceID =   Read32(0x41C40004);
[18:51:02.799]        // -> [Read32(0x41C40004) => 0x2BB8802F]   (__dp=0x00000000, __ap=0x00000000)
[18:51:02.799]        // -> [deviceID <= 0x2BB8802F]
[18:51:02.800]      version = deviceID >> 28;
[18:51:02.800]        // -> [version <= 0x00000002]
[18:51:02.800]      partNum = (deviceID & 0x0FFFF000) >> 12;
[18:51:02.800]        // -> [partNum <= 0x0000BB88]
[18:51:02.800]      manuf = (deviceID & 0x00000FFE) >> 1;
[18:51:02.800]        // -> [manuf <= 0x00000017]
[18:51:02.800]      isMSPM0G1X0X_G3X0X = (partNum == 0xBB88) && (manuf == 0x17);
[18:51:02.800]        // -> [isMSPM0G1X0X_G3X0X <= 0x00000001]
[18:51:02.800]      isProduction = (version > 0);
[18:51:02.800]        // -> [isProduction <= 0x00000001]
[18:51:02.801]    </block>
[18:51:02.801]    <control if="!isMSPM0G1X0X_G3X0X" while="" timeout="0" info="">
[18:51:02.801]      // if-block "!isMSPM0G1X0X_G3X0X"
[18:51:02.801]        // =>  FALSE
[18:51:02.801]      // skip if-block "!isMSPM0G1X0X_G3X0X"
[18:51:02.801]    </control>
[18:51:02.801]    <control if="continueId == 4" while="" timeout="0" info="">
[18:51:02.801]      // if-block "continueId == 4"
[18:51:02.801]        // =>  FALSE
[18:51:02.801]      // skip if-block "continueId == 4"
[18:51:02.801]    </control>
[18:51:02.801]    <control if="!isProduction" while="" timeout="0" info="">
[18:51:02.802]      // if-block "!isProduction"
[18:51:02.802]        // =>  FALSE
[18:51:02.802]      // skip if-block "!isProduction"
[18:51:02.802]    </control>
[18:51:02.802]  </sequence>
[18:51:02.802]  
