/*
 *  CMSIS Pack Debug Access Sequence Log
 *  File        : C:\Users\xxs13\Desktop\MSPM0G3507_Library\SeekFree_MSPM0G3507_Opensource_Library\project\mdk\SeekFree_MSPM0G3507_Device_Library_Sequences_0026.log
 *  Created     : 10:45:58 (29/07/2026)
 *  Device      : MSPM0G3507
 *  PDSC File   : D:/MDK5.36/Packs/TexasInstruments/MSPM0G1X0X_G3X0X_DFP/1.3.1/TexasInstruments.MSPM0G1X0X_G3X0X_DFP.pdsc
 *
 */

[10:45:58.449]  **********  Sequence "DebugPortSetup"  (Context="Connect", Pname="", info="")
[10:45:58.449]  
[10:45:58.449]  <debugvars>
[10:45:58.449]    // Pre-defined
[10:45:58.449]    __protocol=0x00010002      (Protocol="SWD", SWJ-DP="True")
[10:45:58.449]    __connection=0x00000202    (Connection Type="Flash", Reset Type="System Reset")
[10:45:58.449]    __dp=0x00000000
[10:45:58.449]    __ap=0x00000000
[10:45:58.449]    __traceout=0x00000000      (Trace Disabled)
[10:45:58.449]    __errorcontrol=0x00000000  (Skip Errors="False")
[10:45:58.449]    __FlashAddr=0x00000000
[10:45:58.449]    __FlashLen=0x00000000
[10:45:58.449]    __FlashArg=0x00000000
[10:45:58.449]    __FlashOp=0x00000000
[10:45:58.449]    __Result=0x00000000
[10:45:58.449]  </debugvars>
[10:45:58.449]  
[10:45:58.449]  <sequence name="DebugPortSetup" Pname="" disable="false" info="">
[10:45:58.449]    <block atomic="false" info="">
[10:45:58.449]      __var isSWJ      = ((__protocol & 0x00010000) != 0);
[10:45:58.449]        // -> [isSWJ <= 0x00000001]
[10:45:58.449]      __var hasDormant = __protocol & 0x00020000;
[10:45:58.449]        // -> [hasDormant <= 0x00000000]
[10:45:58.449]      __var protType   = __protocol & 0x0000FFFF;
[10:45:58.449]        // -> [protType <= 0x00000002]
[10:45:58.449]    </block>
[10:45:58.449]    <control if="protType == 1" while="" timeout="0" info="">
[10:45:58.449]      // if-block "protType == 1"
[10:45:58.449]        // =>  FALSE
[10:45:58.449]      // skip if-block "protType == 1"
[10:45:58.449]    </control>
[10:45:58.449]    <control if="protType == 2" while="" timeout="0" info="">
[10:45:58.449]      // if-block "protType == 2"
[10:45:58.449]        // =>  TRUE
[10:45:58.449]      <control if="isSWJ" while="" timeout="0" info="">
[10:45:58.449]        // if-block "isSWJ"
[10:45:58.449]          // =>  TRUE
[10:45:58.449]        <control if="hasDormant" while="" timeout="0" info="">
[10:45:58.449]          // if-block "hasDormant"
[10:45:58.449]            // =>  FALSE
[10:45:58.449]          // skip if-block "hasDormant"
[10:45:58.449]        </control>
[10:45:58.449]        <control if="!hasDormant" while="" timeout="0" info="">
[10:45:58.449]          // if-block "!hasDormant"
[10:45:58.449]            // =>  TRUE
[10:45:58.449]          <block atomic="false" info="">
[10:45:58.449]            DAP_SWJ_Sequence(51, 0x0007FFFFFFFFFFFF); //lets put the JTAG line in a reset state
[10:45:58.462]              // -> [DAP_SWJ_Sequence(51, 0x0007FFFFFFFFFFFF)]
[10:45:58.462]            DAP_SWJ_Sequence(16,0xE73C); //SWD to JTAG, this is to ensure the state machine is initialized
[10:45:58.464]              // -> [DAP_SWJ_Sequence(16, 0x000000000000E73C)]
[10:45:58.464]            DAP_SWJ_Sequence(51, 0x0007FFFFFFFFFFFF); //Put it back in reset
[10:45:58.464]              // -> [DAP_SWJ_Sequence(51, 0x0007FFFFFFFFFFFF)]
[10:45:58.464]            DAP_SWJ_Sequence(16, 0xE79E); //JTAG to SWD switch
[10:45:58.470]              // -> [DAP_SWJ_Sequence(16, 0x000000000000E79E)]
[10:45:58.470]            DAP_SWJ_Sequence(51, 0x0007FFFFFFFFFFFF);  //Ensure the switch is successful 
[10:45:58.472]              // -> [DAP_SWJ_Sequence(51, 0x0007FFFFFFFFFFFF)]
[10:45:58.472]            DAP_SWJ_Sequence(7,  0x00); //Give the line some time to initialize
[10:45:58.473]              // -> [DAP_SWJ_Sequence(7, 0x0000000000000000)]
[10:45:58.473]          </block>
[10:45:58.473]          // end if-block "!hasDormant"
[10:45:58.473]        </control>
[10:45:58.473]        // end if-block "isSWJ"
[10:45:58.473]      </control>
[10:45:58.473]      <control if="!isSWJ" while="" timeout="0" info="">
[10:45:58.473]        // if-block "!isSWJ"
[10:45:58.473]          // =>  FALSE
[10:45:58.473]        // skip if-block "!isSWJ"
[10:45:58.473]      </control>
[10:45:58.473]      <block atomic="false" info="">
[10:45:58.473]        ReadDP(0x0);
[10:45:58.473]          // -> [ReadDP(0x00000000) => 0x6BA02477]   (__dp=0x00000000)
[10:45:58.473]      </block>
[10:45:58.473]      // end if-block "protType == 2"
[10:45:58.473]    </control>
[10:45:58.473]  </sequence>
[10:45:58.473]  
[10:45:58.480]  **********  Sequence "DebugPortStart"  (Context="Connect", Pname="", info="")
[10:45:58.480]  
[10:45:58.480]  <debugvars>
[10:45:58.480]    // Pre-defined
[10:45:58.480]    __protocol=0x00010002      (Protocol="SWD", SWJ-DP="True")
[10:45:58.480]    __connection=0x00000202    (Connection Type="Flash", Reset Type="System Reset")
[10:45:58.480]    __dp=0x00000000
[10:45:58.480]    __ap=0x00000000
[10:45:58.480]    __traceout=0x00000000      (Trace Disabled)
[10:45:58.480]    __errorcontrol=0x00000000  (Skip Errors="False")
[10:45:58.480]    __FlashAddr=0x00000000
[10:45:58.480]    __FlashLen=0x00000000
[10:45:58.480]    __FlashArg=0x00000000
[10:45:58.480]    __FlashOp=0x00000000
[10:45:58.480]    __Result=0x00000000
[10:45:58.480]  </debugvars>
[10:45:58.480]  
[10:45:58.480]  <sequence name="DebugPortStart" Pname="" disable="false" info="">
[10:45:58.480]    <block atomic="false" info="">
[10:45:58.480]      __var SW_DP_ABORT       = 0x0;
[10:45:58.480]        // -> [SW_DP_ABORT <= 0x00000000]
[10:45:58.480]      __var DP_CTRL_STAT      = 0x4;
[10:45:58.480]        // -> [DP_CTRL_STAT <= 0x00000004]
[10:45:58.480]      __var DP_SELECT         = 0x8;
[10:45:58.480]        // -> [DP_SELECT <= 0x00000008]
[10:45:58.480]      __var powered_down      = 0;
[10:45:58.480]        // -> [powered_down <= 0x00000000]
[10:45:58.480]      WriteDP(DP_SELECT, 0x00000000);
[10:45:58.480]        // -> [WriteDP(0x00000008, 0x00000000)]   (__dp=0x00000000)
[10:45:58.480]      powered_down = ((ReadDP(DP_CTRL_STAT) & 0xA0000000) != 0xA0000000);
[10:45:58.493]        // -> [ReadDP(0x00000004) => 0x00000040]   (__dp=0x00000000)
[10:45:58.493]        // -> [powered_down <= 0x00000001]
[10:45:58.493]    </block>
[10:45:58.493]    <control if="powered_down" while="" timeout="0" info="">
[10:45:58.493]      // if-block "powered_down"
[10:45:58.493]        // =>  TRUE
[10:45:58.493]      <block atomic="false" info="">
[10:45:58.493]        Message(0, "Debug/System power-up request sent");
[10:45:58.493]        WriteDP(DP_CTRL_STAT, 0x50000000);
[10:45:58.493]          // -> [WriteDP(0x00000004, 0x50000000)]   (__dp=0x00000000)
[10:45:58.493]      </block>
[10:45:58.493]      <control if="" while="(ReadDP(DP_CTRL_STAT) & 0xA0000000) != 0xA0000000" timeout="1000000" info="">
[10:45:58.493]        // while "(ReadDP(DP_CTRL_STAT) & 0xA0000000) != 0xA0000000"  (timeout="1000000")
[10:45:58.493]          // -> [ReadDP(0x00000004) => 0xF0000040]   (__dp=0x00000000)
[10:45:58.493]        // while-condition  =>  FALSE
[10:45:58.493]        // end while "(ReadDP(DP_CTRL_STAT) & 0xA0000000) != 0xA0000000"
[10:45:58.493]      </control>
[10:45:58.493]      <control if="(__protocol & 0xFFFF) == 1" while="" timeout="0" info="">
[10:45:58.493]        // if-block "(__protocol & 0xFFFF) == 1"
[10:45:58.493]          // =>  FALSE
[10:45:58.493]        // skip if-block "(__protocol & 0xFFFF) == 1"
[10:45:58.493]      </control>
[10:45:58.493]      <control if="(__protocol & 0xFFFF) == 2" while="" timeout="0" info="">
[10:45:58.493]        // if-block "(__protocol & 0xFFFF) == 2"
[10:45:58.493]          // =>  TRUE
[10:45:58.493]        <block atomic="false" info="">
[10:45:58.493]          Message(0, "executing SWD power up");
[10:45:58.493]          WriteDP(DP_CTRL_STAT, 0x50000F00);
[10:45:58.501]            // -> [WriteDP(0x00000004, 0x50000F00)]   (__dp=0x00000000)
[10:45:58.501]          WriteDP(SW_DP_ABORT, 0x0000001E);
[10:45:58.501]            // -> [WriteDP(0x00000000, 0x0000001E)]   (__dp=0x00000000)
[10:45:58.501]        </block>
[10:45:58.501]        // end if-block "(__protocol & 0xFFFF) == 2"
[10:45:58.501]      </control>
[10:45:58.501]      // end if-block "powered_down"
[10:45:58.501]    </control>
[10:45:58.501]    <block atomic="false" info="">
[10:45:58.501]      __var DEBUG_PORT_VAL    = 0;
[10:45:58.501]        // -> [DEBUG_PORT_VAL <= 0x00000000]
[10:45:58.501]      __var ACCESS_POINT_VAL  = 0;
[10:45:58.501]        // -> [ACCESS_POINT_VAL <= 0x00000000]
[10:45:58.501]      __ap = 1; 
[10:45:58.501]        // -> [__ap <= 0x00000001]
[10:45:58.501]      WriteAP(0x0C, 0x04); //lets use the mini pwr-ap as backup
[10:45:58.515]        // -> [WriteAP(0x0000000C, 0x00000004)]   (__dp=0x00000000, __ap=0x00000001)
[10:45:58.515]      __ap = 4;
[10:45:58.515]        // -> [__ap <= 0x00000004]
[10:45:58.515]      ACCESS_POINT_VAL = ReadAP(0x00);//Reading current state of access point
[10:45:58.525]        // -> [ReadAP(0x00000000) => 0x00080027]   (__dp=0x00000000, __ap=0x00000004)
[10:45:58.525]        // -> [ACCESS_POINT_VAL <= 0x00080027]
[10:45:58.525]      Message(0, "Current state of access point is: %x",ACCESS_POINT_VAL);
[10:45:58.525]    </block>
[10:45:58.533]    <block atomic="false" info="">
[10:45:58.533]      __var nReset = 0x80;
[10:45:58.533]        // -> [nReset <= 0x00000080]
[10:45:58.533]      __var canReadPins = 0;
[10:45:58.533]        // -> [canReadPins <= 0x00000000]
[10:45:58.533]      canReadPins = (DAP_SWJ_Pins(0x00, nReset, 0) != 0xFFFFFFFF);
[10:45:58.533]        // -> [DAP_SWJ_Pins(0x00, 0x80, 0) => 0x0F]   (Out: nRESET=0  =>  In: SWCLK/TCK=1, SWDIO/TMS=1, TDI=1, TDO=1, nTRST=0, nRESET=0)
[10:45:58.533]        // -> [canReadPins <= 0x00000001]
[10:45:58.533]    </block>
[10:45:58.533]    <control if="" while="1" timeout="200" info="">
[10:45:58.533]      // while "1"  (timeout="200")
[10:45:58.533]      // while-condition  =>  TRUE
[10:45:58.533]      // while "1"  (timeout="200")
[10:45:58.533]      // while-condition  =>  TRUE
[10:45:58.533]      // while "1"  (timeout="200")
[10:45:58.533]      // while-condition  =>  TRUE
[10:45:58.533]      // while "1"  (timeout="200")
[10:45:58.533]      // while-condition  =>  TRUE
[10:45:58.533]      // while "1"  (timeout="200")
[10:45:58.533]      // while-condition  =>  TRUE
[10:45:58.533]      // while "1"  (timeout="200")
[10:45:58.533]      // while-condition  =>  TRUE
[10:45:58.533]      // while "1"  (timeout="200")
[10:45:58.533]      // while-condition  =>  TRUE
[10:45:58.533]      // while "1"  (timeout="200")
[10:45:58.533]      // while-condition  =>  TRUE
[10:45:58.533]      // while "1"  (timeout="200")
[10:45:58.533]      // while-condition  =>  TRUE
[10:45:58.533]      // while "1"  (timeout="200")
[10:45:58.533]      // while-condition  =>  TRUE
[10:45:58.533]      // while "1"  (timeout="200")
[10:45:58.533]      // while-condition  =>  TRUE
[10:45:58.533]      // while "1"  (timeout="200")
[10:45:58.533]      // while-condition  =>  TRUE
[10:45:58.533]      // while "1"  (timeout="200")
[10:45:58.533]      // while-condition  =>  TRUE
[10:45:58.533]      // while "1"  (timeout="200")
[10:45:58.533]      // while-condition  =>  TRUE
[10:45:58.533]      // while "1"  (timeout="200")
[10:45:58.533]      // while-condition  =>  TRUE
[10:45:58.533]      // while "1"  (timeout="200")
[10:45:58.533]      // while-condition  =>  TRUE
[10:45:58.533]      // while "1"  (timeout="200")
[10:45:58.533]      // while-condition  =>  TRUE
[10:45:58.533]      // while "1"  (timeout="200")
[10:45:58.533]      // while-condition  =>  TRUE
[10:45:58.533]      // while "1"  (timeout="200")
[10:45:58.533]      // while-condition  =>  TRUE
[10:45:58.533]      // while "1"  (timeout="200")
[10:45:58.533]      // while-condition  =>  TRUE
[10:45:58.533]      // while "1"  (timeout="200")
[10:45:58.533]      // while-condition  =>  TRUE
[10:45:58.533]      // while "1"  (timeout="200")
[10:45:58.533]      // while-condition  =>  TRUE
[10:45:58.533]      // while "1"  (timeout="200")
[10:45:58.533]      // while-condition  =>  TRUE
[10:45:58.533]      // while "1"  (timeout="200")
[10:45:58.533]      // while-condition  =>  TRUE
[10:45:58.533]      // while "1"  (timeout="200")
[10:45:58.533]      // while-condition  =>  TRUE
[10:45:58.533]      // while "1"  (timeout="200")
[10:45:58.533]      // while-condition  =>  TRUE
[10:45:58.533]      // while "1"  (timeout="200")
[10:45:58.533]      // while-condition  =>  TRUE
[10:45:58.533]      // while "1"  (timeout="200")
[10:45:58.533]      // while-condition  =>  TRUE
[10:45:58.533]      // while "1"  (timeout="200")
[10:45:58.533]      // while-condition  =>  TRUE
[10:45:58.533]      // while "1"  (timeout="200")
[10:45:58.533]      // while-condition  =>  TRUE
[10:45:58.533]      // while "1"  (timeout="200")
[10:45:58.533]      // while-condition  =>  TRUE
[10:45:58.533]      // while "1"  (timeout="200")
[10:45:58.533]      // while-condition  =>  TRUE
[10:45:58.533]      // while "1"  (timeout="200")
[10:45:58.533]      // while-condition  =>  TRUE
[10:45:58.533]      // while "1"  (timeout="200")
[10:45:58.533]      // while-condition  =>  TRUE
[10:45:58.533]      // while "1"  (timeout="200")
[10:45:58.533]      // while-condition  =>  TRUE
[10:45:58.533]      // while "1"  (timeout="200")
[10:45:58.533]      // while-condition  =>  TRUE
[10:45:58.533]      // while "1"  (timeout="200")
[10:45:58.533]      // while-condition  =>  TRUE
[10:45:58.533]      // while "1"  (timeout="200")
[10:45:58.533]      // while-condition  =>  TRUE
[10:45:58.533]      // while "1"  (timeout="200")
[10:45:58.533]      // while-condition  =>  TRUE
[10:45:58.533]      // while "1"  (timeout="200")
[10:45:58.533]      // while-condition  =>  TRUE
[10:45:58.533]      // while "1"  (timeout="200")
[10:45:58.533]      // while-condition  =>  TRUE
[10:45:58.533]      // while "1"  (timeout="200")
[10:45:58.533]      // while-condition  =>  TRUE
[10:45:58.533]      // while "1"  (timeout="200")
[10:45:58.533]      // while-condition  =>  TRUE
[10:45:58.533]      // while "1"  (timeout="200")
[10:45:58.533]      // while-condition  =>  TRUE
[10:45:58.533]      // while "1"  (timeout="200")
[10:45:58.533]      // while-condition  =>  TRUE
[10:45:58.533]      // while "1"  (timeout="200")
[10:45:58.533]      // while-condition  =>  TRUE
[10:45:58.533]      // while "1"  (timeout="200")
[10:45:58.533]      // while-condition  =>  TRUE
[10:45:58.533]      // while "1"  (timeout="200")
[10:45:58.533]      // while-condition  =>  TRUE
[10:45:58.533]      // while "1"  (timeout="200")
[10:45:58.533]      // while-condition  =>  TRUE
[10:45:58.533]      // while "1"  (timeout="200")
[10:45:58.533]      // while-condition  =>  TRUE
[10:45:58.533]      // while "1"  (timeout="200")
[10:45:58.533]      // while-condition  =>  TRUE
[10:45:58.533]      // while "1"  (timeout="200")
[10:45:58.533]      // while-condition  =>  TRUE
[10:45:58.533]      // while "1"  (timeout="200")
[10:45:58.533]      // while-condition  =>  TRUE
[10:45:58.533]      // while "1"  (timeout="200")
[10:45:58.533]      // while-condition  =>  TRUE
[10:45:58.533]      // while "1"  (timeout="200")
[10:45:58.533]      // while-condition  =>  TRUE
[10:45:58.533]      // while "1"  (timeout="200")
[10:45:58.533]      // while-condition  =>  TRUE
[10:45:58.533]      // while "1"  (timeout="200")
[10:45:58.543]      // while-condition  =>  TRUE
[10:45:58.543]      // while "1"  (timeout="200")
[10:45:58.543]      // while  =>  TIMEOUT
[10:45:58.543]      // end while "1"
[10:45:58.543]    </control>
[10:45:58.543]    <control if="canReadPins" while="" timeout="0" info="">
[10:45:58.543]      // if-block "canReadPins"
[10:45:58.543]        // =>  TRUE
[10:45:58.543]      <control if="" while="(DAP_SWJ_Pins(nReset, nReset, 0) & nReset) == 0" timeout="1000000" info="">
[10:45:58.543]        // while "(DAP_SWJ_Pins(nReset, nReset, 0) & nReset) == 0"  (timeout="1000000")
[10:45:58.543]          // -> [DAP_SWJ_Pins(0x80, 0x80, 0) => 0x8F]   (Out: nRESET=1  =>  In: SWCLK/TCK=1, SWDIO/TMS=1, TDI=1, TDO=1, nTRST=0, nRESET=1)
[10:45:58.543]        // while-condition  =>  FALSE
[10:45:58.543]        // end while "(DAP_SWJ_Pins(nReset, nReset, 0) & nReset) == 0"
[10:45:58.543]      </control>
[10:45:58.543]      // end if-block "canReadPins"
[10:45:58.543]    </control>
[10:45:58.543]    <control if="!canReadPins" while="" timeout="0" info="">
[10:45:58.543]      // if-block "!canReadPins"
[10:45:58.543]        // =>  FALSE
[10:45:58.543]      // skip if-block "!canReadPins"
[10:45:58.543]    </control>
[10:45:58.543]    <control if="(ACCESS_POINT_VAL & 0x00E00000) == 0" while="" timeout="0" info="">
[10:45:58.543]      // if-block "(ACCESS_POINT_VAL & 0x00E00000) == 0"
[10:45:58.543]        // =>  TRUE
[10:45:58.543]      <block atomic="false" info="">
[10:45:58.543]        WriteAP(0x00, 0x190008);
[10:45:58.543]          // -> [WriteAP(0x00000000, 0x00190008)]   (__dp=0x00000000, __ap=0x00000004)
[10:45:58.543]        WriteAP(0xF0, 0x01);
[10:45:58.553]          // -> [WriteAP(0x000000F0, 0x00000001)]   (__dp=0x00000000, __ap=0x00000004)
[10:45:58.553]      </block>
[10:45:58.553]      // end if-block "(ACCESS_POINT_VAL & 0x00E00000) == 0"
[10:45:58.553]    </control>
[10:45:58.553]    <control if="(ACCESS_POINT_VAL & 0x00E00000) != 0" while="" timeout="0" info="">
[10:45:58.553]      // if-block "(ACCESS_POINT_VAL & 0x00E00000) != 0"
[10:45:58.553]        // =>  FALSE
[10:45:58.553]      // skip if-block "(ACCESS_POINT_VAL & 0x00E00000) != 0"
[10:45:58.553]    </control>
[10:45:58.553]    <block atomic="false" info="">
[10:45:58.553]      ACCESS_POINT_VAL = ReadAP(0x00);//Reading current state of access point
[10:45:58.553]        // -> [ReadAP(0x00000000) => 0x0079002F]   (__dp=0x00000000, __ap=0x00000004)
[10:45:58.553]        // -> [ACCESS_POINT_VAL <= 0x0079002F]
[10:45:58.553]      Message(0, "Current state of access point is: %x",ACCESS_POINT_VAL);
[10:45:58.564]      __ap = 0; //lets make sure we reset the access point selection
[10:45:58.564]        // -> [__ap <= 0x00000000]
[10:45:58.564]    </block>
[10:45:58.564]  </sequence>
[10:45:58.564]  
[10:45:58.594]  **********  Sequence "DebugDeviceUnlock"  (Context="Connect", Pname="", info="")
[10:45:58.594]  
[10:45:58.594]  <debugvars>
[10:45:58.594]    // Pre-defined
[10:45:58.594]    __protocol=0x00010002      (Protocol="SWD", SWJ-DP="True")
[10:45:58.594]    __connection=0x00000202    (Connection Type="Flash", Reset Type="System Reset")
[10:45:58.594]    __dp=0x00000000
[10:45:58.594]    __ap=0x00000000
[10:45:58.594]    __traceout=0x00000000      (Trace Disabled)
[10:45:58.594]    __errorcontrol=0x00000000  (Skip Errors="False")
[10:45:58.594]    __FlashAddr=0x00000000
[10:45:58.594]    __FlashLen=0x00000000
[10:45:58.594]    __FlashArg=0x00000000
[10:45:58.594]    __FlashOp=0x00000000
[10:45:58.594]    __Result=0x00000000
[10:45:58.594]  </debugvars>
[10:45:58.594]  
[10:45:58.594]  <sequence name="DebugDeviceUnlock" Pname="" disable="false" info="">
[10:45:58.594]    <block atomic="false" info="">
[10:45:58.594]      __var deviceID = 0;
[10:45:58.594]        // -> [deviceID <= 0x00000000]
[10:45:58.594]      __var version = 0;
[10:45:58.594]        // -> [version <= 0x00000000]
[10:45:58.594]      __var partNum = 0;
[10:45:58.594]        // -> [partNum <= 0x00000000]
[10:45:58.594]      __var manuf = 0;
[10:45:58.594]        // -> [manuf <= 0x00000000]
[10:45:58.594]      __var isMSPM0G1X0X_G3X0X = 0;
[10:45:58.594]        // -> [isMSPM0G1X0X_G3X0X <= 0x00000000]
[10:45:58.594]      __var isProduction = 0;
[10:45:58.594]        // -> [isProduction <= 0x00000000]
[10:45:58.594]      __var continueId = 0;
[10:45:58.594]        // -> [continueId <= 0x00000000]
[10:45:58.594]      deviceID =   Read32(0x41C40004);
[10:45:58.605]        // -> [Read32(0x41C40004) => 0x2BB8802F]   (__dp=0x00000000, __ap=0x00000000)
[10:45:58.605]        // -> [deviceID <= 0x2BB8802F]
[10:45:58.605]      version = deviceID >> 28;
[10:45:58.605]        // -> [version <= 0x00000002]
[10:45:58.605]      partNum = (deviceID & 0x0FFFF000) >> 12;
[10:45:58.605]        // -> [partNum <= 0x0000BB88]
[10:45:58.605]      manuf = (deviceID & 0x00000FFE) >> 1;
[10:45:58.605]        // -> [manuf <= 0x00000017]
[10:45:58.605]      isMSPM0G1X0X_G3X0X = (partNum == 0xBB88) && (manuf == 0x17);
[10:45:58.605]        // -> [isMSPM0G1X0X_G3X0X <= 0x00000001]
[10:45:58.605]      isProduction = (version > 0);
[10:45:58.605]        // -> [isProduction <= 0x00000001]
[10:45:58.605]    </block>
[10:45:58.605]    <control if="!isMSPM0G1X0X_G3X0X" while="" timeout="0" info="">
[10:45:58.605]      // if-block "!isMSPM0G1X0X_G3X0X"
[10:45:58.605]        // =>  FALSE
[10:45:58.605]      // skip if-block "!isMSPM0G1X0X_G3X0X"
[10:45:58.605]    </control>
[10:45:58.605]    <control if="continueId == 4" while="" timeout="0" info="">
[10:45:58.605]      // if-block "continueId == 4"
[10:45:58.605]        // =>  FALSE
[10:45:58.605]      // skip if-block "continueId == 4"
[10:45:58.605]    </control>
[10:45:58.605]    <control if="!isProduction" while="" timeout="0" info="">
[10:45:58.605]      // if-block "!isProduction"
[10:45:58.605]        // =>  FALSE
[10:45:58.605]      // skip if-block "!isProduction"
[10:45:58.605]    </control>
[10:45:58.605]  </sequence>
[10:45:58.605]  
[11:04:47.785]  **********  Sequence "DebugPortSetup"  (Context="Connect", Pname="", info="")
[11:04:47.785]  
[11:04:47.785]  <debugvars>
[11:04:47.785]    // Pre-defined
[11:04:47.785]    __protocol=0x00010002      (Protocol="SWD", SWJ-DP="True")
[11:04:47.785]    __connection=0x00000202    (Connection Type="Flash", Reset Type="System Reset")
[11:04:47.785]    __dp=0x00000000
[11:04:47.785]    __ap=0x00000000
[11:04:47.785]    __traceout=0x00000000      (Trace Disabled)
[11:04:47.785]    __errorcontrol=0x00000000  (Skip Errors="False")
[11:04:47.785]    __FlashAddr=0x00000000
[11:04:47.785]    __FlashLen=0x00000000
[11:04:47.785]    __FlashArg=0x00000000
[11:04:47.785]    __FlashOp=0x00000000
[11:04:47.785]    __Result=0x00000000
[11:04:47.785]  </debugvars>
[11:04:47.785]  
[11:04:47.785]  <sequence name="DebugPortSetup" Pname="" disable="false" info="">
[11:04:47.785]    <block atomic="false" info="">
[11:04:47.785]      __var isSWJ      = ((__protocol & 0x00010000) != 0);
[11:04:47.785]        // -> [isSWJ <= 0x00000001]
[11:04:47.785]      __var hasDormant = __protocol & 0x00020000;
[11:04:47.785]        // -> [hasDormant <= 0x00000000]
[11:04:47.785]      __var protType   = __protocol & 0x0000FFFF;
[11:04:47.785]        // -> [protType <= 0x00000002]
[11:04:47.785]    </block>
[11:04:47.785]    <control if="protType == 1" while="" timeout="0" info="">
[11:04:47.785]      // if-block "protType == 1"
[11:04:47.785]        // =>  FALSE
[11:04:47.785]      // skip if-block "protType == 1"
[11:04:47.785]    </control>
[11:04:47.785]    <control if="protType == 2" while="" timeout="0" info="">
[11:04:47.785]      // if-block "protType == 2"
[11:04:47.785]        // =>  TRUE
[11:04:47.785]      <control if="isSWJ" while="" timeout="0" info="">
[11:04:47.785]        // if-block "isSWJ"
[11:04:47.785]          // =>  TRUE
[11:04:47.785]        <control if="hasDormant" while="" timeout="0" info="">
[11:04:47.785]          // if-block "hasDormant"
[11:04:47.785]            // =>  FALSE
[11:04:47.790]          // skip if-block "hasDormant"
[11:04:47.790]        </control>
[11:04:47.790]        <control if="!hasDormant" while="" timeout="0" info="">
[11:04:47.790]          // if-block "!hasDormant"
[11:04:47.790]            // =>  TRUE
[11:04:47.790]          <block atomic="false" info="">
[11:04:47.790]            DAP_SWJ_Sequence(51, 0x0007FFFFFFFFFFFF); //lets put the JTAG line in a reset state
[11:04:47.790]              // -> [DAP_SWJ_Sequence(51, 0x0007FFFFFFFFFFFF)]
[11:04:47.790]            DAP_SWJ_Sequence(16,0xE73C); //SWD to JTAG, this is to ensure the state machine is initialized
[11:04:47.790]              // -> [DAP_SWJ_Sequence(16, 0x000000000000E73C)]
[11:04:47.790]            DAP_SWJ_Sequence(51, 0x0007FFFFFFFFFFFF); //Put it back in reset
[11:04:47.790]              // -> [DAP_SWJ_Sequence(51, 0x0007FFFFFFFFFFFF)]
[11:04:47.790]            DAP_SWJ_Sequence(16, 0xE79E); //JTAG to SWD switch
[11:04:47.790]              // -> [DAP_SWJ_Sequence(16, 0x000000000000E79E)]
[11:04:47.790]            DAP_SWJ_Sequence(51, 0x0007FFFFFFFFFFFF);  //Ensure the switch is successful 
[11:04:47.802]              // -> [DAP_SWJ_Sequence(51, 0x0007FFFFFFFFFFFF)]
[11:04:47.802]            DAP_SWJ_Sequence(7,  0x00); //Give the line some time to initialize
[11:04:47.804]              // -> [DAP_SWJ_Sequence(7, 0x0000000000000000)]
[11:04:47.804]          </block>
[11:04:47.804]          // end if-block "!hasDormant"
[11:04:47.804]        </control>
[11:04:47.804]        // end if-block "isSWJ"
[11:04:47.804]      </control>
[11:04:47.804]      <control if="!isSWJ" while="" timeout="0" info="">
[11:04:47.804]        // if-block "!isSWJ"
[11:04:47.804]          // =>  FALSE
[11:04:47.804]        // skip if-block "!isSWJ"
[11:04:47.804]      </control>
[11:04:47.804]      <block atomic="false" info="">
[11:04:47.804]        ReadDP(0x0);
[11:04:47.804]          // -> [ReadDP(0x00000000) => 0x6BA02477]   (__dp=0x00000000)
[11:04:47.804]      </block>
[11:04:47.804]      // end if-block "protType == 2"
[11:04:47.804]    </control>
[11:04:47.804]  </sequence>
[11:04:47.804]  
[11:04:47.804]  **********  Sequence "DebugPortStart"  (Context="Connect", Pname="", info="")
[11:04:47.804]  
[11:04:47.811]  <debugvars>
[11:04:47.811]    // Pre-defined
[11:04:47.811]    __protocol=0x00010002      (Protocol="SWD", SWJ-DP="True")
[11:04:47.811]    __connection=0x00000202    (Connection Type="Flash", Reset Type="System Reset")
[11:04:47.811]    __dp=0x00000000
[11:04:47.811]    __ap=0x00000000
[11:04:47.811]    __traceout=0x00000000      (Trace Disabled)
[11:04:47.811]    __errorcontrol=0x00000000  (Skip Errors="False")
[11:04:47.811]    __FlashAddr=0x00000000
[11:04:47.811]    __FlashLen=0x00000000
[11:04:47.811]    __FlashArg=0x00000000
[11:04:47.811]    __FlashOp=0x00000000
[11:04:47.811]    __Result=0x00000000
[11:04:47.811]  </debugvars>
[11:04:47.811]  
[11:04:47.811]  <sequence name="DebugPortStart" Pname="" disable="false" info="">
[11:04:47.811]    <block atomic="false" info="">
[11:04:47.811]      __var SW_DP_ABORT       = 0x0;
[11:04:47.811]        // -> [SW_DP_ABORT <= 0x00000000]
[11:04:47.811]      __var DP_CTRL_STAT      = 0x4;
[11:04:47.811]        // -> [DP_CTRL_STAT <= 0x00000004]
[11:04:47.811]      __var DP_SELECT         = 0x8;
[11:04:47.811]        // -> [DP_SELECT <= 0x00000008]
[11:04:47.811]      __var powered_down      = 0;
[11:04:47.811]        // -> [powered_down <= 0x00000000]
[11:04:47.811]      WriteDP(DP_SELECT, 0x00000000);
[11:04:47.811]        // -> [WriteDP(0x00000008, 0x00000000)]   (__dp=0x00000000)
[11:04:47.811]      powered_down = ((ReadDP(DP_CTRL_STAT) & 0xA0000000) != 0xA0000000);
[11:04:47.811]        // -> [ReadDP(0x00000004) => 0x00000040]   (__dp=0x00000000)
[11:04:47.811]        // -> [powered_down <= 0x00000001]
[11:04:47.811]    </block>
[11:04:47.811]    <control if="powered_down" while="" timeout="0" info="">
[11:04:47.811]      // if-block "powered_down"
[11:04:47.811]        // =>  TRUE
[11:04:47.811]      <block atomic="false" info="">
[11:04:47.811]        Message(0, "Debug/System power-up request sent");
[11:04:47.811]        WriteDP(DP_CTRL_STAT, 0x50000000);
[11:04:47.822]          // -> [WriteDP(0x00000004, 0x50000000)]   (__dp=0x00000000)
[11:04:47.822]      </block>
[11:04:47.822]      <control if="" while="(ReadDP(DP_CTRL_STAT) & 0xA0000000) != 0xA0000000" timeout="1000000" info="">
[11:04:47.822]        // while "(ReadDP(DP_CTRL_STAT) & 0xA0000000) != 0xA0000000"  (timeout="1000000")
[11:04:47.823]          // -> [ReadDP(0x00000004) => 0xF0000040]   (__dp=0x00000000)
[11:04:47.823]        // while-condition  =>  FALSE
[11:04:47.823]        // end while "(ReadDP(DP_CTRL_STAT) & 0xA0000000) != 0xA0000000"
[11:04:47.823]      </control>
[11:04:47.823]      <control if="(__protocol & 0xFFFF) == 1" while="" timeout="0" info="">
[11:04:47.823]        // if-block "(__protocol & 0xFFFF) == 1"
[11:04:47.823]          // =>  FALSE
[11:04:47.823]        // skip if-block "(__protocol & 0xFFFF) == 1"
[11:04:47.823]      </control>
[11:04:47.823]      <control if="(__protocol & 0xFFFF) == 2" while="" timeout="0" info="">
[11:04:47.823]        // if-block "(__protocol & 0xFFFF) == 2"
[11:04:47.823]          // =>  TRUE
[11:04:47.823]        <block atomic="false" info="">
[11:04:47.823]          Message(0, "executing SWD power up");
[11:04:47.823]          WriteDP(DP_CTRL_STAT, 0x50000F00);
[11:04:47.823]            // -> [WriteDP(0x00000004, 0x50000F00)]   (__dp=0x00000000)
[11:04:47.823]          WriteDP(SW_DP_ABORT, 0x0000001E);
[11:04:47.832]            // -> [WriteDP(0x00000000, 0x0000001E)]   (__dp=0x00000000)
[11:04:47.832]        </block>
[11:04:47.832]        // end if-block "(__protocol & 0xFFFF) == 2"
[11:04:47.832]      </control>
[11:04:47.832]      // end if-block "powered_down"
[11:04:47.832]    </control>
[11:04:47.832]    <block atomic="false" info="">
[11:04:47.832]      __var DEBUG_PORT_VAL    = 0;
[11:04:47.832]        // -> [DEBUG_PORT_VAL <= 0x00000000]
[11:04:47.832]      __var ACCESS_POINT_VAL  = 0;
[11:04:47.832]        // -> [ACCESS_POINT_VAL <= 0x00000000]
[11:04:47.832]      __ap = 1; 
[11:04:47.832]        // -> [__ap <= 0x00000001]
[11:04:47.832]      WriteAP(0x0C, 0x04); //lets use the mini pwr-ap as backup
[11:04:47.834]        // -> [WriteAP(0x0000000C, 0x00000004)]   (__dp=0x00000000, __ap=0x00000001)
[11:04:47.834]      __ap = 4;
[11:04:47.834]        // -> [__ap <= 0x00000004]
[11:04:47.834]      ACCESS_POINT_VAL = ReadAP(0x00);//Reading current state of access point
[11:04:47.841]        // -> [ReadAP(0x00000000) => 0x00080027]   (__dp=0x00000000, __ap=0x00000004)
[11:04:47.841]        // -> [ACCESS_POINT_VAL <= 0x00080027]
[11:04:47.841]      Message(0, "Current state of access point is: %x",ACCESS_POINT_VAL);
[11:04:47.841]    </block>
[11:04:47.841]    <block atomic="false" info="">
[11:04:47.841]      __var nReset = 0x80;
[11:04:47.841]        // -> [nReset <= 0x00000080]
[11:04:47.841]      __var canReadPins = 0;
[11:04:47.841]        // -> [canReadPins <= 0x00000000]
[11:04:47.841]      canReadPins = (DAP_SWJ_Pins(0x00, nReset, 0) != 0xFFFFFFFF);
[11:04:47.841]        // -> [DAP_SWJ_Pins(0x00, 0x80, 0) => 0x0F]   (Out: nRESET=0  =>  In: SWCLK/TCK=1, SWDIO/TMS=1, TDI=1, TDO=1, nTRST=0, nRESET=0)
[11:04:47.841]        // -> [canReadPins <= 0x00000001]
[11:04:47.841]    </block>
[11:04:47.841]    <control if="" while="1" timeout="200" info="">
[11:04:47.841]      // while "1"  (timeout="200")
[11:04:47.841]      // while-condition  =>  TRUE
[11:04:47.841]      // while "1"  (timeout="200")
[11:04:47.841]      // while-condition  =>  TRUE
[11:04:47.841]      // while "1"  (timeout="200")
[11:04:47.841]      // while-condition  =>  TRUE
[11:04:47.841]      // while "1"  (timeout="200")
[11:04:47.841]      // while-condition  =>  TRUE
[11:04:47.841]      // while "1"  (timeout="200")
[11:04:47.841]      // while-condition  =>  TRUE
[11:04:47.841]      // while "1"  (timeout="200")
[11:04:47.841]      // while-condition  =>  TRUE
[11:04:47.841]      // while "1"  (timeout="200")
[11:04:47.841]      // while-condition  =>  TRUE
[11:04:47.841]      // while "1"  (timeout="200")
[11:04:47.841]      // while-condition  =>  TRUE
[11:04:47.841]      // while "1"  (timeout="200")
[11:04:47.841]      // while-condition  =>  TRUE
[11:04:47.841]      // while "1"  (timeout="200")
[11:04:47.841]      // while-condition  =>  TRUE
[11:04:47.841]      // while "1"  (timeout="200")
[11:04:47.841]      // while-condition  =>  TRUE
[11:04:47.841]      // while "1"  (timeout="200")
[11:04:47.841]      // while-condition  =>  TRUE
[11:04:47.841]      // while "1"  (timeout="200")
[11:04:47.841]      // while-condition  =>  TRUE
[11:04:47.841]      // while "1"  (timeout="200")
[11:04:47.841]      // while-condition  =>  TRUE
[11:04:47.841]      // while "1"  (timeout="200")
[11:04:47.841]      // while-condition  =>  TRUE
[11:04:47.841]      // while "1"  (timeout="200")
[11:04:47.841]      // while-condition  =>  TRUE
[11:04:47.841]      // while "1"  (timeout="200")
[11:04:47.841]      // while-condition  =>  TRUE
[11:04:47.841]      // while "1"  (timeout="200")
[11:04:47.841]      // while-condition  =>  TRUE
[11:04:47.841]      // while "1"  (timeout="200")
[11:04:47.841]      // while-condition  =>  TRUE
[11:04:47.841]      // while "1"  (timeout="200")
[11:04:47.841]      // while-condition  =>  TRUE
[11:04:47.841]      // while "1"  (timeout="200")
[11:04:47.841]      // while-condition  =>  TRUE
[11:04:47.841]      // while "1"  (timeout="200")
[11:04:47.841]      // while-condition  =>  TRUE
[11:04:47.841]      // while "1"  (timeout="200")
[11:04:47.841]      // while-condition  =>  TRUE
[11:04:47.841]      // while "1"  (timeout="200")
[11:04:47.841]      // while-condition  =>  TRUE
[11:04:47.841]      // while "1"  (timeout="200")
[11:04:47.841]      // while-condition  =>  TRUE
[11:04:47.841]      // while "1"  (timeout="200")
[11:04:47.841]      // while-condition  =>  TRUE
[11:04:47.841]      // while "1"  (timeout="200")
[11:04:47.841]      // while-condition  =>  TRUE
[11:04:47.841]      // while "1"  (timeout="200")
[11:04:47.841]      // while-condition  =>  TRUE
[11:04:47.841]      // while "1"  (timeout="200")
[11:04:47.841]      // while-condition  =>  TRUE
[11:04:47.841]      // while "1"  (timeout="200")
[11:04:47.841]      // while-condition  =>  TRUE
[11:04:47.841]      // while "1"  (timeout="200")
[11:04:47.841]      // while-condition  =>  TRUE
[11:04:47.841]      // while "1"  (timeout="200")
[11:04:47.841]      // while-condition  =>  TRUE
[11:04:47.841]      // while "1"  (timeout="200")
[11:04:47.841]      // while-condition  =>  TRUE
[11:04:47.851]      // while "1"  (timeout="200")
[11:04:47.851]      // while-condition  =>  TRUE
[11:04:47.851]      // while "1"  (timeout="200")
[11:04:47.851]      // while-condition  =>  TRUE
[11:04:47.851]      // while "1"  (timeout="200")
[11:04:47.851]      // while-condition  =>  TRUE
[11:04:47.851]      // while "1"  (timeout="200")
[11:04:47.851]      // while-condition  =>  TRUE
[11:04:47.851]      // while "1"  (timeout="200")
[11:04:47.851]      // while-condition  =>  TRUE
[11:04:47.851]      // while "1"  (timeout="200")
[11:04:47.851]      // while-condition  =>  TRUE
[11:04:47.851]      // while "1"  (timeout="200")
[11:04:47.851]      // while-condition  =>  TRUE
[11:04:47.851]      // while "1"  (timeout="200")
[11:04:47.851]      // while-condition  =>  TRUE
[11:04:47.851]      // while "1"  (timeout="200")
[11:04:47.851]      // while-condition  =>  TRUE
[11:04:47.851]      // while "1"  (timeout="200")
[11:04:47.851]      // while-condition  =>  TRUE
[11:04:47.851]      // while "1"  (timeout="200")
[11:04:47.851]      // while-condition  =>  TRUE
[11:04:47.851]      // while "1"  (timeout="200")
[11:04:47.851]      // while-condition  =>  TRUE
[11:04:47.851]      // while "1"  (timeout="200")
[11:04:47.851]      // while-condition  =>  TRUE
[11:04:47.851]      // while "1"  (timeout="200")
[11:04:47.851]      // while-condition  =>  TRUE
[11:04:47.851]      // while "1"  (timeout="200")
[11:04:47.851]      // while-condition  =>  TRUE
[11:04:47.851]      // while "1"  (timeout="200")
[11:04:47.851]      // while-condition  =>  TRUE
[11:04:47.851]      // while "1"  (timeout="200")
[11:04:47.851]      // while-condition  =>  TRUE
[11:04:47.851]      // while "1"  (timeout="200")
[11:04:47.851]      // while-condition  =>  TRUE
[11:04:47.851]      // while "1"  (timeout="200")
[11:04:47.851]      // while-condition  =>  TRUE
[11:04:47.851]      // while "1"  (timeout="200")
[11:04:47.851]      // while-condition  =>  TRUE
[11:04:47.851]      // while "1"  (timeout="200")
[11:04:47.851]      // while-condition  =>  TRUE
[11:04:47.851]      // while "1"  (timeout="200")
[11:04:47.851]      // while-condition  =>  TRUE
[11:04:47.851]      // while "1"  (timeout="200")
[11:04:47.851]      // while-condition  =>  TRUE
[11:04:47.851]      // while "1"  (timeout="200")
[11:04:47.851]      // while-condition  =>  TRUE
[11:04:47.851]      // while "1"  (timeout="200")
[11:04:47.851]      // while-condition  =>  TRUE
[11:04:47.851]      // while "1"  (timeout="200")
[11:04:47.851]      // while-condition  =>  TRUE
[11:04:47.851]      // while "1"  (timeout="200")
[11:04:47.851]      // while-condition  =>  TRUE
[11:04:47.851]      // while "1"  (timeout="200")
[11:04:47.851]      // while-condition  =>  TRUE
[11:04:47.851]      // while "1"  (timeout="200")
[11:04:47.851]      // while-condition  =>  TRUE
[11:04:47.851]      // while "1"  (timeout="200")
[11:04:47.851]      // while-condition  =>  TRUE
[11:04:47.851]      // while "1"  (timeout="200")
[11:04:47.851]      // while-condition  =>  TRUE
[11:04:47.851]      // while "1"  (timeout="200")
[11:04:47.851]      // while-condition  =>  TRUE
[11:04:47.851]      // while "1"  (timeout="200")
[11:04:47.851]      // while-condition  =>  TRUE
[11:04:47.851]      // while "1"  (timeout="200")
[11:04:47.851]      // while-condition  =>  TRUE
[11:04:47.851]      // while "1"  (timeout="200")
[11:04:47.851]      // while-condition  =>  TRUE
[11:04:47.851]      // while "1"  (timeout="200")
[11:04:47.851]      // while-condition  =>  TRUE
[11:04:47.851]      // while "1"  (timeout="200")
[11:04:47.851]      // while-condition  =>  TRUE
[11:04:47.851]      // while "1"  (timeout="200")
[11:04:47.851]      // while-condition  =>  TRUE
[11:04:47.851]      // while "1"  (timeout="200")
[11:04:47.851]      // while-condition  =>  TRUE
[11:04:47.851]      // while "1"  (timeout="200")
[11:04:47.851]      // while-condition  =>  TRUE
[11:04:47.851]      // while "1"  (timeout="200")
[11:04:47.851]      // while-condition  =>  TRUE
[11:04:47.851]      // while "1"  (timeout="200")
[11:04:47.851]      // while-condition  =>  TRUE
[11:04:47.851]      // while "1"  (timeout="200")
[11:04:47.851]      // while-condition  =>  TRUE
[11:04:47.851]      // while "1"  (timeout="200")
[11:04:47.851]      // while-condition  =>  TRUE
[11:04:47.851]      // while "1"  (timeout="200")
[11:04:47.851]      // while-condition  =>  TRUE
[11:04:47.851]      // while "1"  (timeout="200")
[11:04:47.851]      // while-condition  =>  TRUE
[11:04:47.851]      // while "1"  (timeout="200")
[11:04:47.851]      // while-condition  =>  TRUE
[11:04:47.851]      // while "1"  (timeout="200")
[11:04:47.851]      // while-condition  =>  TRUE
[11:04:47.851]      // while "1"  (timeout="200")
[11:04:47.851]      // while-condition  =>  TRUE
[11:04:47.851]      // while "1"  (timeout="200")
[11:04:47.851]      // while-condition  =>  TRUE
[11:04:47.851]      // while "1"  (timeout="200")
[11:04:47.851]      // while-condition  =>  TRUE
[11:04:47.851]      // while "1"  (timeout="200")
[11:04:47.851]      // while-condition  =>  TRUE
[11:04:47.851]      // while "1"  (timeout="200")
[11:04:47.851]      // while-condition  =>  TRUE
[11:04:47.851]      // while "1"  (timeout="200")
[11:04:47.851]      // while-condition  =>  TRUE
[11:04:47.851]      // while "1"  (timeout="200")
[11:04:47.851]      // while-condition  =>  TRUE
[11:04:47.851]      // while "1"  (timeout="200")
[11:04:47.851]      // while-condition  =>  TRUE
[11:04:47.851]      // while "1"  (timeout="200")
[11:04:47.851]      // while-condition  =>  TRUE
[11:04:47.851]      // while "1"  (timeout="200")
[11:04:47.851]      // while-condition  =>  TRUE
[11:04:47.851]      // while "1"  (timeout="200")
[11:04:47.851]      // while-condition  =>  TRUE
[11:04:47.851]      // while "1"  (timeout="200")
[11:04:47.851]      // while-condition  =>  TRUE
[11:04:47.851]      // while "1"  (timeout="200")
[11:04:47.851]      // while-condition  =>  TRUE
[11:04:47.851]      // while "1"  (timeout="200")
[11:04:47.851]      // while-condition  =>  TRUE
[11:04:47.851]      // while "1"  (timeout="200")
[11:04:47.851]      // while-condition  =>  TRUE
[11:04:47.851]      // while "1"  (timeout="200")
[11:04:47.851]      // while-condition  =>  TRUE
[11:04:47.851]      // while "1"  (timeout="200")
[11:04:47.851]      // while-condition  =>  TRUE
[11:04:47.851]      // while "1"  (timeout="200")
[11:04:47.851]      // while-condition  =>  TRUE
[11:04:47.851]      // while "1"  (timeout="200")
[11:04:47.851]      // while-condition  =>  TRUE
[11:04:47.851]      // while "1"  (timeout="200")
[11:04:47.851]      // while-condition  =>  TRUE
[11:04:47.851]      // while "1"  (timeout="200")
[11:04:47.851]      // while-condition  =>  TRUE
[11:04:47.851]      // while "1"  (timeout="200")
[11:04:47.851]      // while-condition  =>  TRUE
[11:04:47.851]      // while "1"  (timeout="200")
[11:04:47.851]      // while-condition  =>  TRUE
[11:04:47.851]      // while "1"  (timeout="200")
[11:04:47.851]      // while-condition  =>  TRUE
[11:04:47.851]      // while "1"  (timeout="200")
[11:04:47.851]      // while-condition  =>  TRUE
[11:04:47.851]      // while "1"  (timeout="200")
[11:04:47.851]      // while-condition  =>  TRUE
[11:04:47.851]      // while "1"  (timeout="200")
[11:04:47.851]      // while-condition  =>  TRUE
[11:04:47.851]      // while "1"  (timeout="200")
[11:04:47.851]      // while-condition  =>  TRUE
[11:04:47.851]      // while "1"  (timeout="200")
[11:04:47.851]      // while-condition  =>  TRUE
[11:04:47.851]      // while "1"  (timeout="200")
[11:04:47.851]      // while-condition  =>  TRUE
[11:04:47.851]      // while "1"  (timeout="200")
[11:04:47.851]      // while-condition  =>  TRUE
[11:04:47.851]      // while "1"  (timeout="200")
[11:04:47.851]      // while-condition  =>  TRUE
[11:04:47.851]      // while "1"  (timeout="200")
[11:04:47.851]      // while-condition  =>  TRUE
[11:04:47.861]      // while "1"  (timeout="200")
[11:04:47.861]      // while  =>  TIMEOUT
[11:04:47.861]      // end while "1"
[11:04:47.861]    </control>
[11:04:47.861]    <control if="canReadPins" while="" timeout="0" info="">
[11:04:47.861]      // if-block "canReadPins"
[11:04:47.861]        // =>  TRUE
[11:04:47.861]      <control if="" while="(DAP_SWJ_Pins(nReset, nReset, 0) & nReset) == 0" timeout="1000000" info="">
[11:04:47.861]        // while "(DAP_SWJ_Pins(nReset, nReset, 0) & nReset) == 0"  (timeout="1000000")
[11:04:47.864]          // -> [DAP_SWJ_Pins(0x80, 0x80, 0) => 0x8F]   (Out: nRESET=1  =>  In: SWCLK/TCK=1, SWDIO/TMS=1, TDI=1, TDO=1, nTRST=0, nRESET=1)
[11:04:47.864]        // while-condition  =>  FALSE
[11:04:47.864]        // end while "(DAP_SWJ_Pins(nReset, nReset, 0) & nReset) == 0"
[11:04:47.864]      </control>
[11:04:47.864]      // end if-block "canReadPins"
[11:04:47.864]    </control>
[11:04:47.864]    <control if="!canReadPins" while="" timeout="0" info="">
[11:04:47.864]      // if-block "!canReadPins"
[11:04:47.864]        // =>  FALSE
[11:04:47.864]      // skip if-block "!canReadPins"
[11:04:47.864]    </control>
[11:04:47.864]    <control if="(ACCESS_POINT_VAL & 0x00E00000) == 0" while="" timeout="0" info="">
[11:04:47.864]      // if-block "(ACCESS_POINT_VAL & 0x00E00000) == 0"
[11:04:47.864]        // =>  TRUE
[11:04:47.864]      <block atomic="false" info="">
[11:04:47.864]        WriteAP(0x00, 0x190008);
[11:04:47.864]          // -> [WriteAP(0x00000000, 0x00190008)]   (__dp=0x00000000, __ap=0x00000004)
[11:04:47.864]        WriteAP(0xF0, 0x01);
[11:04:47.873]          // -> [WriteAP(0x000000F0, 0x00000001)]   (__dp=0x00000000, __ap=0x00000004)
[11:04:47.873]      </block>
[11:04:47.873]      // end if-block "(ACCESS_POINT_VAL & 0x00E00000) == 0"
[11:04:47.873]    </control>
[11:04:47.873]    <control if="(ACCESS_POINT_VAL & 0x00E00000) != 0" while="" timeout="0" info="">
[11:04:47.873]      // if-block "(ACCESS_POINT_VAL & 0x00E00000) != 0"
[11:04:47.873]        // =>  FALSE
[11:04:47.873]      // skip if-block "(ACCESS_POINT_VAL & 0x00E00000) != 0"
[11:04:47.873]    </control>
[11:04:47.873]    <block atomic="false" info="">
[11:04:47.873]      ACCESS_POINT_VAL = ReadAP(0x00);//Reading current state of access point
[11:04:47.873]        // -> [ReadAP(0x00000000) => 0x0079002F]   (__dp=0x00000000, __ap=0x00000004)
[11:04:47.873]        // -> [ACCESS_POINT_VAL <= 0x0079002F]
[11:04:47.873]      Message(0, "Current state of access point is: %x",ACCESS_POINT_VAL);
[11:04:47.873]      __ap = 0; //lets make sure we reset the access point selection
[11:04:47.873]        // -> [__ap <= 0x00000000]
[11:04:47.873]    </block>
[11:04:47.873]  </sequence>
[11:04:47.873]  
[11:04:47.892]  **********  Sequence "DebugDeviceUnlock"  (Context="Connect", Pname="", info="")
[11:04:47.892]  
[11:04:47.892]  <debugvars>
[11:04:47.892]    // Pre-defined
[11:04:47.902]    __protocol=0x00010002      (Protocol="SWD", SWJ-DP="True")
[11:04:47.902]    __connection=0x00000202    (Connection Type="Flash", Reset Type="System Reset")
[11:04:47.902]    __dp=0x00000000
[11:04:47.902]    __ap=0x00000000
[11:04:47.902]    __traceout=0x00000000      (Trace Disabled)
[11:04:47.902]    __errorcontrol=0x00000000  (Skip Errors="False")
[11:04:47.902]    __FlashAddr=0x00000000
[11:04:47.902]    __FlashLen=0x00000000
[11:04:47.902]    __FlashArg=0x00000000
[11:04:47.902]    __FlashOp=0x00000000
[11:04:47.902]    __Result=0x00000000
[11:04:47.902]  </debugvars>
[11:04:47.902]  
[11:04:47.902]  <sequence name="DebugDeviceUnlock" Pname="" disable="false" info="">
[11:04:47.902]    <block atomic="false" info="">
[11:04:47.902]      __var deviceID = 0;
[11:04:47.902]        // -> [deviceID <= 0x00000000]
[11:04:47.902]      __var version = 0;
[11:04:47.902]        // -> [version <= 0x00000000]
[11:04:47.902]      __var partNum = 0;
[11:04:47.902]        // -> [partNum <= 0x00000000]
[11:04:47.902]      __var manuf = 0;
[11:04:47.902]        // -> [manuf <= 0x00000000]
[11:04:47.902]      __var isMSPM0G1X0X_G3X0X = 0;
[11:04:47.902]        // -> [isMSPM0G1X0X_G3X0X <= 0x00000000]
[11:04:47.902]      __var isProduction = 0;
[11:04:47.902]        // -> [isProduction <= 0x00000000]
[11:04:47.902]      __var continueId = 0;
[11:04:47.902]        // -> [continueId <= 0x00000000]
[11:04:47.902]      deviceID =   Read32(0x41C40004);
[11:04:47.912]        // -> [Read32(0x41C40004) => 0x2BB8802F]   (__dp=0x00000000, __ap=0x00000000)
[11:04:47.912]        // -> [deviceID <= 0x2BB8802F]
[11:04:47.912]      version = deviceID >> 28;
[11:04:47.912]        // -> [version <= 0x00000002]
[11:04:47.912]      partNum = (deviceID & 0x0FFFF000) >> 12;
[11:04:47.912]        // -> [partNum <= 0x0000BB88]
[11:04:47.912]      manuf = (deviceID & 0x00000FFE) >> 1;
[11:04:47.912]        // -> [manuf <= 0x00000017]
[11:04:47.912]      isMSPM0G1X0X_G3X0X = (partNum == 0xBB88) && (manuf == 0x17);
[11:04:47.912]        // -> [isMSPM0G1X0X_G3X0X <= 0x00000001]
[11:04:47.912]      isProduction = (version > 0);
[11:04:47.912]        // -> [isProduction <= 0x00000001]
[11:04:47.912]    </block>
[11:04:47.912]    <control if="!isMSPM0G1X0X_G3X0X" while="" timeout="0" info="">
[11:04:47.912]      // if-block "!isMSPM0G1X0X_G3X0X"
[11:04:47.912]        // =>  FALSE
[11:04:47.912]      // skip if-block "!isMSPM0G1X0X_G3X0X"
[11:04:47.912]    </control>
[11:04:47.912]    <control if="continueId == 4" while="" timeout="0" info="">
[11:04:47.912]      // if-block "continueId == 4"
[11:04:47.912]        // =>  FALSE
[11:04:47.912]      // skip if-block "continueId == 4"
[11:04:47.912]    </control>
[11:04:47.912]    <control if="!isProduction" while="" timeout="0" info="">
[11:04:47.912]      // if-block "!isProduction"
[11:04:47.912]        // =>  FALSE
[11:04:47.912]      // skip if-block "!isProduction"
[11:04:47.912]    </control>
[11:04:47.912]  </sequence>
[11:04:47.912]  
[11:29:33.900]  **********  Sequence "DebugPortSetup"  (Context="Connect", Pname="", info="")
[11:29:33.900]  
[11:29:33.900]  <debugvars>
[11:29:33.900]    // Pre-defined
[11:29:33.900]    __protocol=0x00010002      (Protocol="SWD", SWJ-DP="True")
[11:29:33.900]    __connection=0x00000202    (Connection Type="Flash", Reset Type="System Reset")
[11:29:33.900]    __dp=0x00000000
[11:29:33.900]    __ap=0x00000000
[11:29:33.900]    __traceout=0x00000000      (Trace Disabled)
[11:29:33.900]    __errorcontrol=0x00000000  (Skip Errors="False")
[11:29:33.902]    __FlashAddr=0x00000000
[11:29:33.902]    __FlashLen=0x00000000
[11:29:33.902]    __FlashArg=0x00000000
[11:29:33.902]    __FlashOp=0x00000000
[11:29:33.902]    __Result=0x00000000
[11:29:33.902]  </debugvars>
[11:29:33.902]  
[11:29:33.902]  <sequence name="DebugPortSetup" Pname="" disable="false" info="">
[11:29:33.902]    <block atomic="false" info="">
[11:29:33.902]      __var isSWJ      = ((__protocol & 0x00010000) != 0);
[11:29:33.902]        // -> [isSWJ <= 0x00000001]
[11:29:33.902]      __var hasDormant = __protocol & 0x00020000;
[11:29:33.902]        // -> [hasDormant <= 0x00000000]
[11:29:33.902]      __var protType   = __protocol & 0x0000FFFF;
[11:29:33.902]        // -> [protType <= 0x00000002]
[11:29:33.902]    </block>
[11:29:33.902]    <control if="protType == 1" while="" timeout="0" info="">
[11:29:33.902]      // if-block "protType == 1"
[11:29:33.902]        // =>  FALSE
[11:29:33.902]      // skip if-block "protType == 1"
[11:29:33.902]    </control>
[11:29:33.902]    <control if="protType == 2" while="" timeout="0" info="">
[11:29:33.902]      // if-block "protType == 2"
[11:29:33.902]        // =>  TRUE
[11:29:33.902]      <control if="isSWJ" while="" timeout="0" info="">
[11:29:33.902]        // if-block "isSWJ"
[11:29:33.902]          // =>  TRUE
[11:29:33.902]        <control if="hasDormant" while="" timeout="0" info="">
[11:29:33.902]          // if-block "hasDormant"
[11:29:33.902]            // =>  FALSE
[11:29:33.902]          // skip if-block "hasDormant"
[11:29:33.902]        </control>
[11:29:33.902]        <control if="!hasDormant" while="" timeout="0" info="">
[11:29:33.902]          // if-block "!hasDormant"
[11:29:33.902]            // =>  TRUE
[11:29:33.902]          <block atomic="false" info="">
[11:29:33.902]            DAP_SWJ_Sequence(51, 0x0007FFFFFFFFFFFF); //lets put the JTAG line in a reset state
[11:29:33.905]              // -> [DAP_SWJ_Sequence(51, 0x0007FFFFFFFFFFFF)]
[11:29:33.905]            DAP_SWJ_Sequence(16,0xE73C); //SWD to JTAG, this is to ensure the state machine is initialized
[11:29:33.907]              // -> [DAP_SWJ_Sequence(16, 0x000000000000E73C)]
[11:29:33.907]            DAP_SWJ_Sequence(51, 0x0007FFFFFFFFFFFF); //Put it back in reset
[11:29:33.909]              // -> [DAP_SWJ_Sequence(51, 0x0007FFFFFFFFFFFF)]
[11:29:33.909]            DAP_SWJ_Sequence(16, 0xE79E); //JTAG to SWD switch
[11:29:33.911]              // -> [DAP_SWJ_Sequence(16, 0x000000000000E79E)]
[11:29:33.911]            DAP_SWJ_Sequence(51, 0x0007FFFFFFFFFFFF);  //Ensure the switch is successful 
[11:29:33.913]              // -> [DAP_SWJ_Sequence(51, 0x0007FFFFFFFFFFFF)]
[11:29:33.913]            DAP_SWJ_Sequence(7,  0x00); //Give the line some time to initialize
[11:29:33.915]              // -> [DAP_SWJ_Sequence(7, 0x0000000000000000)]
[11:29:33.915]          </block>
[11:29:33.915]          // end if-block "!hasDormant"
[11:29:33.915]        </control>
[11:29:33.915]        // end if-block "isSWJ"
[11:29:33.915]      </control>
[11:29:33.915]      <control if="!isSWJ" while="" timeout="0" info="">
[11:29:33.915]        // if-block "!isSWJ"
[11:29:33.915]          // =>  FALSE
[11:29:33.915]        // skip if-block "!isSWJ"
[11:29:33.915]      </control>
[11:29:33.915]      <block atomic="false" info="">
[11:29:33.915]        ReadDP(0x0);
[11:29:33.917]          // -> [ReadDP(0x00000000) => 0x6BA02477]   (__dp=0x00000000)
[11:29:33.917]      </block>
[11:29:33.917]      // end if-block "protType == 2"
[11:29:33.917]    </control>
[11:29:33.920]  </sequence>
[11:29:33.920]  
[11:29:33.920]  **********  Sequence "DebugPortStart"  (Context="Connect", Pname="", info="")
[11:29:33.920]  
[11:29:33.920]  <debugvars>
[11:29:33.920]    // Pre-defined
[11:29:33.920]    __protocol=0x00010002      (Protocol="SWD", SWJ-DP="True")
[11:29:33.920]    __connection=0x00000202    (Connection Type="Flash", Reset Type="System Reset")
[11:29:33.920]    __dp=0x00000000
[11:29:33.920]    __ap=0x00000000
[11:29:33.920]    __traceout=0x00000000      (Trace Disabled)
[11:29:33.920]    __errorcontrol=0x00000000  (Skip Errors="False")
[11:29:33.920]    __FlashAddr=0x00000000
[11:29:33.920]    __FlashLen=0x00000000
[11:29:33.920]    __FlashArg=0x00000000
[11:29:33.920]    __FlashOp=0x00000000
[11:29:33.920]    __Result=0x00000000
[11:29:33.920]  </debugvars>
[11:29:33.920]  
[11:29:33.920]  <sequence name="DebugPortStart" Pname="" disable="false" info="">
[11:29:33.920]    <block atomic="false" info="">
[11:29:33.920]      __var SW_DP_ABORT       = 0x0;
[11:29:33.920]        // -> [SW_DP_ABORT <= 0x00000000]
[11:29:33.920]      __var DP_CTRL_STAT      = 0x4;
[11:29:33.920]        // -> [DP_CTRL_STAT <= 0x00000004]
[11:29:33.920]      __var DP_SELECT         = 0x8;
[11:29:33.920]        // -> [DP_SELECT <= 0x00000008]
[11:29:33.920]      __var powered_down      = 0;
[11:29:33.920]        // -> [powered_down <= 0x00000000]
[11:29:33.920]      WriteDP(DP_SELECT, 0x00000000);
[11:29:33.925]        // -> [WriteDP(0x00000008, 0x00000000)]   (__dp=0x00000000)
[11:29:33.927]      powered_down = ((ReadDP(DP_CTRL_STAT) & 0xA0000000) != 0xA0000000);
[11:29:33.927]        // -> [ReadDP(0x00000004) => 0x00000040]   (__dp=0x00000000)
[11:29:33.927]        // -> [powered_down <= 0x00000001]
[11:29:33.927]    </block>
[11:29:33.927]    <control if="powered_down" while="" timeout="0" info="">
[11:29:33.927]      // if-block "powered_down"
[11:29:33.927]        // =>  TRUE
[11:29:33.927]      <block atomic="false" info="">
[11:29:33.927]        Message(0, "Debug/System power-up request sent");
[11:29:33.927]        WriteDP(DP_CTRL_STAT, 0x50000000);
[11:29:33.927]          // -> [WriteDP(0x00000004, 0x50000000)]   (__dp=0x00000000)
[11:29:33.927]      </block>
[11:29:33.927]      <control if="" while="(ReadDP(DP_CTRL_STAT) & 0xA0000000) != 0xA0000000" timeout="1000000" info="">
[11:29:33.927]        // while "(ReadDP(DP_CTRL_STAT) & 0xA0000000) != 0xA0000000"  (timeout="1000000")
[11:29:33.936]          // -> [ReadDP(0x00000004) => 0xF0000040]   (__dp=0x00000000)
[11:29:33.936]        // while-condition  =>  FALSE
[11:29:33.936]        // end while "(ReadDP(DP_CTRL_STAT) & 0xA0000000) != 0xA0000000"
[11:29:33.936]      </control>
[11:29:33.936]      <control if="(__protocol & 0xFFFF) == 1" while="" timeout="0" info="">
[11:29:33.936]        // if-block "(__protocol & 0xFFFF) == 1"
[11:29:33.936]          // =>  FALSE
[11:29:33.936]        // skip if-block "(__protocol & 0xFFFF) == 1"
[11:29:33.936]      </control>
[11:29:33.936]      <control if="(__protocol & 0xFFFF) == 2" while="" timeout="0" info="">
[11:29:33.936]        // if-block "(__protocol & 0xFFFF) == 2"
[11:29:33.936]          // =>  TRUE
[11:29:33.936]        <block atomic="false" info="">
[11:29:33.936]          Message(0, "executing SWD power up");
[11:29:33.936]          WriteDP(DP_CTRL_STAT, 0x50000F00);
[11:29:33.936]            // -> [WriteDP(0x00000004, 0x50000F00)]   (__dp=0x00000000)
[11:29:33.943]          WriteDP(SW_DP_ABORT, 0x0000001E);
[11:29:33.943]            // -> [WriteDP(0x00000000, 0x0000001E)]   (__dp=0x00000000)
[11:29:33.945]        </block>
[11:29:33.945]        // end if-block "(__protocol & 0xFFFF) == 2"
[11:29:33.945]      </control>
[11:29:33.945]      // end if-block "powered_down"
[11:29:33.945]    </control>
[11:29:33.945]    <block atomic="false" info="">
[11:29:33.945]      __var DEBUG_PORT_VAL    = 0;
[11:29:33.945]        // -> [DEBUG_PORT_VAL <= 0x00000000]
[11:29:33.945]      __var ACCESS_POINT_VAL  = 0;
[11:29:33.945]        // -> [ACCESS_POINT_VAL <= 0x00000000]
[11:29:33.945]      __ap = 1; 
[11:29:33.945]        // -> [__ap <= 0x00000001]
[11:29:33.945]      WriteAP(0x0C, 0x04); //lets use the mini pwr-ap as backup
[11:29:33.949]        // -> [WriteAP(0x0000000C, 0x00000004)]   (__dp=0x00000000, __ap=0x00000001)
[11:29:33.949]      __ap = 4;
[11:29:33.949]        // -> [__ap <= 0x00000004]
[11:29:33.949]      ACCESS_POINT_VAL = ReadAP(0x00);//Reading current state of access point
[11:29:33.953]        // -> [ReadAP(0x00000000) => 0x00080027]   (__dp=0x00000000, __ap=0x00000004)
[11:29:33.955]        // -> [ACCESS_POINT_VAL <= 0x00080027]
[11:29:33.955]      Message(0, "Current state of access point is: %x",ACCESS_POINT_VAL);
[11:29:33.955]    </block>
[11:29:33.957]    <block atomic="false" info="">
[11:29:33.957]      __var nReset = 0x80;
[11:29:33.957]        // -> [nReset <= 0x00000080]
[11:29:33.957]      __var canReadPins = 0;
[11:29:33.957]        // -> [canReadPins <= 0x00000000]
[11:29:33.957]      canReadPins = (DAP_SWJ_Pins(0x00, nReset, 0) != 0xFFFFFFFF);
[11:29:33.957]        // -> [DAP_SWJ_Pins(0x00, 0x80, 0) => 0x0F]   (Out: nRESET=0  =>  In: SWCLK/TCK=1, SWDIO/TMS=1, TDI=1, TDO=1, nTRST=0, nRESET=0)
[11:29:33.957]        // -> [canReadPins <= 0x00000001]
[11:29:33.957]    </block>
[11:29:33.957]    <control if="" while="1" timeout="200" info="">
[11:29:33.957]      // while "1"  (timeout="200")
[11:29:33.957]      // while-condition  =>  TRUE
[11:29:33.957]      // while "1"  (timeout="200")
[11:29:33.957]      // while-condition  =>  TRUE
[11:29:33.957]      // while "1"  (timeout="200")
[11:29:33.957]      // while-condition  =>  TRUE
[11:29:33.957]      // while "1"  (timeout="200")
[11:29:33.957]      // while-condition  =>  TRUE
[11:29:33.957]      // while "1"  (timeout="200")
[11:29:33.957]      // while-condition  =>  TRUE
[11:29:33.957]      // while "1"  (timeout="200")
[11:29:33.957]      // while-condition  =>  TRUE
[11:29:33.957]      // while "1"  (timeout="200")
[11:29:33.957]      // while-condition  =>  TRUE
[11:29:33.957]      // while "1"  (timeout="200")
[11:29:33.957]      // while-condition  =>  TRUE
[11:29:33.957]      // while "1"  (timeout="200")
[11:29:33.962]      // while-condition  =>  TRUE
[11:29:33.962]      // while "1"  (timeout="200")
[11:29:33.962]      // while-condition  =>  TRUE
[11:29:33.962]      // while "1"  (timeout="200")
[11:29:33.962]      // while-condition  =>  TRUE
[11:29:33.962]      // while "1"  (timeout="200")
[11:29:33.962]      // while-condition  =>  TRUE
[11:29:33.962]      // while "1"  (timeout="200")
[11:29:33.962]      // while-condition  =>  TRUE
[11:29:33.962]      // while "1"  (timeout="200")
[11:29:33.962]      // while-condition  =>  TRUE
[11:29:33.962]      // while "1"  (timeout="200")
[11:29:33.962]      // while-condition  =>  TRUE
[11:29:33.962]      // while "1"  (timeout="200")
[11:29:33.962]      // while-condition  =>  TRUE
[11:29:33.962]      // while "1"  (timeout="200")
[11:29:33.962]      // while-condition  =>  TRUE
[11:29:33.962]      // while "1"  (timeout="200")
[11:29:33.962]      // while-condition  =>  TRUE
[11:29:33.962]      // while "1"  (timeout="200")
[11:29:33.962]      // while-condition  =>  TRUE
[11:29:33.962]      // while "1"  (timeout="200")
[11:29:33.962]      // while-condition  =>  TRUE
[11:29:33.962]      // while "1"  (timeout="200")
[11:29:33.962]      // while-condition  =>  TRUE
[11:29:33.962]      // while "1"  (timeout="200")
[11:29:33.962]      // while-condition  =>  TRUE
[11:29:33.962]      // while "1"  (timeout="200")
[11:29:33.964]      // while-condition  =>  TRUE
[11:29:33.964]      // while "1"  (timeout="200")
[11:29:33.964]      // while-condition  =>  TRUE
[11:29:33.964]      // while "1"  (timeout="200")
[11:29:33.964]      // while-condition  =>  TRUE
[11:29:33.964]      // while "1"  (timeout="200")
[11:29:33.964]      // while-condition  =>  TRUE
[11:29:33.964]      // while "1"  (timeout="200")
[11:29:33.964]      // while-condition  =>  TRUE
[11:29:33.964]      // while "1"  (timeout="200")
[11:29:33.964]      // while-condition  =>  TRUE
[11:29:33.964]      // while "1"  (timeout="200")
[11:29:33.964]      // while-condition  =>  TRUE
[11:29:33.964]      // while "1"  (timeout="200")
[11:29:33.964]      // while-condition  =>  TRUE
[11:29:33.964]      // while "1"  (timeout="200")
[11:29:33.964]      // while-condition  =>  TRUE
[11:29:33.964]      // while "1"  (timeout="200")
[11:29:33.964]      // while-condition  =>  TRUE
[11:29:33.964]      // while "1"  (timeout="200")
[11:29:33.964]      // while-condition  =>  TRUE
[11:29:33.964]      // while "1"  (timeout="200")
[11:29:33.964]      // while-condition  =>  TRUE
[11:29:33.964]      // while "1"  (timeout="200")
[11:29:33.964]      // while-condition  =>  TRUE
[11:29:33.964]      // while "1"  (timeout="200")
[11:29:33.965]      // while-condition  =>  TRUE
[11:29:33.965]      // while "1"  (timeout="200")
[11:29:33.965]      // while  =>  TIMEOUT
[11:29:33.965]      // end while "1"
[11:29:33.965]    </control>
[11:29:33.965]    <control if="canReadPins" while="" timeout="0" info="">
[11:29:33.965]      // if-block "canReadPins"
[11:29:33.965]        // =>  TRUE
[11:29:33.965]      <control if="" while="(DAP_SWJ_Pins(nReset, nReset, 0) & nReset) == 0" timeout="1000000" info="">
[11:29:33.965]        // while "(DAP_SWJ_Pins(nReset, nReset, 0) & nReset) == 0"  (timeout="1000000")
[11:29:33.969]          // -> [DAP_SWJ_Pins(0x80, 0x80, 0) => 0x8F]   (Out: nRESET=1  =>  In: SWCLK/TCK=1, SWDIO/TMS=1, TDI=1, TDO=1, nTRST=0, nRESET=1)
[11:29:33.969]        // while-condition  =>  FALSE
[11:29:33.969]        // end while "(DAP_SWJ_Pins(nReset, nReset, 0) & nReset) == 0"
[11:29:33.969]      </control>
[11:29:33.969]      // end if-block "canReadPins"
[11:29:33.969]    </control>
[11:29:33.969]    <control if="!canReadPins" while="" timeout="0" info="">
[11:29:33.969]      // if-block "!canReadPins"
[11:29:33.969]        // =>  FALSE
[11:29:33.969]      // skip if-block "!canReadPins"
[11:29:33.969]    </control>
[11:29:33.969]    <control if="(ACCESS_POINT_VAL & 0x00E00000) == 0" while="" timeout="0" info="">
[11:29:33.969]      // if-block "(ACCESS_POINT_VAL & 0x00E00000) == 0"
[11:29:33.969]        // =>  TRUE
[11:29:33.969]      <block atomic="false" info="">
[11:29:33.969]        WriteAP(0x00, 0x190008);
[11:29:33.971]          // -> [WriteAP(0x00000000, 0x00190008)]   (__dp=0x00000000, __ap=0x00000004)
[11:29:33.971]        WriteAP(0xF0, 0x01);
[11:29:33.975]          // -> [WriteAP(0x000000F0, 0x00000001)]   (__dp=0x00000000, __ap=0x00000004)
[11:29:33.975]      </block>
[11:29:33.975]      // end if-block "(ACCESS_POINT_VAL & 0x00E00000) == 0"
[11:29:33.975]    </control>
[11:29:33.975]    <control if="(ACCESS_POINT_VAL & 0x00E00000) != 0" while="" timeout="0" info="">
[11:29:33.975]      // if-block "(ACCESS_POINT_VAL & 0x00E00000) != 0"
[11:29:33.975]        // =>  FALSE
[11:29:33.975]      // skip if-block "(ACCESS_POINT_VAL & 0x00E00000) != 0"
[11:29:33.975]    </control>
[11:29:33.975]    <block atomic="false" info="">
[11:29:33.975]      ACCESS_POINT_VAL = ReadAP(0x00);//Reading current state of access point
[11:29:33.985]        // -> [ReadAP(0x00000000) => 0x0079002F]   (__dp=0x00000000, __ap=0x00000004)
[11:29:33.985]        // -> [ACCESS_POINT_VAL <= 0x0079002F]
[11:29:33.985]      Message(0, "Current state of access point is: %x",ACCESS_POINT_VAL);
[11:29:33.985]      __ap = 0; //lets make sure we reset the access point selection
[11:29:33.985]        // -> [__ap <= 0x00000000]
[11:29:33.985]    </block>
[11:29:33.985]  </sequence>
[11:29:33.985]  
[11:29:34.006]  **********  Sequence "DebugDeviceUnlock"  (Context="Connect", Pname="", info="")
[11:29:34.006]  
[11:29:34.006]  <debugvars>
[11:29:34.006]    // Pre-defined
[11:29:34.006]    __protocol=0x00010002      (Protocol="SWD", SWJ-DP="True")
[11:29:34.006]    __connection=0x00000202    (Connection Type="Flash", Reset Type="System Reset")
[11:29:34.006]    __dp=0x00000000
[11:29:34.006]    __ap=0x00000000
[11:29:34.006]    __traceout=0x00000000      (Trace Disabled)
[11:29:34.006]    __errorcontrol=0x00000000  (Skip Errors="False")
[11:29:34.006]    __FlashAddr=0x00000000
[11:29:34.006]    __FlashLen=0x00000000
[11:29:34.006]    __FlashArg=0x00000000
[11:29:34.006]    __FlashOp=0x00000000
[11:29:34.006]    __Result=0x00000000
[11:29:34.016]  </debugvars>
[11:29:34.016]  
[11:29:34.016]  <sequence name="DebugDeviceUnlock" Pname="" disable="false" info="">
[11:29:34.016]    <block atomic="false" info="">
[11:29:34.016]      __var deviceID = 0;
[11:29:34.016]        // -> [deviceID <= 0x00000000]
[11:29:34.016]      __var version = 0;
[11:29:34.016]        // -> [version <= 0x00000000]
[11:29:34.016]      __var partNum = 0;
[11:29:34.016]        // -> [partNum <= 0x00000000]
[11:29:34.016]      __var manuf = 0;
[11:29:34.016]        // -> [manuf <= 0x00000000]
[11:29:34.016]      __var isMSPM0G1X0X_G3X0X = 0;
[11:29:34.016]        // -> [isMSPM0G1X0X_G3X0X <= 0x00000000]
[11:29:34.016]      __var isProduction = 0;
[11:29:34.016]        // -> [isProduction <= 0x00000000]
[11:29:34.016]      __var continueId = 0;
[11:29:34.016]        // -> [continueId <= 0x00000000]
[11:29:34.016]      deviceID =   Read32(0x41C40004);
[11:29:34.023]        // -> [Read32(0x41C40004) => 0x2BB8802F]   (__dp=0x00000000, __ap=0x00000000)
[11:29:34.023]        // -> [deviceID <= 0x2BB8802F]
[11:29:34.027]      version = deviceID >> 28;
[11:29:34.027]        // -> [version <= 0x00000002]
[11:29:34.027]      partNum = (deviceID & 0x0FFFF000) >> 12;
[11:29:34.027]        // -> [partNum <= 0x0000BB88]
[11:29:34.027]      manuf = (deviceID & 0x00000FFE) >> 1;
[11:29:34.027]        // -> [manuf <= 0x00000017]
[11:29:34.027]      isMSPM0G1X0X_G3X0X = (partNum == 0xBB88) && (manuf == 0x17);
[11:29:34.027]        // -> [isMSPM0G1X0X_G3X0X <= 0x00000001]
[11:29:34.027]      isProduction = (version > 0);
[11:29:34.027]        // -> [isProduction <= 0x00000001]
[11:29:34.027]    </block>
[11:29:34.027]    <control if="!isMSPM0G1X0X_G3X0X" while="" timeout="0" info="">
[11:29:34.027]      // if-block "!isMSPM0G1X0X_G3X0X"
[11:29:34.027]        // =>  FALSE
[11:29:34.027]      // skip if-block "!isMSPM0G1X0X_G3X0X"
[11:29:34.027]    </control>
[11:29:34.027]    <control if="continueId == 4" while="" timeout="0" info="">
[11:29:34.027]      // if-block "continueId == 4"
[11:29:34.027]        // =>  FALSE
[11:29:34.027]      // skip if-block "continueId == 4"
[11:29:34.029]    </control>
[11:29:34.029]    <control if="!isProduction" while="" timeout="0" info="">
[11:29:34.029]      // if-block "!isProduction"
[11:29:34.029]        // =>  FALSE
[11:29:34.029]      // skip if-block "!isProduction"
[11:29:34.029]    </control>
[11:29:34.029]  </sequence>
[11:29:34.029]  
[11:47:46.433]  **********  Sequence "DebugPortSetup"  (Context="Connect", Pname="", info="")
[11:47:46.433]  
[11:47:46.433]  <debugvars>
[11:47:46.433]    // Pre-defined
[11:47:46.433]    __protocol=0x00010002      (Protocol="SWD", SWJ-DP="True")
[11:47:46.433]    __connection=0x00000202    (Connection Type="Flash", Reset Type="System Reset")
[11:47:46.433]    __dp=0x00000000
[11:47:46.433]    __ap=0x00000000
[11:47:46.433]    __traceout=0x00000000      (Trace Disabled)
[11:47:46.433]    __errorcontrol=0x00000000  (Skip Errors="False")
[11:47:46.433]    __FlashAddr=0x00000000
[11:47:46.433]    __FlashLen=0x00000000
[11:47:46.433]    __FlashArg=0x00000000
[11:47:46.433]    __FlashOp=0x00000000
[11:47:46.433]    __Result=0x00000000
[11:47:46.433]  </debugvars>
[11:47:46.433]  
[11:47:46.433]  <sequence name="DebugPortSetup" Pname="" disable="false" info="">
[11:47:46.433]    <block atomic="false" info="">
[11:47:46.433]      __var isSWJ      = ((__protocol & 0x00010000) != 0);
[11:47:46.433]        // -> [isSWJ <= 0x00000001]
[11:47:46.433]      __var hasDormant = __protocol & 0x00020000;
[11:47:46.433]        // -> [hasDormant <= 0x00000000]
[11:47:46.433]      __var protType   = __protocol & 0x0000FFFF;
[11:47:46.433]        // -> [protType <= 0x00000002]
[11:47:46.433]    </block>
[11:47:46.433]    <control if="protType == 1" while="" timeout="0" info="">
[11:47:46.433]      // if-block "protType == 1"
[11:47:46.433]        // =>  FALSE
[11:47:46.433]      // skip if-block "protType == 1"
[11:47:46.433]    </control>
[11:47:46.433]    <control if="protType == 2" while="" timeout="0" info="">
[11:47:46.433]      // if-block "protType == 2"
[11:47:46.433]        // =>  TRUE
[11:47:46.433]      <control if="isSWJ" while="" timeout="0" info="">
[11:47:46.433]        // if-block "isSWJ"
[11:47:46.433]          // =>  TRUE
[11:47:46.433]        <control if="hasDormant" while="" timeout="0" info="">
[11:47:46.433]          // if-block "hasDormant"
[11:47:46.433]            // =>  FALSE
[11:47:46.433]          // skip if-block "hasDormant"
[11:47:46.433]        </control>
[11:47:46.433]        <control if="!hasDormant" while="" timeout="0" info="">
[11:47:46.433]          // if-block "!hasDormant"
[11:47:46.433]            // =>  TRUE
[11:47:46.433]          <block atomic="false" info="">
[11:47:46.433]            DAP_SWJ_Sequence(51, 0x0007FFFFFFFFFFFF); //lets put the JTAG line in a reset state
[11:47:46.433]              // -> [DAP_SWJ_Sequence(51, 0x0007FFFFFFFFFFFF)]
[11:47:46.433]            DAP_SWJ_Sequence(16,0xE73C); //SWD to JTAG, this is to ensure the state machine is initialized
[11:47:46.433]              // -> [DAP_SWJ_Sequence(16, 0x000000000000E73C)]
[11:47:46.433]            DAP_SWJ_Sequence(51, 0x0007FFFFFFFFFFFF); //Put it back in reset
[11:47:46.433]              // -> [DAP_SWJ_Sequence(51, 0x0007FFFFFFFFFFFF)]
[11:47:46.433]            DAP_SWJ_Sequence(16, 0xE79E); //JTAG to SWD switch
[11:47:46.443]              // -> [DAP_SWJ_Sequence(16, 0x000000000000E79E)]
[11:47:46.443]            DAP_SWJ_Sequence(51, 0x0007FFFFFFFFFFFF);  //Ensure the switch is successful 
[11:47:46.443]              // -> [DAP_SWJ_Sequence(51, 0x0007FFFFFFFFFFFF)]
[11:47:46.443]            DAP_SWJ_Sequence(7,  0x00); //Give the line some time to initialize
[11:47:46.443]              // -> [DAP_SWJ_Sequence(7, 0x0000000000000000)]
[11:47:46.443]          </block>
[11:47:46.443]          // end if-block "!hasDormant"
[11:47:46.443]        </control>
[11:47:46.443]        // end if-block "isSWJ"
[11:47:46.443]      </control>
[11:47:46.443]      <control if="!isSWJ" while="" timeout="0" info="">
[11:47:46.443]        // if-block "!isSWJ"
[11:47:46.443]          // =>  FALSE
[11:47:46.443]        // skip if-block "!isSWJ"
[11:47:46.443]      </control>
[11:47:46.443]      <block atomic="false" info="">
[11:47:46.443]        ReadDP(0x0);
[11:47:46.443]          // -> [ReadDP(0x00000000) => 0x6BA02477]   (__dp=0x00000000)
[11:47:46.443]      </block>
[11:47:46.443]      // end if-block "protType == 2"
[11:47:46.443]    </control>
[11:47:46.443]  </sequence>
[11:47:46.443]  
[11:47:46.443]  **********  Sequence "DebugPortStart"  (Context="Connect", Pname="", info="")
[11:47:46.443]  
[11:47:46.443]  <debugvars>
[11:47:46.443]    // Pre-defined
[11:47:46.443]    __protocol=0x00010002      (Protocol="SWD", SWJ-DP="True")
[11:47:46.443]    __connection=0x00000202    (Connection Type="Flash", Reset Type="System Reset")
[11:47:46.443]    __dp=0x00000000
[11:47:46.443]    __ap=0x00000000
[11:47:46.443]    __traceout=0x00000000      (Trace Disabled)
[11:47:46.443]    __errorcontrol=0x00000000  (Skip Errors="False")
[11:47:46.443]    __FlashAddr=0x00000000
[11:47:46.443]    __FlashLen=0x00000000
[11:47:46.443]    __FlashArg=0x00000000
[11:47:46.443]    __FlashOp=0x00000000
[11:47:46.443]    __Result=0x00000000
[11:47:46.443]  </debugvars>
[11:47:46.443]  
[11:47:46.443]  <sequence name="DebugPortStart" Pname="" disable="false" info="">
[11:47:46.443]    <block atomic="false" info="">
[11:47:46.443]      __var SW_DP_ABORT       = 0x0;
[11:47:46.443]        // -> [SW_DP_ABORT <= 0x00000000]
[11:47:46.443]      __var DP_CTRL_STAT      = 0x4;
[11:47:46.443]        // -> [DP_CTRL_STAT <= 0x00000004]
[11:47:46.443]      __var DP_SELECT         = 0x8;
[11:47:46.443]        // -> [DP_SELECT <= 0x00000008]
[11:47:46.443]      __var powered_down      = 0;
[11:47:46.443]        // -> [powered_down <= 0x00000000]
[11:47:46.443]      WriteDP(DP_SELECT, 0x00000000);
[11:47:46.443]        // -> [WriteDP(0x00000008, 0x00000000)]   (__dp=0x00000000)
[11:47:46.443]      powered_down = ((ReadDP(DP_CTRL_STAT) & 0xA0000000) != 0xA0000000);
[11:47:46.443]        // -> [ReadDP(0x00000004) => 0x00000040]   (__dp=0x00000000)
[11:47:46.443]        // -> [powered_down <= 0x00000001]
[11:47:46.443]    </block>
[11:47:46.443]    <control if="powered_down" while="" timeout="0" info="">
[11:47:46.443]      // if-block "powered_down"
[11:47:46.443]        // =>  TRUE
[11:47:46.443]      <block atomic="false" info="">
[11:47:46.443]        Message(0, "Debug/System power-up request sent");
[11:47:46.453]        WriteDP(DP_CTRL_STAT, 0x50000000);
[11:47:46.453]          // -> [WriteDP(0x00000004, 0x50000000)]   (__dp=0x00000000)
[11:47:46.453]      </block>
[11:47:46.453]      <control if="" while="(ReadDP(DP_CTRL_STAT) & 0xA0000000) != 0xA0000000" timeout="1000000" info="">
[11:47:46.453]        // while "(ReadDP(DP_CTRL_STAT) & 0xA0000000) != 0xA0000000"  (timeout="1000000")
[11:47:46.453]          // -> [ReadDP(0x00000004) => 0xF0000040]   (__dp=0x00000000)
[11:47:46.459]        // while-condition  =>  FALSE
[11:47:46.459]        // end while "(ReadDP(DP_CTRL_STAT) & 0xA0000000) != 0xA0000000"
[11:47:46.459]      </control>
[11:47:46.459]      <control if="(__protocol & 0xFFFF) == 1" while="" timeout="0" info="">
[11:47:46.459]        // if-block "(__protocol & 0xFFFF) == 1"
[11:47:46.459]          // =>  FALSE
[11:47:46.459]        // skip if-block "(__protocol & 0xFFFF) == 1"
[11:47:46.459]      </control>
[11:47:46.459]      <control if="(__protocol & 0xFFFF) == 2" while="" timeout="0" info="">
[11:47:46.459]        // if-block "(__protocol & 0xFFFF) == 2"
[11:47:46.459]          // =>  TRUE
[11:47:46.459]        <block atomic="false" info="">
[11:47:46.459]          Message(0, "executing SWD power up");
[11:47:46.459]          WriteDP(DP_CTRL_STAT, 0x50000F00);
[11:47:46.460]            // -> [WriteDP(0x00000004, 0x50000F00)]   (__dp=0x00000000)
[11:47:46.460]          WriteDP(SW_DP_ABORT, 0x0000001E);
[11:47:46.461]            // -> [WriteDP(0x00000000, 0x0000001E)]   (__dp=0x00000000)
[11:47:46.461]        </block>
[11:47:46.461]        // end if-block "(__protocol & 0xFFFF) == 2"
[11:47:46.461]      </control>
[11:47:46.461]      // end if-block "powered_down"
[11:47:46.461]    </control>
[11:47:46.461]    <block atomic="false" info="">
[11:47:46.461]      __var DEBUG_PORT_VAL    = 0;
[11:47:46.461]        // -> [DEBUG_PORT_VAL <= 0x00000000]
[11:47:46.461]      __var ACCESS_POINT_VAL  = 0;
[11:47:46.461]        // -> [ACCESS_POINT_VAL <= 0x00000000]
[11:47:46.461]      __ap = 1; 
[11:47:46.461]        // -> [__ap <= 0x00000001]
[11:47:46.461]      WriteAP(0x0C, 0x04); //lets use the mini pwr-ap as backup
[11:47:46.462]        // -> [WriteAP(0x0000000C, 0x00000004)]   (__dp=0x00000000, __ap=0x00000001)
[11:47:46.463]      __ap = 4;
[11:47:46.463]        // -> [__ap <= 0x00000004]
[11:47:46.463]      ACCESS_POINT_VAL = ReadAP(0x00);//Reading current state of access point
[11:47:46.464]        // -> [ReadAP(0x00000000) => 0x00080027]   (__dp=0x00000000, __ap=0x00000004)
[11:47:46.464]        // -> [ACCESS_POINT_VAL <= 0x00080027]
[11:47:46.464]      Message(0, "Current state of access point is: %x",ACCESS_POINT_VAL);
[11:47:46.465]    </block>
[11:47:46.465]    <block atomic="false" info="">
[11:47:46.465]      __var nReset = 0x80;
[11:47:46.465]        // -> [nReset <= 0x00000080]
[11:47:46.465]      __var canReadPins = 0;
[11:47:46.465]        // -> [canReadPins <= 0x00000000]
[11:47:46.465]      canReadPins = (DAP_SWJ_Pins(0x00, nReset, 0) != 0xFFFFFFFF);
[11:47:46.467]        // -> [DAP_SWJ_Pins(0x00, 0x80, 0) => 0x0F]   (Out: nRESET=0  =>  In: SWCLK/TCK=1, SWDIO/TMS=1, TDI=1, TDO=1, nTRST=0, nRESET=0)
[11:47:46.467]        // -> [canReadPins <= 0x00000001]
[11:47:46.467]    </block>
[11:47:46.467]    <control if="" while="1" timeout="200" info="">
[11:47:46.467]      // while "1"  (timeout="200")
[11:47:46.467]      // while-condition  =>  TRUE
[11:47:46.467]      // while "1"  (timeout="200")
[11:47:46.467]      // while-condition  =>  TRUE
[11:47:46.467]      // while "1"  (timeout="200")
[11:47:46.467]      // while-condition  =>  TRUE
[11:47:46.467]      // while "1"  (timeout="200")
[11:47:46.468]      // while-condition  =>  TRUE
[11:47:46.468]      // while "1"  (timeout="200")
[11:47:46.468]      // while-condition  =>  TRUE
[11:47:46.468]      // while "1"  (timeout="200")
[11:47:46.468]      // while-condition  =>  TRUE
[11:47:46.468]      // while "1"  (timeout="200")
[11:47:46.468]      // while-condition  =>  TRUE
[11:47:46.468]      // while "1"  (timeout="200")
[11:47:46.468]      // while-condition  =>  TRUE
[11:47:46.468]      // while "1"  (timeout="200")
[11:47:46.468]      // while-condition  =>  TRUE
[11:47:46.468]      // while "1"  (timeout="200")
[11:47:46.468]      // while-condition  =>  TRUE
[11:47:46.468]      // while "1"  (timeout="200")
[11:47:46.468]      // while-condition  =>  TRUE
[11:47:46.468]      // while "1"  (timeout="200")
[11:47:46.468]      // while-condition  =>  TRUE
[11:47:46.468]      // while "1"  (timeout="200")
[11:47:46.468]      // while-condition  =>  TRUE
[11:47:46.468]      // while "1"  (timeout="200")
[11:47:46.468]      // while-condition  =>  TRUE
[11:47:46.469]      // while "1"  (timeout="200")
[11:47:46.469]      // while-condition  =>  TRUE
[11:47:46.469]      // while "1"  (timeout="200")
[11:47:46.469]      // while-condition  =>  TRUE
[11:47:46.469]      // while "1"  (timeout="200")
[11:47:46.469]      // while-condition  =>  TRUE
[11:47:46.469]      // while "1"  (timeout="200")
[11:47:46.469]      // while-condition  =>  TRUE
[11:47:46.469]      // while "1"  (timeout="200")
[11:47:46.469]      // while-condition  =>  TRUE
[11:47:46.469]      // while "1"  (timeout="200")
[11:47:46.469]      // while-condition  =>  TRUE
[11:47:46.469]      // while "1"  (timeout="200")
[11:47:46.469]      // while-condition  =>  TRUE
[11:47:46.469]      // while "1"  (timeout="200")
[11:47:46.469]      // while-condition  =>  TRUE
[11:47:46.469]      // while "1"  (timeout="200")
[11:47:46.469]      // while-condition  =>  TRUE
[11:47:46.469]      // while "1"  (timeout="200")
[11:47:46.469]      // while-condition  =>  TRUE
[11:47:46.469]      // while "1"  (timeout="200")
[11:47:46.469]      // while-condition  =>  TRUE
[11:47:46.469]      // while "1"  (timeout="200")
[11:47:46.470]      // while-condition  =>  TRUE
[11:47:46.470]      // while "1"  (timeout="200")
[11:47:46.470]      // while-condition  =>  TRUE
[11:47:46.470]      // while "1"  (timeout="200")
[11:47:46.470]      // while-condition  =>  TRUE
[11:47:46.470]      // while "1"  (timeout="200")
[11:47:46.470]      // while-condition  =>  TRUE
[11:47:46.470]      // while "1"  (timeout="200")
[11:47:46.470]      // while-condition  =>  TRUE
[11:47:46.470]      // while "1"  (timeout="200")
[11:47:46.470]      // while-condition  =>  TRUE
[11:47:46.470]      // while "1"  (timeout="200")
[11:47:46.470]      // while-condition  =>  TRUE
[11:47:46.470]      // while "1"  (timeout="200")
[11:47:46.470]      // while-condition  =>  TRUE
[11:47:46.470]      // while "1"  (timeout="200")
[11:47:46.470]      // while-condition  =>  TRUE
[11:47:46.470]      // while "1"  (timeout="200")
[11:47:46.470]      // while-condition  =>  TRUE
[11:47:46.470]      // while "1"  (timeout="200")
[11:47:46.470]      // while-condition  =>  TRUE
[11:47:46.470]      // while "1"  (timeout="200")
[11:47:46.470]      // while-condition  =>  TRUE
[11:47:46.471]      // while "1"  (timeout="200")
[11:47:46.471]      // while-condition  =>  TRUE
[11:47:46.471]      // while "1"  (timeout="200")
[11:47:46.471]      // while-condition  =>  TRUE
[11:47:46.471]      // while "1"  (timeout="200")
[11:47:46.471]      // while-condition  =>  TRUE
[11:47:46.471]      // while "1"  (timeout="200")
[11:47:46.471]      // while-condition  =>  TRUE
[11:47:46.471]      // while "1"  (timeout="200")
[11:47:46.471]      // while-condition  =>  TRUE
[11:47:46.471]      // while "1"  (timeout="200")
[11:47:46.471]      // while-condition  =>  TRUE
[11:47:46.471]      // while "1"  (timeout="200")
[11:47:46.471]      // while-condition  =>  TRUE
[11:47:46.471]      // while "1"  (timeout="200")
[11:47:46.471]      // while-condition  =>  TRUE
[11:47:46.471]      // while "1"  (timeout="200")
[11:47:46.471]      // while-condition  =>  TRUE
[11:47:46.471]      // while "1"  (timeout="200")
[11:47:46.471]      // while-condition  =>  TRUE
[11:47:46.472]      // while "1"  (timeout="200")
[11:47:46.472]      // while-condition  =>  TRUE
[11:47:46.472]      // while "1"  (timeout="200")
[11:47:46.472]      // while-condition  =>  TRUE
[11:47:46.472]      // while "1"  (timeout="200")
[11:47:46.472]      // while-condition  =>  TRUE
[11:47:46.472]      // while "1"  (timeout="200")
[11:47:46.472]      // while-condition  =>  TRUE
[11:47:46.472]      // while "1"  (timeout="200")
[11:47:46.472]      // while-condition  =>  TRUE
[11:47:46.472]      // while "1"  (timeout="200")
[11:47:46.472]      // while-condition  =>  TRUE
[11:47:46.472]      // while "1"  (timeout="200")
[11:47:46.472]      // while-condition  =>  TRUE
[11:47:46.472]      // while "1"  (timeout="200")
[11:47:46.472]      // while-condition  =>  TRUE
[11:47:46.472]      // while "1"  (timeout="200")
[11:47:46.472]      // while-condition  =>  TRUE
[11:47:46.472]      // while "1"  (timeout="200")
[11:47:46.472]      // while-condition  =>  TRUE
[11:47:46.472]      // while "1"  (timeout="200")
[11:47:46.472]      // while-condition  =>  TRUE
[11:47:46.472]      // while "1"  (timeout="200")
[11:47:46.472]      // while-condition  =>  TRUE
[11:47:46.472]      // while "1"  (timeout="200")
[11:47:46.473]      // while-condition  =>  TRUE
[11:47:46.473]      // while "1"  (timeout="200")
[11:47:46.473]      // while-condition  =>  TRUE
[11:47:46.473]      // while "1"  (timeout="200")
[11:47:46.473]      // while-condition  =>  TRUE
[11:47:46.473]      // while "1"  (timeout="200")
[11:47:46.473]      // while-condition  =>  TRUE
[11:47:46.473]      // while "1"  (timeout="200")
[11:47:46.473]      // while-condition  =>  TRUE
[11:47:46.473]      // while "1"  (timeout="200")
[11:47:46.473]      // while-condition  =>  TRUE
[11:47:46.473]      // while "1"  (timeout="200")
[11:47:46.473]      // while-condition  =>  TRUE
[11:47:46.473]      // while "1"  (timeout="200")
[11:47:46.473]      // while-condition  =>  TRUE
[11:47:46.473]      // while "1"  (timeout="200")
[11:47:46.473]      // while-condition  =>  TRUE
[11:47:46.473]      // while "1"  (timeout="200")
[11:47:46.474]      // while-condition  =>  TRUE
[11:47:46.474]      // while "1"  (timeout="200")
[11:47:46.474]      // while-condition  =>  TRUE
[11:47:46.474]      // while "1"  (timeout="200")
[11:47:46.474]      // while-condition  =>  TRUE
[11:47:46.474]      // while "1"  (timeout="200")
[11:47:46.474]      // while-condition  =>  TRUE
[11:47:46.474]      // while "1"  (timeout="200")
[11:47:46.474]      // while-condition  =>  TRUE
[11:47:46.474]      // while "1"  (timeout="200")
[11:47:46.474]      // while-condition  =>  TRUE
[11:47:46.474]      // while "1"  (timeout="200")
[11:47:46.474]      // while-condition  =>  TRUE
[11:47:46.474]      // while "1"  (timeout="200")
[11:47:46.474]      // while-condition  =>  TRUE
[11:47:46.474]      // while "1"  (timeout="200")
[11:47:46.474]      // while-condition  =>  TRUE
[11:47:46.474]      // while "1"  (timeout="200")
[11:47:46.474]      // while-condition  =>  TRUE
[11:47:46.474]      // while "1"  (timeout="200")
[11:47:46.474]      // while-condition  =>  TRUE
[11:47:46.474]      // while "1"  (timeout="200")
[11:47:46.474]      // while-condition  =>  TRUE
[11:47:46.474]      // while "1"  (timeout="200")
[11:47:46.474]      // while-condition  =>  TRUE
[11:47:46.475]      // while "1"  (timeout="200")
[11:47:46.475]      // while-condition  =>  TRUE
[11:47:46.475]      // while "1"  (timeout="200")
[11:47:46.475]      // while-condition  =>  TRUE
[11:47:46.475]      // while "1"  (timeout="200")
[11:47:46.475]      // while-condition  =>  TRUE
[11:47:46.475]      // while "1"  (timeout="200")
[11:47:46.475]      // while-condition  =>  TRUE
[11:47:46.475]      // while "1"  (timeout="200")
[11:47:46.475]      // while-condition  =>  TRUE
[11:47:46.475]      // while "1"  (timeout="200")
[11:47:46.475]      // while-condition  =>  TRUE
[11:47:46.475]      // while "1"  (timeout="200")
[11:47:46.475]      // while-condition  =>  TRUE
[11:47:46.475]      // while "1"  (timeout="200")
[11:47:46.475]      // while-condition  =>  TRUE
[11:47:46.475]      // while "1"  (timeout="200")
[11:47:46.475]      // while-condition  =>  TRUE
[11:47:46.475]      // while "1"  (timeout="200")
[11:47:46.475]      // while-condition  =>  TRUE
[11:47:46.475]      // while "1"  (timeout="200")
[11:47:46.475]      // while-condition  =>  TRUE
[11:47:46.475]      // while "1"  (timeout="200")
[11:47:46.475]      // while-condition  =>  TRUE
[11:47:46.475]      // while "1"  (timeout="200")
[11:47:46.475]      // while-condition  =>  TRUE
[11:47:46.475]      // while "1"  (timeout="200")
[11:47:46.475]      // while-condition  =>  TRUE
[11:47:46.475]      // while "1"  (timeout="200")
[11:47:46.475]      // while-condition  =>  TRUE
[11:47:46.475]      // while "1"  (timeout="200")
[11:47:46.475]      // while-condition  =>  TRUE
[11:47:46.475]      // while "1"  (timeout="200")
[11:47:46.475]      // while-condition  =>  TRUE
[11:47:46.475]      // while "1"  (timeout="200")
[11:47:46.475]      // while-condition  =>  TRUE
[11:47:46.475]      // while "1"  (timeout="200")
[11:47:46.475]      // while-condition  =>  TRUE
[11:47:46.475]      // while "1"  (timeout="200")
[11:47:46.475]      // while-condition  =>  TRUE
[11:47:46.475]      // while "1"  (timeout="200")
[11:47:46.475]      // while-condition  =>  TRUE
[11:47:46.475]      // while "1"  (timeout="200")
[11:47:46.475]      // while-condition  =>  TRUE
[11:47:46.475]      // while "1"  (timeout="200")
[11:47:46.475]      // while-condition  =>  TRUE
[11:47:46.475]      // while "1"  (timeout="200")
[11:47:46.475]      // while-condition  =>  TRUE
[11:47:46.475]      // while "1"  (timeout="200")
[11:47:46.475]      // while-condition  =>  TRUE
[11:47:46.475]      // while "1"  (timeout="200")
[11:47:46.475]      // while-condition  =>  TRUE
[11:47:46.475]      // while "1"  (timeout="200")
[11:47:46.475]      // while-condition  =>  TRUE
[11:47:46.475]      // while "1"  (timeout="200")
[11:47:46.475]      // while-condition  =>  TRUE
[11:47:46.475]      // while "1"  (timeout="200")
[11:47:46.475]      // while-condition  =>  TRUE
[11:47:46.475]      // while "1"  (timeout="200")
[11:47:46.475]      // while-condition  =>  TRUE
[11:47:46.475]      // while "1"  (timeout="200")
[11:47:46.475]      // while-condition  =>  TRUE
[11:47:46.475]      // while "1"  (timeout="200")
[11:47:46.475]      // while-condition  =>  TRUE
[11:47:46.475]      // while "1"  (timeout="200")
[11:47:46.475]      // while-condition  =>  TRUE
[11:47:46.475]      // while "1"  (timeout="200")
[11:47:46.475]      // while-condition  =>  TRUE
[11:47:46.475]      // while "1"  (timeout="200")
[11:47:46.475]      // while-condition  =>  TRUE
[11:47:46.475]      // while "1"  (timeout="200")
[11:47:46.475]      // while-condition  =>  TRUE
[11:47:46.475]      // while "1"  (timeout="200")
[11:47:46.475]      // while-condition  =>  TRUE
[11:47:46.475]      // while "1"  (timeout="200")
[11:47:46.475]      // while-condition  =>  TRUE
[11:47:46.475]      // while "1"  (timeout="200")
[11:47:46.475]      // while-condition  =>  TRUE
[11:47:46.475]      // while "1"  (timeout="200")
[11:47:46.475]      // while-condition  =>  TRUE
[11:47:46.475]      // while "1"  (timeout="200")
[11:47:46.475]      // while-condition  =>  TRUE
[11:47:46.475]      // while "1"  (timeout="200")
[11:47:46.475]      // while-condition  =>  TRUE
[11:47:46.475]      // while "1"  (timeout="200")
[11:47:46.475]      // while-condition  =>  TRUE
[11:47:46.475]      // while "1"  (timeout="200")
[11:47:46.475]      // while-condition  =>  TRUE
[11:47:46.475]      // while "1"  (timeout="200")
[11:47:46.475]      // while-condition  =>  TRUE
[11:47:46.475]      // while "1"  (timeout="200")
[11:47:46.475]      // while-condition  =>  TRUE
[11:47:46.475]      // while "1"  (timeout="200")
[11:47:46.475]      // while-condition  =>  TRUE
[11:47:46.475]      // while "1"  (timeout="200")
[11:47:46.475]      // while-condition  =>  TRUE
[11:47:46.475]      // while "1"  (timeout="200")
[11:47:46.475]      // while-condition  =>  TRUE
[11:47:46.475]      // while "1"  (timeout="200")
[11:47:46.475]      // while-condition  =>  TRUE
[11:47:46.475]      // while "1"  (timeout="200")
[11:47:46.475]      // while-condition  =>  TRUE
[11:47:46.475]      // while "1"  (timeout="200")
[11:47:46.475]      // while-condition  =>  TRUE
[11:47:46.475]      // while "1"  (timeout="200")
[11:47:46.475]      // while-condition  =>  TRUE
[11:47:46.475]      // while "1"  (timeout="200")
[11:47:46.475]      // while-condition  =>  TRUE
[11:47:46.475]      // while "1"  (timeout="200")
[11:47:46.475]      // while-condition  =>  TRUE
[11:47:46.475]      // while "1"  (timeout="200")
[11:47:46.475]      // while-condition  =>  TRUE
[11:47:46.475]      // while "1"  (timeout="200")
[11:47:46.475]      // while-condition  =>  TRUE
[11:47:46.475]      // while "1"  (timeout="200")
[11:47:46.475]      // while-condition  =>  TRUE
[11:47:46.475]      // while "1"  (timeout="200")
[11:47:46.475]      // while-condition  =>  TRUE
[11:47:46.475]      // while "1"  (timeout="200")
[11:47:46.475]      // while-condition  =>  TRUE
[11:47:46.475]      // while "1"  (timeout="200")
[11:47:46.475]      // while-condition  =>  TRUE
[11:47:46.475]      // while "1"  (timeout="200")
[11:47:46.475]      // while-condition  =>  TRUE
[11:47:46.475]      // while "1"  (timeout="200")
[11:47:46.475]      // while-condition  =>  TRUE
[11:47:46.475]      // while "1"  (timeout="200")
[11:47:46.475]      // while-condition  =>  TRUE
[11:47:46.475]      // while "1"  (timeout="200")
[11:47:46.475]      // while-condition  =>  TRUE
[11:47:46.475]      // while "1"  (timeout="200")
[11:47:46.475]      // while-condition  =>  TRUE
[11:47:46.475]      // while "1"  (timeout="200")
[11:47:46.475]      // while-condition  =>  TRUE
[11:47:46.475]      // while "1"  (timeout="200")
[11:47:46.475]      // while-condition  =>  TRUE
[11:47:46.475]      // while "1"  (timeout="200")
[11:47:46.475]      // while-condition  =>  TRUE
[11:47:46.475]      // while "1"  (timeout="200")
[11:47:46.475]      // while-condition  =>  TRUE
[11:47:46.475]      // while "1"  (timeout="200")
[11:47:46.475]      // while-condition  =>  TRUE
[11:47:46.475]      // while "1"  (timeout="200")
[11:47:46.475]      // while-condition  =>  TRUE
[11:47:46.475]      // while "1"  (timeout="200")
[11:47:46.475]      // while-condition  =>  TRUE
[11:47:46.475]      // while "1"  (timeout="200")
[11:47:46.475]      // while-condition  =>  TRUE
[11:47:46.475]      // while "1"  (timeout="200")
[11:47:46.475]      // while-condition  =>  TRUE
[11:47:46.475]      // while "1"  (timeout="200")
[11:47:46.475]      // while-condition  =>  TRUE
[11:47:46.475]      // while "1"  (timeout="200")
[11:47:46.475]      // while-condition  =>  TRUE
[11:47:46.475]      // while "1"  (timeout="200")
[11:47:46.475]      // while-condition  =>  TRUE
[11:47:46.475]      // while "1"  (timeout="200")
[11:47:46.475]      // while-condition  =>  TRUE
[11:47:46.475]      // while "1"  (timeout="200")
[11:47:46.475]      // while-condition  =>  TRUE
[11:47:46.475]      // while "1"  (timeout="200")
[11:47:46.475]      // while-condition  =>  TRUE
[11:47:46.475]      // while "1"  (timeout="200")
[11:47:46.475]      // while-condition  =>  TRUE
[11:47:46.475]      // while "1"  (timeout="200")
[11:47:46.475]      // while-condition  =>  TRUE
[11:47:46.475]      // while "1"  (timeout="200")
[11:47:46.475]      // while-condition  =>  TRUE
[11:47:46.475]      // while "1"  (timeout="200")
[11:47:46.475]      // while-condition  =>  TRUE
[11:47:46.475]      // while "1"  (timeout="200")
[11:47:46.475]      // while-condition  =>  TRUE
[11:47:46.475]      // while "1"  (timeout="200")
[11:47:46.475]      // while-condition  =>  TRUE
[11:47:46.475]      // while "1"  (timeout="200")
[11:47:46.475]      // while-condition  =>  TRUE
[11:47:46.475]      // while "1"  (timeout="200")
[11:47:46.475]      // while-condition  =>  TRUE
[11:47:46.475]      // while "1"  (timeout="200")
[11:47:46.475]      // while-condition  =>  TRUE
[11:47:46.475]      // while "1"  (timeout="200")
[11:47:46.475]      // while-condition  =>  TRUE
[11:47:46.475]      // while "1"  (timeout="200")
[11:47:46.475]      // while-condition  =>  TRUE
[11:47:46.475]      // while "1"  (timeout="200")
[11:47:46.475]      // while-condition  =>  TRUE
[11:47:46.475]      // while "1"  (timeout="200")
[11:47:46.475]      // while-condition  =>  TRUE
[11:47:46.475]      // while "1"  (timeout="200")
[11:47:46.475]      // while-condition  =>  TRUE
[11:47:46.475]      // while "1"  (timeout="200")
[11:47:46.475]      // while-condition  =>  TRUE
[11:47:46.475]      // while "1"  (timeout="200")
[11:47:46.475]      // while-condition  =>  TRUE
[11:47:46.475]      // while "1"  (timeout="200")
[11:47:46.475]      // while-condition  =>  TRUE
[11:47:46.475]      // while "1"  (timeout="200")
[11:47:46.475]      // while-condition  =>  TRUE
[11:47:46.475]      // while "1"  (timeout="200")
[11:47:46.475]      // while-condition  =>  TRUE
[11:47:46.475]      // while "1"  (timeout="200")
[11:47:46.475]      // while-condition  =>  TRUE
[11:47:46.475]      // while "1"  (timeout="200")
[11:47:46.475]      // while-condition  =>  TRUE
[11:47:46.475]      // while "1"  (timeout="200")
[11:47:46.475]      // while-condition  =>  TRUE
[11:47:46.475]      // while "1"  (timeout="200")
[11:47:46.475]      // while-condition  =>  TRUE
[11:47:46.485]      // while "1"  (timeout="200")
[11:47:46.485]      // while  =>  TIMEOUT
[11:47:46.485]      // end while "1"
[11:47:46.485]    </control>
[11:47:46.485]    <control if="canReadPins" while="" timeout="0" info="">
[11:47:46.485]      // if-block "canReadPins"
[11:47:46.485]        // =>  TRUE
[11:47:46.485]      <control if="" while="(DAP_SWJ_Pins(nReset, nReset, 0) & nReset) == 0" timeout="1000000" info="">
[11:47:46.485]        // while "(DAP_SWJ_Pins(nReset, nReset, 0) & nReset) == 0"  (timeout="1000000")
[11:47:46.485]          // -> [DAP_SWJ_Pins(0x80, 0x80, 0) => 0x8F]   (Out: nRESET=1  =>  In: SWCLK/TCK=1, SWDIO/TMS=1, TDI=1, TDO=1, nTRST=0, nRESET=1)
[11:47:46.485]        // while-condition  =>  FALSE
[11:47:46.485]        // end while "(DAP_SWJ_Pins(nReset, nReset, 0) & nReset) == 0"
[11:47:46.485]      </control>
[11:47:46.485]      // end if-block "canReadPins"
[11:47:46.485]    </control>
[11:47:46.485]    <control if="!canReadPins" while="" timeout="0" info="">
[11:47:46.485]      // if-block "!canReadPins"
[11:47:46.485]        // =>  FALSE
[11:47:46.485]      // skip if-block "!canReadPins"
[11:47:46.485]    </control>
[11:47:46.485]    <control if="(ACCESS_POINT_VAL & 0x00E00000) == 0" while="" timeout="0" info="">
[11:47:46.485]      // if-block "(ACCESS_POINT_VAL & 0x00E00000) == 0"
[11:47:46.485]        // =>  TRUE
[11:47:46.485]      <block atomic="false" info="">
[11:47:46.485]        WriteAP(0x00, 0x190008);
[11:47:46.485]          // -> [WriteAP(0x00000000, 0x00190008)]   (__dp=0x00000000, __ap=0x00000004)
[11:47:46.485]        WriteAP(0xF0, 0x01);
[11:47:46.491]          // -> [WriteAP(0x000000F0, 0x00000001)]   (__dp=0x00000000, __ap=0x00000004)
[11:47:46.491]      </block>
[11:47:46.491]      // end if-block "(ACCESS_POINT_VAL & 0x00E00000) == 0"
[11:47:46.491]    </control>
[11:47:46.491]    <control if="(ACCESS_POINT_VAL & 0x00E00000) != 0" while="" timeout="0" info="">
[11:47:46.491]      // if-block "(ACCESS_POINT_VAL & 0x00E00000) != 0"
[11:47:46.491]        // =>  FALSE
[11:47:46.491]      // skip if-block "(ACCESS_POINT_VAL & 0x00E00000) != 0"
[11:47:46.491]    </control>
[11:47:46.491]    <block atomic="false" info="">
[11:47:46.491]      ACCESS_POINT_VAL = ReadAP(0x00);//Reading current state of access point
[11:47:46.491]        // -> [ReadAP(0x00000000) => 0x0079002F]   (__dp=0x00000000, __ap=0x00000004)
[11:47:46.491]        // -> [ACCESS_POINT_VAL <= 0x0079002F]
[11:47:46.491]      Message(0, "Current state of access point is: %x",ACCESS_POINT_VAL);
[11:47:46.491]      __ap = 0; //lets make sure we reset the access point selection
[11:47:46.491]        // -> [__ap <= 0x00000000]
[11:47:46.491]    </block>
[11:47:46.491]  </sequence>
[11:47:46.491]  
[11:47:46.503]  **********  Sequence "DebugDeviceUnlock"  (Context="Connect", Pname="", info="")
[11:47:46.503]  
[11:47:46.503]  <debugvars>
[11:47:46.503]    // Pre-defined
[11:47:46.503]    __protocol=0x00010002      (Protocol="SWD", SWJ-DP="True")
[11:47:46.503]    __connection=0x00000202    (Connection Type="Flash", Reset Type="System Reset")
[11:47:46.503]    __dp=0x00000000
[11:47:46.503]    __ap=0x00000000
[11:47:46.503]    __traceout=0x00000000      (Trace Disabled)
[11:47:46.503]    __errorcontrol=0x00000000  (Skip Errors="False")
[11:47:46.503]    __FlashAddr=0x00000000
[11:47:46.503]    __FlashLen=0x00000000
[11:47:46.503]    __FlashArg=0x00000000
[11:47:46.503]    __FlashOp=0x00000000
[11:47:46.503]    __Result=0x00000000
[11:47:46.503]  </debugvars>
[11:47:46.503]  
[11:47:46.503]  <sequence name="DebugDeviceUnlock" Pname="" disable="false" info="">
[11:47:46.503]    <block atomic="false" info="">
[11:47:46.504]      __var deviceID = 0;
[11:47:46.504]        // -> [deviceID <= 0x00000000]
[11:47:46.504]      __var version = 0;
[11:47:46.504]        // -> [version <= 0x00000000]
[11:47:46.504]      __var partNum = 0;
[11:47:46.504]        // -> [partNum <= 0x00000000]
[11:47:46.504]      __var manuf = 0;
[11:47:46.504]        // -> [manuf <= 0x00000000]
[11:47:46.504]      __var isMSPM0G1X0X_G3X0X = 0;
[11:47:46.504]        // -> [isMSPM0G1X0X_G3X0X <= 0x00000000]
[11:47:46.504]      __var isProduction = 0;
[11:47:46.504]        // -> [isProduction <= 0x00000000]
[11:47:46.504]      __var continueId = 0;
[11:47:46.504]        // -> [continueId <= 0x00000000]
[11:47:46.504]      deviceID =   Read32(0x41C40004);
[11:47:46.506]        // -> [Read32(0x41C40004) => 0x2BB8802F]   (__dp=0x00000000, __ap=0x00000000)
[11:47:46.507]        // -> [deviceID <= 0x2BB8802F]
[11:47:46.507]      version = deviceID >> 28;
[11:47:46.507]        // -> [version <= 0x00000002]
[11:47:46.507]      partNum = (deviceID & 0x0FFFF000) >> 12;
[11:47:46.507]        // -> [partNum <= 0x0000BB88]
[11:47:46.507]      manuf = (deviceID & 0x00000FFE) >> 1;
[11:47:46.507]        // -> [manuf <= 0x00000017]
[11:47:46.507]      isMSPM0G1X0X_G3X0X = (partNum == 0xBB88) && (manuf == 0x17);
[11:47:46.507]        // -> [isMSPM0G1X0X_G3X0X <= 0x00000001]
[11:47:46.507]      isProduction = (version > 0);
[11:47:46.507]        // -> [isProduction <= 0x00000001]
[11:47:46.507]    </block>
[11:47:46.507]    <control if="!isMSPM0G1X0X_G3X0X" while="" timeout="0" info="">
[11:47:46.507]      // if-block "!isMSPM0G1X0X_G3X0X"
[11:47:46.507]        // =>  FALSE
[11:47:46.507]      // skip if-block "!isMSPM0G1X0X_G3X0X"
[11:47:46.507]    </control>
[11:47:46.508]    <control if="continueId == 4" while="" timeout="0" info="">
[11:47:46.508]      // if-block "continueId == 4"
[11:47:46.508]        // =>  FALSE
[11:47:46.508]      // skip if-block "continueId == 4"
[11:47:46.508]    </control>
[11:47:46.508]    <control if="!isProduction" while="" timeout="0" info="">
[11:47:46.508]      // if-block "!isProduction"
[11:47:46.508]        // =>  FALSE
[11:47:46.509]      // skip if-block "!isProduction"
[11:47:46.509]    </control>
[11:47:46.509]  </sequence>
[11:47:46.509]  
[11:49:36.113]  **********  Sequence "DebugPortSetup"  (Context="Connect", Pname="", info="")
[11:49:36.113]  
[11:49:36.113]  <debugvars>
[11:49:36.113]    // Pre-defined
[11:49:36.113]    __protocol=0x00010002      (Protocol="SWD", SWJ-DP="True")
[11:49:36.113]    __connection=0x00000202    (Connection Type="Flash", Reset Type="System Reset")
[11:49:36.113]    __dp=0x00000000
[11:49:36.113]    __ap=0x00000000
[11:49:36.113]    __traceout=0x00000000      (Trace Disabled)
[11:49:36.113]    __errorcontrol=0x00000000  (Skip Errors="False")
[11:49:36.113]    __FlashAddr=0x00000000
[11:49:36.113]    __FlashLen=0x00000000
[11:49:36.113]    __FlashArg=0x00000000
[11:49:36.113]    __FlashOp=0x00000000
[11:49:36.113]    __Result=0x00000000
[11:49:36.113]  </debugvars>
[11:49:36.113]  
[11:49:36.113]  <sequence name="DebugPortSetup" Pname="" disable="false" info="">
[11:49:36.113]    <block atomic="false" info="">
[11:49:36.113]      __var isSWJ      = ((__protocol & 0x00010000) != 0);
[11:49:36.113]        // -> [isSWJ <= 0x00000001]
[11:49:36.113]      __var hasDormant = __protocol & 0x00020000;
[11:49:36.113]        // -> [hasDormant <= 0x00000000]
[11:49:36.113]      __var protType   = __protocol & 0x0000FFFF;
[11:49:36.113]        // -> [protType <= 0x00000002]
[11:49:36.113]    </block>
[11:49:36.113]    <control if="protType == 1" while="" timeout="0" info="">
[11:49:36.113]      // if-block "protType == 1"
[11:49:36.113]        // =>  FALSE
[11:49:36.113]      // skip if-block "protType == 1"
[11:49:36.113]    </control>
[11:49:36.113]    <control if="protType == 2" while="" timeout="0" info="">
[11:49:36.113]      // if-block "protType == 2"
[11:49:36.113]        // =>  TRUE
[11:49:36.113]      <control if="isSWJ" while="" timeout="0" info="">
[11:49:36.113]        // if-block "isSWJ"
[11:49:36.113]          // =>  TRUE
[11:49:36.113]        <control if="hasDormant" while="" timeout="0" info="">
[11:49:36.113]          // if-block "hasDormant"
[11:49:36.113]            // =>  FALSE
[11:49:36.113]          // skip if-block "hasDormant"
[11:49:36.113]        </control>
[11:49:36.113]        <control if="!hasDormant" while="" timeout="0" info="">
[11:49:36.113]          // if-block "!hasDormant"
[11:49:36.113]            // =>  TRUE
[11:49:36.113]          <block atomic="false" info="">
[11:49:36.113]            DAP_SWJ_Sequence(51, 0x0007FFFFFFFFFFFF); //lets put the JTAG line in a reset state
[11:49:36.113]              // -> [DAP_SWJ_Sequence(51, 0x0007FFFFFFFFFFFF)]
[11:49:36.113]            DAP_SWJ_Sequence(16,0xE73C); //SWD to JTAG, this is to ensure the state machine is initialized
[11:49:36.113]              // -> [DAP_SWJ_Sequence(16, 0x000000000000E73C)]
[11:49:36.120]            DAP_SWJ_Sequence(51, 0x0007FFFFFFFFFFFF); //Put it back in reset
[11:49:36.120]              // -> [DAP_SWJ_Sequence(51, 0x0007FFFFFFFFFFFF)]
[11:49:36.120]            DAP_SWJ_Sequence(16, 0xE79E); //JTAG to SWD switch
[11:49:36.120]              // -> [DAP_SWJ_Sequence(16, 0x000000000000E79E)]
[11:49:36.120]            DAP_SWJ_Sequence(51, 0x0007FFFFFFFFFFFF);  //Ensure the switch is successful 
[11:49:36.120]              // -> [DAP_SWJ_Sequence(51, 0x0007FFFFFFFFFFFF)]
[11:49:36.130]            DAP_SWJ_Sequence(7,  0x00); //Give the line some time to initialize
[11:49:36.133]              // -> [DAP_SWJ_Sequence(7, 0x0000000000000000)]
[11:49:36.133]          </block>
[11:49:36.133]          // end if-block "!hasDormant"
[11:49:36.133]        </control>
[11:49:36.133]        // end if-block "isSWJ"
[11:49:36.133]      </control>
[11:49:36.133]      <control if="!isSWJ" while="" timeout="0" info="">
[11:49:36.133]        // if-block "!isSWJ"
[11:49:36.133]          // =>  FALSE
[11:49:36.133]        // skip if-block "!isSWJ"
[11:49:36.133]      </control>
[11:49:36.133]      <block atomic="false" info="">
[11:49:36.133]        ReadDP(0x0);
[11:49:36.133]          // -> [ReadDP(0x00000000) => 0x6BA02477]   (__dp=0x00000000)
[11:49:36.133]      </block>
[11:49:36.133]      // end if-block "protType == 2"
[11:49:36.133]    </control>
[11:49:36.133]  </sequence>
[11:49:36.138]  
[11:49:36.141]  **********  Sequence "DebugPortStart"  (Context="Connect", Pname="", info="")
[11:49:36.141]  
[11:49:36.141]  <debugvars>
[11:49:36.141]    // Pre-defined
[11:49:36.141]    __protocol=0x00010002      (Protocol="SWD", SWJ-DP="True")
[11:49:36.141]    __connection=0x00000202    (Connection Type="Flash", Reset Type="System Reset")
[11:49:36.141]    __dp=0x00000000
[11:49:36.141]    __ap=0x00000000
[11:49:36.141]    __traceout=0x00000000      (Trace Disabled)
[11:49:36.141]    __errorcontrol=0x00000000  (Skip Errors="False")
[11:49:36.141]    __FlashAddr=0x00000000
[11:49:36.141]    __FlashLen=0x00000000
[11:49:36.141]    __FlashArg=0x00000000
[11:49:36.141]    __FlashOp=0x00000000
[11:49:36.141]    __Result=0x00000000
[11:49:36.141]  </debugvars>
[11:49:36.141]  
[11:49:36.141]  <sequence name="DebugPortStart" Pname="" disable="false" info="">
[11:49:36.141]    <block atomic="false" info="">
[11:49:36.141]      __var SW_DP_ABORT       = 0x0;
[11:49:36.141]        // -> [SW_DP_ABORT <= 0x00000000]
[11:49:36.141]      __var DP_CTRL_STAT      = 0x4;
[11:49:36.141]        // -> [DP_CTRL_STAT <= 0x00000004]
[11:49:36.141]      __var DP_SELECT         = 0x8;
[11:49:36.141]        // -> [DP_SELECT <= 0x00000008]
[11:49:36.141]      __var powered_down      = 0;
[11:49:36.141]        // -> [powered_down <= 0x00000000]
[11:49:36.141]      WriteDP(DP_SELECT, 0x00000000);
[11:49:36.150]        // -> [WriteDP(0x00000008, 0x00000000)]   (__dp=0x00000000)
[11:49:36.150]      powered_down = ((ReadDP(DP_CTRL_STAT) & 0xA0000000) != 0xA0000000);
[11:49:36.150]        // -> [ReadDP(0x00000004) => 0x00000040]   (__dp=0x00000000)
[11:49:36.150]        // -> [powered_down <= 0x00000001]
[11:49:36.150]    </block>
[11:49:36.150]    <control if="powered_down" while="" timeout="0" info="">
[11:49:36.150]      // if-block "powered_down"
[11:49:36.150]        // =>  TRUE
[11:49:36.150]      <block atomic="false" info="">
[11:49:36.150]        Message(0, "Debug/System power-up request sent");
[11:49:36.150]        WriteDP(DP_CTRL_STAT, 0x50000000);
[11:49:36.150]          // -> [WriteDP(0x00000004, 0x50000000)]   (__dp=0x00000000)
[11:49:36.150]      </block>
[11:49:36.150]      <control if="" while="(ReadDP(DP_CTRL_STAT) & 0xA0000000) != 0xA0000000" timeout="1000000" info="">
[11:49:36.150]        // while "(ReadDP(DP_CTRL_STAT) & 0xA0000000) != 0xA0000000"  (timeout="1000000")
[11:49:36.150]          // -> [ReadDP(0x00000004) => 0xF0000040]   (__dp=0x00000000)
[11:49:36.160]        // while-condition  =>  FALSE
[11:49:36.160]        // end while "(ReadDP(DP_CTRL_STAT) & 0xA0000000) != 0xA0000000"
[11:49:36.160]      </control>
[11:49:36.160]      <control if="(__protocol & 0xFFFF) == 1" while="" timeout="0" info="">
[11:49:36.160]        // if-block "(__protocol & 0xFFFF) == 1"
[11:49:36.160]          // =>  FALSE
[11:49:36.160]        // skip if-block "(__protocol & 0xFFFF) == 1"
[11:49:36.160]      </control>
[11:49:36.160]      <control if="(__protocol & 0xFFFF) == 2" while="" timeout="0" info="">
[11:49:36.160]        // if-block "(__protocol & 0xFFFF) == 2"
[11:49:36.160]          // =>  TRUE
[11:49:36.160]        <block atomic="false" info="">
[11:49:36.160]          Message(0, "executing SWD power up");
[11:49:36.160]          WriteDP(DP_CTRL_STAT, 0x50000F00);
[11:49:36.164]            // -> [WriteDP(0x00000004, 0x50000F00)]   (__dp=0x00000000)
[11:49:36.164]          WriteDP(SW_DP_ABORT, 0x0000001E);
[11:49:36.164]            // -> [WriteDP(0x00000000, 0x0000001E)]   (__dp=0x00000000)
[11:49:36.164]        </block>
[11:49:36.164]        // end if-block "(__protocol & 0xFFFF) == 2"
[11:49:36.164]      </control>
[11:49:36.164]      // end if-block "powered_down"
[11:49:36.164]    </control>
[11:49:36.164]    <block atomic="false" info="">
[11:49:36.164]      __var DEBUG_PORT_VAL    = 0;
[11:49:36.164]        // -> [DEBUG_PORT_VAL <= 0x00000000]
[11:49:36.164]      __var ACCESS_POINT_VAL  = 0;
[11:49:36.164]        // -> [ACCESS_POINT_VAL <= 0x00000000]
[11:49:36.164]      __ap = 1; 
[11:49:36.164]        // -> [__ap <= 0x00000001]
[11:49:36.164]      WriteAP(0x0C, 0x04); //lets use the mini pwr-ap as backup
[11:49:36.174]        // -> [WriteAP(0x0000000C, 0x00000004)]   (__dp=0x00000000, __ap=0x00000001)
[11:49:36.174]      __ap = 4;
[11:49:36.174]        // -> [__ap <= 0x00000004]
[11:49:36.174]      ACCESS_POINT_VAL = ReadAP(0x00);//Reading current state of access point
[11:49:36.175]        // -> [ReadAP(0x00000000) => 0x00080027]   (__dp=0x00000000, __ap=0x00000004)
[11:49:36.175]        // -> [ACCESS_POINT_VAL <= 0x00080027]
[11:49:36.175]      Message(0, "Current state of access point is: %x",ACCESS_POINT_VAL);
[11:49:36.180]    </block>
[11:49:36.180]    <block atomic="false" info="">
[11:49:36.180]      __var nReset = 0x80;
[11:49:36.180]        // -> [nReset <= 0x00000080]
[11:49:36.180]      __var canReadPins = 0;
[11:49:36.180]        // -> [canReadPins <= 0x00000000]
[11:49:36.180]      canReadPins = (DAP_SWJ_Pins(0x00, nReset, 0) != 0xFFFFFFFF);
[11:49:36.182]        // -> [DAP_SWJ_Pins(0x00, 0x80, 0) => 0x0F]   (Out: nRESET=0  =>  In: SWCLK/TCK=1, SWDIO/TMS=1, TDI=1, TDO=1, nTRST=0, nRESET=0)
[11:49:36.182]        // -> [canReadPins <= 0x00000001]
[11:49:36.182]    </block>
[11:49:36.182]    <control if="" while="1" timeout="200" info="">
[11:49:36.182]      // while "1"  (timeout="200")
[11:49:36.182]      // while-condition  =>  TRUE
[11:49:36.182]      // while "1"  (timeout="200")
[11:49:36.182]      // while-condition  =>  TRUE
[11:49:36.182]      // while "1"  (timeout="200")
[11:49:36.182]      // while-condition  =>  TRUE
[11:49:36.182]      // while "1"  (timeout="200")
[11:49:36.182]      // while-condition  =>  TRUE
[11:49:36.182]      // while "1"  (timeout="200")
[11:49:36.182]      // while-condition  =>  TRUE
[11:49:36.182]      // while "1"  (timeout="200")
[11:49:36.182]      // while-condition  =>  TRUE
[11:49:36.182]      // while "1"  (timeout="200")
[11:49:36.182]      // while-condition  =>  TRUE
[11:49:36.182]      // while "1"  (timeout="200")
[11:49:36.182]      // while-condition  =>  TRUE
[11:49:36.182]      // while "1"  (timeout="200")
[11:49:36.182]      // while-condition  =>  TRUE
[11:49:36.182]      // while "1"  (timeout="200")
[11:49:36.182]      // while-condition  =>  TRUE
[11:49:36.182]      // while "1"  (timeout="200")
[11:49:36.182]      // while-condition  =>  TRUE
[11:49:36.182]      // while "1"  (timeout="200")
[11:49:36.182]      // while-condition  =>  TRUE
[11:49:36.182]      // while "1"  (timeout="200")
[11:49:36.182]      // while-condition  =>  TRUE
[11:49:36.182]      // while "1"  (timeout="200")
[11:49:36.182]      // while-condition  =>  TRUE
[11:49:36.182]      // while "1"  (timeout="200")
[11:49:36.182]      // while-condition  =>  TRUE
[11:49:36.182]      // while "1"  (timeout="200")
[11:49:36.182]      // while-condition  =>  TRUE
[11:49:36.182]      // while "1"  (timeout="200")
[11:49:36.182]      // while-condition  =>  TRUE
[11:49:36.182]      // while "1"  (timeout="200")
[11:49:36.182]      // while-condition  =>  TRUE
[11:49:36.182]      // while "1"  (timeout="200")
[11:49:36.182]      // while-condition  =>  TRUE
[11:49:36.182]      // while "1"  (timeout="200")
[11:49:36.182]      // while-condition  =>  TRUE
[11:49:36.182]      // while "1"  (timeout="200")
[11:49:36.182]      // while-condition  =>  TRUE
[11:49:36.182]      // while "1"  (timeout="200")
[11:49:36.182]      // while-condition  =>  TRUE
[11:49:36.182]      // while "1"  (timeout="200")
[11:49:36.182]      // while-condition  =>  TRUE
[11:49:36.182]      // while "1"  (timeout="200")
[11:49:36.182]      // while-condition  =>  TRUE
[11:49:36.182]      // while "1"  (timeout="200")
[11:49:36.182]      // while-condition  =>  TRUE
[11:49:36.182]      // while "1"  (timeout="200")
[11:49:36.182]      // while-condition  =>  TRUE
[11:49:36.182]      // while "1"  (timeout="200")
[11:49:36.182]      // while-condition  =>  TRUE
[11:49:36.182]      // while "1"  (timeout="200")
[11:49:36.182]      // while-condition  =>  TRUE
[11:49:36.182]      // while "1"  (timeout="200")
[11:49:36.182]      // while-condition  =>  TRUE
[11:49:36.182]      // while "1"  (timeout="200")
[11:49:36.182]      // while-condition  =>  TRUE
[11:49:36.182]      // while "1"  (timeout="200")
[11:49:36.182]      // while-condition  =>  TRUE
[11:49:36.182]      // while "1"  (timeout="200")
[11:49:36.182]      // while-condition  =>  TRUE
[11:49:36.182]      // while "1"  (timeout="200")
[11:49:36.182]      // while-condition  =>  TRUE
[11:49:36.182]      // while "1"  (timeout="200")
[11:49:36.182]      // while-condition  =>  TRUE
[11:49:36.182]      // while "1"  (timeout="200")
[11:49:36.182]      // while-condition  =>  TRUE
[11:49:36.182]      // while "1"  (timeout="200")
[11:49:36.182]      // while-condition  =>  TRUE
[11:49:36.182]      // while "1"  (timeout="200")
[11:49:36.182]      // while-condition  =>  TRUE
[11:49:36.182]      // while "1"  (timeout="200")
[11:49:36.182]      // while-condition  =>  TRUE
[11:49:36.182]      // while "1"  (timeout="200")
[11:49:36.182]      // while-condition  =>  TRUE
[11:49:36.182]      // while "1"  (timeout="200")
[11:49:36.182]      // while-condition  =>  TRUE
[11:49:36.182]      // while "1"  (timeout="200")
[11:49:36.182]      // while-condition  =>  TRUE
[11:49:36.182]      // while "1"  (timeout="200")
[11:49:36.182]      // while-condition  =>  TRUE
[11:49:36.182]      // while "1"  (timeout="200")
[11:49:36.182]      // while-condition  =>  TRUE
[11:49:36.182]      // while "1"  (timeout="200")
[11:49:36.182]      // while-condition  =>  TRUE
[11:49:36.182]      // while "1"  (timeout="200")
[11:49:36.182]      // while-condition  =>  TRUE
[11:49:36.182]      // while "1"  (timeout="200")
[11:49:36.182]      // while-condition  =>  TRUE
[11:49:36.182]      // while "1"  (timeout="200")
[11:49:36.182]      // while-condition  =>  TRUE
[11:49:36.182]      // while "1"  (timeout="200")
[11:49:36.182]      // while-condition  =>  TRUE
[11:49:36.182]      // while "1"  (timeout="200")
[11:49:36.182]      // while-condition  =>  TRUE
[11:49:36.182]      // while "1"  (timeout="200")
[11:49:36.182]      // while-condition  =>  TRUE
[11:49:36.182]      // while "1"  (timeout="200")
[11:49:36.182]      // while-condition  =>  TRUE
[11:49:36.182]      // while "1"  (timeout="200")
[11:49:36.182]      // while-condition  =>  TRUE
[11:49:36.182]      // while "1"  (timeout="200")
[11:49:36.182]      // while-condition  =>  TRUE
[11:49:36.182]      // while "1"  (timeout="200")
[11:49:36.182]      // while-condition  =>  TRUE
[11:49:36.182]      // while "1"  (timeout="200")
[11:49:36.182]      // while-condition  =>  TRUE
[11:49:36.182]      // while "1"  (timeout="200")
[11:49:36.182]      // while-condition  =>  TRUE
[11:49:36.182]      // while "1"  (timeout="200")
[11:49:36.182]      // while-condition  =>  TRUE
[11:49:36.182]      // while "1"  (timeout="200")
[11:49:36.182]      // while-condition  =>  TRUE
[11:49:36.182]      // while "1"  (timeout="200")
[11:49:36.182]      // while-condition  =>  TRUE
[11:49:36.182]      // while "1"  (timeout="200")
[11:49:36.182]      // while-condition  =>  TRUE
[11:49:36.182]      // while "1"  (timeout="200")
[11:49:36.182]      // while-condition  =>  TRUE
[11:49:36.182]      // while "1"  (timeout="200")
[11:49:36.182]      // while-condition  =>  TRUE
[11:49:36.182]      // while "1"  (timeout="200")
[11:49:36.182]      // while-condition  =>  TRUE
[11:49:36.182]      // while "1"  (timeout="200")
[11:49:36.182]      // while-condition  =>  TRUE
[11:49:36.182]      // while "1"  (timeout="200")
[11:49:36.182]      // while-condition  =>  TRUE
[11:49:36.182]      // while "1"  (timeout="200")
[11:49:36.182]      // while-condition  =>  TRUE
[11:49:36.182]      // while "1"  (timeout="200")
[11:49:36.182]      // while-condition  =>  TRUE
[11:49:36.182]      // while "1"  (timeout="200")
[11:49:36.182]      // while-condition  =>  TRUE
[11:49:36.182]      // while "1"  (timeout="200")
[11:49:36.182]      // while-condition  =>  TRUE
[11:49:36.182]      // while "1"  (timeout="200")
[11:49:36.182]      // while-condition  =>  TRUE
[11:49:36.182]      // while "1"  (timeout="200")
[11:49:36.182]      // while-condition  =>  TRUE
[11:49:36.182]      // while "1"  (timeout="200")
[11:49:36.182]      // while-condition  =>  TRUE
[11:49:36.182]      // while "1"  (timeout="200")
[11:49:36.182]      // while-condition  =>  TRUE
[11:49:36.182]      // while "1"  (timeout="200")
[11:49:36.182]      // while-condition  =>  TRUE
[11:49:36.190]      // while "1"  (timeout="200")
[11:49:36.190]      // while  =>  TIMEOUT
[11:49:36.190]      // end while "1"
[11:49:36.190]    </control>
[11:49:36.190]    <control if="canReadPins" while="" timeout="0" info="">
[11:49:36.190]      // if-block "canReadPins"
[11:49:36.190]        // =>  TRUE
[11:49:36.190]      <control if="" while="(DAP_SWJ_Pins(nReset, nReset, 0) & nReset) == 0" timeout="1000000" info="">
[11:49:36.190]        // while "(DAP_SWJ_Pins(nReset, nReset, 0) & nReset) == 0"  (timeout="1000000")
[11:49:36.190]          // -> [DAP_SWJ_Pins(0x80, 0x80, 0) => 0x8F]   (Out: nRESET=1  =>  In: SWCLK/TCK=1, SWDIO/TMS=1, TDI=1, TDO=1, nTRST=0, nRESET=1)
[11:49:36.190]        // while-condition  =>  FALSE
[11:49:36.190]        // end while "(DAP_SWJ_Pins(nReset, nReset, 0) & nReset) == 0"
[11:49:36.190]      </control>
[11:49:36.190]      // end if-block "canReadPins"
[11:49:36.190]    </control>
[11:49:36.190]    <control if="!canReadPins" while="" timeout="0" info="">
[11:49:36.190]      // if-block "!canReadPins"
[11:49:36.190]        // =>  FALSE
[11:49:36.190]      // skip if-block "!canReadPins"
[11:49:36.190]    </control>
[11:49:36.190]    <control if="(ACCESS_POINT_VAL & 0x00E00000) == 0" while="" timeout="0" info="">
[11:49:36.190]      // if-block "(ACCESS_POINT_VAL & 0x00E00000) == 0"
[11:49:36.190]        // =>  TRUE
[11:49:36.190]      <block atomic="false" info="">
[11:49:36.190]        WriteAP(0x00, 0x190008);
[11:49:36.190]          // -> [WriteAP(0x00000000, 0x00190008)]   (__dp=0x00000000, __ap=0x00000004)
[11:49:36.190]        WriteAP(0xF0, 0x01);
[11:49:36.190]          // -> [WriteAP(0x000000F0, 0x00000001)]   (__dp=0x00000000, __ap=0x00000004)
[11:49:36.200]      </block>
[11:49:36.200]      // end if-block "(ACCESS_POINT_VAL & 0x00E00000) == 0"
[11:49:36.200]    </control>
[11:49:36.200]    <control if="(ACCESS_POINT_VAL & 0x00E00000) != 0" while="" timeout="0" info="">
[11:49:36.200]      // if-block "(ACCESS_POINT_VAL & 0x00E00000) != 0"
[11:49:36.200]        // =>  FALSE
[11:49:36.200]      // skip if-block "(ACCESS_POINT_VAL & 0x00E00000) != 0"
[11:49:36.200]    </control>
[11:49:36.200]    <block atomic="false" info="">
[11:49:36.200]      ACCESS_POINT_VAL = ReadAP(0x00);//Reading current state of access point
[11:49:36.203]        // -> [ReadAP(0x00000000) => 0x0079002F]   (__dp=0x00000000, __ap=0x00000004)
[11:49:36.203]        // -> [ACCESS_POINT_VAL <= 0x0079002F]
[11:49:36.203]      Message(0, "Current state of access point is: %x",ACCESS_POINT_VAL);
[11:49:36.203]      __ap = 0; //lets make sure we reset the access point selection
[11:49:36.203]        // -> [__ap <= 0x00000000]
[11:49:36.203]    </block>
[11:49:36.203]  </sequence>
[11:49:36.203]  
[11:49:36.227]  **********  Sequence "DebugDeviceUnlock"  (Context="Connect", Pname="", info="")
[11:49:36.227]  
[11:49:36.227]  <debugvars>
[11:49:36.227]    // Pre-defined
[11:49:36.227]    __protocol=0x00010002      (Protocol="SWD", SWJ-DP="True")
[11:49:36.227]    __connection=0x00000202    (Connection Type="Flash", Reset Type="System Reset")
[11:49:36.227]    __dp=0x00000000
[11:49:36.227]    __ap=0x00000000
[11:49:36.227]    __traceout=0x00000000      (Trace Disabled)
[11:49:36.227]    __errorcontrol=0x00000000  (Skip Errors="False")
[11:49:36.227]    __FlashAddr=0x00000000
[11:49:36.227]    __FlashLen=0x00000000
[11:49:36.227]    __FlashArg=0x00000000
[11:49:36.227]    __FlashOp=0x00000000
[11:49:36.227]    __Result=0x00000000
[11:49:36.227]  </debugvars>
[11:49:36.227]  
[11:49:36.227]  <sequence name="DebugDeviceUnlock" Pname="" disable="false" info="">
[11:49:36.227]    <block atomic="false" info="">
[11:49:36.227]      __var deviceID = 0;
[11:49:36.227]        // -> [deviceID <= 0x00000000]
[11:49:36.227]      __var version = 0;
[11:49:36.227]        // -> [version <= 0x00000000]
[11:49:36.229]      __var partNum = 0;
[11:49:36.229]        // -> [partNum <= 0x00000000]
[11:49:36.229]      __var manuf = 0;
[11:49:36.229]        // -> [manuf <= 0x00000000]
[11:49:36.229]      __var isMSPM0G1X0X_G3X0X = 0;
[11:49:36.229]        // -> [isMSPM0G1X0X_G3X0X <= 0x00000000]
[11:49:36.229]      __var isProduction = 0;
[11:49:36.229]        // -> [isProduction <= 0x00000000]
[11:49:36.229]      __var continueId = 0;
[11:49:36.229]        // -> [continueId <= 0x00000000]
[11:49:36.229]      deviceID =   Read32(0x41C40004);
[11:49:36.234]        // -> [Read32(0x41C40004) => 0x2BB8802F]   (__dp=0x00000000, __ap=0x00000000)
[11:49:36.234]        // -> [deviceID <= 0x2BB8802F]
[11:49:36.234]      version = deviceID >> 28;
[11:49:36.234]        // -> [version <= 0x00000002]
[11:49:36.234]      partNum = (deviceID & 0x0FFFF000) >> 12;
[11:49:36.234]        // -> [partNum <= 0x0000BB88]
[11:49:36.234]      manuf = (deviceID & 0x00000FFE) >> 1;
[11:49:36.234]        // -> [manuf <= 0x00000017]
[11:49:36.234]      isMSPM0G1X0X_G3X0X = (partNum == 0xBB88) && (manuf == 0x17);
[11:49:36.234]        // -> [isMSPM0G1X0X_G3X0X <= 0x00000001]
[11:49:36.234]      isProduction = (version > 0);
[11:49:36.234]        // -> [isProduction <= 0x00000001]
[11:49:36.234]    </block>
[11:49:36.234]    <control if="!isMSPM0G1X0X_G3X0X" while="" timeout="0" info="">
[11:49:36.234]      // if-block "!isMSPM0G1X0X_G3X0X"
[11:49:36.234]        // =>  FALSE
[11:49:36.236]      // skip if-block "!isMSPM0G1X0X_G3X0X"
[11:49:36.236]    </control>
[11:49:36.236]    <control if="continueId == 4" while="" timeout="0" info="">
[11:49:36.236]      // if-block "continueId == 4"
[11:49:36.236]        // =>  FALSE
[11:49:36.236]      // skip if-block "continueId == 4"
[11:49:36.236]    </control>
[11:49:36.236]    <control if="!isProduction" while="" timeout="0" info="">
[11:49:36.236]      // if-block "!isProduction"
[11:49:36.236]        // =>  FALSE
[11:49:36.236]      // skip if-block "!isProduction"
[11:49:36.236]    </control>
[11:49:36.236]  </sequence>
[11:49:36.236]  
[11:50:14.513]  **********  Sequence "DebugPortSetup"  (Context="Connect", Pname="", info="")
[11:50:14.513]  
[11:50:14.520]  <debugvars>
[11:50:14.520]    // Pre-defined
[11:50:14.520]    __protocol=0x00010002      (Protocol="SWD", SWJ-DP="True")
[11:50:14.520]    __connection=0x00000202    (Connection Type="Flash", Reset Type="System Reset")
[11:50:14.520]    __dp=0x00000000
[11:50:14.520]    __ap=0x00000000
[11:50:14.520]    __traceout=0x00000000      (Trace Disabled)
[11:50:14.520]    __errorcontrol=0x00000000  (Skip Errors="False")
[11:50:14.520]    __FlashAddr=0x00000000
[11:50:14.520]    __FlashLen=0x00000000
[11:50:14.520]    __FlashArg=0x00000000
[11:50:14.520]    __FlashOp=0x00000000
[11:50:14.520]    __Result=0x00000000
[11:50:14.520]  </debugvars>
[11:50:14.520]  
[11:50:14.520]  <sequence name="DebugPortSetup" Pname="" disable="false" info="">
[11:50:14.520]    <block atomic="false" info="">
[11:50:14.520]      __var isSWJ      = ((__protocol & 0x00010000) != 0);
[11:50:14.520]        // -> [isSWJ <= 0x00000001]
[11:50:14.520]      __var hasDormant = __protocol & 0x00020000;
[11:50:14.520]        // -> [hasDormant <= 0x00000000]
[11:50:14.520]      __var protType   = __protocol & 0x0000FFFF;
[11:50:14.520]        // -> [protType <= 0x00000002]
[11:50:14.520]    </block>
[11:50:14.520]    <control if="protType == 1" while="" timeout="0" info="">
[11:50:14.520]      // if-block "protType == 1"
[11:50:14.520]        // =>  FALSE
[11:50:14.520]      // skip if-block "protType == 1"
[11:50:14.520]    </control>
[11:50:14.520]    <control if="protType == 2" while="" timeout="0" info="">
[11:50:14.520]      // if-block "protType == 2"
[11:50:14.520]        // =>  TRUE
[11:50:14.520]      <control if="isSWJ" while="" timeout="0" info="">
[11:50:14.520]        // if-block "isSWJ"
[11:50:14.520]          // =>  TRUE
[11:50:14.520]        <control if="hasDormant" while="" timeout="0" info="">
[11:50:14.520]          // if-block "hasDormant"
[11:50:14.520]            // =>  FALSE
[11:50:14.520]          // skip if-block "hasDormant"
[11:50:14.520]        </control>
[11:50:14.520]        <control if="!hasDormant" while="" timeout="0" info="">
[11:50:14.520]          // if-block "!hasDormant"
[11:50:14.520]            // =>  TRUE
[11:50:14.520]          <block atomic="false" info="">
[11:50:14.520]            DAP_SWJ_Sequence(51, 0x0007FFFFFFFFFFFF); //lets put the JTAG line in a reset state
[11:50:14.520]              // -> [DAP_SWJ_Sequence(51, 0x0007FFFFFFFFFFFF)]
[11:50:14.520]            DAP_SWJ_Sequence(16,0xE73C); //SWD to JTAG, this is to ensure the state machine is initialized
[11:50:14.520]              // -> [DAP_SWJ_Sequence(16, 0x000000000000E73C)]
[11:50:14.520]            DAP_SWJ_Sequence(51, 0x0007FFFFFFFFFFFF); //Put it back in reset
[11:50:14.520]              // -> [DAP_SWJ_Sequence(51, 0x0007FFFFFFFFFFFF)]
[11:50:14.530]            DAP_SWJ_Sequence(16, 0xE79E); //JTAG to SWD switch
[11:50:14.530]              // -> [DAP_SWJ_Sequence(16, 0x000000000000E79E)]
[11:50:14.530]            DAP_SWJ_Sequence(51, 0x0007FFFFFFFFFFFF);  //Ensure the switch is successful 
[11:50:14.530]              // -> [DAP_SWJ_Sequence(51, 0x0007FFFFFFFFFFFF)]
[11:50:14.530]            DAP_SWJ_Sequence(7,  0x00); //Give the line some time to initialize
[11:50:14.530]              // -> [DAP_SWJ_Sequence(7, 0x0000000000000000)]
[11:50:14.530]          </block>
[11:50:14.530]          // end if-block "!hasDormant"
[11:50:14.530]        </control>
[11:50:14.530]        // end if-block "isSWJ"
[11:50:14.530]      </control>
[11:50:14.530]      <control if="!isSWJ" while="" timeout="0" info="">
[11:50:14.530]        // if-block "!isSWJ"
[11:50:14.530]          // =>  FALSE
[11:50:14.530]        // skip if-block "!isSWJ"
[11:50:14.530]      </control>
[11:50:14.530]      <block atomic="false" info="">
[11:50:14.530]        ReadDP(0x0);
[11:50:14.530]          // -> [ReadDP(0x00000000) => 0x6BA02477]   (__dp=0x00000000)
[11:50:14.530]      </block>
[11:50:14.530]      // end if-block "protType == 2"
[11:50:14.530]    </control>
[11:50:14.530]  </sequence>
[11:50:14.530]  
[11:50:14.540]  **********  Sequence "DebugPortStart"  (Context="Connect", Pname="", info="")
[11:50:14.540]  
[11:50:14.540]  <debugvars>
[11:50:14.540]    // Pre-defined
[11:50:14.540]    __protocol=0x00010002      (Protocol="SWD", SWJ-DP="True")
[11:50:14.540]    __connection=0x00000202    (Connection Type="Flash", Reset Type="System Reset")
[11:50:14.540]    __dp=0x00000000
[11:50:14.540]    __ap=0x00000000
[11:50:14.540]    __traceout=0x00000000      (Trace Disabled)
[11:50:14.540]    __errorcontrol=0x00000000  (Skip Errors="False")
[11:50:14.540]    __FlashAddr=0x00000000
[11:50:14.540]    __FlashLen=0x00000000
[11:50:14.540]    __FlashArg=0x00000000
[11:50:14.540]    __FlashOp=0x00000000
[11:50:14.540]    __Result=0x00000000
[11:50:14.540]  </debugvars>
[11:50:14.540]  
[11:50:14.540]  <sequence name="DebugPortStart" Pname="" disable="false" info="">
[11:50:14.540]    <block atomic="false" info="">
[11:50:14.540]      __var SW_DP_ABORT       = 0x0;
[11:50:14.540]        // -> [SW_DP_ABORT <= 0x00000000]
[11:50:14.540]      __var DP_CTRL_STAT      = 0x4;
[11:50:14.540]        // -> [DP_CTRL_STAT <= 0x00000004]
[11:50:14.540]      __var DP_SELECT         = 0x8;
[11:50:14.540]        // -> [DP_SELECT <= 0x00000008]
[11:50:14.540]      __var powered_down      = 0;
[11:50:14.540]        // -> [powered_down <= 0x00000000]
[11:50:14.540]      WriteDP(DP_SELECT, 0x00000000);
[11:50:14.540]        // -> [WriteDP(0x00000008, 0x00000000)]   (__dp=0x00000000)
[11:50:14.540]      powered_down = ((ReadDP(DP_CTRL_STAT) & 0xA0000000) != 0xA0000000);
[11:50:14.550]        // -> [ReadDP(0x00000004) => 0x00000040]   (__dp=0x00000000)
[11:50:14.550]        // -> [powered_down <= 0x00000001]
[11:50:14.550]    </block>
[11:50:14.550]    <control if="powered_down" while="" timeout="0" info="">
[11:50:14.550]      // if-block "powered_down"
[11:50:14.550]        // =>  TRUE
[11:50:14.550]      <block atomic="false" info="">
[11:50:14.550]        Message(0, "Debug/System power-up request sent");
[11:50:14.550]        WriteDP(DP_CTRL_STAT, 0x50000000);
[11:50:14.550]          // -> [WriteDP(0x00000004, 0x50000000)]   (__dp=0x00000000)
[11:50:14.550]      </block>
[11:50:14.550]      <control if="" while="(ReadDP(DP_CTRL_STAT) & 0xA0000000) != 0xA0000000" timeout="1000000" info="">
[11:50:14.550]        // while "(ReadDP(DP_CTRL_STAT) & 0xA0000000) != 0xA0000000"  (timeout="1000000")
[11:50:14.550]          // -> [ReadDP(0x00000004) => 0xF0000040]   (__dp=0x00000000)
[11:50:14.550]        // while-condition  =>  FALSE
[11:50:14.550]        // end while "(ReadDP(DP_CTRL_STAT) & 0xA0000000) != 0xA0000000"
[11:50:14.550]      </control>
[11:50:14.550]      <control if="(__protocol & 0xFFFF) == 1" while="" timeout="0" info="">
[11:50:14.550]        // if-block "(__protocol & 0xFFFF) == 1"
[11:50:14.550]          // =>  FALSE
[11:50:14.550]        // skip if-block "(__protocol & 0xFFFF) == 1"
[11:50:14.550]      </control>
[11:50:14.550]      <control if="(__protocol & 0xFFFF) == 2" while="" timeout="0" info="">
[11:50:14.550]        // if-block "(__protocol & 0xFFFF) == 2"
[11:50:14.550]          // =>  TRUE
[11:50:14.550]        <block atomic="false" info="">
[11:50:14.550]          Message(0, "executing SWD power up");
[11:50:14.550]          WriteDP(DP_CTRL_STAT, 0x50000F00);
[11:50:14.550]            // -> [WriteDP(0x00000004, 0x50000F00)]   (__dp=0x00000000)
[11:50:14.561]          WriteDP(SW_DP_ABORT, 0x0000001E);
[11:50:14.561]            // -> [WriteDP(0x00000000, 0x0000001E)]   (__dp=0x00000000)
[11:50:14.561]        </block>
[11:50:14.561]        // end if-block "(__protocol & 0xFFFF) == 2"
[11:50:14.561]      </control>
[11:50:14.561]      // end if-block "powered_down"
[11:50:14.561]    </control>
[11:50:14.561]    <block atomic="false" info="">
[11:50:14.561]      __var DEBUG_PORT_VAL    = 0;
[11:50:14.561]        // -> [DEBUG_PORT_VAL <= 0x00000000]
[11:50:14.561]      __var ACCESS_POINT_VAL  = 0;
[11:50:14.561]        // -> [ACCESS_POINT_VAL <= 0x00000000]
[11:50:14.561]      __ap = 1; 
[11:50:14.561]        // -> [__ap <= 0x00000001]
[11:50:14.561]      WriteAP(0x0C, 0x04); //lets use the mini pwr-ap as backup
[11:50:14.561]        // -> [WriteAP(0x0000000C, 0x00000004)]   (__dp=0x00000000, __ap=0x00000001)
[11:50:14.561]      __ap = 4;
[11:50:14.561]        // -> [__ap <= 0x00000004]
[11:50:14.561]      ACCESS_POINT_VAL = ReadAP(0x00);//Reading current state of access point
[11:50:14.571]        // -> [ReadAP(0x00000000) => 0x00080027]   (__dp=0x00000000, __ap=0x00000004)
[11:50:14.571]        // -> [ACCESS_POINT_VAL <= 0x00080027]
[11:50:14.571]      Message(0, "Current state of access point is: %x",ACCESS_POINT_VAL);
[11:50:14.571]    </block>
[11:50:14.571]    <block atomic="false" info="">
[11:50:14.571]      __var nReset = 0x80;
[11:50:14.571]        // -> [nReset <= 0x00000080]
[11:50:14.571]      __var canReadPins = 0;
[11:50:14.571]        // -> [canReadPins <= 0x00000000]
[11:50:14.571]      canReadPins = (DAP_SWJ_Pins(0x00, nReset, 0) != 0xFFFFFFFF);
[11:50:14.571]        // -> [DAP_SWJ_Pins(0x00, 0x80, 0) => 0x0F]   (Out: nRESET=0  =>  In: SWCLK/TCK=1, SWDIO/TMS=1, TDI=1, TDO=1, nTRST=0, nRESET=0)
[11:50:14.571]        // -> [canReadPins <= 0x00000001]
[11:50:14.571]    </block>
[11:50:14.571]    <control if="" while="1" timeout="200" info="">
[11:50:14.571]      // while "1"  (timeout="200")
[11:50:14.571]      // while-condition  =>  TRUE
[11:50:14.571]      // while "1"  (timeout="200")
[11:50:14.571]      // while-condition  =>  TRUE
[11:50:14.571]      // while "1"  (timeout="200")
[11:50:14.571]      // while-condition  =>  TRUE
[11:50:14.571]      // while "1"  (timeout="200")
[11:50:14.571]      // while-condition  =>  TRUE
[11:50:14.571]      // while "1"  (timeout="200")
[11:50:14.571]      // while-condition  =>  TRUE
[11:50:14.571]      // while "1"  (timeout="200")
[11:50:14.571]      // while-condition  =>  TRUE
[11:50:14.571]      // while "1"  (timeout="200")
[11:50:14.571]      // while-condition  =>  TRUE
[11:50:14.571]      // while "1"  (timeout="200")
[11:50:14.571]      // while-condition  =>  TRUE
[11:50:14.571]      // while "1"  (timeout="200")
[11:50:14.571]      // while-condition  =>  TRUE
[11:50:14.571]      // while "1"  (timeout="200")
[11:50:14.571]      // while-condition  =>  TRUE
[11:50:14.571]      // while "1"  (timeout="200")
[11:50:14.571]      // while-condition  =>  TRUE
[11:50:14.571]      // while "1"  (timeout="200")
[11:50:14.571]      // while-condition  =>  TRUE
[11:50:14.571]      // while "1"  (timeout="200")
[11:50:14.571]      // while-condition  =>  TRUE
[11:50:14.571]      // while "1"  (timeout="200")
[11:50:14.571]      // while-condition  =>  TRUE
[11:50:14.571]      // while "1"  (timeout="200")
[11:50:14.571]      // while-condition  =>  TRUE
[11:50:14.571]      // while "1"  (timeout="200")
[11:50:14.571]      // while-condition  =>  TRUE
[11:50:14.571]      // while "1"  (timeout="200")
[11:50:14.571]      // while-condition  =>  TRUE
[11:50:14.571]      // while "1"  (timeout="200")
[11:50:14.571]      // while-condition  =>  TRUE
[11:50:14.571]      // while "1"  (timeout="200")
[11:50:14.571]      // while-condition  =>  TRUE
[11:50:14.571]      // while "1"  (timeout="200")
[11:50:14.571]      // while-condition  =>  TRUE
[11:50:14.571]      // while "1"  (timeout="200")
[11:50:14.571]      // while-condition  =>  TRUE
[11:50:14.571]      // while "1"  (timeout="200")
[11:50:14.571]      // while-condition  =>  TRUE
[11:50:14.571]      // while "1"  (timeout="200")
[11:50:14.571]      // while-condition  =>  TRUE
[11:50:14.571]      // while "1"  (timeout="200")
[11:50:14.571]      // while-condition  =>  TRUE
[11:50:14.571]      // while "1"  (timeout="200")
[11:50:14.571]      // while-condition  =>  TRUE
[11:50:14.571]      // while "1"  (timeout="200")
[11:50:14.571]      // while-condition  =>  TRUE
[11:50:14.571]      // while "1"  (timeout="200")
[11:50:14.571]      // while-condition  =>  TRUE
[11:50:14.571]      // while "1"  (timeout="200")
[11:50:14.571]      // while-condition  =>  TRUE
[11:50:14.571]      // while "1"  (timeout="200")
[11:50:14.571]      // while-condition  =>  TRUE
[11:50:14.571]      // while "1"  (timeout="200")
[11:50:14.571]      // while-condition  =>  TRUE
[11:50:14.571]      // while "1"  (timeout="200")
[11:50:14.571]      // while-condition  =>  TRUE
[11:50:14.571]      // while "1"  (timeout="200")
[11:50:14.571]      // while-condition  =>  TRUE
[11:50:14.571]      // while "1"  (timeout="200")
[11:50:14.571]      // while-condition  =>  TRUE
[11:50:14.571]      // while "1"  (timeout="200")
[11:50:14.582]      // while-condition  =>  TRUE
[11:50:14.582]      // while "1"  (timeout="200")
[11:50:14.582]      // while  =>  TIMEOUT
[11:50:14.582]      // end while "1"
[11:50:14.582]    </control>
[11:50:14.582]    <control if="canReadPins" while="" timeout="0" info="">
[11:50:14.582]      // if-block "canReadPins"
[11:50:14.582]        // =>  TRUE
[11:50:14.582]      <control if="" while="(DAP_SWJ_Pins(nReset, nReset, 0) & nReset) == 0" timeout="1000000" info="">
[11:50:14.582]        // while "(DAP_SWJ_Pins(nReset, nReset, 0) & nReset) == 0"  (timeout="1000000")
[11:50:14.582]          // -> [DAP_SWJ_Pins(0x80, 0x80, 0) => 0x8F]   (Out: nRESET=1  =>  In: SWCLK/TCK=1, SWDIO/TMS=1, TDI=1, TDO=1, nTRST=0, nRESET=1)
[11:50:14.582]        // while-condition  =>  FALSE
[11:50:14.582]        // end while "(DAP_SWJ_Pins(nReset, nReset, 0) & nReset) == 0"
[11:50:14.582]      </control>
[11:50:14.582]      // end if-block "canReadPins"
[11:50:14.582]    </control>
[11:50:14.582]    <control if="!canReadPins" while="" timeout="0" info="">
[11:50:14.582]      // if-block "!canReadPins"
[11:50:14.582]        // =>  FALSE
[11:50:14.582]      // skip if-block "!canReadPins"
[11:50:14.582]    </control>
[11:50:14.582]    <control if="(ACCESS_POINT_VAL & 0x00E00000) == 0" while="" timeout="0" info="">
[11:50:14.582]      // if-block "(ACCESS_POINT_VAL & 0x00E00000) == 0"
[11:50:14.582]        // =>  TRUE
[11:50:14.582]      <block atomic="false" info="">
[11:50:14.582]        WriteAP(0x00, 0x190008);
[11:50:14.582]          // -> [WriteAP(0x00000000, 0x00190008)]   (__dp=0x00000000, __ap=0x00000004)
[11:50:14.582]        WriteAP(0xF0, 0x01);
[11:50:14.592]          // -> [WriteAP(0x000000F0, 0x00000001)]   (__dp=0x00000000, __ap=0x00000004)
[11:50:14.592]      </block>
[11:50:14.592]      // end if-block "(ACCESS_POINT_VAL & 0x00E00000) == 0"
[11:50:14.592]    </control>
[11:50:14.592]    <control if="(ACCESS_POINT_VAL & 0x00E00000) != 0" while="" timeout="0" info="">
[11:50:14.592]      // if-block "(ACCESS_POINT_VAL & 0x00E00000) != 0"
[11:50:14.592]        // =>  FALSE
[11:50:14.592]      // skip if-block "(ACCESS_POINT_VAL & 0x00E00000) != 0"
[11:50:14.592]    </control>
[11:50:14.592]    <block atomic="false" info="">
[11:50:14.592]      ACCESS_POINT_VAL = ReadAP(0x00);//Reading current state of access point
[11:50:14.592]        // -> [ReadAP(0x00000000) => 0x0079002F]   (__dp=0x00000000, __ap=0x00000004)
[11:50:14.592]        // -> [ACCESS_POINT_VAL <= 0x0079002F]
[11:50:14.592]      Message(0, "Current state of access point is: %x",ACCESS_POINT_VAL);
[11:50:14.592]      __ap = 0; //lets make sure we reset the access point selection
[11:50:14.592]        // -> [__ap <= 0x00000000]
[11:50:14.592]    </block>
[11:50:14.592]  </sequence>
[11:50:14.592]  
[11:50:14.623]  **********  Sequence "DebugDeviceUnlock"  (Context="Connect", Pname="", info="")
[11:50:14.623]  
[11:50:14.623]  <debugvars>
[11:50:14.623]    // Pre-defined
[11:50:14.623]    __protocol=0x00010002      (Protocol="SWD", SWJ-DP="True")
[11:50:14.623]    __connection=0x00000202    (Connection Type="Flash", Reset Type="System Reset")
[11:50:14.623]    __dp=0x00000000
[11:50:14.623]    __ap=0x00000000
[11:50:14.623]    __traceout=0x00000000      (Trace Disabled)
[11:50:14.623]    __errorcontrol=0x00000000  (Skip Errors="False")
[11:50:14.623]    __FlashAddr=0x00000000
[11:50:14.623]    __FlashLen=0x00000000
[11:50:14.623]    __FlashArg=0x00000000
[11:50:14.623]    __FlashOp=0x00000000
[11:50:14.623]    __Result=0x00000000
[11:50:14.623]  </debugvars>
[11:50:14.623]  
[11:50:14.623]  <sequence name="DebugDeviceUnlock" Pname="" disable="false" info="">
[11:50:14.623]    <block atomic="false" info="">
[11:50:14.623]      __var deviceID = 0;
[11:50:14.623]        // -> [deviceID <= 0x00000000]
[11:50:14.623]      __var version = 0;
[11:50:14.623]        // -> [version <= 0x00000000]
[11:50:14.623]      __var partNum = 0;
[11:50:14.623]        // -> [partNum <= 0x00000000]
[11:50:14.623]      __var manuf = 0;
[11:50:14.623]        // -> [manuf <= 0x00000000]
[11:50:14.623]      __var isMSPM0G1X0X_G3X0X = 0;
[11:50:14.623]        // -> [isMSPM0G1X0X_G3X0X <= 0x00000000]
[11:50:14.623]      __var isProduction = 0;
[11:50:14.623]        // -> [isProduction <= 0x00000000]
[11:50:14.623]      __var continueId = 0;
[11:50:14.623]        // -> [continueId <= 0x00000000]
[11:50:14.623]      deviceID =   Read32(0x41C40004);
[11:50:14.623]        // -> [Read32(0x41C40004) => 0x2BB8802F]   (__dp=0x00000000, __ap=0x00000000)
[11:50:14.623]        // -> [deviceID <= 0x2BB8802F]
[11:50:14.623]      version = deviceID >> 28;
[11:50:14.623]        // -> [version <= 0x00000002]
[11:50:14.623]      partNum = (deviceID & 0x0FFFF000) >> 12;
[11:50:14.623]        // -> [partNum <= 0x0000BB88]
[11:50:14.623]      manuf = (deviceID & 0x00000FFE) >> 1;
[11:50:14.623]        // -> [manuf <= 0x00000017]
[11:50:14.623]      isMSPM0G1X0X_G3X0X = (partNum == 0xBB88) && (manuf == 0x17);
[11:50:14.623]        // -> [isMSPM0G1X0X_G3X0X <= 0x00000001]
[11:50:14.623]      isProduction = (version > 0);
[11:50:14.623]        // -> [isProduction <= 0x00000001]
[11:50:14.623]    </block>
[11:50:14.623]    <control if="!isMSPM0G1X0X_G3X0X" while="" timeout="0" info="">
[11:50:14.623]      // if-block "!isMSPM0G1X0X_G3X0X"
[11:50:14.623]        // =>  FALSE
[11:50:14.623]      // skip if-block "!isMSPM0G1X0X_G3X0X"
[11:50:14.623]    </control>
[11:50:14.633]    <control if="continueId == 4" while="" timeout="0" info="">
[11:50:14.633]      // if-block "continueId == 4"
[11:50:14.633]        // =>  FALSE
[11:50:14.633]      // skip if-block "continueId == 4"
[11:50:14.633]    </control>
[11:50:14.633]    <control if="!isProduction" while="" timeout="0" info="">
[11:50:14.633]      // if-block "!isProduction"
[11:50:14.633]        // =>  FALSE
[11:50:14.633]      // skip if-block "!isProduction"
[11:50:14.633]    </control>
[11:50:14.633]  </sequence>
[11:50:14.633]  
[12:25:12.217]  **********  Sequence "DebugPortSetup"  (Context="Connect", Pname="", info="")
[12:25:12.217]  
[12:25:12.218]  <debugvars>
[12:25:12.218]    // Pre-defined
[12:25:12.218]    __protocol=0x00010002      (Protocol="SWD", SWJ-DP="True")
[12:25:12.218]    __connection=0x00000202    (Connection Type="Flash", Reset Type="System Reset")
[12:25:12.218]    __dp=0x00000000
[12:25:12.219]    __ap=0x00000000
[12:25:12.219]    __traceout=0x00000000      (Trace Disabled)
[12:25:12.219]    __errorcontrol=0x00000000  (Skip Errors="False")
[12:25:12.219]    __FlashAddr=0x00000000
[12:25:12.219]    __FlashLen=0x00000000
[12:25:12.219]    __FlashArg=0x00000000
[12:25:12.219]    __FlashOp=0x00000000
[12:25:12.219]    __Result=0x00000000
[12:25:12.219]  </debugvars>
[12:25:12.219]  
[12:25:12.219]  <sequence name="DebugPortSetup" Pname="" disable="false" info="">
[12:25:12.219]    <block atomic="false" info="">
[12:25:12.219]      __var isSWJ      = ((__protocol & 0x00010000) != 0);
[12:25:12.219]        // -> [isSWJ <= 0x00000001]
[12:25:12.219]      __var hasDormant = __protocol & 0x00020000;
[12:25:12.219]        // -> [hasDormant <= 0x00000000]
[12:25:12.219]      __var protType   = __protocol & 0x0000FFFF;
[12:25:12.219]        // -> [protType <= 0x00000002]
[12:25:12.219]    </block>
[12:25:12.219]    <control if="protType == 1" while="" timeout="0" info="">
[12:25:12.219]      // if-block "protType == 1"
[12:25:12.219]        // =>  FALSE
[12:25:12.219]      // skip if-block "protType == 1"
[12:25:12.219]    </control>
[12:25:12.219]    <control if="protType == 2" while="" timeout="0" info="">
[12:25:12.219]      // if-block "protType == 2"
[12:25:12.219]        // =>  TRUE
[12:25:12.220]      <control if="isSWJ" while="" timeout="0" info="">
[12:25:12.220]        // if-block "isSWJ"
[12:25:12.220]          // =>  TRUE
[12:25:12.220]        <control if="hasDormant" while="" timeout="0" info="">
[12:25:12.220]          // if-block "hasDormant"
[12:25:12.220]            // =>  FALSE
[12:25:12.220]          // skip if-block "hasDormant"
[12:25:12.220]        </control>
[12:25:12.220]        <control if="!hasDormant" while="" timeout="0" info="">
[12:25:12.220]          // if-block "!hasDormant"
[12:25:12.220]            // =>  TRUE
[12:25:12.220]          <block atomic="false" info="">
[12:25:12.220]            DAP_SWJ_Sequence(51, 0x0007FFFFFFFFFFFF); //lets put the JTAG line in a reset state
[12:25:12.222]              // -> [DAP_SWJ_Sequence(51, 0x0007FFFFFFFFFFFF)]
[12:25:12.222]            DAP_SWJ_Sequence(16,0xE73C); //SWD to JTAG, this is to ensure the state machine is initialized
[12:25:12.223]              // -> [DAP_SWJ_Sequence(16, 0x000000000000E73C)]
[12:25:12.223]            DAP_SWJ_Sequence(51, 0x0007FFFFFFFFFFFF); //Put it back in reset
[12:25:12.224]              // -> [DAP_SWJ_Sequence(51, 0x0007FFFFFFFFFFFF)]
[12:25:12.224]            DAP_SWJ_Sequence(16, 0xE79E); //JTAG to SWD switch
[12:25:12.225]              // -> [DAP_SWJ_Sequence(16, 0x000000000000E79E)]
[12:25:12.225]            DAP_SWJ_Sequence(51, 0x0007FFFFFFFFFFFF);  //Ensure the switch is successful 
[12:25:12.226]              // -> [DAP_SWJ_Sequence(51, 0x0007FFFFFFFFFFFF)]
[12:25:12.226]            DAP_SWJ_Sequence(7,  0x00); //Give the line some time to initialize
[12:25:12.227]              // -> [DAP_SWJ_Sequence(7, 0x0000000000000000)]
[12:25:12.227]          </block>
[12:25:12.227]          // end if-block "!hasDormant"
[12:25:12.227]        </control>
[12:25:12.227]        // end if-block "isSWJ"
[12:25:12.227]      </control>
[12:25:12.227]      <control if="!isSWJ" while="" timeout="0" info="">
[12:25:12.227]        // if-block "!isSWJ"
[12:25:12.227]          // =>  FALSE
[12:25:12.227]        // skip if-block "!isSWJ"
[12:25:12.227]      </control>
[12:25:12.227]      <block atomic="false" info="">
[12:25:12.227]        ReadDP(0x0);
[12:25:12.227]          // -> [ReadDP(0x00000000) => 0x6BA02477]   (__dp=0x00000000)
[12:25:12.227]      </block>
[12:25:12.227]      // end if-block "protType == 2"
[12:25:12.227]    </control>
[12:25:12.227]  </sequence>
[12:25:12.227]  
[12:25:12.227]  **********  Sequence "DebugPortStart"  (Context="Connect", Pname="", info="")
[12:25:12.227]  
[12:25:12.227]  <debugvars>
[12:25:12.227]    // Pre-defined
[12:25:12.227]    __protocol=0x00010002      (Protocol="SWD", SWJ-DP="True")
[12:25:12.227]    __connection=0x00000202    (Connection Type="Flash", Reset Type="System Reset")
[12:25:12.227]    __dp=0x00000000
[12:25:12.227]    __ap=0x00000000
[12:25:12.227]    __traceout=0x00000000      (Trace Disabled)
[12:25:12.227]    __errorcontrol=0x00000000  (Skip Errors="False")
[12:25:12.227]    __FlashAddr=0x00000000
[12:25:12.227]    __FlashLen=0x00000000
[12:25:12.227]    __FlashArg=0x00000000
[12:25:12.227]    __FlashOp=0x00000000
[12:25:12.227]    __Result=0x00000000
[12:25:12.227]  </debugvars>
[12:25:12.227]  
[12:25:12.227]  <sequence name="DebugPortStart" Pname="" disable="false" info="">
[12:25:12.227]    <block atomic="false" info="">
[12:25:12.227]      __var SW_DP_ABORT       = 0x0;
[12:25:12.227]        // -> [SW_DP_ABORT <= 0x00000000]
[12:25:12.227]      __var DP_CTRL_STAT      = 0x4;
[12:25:12.227]        // -> [DP_CTRL_STAT <= 0x00000004]
[12:25:12.227]      __var DP_SELECT         = 0x8;
[12:25:12.227]        // -> [DP_SELECT <= 0x00000008]
[12:25:12.227]      __var powered_down      = 0;
[12:25:12.227]        // -> [powered_down <= 0x00000000]
[12:25:12.227]      WriteDP(DP_SELECT, 0x00000000);
[12:25:12.227]        // -> [WriteDP(0x00000008, 0x00000000)]   (__dp=0x00000000)
[12:25:12.227]      powered_down = ((ReadDP(DP_CTRL_STAT) & 0xA0000000) != 0xA0000000);
[12:25:12.227]        // -> [ReadDP(0x00000004) => 0x00000040]   (__dp=0x00000000)
[12:25:12.236]        // -> [powered_down <= 0x00000001]
[12:25:12.236]    </block>
[12:25:12.236]    <control if="powered_down" while="" timeout="0" info="">
[12:25:12.236]      // if-block "powered_down"
[12:25:12.236]        // =>  TRUE
[12:25:12.236]      <block atomic="false" info="">
[12:25:12.236]        Message(0, "Debug/System power-up request sent");
[12:25:12.236]        WriteDP(DP_CTRL_STAT, 0x50000000);
[12:25:12.239]          // -> [WriteDP(0x00000004, 0x50000000)]   (__dp=0x00000000)
[12:25:12.239]      </block>
[12:25:12.239]      <control if="" while="(ReadDP(DP_CTRL_STAT) & 0xA0000000) != 0xA0000000" timeout="1000000" info="">
[12:25:12.239]        // while "(ReadDP(DP_CTRL_STAT) & 0xA0000000) != 0xA0000000"  (timeout="1000000")
[12:25:12.241]          // -> [ReadDP(0x00000004) => 0xF0000040]   (__dp=0x00000000)
[12:25:12.241]        // while-condition  =>  FALSE
[12:25:12.241]        // end while "(ReadDP(DP_CTRL_STAT) & 0xA0000000) != 0xA0000000"
[12:25:12.241]      </control>
[12:25:12.241]      <control if="(__protocol & 0xFFFF) == 1" while="" timeout="0" info="">
[12:25:12.241]        // if-block "(__protocol & 0xFFFF) == 1"
[12:25:12.241]          // =>  FALSE
[12:25:12.241]        // skip if-block "(__protocol & 0xFFFF) == 1"
[12:25:12.241]      </control>
[12:25:12.241]      <control if="(__protocol & 0xFFFF) == 2" while="" timeout="0" info="">
[12:25:12.241]        // if-block "(__protocol & 0xFFFF) == 2"
[12:25:12.241]          // =>  TRUE
[12:25:12.241]        <block atomic="false" info="">
[12:25:12.241]          Message(0, "executing SWD power up");
[12:25:12.241]          WriteDP(DP_CTRL_STAT, 0x50000F00);
[12:25:12.243]            // -> [WriteDP(0x00000004, 0x50000F00)]   (__dp=0x00000000)
[12:25:12.243]          WriteDP(SW_DP_ABORT, 0x0000001E);
[12:25:12.243]            // -> [WriteDP(0x00000000, 0x0000001E)]   (__dp=0x00000000)
[12:25:12.244]        </block>
[12:25:12.244]        // end if-block "(__protocol & 0xFFFF) == 2"
[12:25:12.244]      </control>
[12:25:12.245]      // end if-block "powered_down"
[12:25:12.245]    </control>
[12:25:12.245]    <block atomic="false" info="">
[12:25:12.245]      __var DEBUG_PORT_VAL    = 0;
[12:25:12.245]        // -> [DEBUG_PORT_VAL <= 0x00000000]
[12:25:12.245]      __var ACCESS_POINT_VAL  = 0;
[12:25:12.246]        // -> [ACCESS_POINT_VAL <= 0x00000000]
[12:25:12.246]      __ap = 1; 
[12:25:12.246]        // -> [__ap <= 0x00000001]
[12:25:12.246]      WriteAP(0x0C, 0x04); //lets use the mini pwr-ap as backup
[12:25:12.249]        // -> [WriteAP(0x0000000C, 0x00000004)]   (__dp=0x00000000, __ap=0x00000001)
[12:25:12.249]      __ap = 4;
[12:25:12.249]        // -> [__ap <= 0x00000004]
[12:25:12.249]      ACCESS_POINT_VAL = ReadAP(0x00);//Reading current state of access point
[12:25:12.251]        // -> [ReadAP(0x00000000) => 0x00080027]   (__dp=0x00000000, __ap=0x00000004)
[12:25:12.251]        // -> [ACCESS_POINT_VAL <= 0x00080027]
[12:25:12.251]      Message(0, "Current state of access point is: %x",ACCESS_POINT_VAL);
[12:25:12.252]    </block>
[12:25:12.252]    <block atomic="false" info="">
[12:25:12.252]      __var nReset = 0x80;
[12:25:12.252]        // -> [nReset <= 0x00000080]
[12:25:12.252]      __var canReadPins = 0;
[12:25:12.252]        // -> [canReadPins <= 0x00000000]
[12:25:12.252]      canReadPins = (DAP_SWJ_Pins(0x00, nReset, 0) != 0xFFFFFFFF);
[12:25:12.254]        // -> [DAP_SWJ_Pins(0x00, 0x80, 0) => 0x0F]   (Out: nRESET=0  =>  In: SWCLK/TCK=1, SWDIO/TMS=1, TDI=1, TDO=1, nTRST=0, nRESET=0)
[12:25:12.254]        // -> [canReadPins <= 0x00000001]
[12:25:12.254]    </block>
[12:25:12.254]    <control if="" while="1" timeout="200" info="">
[12:25:12.254]      // while "1"  (timeout="200")
[12:25:12.254]      // while-condition  =>  TRUE
[12:25:12.254]      // while "1"  (timeout="200")
[12:25:12.254]      // while-condition  =>  TRUE
[12:25:12.254]      // while "1"  (timeout="200")
[12:25:12.254]      // while-condition  =>  TRUE
[12:25:12.255]      // while "1"  (timeout="200")
[12:25:12.255]      // while-condition  =>  TRUE
[12:25:12.255]      // while "1"  (timeout="200")
[12:25:12.255]      // while-condition  =>  TRUE
[12:25:12.255]      // while "1"  (timeout="200")
[12:25:12.255]      // while-condition  =>  TRUE
[12:25:12.255]      // while "1"  (timeout="200")
[12:25:12.255]      // while-condition  =>  TRUE
[12:25:12.255]      // while "1"  (timeout="200")
[12:25:12.255]      // while-condition  =>  TRUE
[12:25:12.255]      // while "1"  (timeout="200")
[12:25:12.255]      // while-condition  =>  TRUE
[12:25:12.255]      // while "1"  (timeout="200")
[12:25:12.255]      // while-condition  =>  TRUE
[12:25:12.255]      // while "1"  (timeout="200")
[12:25:12.255]      // while-condition  =>  TRUE
[12:25:12.255]      // while "1"  (timeout="200")
[12:25:12.255]      // while-condition  =>  TRUE
[12:25:12.256]      // while "1"  (timeout="200")
[12:25:12.256]      // while-condition  =>  TRUE
[12:25:12.256]      // while "1"  (timeout="200")
[12:25:12.256]      // while-condition  =>  TRUE
[12:25:12.256]      // while "1"  (timeout="200")
[12:25:12.256]      // while-condition  =>  TRUE
[12:25:12.256]      // while "1"  (timeout="200")
[12:25:12.256]      // while-condition  =>  TRUE
[12:25:12.256]      // while "1"  (timeout="200")
[12:25:12.256]      // while-condition  =>  TRUE
[12:25:12.256]      // while "1"  (timeout="200")
[12:25:12.256]      // while-condition  =>  TRUE
[12:25:12.256]      // while "1"  (timeout="200")
[12:25:12.256]      // while-condition  =>  TRUE
[12:25:12.256]      // while "1"  (timeout="200")
[12:25:12.257]      // while-condition  =>  TRUE
[12:25:12.257]      // while "1"  (timeout="200")
[12:25:12.257]      // while-condition  =>  TRUE
[12:25:12.257]      // while "1"  (timeout="200")
[12:25:12.257]      // while-condition  =>  TRUE
[12:25:12.257]      // while "1"  (timeout="200")
[12:25:12.257]      // while-condition  =>  TRUE
[12:25:12.257]      // while "1"  (timeout="200")
[12:25:12.257]      // while-condition  =>  TRUE
[12:25:12.257]      // while "1"  (timeout="200")
[12:25:12.257]      // while-condition  =>  TRUE
[12:25:12.257]      // while "1"  (timeout="200")
[12:25:12.257]      // while-condition  =>  TRUE
[12:25:12.257]      // while "1"  (timeout="200")
[12:25:12.257]      // while-condition  =>  TRUE
[12:25:12.257]      // while "1"  (timeout="200")
[12:25:12.257]      // while-condition  =>  TRUE
[12:25:12.257]      // while "1"  (timeout="200")
[12:25:12.258]      // while-condition  =>  TRUE
[12:25:12.258]      // while "1"  (timeout="200")
[12:25:12.258]      // while-condition  =>  TRUE
[12:25:12.258]      // while "1"  (timeout="200")
[12:25:12.258]      // while-condition  =>  TRUE
[12:25:12.258]      // while "1"  (timeout="200")
[12:25:12.258]      // while-condition  =>  TRUE
[12:25:12.258]      // while "1"  (timeout="200")
[12:25:12.258]      // while-condition  =>  TRUE
[12:25:12.258]      // while "1"  (timeout="200")
[12:25:12.258]      // while-condition  =>  TRUE
[12:25:12.258]      // while "1"  (timeout="200")
[12:25:12.258]      // while-condition  =>  TRUE
[12:25:12.258]      // while "1"  (timeout="200")
[12:25:12.258]      // while-condition  =>  TRUE
[12:25:12.258]      // while "1"  (timeout="200")
[12:25:12.258]      // while-condition  =>  TRUE
[12:25:12.259]      // while "1"  (timeout="200")
[12:25:12.259]      // while-condition  =>  TRUE
[12:25:12.259]      // while "1"  (timeout="200")
[12:25:12.259]      // while-condition  =>  TRUE
[12:25:12.259]      // while "1"  (timeout="200")
[12:25:12.259]      // while-condition  =>  TRUE
[12:25:12.259]      // while "1"  (timeout="200")
[12:25:12.259]      // while-condition  =>  TRUE
[12:25:12.259]      // while "1"  (timeout="200")
[12:25:12.259]      // while-condition  =>  TRUE
[12:25:12.259]      // while "1"  (timeout="200")
[12:25:12.259]      // while-condition  =>  TRUE
[12:25:12.259]      // while "1"  (timeout="200")
[12:25:12.259]      // while-condition  =>  TRUE
[12:25:12.259]      // while "1"  (timeout="200")
[12:25:12.259]      // while-condition  =>  TRUE
[12:25:12.259]      // while "1"  (timeout="200")
[12:25:12.260]      // while-condition  =>  TRUE
[12:25:12.260]      // while "1"  (timeout="200")
[12:25:12.260]      // while-condition  =>  TRUE
[12:25:12.260]      // while "1"  (timeout="200")
[12:25:12.260]      // while-condition  =>  TRUE
[12:25:12.260]      // while "1"  (timeout="200")
[12:25:12.260]      // while-condition  =>  TRUE
[12:25:12.260]      // while "1"  (timeout="200")
[12:25:12.260]      // while-condition  =>  TRUE
[12:25:12.260]      // while "1"  (timeout="200")
[12:25:12.260]      // while-condition  =>  TRUE
[12:25:12.260]      // while "1"  (timeout="200")
[12:25:12.260]      // while-condition  =>  TRUE
[12:25:12.260]      // while "1"  (timeout="200")
[12:25:12.260]      // while-condition  =>  TRUE
[12:25:12.260]      // while "1"  (timeout="200")
[12:25:12.260]      // while-condition  =>  TRUE
[12:25:12.261]      // while "1"  (timeout="200")
[12:25:12.261]      // while-condition  =>  TRUE
[12:25:12.261]      // while "1"  (timeout="200")
[12:25:12.261]      // while-condition  =>  TRUE
[12:25:12.261]      // while "1"  (timeout="200")
[12:25:12.261]      // while-condition  =>  TRUE
[12:25:12.261]      // while "1"  (timeout="200")
[12:25:12.261]      // while-condition  =>  TRUE
[12:25:12.261]      // while "1"  (timeout="200")
[12:25:12.261]      // while-condition  =>  TRUE
[12:25:12.261]      // while "1"  (timeout="200")
[12:25:12.261]      // while-condition  =>  TRUE
[12:25:12.261]      // while "1"  (timeout="200")
[12:25:12.261]      // while-condition  =>  TRUE
[12:25:12.261]      // while "1"  (timeout="200")
[12:25:12.261]      // while-condition  =>  TRUE
[12:25:12.261]      // while "1"  (timeout="200")
[12:25:12.261]      // while-condition  =>  TRUE
[12:25:12.261]      // while "1"  (timeout="200")
[12:25:12.261]      // while-condition  =>  TRUE
[12:25:12.261]      // while "1"  (timeout="200")
[12:25:12.261]      // while-condition  =>  TRUE
[12:25:12.261]      // while "1"  (timeout="200")
[12:25:12.261]      // while-condition  =>  TRUE
[12:25:12.261]      // while "1"  (timeout="200")
[12:25:12.261]      // while-condition  =>  TRUE
[12:25:12.261]      // while "1"  (timeout="200")
[12:25:12.261]      // while-condition  =>  TRUE
[12:25:12.261]      // while "1"  (timeout="200")
[12:25:12.261]      // while-condition  =>  TRUE
[12:25:12.261]      // while "1"  (timeout="200")
[12:25:12.261]      // while-condition  =>  TRUE
[12:25:12.261]      // while "1"  (timeout="200")
[12:25:12.261]      // while-condition  =>  TRUE
[12:25:12.261]      // while "1"  (timeout="200")
[12:25:12.261]      // while-condition  =>  TRUE
[12:25:12.261]      // while "1"  (timeout="200")
[12:25:12.261]      // while-condition  =>  TRUE
[12:25:12.261]      // while "1"  (timeout="200")
[12:25:12.261]      // while-condition  =>  TRUE
[12:25:12.261]      // while "1"  (timeout="200")
[12:25:12.261]      // while-condition  =>  TRUE
[12:25:12.261]      // while "1"  (timeout="200")
[12:25:12.261]      // while-condition  =>  TRUE
[12:25:12.261]      // while "1"  (timeout="200")
[12:25:12.261]      // while-condition  =>  TRUE
[12:25:12.261]      // while "1"  (timeout="200")
[12:25:12.261]      // while-condition  =>  TRUE
[12:25:12.261]      // while "1"  (timeout="200")
[12:25:12.261]      // while-condition  =>  TRUE
[12:25:12.261]      // while "1"  (timeout="200")
[12:25:12.261]      // while-condition  =>  TRUE
[12:25:12.261]      // while "1"  (timeout="200")
[12:25:12.261]      // while-condition  =>  TRUE
[12:25:12.261]      // while "1"  (timeout="200")
[12:25:12.261]      // while-condition  =>  TRUE
[12:25:12.261]      // while "1"  (timeout="200")
[12:25:12.261]      // while-condition  =>  TRUE
[12:25:12.261]      // while "1"  (timeout="200")
[12:25:12.261]      // while-condition  =>  TRUE
[12:25:12.261]      // while "1"  (timeout="200")
[12:25:12.261]      // while-condition  =>  TRUE
[12:25:12.261]      // while "1"  (timeout="200")
[12:25:12.261]      // while-condition  =>  TRUE
[12:25:12.261]      // while "1"  (timeout="200")
[12:25:12.261]      // while-condition  =>  TRUE
[12:25:12.261]      // while "1"  (timeout="200")
[12:25:12.261]      // while-condition  =>  TRUE
[12:25:12.261]      // while "1"  (timeout="200")
[12:25:12.261]      // while-condition  =>  TRUE
[12:25:12.261]      // while "1"  (timeout="200")
[12:25:12.261]      // while-condition  =>  TRUE
[12:25:12.261]      // while "1"  (timeout="200")
[12:25:12.261]      // while-condition  =>  TRUE
[12:25:12.261]      // while "1"  (timeout="200")
[12:25:12.261]      // while-condition  =>  TRUE
[12:25:12.261]      // while "1"  (timeout="200")
[12:25:12.261]      // while-condition  =>  TRUE
[12:25:12.261]      // while "1"  (timeout="200")
[12:25:12.261]      // while-condition  =>  TRUE
[12:25:12.261]      // while "1"  (timeout="200")
[12:25:12.261]      // while-condition  =>  TRUE
[12:25:12.261]      // while "1"  (timeout="200")
[12:25:12.261]      // while-condition  =>  TRUE
[12:25:12.261]      // while "1"  (timeout="200")
[12:25:12.261]      // while-condition  =>  TRUE
[12:25:12.261]      // while "1"  (timeout="200")
[12:25:12.261]      // while-condition  =>  TRUE
[12:25:12.261]      // while "1"  (timeout="200")
[12:25:12.261]      // while-condition  =>  TRUE
[12:25:12.261]      // while "1"  (timeout="200")
[12:25:12.261]      // while-condition  =>  TRUE
[12:25:12.261]      // while "1"  (timeout="200")
[12:25:12.261]      // while-condition  =>  TRUE
[12:25:12.261]      // while "1"  (timeout="200")
[12:25:12.261]      // while-condition  =>  TRUE
[12:25:12.261]      // while "1"  (timeout="200")
[12:25:12.261]      // while-condition  =>  TRUE
[12:25:12.261]      // while "1"  (timeout="200")
[12:25:12.261]      // while-condition  =>  TRUE
[12:25:12.261]      // while "1"  (timeout="200")
[12:25:12.261]      // while-condition  =>  TRUE
[12:25:12.261]      // while "1"  (timeout="200")
[12:25:12.261]      // while-condition  =>  TRUE
[12:25:12.261]      // while "1"  (timeout="200")
[12:25:12.261]      // while-condition  =>  TRUE
[12:25:12.261]      // while "1"  (timeout="200")
[12:25:12.261]      // while-condition  =>  TRUE
[12:25:12.261]      // while "1"  (timeout="200")
[12:25:12.261]      // while-condition  =>  TRUE
[12:25:12.261]      // while "1"  (timeout="200")
[12:25:12.261]      // while-condition  =>  TRUE
[12:25:12.261]      // while "1"  (timeout="200")
[12:25:12.261]      // while-condition  =>  TRUE
[12:25:12.261]      // while "1"  (timeout="200")
[12:25:12.261]      // while-condition  =>  TRUE
[12:25:12.261]      // while "1"  (timeout="200")
[12:25:12.261]      // while-condition  =>  TRUE
[12:25:12.261]      // while "1"  (timeout="200")
[12:25:12.261]      // while-condition  =>  TRUE
[12:25:12.261]      // while "1"  (timeout="200")
[12:25:12.261]      // while-condition  =>  TRUE
[12:25:12.261]      // while "1"  (timeout="200")
[12:25:12.261]      // while-condition  =>  TRUE
[12:25:12.261]      // while "1"  (timeout="200")
[12:25:12.261]      // while-condition  =>  TRUE
[12:25:12.261]      // while "1"  (timeout="200")
[12:25:12.261]      // while-condition  =>  TRUE
[12:25:12.261]      // while "1"  (timeout="200")
[12:25:12.261]      // while-condition  =>  TRUE
[12:25:12.261]      // while "1"  (timeout="200")
[12:25:12.261]      // while-condition  =>  TRUE
[12:25:12.261]      // while "1"  (timeout="200")
[12:25:12.261]      // while-condition  =>  TRUE
[12:25:12.261]      // while "1"  (timeout="200")
[12:25:12.261]      // while-condition  =>  TRUE
[12:25:12.261]      // while "1"  (timeout="200")
[12:25:12.261]      // while-condition  =>  TRUE
[12:25:12.261]      // while "1"  (timeout="200")
[12:25:12.261]      // while-condition  =>  TRUE
[12:25:12.261]      // while "1"  (timeout="200")
[12:25:12.261]      // while-condition  =>  TRUE
[12:25:12.261]      // while "1"  (timeout="200")
[12:25:12.271]      // while-condition  =>  TRUE
[12:25:12.271]      // while "1"  (timeout="200")
[12:25:12.271]      // while  =>  TIMEOUT
[12:25:12.271]      // end while "1"
[12:25:12.271]    </control>
[12:25:12.271]    <control if="canReadPins" while="" timeout="0" info="">
[12:25:12.271]      // if-block "canReadPins"
[12:25:12.271]        // =>  TRUE
[12:25:12.271]      <control if="" while="(DAP_SWJ_Pins(nReset, nReset, 0) & nReset) == 0" timeout="1000000" info="">
[12:25:12.271]        // while "(DAP_SWJ_Pins(nReset, nReset, 0) & nReset) == 0"  (timeout="1000000")
[12:25:12.271]          // -> [DAP_SWJ_Pins(0x80, 0x80, 0) => 0x8F]   (Out: nRESET=1  =>  In: SWCLK/TCK=1, SWDIO/TMS=1, TDI=1, TDO=1, nTRST=0, nRESET=1)
[12:25:12.271]        // while-condition  =>  FALSE
[12:25:12.271]        // end while "(DAP_SWJ_Pins(nReset, nReset, 0) & nReset) == 0"
[12:25:12.271]      </control>
[12:25:12.271]      // end if-block "canReadPins"
[12:25:12.271]    </control>
[12:25:12.271]    <control if="!canReadPins" while="" timeout="0" info="">
[12:25:12.271]      // if-block "!canReadPins"
[12:25:12.271]        // =>  FALSE
[12:25:12.271]      // skip if-block "!canReadPins"
[12:25:12.271]    </control>
[12:25:12.271]    <control if="(ACCESS_POINT_VAL & 0x00E00000) == 0" while="" timeout="0" info="">
[12:25:12.271]      // if-block "(ACCESS_POINT_VAL & 0x00E00000) == 0"
[12:25:12.271]        // =>  TRUE
[12:25:12.271]      <block atomic="false" info="">
[12:25:12.271]        WriteAP(0x00, 0x190008);
[12:25:12.271]          // -> [WriteAP(0x00000000, 0x00190008)]   (__dp=0x00000000, __ap=0x00000004)
[12:25:12.271]        WriteAP(0xF0, 0x01);
[12:25:12.271]          // -> [WriteAP(0x000000F0, 0x00000001)]   (__dp=0x00000000, __ap=0x00000004)
[12:25:12.271]      </block>
[12:25:12.271]      // end if-block "(ACCESS_POINT_VAL & 0x00E00000) == 0"
[12:25:12.271]    </control>
[12:25:12.271]    <control if="(ACCESS_POINT_VAL & 0x00E00000) != 0" while="" timeout="0" info="">
[12:25:12.271]      // if-block "(ACCESS_POINT_VAL & 0x00E00000) != 0"
[12:25:12.271]        // =>  FALSE
[12:25:12.271]      // skip if-block "(ACCESS_POINT_VAL & 0x00E00000) != 0"
[12:25:12.271]    </control>
[12:25:12.271]    <block atomic="false" info="">
[12:25:12.271]      ACCESS_POINT_VAL = ReadAP(0x00);//Reading current state of access point
[12:25:12.278]        // -> [ReadAP(0x00000000) => 0x0079002F]   (__dp=0x00000000, __ap=0x00000004)
[12:25:12.278]        // -> [ACCESS_POINT_VAL <= 0x0079002F]
[12:25:12.278]      Message(0, "Current state of access point is: %x",ACCESS_POINT_VAL);
[12:25:12.278]      __ap = 0; //lets make sure we reset the access point selection
[12:25:12.279]        // -> [__ap <= 0x00000000]
[12:25:12.279]    </block>
[12:25:12.279]  </sequence>
[12:25:12.279]  
[12:25:12.286]  **********  Sequence "DebugDeviceUnlock"  (Context="Connect", Pname="", info="")
[12:25:12.286]  
[12:25:12.286]  <debugvars>
[12:25:12.286]    // Pre-defined
[12:25:12.286]    __protocol=0x00010002      (Protocol="SWD", SWJ-DP="True")
[12:25:12.286]    __connection=0x00000202    (Connection Type="Flash", Reset Type="System Reset")
[12:25:12.286]    __dp=0x00000000
[12:25:12.286]    __ap=0x00000000
[12:25:12.286]    __traceout=0x00000000      (Trace Disabled)
[12:25:12.287]    __errorcontrol=0x00000000  (Skip Errors="False")
[12:25:12.287]    __FlashAddr=0x00000000
[12:25:12.287]    __FlashLen=0x00000000
[12:25:12.287]    __FlashArg=0x00000000
[12:25:12.287]    __FlashOp=0x00000000
[12:25:12.287]    __Result=0x00000000
[12:25:12.287]  </debugvars>
[12:25:12.287]  
[12:25:12.287]  <sequence name="DebugDeviceUnlock" Pname="" disable="false" info="">
[12:25:12.287]    <block atomic="false" info="">
[12:25:12.287]      __var deviceID = 0;
[12:25:12.287]        // -> [deviceID <= 0x00000000]
[12:25:12.288]      __var version = 0;
[12:25:12.288]        // -> [version <= 0x00000000]
[12:25:12.288]      __var partNum = 0;
[12:25:12.288]        // -> [partNum <= 0x00000000]
[12:25:12.288]      __var manuf = 0;
[12:25:12.289]        // -> [manuf <= 0x00000000]
[12:25:12.289]      __var isMSPM0G1X0X_G3X0X = 0;
[12:25:12.289]        // -> [isMSPM0G1X0X_G3X0X <= 0x00000000]
[12:25:12.289]      __var isProduction = 0;
[12:25:12.289]        // -> [isProduction <= 0x00000000]
[12:25:12.289]      __var continueId = 0;
[12:25:12.289]        // -> [continueId <= 0x00000000]
[12:25:12.289]      deviceID =   Read32(0x41C40004);
[12:25:12.289]        // -> [Read32(0x41C40004) => 0x2BB8802F]   (__dp=0x00000000, __ap=0x00000000)
[12:25:12.289]        // -> [deviceID <= 0x2BB8802F]
[12:25:12.289]      version = deviceID >> 28;
[12:25:12.289]        // -> [version <= 0x00000002]
[12:25:12.289]      partNum = (deviceID & 0x0FFFF000) >> 12;
[12:25:12.289]        // -> [partNum <= 0x0000BB88]
[12:25:12.289]      manuf = (deviceID & 0x00000FFE) >> 1;
[12:25:12.289]        // -> [manuf <= 0x00000017]
[12:25:12.289]      isMSPM0G1X0X_G3X0X = (partNum == 0xBB88) && (manuf == 0x17);
[12:25:12.289]        // -> [isMSPM0G1X0X_G3X0X <= 0x00000001]
[12:25:12.289]      isProduction = (version > 0);
[12:25:12.289]        // -> [isProduction <= 0x00000001]
[12:25:12.289]    </block>
[12:25:12.289]    <control if="!isMSPM0G1X0X_G3X0X" while="" timeout="0" info="">
[12:25:12.289]      // if-block "!isMSPM0G1X0X_G3X0X"
[12:25:12.289]        // =>  FALSE
[12:25:12.289]      // skip if-block "!isMSPM0G1X0X_G3X0X"
[12:25:12.289]    </control>
[12:25:12.289]    <control if="continueId == 4" while="" timeout="0" info="">
[12:25:12.289]      // if-block "continueId == 4"
[12:25:12.289]        // =>  FALSE
[12:25:12.289]      // skip if-block "continueId == 4"
[12:25:12.289]    </control>
[12:25:12.289]    <control if="!isProduction" while="" timeout="0" info="">
[12:25:12.289]      // if-block "!isProduction"
[12:25:12.289]        // =>  FALSE
[12:25:12.289]      // skip if-block "!isProduction"
[12:25:12.289]    </control>
[12:25:12.289]  </sequence>
[12:25:12.289]  
[12:26:17.625]  **********  Sequence "DebugPortSetup"  (Context="Connect", Pname="", info="")
[12:26:17.625]  
[12:26:17.625]  <debugvars>
[12:26:17.625]    // Pre-defined
[12:26:17.625]    __protocol=0x00010002      (Protocol="SWD", SWJ-DP="True")
[12:26:17.625]    __connection=0x00000202    (Connection Type="Flash", Reset Type="System Reset")
[12:26:17.625]    __dp=0x00000000
[12:26:17.625]    __ap=0x00000000
[12:26:17.625]    __traceout=0x00000000      (Trace Disabled)
[12:26:17.625]    __errorcontrol=0x00000000  (Skip Errors="False")
[12:26:17.625]    __FlashAddr=0x00000000
[12:26:17.625]    __FlashLen=0x00000000
[12:26:17.625]    __FlashArg=0x00000000
[12:26:17.625]    __FlashOp=0x00000000
[12:26:17.625]    __Result=0x00000000
[12:26:17.625]  </debugvars>
[12:26:17.625]  
[12:26:17.625]  <sequence name="DebugPortSetup" Pname="" disable="false" info="">
[12:26:17.625]    <block atomic="false" info="">
[12:26:17.625]      __var isSWJ      = ((__protocol & 0x00010000) != 0);
[12:26:17.625]        // -> [isSWJ <= 0x00000001]
[12:26:17.625]      __var hasDormant = __protocol & 0x00020000;
[12:26:17.625]        // -> [hasDormant <= 0x00000000]
[12:26:17.625]      __var protType   = __protocol & 0x0000FFFF;
[12:26:17.625]        // -> [protType <= 0x00000002]
[12:26:17.625]    </block>
[12:26:17.625]    <control if="protType == 1" while="" timeout="0" info="">
[12:26:17.625]      // if-block "protType == 1"
[12:26:17.625]        // =>  FALSE
[12:26:17.625]      // skip if-block "protType == 1"
[12:26:17.625]    </control>
[12:26:17.625]    <control if="protType == 2" while="" timeout="0" info="">
[12:26:17.625]      // if-block "protType == 2"
[12:26:17.625]        // =>  TRUE
[12:26:17.625]      <control if="isSWJ" while="" timeout="0" info="">
[12:26:17.625]        // if-block "isSWJ"
[12:26:17.625]          // =>  TRUE
[12:26:17.625]        <control if="hasDormant" while="" timeout="0" info="">
[12:26:17.625]          // if-block "hasDormant"
[12:26:17.625]            // =>  FALSE
[12:26:17.625]          // skip if-block "hasDormant"
[12:26:17.625]        </control>
[12:26:17.625]        <control if="!hasDormant" while="" timeout="0" info="">
[12:26:17.625]          // if-block "!hasDormant"
[12:26:17.625]            // =>  TRUE
[12:26:17.625]          <block atomic="false" info="">
[12:26:17.625]            DAP_SWJ_Sequence(51, 0x0007FFFFFFFFFFFF); //lets put the JTAG line in a reset state
[12:26:17.632]              // -> [DAP_SWJ_Sequence(51, 0x0007FFFFFFFFFFFF)]
[12:26:17.632]            DAP_SWJ_Sequence(16,0xE73C); //SWD to JTAG, this is to ensure the state machine is initialized
[12:26:17.633]              // -> [DAP_SWJ_Sequence(16, 0x000000000000E73C)]
[12:26:17.633]            DAP_SWJ_Sequence(51, 0x0007FFFFFFFFFFFF); //Put it back in reset
[12:26:17.633]              // -> [DAP_SWJ_Sequence(51, 0x0007FFFFFFFFFFFF)]
[12:26:17.633]            DAP_SWJ_Sequence(16, 0xE79E); //JTAG to SWD switch
[12:26:17.633]              // -> [DAP_SWJ_Sequence(16, 0x000000000000E79E)]
[12:26:17.633]            DAP_SWJ_Sequence(51, 0x0007FFFFFFFFFFFF);  //Ensure the switch is successful 
[12:26:17.633]              // -> [DAP_SWJ_Sequence(51, 0x0007FFFFFFFFFFFF)]
[12:26:17.633]            DAP_SWJ_Sequence(7,  0x00); //Give the line some time to initialize
[12:26:17.641]              // -> [DAP_SWJ_Sequence(7, 0x0000000000000000)]
[12:26:17.641]          </block>
[12:26:17.641]          // end if-block "!hasDormant"
[12:26:17.641]        </control>
[12:26:17.641]        // end if-block "isSWJ"
[12:26:17.641]      </control>
[12:26:17.641]      <control if="!isSWJ" while="" timeout="0" info="">
[12:26:17.641]        // if-block "!isSWJ"
[12:26:17.641]          // =>  FALSE
[12:26:17.641]        // skip if-block "!isSWJ"
[12:26:17.641]      </control>
[12:26:17.641]      <block atomic="false" info="">
[12:26:17.641]        ReadDP(0x0);
[12:26:17.649]          // -> [ReadDP(0x00000000) => 0x6BA02477]   (__dp=0x00000000)
[12:26:17.649]      </block>
[12:26:17.649]      // end if-block "protType == 2"
[12:26:17.649]    </control>
[12:26:17.649]  </sequence>
[12:26:17.649]  
[12:26:17.658]  **********  Sequence "DebugPortStart"  (Context="Connect", Pname="", info="")
[12:26:17.658]  
[12:26:17.658]  <debugvars>
[12:26:17.658]    // Pre-defined
[12:26:17.658]    __protocol=0x00010002      (Protocol="SWD", SWJ-DP="True")
[12:26:17.658]    __connection=0x00000202    (Connection Type="Flash", Reset Type="System Reset")
[12:26:17.658]    __dp=0x00000000
[12:26:17.658]    __ap=0x00000000
[12:26:17.658]    __traceout=0x00000000      (Trace Disabled)
[12:26:17.658]    __errorcontrol=0x00000000  (Skip Errors="False")
[12:26:17.658]    __FlashAddr=0x00000000
[12:26:17.658]    __FlashLen=0x00000000
[12:26:17.658]    __FlashArg=0x00000000
[12:26:17.658]    __FlashOp=0x00000000
[12:26:17.658]    __Result=0x00000000
[12:26:17.658]  </debugvars>
[12:26:17.658]  
[12:26:17.661]  <sequence name="DebugPortStart" Pname="" disable="false" info="">
[12:26:17.661]    <block atomic="false" info="">
[12:26:17.661]      __var SW_DP_ABORT       = 0x0;
[12:26:17.661]        // -> [SW_DP_ABORT <= 0x00000000]
[12:26:17.661]      __var DP_CTRL_STAT      = 0x4;
[12:26:17.661]        // -> [DP_CTRL_STAT <= 0x00000004]
[12:26:17.661]      __var DP_SELECT         = 0x8;
[12:26:17.661]        // -> [DP_SELECT <= 0x00000008]
[12:26:17.661]      __var powered_down      = 0;
[12:26:17.661]        // -> [powered_down <= 0x00000000]
[12:26:17.661]      WriteDP(DP_SELECT, 0x00000000);
[12:26:17.661]        // -> [WriteDP(0x00000008, 0x00000000)]   (__dp=0x00000000)
[12:26:17.661]      powered_down = ((ReadDP(DP_CTRL_STAT) & 0xA0000000) != 0xA0000000);
[12:26:17.666]        // -> [ReadDP(0x00000004) => 0x00000040]   (__dp=0x00000000)
[12:26:17.666]        // -> [powered_down <= 0x00000001]
[12:26:17.666]    </block>
[12:26:17.666]    <control if="powered_down" while="" timeout="0" info="">
[12:26:17.666]      // if-block "powered_down"
[12:26:17.666]        // =>  TRUE
[12:26:17.666]      <block atomic="false" info="">
[12:26:17.666]        Message(0, "Debug/System power-up request sent");
[12:26:17.666]        WriteDP(DP_CTRL_STAT, 0x50000000);
[12:26:17.672]          // -> [WriteDP(0x00000004, 0x50000000)]   (__dp=0x00000000)
[12:26:17.672]      </block>
[12:26:17.672]      <control if="" while="(ReadDP(DP_CTRL_STAT) & 0xA0000000) != 0xA0000000" timeout="1000000" info="">
[12:26:17.672]        // while "(ReadDP(DP_CTRL_STAT) & 0xA0000000) != 0xA0000000"  (timeout="1000000")
[12:26:17.674]          // -> [ReadDP(0x00000004) => 0xF0000040]   (__dp=0x00000000)
[12:26:17.674]        // while-condition  =>  FALSE
[12:26:17.674]        // end while "(ReadDP(DP_CTRL_STAT) & 0xA0000000) != 0xA0000000"
[12:26:17.674]      </control>
[12:26:17.674]      <control if="(__protocol & 0xFFFF) == 1" while="" timeout="0" info="">
[12:26:17.674]        // if-block "(__protocol & 0xFFFF) == 1"
[12:26:17.674]          // =>  FALSE
[12:26:17.674]        // skip if-block "(__protocol & 0xFFFF) == 1"
[12:26:17.674]      </control>
[12:26:17.674]      <control if="(__protocol & 0xFFFF) == 2" while="" timeout="0" info="">
[12:26:17.674]        // if-block "(__protocol & 0xFFFF) == 2"
[12:26:17.674]          // =>  TRUE
[12:26:17.674]        <block atomic="false" info="">
[12:26:17.674]          Message(0, "executing SWD power up");
[12:26:17.674]          WriteDP(DP_CTRL_STAT, 0x50000F00);
[12:26:17.674]            // -> [WriteDP(0x00000004, 0x50000F00)]   (__dp=0x00000000)
[12:26:17.674]          WriteDP(SW_DP_ABORT, 0x0000001E);
[12:26:17.674]            // -> [WriteDP(0x00000000, 0x0000001E)]   (__dp=0x00000000)
[12:26:17.674]        </block>
[12:26:17.682]        // end if-block "(__protocol & 0xFFFF) == 2"
[12:26:17.682]      </control>
[12:26:17.682]      // end if-block "powered_down"
[12:26:17.682]    </control>
[12:26:17.682]    <block atomic="false" info="">
[12:26:17.682]      __var DEBUG_PORT_VAL    = 0;
[12:26:17.682]        // -> [DEBUG_PORT_VAL <= 0x00000000]
[12:26:17.682]      __var ACCESS_POINT_VAL  = 0;
[12:26:17.682]        // -> [ACCESS_POINT_VAL <= 0x00000000]
[12:26:17.682]      __ap = 1; 
[12:26:17.682]        // -> [__ap <= 0x00000001]
[12:26:17.682]      WriteAP(0x0C, 0x04); //lets use the mini pwr-ap as backup
[12:26:17.682]        // -> [WriteAP(0x0000000C, 0x00000004)]   (__dp=0x00000000, __ap=0x00000001)
[12:26:17.682]      __ap = 4;
[12:26:17.691]        // -> [__ap <= 0x00000004]
[12:26:17.691]      ACCESS_POINT_VAL = ReadAP(0x00);//Reading current state of access point
[12:26:17.692]        // -> [ReadAP(0x00000000) => 0x00080027]   (__dp=0x00000000, __ap=0x00000004)
[12:26:17.692]        // -> [ACCESS_POINT_VAL <= 0x00080027]
[12:26:17.692]      Message(0, "Current state of access point is: %x",ACCESS_POINT_VAL);
[12:26:17.699]    </block>
[12:26:17.699]    <block atomic="false" info="">
[12:26:17.699]      __var nReset = 0x80;
[12:26:17.699]        // -> [nReset <= 0x00000080]
[12:26:17.699]      __var canReadPins = 0;
[12:26:17.699]        // -> [canReadPins <= 0x00000000]
[12:26:17.699]      canReadPins = (DAP_SWJ_Pins(0x00, nReset, 0) != 0xFFFFFFFF);
[12:26:17.699]        // -> [DAP_SWJ_Pins(0x00, 0x80, 0) => 0x0F]   (Out: nRESET=0  =>  In: SWCLK/TCK=1, SWDIO/TMS=1, TDI=1, TDO=1, nTRST=0, nRESET=0)
[12:26:17.699]        // -> [canReadPins <= 0x00000001]
[12:26:17.699]    </block>
[12:26:17.699]    <control if="" while="1" timeout="200" info="">
[12:26:17.699]      // while "1"  (timeout="200")
[12:26:17.699]      // while-condition  =>  TRUE
[12:26:17.699]      // while "1"  (timeout="200")
[12:26:17.699]      // while-condition  =>  TRUE
[12:26:17.699]      // while "1"  (timeout="200")
[12:26:17.699]      // while-condition  =>  TRUE
[12:26:17.699]      // while "1"  (timeout="200")
[12:26:17.699]      // while-condition  =>  TRUE
[12:26:17.699]      // while "1"  (timeout="200")
[12:26:17.699]      // while-condition  =>  TRUE
[12:26:17.699]      // while "1"  (timeout="200")
[12:26:17.699]      // while-condition  =>  TRUE
[12:26:17.699]      // while "1"  (timeout="200")
[12:26:17.699]      // while-condition  =>  TRUE
[12:26:17.699]      // while "1"  (timeout="200")
[12:26:17.699]      // while-condition  =>  TRUE
[12:26:17.699]      // while "1"  (timeout="200")
[12:26:17.699]      // while-condition  =>  TRUE
[12:26:17.699]      // while "1"  (timeout="200")
[12:26:17.699]      // while-condition  =>  TRUE
[12:26:17.699]      // while "1"  (timeout="200")
[12:26:17.699]      // while-condition  =>  TRUE
[12:26:17.699]      // while "1"  (timeout="200")
[12:26:17.699]      // while-condition  =>  TRUE
[12:26:17.699]      // while "1"  (timeout="200")
[12:26:17.699]      // while-condition  =>  TRUE
[12:26:17.699]      // while "1"  (timeout="200")
[12:26:17.699]      // while-condition  =>  TRUE
[12:26:17.699]      // while "1"  (timeout="200")
[12:26:17.699]      // while-condition  =>  TRUE
[12:26:17.699]      // while "1"  (timeout="200")
[12:26:17.699]      // while-condition  =>  TRUE
[12:26:17.699]      // while "1"  (timeout="200")
[12:26:17.699]      // while-condition  =>  TRUE
[12:26:17.699]      // while "1"  (timeout="200")
[12:26:17.699]      // while-condition  =>  TRUE
[12:26:17.699]      // while "1"  (timeout="200")
[12:26:17.699]      // while-condition  =>  TRUE
[12:26:17.699]      // while "1"  (timeout="200")
[12:26:17.699]      // while-condition  =>  TRUE
[12:26:17.699]      // while "1"  (timeout="200")
[12:26:17.699]      // while-condition  =>  TRUE
[12:26:17.699]      // while "1"  (timeout="200")
[12:26:17.699]      // while-condition  =>  TRUE
[12:26:17.699]      // while "1"  (timeout="200")
[12:26:17.707]      // while-condition  =>  TRUE
[12:26:17.707]      // while "1"  (timeout="200")
[12:26:17.707]      // while-condition  =>  TRUE
[12:26:17.707]      // while "1"  (timeout="200")
[12:26:17.707]      // while-condition  =>  TRUE
[12:26:17.707]      // while "1"  (timeout="200")
[12:26:17.707]      // while-condition  =>  TRUE
[12:26:17.707]      // while "1"  (timeout="200")
[12:26:17.707]      // while-condition  =>  TRUE
[12:26:17.707]      // while "1"  (timeout="200")
[12:26:17.707]      // while-condition  =>  TRUE
[12:26:17.707]      // while "1"  (timeout="200")
[12:26:17.707]      // while-condition  =>  TRUE
[12:26:17.707]      // while "1"  (timeout="200")
[12:26:17.707]      // while-condition  =>  TRUE
[12:26:17.707]      // while "1"  (timeout="200")
[12:26:17.707]      // while-condition  =>  TRUE
[12:26:17.707]      // while "1"  (timeout="200")
[12:26:17.707]      // while-condition  =>  TRUE
[12:26:17.707]      // while "1"  (timeout="200")
[12:26:17.707]      // while-condition  =>  TRUE
[12:26:17.707]      // while "1"  (timeout="200")
[12:26:17.707]      // while-condition  =>  TRUE
[12:26:17.707]      // while "1"  (timeout="200")
[12:26:17.707]      // while-condition  =>  TRUE
[12:26:17.707]      // while "1"  (timeout="200")
[12:26:17.707]      // while-condition  =>  TRUE
[12:26:17.707]      // while "1"  (timeout="200")
[12:26:17.707]      // while-condition  =>  TRUE
[12:26:17.707]      // while "1"  (timeout="200")
[12:26:17.707]      // while-condition  =>  TRUE
[12:26:17.707]      // while "1"  (timeout="200")
[12:26:17.707]      // while-condition  =>  TRUE
[12:26:17.707]      // while "1"  (timeout="200")
[12:26:17.707]      // while-condition  =>  TRUE
[12:26:17.707]      // while "1"  (timeout="200")
[12:26:17.707]      // while-condition  =>  TRUE
[12:26:17.707]      // while "1"  (timeout="200")
[12:26:17.707]      // while-condition  =>  TRUE
[12:26:17.707]      // while "1"  (timeout="200")
[12:26:17.707]      // while-condition  =>  TRUE
[12:26:17.707]      // while "1"  (timeout="200")
[12:26:17.707]      // while-condition  =>  TRUE
[12:26:17.707]      // while "1"  (timeout="200")
[12:26:17.707]      // while-condition  =>  TRUE
[12:26:17.707]      // while "1"  (timeout="200")
[12:26:17.707]      // while-condition  =>  TRUE
[12:26:17.707]      // while "1"  (timeout="200")
[12:26:17.707]      // while-condition  =>  TRUE
[12:26:17.707]      // while "1"  (timeout="200")
[12:26:17.707]      // while-condition  =>  TRUE
[12:26:17.707]      // while "1"  (timeout="200")
[12:26:17.707]      // while-condition  =>  TRUE
[12:26:17.707]      // while "1"  (timeout="200")
[12:26:17.707]      // while-condition  =>  TRUE
[12:26:17.707]      // while "1"  (timeout="200")
[12:26:17.707]      // while-condition  =>  TRUE
[12:26:17.707]      // while "1"  (timeout="200")
[12:26:17.707]      // while-condition  =>  TRUE
[12:26:17.707]      // while "1"  (timeout="200")
[12:26:17.707]      // while-condition  =>  TRUE
[12:26:17.707]      // while "1"  (timeout="200")
[12:26:17.707]      // while-condition  =>  TRUE
[12:26:17.707]      // while "1"  (timeout="200")
[12:26:17.707]      // while-condition  =>  TRUE
[12:26:17.707]      // while "1"  (timeout="200")
[12:26:17.707]      // while-condition  =>  TRUE
[12:26:17.707]      // while "1"  (timeout="200")
[12:26:17.707]      // while-condition  =>  TRUE
[12:26:17.707]      // while "1"  (timeout="200")
[12:26:17.707]      // while-condition  =>  TRUE
[12:26:17.707]      // while "1"  (timeout="200")
[12:26:17.707]      // while-condition  =>  TRUE
[12:26:17.707]      // while "1"  (timeout="200")
[12:26:17.707]      // while-condition  =>  TRUE
[12:26:17.707]      // while "1"  (timeout="200")
[12:26:17.707]      // while-condition  =>  TRUE
[12:26:17.707]      // while "1"  (timeout="200")
[12:26:17.707]      // while-condition  =>  TRUE
[12:26:17.707]      // while "1"  (timeout="200")
[12:26:17.707]      // while-condition  =>  TRUE
[12:26:17.707]      // while "1"  (timeout="200")
[12:26:17.707]      // while-condition  =>  TRUE
[12:26:17.707]      // while "1"  (timeout="200")
[12:26:17.707]      // while-condition  =>  TRUE
[12:26:17.707]      // while "1"  (timeout="200")
[12:26:17.707]      // while-condition  =>  TRUE
[12:26:17.707]      // while "1"  (timeout="200")
[12:26:17.707]      // while-condition  =>  TRUE
[12:26:17.707]      // while "1"  (timeout="200")
[12:26:17.707]      // while-condition  =>  TRUE
[12:26:17.707]      // while "1"  (timeout="200")
[12:26:17.707]      // while-condition  =>  TRUE
[12:26:17.707]      // while "1"  (timeout="200")
[12:26:17.707]      // while-condition  =>  TRUE
[12:26:17.707]      // while "1"  (timeout="200")
[12:26:17.707]      // while-condition  =>  TRUE
[12:26:17.707]      // while "1"  (timeout="200")
[12:26:17.707]      // while-condition  =>  TRUE
[12:26:17.707]      // while "1"  (timeout="200")
[12:26:17.707]      // while-condition  =>  TRUE
[12:26:17.707]      // while "1"  (timeout="200")
[12:26:17.707]      // while-condition  =>  TRUE
[12:26:17.707]      // while "1"  (timeout="200")
[12:26:17.707]      // while-condition  =>  TRUE
[12:26:17.707]      // while "1"  (timeout="200")
[12:26:17.707]      // while-condition  =>  TRUE
[12:26:17.715]      // while "1"  (timeout="200")
[12:26:17.715]      // while  =>  TIMEOUT
[12:26:17.715]      // end while "1"
[12:26:17.715]    </control>
[12:26:17.715]    <control if="canReadPins" while="" timeout="0" info="">
[12:26:17.715]      // if-block "canReadPins"
[12:26:17.715]        // =>  TRUE
[12:26:17.715]      <control if="" while="(DAP_SWJ_Pins(nReset, nReset, 0) & nReset) == 0" timeout="1000000" info="">
[12:26:17.715]        // while "(DAP_SWJ_Pins(nReset, nReset, 0) & nReset) == 0"  (timeout="1000000")
[12:26:17.715]          // -> [DAP_SWJ_Pins(0x80, 0x80, 0) => 0x8F]   (Out: nRESET=1  =>  In: SWCLK/TCK=1, SWDIO/TMS=1, TDI=1, TDO=1, nTRST=0, nRESET=1)
[12:26:17.715]        // while-condition  =>  FALSE
[12:26:17.715]        // end while "(DAP_SWJ_Pins(nReset, nReset, 0) & nReset) == 0"
[12:26:17.715]      </control>
[12:26:17.715]      // end if-block "canReadPins"
[12:26:17.715]    </control>
[12:26:17.715]    <control if="!canReadPins" while="" timeout="0" info="">
[12:26:17.715]      // if-block "!canReadPins"
[12:26:17.715]        // =>  FALSE
[12:26:17.715]      // skip if-block "!canReadPins"
[12:26:17.715]    </control>
[12:26:17.715]    <control if="(ACCESS_POINT_VAL & 0x00E00000) == 0" while="" timeout="0" info="">
[12:26:17.715]      // if-block "(ACCESS_POINT_VAL & 0x00E00000) == 0"
[12:26:17.715]        // =>  TRUE
[12:26:17.715]      <block atomic="false" info="">
[12:26:17.715]        WriteAP(0x00, 0x190008);
[12:26:17.724]          // -> [WriteAP(0x00000000, 0x00190008)]   (__dp=0x00000000, __ap=0x00000004)
[12:26:17.724]        WriteAP(0xF0, 0x01);
[12:26:17.727]          // -> [WriteAP(0x000000F0, 0x00000001)]   (__dp=0x00000000, __ap=0x00000004)
[12:26:17.727]      </block>
[12:26:17.727]      // end if-block "(ACCESS_POINT_VAL & 0x00E00000) == 0"
[12:26:17.727]    </control>
[12:26:17.727]    <control if="(ACCESS_POINT_VAL & 0x00E00000) != 0" while="" timeout="0" info="">
[12:26:17.727]      // if-block "(ACCESS_POINT_VAL & 0x00E00000) != 0"
[12:26:17.732]        // =>  FALSE
[12:26:17.732]      // skip if-block "(ACCESS_POINT_VAL & 0x00E00000) != 0"
[12:26:17.732]    </control>
[12:26:17.732]    <block atomic="false" info="">
[12:26:17.732]      ACCESS_POINT_VAL = ReadAP(0x00);//Reading current state of access point
[12:26:17.741]        // -> [ReadAP(0x00000000) => 0x0079002F]   (__dp=0x00000000, __ap=0x00000004)
[12:26:17.741]        // -> [ACCESS_POINT_VAL <= 0x0079002F]
[12:26:17.741]      Message(0, "Current state of access point is: %x",ACCESS_POINT_VAL);
[12:26:17.741]      __ap = 0; //lets make sure we reset the access point selection
[12:26:17.741]        // -> [__ap <= 0x00000000]
[12:26:17.741]    </block>
[12:26:17.741]  </sequence>
[12:26:17.741]  
[12:26:17.765]  **********  Sequence "DebugDeviceUnlock"  (Context="Connect", Pname="", info="")
[12:26:17.765]  
[12:26:17.765]  <debugvars>
[12:26:17.765]    // Pre-defined
[12:26:17.765]    __protocol=0x00010002      (Protocol="SWD", SWJ-DP="True")
[12:26:17.765]    __connection=0x00000202    (Connection Type="Flash", Reset Type="System Reset")
[12:26:17.765]    __dp=0x00000000
[12:26:17.765]    __ap=0x00000000
[12:26:17.765]    __traceout=0x00000000      (Trace Disabled)
[12:26:17.765]    __errorcontrol=0x00000000  (Skip Errors="False")
[12:26:17.765]    __FlashAddr=0x00000000
[12:26:17.765]    __FlashLen=0x00000000
[12:26:17.765]    __FlashArg=0x00000000
[12:26:17.765]    __FlashOp=0x00000000
[12:26:17.765]    __Result=0x00000000
[12:26:17.765]  </debugvars>
[12:26:17.765]  
[12:26:17.765]  <sequence name="DebugDeviceUnlock" Pname="" disable="false" info="">
[12:26:17.765]    <block atomic="false" info="">
[12:26:17.765]      __var deviceID = 0;
[12:26:17.765]        // -> [deviceID <= 0x00000000]
[12:26:17.765]      __var version = 0;
[12:26:17.765]        // -> [version <= 0x00000000]
[12:26:17.765]      __var partNum = 0;
[12:26:17.765]        // -> [partNum <= 0x00000000]
[12:26:17.765]      __var manuf = 0;
[12:26:17.765]        // -> [manuf <= 0x00000000]
[12:26:17.765]      __var isMSPM0G1X0X_G3X0X = 0;
[12:26:17.765]        // -> [isMSPM0G1X0X_G3X0X <= 0x00000000]
[12:26:17.765]      __var isProduction = 0;
[12:26:17.765]        // -> [isProduction <= 0x00000000]
[12:26:17.765]      __var continueId = 0;
[12:26:17.765]        // -> [continueId <= 0x00000000]
[12:26:17.765]      deviceID =   Read32(0x41C40004);
[12:26:17.773]        // -> [Read32(0x41C40004) => 0x2BB8802F]   (__dp=0x00000000, __ap=0x00000000)
[12:26:17.773]        // -> [deviceID <= 0x2BB8802F]
[12:26:17.773]      version = deviceID >> 28;
[12:26:17.773]        // -> [version <= 0x00000002]
[12:26:17.773]      partNum = (deviceID & 0x0FFFF000) >> 12;
[12:26:17.773]        // -> [partNum <= 0x0000BB88]
[12:26:17.773]      manuf = (deviceID & 0x00000FFE) >> 1;
[12:26:17.773]        // -> [manuf <= 0x00000017]
[12:26:17.773]      isMSPM0G1X0X_G3X0X = (partNum == 0xBB88) && (manuf == 0x17);
[12:26:17.773]        // -> [isMSPM0G1X0X_G3X0X <= 0x00000001]
[12:26:17.773]      isProduction = (version > 0);
[12:26:17.773]        // -> [isProduction <= 0x00000001]
[12:26:17.773]    </block>
[12:26:17.773]    <control if="!isMSPM0G1X0X_G3X0X" while="" timeout="0" info="">
[12:26:17.773]      // if-block "!isMSPM0G1X0X_G3X0X"
[12:26:17.773]        // =>  FALSE
[12:26:17.773]      // skip if-block "!isMSPM0G1X0X_G3X0X"
[12:26:17.773]    </control>
[12:26:17.773]    <control if="continueId == 4" while="" timeout="0" info="">
[12:26:17.773]      // if-block "continueId == 4"
[12:26:17.773]        // =>  FALSE
[12:26:17.773]      // skip if-block "continueId == 4"
[12:26:17.773]    </control>
[12:26:17.773]    <control if="!isProduction" while="" timeout="0" info="">
[12:26:17.773]      // if-block "!isProduction"
[12:26:17.773]        // =>  FALSE
[12:26:17.773]      // skip if-block "!isProduction"
[12:26:17.773]    </control>
[12:26:17.773]  </sequence>
[12:26:17.773]  
[12:29:53.618]  **********  Sequence "DebugPortSetup"  (Context="Connect", Pname="", info="")
[12:29:53.618]  
[12:29:53.618]  <debugvars>
[12:29:53.618]    // Pre-defined
[12:29:53.618]    __protocol=0x00010002      (Protocol="SWD", SWJ-DP="True")
[12:29:53.618]    __connection=0x00000202    (Connection Type="Flash", Reset Type="System Reset")
[12:29:53.618]    __dp=0x00000000
[12:29:53.618]    __ap=0x00000000
[12:29:53.618]    __traceout=0x00000000      (Trace Disabled)
[12:29:53.618]    __errorcontrol=0x00000000  (Skip Errors="False")
[12:29:53.618]    __FlashAddr=0x00000000
[12:29:53.618]    __FlashLen=0x00000000
[12:29:53.618]    __FlashArg=0x00000000
[12:29:53.618]    __FlashOp=0x00000000
[12:29:53.618]    __Result=0x00000000
[12:29:53.618]  </debugvars>
[12:29:53.620]  
[12:29:53.620]  <sequence name="DebugPortSetup" Pname="" disable="false" info="">
[12:29:53.620]    <block atomic="false" info="">
[12:29:53.620]      __var isSWJ      = ((__protocol & 0x00010000) != 0);
[12:29:53.620]        // -> [isSWJ <= 0x00000001]
[12:29:53.620]      __var hasDormant = __protocol & 0x00020000;
[12:29:53.620]        // -> [hasDormant <= 0x00000000]
[12:29:53.620]      __var protType   = __protocol & 0x0000FFFF;
[12:29:53.620]        // -> [protType <= 0x00000002]
[12:29:53.620]    </block>
[12:29:53.620]    <control if="protType == 1" while="" timeout="0" info="">
[12:29:53.620]      // if-block "protType == 1"
[12:29:53.620]        // =>  FALSE
[12:29:53.620]      // skip if-block "protType == 1"
[12:29:53.620]    </control>
[12:29:53.620]    <control if="protType == 2" while="" timeout="0" info="">
[12:29:53.620]      // if-block "protType == 2"
[12:29:53.620]        // =>  TRUE
[12:29:53.620]      <control if="isSWJ" while="" timeout="0" info="">
[12:29:53.620]        // if-block "isSWJ"
[12:29:53.620]          // =>  TRUE
[12:29:53.620]        <control if="hasDormant" while="" timeout="0" info="">
[12:29:53.620]          // if-block "hasDormant"
[12:29:53.620]            // =>  FALSE
[12:29:53.620]          // skip if-block "hasDormant"
[12:29:53.620]        </control>
[12:29:53.620]        <control if="!hasDormant" while="" timeout="0" info="">
[12:29:53.620]          // if-block "!hasDormant"
[12:29:53.622]            // =>  TRUE
[12:29:53.622]          <block atomic="false" info="">
[12:29:53.622]            DAP_SWJ_Sequence(51, 0x0007FFFFFFFFFFFF); //lets put the JTAG line in a reset state
[12:29:53.624]              // -> [DAP_SWJ_Sequence(51, 0x0007FFFFFFFFFFFF)]
[12:29:53.624]            DAP_SWJ_Sequence(16,0xE73C); //SWD to JTAG, this is to ensure the state machine is initialized
[12:29:53.626]              // -> [DAP_SWJ_Sequence(16, 0x000000000000E73C)]
[12:29:53.626]            DAP_SWJ_Sequence(51, 0x0007FFFFFFFFFFFF); //Put it back in reset
[12:29:53.628]              // -> [DAP_SWJ_Sequence(51, 0x0007FFFFFFFFFFFF)]
[12:29:53.628]            DAP_SWJ_Sequence(16, 0xE79E); //JTAG to SWD switch
[12:29:53.630]              // -> [DAP_SWJ_Sequence(16, 0x000000000000E79E)]
[12:29:53.630]            DAP_SWJ_Sequence(51, 0x0007FFFFFFFFFFFF);  //Ensure the switch is successful 
[12:29:53.634]              // -> [DAP_SWJ_Sequence(51, 0x0007FFFFFFFFFFFF)]
[12:29:53.634]            DAP_SWJ_Sequence(7,  0x00); //Give the line some time to initialize
[12:29:53.638]              // -> [DAP_SWJ_Sequence(7, 0x0000000000000000)]
[12:29:53.638]          </block>
[12:29:53.638]          // end if-block "!hasDormant"
[12:29:53.640]        </control>
[12:29:53.640]        // end if-block "isSWJ"
[12:29:53.640]      </control>
[12:29:53.640]      <control if="!isSWJ" while="" timeout="0" info="">
[12:29:53.640]        // if-block "!isSWJ"
[12:29:53.640]          // =>  FALSE
[12:29:53.640]        // skip if-block "!isSWJ"
[12:29:53.640]      </control>
[12:29:53.640]      <block atomic="false" info="">
[12:29:53.640]        ReadDP(0x0);
[12:29:53.642]          // -> [ReadDP(0x00000000) => 0x6BA02477]   (__dp=0x00000000)
[12:29:53.642]      </block>
[12:29:53.642]      // end if-block "protType == 2"
[12:29:53.642]    </control>
[12:29:53.644]  </sequence>
[12:29:53.644]  
[12:29:53.650]  **********  Sequence "DebugPortStart"  (Context="Connect", Pname="", info="")
[12:29:53.650]  
[12:29:53.650]  <debugvars>
[12:29:53.652]    // Pre-defined
[12:29:53.652]    __protocol=0x00010002      (Protocol="SWD", SWJ-DP="True")
[12:29:53.652]    __connection=0x00000202    (Connection Type="Flash", Reset Type="System Reset")
[12:29:53.652]    __dp=0x00000000
[12:29:53.652]    __ap=0x00000000
[12:29:53.652]    __traceout=0x00000000      (Trace Disabled)
[12:29:53.652]    __errorcontrol=0x00000000  (Skip Errors="False")
[12:29:53.652]    __FlashAddr=0x00000000
[12:29:53.652]    __FlashLen=0x00000000
[12:29:53.652]    __FlashArg=0x00000000
[12:29:53.652]    __FlashOp=0x00000000
[12:29:53.652]    __Result=0x00000000
[12:29:53.652]  </debugvars>
[12:29:53.652]  
[12:29:53.652]  <sequence name="DebugPortStart" Pname="" disable="false" info="">
[12:29:53.652]    <block atomic="false" info="">
[12:29:53.652]      __var SW_DP_ABORT       = 0x0;
[12:29:53.654]        // -> [SW_DP_ABORT <= 0x00000000]
[12:29:53.654]      __var DP_CTRL_STAT      = 0x4;
[12:29:53.654]        // -> [DP_CTRL_STAT <= 0x00000004]
[12:29:53.654]      __var DP_SELECT         = 0x8;
[12:29:53.654]        // -> [DP_SELECT <= 0x00000008]
[12:29:53.654]      __var powered_down      = 0;
[12:29:53.654]        // -> [powered_down <= 0x00000000]
[12:29:53.654]      WriteDP(DP_SELECT, 0x00000000);
[12:29:53.656]        // -> [WriteDP(0x00000008, 0x00000000)]   (__dp=0x00000000)
[12:29:53.656]      powered_down = ((ReadDP(DP_CTRL_STAT) & 0xA0000000) != 0xA0000000);
[12:29:53.658]        // -> [ReadDP(0x00000004) => 0x00000040]   (__dp=0x00000000)
[12:29:53.658]        // -> [powered_down <= 0x00000001]
[12:29:53.658]    </block>
[12:29:53.658]    <control if="powered_down" while="" timeout="0" info="">
[12:29:53.658]      // if-block "powered_down"
[12:29:53.658]        // =>  TRUE
[12:29:53.658]      <block atomic="false" info="">
[12:29:53.658]        Message(0, "Debug/System power-up request sent");
[12:29:53.660]        WriteDP(DP_CTRL_STAT, 0x50000000);
[12:29:53.662]          // -> [WriteDP(0x00000004, 0x50000000)]   (__dp=0x00000000)
[12:29:53.662]      </block>
[12:29:53.662]      <control if="" while="(ReadDP(DP_CTRL_STAT) & 0xA0000000) != 0xA0000000" timeout="1000000" info="">
[12:29:53.662]        // while "(ReadDP(DP_CTRL_STAT) & 0xA0000000) != 0xA0000000"  (timeout="1000000")
[12:29:53.664]          // -> [ReadDP(0x00000004) => 0xF0000040]   (__dp=0x00000000)
[12:29:53.664]        // while-condition  =>  FALSE
[12:29:53.664]        // end while "(ReadDP(DP_CTRL_STAT) & 0xA0000000) != 0xA0000000"
[12:29:53.664]      </control>
[12:29:53.664]      <control if="(__protocol & 0xFFFF) == 1" while="" timeout="0" info="">
[12:29:53.664]        // if-block "(__protocol & 0xFFFF) == 1"
[12:29:53.664]          // =>  FALSE
[12:29:53.664]        // skip if-block "(__protocol & 0xFFFF) == 1"
[12:29:53.664]      </control>
[12:29:53.664]      <control if="(__protocol & 0xFFFF) == 2" while="" timeout="0" info="">
[12:29:53.664]        // if-block "(__protocol & 0xFFFF) == 2"
[12:29:53.664]          // =>  TRUE
[12:29:53.664]        <block atomic="false" info="">
[12:29:53.664]          Message(0, "executing SWD power up");
[12:29:53.666]          WriteDP(DP_CTRL_STAT, 0x50000F00);
[12:29:53.668]            // -> [WriteDP(0x00000004, 0x50000F00)]   (__dp=0x00000000)
[12:29:53.668]          WriteDP(SW_DP_ABORT, 0x0000001E);
[12:29:53.670]            // -> [WriteDP(0x00000000, 0x0000001E)]   (__dp=0x00000000)
[12:29:53.670]        </block>
[12:29:53.670]        // end if-block "(__protocol & 0xFFFF) == 2"
[12:29:53.670]      </control>
[12:29:53.670]      // end if-block "powered_down"
[12:29:53.670]    </control>
[12:29:53.670]    <block atomic="false" info="">
[12:29:53.672]      __var DEBUG_PORT_VAL    = 0;
[12:29:53.672]        // -> [DEBUG_PORT_VAL <= 0x00000000]
[12:29:53.672]      __var ACCESS_POINT_VAL  = 0;
[12:29:53.672]        // -> [ACCESS_POINT_VAL <= 0x00000000]
[12:29:53.672]      __ap = 1; 
[12:29:53.672]        // -> [__ap <= 0x00000001]
[12:29:53.672]      WriteAP(0x0C, 0x04); //lets use the mini pwr-ap as backup
[12:29:53.678]        // -> [WriteAP(0x0000000C, 0x00000004)]   (__dp=0x00000000, __ap=0x00000001)
[12:29:53.678]      __ap = 4;
[12:29:53.678]        // -> [__ap <= 0x00000004]
[12:29:53.678]      ACCESS_POINT_VAL = ReadAP(0x00);//Reading current state of access point
[12:29:53.678]        // -> [ReadAP(0x00000000) => 0x00080027]   (__dp=0x00000000, __ap=0x00000004)
[12:29:53.678]        // -> [ACCESS_POINT_VAL <= 0x00080027]
[12:29:53.678]      Message(0, "Current state of access point is: %x",ACCESS_POINT_VAL);
[12:29:53.684]    </block>
[12:29:53.684]    <block atomic="false" info="">
[12:29:53.684]      __var nReset = 0x80;
[12:29:53.684]        // -> [nReset <= 0x00000080]
[12:29:53.684]      __var canReadPins = 0;
[12:29:53.684]        // -> [canReadPins <= 0x00000000]
[12:29:53.684]      canReadPins = (DAP_SWJ_Pins(0x00, nReset, 0) != 0xFFFFFFFF);
[12:29:53.684]        // -> [DAP_SWJ_Pins(0x00, 0x80, 0) => 0x0F]   (Out: nRESET=0  =>  In: SWCLK/TCK=1, SWDIO/TMS=1, TDI=1, TDO=1, nTRST=0, nRESET=0)
[12:29:53.684]        // -> [canReadPins <= 0x00000001]
[12:29:53.684]    </block>
[12:29:53.684]    <control if="" while="1" timeout="200" info="">
[12:29:53.684]      // while "1"  (timeout="200")
[12:29:53.684]      // while-condition  =>  TRUE
[12:29:53.684]      // while "1"  (timeout="200")
[12:29:53.684]      // while-condition  =>  TRUE
[12:29:53.684]      // while "1"  (timeout="200")
[12:29:53.684]      // while-condition  =>  TRUE
[12:29:53.684]      // while "1"  (timeout="200")
[12:29:53.684]      // while-condition  =>  TRUE
[12:29:53.684]      // while "1"  (timeout="200")
[12:29:53.684]      // while-condition  =>  TRUE
[12:29:53.684]      // while "1"  (timeout="200")
[12:29:53.684]      // while-condition  =>  TRUE
[12:29:53.684]      // while "1"  (timeout="200")
[12:29:53.684]      // while-condition  =>  TRUE
[12:29:53.684]      // while "1"  (timeout="200")
[12:29:53.684]      // while-condition  =>  TRUE
[12:29:53.684]      // while "1"  (timeout="200")
[12:29:53.684]      // while-condition  =>  TRUE
[12:29:53.684]      // while "1"  (timeout="200")
[12:29:53.684]      // while-condition  =>  TRUE
[12:29:53.684]      // while "1"  (timeout="200")
[12:29:53.684]      // while-condition  =>  TRUE
[12:29:53.684]      // while "1"  (timeout="200")
[12:29:53.684]      // while-condition  =>  TRUE
[12:29:53.684]      // while "1"  (timeout="200")
[12:29:53.684]      // while-condition  =>  TRUE
[12:29:53.684]      // while "1"  (timeout="200")
[12:29:53.684]      // while-condition  =>  TRUE
[12:29:53.684]      // while "1"  (timeout="200")
[12:29:53.684]      // while-condition  =>  TRUE
[12:29:53.684]      // while "1"  (timeout="200")
[12:29:53.684]      // while-condition  =>  TRUE
[12:29:53.684]      // while "1"  (timeout="200")
[12:29:53.684]      // while-condition  =>  TRUE
[12:29:53.684]      // while "1"  (timeout="200")
[12:29:53.684]      // while-condition  =>  TRUE
[12:29:53.684]      // while "1"  (timeout="200")
[12:29:53.684]      // while-condition  =>  TRUE
[12:29:53.684]      // while "1"  (timeout="200")
[12:29:53.684]      // while-condition  =>  TRUE
[12:29:53.684]      // while "1"  (timeout="200")
[12:29:53.684]      // while-condition  =>  TRUE
[12:29:53.684]      // while "1"  (timeout="200")
[12:29:53.684]      // while-condition  =>  TRUE
[12:29:53.684]      // while "1"  (timeout="200")
[12:29:53.684]      // while-condition  =>  TRUE
[12:29:53.692]      // while "1"  (timeout="200")
[12:29:53.692]      // while-condition  =>  TRUE
[12:29:53.692]      // while "1"  (timeout="200")
[12:29:53.692]      // while-condition  =>  TRUE
[12:29:53.692]      // while "1"  (timeout="200")
[12:29:53.692]      // while-condition  =>  TRUE
[12:29:53.692]      // while "1"  (timeout="200")
[12:29:53.692]      // while-condition  =>  TRUE
[12:29:53.692]      // while "1"  (timeout="200")
[12:29:53.692]      // while-condition  =>  TRUE
[12:29:53.692]      // while "1"  (timeout="200")
[12:29:53.692]      // while-condition  =>  TRUE
[12:29:53.692]      // while "1"  (timeout="200")
[12:29:53.692]      // while-condition  =>  TRUE
[12:29:53.692]      // while "1"  (timeout="200")
[12:29:53.692]      // while-condition  =>  TRUE
[12:29:53.692]      // while "1"  (timeout="200")
[12:29:53.692]      // while-condition  =>  TRUE
[12:29:53.692]      // while "1"  (timeout="200")
[12:29:53.692]      // while-condition  =>  TRUE
[12:29:53.692]      // while "1"  (timeout="200")
[12:29:53.692]      // while-condition  =>  TRUE
[12:29:53.692]      // while "1"  (timeout="200")
[12:29:53.692]      // while-condition  =>  TRUE
[12:29:53.692]      // while "1"  (timeout="200")
[12:29:53.692]      // while-condition  =>  TRUE
[12:29:53.692]      // while "1"  (timeout="200")
[12:29:53.692]      // while-condition  =>  TRUE
[12:29:53.692]      // while "1"  (timeout="200")
[12:29:53.692]      // while-condition  =>  TRUE
[12:29:53.692]      // while "1"  (timeout="200")
[12:29:53.692]      // while-condition  =>  TRUE
[12:29:53.692]      // while "1"  (timeout="200")
[12:29:53.692]      // while-condition  =>  TRUE
[12:29:53.692]      // while "1"  (timeout="200")
[12:29:53.692]      // while-condition  =>  TRUE
[12:29:53.692]      // while "1"  (timeout="200")
[12:29:53.692]      // while-condition  =>  TRUE
[12:29:53.692]      // while "1"  (timeout="200")
[12:29:53.692]      // while-condition  =>  TRUE
[12:29:53.692]      // while "1"  (timeout="200")
[12:29:53.692]      // while-condition  =>  TRUE
[12:29:53.692]      // while "1"  (timeout="200")
[12:29:53.692]      // while-condition  =>  TRUE
[12:29:53.692]      // while "1"  (timeout="200")
[12:29:53.692]      // while-condition  =>  TRUE
[12:29:53.692]      // while "1"  (timeout="200")
[12:29:53.692]      // while-condition  =>  TRUE
[12:29:53.692]      // while "1"  (timeout="200")
[12:29:53.692]      // while-condition  =>  TRUE
[12:29:53.692]      // while "1"  (timeout="200")
[12:29:53.692]      // while-condition  =>  TRUE
[12:29:53.692]      // while "1"  (timeout="200")
[12:29:53.692]      // while-condition  =>  TRUE
[12:29:53.692]      // while "1"  (timeout="200")
[12:29:53.692]      // while-condition  =>  TRUE
[12:29:53.692]      // while "1"  (timeout="200")
[12:29:53.692]      // while-condition  =>  TRUE
[12:29:53.692]      // while "1"  (timeout="200")
[12:29:53.692]      // while-condition  =>  TRUE
[12:29:53.692]      // while "1"  (timeout="200")
[12:29:53.692]      // while-condition  =>  TRUE
[12:29:53.692]      // while "1"  (timeout="200")
[12:29:53.692]      // while-condition  =>  TRUE
[12:29:53.692]      // while "1"  (timeout="200")
[12:29:53.692]      // while-condition  =>  TRUE
[12:29:53.692]      // while "1"  (timeout="200")
[12:29:53.692]      // while-condition  =>  TRUE
[12:29:53.692]      // while "1"  (timeout="200")
[12:29:53.692]      // while-condition  =>  TRUE
[12:29:53.692]      // while "1"  (timeout="200")
[12:29:53.692]      // while-condition  =>  TRUE
[12:29:53.692]      // while "1"  (timeout="200")
[12:29:53.692]      // while-condition  =>  TRUE
[12:29:53.692]      // while "1"  (timeout="200")
[12:29:53.692]      // while-condition  =>  TRUE
[12:29:53.692]      // while "1"  (timeout="200")
[12:29:53.692]      // while-condition  =>  TRUE
[12:29:53.692]      // while "1"  (timeout="200")
[12:29:53.692]      // while-condition  =>  TRUE
[12:29:53.692]      // while "1"  (timeout="200")
[12:29:53.692]      // while-condition  =>  TRUE
[12:29:53.692]      // while "1"  (timeout="200")
[12:29:53.692]      // while-condition  =>  TRUE
[12:29:53.692]      // while "1"  (timeout="200")
[12:29:53.692]      // while-condition  =>  TRUE
[12:29:53.692]      // while "1"  (timeout="200")
[12:29:53.692]      // while-condition  =>  TRUE
[12:29:53.692]      // while "1"  (timeout="200")
[12:29:53.692]      // while-condition  =>  TRUE
[12:29:53.692]      // while "1"  (timeout="200")
[12:29:53.692]      // while-condition  =>  TRUE
[12:29:53.692]      // while "1"  (timeout="200")
[12:29:53.692]      // while-condition  =>  TRUE
[12:29:53.692]      // while "1"  (timeout="200")
[12:29:53.692]      // while-condition  =>  TRUE
[12:29:53.692]      // while "1"  (timeout="200")
[12:29:53.692]      // while-condition  =>  TRUE
[12:29:53.692]      // while "1"  (timeout="200")
[12:29:53.692]      // while-condition  =>  TRUE
[12:29:53.692]      // while "1"  (timeout="200")
[12:29:53.692]      // while-condition  =>  TRUE
[12:29:53.692]      // while "1"  (timeout="200")
[12:29:53.692]      // while-condition  =>  TRUE
[12:29:53.692]      // while "1"  (timeout="200")
[12:29:53.692]      // while-condition  =>  TRUE
[12:29:53.692]      // while "1"  (timeout="200")
[12:29:53.692]      // while-condition  =>  TRUE
[12:29:53.692]      // while "1"  (timeout="200")
[12:29:53.692]      // while-condition  =>  TRUE
[12:29:53.692]      // while "1"  (timeout="200")
[12:29:53.692]      // while-condition  =>  TRUE
[12:29:53.701]      // while "1"  (timeout="200")
[12:29:53.701]      // while  =>  TIMEOUT
[12:29:53.701]      // end while "1"
[12:29:53.701]    </control>
[12:29:53.701]    <control if="canReadPins" while="" timeout="0" info="">
[12:29:53.701]      // if-block "canReadPins"
[12:29:53.701]        // =>  TRUE
[12:29:53.701]      <control if="" while="(DAP_SWJ_Pins(nReset, nReset, 0) & nReset) == 0" timeout="1000000" info="">
[12:29:53.701]        // while "(DAP_SWJ_Pins(nReset, nReset, 0) & nReset) == 0"  (timeout="1000000")
[12:29:53.701]          // -> [DAP_SWJ_Pins(0x80, 0x80, 0) => 0x8F]   (Out: nRESET=1  =>  In: SWCLK/TCK=1, SWDIO/TMS=1, TDI=1, TDO=1, nTRST=0, nRESET=1)
[12:29:53.701]        // while-condition  =>  FALSE
[12:29:53.701]        // end while "(DAP_SWJ_Pins(nReset, nReset, 0) & nReset) == 0"
[12:29:53.701]      </control>
[12:29:53.701]      // end if-block "canReadPins"
[12:29:53.701]    </control>
[12:29:53.701]    <control if="!canReadPins" while="" timeout="0" info="">
[12:29:53.701]      // if-block "!canReadPins"
[12:29:53.701]        // =>  FALSE
[12:29:53.701]      // skip if-block "!canReadPins"
[12:29:53.701]    </control>
[12:29:53.701]    <control if="(ACCESS_POINT_VAL & 0x00E00000) == 0" while="" timeout="0" info="">
[12:29:53.701]      // if-block "(ACCESS_POINT_VAL & 0x00E00000) == 0"
[12:29:53.701]        // =>  TRUE
[12:29:53.701]      <block atomic="false" info="">
[12:29:53.701]        WriteAP(0x00, 0x190008);
[12:29:53.701]          // -> [WriteAP(0x00000000, 0x00190008)]   (__dp=0x00000000, __ap=0x00000004)
[12:29:53.701]        WriteAP(0xF0, 0x01);
[12:29:53.714]          // -> [WriteAP(0x000000F0, 0x00000001)]   (__dp=0x00000000, __ap=0x00000004)
[12:29:53.714]      </block>
[12:29:53.717]      // end if-block "(ACCESS_POINT_VAL & 0x00E00000) == 0"
[12:29:53.717]    </control>
[12:29:53.717]    <control if="(ACCESS_POINT_VAL & 0x00E00000) != 0" while="" timeout="0" info="">
[12:29:53.717]      // if-block "(ACCESS_POINT_VAL & 0x00E00000) != 0"
[12:29:53.717]        // =>  FALSE
[12:29:53.717]      // skip if-block "(ACCESS_POINT_VAL & 0x00E00000) != 0"
[12:29:53.717]    </control>
[12:29:53.717]    <block atomic="false" info="">
[12:29:53.717]      ACCESS_POINT_VAL = ReadAP(0x00);//Reading current state of access point
[12:29:53.717]        // -> [ReadAP(0x00000000) => 0x0079002F]   (__dp=0x00000000, __ap=0x00000004)
[12:29:53.717]        // -> [ACCESS_POINT_VAL <= 0x0079002F]
[12:29:53.717]      Message(0, "Current state of access point is: %x",ACCESS_POINT_VAL);
[12:29:53.725]      __ap = 0; //lets make sure we reset the access point selection
[12:29:53.725]        // -> [__ap <= 0x00000000]
[12:29:53.725]    </block>
[12:29:53.725]  </sequence>
[12:29:53.725]  
[12:29:53.745]  **********  Sequence "DebugDeviceUnlock"  (Context="Connect", Pname="", info="")
[12:29:53.745]  
[12:29:53.745]  <debugvars>
[12:29:53.749]    // Pre-defined
[12:29:53.749]    __protocol=0x00010002      (Protocol="SWD", SWJ-DP="True")
[12:29:53.749]    __connection=0x00000202    (Connection Type="Flash", Reset Type="System Reset")
[12:29:53.749]    __dp=0x00000000
[12:29:53.749]    __ap=0x00000000
[12:29:53.749]    __traceout=0x00000000      (Trace Disabled)
[12:29:53.749]    __errorcontrol=0x00000000  (Skip Errors="False")
[12:29:53.749]    __FlashAddr=0x00000000
[12:29:53.749]    __FlashLen=0x00000000
[12:29:53.749]    __FlashArg=0x00000000
[12:29:53.749]    __FlashOp=0x00000000
[12:29:53.749]    __Result=0x00000000
[12:29:53.749]  </debugvars>
[12:29:53.749]  
[12:29:53.749]  <sequence name="DebugDeviceUnlock" Pname="" disable="false" info="">
[12:29:53.749]    <block atomic="false" info="">
[12:29:53.749]      __var deviceID = 0;
[12:29:53.749]        // -> [deviceID <= 0x00000000]
[12:29:53.749]      __var version = 0;
[12:29:53.749]        // -> [version <= 0x00000000]
[12:29:53.749]      __var partNum = 0;
[12:29:53.749]        // -> [partNum <= 0x00000000]
[12:29:53.749]      __var manuf = 0;
[12:29:53.749]        // -> [manuf <= 0x00000000]
[12:29:53.749]      __var isMSPM0G1X0X_G3X0X = 0;
[12:29:53.749]        // -> [isMSPM0G1X0X_G3X0X <= 0x00000000]
[12:29:53.749]      __var isProduction = 0;
[12:29:53.749]        // -> [isProduction <= 0x00000000]
[12:29:53.749]      __var continueId = 0;
[12:29:53.751]        // -> [continueId <= 0x00000000]
[12:29:53.751]      deviceID =   Read32(0x41C40004);
[12:29:53.757]        // -> [Read32(0x41C40004) => 0x2BB8802F]   (__dp=0x00000000, __ap=0x00000000)
[12:29:53.757]        // -> [deviceID <= 0x2BB8802F]
[12:29:53.757]      version = deviceID >> 28;
[12:29:53.757]        // -> [version <= 0x00000002]
[12:29:53.757]      partNum = (deviceID & 0x0FFFF000) >> 12;
[12:29:53.757]        // -> [partNum <= 0x0000BB88]
[12:29:53.757]      manuf = (deviceID & 0x00000FFE) >> 1;
[12:29:53.757]        // -> [manuf <= 0x00000017]
[12:29:53.757]      isMSPM0G1X0X_G3X0X = (partNum == 0xBB88) && (manuf == 0x17);
[12:29:53.757]        // -> [isMSPM0G1X0X_G3X0X <= 0x00000001]
[12:29:53.757]      isProduction = (version > 0);
[12:29:53.757]        // -> [isProduction <= 0x00000001]
[12:29:53.757]    </block>
[12:29:53.757]    <control if="!isMSPM0G1X0X_G3X0X" while="" timeout="0" info="">
[12:29:53.757]      // if-block "!isMSPM0G1X0X_G3X0X"
[12:29:53.757]        // =>  FALSE
[12:29:53.757]      // skip if-block "!isMSPM0G1X0X_G3X0X"
[12:29:53.757]    </control>
[12:29:53.757]    <control if="continueId == 4" while="" timeout="0" info="">
[12:29:53.757]      // if-block "continueId == 4"
[12:29:53.757]        // =>  FALSE
[12:29:53.757]      // skip if-block "continueId == 4"
[12:29:53.757]    </control>
[12:29:53.757]    <control if="!isProduction" while="" timeout="0" info="">
[12:29:53.757]      // if-block "!isProduction"
[12:29:53.757]        // =>  FALSE
[12:29:53.757]      // skip if-block "!isProduction"
[12:29:53.757]    </control>
[12:29:53.757]  </sequence>
[12:29:53.757]  
[12:30:01.338]  **********  Sequence "DebugPortSetup"  (Context="Connect", Pname="", info="")
[12:30:01.338]  
[12:30:01.341]  <debugvars>
[12:30:01.341]    // Pre-defined
[12:30:01.341]    __protocol=0x00010002      (Protocol="SWD", SWJ-DP="True")
[12:30:01.341]    __connection=0x00000201    (Connection Type="Debug", Reset Type="System Reset")
[12:30:01.341]    __dp=0x00000000
[12:30:01.341]    __ap=0x00000000
[12:30:01.341]    __traceout=0x00000000      (Trace Disabled)
[12:30:01.341]    __errorcontrol=0x00000000  (Skip Errors="False")
[12:30:01.341]    __FlashAddr=0x00000000
[12:30:01.341]    __FlashLen=0x00000000
[12:30:01.341]    __FlashArg=0x00000000
[12:30:01.341]    __FlashOp=0x00000000
[12:30:01.341]    __Result=0x00000000
[12:30:01.341]  </debugvars>
[12:30:01.341]  
[12:30:01.341]  <sequence name="DebugPortSetup" Pname="" disable="false" info="">
[12:30:01.341]    <block atomic="false" info="">
[12:30:01.341]      __var isSWJ      = ((__protocol & 0x00010000) != 0);
[12:30:01.341]        // -> [isSWJ <= 0x00000001]
[12:30:01.341]      __var hasDormant = __protocol & 0x00020000;
[12:30:01.341]        // -> [hasDormant <= 0x00000000]
[12:30:01.341]      __var protType   = __protocol & 0x0000FFFF;
[12:30:01.341]        // -> [protType <= 0x00000002]
[12:30:01.341]    </block>
[12:30:01.341]    <control if="protType == 1" while="" timeout="0" info="">
[12:30:01.341]      // if-block "protType == 1"
[12:30:01.341]        // =>  FALSE
[12:30:01.341]      // skip if-block "protType == 1"
[12:30:01.341]    </control>
[12:30:01.341]    <control if="protType == 2" while="" timeout="0" info="">
[12:30:01.341]      // if-block "protType == 2"
[12:30:01.341]        // =>  TRUE
[12:30:01.343]      <control if="isSWJ" while="" timeout="0" info="">
[12:30:01.343]        // if-block "isSWJ"
[12:30:01.343]          // =>  TRUE
[12:30:01.343]        <control if="hasDormant" while="" timeout="0" info="">
[12:30:01.343]          // if-block "hasDormant"
[12:30:01.343]            // =>  FALSE
[12:30:01.343]          // skip if-block "hasDormant"
[12:30:01.343]        </control>
[12:30:01.343]        <control if="!hasDormant" while="" timeout="0" info="">
[12:30:01.343]          // if-block "!hasDormant"
[12:30:01.343]            // =>  TRUE
[12:30:01.343]          <block atomic="false" info="">
[12:30:01.343]            DAP_SWJ_Sequence(51, 0x0007FFFFFFFFFFFF); //lets put the JTAG line in a reset state
[12:30:01.345]              // -> [DAP_SWJ_Sequence(51, 0x0007FFFFFFFFFFFF)]
[12:30:01.345]            DAP_SWJ_Sequence(16,0xE73C); //SWD to JTAG, this is to ensure the state machine is initialized
[12:30:01.346]              // -> [DAP_SWJ_Sequence(16, 0x000000000000E73C)]
[12:30:01.346]            DAP_SWJ_Sequence(51, 0x0007FFFFFFFFFFFF); //Put it back in reset
[12:30:01.348]              // -> [DAP_SWJ_Sequence(51, 0x0007FFFFFFFFFFFF)]
[12:30:01.348]            DAP_SWJ_Sequence(16, 0xE79E); //JTAG to SWD switch
[12:30:01.354]              // -> [DAP_SWJ_Sequence(16, 0x000000000000E79E)]
[12:30:01.354]            DAP_SWJ_Sequence(51, 0x0007FFFFFFFFFFFF);  //Ensure the switch is successful 
[12:30:01.354]              // -> [DAP_SWJ_Sequence(51, 0x0007FFFFFFFFFFFF)]
[12:30:01.354]            DAP_SWJ_Sequence(7,  0x00); //Give the line some time to initialize
[12:30:01.363]              // -> [DAP_SWJ_Sequence(7, 0x0000000000000000)]
[12:30:01.363]          </block>
[12:30:01.363]          // end if-block "!hasDormant"
[12:30:01.363]        </control>
[12:30:01.363]        // end if-block "isSWJ"
[12:30:01.363]      </control>
[12:30:01.363]      <control if="!isSWJ" while="" timeout="0" info="">
[12:30:01.363]        // if-block "!isSWJ"
[12:30:01.363]          // =>  FALSE
[12:30:01.363]        // skip if-block "!isSWJ"
[12:30:01.363]      </control>
[12:30:01.363]      <block atomic="false" info="">
[12:30:01.363]        ReadDP(0x0);
[12:30:01.363]          // -> [ReadDP(0x00000000) => 0x6BA02477]   (__dp=0x00000000)
[12:30:01.371]      </block>
[12:30:01.371]      // end if-block "protType == 2"
[12:30:01.371]    </control>
[12:30:01.371]  </sequence>
[12:30:01.371]  
[12:30:01.371]  **********  Sequence "DebugPortStart"  (Context="Connect", Pname="", info="")
[12:30:01.371]  
[12:30:01.371]  <debugvars>
[12:30:01.371]    // Pre-defined
[12:30:01.371]    __protocol=0x00010002      (Protocol="SWD", SWJ-DP="True")
[12:30:01.371]    __connection=0x00000201    (Connection Type="Debug", Reset Type="System Reset")
[12:30:01.371]    __dp=0x00000000
[12:30:01.371]    __ap=0x00000000
[12:30:01.371]    __traceout=0x00000000      (Trace Disabled)
[12:30:01.371]    __errorcontrol=0x00000000  (Skip Errors="False")
[12:30:01.371]    __FlashAddr=0x00000000
[12:30:01.371]    __FlashLen=0x00000000
[12:30:01.371]    __FlashArg=0x00000000
[12:30:01.371]    __FlashOp=0x00000000
[12:30:01.371]    __Result=0x00000000
[12:30:01.371]  </debugvars>
[12:30:01.371]  
[12:30:01.371]  <sequence name="DebugPortStart" Pname="" disable="false" info="">
[12:30:01.371]    <block atomic="false" info="">
[12:30:01.371]      __var SW_DP_ABORT       = 0x0;
[12:30:01.371]        // -> [SW_DP_ABORT <= 0x00000000]
[12:30:01.371]      __var DP_CTRL_STAT      = 0x4;
[12:30:01.371]        // -> [DP_CTRL_STAT <= 0x00000004]
[12:30:01.371]      __var DP_SELECT         = 0x8;
[12:30:01.371]        // -> [DP_SELECT <= 0x00000008]
[12:30:01.371]      __var powered_down      = 0;
[12:30:01.371]        // -> [powered_down <= 0x00000000]
[12:30:01.371]      WriteDP(DP_SELECT, 0x00000000);
[12:30:01.379]        // -> [WriteDP(0x00000008, 0x00000000)]   (__dp=0x00000000)
[12:30:01.379]      powered_down = ((ReadDP(DP_CTRL_STAT) & 0xA0000000) != 0xA0000000);
[12:30:01.379]        // -> [ReadDP(0x00000004) => 0x00000040]   (__dp=0x00000000)
[12:30:01.379]        // -> [powered_down <= 0x00000001]
[12:30:01.379]    </block>
[12:30:01.379]    <control if="powered_down" while="" timeout="0" info="">
[12:30:01.379]      // if-block "powered_down"
[12:30:01.379]        // =>  TRUE
[12:30:01.379]      <block atomic="false" info="">
[12:30:01.379]        Message(0, "Debug/System power-up request sent");
[12:30:01.379]        WriteDP(DP_CTRL_STAT, 0x50000000);
[12:30:01.388]          // -> [WriteDP(0x00000004, 0x50000000)]   (__dp=0x00000000)
[12:30:01.388]      </block>
[12:30:01.388]      <control if="" while="(ReadDP(DP_CTRL_STAT) & 0xA0000000) != 0xA0000000" timeout="1000000" info="">
[12:30:01.388]        // while "(ReadDP(DP_CTRL_STAT) & 0xA0000000) != 0xA0000000"  (timeout="1000000")
[12:30:01.388]          // -> [ReadDP(0x00000004) => 0xF0000040]   (__dp=0x00000000)
[12:30:01.388]        // while-condition  =>  FALSE
[12:30:01.388]        // end while "(ReadDP(DP_CTRL_STAT) & 0xA0000000) != 0xA0000000"
[12:30:01.388]      </control>
[12:30:01.388]      <control if="(__protocol & 0xFFFF) == 1" while="" timeout="0" info="">
[12:30:01.388]        // if-block "(__protocol & 0xFFFF) == 1"
[12:30:01.388]          // =>  FALSE
[12:30:01.388]        // skip if-block "(__protocol & 0xFFFF) == 1"
[12:30:01.388]      </control>
[12:30:01.388]      <control if="(__protocol & 0xFFFF) == 2" while="" timeout="0" info="">
[12:30:01.392]        // if-block "(__protocol & 0xFFFF) == 2"
[12:30:01.392]          // =>  TRUE
[12:30:01.392]        <block atomic="false" info="">
[12:30:01.392]          Message(0, "executing SWD power up");
[12:30:01.392]          WriteDP(DP_CTRL_STAT, 0x50000F00);
[12:30:01.396]            // -> [WriteDP(0x00000004, 0x50000F00)]   (__dp=0x00000000)
[12:30:01.396]          WriteDP(SW_DP_ABORT, 0x0000001E);
[12:30:01.396]            // -> [WriteDP(0x00000000, 0x0000001E)]   (__dp=0x00000000)
[12:30:01.396]        </block>
[12:30:01.396]        // end if-block "(__protocol & 0xFFFF) == 2"
[12:30:01.396]      </control>
[12:30:01.396]      // end if-block "powered_down"
[12:30:01.396]    </control>
[12:30:01.396]    <block atomic="false" info="">
[12:30:01.396]      __var DEBUG_PORT_VAL    = 0;
[12:30:01.396]        // -> [DEBUG_PORT_VAL <= 0x00000000]
[12:30:01.396]      __var ACCESS_POINT_VAL  = 0;
[12:30:01.396]        // -> [ACCESS_POINT_VAL <= 0x00000000]
[12:30:01.396]      __ap = 1; 
[12:30:01.396]        // -> [__ap <= 0x00000001]
[12:30:01.396]      WriteAP(0x0C, 0x04); //lets use the mini pwr-ap as backup
[12:30:01.404]        // -> [WriteAP(0x0000000C, 0x00000004)]   (__dp=0x00000000, __ap=0x00000001)
[12:30:01.404]      __ap = 4;
[12:30:01.404]        // -> [__ap <= 0x00000004]
[12:30:01.404]      ACCESS_POINT_VAL = ReadAP(0x00);//Reading current state of access point
[12:30:01.413]        // -> [ReadAP(0x00000000) => 0x00080027]   (__dp=0x00000000, __ap=0x00000004)
[12:30:01.413]        // -> [ACCESS_POINT_VAL <= 0x00080027]
[12:30:01.413]      Message(0, "Current state of access point is: %x",ACCESS_POINT_VAL);
[12:30:01.413]    </block>
[12:30:01.413]    <block atomic="false" info="">
[12:30:01.413]      __var nReset = 0x80;
[12:30:01.413]        // -> [nReset <= 0x00000080]
[12:30:01.413]      __var canReadPins = 0;
[12:30:01.413]        // -> [canReadPins <= 0x00000000]
[12:30:01.413]      canReadPins = (DAP_SWJ_Pins(0x00, nReset, 0) != 0xFFFFFFFF);
[12:30:01.413]        // -> [DAP_SWJ_Pins(0x00, 0x80, 0) => 0x0F]   (Out: nRESET=0  =>  In: SWCLK/TCK=1, SWDIO/TMS=1, TDI=1, TDO=1, nTRST=0, nRESET=0)
[12:30:01.413]        // -> [canReadPins <= 0x00000001]
[12:30:01.413]    </block>
[12:30:01.413]    <control if="" while="1" timeout="200" info="">
[12:30:01.413]      // while "1"  (timeout="200")
[12:30:01.413]      // while-condition  =>  TRUE
[12:30:01.413]      // while "1"  (timeout="200")
[12:30:01.413]      // while-condition  =>  TRUE
[12:30:01.413]      // while "1"  (timeout="200")
[12:30:01.413]      // while-condition  =>  TRUE
[12:30:01.413]      // while "1"  (timeout="200")
[12:30:01.413]      // while-condition  =>  TRUE
[12:30:01.413]      // while "1"  (timeout="200")
[12:30:01.413]      // while-condition  =>  TRUE
[12:30:01.413]      // while "1"  (timeout="200")
[12:30:01.413]      // while-condition  =>  TRUE
[12:30:01.421]      // while "1"  (timeout="200")
[12:30:01.421]      // while  =>  TIMEOUT
[12:30:01.421]      // end while "1"
[12:30:01.421]    </control>
[12:30:01.421]    <control if="canReadPins" while="" timeout="0" info="">
[12:30:01.421]      // if-block "canReadPins"
[12:30:01.421]        // =>  TRUE
[12:30:01.421]      <control if="" while="(DAP_SWJ_Pins(nReset, nReset, 0) & nReset) == 0" timeout="1000000" info="">
[12:30:01.421]        // while "(DAP_SWJ_Pins(nReset, nReset, 0) & nReset) == 0"  (timeout="1000000")
[12:30:01.421]          // -> [DAP_SWJ_Pins(0x80, 0x80, 0) => 0x8F]   (Out: nRESET=1  =>  In: SWCLK/TCK=1, SWDIO/TMS=1, TDI=1, TDO=1, nTRST=0, nRESET=1)
[12:30:01.421]        // while-condition  =>  FALSE
[12:30:01.421]        // end while "(DAP_SWJ_Pins(nReset, nReset, 0) & nReset) == 0"
[12:30:01.421]      </control>
[12:30:01.421]      // end if-block "canReadPins"
[12:30:01.421]    </control>
[12:30:01.421]    <control if="!canReadPins" while="" timeout="0" info="">
[12:30:01.421]      // if-block "!canReadPins"
[12:30:01.421]        // =>  FALSE
[12:30:01.421]      // skip if-block "!canReadPins"
[12:30:01.421]    </control>
[12:30:01.421]    <control if="(ACCESS_POINT_VAL & 0x00E00000) == 0" while="" timeout="0" info="">
[12:30:01.421]      // if-block "(ACCESS_POINT_VAL & 0x00E00000) == 0"
[12:30:01.421]        // =>  TRUE
[12:30:01.421]      <block atomic="false" info="">
[12:30:01.421]        WriteAP(0x00, 0x190008);
[12:30:01.421]          // -> [WriteAP(0x00000000, 0x00190008)]   (__dp=0x00000000, __ap=0x00000004)
[12:30:01.421]        WriteAP(0xF0, 0x01);
[12:30:01.430]          // -> [WriteAP(0x000000F0, 0x00000001)]   (__dp=0x00000000, __ap=0x00000004)
[12:30:01.430]      </block>
[12:30:01.430]      // end if-block "(ACCESS_POINT_VAL & 0x00E00000) == 0"
[12:30:01.430]    </control>
[12:30:01.430]    <control if="(ACCESS_POINT_VAL & 0x00E00000) != 0" while="" timeout="0" info="">
[12:30:01.430]      // if-block "(ACCESS_POINT_VAL & 0x00E00000) != 0"
[12:30:01.430]        // =>  FALSE
[12:30:01.430]      // skip if-block "(ACCESS_POINT_VAL & 0x00E00000) != 0"
[12:30:01.430]    </control>
[12:30:01.430]    <block atomic="false" info="">
[12:30:01.438]      ACCESS_POINT_VAL = ReadAP(0x00);//Reading current state of access point
[12:30:01.438]        // -> [ReadAP(0x00000000) => 0x0079002F]   (__dp=0x00000000, __ap=0x00000004)
[12:30:01.438]        // -> [ACCESS_POINT_VAL <= 0x0079002F]
[12:30:01.438]      Message(0, "Current state of access point is: %x",ACCESS_POINT_VAL);
[12:30:01.438]      __ap = 0; //lets make sure we reset the access point selection
[12:30:01.438]        // -> [__ap <= 0x00000000]
[12:30:01.438]    </block>
[12:30:01.438]  </sequence>
[12:30:01.438]  
[12:30:01.473]  **********  Sequence "DebugDeviceUnlock"  (Context="Connect", Pname="", info="")
[12:30:01.473]  
[12:30:01.473]  <debugvars>
[12:30:01.473]    // Pre-defined
[12:30:01.473]    __protocol=0x00010002      (Protocol="SWD", SWJ-DP="True")
[12:30:01.473]    __connection=0x00000201    (Connection Type="Debug", Reset Type="System Reset")
[12:30:01.473]    __dp=0x00000000
[12:30:01.473]    __ap=0x00000000
[12:30:01.473]    __traceout=0x00000000      (Trace Disabled)
[12:30:01.473]    __errorcontrol=0x00000000  (Skip Errors="False")
[12:30:01.473]    __FlashAddr=0x00000000
[12:30:01.473]    __FlashLen=0x00000000
[12:30:01.473]    __FlashArg=0x00000000
[12:30:01.473]    __FlashOp=0x00000000
[12:30:01.473]    __Result=0x00000000
[12:30:01.473]  </debugvars>
[12:30:01.473]  
[12:30:01.473]  <sequence name="DebugDeviceUnlock" Pname="" disable="false" info="">
[12:30:01.473]    <block atomic="false" info="">
[12:30:01.473]      __var deviceID = 0;
[12:30:01.473]        // -> [deviceID <= 0x00000000]
[12:30:01.473]      __var version = 0;
[12:30:01.473]        // -> [version <= 0x00000000]
[12:30:01.473]      __var partNum = 0;
[12:30:01.473]        // -> [partNum <= 0x00000000]
[12:30:01.473]      __var manuf = 0;
[12:30:01.473]        // -> [manuf <= 0x00000000]
[12:30:01.473]      __var isMSPM0G1X0X_G3X0X = 0;
[12:30:01.473]        // -> [isMSPM0G1X0X_G3X0X <= 0x00000000]
[12:30:01.473]      __var isProduction = 0;
[12:30:01.473]        // -> [isProduction <= 0x00000000]
[12:30:01.479]      __var continueId = 0;
[12:30:01.479]        // -> [continueId <= 0x00000000]
[12:30:01.479]      deviceID =   Read32(0x41C40004);
[12:30:01.488]        // -> [Read32(0x41C40004) => 0x2BB8802F]   (__dp=0x00000000, __ap=0x00000000)
[12:30:01.488]        // -> [deviceID <= 0x2BB8802F]
[12:30:01.488]      version = deviceID >> 28;
[12:30:01.488]        // -> [version <= 0x00000002]
[12:30:01.488]      partNum = (deviceID & 0x0FFFF000) >> 12;
[12:30:01.488]        // -> [partNum <= 0x0000BB88]
[12:30:01.488]      manuf = (deviceID & 0x00000FFE) >> 1;
[12:30:01.488]        // -> [manuf <= 0x00000017]
[12:30:01.488]      isMSPM0G1X0X_G3X0X = (partNum == 0xBB88) && (manuf == 0x17);
[12:30:01.488]        // -> [isMSPM0G1X0X_G3X0X <= 0x00000001]
[12:30:01.488]      isProduction = (version > 0);
[12:30:01.488]        // -> [isProduction <= 0x00000001]
[12:30:01.488]    </block>
[12:30:01.488]    <control if="!isMSPM0G1X0X_G3X0X" while="" timeout="0" info="">
[12:30:01.488]      // if-block "!isMSPM0G1X0X_G3X0X"
[12:30:01.488]        // =>  FALSE
[12:30:01.496]      // skip if-block "!isMSPM0G1X0X_G3X0X"
[12:30:01.496]    </control>
[12:30:01.496]    <control if="continueId == 4" while="" timeout="0" info="">
[12:30:01.496]      // if-block "continueId == 4"
[12:30:01.496]        // =>  FALSE
[12:30:01.496]      // skip if-block "continueId == 4"
[12:30:01.496]    </control>
[12:30:01.496]    <control if="!isProduction" while="" timeout="0" info="">
[12:30:01.496]      // if-block "!isProduction"
[12:30:01.496]        // =>  FALSE
[12:30:01.496]      // skip if-block "!isProduction"
[12:30:01.496]    </control>
[12:30:01.496]  </sequence>
[12:30:01.496]  
[12:44:51.827]  **********  Sequence "DebugPortSetup"  (Context="Connect", Pname="", info="")
[12:44:51.827]  
[12:44:51.827]  <debugvars>
[12:44:51.827]    // Pre-defined
[12:44:51.827]    __protocol=0x00010002      (Protocol="SWD", SWJ-DP="True")
[12:44:51.827]    __connection=0x00000202    (Connection Type="Flash", Reset Type="System Reset")
[12:44:51.827]    __dp=0x00000000
[12:44:51.827]    __ap=0x00000000
[12:44:51.827]    __traceout=0x00000000      (Trace Disabled)
[12:44:51.827]    __errorcontrol=0x00000000  (Skip Errors="False")
[12:44:51.827]    __FlashAddr=0x00000000
[12:44:51.827]    __FlashLen=0x00000000
[12:44:51.827]    __FlashArg=0x00000000
[12:44:51.827]    __FlashOp=0x00000000
[12:44:51.827]    __Result=0x00000000
[12:44:51.827]  </debugvars>
[12:44:51.827]  
[12:44:51.827]  <sequence name="DebugPortSetup" Pname="" disable="false" info="">
[12:44:51.827]    <block atomic="false" info="">
[12:44:51.827]      __var isSWJ      = ((__protocol & 0x00010000) != 0);
[12:44:51.827]        // -> [isSWJ <= 0x00000001]
[12:44:51.827]      __var hasDormant = __protocol & 0x00020000;
[12:44:51.827]        // -> [hasDormant <= 0x00000000]
[12:44:51.827]      __var protType   = __protocol & 0x0000FFFF;
[12:44:51.827]        // -> [protType <= 0x00000002]
[12:44:51.827]    </block>
[12:44:51.827]    <control if="protType == 1" while="" timeout="0" info="">
[12:44:51.827]      // if-block "protType == 1"
[12:44:51.827]        // =>  FALSE
[12:44:51.827]      // skip if-block "protType == 1"
[12:44:51.827]    </control>
[12:44:51.827]    <control if="protType == 2" while="" timeout="0" info="">
[12:44:51.827]      // if-block "protType == 2"
[12:44:51.832]        // =>  TRUE
[12:44:51.832]      <control if="isSWJ" while="" timeout="0" info="">
[12:44:51.832]        // if-block "isSWJ"
[12:44:51.832]          // =>  TRUE
[12:44:51.832]        <control if="hasDormant" while="" timeout="0" info="">
[12:44:51.832]          // if-block "hasDormant"
[12:44:51.832]            // =>  FALSE
[12:44:51.832]          // skip if-block "hasDormant"
[12:44:51.832]        </control>
[12:44:51.832]        <control if="!hasDormant" while="" timeout="0" info="">
[12:44:51.832]          // if-block "!hasDormant"
[12:44:51.832]            // =>  TRUE
[12:44:51.832]          <block atomic="false" info="">
[12:44:51.832]            DAP_SWJ_Sequence(51, 0x0007FFFFFFFFFFFF); //lets put the JTAG line in a reset state
[12:44:51.832]              // -> [DAP_SWJ_Sequence(51, 0x0007FFFFFFFFFFFF)]
[12:44:51.832]            DAP_SWJ_Sequence(16,0xE73C); //SWD to JTAG, this is to ensure the state machine is initialized
[12:44:51.837]              // -> [DAP_SWJ_Sequence(16, 0x000000000000E73C)]
[12:44:51.837]            DAP_SWJ_Sequence(51, 0x0007FFFFFFFFFFFF); //Put it back in reset
[12:44:51.841]              // -> [DAP_SWJ_Sequence(51, 0x0007FFFFFFFFFFFF)]
[12:44:51.841]            DAP_SWJ_Sequence(16, 0xE79E); //JTAG to SWD switch
[12:44:51.841]              // -> [DAP_SWJ_Sequence(16, 0x000000000000E79E)]
[12:44:51.841]            DAP_SWJ_Sequence(51, 0x0007FFFFFFFFFFFF);  //Ensure the switch is successful 
[12:44:51.847]              // -> [DAP_SWJ_Sequence(51, 0x0007FFFFFFFFFFFF)]
[12:44:51.847]            DAP_SWJ_Sequence(7,  0x00); //Give the line some time to initialize
[12:44:51.849]              // -> [DAP_SWJ_Sequence(7, 0x0000000000000000)]
[12:44:51.849]          </block>
[12:44:51.849]          // end if-block "!hasDormant"
[12:44:51.849]        </control>
[12:44:51.849]        // end if-block "isSWJ"
[12:44:51.849]      </control>
[12:44:51.849]      <control if="!isSWJ" while="" timeout="0" info="">
[12:44:51.849]        // if-block "!isSWJ"
[12:44:51.849]          // =>  FALSE
[12:44:51.849]        // skip if-block "!isSWJ"
[12:44:51.849]      </control>
[12:44:51.849]      <block atomic="false" info="">
[12:44:51.849]        ReadDP(0x0);
[12:44:51.854]          // -> [ReadDP(0x00000000) => 0x6BA02477]   (__dp=0x00000000)
[12:44:51.854]      </block>
[12:44:51.854]      // end if-block "protType == 2"
[12:44:51.854]    </control>
[12:44:51.854]  </sequence>
[12:44:51.854]  
[12:44:51.858]  **********  Sequence "DebugPortStart"  (Context="Connect", Pname="", info="")
[12:44:51.858]  
[12:44:51.858]  <debugvars>
[12:44:51.858]    // Pre-defined
[12:44:51.858]    __protocol=0x00010002      (Protocol="SWD", SWJ-DP="True")
[12:44:51.858]    __connection=0x00000202    (Connection Type="Flash", Reset Type="System Reset")
[12:44:51.858]    __dp=0x00000000
[12:44:51.858]    __ap=0x00000000
[12:44:51.858]    __traceout=0x00000000      (Trace Disabled)
[12:44:51.858]    __errorcontrol=0x00000000  (Skip Errors="False")
[12:44:51.858]    __FlashAddr=0x00000000
[12:44:51.858]    __FlashLen=0x00000000
[12:44:51.858]    __FlashArg=0x00000000
[12:44:51.858]    __FlashOp=0x00000000
[12:44:51.858]    __Result=0x00000000
[12:44:51.858]  </debugvars>
[12:44:51.858]  
[12:44:51.858]  <sequence name="DebugPortStart" Pname="" disable="false" info="">
[12:44:51.858]    <block atomic="false" info="">
[12:44:51.858]      __var SW_DP_ABORT       = 0x0;
[12:44:51.858]        // -> [SW_DP_ABORT <= 0x00000000]
[12:44:51.858]      __var DP_CTRL_STAT      = 0x4;
[12:44:51.858]        // -> [DP_CTRL_STAT <= 0x00000004]
[12:44:51.858]      __var DP_SELECT         = 0x8;
[12:44:51.858]        // -> [DP_SELECT <= 0x00000008]
[12:44:51.858]      __var powered_down      = 0;
[12:44:51.858]        // -> [powered_down <= 0x00000000]
[12:44:51.858]      WriteDP(DP_SELECT, 0x00000000);
[12:44:51.858]        // -> [WriteDP(0x00000008, 0x00000000)]   (__dp=0x00000000)
[12:44:51.858]      powered_down = ((ReadDP(DP_CTRL_STAT) & 0xA0000000) != 0xA0000000);
[12:44:51.867]        // -> [ReadDP(0x00000004) => 0x00000040]   (__dp=0x00000000)
[12:44:51.867]        // -> [powered_down <= 0x00000001]
[12:44:51.867]    </block>
[12:44:51.867]    <control if="powered_down" while="" timeout="0" info="">
[12:44:51.867]      // if-block "powered_down"
[12:44:51.867]        // =>  TRUE
[12:44:51.867]      <block atomic="false" info="">
[12:44:51.867]        Message(0, "Debug/System power-up request sent");
[12:44:51.867]        WriteDP(DP_CTRL_STAT, 0x50000000);
[12:44:51.867]          // -> [WriteDP(0x00000004, 0x50000000)]   (__dp=0x00000000)
[12:44:51.867]      </block>
[12:44:51.867]      <control if="" while="(ReadDP(DP_CTRL_STAT) & 0xA0000000) != 0xA0000000" timeout="1000000" info="">
[12:44:51.867]        // while "(ReadDP(DP_CTRL_STAT) & 0xA0000000) != 0xA0000000"  (timeout="1000000")
[12:44:51.867]          // -> [ReadDP(0x00000004) => 0xF0000040]   (__dp=0x00000000)
[12:44:51.867]        // while-condition  =>  FALSE
[12:44:51.867]        // end while "(ReadDP(DP_CTRL_STAT) & 0xA0000000) != 0xA0000000"
[12:44:51.867]      </control>
[12:44:51.867]      <control if="(__protocol & 0xFFFF) == 1" while="" timeout="0" info="">
[12:44:51.867]        // if-block "(__protocol & 0xFFFF) == 1"
[12:44:51.867]          // =>  FALSE
[12:44:51.867]        // skip if-block "(__protocol & 0xFFFF) == 1"
[12:44:51.867]      </control>
[12:44:51.874]      <control if="(__protocol & 0xFFFF) == 2" while="" timeout="0" info="">
[12:44:51.874]        // if-block "(__protocol & 0xFFFF) == 2"
[12:44:51.874]          // =>  TRUE
[12:44:51.874]        <block atomic="false" info="">
[12:44:51.874]          Message(0, "executing SWD power up");
[12:44:51.874]          WriteDP(DP_CTRL_STAT, 0x50000F00);
[12:44:51.877]            // -> [WriteDP(0x00000004, 0x50000F00)]   (__dp=0x00000000)
[12:44:51.877]          WriteDP(SW_DP_ABORT, 0x0000001E);
[12:44:51.878]            // -> [WriteDP(0x00000000, 0x0000001E)]   (__dp=0x00000000)
[12:44:51.878]        </block>
[12:44:51.878]        // end if-block "(__protocol & 0xFFFF) == 2"
[12:44:51.878]      </control>
[12:44:51.878]      // end if-block "powered_down"
[12:44:51.878]    </control>
[12:44:51.878]    <block atomic="false" info="">
[12:44:51.878]      __var DEBUG_PORT_VAL    = 0;
[12:44:51.878]        // -> [DEBUG_PORT_VAL <= 0x00000000]
[12:44:51.878]      __var ACCESS_POINT_VAL  = 0;
[12:44:51.878]        // -> [ACCESS_POINT_VAL <= 0x00000000]
[12:44:51.878]      __ap = 1; 
[12:44:51.878]        // -> [__ap <= 0x00000001]
[12:44:51.878]      WriteAP(0x0C, 0x04); //lets use the mini pwr-ap as backup
[12:44:51.887]        // -> [WriteAP(0x0000000C, 0x00000004)]   (__dp=0x00000000, __ap=0x00000001)
[12:44:51.887]      __ap = 4;
[12:44:51.887]        // -> [__ap <= 0x00000004]
[12:44:51.887]      ACCESS_POINT_VAL = ReadAP(0x00);//Reading current state of access point
[12:44:51.891]        // -> [ReadAP(0x00000000) => 0x00080027]   (__dp=0x00000000, __ap=0x00000004)
[12:44:51.891]        // -> [ACCESS_POINT_VAL <= 0x00080027]
[12:44:51.891]      Message(0, "Current state of access point is: %x",ACCESS_POINT_VAL);
[12:44:51.891]    </block>
[12:44:51.891]    <block atomic="false" info="">
[12:44:51.891]      __var nReset = 0x80;
[12:44:51.891]        // -> [nReset <= 0x00000080]
[12:44:51.891]      __var canReadPins = 0;
[12:44:51.891]        // -> [canReadPins <= 0x00000000]
[12:44:51.891]      canReadPins = (DAP_SWJ_Pins(0x00, nReset, 0) != 0xFFFFFFFF);
[12:44:51.897]        // -> [DAP_SWJ_Pins(0x00, 0x80, 0) => 0x0F]   (Out: nRESET=0  =>  In: SWCLK/TCK=1, SWDIO/TMS=1, TDI=1, TDO=1, nTRST=0, nRESET=0)
[12:44:51.898]        // -> [canReadPins <= 0x00000001]
[12:44:51.898]    </block>
[12:44:51.898]    <control if="" while="1" timeout="200" info="">
[12:44:51.898]      // while "1"  (timeout="200")
[12:44:51.898]      // while-condition  =>  TRUE
[12:44:51.898]      // while "1"  (timeout="200")
[12:44:51.898]      // while-condition  =>  TRUE
[12:44:51.898]      // while "1"  (timeout="200")
[12:44:51.898]      // while-condition  =>  TRUE
[12:44:51.898]      // while "1"  (timeout="200")
[12:44:51.898]      // while-condition  =>  TRUE
[12:44:51.898]      // while "1"  (timeout="200")
[12:44:51.898]      // while-condition  =>  TRUE
[12:44:51.898]      // while "1"  (timeout="200")
[12:44:51.898]      // while-condition  =>  TRUE
[12:44:51.898]      // while "1"  (timeout="200")
[12:44:51.898]      // while-condition  =>  TRUE
[12:44:51.898]      // while "1"  (timeout="200")
[12:44:51.898]      // while-condition  =>  TRUE
[12:44:51.898]      // while "1"  (timeout="200")
[12:44:51.898]      // while-condition  =>  TRUE
[12:44:51.898]      // while "1"  (timeout="200")
[12:44:51.898]      // while-condition  =>  TRUE
[12:44:51.898]      // while "1"  (timeout="200")
[12:44:51.898]      // while-condition  =>  TRUE
[12:44:51.898]      // while "1"  (timeout="200")
[12:44:51.898]      // while-condition  =>  TRUE
[12:44:51.898]      // while "1"  (timeout="200")
[12:44:51.898]      // while-condition  =>  TRUE
[12:44:51.898]      // while "1"  (timeout="200")
[12:44:51.898]      // while-condition  =>  TRUE
[12:44:51.898]      // while "1"  (timeout="200")
[12:44:51.898]      // while-condition  =>  TRUE
[12:44:51.898]      // while "1"  (timeout="200")
[12:44:51.898]      // while-condition  =>  TRUE
[12:44:51.898]      // while "1"  (timeout="200")
[12:44:51.898]      // while-condition  =>  TRUE
[12:44:51.898]      // while "1"  (timeout="200")
[12:44:51.898]      // while-condition  =>  TRUE
[12:44:51.898]      // while "1"  (timeout="200")
[12:44:51.898]      // while-condition  =>  TRUE
[12:44:51.898]      // while "1"  (timeout="200")
[12:44:51.898]      // while-condition  =>  TRUE
[12:44:51.898]      // while "1"  (timeout="200")
[12:44:51.898]      // while-condition  =>  TRUE
[12:44:51.898]      // while "1"  (timeout="200")
[12:44:51.898]      // while-condition  =>  TRUE
[12:44:51.898]      // while "1"  (timeout="200")
[12:44:51.898]      // while-condition  =>  TRUE
[12:44:51.898]      // while "1"  (timeout="200")
[12:44:51.898]      // while-condition  =>  TRUE
[12:44:51.898]      // while "1"  (timeout="200")
[12:44:51.898]      // while-condition  =>  TRUE
[12:44:51.898]      // while "1"  (timeout="200")
[12:44:51.898]      // while-condition  =>  TRUE
[12:44:51.898]      // while "1"  (timeout="200")
[12:44:51.898]      // while-condition  =>  TRUE
[12:44:51.898]      // while "1"  (timeout="200")
[12:44:51.898]      // while-condition  =>  TRUE
[12:44:51.898]      // while "1"  (timeout="200")
[12:44:51.898]      // while-condition  =>  TRUE
[12:44:51.898]      // while "1"  (timeout="200")
[12:44:51.898]      // while-condition  =>  TRUE
[12:44:51.898]      // while "1"  (timeout="200")
[12:44:51.898]      // while-condition  =>  TRUE
[12:44:51.898]      // while "1"  (timeout="200")
[12:44:51.898]      // while-condition  =>  TRUE
[12:44:51.898]      // while "1"  (timeout="200")
[12:44:51.898]      // while-condition  =>  TRUE
[12:44:51.898]      // while "1"  (timeout="200")
[12:44:51.898]      // while-condition  =>  TRUE
[12:44:51.898]      // while "1"  (timeout="200")
[12:44:51.898]      // while-condition  =>  TRUE
[12:44:51.898]      // while "1"  (timeout="200")
[12:44:51.898]      // while-condition  =>  TRUE
[12:44:51.898]      // while "1"  (timeout="200")
[12:44:51.898]      // while-condition  =>  TRUE
[12:44:51.898]      // while "1"  (timeout="200")
[12:44:51.898]      // while-condition  =>  TRUE
[12:44:51.898]      // while "1"  (timeout="200")
[12:44:51.898]      // while-condition  =>  TRUE
[12:44:51.898]      // while "1"  (timeout="200")
[12:44:51.898]      // while-condition  =>  TRUE
[12:44:51.898]      // while "1"  (timeout="200")
[12:44:51.898]      // while-condition  =>  TRUE
[12:44:51.898]      // while "1"  (timeout="200")
[12:44:51.898]      // while-condition  =>  TRUE
[12:44:51.898]      // while "1"  (timeout="200")
[12:44:51.898]      // while-condition  =>  TRUE
[12:44:51.898]      // while "1"  (timeout="200")
[12:44:51.898]      // while-condition  =>  TRUE
[12:44:51.898]      // while "1"  (timeout="200")
[12:44:51.898]      // while-condition  =>  TRUE
[12:44:51.898]      // while "1"  (timeout="200")
[12:44:51.898]      // while-condition  =>  TRUE
[12:44:51.898]      // while "1"  (timeout="200")
[12:44:51.898]      // while-condition  =>  TRUE
[12:44:51.898]      // while "1"  (timeout="200")
[12:44:51.898]      // while-condition  =>  TRUE
[12:44:51.898]      // while "1"  (timeout="200")
[12:44:51.898]      // while-condition  =>  TRUE
[12:44:51.898]      // while "1"  (timeout="200")
[12:44:51.898]      // while-condition  =>  TRUE
[12:44:51.898]      // while "1"  (timeout="200")
[12:44:51.898]      // while-condition  =>  TRUE
[12:44:51.898]      // while "1"  (timeout="200")
[12:44:51.898]      // while-condition  =>  TRUE
[12:44:51.898]      // while "1"  (timeout="200")
[12:44:51.898]      // while-condition  =>  TRUE
[12:44:51.898]      // while "1"  (timeout="200")
[12:44:51.898]      // while-condition  =>  TRUE
[12:44:51.898]      // while "1"  (timeout="200")
[12:44:51.898]      // while-condition  =>  TRUE
[12:44:51.898]      // while "1"  (timeout="200")
[12:44:51.898]      // while-condition  =>  TRUE
[12:44:51.898]      // while "1"  (timeout="200")
[12:44:51.898]      // while-condition  =>  TRUE
[12:44:51.898]      // while "1"  (timeout="200")
[12:44:51.898]      // while-condition  =>  TRUE
[12:44:51.898]      // while "1"  (timeout="200")
[12:44:51.898]      // while-condition  =>  TRUE
[12:44:51.898]      // while "1"  (timeout="200")
[12:44:51.898]      // while-condition  =>  TRUE
[12:44:51.898]      // while "1"  (timeout="200")
[12:44:51.898]      // while-condition  =>  TRUE
[12:44:51.898]      // while "1"  (timeout="200")
[12:44:51.898]      // while-condition  =>  TRUE
[12:44:51.898]      // while "1"  (timeout="200")
[12:44:51.898]      // while-condition  =>  TRUE
[12:44:51.898]      // while "1"  (timeout="200")
[12:44:51.898]      // while-condition  =>  TRUE
[12:44:51.898]      // while "1"  (timeout="200")
[12:44:51.907]      // while-condition  =>  TRUE
[12:44:51.907]      // while "1"  (timeout="200")
[12:44:51.907]      // while  =>  TIMEOUT
[12:44:51.907]      // end while "1"
[12:44:51.907]    </control>
[12:44:51.907]    <control if="canReadPins" while="" timeout="0" info="">
[12:44:51.907]      // if-block "canReadPins"
[12:44:51.907]        // =>  TRUE
[12:44:51.907]      <control if="" while="(DAP_SWJ_Pins(nReset, nReset, 0) & nReset) == 0" timeout="1000000" info="">
[12:44:51.907]        // while "(DAP_SWJ_Pins(nReset, nReset, 0) & nReset) == 0"  (timeout="1000000")
[12:44:51.911]          // -> [DAP_SWJ_Pins(0x80, 0x80, 0) => 0x8F]   (Out: nRESET=1  =>  In: SWCLK/TCK=1, SWDIO/TMS=1, TDI=1, TDO=1, nTRST=0, nRESET=1)
[12:44:51.911]        // while-condition  =>  FALSE
[12:44:51.911]        // end while "(DAP_SWJ_Pins(nReset, nReset, 0) & nReset) == 0"
[12:44:51.911]      </control>
[12:44:51.911]      // end if-block "canReadPins"
[12:44:51.911]    </control>
[12:44:51.911]    <control if="!canReadPins" while="" timeout="0" info="">
[12:44:51.911]      // if-block "!canReadPins"
[12:44:51.911]        // =>  FALSE
[12:44:51.911]      // skip if-block "!canReadPins"
[12:44:51.911]    </control>
[12:44:51.911]    <control if="(ACCESS_POINT_VAL & 0x00E00000) == 0" while="" timeout="0" info="">
[12:44:51.911]      // if-block "(ACCESS_POINT_VAL & 0x00E00000) == 0"
[12:44:51.911]        // =>  TRUE
[12:44:51.911]      <block atomic="false" info="">
[12:44:51.911]        WriteAP(0x00, 0x190008);
[12:44:51.917]          // -> [WriteAP(0x00000000, 0x00190008)]   (__dp=0x00000000, __ap=0x00000004)
[12:44:51.917]        WriteAP(0xF0, 0x01);
[12:44:51.917]          // -> [WriteAP(0x000000F0, 0x00000001)]   (__dp=0x00000000, __ap=0x00000004)
[12:44:51.917]      </block>
[12:44:51.917]      // end if-block "(ACCESS_POINT_VAL & 0x00E00000) == 0"
[12:44:51.917]    </control>
[12:44:51.917]    <control if="(ACCESS_POINT_VAL & 0x00E00000) != 0" while="" timeout="0" info="">
[12:44:51.917]      // if-block "(ACCESS_POINT_VAL & 0x00E00000) != 0"
[12:44:51.917]        // =>  FALSE
[12:44:51.917]      // skip if-block "(ACCESS_POINT_VAL & 0x00E00000) != 0"
[12:44:51.917]    </control>
[12:44:51.917]    <block atomic="false" info="">
[12:44:51.917]      ACCESS_POINT_VAL = ReadAP(0x00);//Reading current state of access point
[12:44:51.926]        // -> [ReadAP(0x00000000) => 0x0079002F]   (__dp=0x00000000, __ap=0x00000004)
[12:44:51.926]        // -> [ACCESS_POINT_VAL <= 0x0079002F]
[12:44:51.926]      Message(0, "Current state of access point is: %x",ACCESS_POINT_VAL);
[12:44:51.926]      __ap = 0; //lets make sure we reset the access point selection
[12:44:51.926]        // -> [__ap <= 0x00000000]
[12:44:51.926]    </block>
[12:44:51.926]  </sequence>
[12:44:51.926]  
[12:44:51.948]  **********  Sequence "DebugDeviceUnlock"  (Context="Connect", Pname="", info="")
[12:44:51.948]  
[12:44:51.948]  <debugvars>
[12:44:51.948]    // Pre-defined
[12:44:51.948]    __protocol=0x00010002      (Protocol="SWD", SWJ-DP="True")
[12:44:51.948]    __connection=0x00000202    (Connection Type="Flash", Reset Type="System Reset")
[12:44:51.948]    __dp=0x00000000
[12:44:51.948]    __ap=0x00000000
[12:44:51.948]    __traceout=0x00000000      (Trace Disabled)
[12:44:51.948]    __errorcontrol=0x00000000  (Skip Errors="False")
[12:44:51.948]    __FlashAddr=0x00000000
[12:44:51.948]    __FlashLen=0x00000000
[12:44:51.948]    __FlashArg=0x00000000
[12:44:51.948]    __FlashOp=0x00000000
[12:44:51.948]    __Result=0x00000000
[12:44:51.948]  </debugvars>
[12:44:51.948]  
[12:44:51.948]  <sequence name="DebugDeviceUnlock" Pname="" disable="false" info="">
[12:44:51.948]    <block atomic="false" info="">
[12:44:51.948]      __var deviceID = 0;
[12:44:51.948]        // -> [deviceID <= 0x00000000]
[12:44:51.948]      __var version = 0;
[12:44:51.948]        // -> [version <= 0x00000000]
[12:44:51.948]      __var partNum = 0;
[12:44:51.948]        // -> [partNum <= 0x00000000]
[12:44:51.948]      __var manuf = 0;
[12:44:51.948]        // -> [manuf <= 0x00000000]
[12:44:51.948]      __var isMSPM0G1X0X_G3X0X = 0;
[12:44:51.948]        // -> [isMSPM0G1X0X_G3X0X <= 0x00000000]
[12:44:51.948]      __var isProduction = 0;
[12:44:51.948]        // -> [isProduction <= 0x00000000]
[12:44:51.948]      __var continueId = 0;
[12:44:51.948]        // -> [continueId <= 0x00000000]
[12:44:51.948]      deviceID =   Read32(0x41C40004);
[12:44:51.959]        // -> [Read32(0x41C40004) => 0x2BB8802F]   (__dp=0x00000000, __ap=0x00000000)
[12:44:51.959]        // -> [deviceID <= 0x2BB8802F]
[12:44:51.959]      version = deviceID >> 28;
[12:44:51.959]        // -> [version <= 0x00000002]
[12:44:51.959]      partNum = (deviceID & 0x0FFFF000) >> 12;
[12:44:51.959]        // -> [partNum <= 0x0000BB88]
[12:44:51.959]      manuf = (deviceID & 0x00000FFE) >> 1;
[12:44:51.959]        // -> [manuf <= 0x00000017]
[12:44:51.959]      isMSPM0G1X0X_G3X0X = (partNum == 0xBB88) && (manuf == 0x17);
[12:44:51.959]        // -> [isMSPM0G1X0X_G3X0X <= 0x00000001]
[12:44:51.959]      isProduction = (version > 0);
[12:44:51.959]        // -> [isProduction <= 0x00000001]
[12:44:51.959]    </block>
[12:44:51.959]    <control if="!isMSPM0G1X0X_G3X0X" while="" timeout="0" info="">
[12:44:51.959]      // if-block "!isMSPM0G1X0X_G3X0X"
[12:44:51.959]        // =>  FALSE
[12:44:51.959]      // skip if-block "!isMSPM0G1X0X_G3X0X"
[12:44:51.959]    </control>
[12:44:51.959]    <control if="continueId == 4" while="" timeout="0" info="">
[12:44:51.959]      // if-block "continueId == 4"
[12:44:51.959]        // =>  FALSE
[12:44:51.959]      // skip if-block "continueId == 4"
[12:44:51.964]    </control>
[12:44:51.964]    <control if="!isProduction" while="" timeout="0" info="">
[12:44:51.964]      // if-block "!isProduction"
[12:44:51.964]        // =>  FALSE
[12:44:51.964]      // skip if-block "!isProduction"
[12:44:51.964]    </control>
[12:44:51.964]  </sequence>
[12:44:51.964]  
[12:46:47.663]  **********  Sequence "DebugPortSetup"  (Context="Connect", Pname="", info="")
[12:46:47.663]  
[12:46:47.672]  <debugvars>
[12:46:47.672]    // Pre-defined
[12:46:47.672]    __protocol=0x00010002      (Protocol="SWD", SWJ-DP="True")
[12:46:47.672]    __connection=0x00000202    (Connection Type="Flash", Reset Type="System Reset")
[12:46:47.672]    __dp=0x00000000
[12:46:47.672]    __ap=0x00000000
[12:46:47.672]    __traceout=0x00000000      (Trace Disabled)
[12:46:47.672]    __errorcontrol=0x00000000  (Skip Errors="False")
[12:46:47.672]    __FlashAddr=0x00000000
[12:46:47.672]    __FlashLen=0x00000000
[12:46:47.672]    __FlashArg=0x00000000
[12:46:47.672]    __FlashOp=0x00000000
[12:46:47.672]    __Result=0x00000000
[12:46:47.672]  </debugvars>
[12:46:47.672]  
[12:46:47.672]  <sequence name="DebugPortSetup" Pname="" disable="false" info="">
[12:46:47.672]    <block atomic="false" info="">
[12:46:47.672]      __var isSWJ      = ((__protocol & 0x00010000) != 0);
[12:46:47.672]        // -> [isSWJ <= 0x00000001]
[12:46:47.672]      __var hasDormant = __protocol & 0x00020000;
[12:46:47.672]        // -> [hasDormant <= 0x00000000]
[12:46:47.672]      __var protType   = __protocol & 0x0000FFFF;
[12:46:47.672]        // -> [protType <= 0x00000002]
[12:46:47.672]    </block>
[12:46:47.672]    <control if="protType == 1" while="" timeout="0" info="">
[12:46:47.672]      // if-block "protType == 1"
[12:46:47.672]        // =>  FALSE
[12:46:47.672]      // skip if-block "protType == 1"
[12:46:47.672]    </control>
[12:46:47.672]    <control if="protType == 2" while="" timeout="0" info="">
[12:46:47.672]      // if-block "protType == 2"
[12:46:47.672]        // =>  TRUE
[12:46:47.672]      <control if="isSWJ" while="" timeout="0" info="">
[12:46:47.672]        // if-block "isSWJ"
[12:46:47.672]          // =>  TRUE
[12:46:47.672]        <control if="hasDormant" while="" timeout="0" info="">
[12:46:47.672]          // if-block "hasDormant"
[12:46:47.672]            // =>  FALSE
[12:46:47.672]          // skip if-block "hasDormant"
[12:46:47.672]        </control>
[12:46:47.672]        <control if="!hasDormant" while="" timeout="0" info="">
[12:46:47.672]          // if-block "!hasDormant"
[12:46:47.672]            // =>  TRUE
[12:46:47.672]          <block atomic="false" info="">
[12:46:47.672]            DAP_SWJ_Sequence(51, 0x0007FFFFFFFFFFFF); //lets put the JTAG line in a reset state
[12:46:47.677]              // -> [DAP_SWJ_Sequence(51, 0x0007FFFFFFFFFFFF)]
[12:46:47.677]            DAP_SWJ_Sequence(16,0xE73C); //SWD to JTAG, this is to ensure the state machine is initialized
[12:46:47.678]              // -> [DAP_SWJ_Sequence(16, 0x000000000000E73C)]
[12:46:47.678]            DAP_SWJ_Sequence(51, 0x0007FFFFFFFFFFFF); //Put it back in reset
[12:46:47.680]              // -> [DAP_SWJ_Sequence(51, 0x0007FFFFFFFFFFFF)]
[12:46:47.680]            DAP_SWJ_Sequence(16, 0xE79E); //JTAG to SWD switch
[12:46:47.683]              // -> [DAP_SWJ_Sequence(16, 0x000000000000E79E)]
[12:46:47.683]            DAP_SWJ_Sequence(51, 0x0007FFFFFFFFFFFF);  //Ensure the switch is successful 
[12:46:47.683]              // -> [DAP_SWJ_Sequence(51, 0x0007FFFFFFFFFFFF)]
[12:46:47.683]            DAP_SWJ_Sequence(7,  0x00); //Give the line some time to initialize
[12:46:47.688]              // -> [DAP_SWJ_Sequence(7, 0x0000000000000000)]
[12:46:47.688]          </block>
[12:46:47.688]          // end if-block "!hasDormant"
[12:46:47.688]        </control>
[12:46:47.688]        // end if-block "isSWJ"
[12:46:47.688]      </control>
[12:46:47.688]      <control if="!isSWJ" while="" timeout="0" info="">
[12:46:47.688]        // if-block "!isSWJ"
[12:46:47.688]          // =>  FALSE
[12:46:47.688]        // skip if-block "!isSWJ"
[12:46:47.688]      </control>
[12:46:47.688]      <block atomic="false" info="">
[12:46:47.688]        ReadDP(0x0);
[12:46:47.694]          // -> [ReadDP(0x00000000) => 0x6BA02477]   (__dp=0x00000000)
[12:46:47.694]      </block>
[12:46:47.694]      // end if-block "protType == 2"
[12:46:47.694]    </control>
[12:46:47.694]  </sequence>
[12:46:47.694]  
[12:46:47.704]  **********  Sequence "DebugPortStart"  (Context="Connect", Pname="", info="")
[12:46:47.704]  
[12:46:47.704]  <debugvars>
[12:46:47.704]    // Pre-defined
[12:46:47.704]    __protocol=0x00010002      (Protocol="SWD", SWJ-DP="True")
[12:46:47.704]    __connection=0x00000202    (Connection Type="Flash", Reset Type="System Reset")
[12:46:47.704]    __dp=0x00000000
[12:46:47.704]    __ap=0x00000000
[12:46:47.704]    __traceout=0x00000000      (Trace Disabled)
[12:46:47.704]    __errorcontrol=0x00000000  (Skip Errors="False")
[12:46:47.704]    __FlashAddr=0x00000000
[12:46:47.704]    __FlashLen=0x00000000
[12:46:47.704]    __FlashArg=0x00000000
[12:46:47.704]    __FlashOp=0x00000000
[12:46:47.704]    __Result=0x00000000
[12:46:47.704]  </debugvars>
[12:46:47.704]  
[12:46:47.704]  <sequence name="DebugPortStart" Pname="" disable="false" info="">
[12:46:47.704]    <block atomic="false" info="">
[12:46:47.704]      __var SW_DP_ABORT       = 0x0;
[12:46:47.704]        // -> [SW_DP_ABORT <= 0x00000000]
[12:46:47.704]      __var DP_CTRL_STAT      = 0x4;
[12:46:47.704]        // -> [DP_CTRL_STAT <= 0x00000004]
[12:46:47.704]      __var DP_SELECT         = 0x8;
[12:46:47.704]        // -> [DP_SELECT <= 0x00000008]
[12:46:47.704]      __var powered_down      = 0;
[12:46:47.704]        // -> [powered_down <= 0x00000000]
[12:46:47.704]      WriteDP(DP_SELECT, 0x00000000);
[12:46:47.704]        // -> [WriteDP(0x00000008, 0x00000000)]   (__dp=0x00000000)
[12:46:47.704]      powered_down = ((ReadDP(DP_CTRL_STAT) & 0xA0000000) != 0xA0000000);
[12:46:47.713]        // -> [ReadDP(0x00000004) => 0x00000040]   (__dp=0x00000000)
[12:46:47.713]        // -> [powered_down <= 0x00000001]
[12:46:47.713]    </block>
[12:46:47.713]    <control if="powered_down" while="" timeout="0" info="">
[12:46:47.713]      // if-block "powered_down"
[12:46:47.713]        // =>  TRUE
[12:46:47.713]      <block atomic="false" info="">
[12:46:47.713]        Message(0, "Debug/System power-up request sent");
[12:46:47.713]        WriteDP(DP_CTRL_STAT, 0x50000000);
[12:46:47.725]          // -> [WriteDP(0x00000004, 0x50000000)]   (__dp=0x00000000)
[12:46:47.725]      </block>
[12:46:47.725]      <control if="" while="(ReadDP(DP_CTRL_STAT) & 0xA0000000) != 0xA0000000" timeout="1000000" info="">
[12:46:47.725]        // while "(ReadDP(DP_CTRL_STAT) & 0xA0000000) != 0xA0000000"  (timeout="1000000")
[12:46:47.725]          // -> [ReadDP(0x00000004) => 0xF0000040]   (__dp=0x00000000)
[12:46:47.729]        // while-condition  =>  FALSE
[12:46:47.729]        // end while "(ReadDP(DP_CTRL_STAT) & 0xA0000000) != 0xA0000000"
[12:46:47.729]      </control>
[12:46:47.729]      <control if="(__protocol & 0xFFFF) == 1" while="" timeout="0" info="">
[12:46:47.729]        // if-block "(__protocol & 0xFFFF) == 1"
[12:46:47.729]          // =>  FALSE
[12:46:47.729]        // skip if-block "(__protocol & 0xFFFF) == 1"
[12:46:47.729]      </control>
[12:46:47.729]      <control if="(__protocol & 0xFFFF) == 2" while="" timeout="0" info="">
[12:46:47.729]        // if-block "(__protocol & 0xFFFF) == 2"
[12:46:47.729]          // =>  TRUE
[12:46:47.729]        <block atomic="false" info="">
[12:46:47.729]          Message(0, "executing SWD power up");
[12:46:47.729]          WriteDP(DP_CTRL_STAT, 0x50000F00);
[12:46:47.734]            // -> [WriteDP(0x00000004, 0x50000F00)]   (__dp=0x00000000)
[12:46:47.734]          WriteDP(SW_DP_ABORT, 0x0000001E);
[12:46:47.737]            // -> [WriteDP(0x00000000, 0x0000001E)]   (__dp=0x00000000)
[12:46:47.738]        </block>
[12:46:47.738]        // end if-block "(__protocol & 0xFFFF) == 2"
[12:46:47.738]      </control>
[12:46:47.738]      // end if-block "powered_down"
[12:46:47.738]    </control>
[12:46:47.738]    <block atomic="false" info="">
[12:46:47.738]      __var DEBUG_PORT_VAL    = 0;
[12:46:47.738]        // -> [DEBUG_PORT_VAL <= 0x00000000]
[12:46:47.738]      __var ACCESS_POINT_VAL  = 0;
[12:46:47.738]        // -> [ACCESS_POINT_VAL <= 0x00000000]
[12:46:47.738]      __ap = 1; 
[12:46:47.738]        // -> [__ap <= 0x00000001]
[12:46:47.738]      WriteAP(0x0C, 0x04); //lets use the mini pwr-ap as backup
[12:46:47.743]        // -> [WriteAP(0x0000000C, 0x00000004)]   (__dp=0x00000000, __ap=0x00000001)
[12:46:47.743]      __ap = 4;
[12:46:47.743]        // -> [__ap <= 0x00000004]
[12:46:47.743]      ACCESS_POINT_VAL = ReadAP(0x00);//Reading current state of access point
[12:46:47.746]        // -> [ReadAP(0x00000000) => 0x00080027]   (__dp=0x00000000, __ap=0x00000004)
[12:46:47.746]        // -> [ACCESS_POINT_VAL <= 0x00080027]
[12:46:47.746]      Message(0, "Current state of access point is: %x",ACCESS_POINT_VAL);
[12:46:47.754]    </block>
[12:46:47.754]    <block atomic="false" info="">
[12:46:47.754]      __var nReset = 0x80;
[12:46:47.754]        // -> [nReset <= 0x00000080]
[12:46:47.754]      __var canReadPins = 0;
[12:46:47.754]        // -> [canReadPins <= 0x00000000]
[12:46:47.754]      canReadPins = (DAP_SWJ_Pins(0x00, nReset, 0) != 0xFFFFFFFF);
[12:46:47.754]        // -> [DAP_SWJ_Pins(0x00, 0x80, 0) => 0x0F]   (Out: nRESET=0  =>  In: SWCLK/TCK=1, SWDIO/TMS=1, TDI=1, TDO=1, nTRST=0, nRESET=0)
[12:46:47.754]        // -> [canReadPins <= 0x00000001]
[12:46:47.754]    </block>
[12:46:47.754]    <control if="" while="1" timeout="200" info="">
[12:46:47.754]      // while "1"  (timeout="200")
[12:46:47.754]      // while-condition  =>  TRUE
[12:46:47.754]      // while "1"  (timeout="200")
[12:46:47.754]      // while-condition  =>  TRUE
[12:46:47.754]      // while "1"  (timeout="200")
[12:46:47.754]      // while-condition  =>  TRUE
[12:46:47.754]      // while "1"  (timeout="200")
[12:46:47.754]      // while-condition  =>  TRUE
[12:46:47.754]      // while "1"  (timeout="200")
[12:46:47.754]      // while-condition  =>  TRUE
[12:46:47.754]      // while "1"  (timeout="200")
[12:46:47.754]      // while-condition  =>  TRUE
[12:46:47.754]      // while "1"  (timeout="200")
[12:46:47.754]      // while-condition  =>  TRUE
[12:46:47.754]      // while "1"  (timeout="200")
[12:46:47.754]      // while-condition  =>  TRUE
[12:46:47.754]      // while "1"  (timeout="200")
[12:46:47.754]      // while-condition  =>  TRUE
[12:46:47.754]      // while "1"  (timeout="200")
[12:46:47.754]      // while-condition  =>  TRUE
[12:46:47.754]      // while "1"  (timeout="200")
[12:46:47.754]      // while-condition  =>  TRUE
[12:46:47.754]      // while "1"  (timeout="200")
[12:46:47.762]      // while-condition  =>  TRUE
[12:46:47.762]      // while "1"  (timeout="200")
[12:46:47.762]      // while  =>  TIMEOUT
[12:46:47.762]      // end while "1"
[12:46:47.762]    </control>
[12:46:47.762]    <control if="canReadPins" while="" timeout="0" info="">
[12:46:47.762]      // if-block "canReadPins"
[12:46:47.762]        // =>  TRUE
[12:46:47.762]      <control if="" while="(DAP_SWJ_Pins(nReset, nReset, 0) & nReset) == 0" timeout="1000000" info="">
[12:46:47.762]        // while "(DAP_SWJ_Pins(nReset, nReset, 0) & nReset) == 0"  (timeout="1000000")
[12:46:47.771]          // -> [DAP_SWJ_Pins(0x80, 0x80, 0) => 0x8F]   (Out: nRESET=1  =>  In: SWCLK/TCK=1, SWDIO/TMS=1, TDI=1, TDO=1, nTRST=0, nRESET=1)
[12:46:47.771]        // while-condition  =>  FALSE
[12:46:47.771]        // end while "(DAP_SWJ_Pins(nReset, nReset, 0) & nReset) == 0"
[12:46:47.771]      </control>
[12:46:47.771]      // end if-block "canReadPins"
[12:46:47.771]    </control>
[12:46:47.771]    <control if="!canReadPins" while="" timeout="0" info="">
[12:46:47.771]      // if-block "!canReadPins"
[12:46:47.771]        // =>  FALSE
[12:46:47.771]      // skip if-block "!canReadPins"
[12:46:47.771]    </control>
[12:46:47.771]    <control if="(ACCESS_POINT_VAL & 0x00E00000) == 0" while="" timeout="0" info="">
[12:46:47.771]      // if-block "(ACCESS_POINT_VAL & 0x00E00000) == 0"
[12:46:47.771]        // =>  TRUE
[12:46:47.771]      <block atomic="false" info="">
[12:46:47.771]        WriteAP(0x00, 0x190008);
[12:46:47.771]          // -> [WriteAP(0x00000000, 0x00190008)]   (__dp=0x00000000, __ap=0x00000004)
[12:46:47.771]        WriteAP(0xF0, 0x01);
[12:46:47.780]          // -> [WriteAP(0x000000F0, 0x00000001)]   (__dp=0x00000000, __ap=0x00000004)
[12:46:47.780]      </block>
[12:46:47.780]      // end if-block "(ACCESS_POINT_VAL & 0x00E00000) == 0"
[12:46:47.780]    </control>
[12:46:47.780]    <control if="(ACCESS_POINT_VAL & 0x00E00000) != 0" while="" timeout="0" info="">
[12:46:47.780]      // if-block "(ACCESS_POINT_VAL & 0x00E00000) != 0"
[12:46:47.780]        // =>  FALSE
[12:46:47.780]      // skip if-block "(ACCESS_POINT_VAL & 0x00E00000) != 0"
[12:46:47.780]    </control>
[12:46:47.780]    <block atomic="false" info="">
[12:46:47.780]      ACCESS_POINT_VAL = ReadAP(0x00);//Reading current state of access point
[12:46:47.787]        // -> [ReadAP(0x00000000) => 0x0079002F]   (__dp=0x00000000, __ap=0x00000004)
[12:46:47.787]        // -> [ACCESS_POINT_VAL <= 0x0079002F]
[12:46:47.787]      Message(0, "Current state of access point is: %x",ACCESS_POINT_VAL);
[12:46:47.790]      __ap = 0; //lets make sure we reset the access point selection
[12:46:47.790]        // -> [__ap <= 0x00000000]
[12:46:47.790]    </block>
[12:46:47.790]  </sequence>
[12:46:47.790]  
[12:46:47.829]  **********  Sequence "DebugDeviceUnlock"  (Context="Connect", Pname="", info="")
[12:46:47.829]  
[12:46:47.829]  <debugvars>
[12:46:47.829]    // Pre-defined
[12:46:47.829]    __protocol=0x00010002      (Protocol="SWD", SWJ-DP="True")
[12:46:47.829]    __connection=0x00000202    (Connection Type="Flash", Reset Type="System Reset")
[12:46:47.829]    __dp=0x00000000
[12:46:47.829]    __ap=0x00000000
[12:46:47.829]    __traceout=0x00000000      (Trace Disabled)
[12:46:47.829]    __errorcontrol=0x00000000  (Skip Errors="False")
[12:46:47.829]    __FlashAddr=0x00000000
[12:46:47.829]    __FlashLen=0x00000000
[12:46:47.829]    __FlashArg=0x00000000
[12:46:47.829]    __FlashOp=0x00000000
[12:46:47.829]    __Result=0x00000000
[12:46:47.829]  </debugvars>
[12:46:47.829]  
[12:46:47.829]  <sequence name="DebugDeviceUnlock" Pname="" disable="false" info="">
[12:46:47.829]    <block atomic="false" info="">
[12:46:47.829]      __var deviceID = 0;
[12:46:47.829]        // -> [deviceID <= 0x00000000]
[12:46:47.829]      __var version = 0;
[12:46:47.829]        // -> [version <= 0x00000000]
[12:46:47.829]      __var partNum = 0;
[12:46:47.829]        // -> [partNum <= 0x00000000]
[12:46:47.829]      __var manuf = 0;
[12:46:47.829]        // -> [manuf <= 0x00000000]
[12:46:47.829]      __var isMSPM0G1X0X_G3X0X = 0;
[12:46:47.829]        // -> [isMSPM0G1X0X_G3X0X <= 0x00000000]
[12:46:47.829]      __var isProduction = 0;
[12:46:47.829]        // -> [isProduction <= 0x00000000]
[12:46:47.829]      __var continueId = 0;
[12:46:47.829]        // -> [continueId <= 0x00000000]
[12:46:47.829]      deviceID =   Read32(0x41C40004);
[12:46:47.837]        // -> [Read32(0x41C40004) => 0x2BB8802F]   (__dp=0x00000000, __ap=0x00000000)
[12:46:47.837]        // -> [deviceID <= 0x2BB8802F]
[12:46:47.837]      version = deviceID >> 28;
[12:46:47.837]        // -> [version <= 0x00000002]
[12:46:47.837]      partNum = (deviceID & 0x0FFFF000) >> 12;
[12:46:47.837]        // -> [partNum <= 0x0000BB88]
[12:46:47.837]      manuf = (deviceID & 0x00000FFE) >> 1;
[12:46:47.837]        // -> [manuf <= 0x00000017]
[12:46:47.837]      isMSPM0G1X0X_G3X0X = (partNum == 0xBB88) && (manuf == 0x17);
[12:46:47.837]        // -> [isMSPM0G1X0X_G3X0X <= 0x00000001]
[12:46:47.837]      isProduction = (version > 0);
[12:46:47.837]        // -> [isProduction <= 0x00000001]
[12:46:47.837]    </block>
[12:46:47.837]    <control if="!isMSPM0G1X0X_G3X0X" while="" timeout="0" info="">
[12:46:47.837]      // if-block "!isMSPM0G1X0X_G3X0X"
[12:46:47.837]        // =>  FALSE
[12:46:47.837]      // skip if-block "!isMSPM0G1X0X_G3X0X"
[12:46:47.837]    </control>
[12:46:47.837]    <control if="continueId == 4" while="" timeout="0" info="">
[12:46:47.837]      // if-block "continueId == 4"
[12:46:47.837]        // =>  FALSE
[12:46:47.837]      // skip if-block "continueId == 4"
[12:46:47.837]    </control>
[12:46:47.837]    <control if="!isProduction" while="" timeout="0" info="">
[12:46:47.837]      // if-block "!isProduction"
[12:46:47.837]        // =>  FALSE
[12:46:47.837]      // skip if-block "!isProduction"
[12:46:47.837]    </control>
[12:46:47.837]  </sequence>
[12:46:47.837]  
