/*
 *  CMSIS Pack Debug Access Sequence Log
 *  File        : C:\Users\xxs13\Desktop\MSPM0G3507_Library\SeekFree_MSPM0G3507_Opensource_Library\project\mdk\SeekFree_MSPM0G3507_Device_Library_Sequences_0033.log
 *  Created     : 15:34:47 (31/07/2026)
 *  Device      : MSPM0G3507
 *  PDSC File   : D:/MDK5.36/Packs/TexasInstruments/MSPM0G1X0X_G3X0X_DFP/1.3.1/TexasInstruments.MSPM0G1X0X_G3X0X_DFP.pdsc
 *
 */

[15:34:47.336]  **********  Sequence "DebugPortSetup"  (Context="Connect", Pname="", info="")
[15:34:47.336]  
[15:34:47.337]  <debugvars>
[15:34:47.337]    // Pre-defined
[15:34:47.337]    __protocol=0x00010002      (Protocol="SWD", SWJ-DP="True")
[15:34:47.338]    __connection=0x00000202    (Connection Type="Flash", Reset Type="System Reset")
[15:34:47.338]    __dp=0x00000000
[15:34:47.338]    __ap=0x00000000
[15:34:47.338]    __traceout=0x00000000      (Trace Disabled)
[15:34:47.338]    __errorcontrol=0x00000000  (Skip Errors="False")
[15:34:47.338]    __FlashAddr=0x00000000
[15:34:47.338]    __FlashLen=0x00000000
[15:34:47.338]    __FlashArg=0x00000000
[15:34:47.339]    __FlashOp=0x00000000
[15:34:47.339]    __Result=0x00000000
[15:34:47.339]  </debugvars>
[15:34:47.340]  
[15:34:47.340]  <sequence name="DebugPortSetup" Pname="" disable="false" info="">
[15:34:47.340]    <block atomic="false" info="">
[15:34:47.340]      __var isSWJ      = ((__protocol & 0x00010000) != 0);
[15:34:47.340]        // -> [isSWJ <= 0x00000001]
[15:34:47.340]      __var hasDormant = __protocol & 0x00020000;
[15:34:47.340]        // -> [hasDormant <= 0x00000000]
[15:34:47.340]      __var protType   = __protocol & 0x0000FFFF;
[15:34:47.340]        // -> [protType <= 0x00000002]
[15:34:47.340]    </block>
[15:34:47.340]    <control if="protType == 1" while="" timeout="0" info="">
[15:34:47.341]      // if-block "protType == 1"
[15:34:47.341]        // =>  FALSE
[15:34:47.342]      // skip if-block "protType == 1"
[15:34:47.342]    </control>
[15:34:47.342]    <control if="protType == 2" while="" timeout="0" info="">
[15:34:47.342]      // if-block "protType == 2"
[15:34:47.342]        // =>  TRUE
[15:34:47.342]      <control if="isSWJ" while="" timeout="0" info="">
[15:34:47.342]        // if-block "isSWJ"
[15:34:47.342]          // =>  TRUE
[15:34:47.342]        <control if="hasDormant" while="" timeout="0" info="">
[15:34:47.342]          // if-block "hasDormant"
[15:34:47.342]            // =>  FALSE
[15:34:47.342]          // skip if-block "hasDormant"
[15:34:47.342]        </control>
[15:34:47.342]        <control if="!hasDormant" while="" timeout="0" info="">
[15:34:47.342]          // if-block "!hasDormant"
[15:34:47.342]            // =>  TRUE
[15:34:47.342]          <block atomic="false" info="">
[15:34:47.342]            DAP_SWJ_Sequence(51, 0x0007FFFFFFFFFFFF); //lets put the JTAG line in a reset state
[15:34:47.344]              // -> [DAP_SWJ_Sequence(51, 0x0007FFFFFFFFFFFF)]
[15:34:47.344]            DAP_SWJ_Sequence(16,0xE73C); //SWD to JTAG, this is to ensure the state machine is initialized
[15:34:47.344]              // -> [DAP_SWJ_Sequence(16, 0x000000000000E73C)]
[15:34:47.344]            DAP_SWJ_Sequence(51, 0x0007FFFFFFFFFFFF); //Put it back in reset
[15:34:47.349]              // -> [DAP_SWJ_Sequence(51, 0x0007FFFFFFFFFFFF)]
[15:34:47.349]            DAP_SWJ_Sequence(16, 0xE79E); //JTAG to SWD switch
[15:34:47.351]              // -> [DAP_SWJ_Sequence(16, 0x000000000000E79E)]
[15:34:47.351]            DAP_SWJ_Sequence(51, 0x0007FFFFFFFFFFFF);  //Ensure the switch is successful 
[15:34:47.356]              // -> [DAP_SWJ_Sequence(51, 0x0007FFFFFFFFFFFF)]
[15:34:47.356]            DAP_SWJ_Sequence(7,  0x00); //Give the line some time to initialize
[15:34:47.356]              // -> [DAP_SWJ_Sequence(7, 0x0000000000000000)]
[15:34:47.358]          </block>
[15:34:47.358]          // end if-block "!hasDormant"
[15:34:47.358]        </control>
[15:34:47.358]        // end if-block "isSWJ"
[15:34:47.358]      </control>
[15:34:47.358]      <control if="!isSWJ" while="" timeout="0" info="">
[15:34:47.358]        // if-block "!isSWJ"
[15:34:47.358]          // =>  FALSE
[15:34:47.358]        // skip if-block "!isSWJ"
[15:34:47.358]      </control>
[15:34:47.358]      <block atomic="false" info="">
[15:34:47.358]        ReadDP(0x0);
[15:34:47.361]          // -> [ReadDP(0x00000000) => 0x6BA02477]   (__dp=0x00000000)
[15:34:47.361]      </block>
[15:34:47.361]      // end if-block "protType == 2"
[15:34:47.362]    </control>
[15:34:47.362]  </sequence>
[15:34:47.362]  
[15:34:47.367]  **********  Sequence "DebugPortStart"  (Context="Connect", Pname="", info="")
[15:34:47.367]  
[15:34:47.367]  <debugvars>
[15:34:47.367]    // Pre-defined
[15:34:47.367]    __protocol=0x00010002      (Protocol="SWD", SWJ-DP="True")
[15:34:47.367]    __connection=0x00000202    (Connection Type="Flash", Reset Type="System Reset")
[15:34:47.367]    __dp=0x00000000
[15:34:47.367]    __ap=0x00000000
[15:34:47.368]    __traceout=0x00000000      (Trace Disabled)
[15:34:47.368]    __errorcontrol=0x00000000  (Skip Errors="False")
[15:34:47.368]    __FlashAddr=0x00000000
[15:34:47.368]    __FlashLen=0x00000000
[15:34:47.368]    __FlashArg=0x00000000
[15:34:47.368]    __FlashOp=0x00000000
[15:34:47.368]    __Result=0x00000000
[15:34:47.368]  </debugvars>
[15:34:47.368]  
[15:34:47.368]  <sequence name="DebugPortStart" Pname="" disable="false" info="">
[15:34:47.368]    <block atomic="false" info="">
[15:34:47.368]      __var SW_DP_ABORT       = 0x0;
[15:34:47.369]        // -> [SW_DP_ABORT <= 0x00000000]
[15:34:47.369]      __var DP_CTRL_STAT      = 0x4;
[15:34:47.369]        // -> [DP_CTRL_STAT <= 0x00000004]
[15:34:47.369]      __var DP_SELECT         = 0x8;
[15:34:47.369]        // -> [DP_SELECT <= 0x00000008]
[15:34:47.369]      __var powered_down      = 0;
[15:34:47.369]        // -> [powered_down <= 0x00000000]
[15:34:47.369]      WriteDP(DP_SELECT, 0x00000000);
[15:34:47.370]        // -> [WriteDP(0x00000008, 0x00000000)]   (__dp=0x00000000)
[15:34:47.371]      powered_down = ((ReadDP(DP_CTRL_STAT) & 0xA0000000) != 0xA0000000);
[15:34:47.373]        // -> [ReadDP(0x00000004) => 0x00000040]   (__dp=0x00000000)
[15:34:47.374]        // -> [powered_down <= 0x00000001]
[15:34:47.374]    </block>
[15:34:47.374]    <control if="powered_down" while="" timeout="0" info="">
[15:34:47.374]      // if-block "powered_down"
[15:34:47.374]        // =>  TRUE
[15:34:47.374]      <block atomic="false" info="">
[15:34:47.375]        Message(0, "Debug/System power-up request sent");
[15:34:47.377]        WriteDP(DP_CTRL_STAT, 0x50000000);
[15:34:47.381]          // -> [WriteDP(0x00000004, 0x50000000)]   (__dp=0x00000000)
[15:34:47.381]      </block>
[15:34:47.381]      <control if="" while="(ReadDP(DP_CTRL_STAT) & 0xA0000000) != 0xA0000000" timeout="1000000" info="">
[15:34:47.381]        // while "(ReadDP(DP_CTRL_STAT) & 0xA0000000) != 0xA0000000"  (timeout="1000000")
[15:34:47.384]          // -> [ReadDP(0x00000004) => 0xF0000040]   (__dp=0x00000000)
[15:34:47.384]        // while-condition  =>  FALSE
[15:34:47.384]        // end while "(ReadDP(DP_CTRL_STAT) & 0xA0000000) != 0xA0000000"
[15:34:47.384]      </control>
[15:34:47.384]      <control if="(__protocol & 0xFFFF) == 1" while="" timeout="0" info="">
[15:34:47.384]        // if-block "(__protocol & 0xFFFF) == 1"
[15:34:47.384]          // =>  FALSE
[15:34:47.384]        // skip if-block "(__protocol & 0xFFFF) == 1"
[15:34:47.384]      </control>
[15:34:47.384]      <control if="(__protocol & 0xFFFF) == 2" while="" timeout="0" info="">
[15:34:47.384]        // if-block "(__protocol & 0xFFFF) == 2"
[15:34:47.384]          // =>  TRUE
[15:34:47.384]        <block atomic="false" info="">
[15:34:47.384]          Message(0, "executing SWD power up");
[15:34:47.386]          WriteDP(DP_CTRL_STAT, 0x50000F00);
[15:34:47.386]            // -> [WriteDP(0x00000004, 0x50000F00)]   (__dp=0x00000000)
[15:34:47.386]          WriteDP(SW_DP_ABORT, 0x0000001E);
[15:34:47.391]            // -> [WriteDP(0x00000000, 0x0000001E)]   (__dp=0x00000000)
[15:34:47.391]        </block>
[15:34:47.391]        // end if-block "(__protocol & 0xFFFF) == 2"
[15:34:47.391]      </control>
[15:34:47.391]      // end if-block "powered_down"
[15:34:47.391]    </control>
[15:34:47.392]    <block atomic="false" info="">
[15:34:47.392]      __var DEBUG_PORT_VAL    = 0;
[15:34:47.392]        // -> [DEBUG_PORT_VAL <= 0x00000000]
[15:34:47.392]      __var ACCESS_POINT_VAL  = 0;
[15:34:47.392]        // -> [ACCESS_POINT_VAL <= 0x00000000]
[15:34:47.392]      __ap = 1; 
[15:34:47.392]        // -> [__ap <= 0x00000001]
[15:34:47.392]      WriteAP(0x0C, 0x04); //lets use the mini pwr-ap as backup
[15:34:47.396]        // -> [WriteAP(0x0000000C, 0x00000004)]   (__dp=0x00000000, __ap=0x00000001)
[15:34:47.396]      __ap = 4;
[15:34:47.396]        // -> [__ap <= 0x00000004]
[15:34:47.396]      ACCESS_POINT_VAL = ReadAP(0x00);//Reading current state of access point
[15:34:47.402]        // -> [ReadAP(0x00000000) => 0x00080027]   (__dp=0x00000000, __ap=0x00000004)
[15:34:47.402]        // -> [ACCESS_POINT_VAL <= 0x00080027]
[15:34:47.402]      Message(0, "Current state of access point is: %x",ACCESS_POINT_VAL);
[15:34:47.402]    </block>
[15:34:47.404]    <block atomic="false" info="">
[15:34:47.404]      __var nReset = 0x80;
[15:34:47.404]        // -> [nReset <= 0x00000080]
[15:34:47.404]      __var canReadPins = 0;
[15:34:47.404]        // -> [canReadPins <= 0x00000000]
[15:34:47.404]      canReadPins = (DAP_SWJ_Pins(0x00, nReset, 0) != 0xFFFFFFFF);
[15:34:47.404]        // -> [DAP_SWJ_Pins(0x00, 0x80, 0) => 0x0F]   (Out: nRESET=0  =>  In: SWCLK/TCK=1, SWDIO/TMS=1, TDI=1, TDO=1, nTRST=0, nRESET=0)
[15:34:47.404]        // -> [canReadPins <= 0x00000001]
[15:34:47.404]    </block>
[15:34:47.404]    <control if="" while="1" timeout="200" info="">
[15:34:47.407]      // while "1"  (timeout="200")
[15:34:47.407]      // while-condition  =>  TRUE
[15:34:47.407]      // while "1"  (timeout="200")
[15:34:47.407]      // while-condition  =>  TRUE
[15:34:47.407]      // while "1"  (timeout="200")
[15:34:47.407]      // while-condition  =>  TRUE
[15:34:47.407]      // while "1"  (timeout="200")
[15:34:47.407]      // while-condition  =>  TRUE
[15:34:47.407]      // while "1"  (timeout="200")
[15:34:47.407]      // while-condition  =>  TRUE
[15:34:47.407]      // while "1"  (timeout="200")
[15:34:47.407]      // while-condition  =>  TRUE
[15:34:47.407]      // while "1"  (timeout="200")
[15:34:47.407]      // while-condition  =>  TRUE
[15:34:47.407]      // while "1"  (timeout="200")
[15:34:47.407]      // while-condition  =>  TRUE
[15:34:47.407]      // while "1"  (timeout="200")
[15:34:47.407]      // while-condition  =>  TRUE
[15:34:47.407]      // while "1"  (timeout="200")
[15:34:47.407]      // while-condition  =>  TRUE
[15:34:47.407]      // while "1"  (timeout="200")
[15:34:47.407]      // while-condition  =>  TRUE
[15:34:47.407]      // while "1"  (timeout="200")
[15:34:47.407]      // while-condition  =>  TRUE
[15:34:47.407]      // while "1"  (timeout="200")
[15:34:47.407]      // while-condition  =>  TRUE
[15:34:47.407]      // while "1"  (timeout="200")
[15:34:47.407]      // while-condition  =>  TRUE
[15:34:47.407]      // while "1"  (timeout="200")
[15:34:47.407]      // while-condition  =>  TRUE
[15:34:47.407]      // while "1"  (timeout="200")
[15:34:47.407]      // while-condition  =>  TRUE
[15:34:47.407]      // while "1"  (timeout="200")
[15:34:47.407]      // while-condition  =>  TRUE
[15:34:47.407]      // while "1"  (timeout="200")
[15:34:47.407]      // while-condition  =>  TRUE
[15:34:47.407]      // while "1"  (timeout="200")
[15:34:47.407]      // while-condition  =>  TRUE
[15:34:47.407]      // while "1"  (timeout="200")
[15:34:47.407]      // while-condition  =>  TRUE
[15:34:47.407]      // while "1"  (timeout="200")
[15:34:47.407]      // while-condition  =>  TRUE
[15:34:47.407]      // while "1"  (timeout="200")
[15:34:47.407]      // while-condition  =>  TRUE
[15:34:47.407]      // while "1"  (timeout="200")
[15:34:47.407]      // while-condition  =>  TRUE
[15:34:47.407]      // while "1"  (timeout="200")
[15:34:47.407]      // while-condition  =>  TRUE
[15:34:47.407]      // while "1"  (timeout="200")
[15:34:47.407]      // while-condition  =>  TRUE
[15:34:47.407]      // while "1"  (timeout="200")
[15:34:47.407]      // while-condition  =>  TRUE
[15:34:47.407]      // while "1"  (timeout="200")
[15:34:47.407]      // while-condition  =>  TRUE
[15:34:47.407]      // while "1"  (timeout="200")
[15:34:47.407]      // while-condition  =>  TRUE
[15:34:47.407]      // while "1"  (timeout="200")
[15:34:47.407]      // while-condition  =>  TRUE
[15:34:47.407]      // while "1"  (timeout="200")
[15:34:47.407]      // while-condition  =>  TRUE
[15:34:47.407]      // while "1"  (timeout="200")
[15:34:47.407]      // while-condition  =>  TRUE
[15:34:47.411]      // while "1"  (timeout="200")
[15:34:47.411]      // while-condition  =>  TRUE
[15:34:47.411]      // while "1"  (timeout="200")
[15:34:47.411]      // while-condition  =>  TRUE
[15:34:47.411]      // while "1"  (timeout="200")
[15:34:47.411]      // while-condition  =>  TRUE
[15:34:47.411]      // while "1"  (timeout="200")
[15:34:47.411]      // while-condition  =>  TRUE
[15:34:47.411]      // while "1"  (timeout="200")
[15:34:47.411]      // while-condition  =>  TRUE
[15:34:47.411]      // while "1"  (timeout="200")
[15:34:47.411]      // while-condition  =>  TRUE
[15:34:47.411]      // while "1"  (timeout="200")
[15:34:47.411]      // while-condition  =>  TRUE
[15:34:47.412]      // while "1"  (timeout="200")
[15:34:47.412]      // while-condition  =>  TRUE
[15:34:47.412]      // while "1"  (timeout="200")
[15:34:47.412]      // while-condition  =>  TRUE
[15:34:47.412]      // while "1"  (timeout="200")
[15:34:47.412]      // while-condition  =>  TRUE
[15:34:47.412]      // while "1"  (timeout="200")
[15:34:47.412]      // while-condition  =>  TRUE
[15:34:47.412]      // while "1"  (timeout="200")
[15:34:47.412]      // while-condition  =>  TRUE
[15:34:47.412]      // while "1"  (timeout="200")
[15:34:47.412]      // while-condition  =>  TRUE
[15:34:47.412]      // while "1"  (timeout="200")
[15:34:47.412]      // while-condition  =>  TRUE
[15:34:47.412]      // while "1"  (timeout="200")
[15:34:47.412]      // while-condition  =>  TRUE
[15:34:47.412]      // while "1"  (timeout="200")
[15:34:47.412]      // while-condition  =>  TRUE
[15:34:47.412]      // while "1"  (timeout="200")
[15:34:47.412]      // while-condition  =>  TRUE
[15:34:47.412]      // while "1"  (timeout="200")
[15:34:47.412]      // while-condition  =>  TRUE
[15:34:47.412]      // while "1"  (timeout="200")
[15:34:47.412]      // while-condition  =>  TRUE
[15:34:47.412]      // while "1"  (timeout="200")
[15:34:47.412]      // while-condition  =>  TRUE
[15:34:47.412]      // while "1"  (timeout="200")
[15:34:47.412]      // while-condition  =>  TRUE
[15:34:47.412]      // while "1"  (timeout="200")
[15:34:47.412]      // while-condition  =>  TRUE
[15:34:47.412]      // while "1"  (timeout="200")
[15:34:47.412]      // while-condition  =>  TRUE
[15:34:47.412]      // while "1"  (timeout="200")
[15:34:47.412]      // while-condition  =>  TRUE
[15:34:47.412]      // while "1"  (timeout="200")
[15:34:47.412]      // while-condition  =>  TRUE
[15:34:47.412]      // while "1"  (timeout="200")
[15:34:47.412]      // while-condition  =>  TRUE
[15:34:47.412]      // while "1"  (timeout="200")
[15:34:47.412]      // while-condition  =>  TRUE
[15:34:47.412]      // while "1"  (timeout="200")
[15:34:47.412]      // while-condition  =>  TRUE
[15:34:47.412]      // while "1"  (timeout="200")
[15:34:47.412]      // while-condition  =>  TRUE
[15:34:47.412]      // while "1"  (timeout="200")
[15:34:47.412]      // while-condition  =>  TRUE
[15:34:47.412]      // while "1"  (timeout="200")
[15:34:47.412]      // while-condition  =>  TRUE
[15:34:47.412]      // while "1"  (timeout="200")
[15:34:47.412]      // while-condition  =>  TRUE
[15:34:47.412]      // while "1"  (timeout="200")
[15:34:47.412]      // while-condition  =>  TRUE
[15:34:47.412]      // while "1"  (timeout="200")
[15:34:47.416]      // while-condition  =>  TRUE
[15:34:47.416]      // while "1"  (timeout="200")
[15:34:47.416]      // while-condition  =>  TRUE
[15:34:47.416]      // while "1"  (timeout="200")
[15:34:47.416]      // while-condition  =>  TRUE
[15:34:47.416]      // while "1"  (timeout="200")
[15:34:47.416]      // while-condition  =>  TRUE
[15:34:47.416]      // while "1"  (timeout="200")
[15:34:47.416]      // while-condition  =>  TRUE
[15:34:47.416]      // while "1"  (timeout="200")
[15:34:47.416]      // while-condition  =>  TRUE
[15:34:47.416]      // while "1"  (timeout="200")
[15:34:47.416]      // while-condition  =>  TRUE
[15:34:47.416]      // while "1"  (timeout="200")
[15:34:47.416]      // while-condition  =>  TRUE
[15:34:47.416]      // while "1"  (timeout="200")
[15:34:47.416]      // while-condition  =>  TRUE
[15:34:47.416]      // while "1"  (timeout="200")
[15:34:47.416]      // while-condition  =>  TRUE
[15:34:47.416]      // while "1"  (timeout="200")
[15:34:47.416]      // while-condition  =>  TRUE
[15:34:47.416]      // while "1"  (timeout="200")
[15:34:47.416]      // while-condition  =>  TRUE
[15:34:47.416]      // while "1"  (timeout="200")
[15:34:47.416]      // while-condition  =>  TRUE
[15:34:47.416]      // while "1"  (timeout="200")
[15:34:47.421]      // while-condition  =>  TRUE
[15:34:47.421]      // while "1"  (timeout="200")
[15:34:47.421]      // while  =>  TIMEOUT
[15:34:47.421]      // end while "1"
[15:34:47.421]    </control>
[15:34:47.421]    <control if="canReadPins" while="" timeout="0" info="">
[15:34:47.421]      // if-block "canReadPins"
[15:34:47.421]        // =>  TRUE
[15:34:47.421]      <control if="" while="(DAP_SWJ_Pins(nReset, nReset, 0) & nReset) == 0" timeout="1000000" info="">
[15:34:47.421]        // while "(DAP_SWJ_Pins(nReset, nReset, 0) & nReset) == 0"  (timeout="1000000")
[15:34:47.424]          // -> [DAP_SWJ_Pins(0x80, 0x80, 0) => 0x8F]   (Out: nRESET=1  =>  In: SWCLK/TCK=1, SWDIO/TMS=1, TDI=1, TDO=1, nTRST=0, nRESET=1)
[15:34:47.424]        // while-condition  =>  FALSE
[15:34:47.424]        // end while "(DAP_SWJ_Pins(nReset, nReset, 0) & nReset) == 0"
[15:34:47.424]      </control>
[15:34:47.425]      // end if-block "canReadPins"
[15:34:47.425]    </control>
[15:34:47.425]    <control if="!canReadPins" while="" timeout="0" info="">
[15:34:47.425]      // if-block "!canReadPins"
[15:34:47.425]        // =>  FALSE
[15:34:47.425]      // skip if-block "!canReadPins"
[15:34:47.425]    </control>
[15:34:47.425]    <control if="(ACCESS_POINT_VAL & 0x00E00000) == 0" while="" timeout="0" info="">
[15:34:47.425]      // if-block "(ACCESS_POINT_VAL & 0x00E00000) == 0"
[15:34:47.425]        // =>  TRUE
[15:34:47.425]      <block atomic="false" info="">
[15:34:47.425]        WriteAP(0x00, 0x190008);
[15:34:47.427]          // -> [WriteAP(0x00000000, 0x00190008)]   (__dp=0x00000000, __ap=0x00000004)
[15:34:47.427]        WriteAP(0xF0, 0x01);
[15:34:47.433]          // -> [WriteAP(0x000000F0, 0x00000001)]   (__dp=0x00000000, __ap=0x00000004)
[15:34:47.433]      </block>
[15:34:47.433]      // end if-block "(ACCESS_POINT_VAL & 0x00E00000) == 0"
[15:34:47.433]    </control>
[15:34:47.433]    <control if="(ACCESS_POINT_VAL & 0x00E00000) != 0" while="" timeout="0" info="">
[15:34:47.434]      // if-block "(ACCESS_POINT_VAL & 0x00E00000) != 0"
[15:34:47.434]        // =>  FALSE
[15:34:47.434]      // skip if-block "(ACCESS_POINT_VAL & 0x00E00000) != 0"
[15:34:47.434]    </control>
[15:34:47.434]    <block atomic="false" info="">
[15:34:47.434]      ACCESS_POINT_VAL = ReadAP(0x00);//Reading current state of access point
[15:34:47.438]        // -> [ReadAP(0x00000000) => 0x0079002F]   (__dp=0x00000000, __ap=0x00000004)
[15:34:47.438]        // -> [ACCESS_POINT_VAL <= 0x0079002F]
[15:34:47.438]      Message(0, "Current state of access point is: %x",ACCESS_POINT_VAL);
[15:34:47.441]      __ap = 0; //lets make sure we reset the access point selection
[15:34:47.441]        // -> [__ap <= 0x00000000]
[15:34:47.441]    </block>
[15:34:47.441]  </sequence>
[15:34:47.441]  
[15:34:47.467]  **********  Sequence "DebugDeviceUnlock"  (Context="Connect", Pname="", info="")
[15:34:47.467]  
[15:34:47.468]  <debugvars>
[15:34:47.468]    // Pre-defined
[15:34:47.468]    __protocol=0x00010002      (Protocol="SWD", SWJ-DP="True")
[15:34:47.468]    __connection=0x00000202    (Connection Type="Flash", Reset Type="System Reset")
[15:34:47.468]    __dp=0x00000000
[15:34:47.468]    __ap=0x00000000
[15:34:47.468]    __traceout=0x00000000      (Trace Disabled)
[15:34:47.468]    __errorcontrol=0x00000000  (Skip Errors="False")
[15:34:47.468]    __FlashAddr=0x00000000
[15:34:47.468]    __FlashLen=0x00000000
[15:34:47.468]    __FlashArg=0x00000000
[15:34:47.468]    __FlashOp=0x00000000
[15:34:47.468]    __Result=0x00000000
[15:34:47.469]  </debugvars>
[15:34:47.469]  
[15:34:47.469]  <sequence name="DebugDeviceUnlock" Pname="" disable="false" info="">
[15:34:47.469]    <block atomic="false" info="">
[15:34:47.469]      __var deviceID = 0;
[15:34:47.469]        // -> [deviceID <= 0x00000000]
[15:34:47.469]      __var version = 0;
[15:34:47.469]        // -> [version <= 0x00000000]
[15:34:47.469]      __var partNum = 0;
[15:34:47.469]        // -> [partNum <= 0x00000000]
[15:34:47.469]      __var manuf = 0;
[15:34:47.469]        // -> [manuf <= 0x00000000]
[15:34:47.469]      __var isMSPM0G1X0X_G3X0X = 0;
[15:34:47.469]        // -> [isMSPM0G1X0X_G3X0X <= 0x00000000]
[15:34:47.469]      __var isProduction = 0;
[15:34:47.469]        // -> [isProduction <= 0x00000000]
[15:34:47.469]      __var continueId = 0;
[15:34:47.469]        // -> [continueId <= 0x00000000]
[15:34:47.469]      deviceID =   Read32(0x41C40004);
[15:34:47.478]        // -> [Read32(0x41C40004) => 0x2BB8802F]   (__dp=0x00000000, __ap=0x00000000)
[15:34:47.479]        // -> [deviceID <= 0x2BB8802F]
[15:34:47.479]      version = deviceID >> 28;
[15:34:47.479]        // -> [version <= 0x00000002]
[15:34:47.479]      partNum = (deviceID & 0x0FFFF000) >> 12;
[15:34:47.479]        // -> [partNum <= 0x0000BB88]
[15:34:47.479]      manuf = (deviceID & 0x00000FFE) >> 1;
[15:34:47.479]        // -> [manuf <= 0x00000017]
[15:34:47.479]      isMSPM0G1X0X_G3X0X = (partNum == 0xBB88) && (manuf == 0x17);
[15:34:47.479]        // -> [isMSPM0G1X0X_G3X0X <= 0x00000001]
[15:34:47.479]      isProduction = (version > 0);
[15:34:47.479]        // -> [isProduction <= 0x00000001]
[15:34:47.479]    </block>
[15:34:47.479]    <control if="!isMSPM0G1X0X_G3X0X" while="" timeout="0" info="">
[15:34:47.479]      // if-block "!isMSPM0G1X0X_G3X0X"
[15:34:47.479]        // =>  FALSE
[15:34:47.479]      // skip if-block "!isMSPM0G1X0X_G3X0X"
[15:34:47.479]    </control>
[15:34:47.479]    <control if="continueId == 4" while="" timeout="0" info="">
[15:34:47.479]      // if-block "continueId == 4"
[15:34:47.479]        // =>  FALSE
[15:34:47.479]      // skip if-block "continueId == 4"
[15:34:47.479]    </control>
[15:34:47.479]    <control if="!isProduction" while="" timeout="0" info="">
[15:34:47.481]      // if-block "!isProduction"
[15:34:47.481]        // =>  FALSE
[15:34:47.481]      // skip if-block "!isProduction"
[15:34:47.481]    </control>
[15:34:47.481]  </sequence>
[15:34:47.481]  
[15:41:43.751]  **********  Sequence "DebugPortSetup"  (Context="Connect", Pname="", info="")
[15:41:43.751]  
[15:41:43.751]  <debugvars>
[15:41:43.751]    // Pre-defined
[15:41:43.751]    __protocol=0x00010002      (Protocol="SWD", SWJ-DP="True")
[15:41:43.751]    __connection=0x00000202    (Connection Type="Flash", Reset Type="System Reset")
[15:41:43.751]    __dp=0x00000000
[15:41:43.751]    __ap=0x00000000
[15:41:43.755]    __traceout=0x00000000      (Trace Disabled)
[15:41:43.755]    __errorcontrol=0x00000000  (Skip Errors="False")
[15:41:43.755]    __FlashAddr=0x00000000
[15:41:43.755]    __FlashLen=0x00000000
[15:41:43.755]    __FlashArg=0x00000000
[15:41:43.755]    __FlashOp=0x00000000
[15:41:43.755]    __Result=0x00000000
[15:41:43.755]  </debugvars>
[15:41:43.755]  
[15:41:43.755]  <sequence name="DebugPortSetup" Pname="" disable="false" info="">
[15:41:43.755]    <block atomic="false" info="">
[15:41:43.755]      __var isSWJ      = ((__protocol & 0x00010000) != 0);
[15:41:43.755]        // -> [isSWJ <= 0x00000001]
[15:41:43.757]      __var hasDormant = __protocol & 0x00020000;
[15:41:43.757]        // -> [hasDormant <= 0x00000000]
[15:41:43.757]      __var protType   = __protocol & 0x0000FFFF;
[15:41:43.757]        // -> [protType <= 0x00000002]
[15:41:43.757]    </block>
[15:41:43.757]    <control if="protType == 1" while="" timeout="0" info="">
[15:41:43.757]      // if-block "protType == 1"
[15:41:43.757]        // =>  FALSE
[15:41:43.757]      // skip if-block "protType == 1"
[15:41:43.757]    </control>
[15:41:43.757]    <control if="protType == 2" while="" timeout="0" info="">
[15:41:43.757]      // if-block "protType == 2"
[15:41:43.757]        // =>  TRUE
[15:41:43.757]      <control if="isSWJ" while="" timeout="0" info="">
[15:41:43.757]        // if-block "isSWJ"
[15:41:43.757]          // =>  TRUE
[15:41:43.757]        <control if="hasDormant" while="" timeout="0" info="">
[15:41:43.757]          // if-block "hasDormant"
[15:41:43.757]            // =>  FALSE
[15:41:43.757]          // skip if-block "hasDormant"
[15:41:43.757]        </control>
[15:41:43.757]        <control if="!hasDormant" while="" timeout="0" info="">
[15:41:43.757]          // if-block "!hasDormant"
[15:41:43.757]            // =>  TRUE
[15:41:43.757]          <block atomic="false" info="">
[15:41:43.757]            DAP_SWJ_Sequence(51, 0x0007FFFFFFFFFFFF); //lets put the JTAG line in a reset state
[15:41:43.757]              // -> [DAP_SWJ_Sequence(51, 0x0007FFFFFFFFFFFF)]
[15:41:43.757]            DAP_SWJ_Sequence(16,0xE73C); //SWD to JTAG, this is to ensure the state machine is initialized
[15:41:43.762]              // -> [DAP_SWJ_Sequence(16, 0x000000000000E73C)]
[15:41:43.762]            DAP_SWJ_Sequence(51, 0x0007FFFFFFFFFFFF); //Put it back in reset
[15:41:43.762]              // -> [DAP_SWJ_Sequence(51, 0x0007FFFFFFFFFFFF)]
[15:41:43.762]            DAP_SWJ_Sequence(16, 0xE79E); //JTAG to SWD switch
[15:41:43.766]              // -> [DAP_SWJ_Sequence(16, 0x000000000000E79E)]
[15:41:43.767]            DAP_SWJ_Sequence(51, 0x0007FFFFFFFFFFFF);  //Ensure the switch is successful 
[15:41:43.767]              // -> [DAP_SWJ_Sequence(51, 0x0007FFFFFFFFFFFF)]
[15:41:43.767]            DAP_SWJ_Sequence(7,  0x00); //Give the line some time to initialize
[15:41:43.767]              // -> [DAP_SWJ_Sequence(7, 0x0000000000000000)]
[15:41:43.767]          </block>
[15:41:43.767]          // end if-block "!hasDormant"
[15:41:43.772]        </control>
[15:41:43.772]        // end if-block "isSWJ"
[15:41:43.772]      </control>
[15:41:43.772]      <control if="!isSWJ" while="" timeout="0" info="">
[15:41:43.772]        // if-block "!isSWJ"
[15:41:43.772]          // =>  FALSE
[15:41:43.772]        // skip if-block "!isSWJ"
[15:41:43.772]      </control>
[15:41:43.774]      <block atomic="false" info="">
[15:41:43.774]        ReadDP(0x0);
[15:41:43.774]          // -> [ReadDP(0x00000000) => 0x6BA02477]   (__dp=0x00000000)
[15:41:43.774]      </block>
[15:41:43.774]      // end if-block "protType == 2"
[15:41:43.774]    </control>
[15:41:43.774]  </sequence>
[15:41:43.774]  
[15:41:43.778]  **********  Sequence "DebugPortStart"  (Context="Connect", Pname="", info="")
[15:41:43.778]  
[15:41:43.780]  <debugvars>
[15:41:43.780]    // Pre-defined
[15:41:43.780]    __protocol=0x00010002      (Protocol="SWD", SWJ-DP="True")
[15:41:43.780]    __connection=0x00000202    (Connection Type="Flash", Reset Type="System Reset")
[15:41:43.780]    __dp=0x00000000
[15:41:43.780]    __ap=0x00000000
[15:41:43.780]    __traceout=0x00000000      (Trace Disabled)
[15:41:43.780]    __errorcontrol=0x00000000  (Skip Errors="False")
[15:41:43.780]    __FlashAddr=0x00000000
[15:41:43.780]    __FlashLen=0x00000000
[15:41:43.780]    __FlashArg=0x00000000
[15:41:43.780]    __FlashOp=0x00000000
[15:41:43.780]    __Result=0x00000000
[15:41:43.780]  </debugvars>
[15:41:43.780]  
[15:41:43.780]  <sequence name="DebugPortStart" Pname="" disable="false" info="">
[15:41:43.780]    <block atomic="false" info="">
[15:41:43.780]      __var SW_DP_ABORT       = 0x0;
[15:41:43.780]        // -> [SW_DP_ABORT <= 0x00000000]
[15:41:43.780]      __var DP_CTRL_STAT      = 0x4;
[15:41:43.780]        // -> [DP_CTRL_STAT <= 0x00000004]
[15:41:43.780]      __var DP_SELECT         = 0x8;
[15:41:43.780]        // -> [DP_SELECT <= 0x00000008]
[15:41:43.780]      __var powered_down      = 0;
[15:41:43.780]        // -> [powered_down <= 0x00000000]
[15:41:43.780]      WriteDP(DP_SELECT, 0x00000000);
[15:41:43.782]        // -> [WriteDP(0x00000008, 0x00000000)]   (__dp=0x00000000)
[15:41:43.784]      powered_down = ((ReadDP(DP_CTRL_STAT) & 0xA0000000) != 0xA0000000);
[15:41:43.784]        // -> [ReadDP(0x00000004) => 0x00000040]   (__dp=0x00000000)
[15:41:43.784]        // -> [powered_down <= 0x00000001]
[15:41:43.784]    </block>
[15:41:43.784]    <control if="powered_down" while="" timeout="0" info="">
[15:41:43.784]      // if-block "powered_down"
[15:41:43.784]        // =>  TRUE
[15:41:43.784]      <block atomic="false" info="">
[15:41:43.784]        Message(0, "Debug/System power-up request sent");
[15:41:43.787]        WriteDP(DP_CTRL_STAT, 0x50000000);
[15:41:43.789]          // -> [WriteDP(0x00000004, 0x50000000)]   (__dp=0x00000000)
[15:41:43.789]      </block>
[15:41:43.789]      <control if="" while="(ReadDP(DP_CTRL_STAT) & 0xA0000000) != 0xA0000000" timeout="1000000" info="">
[15:41:43.789]        // while "(ReadDP(DP_CTRL_STAT) & 0xA0000000) != 0xA0000000"  (timeout="1000000")
[15:41:43.791]          // -> [ReadDP(0x00000004) => 0xF0000040]   (__dp=0x00000000)
[15:41:43.791]        // while-condition  =>  FALSE
[15:41:43.791]        // end while "(ReadDP(DP_CTRL_STAT) & 0xA0000000) != 0xA0000000"
[15:41:43.791]      </control>
[15:41:43.791]      <control if="(__protocol & 0xFFFF) == 1" while="" timeout="0" info="">
[15:41:43.791]        // if-block "(__protocol & 0xFFFF) == 1"
[15:41:43.791]          // =>  FALSE
[15:41:43.793]        // skip if-block "(__protocol & 0xFFFF) == 1"
[15:41:43.793]      </control>
[15:41:43.793]      <control if="(__protocol & 0xFFFF) == 2" while="" timeout="0" info="">
[15:41:43.793]        // if-block "(__protocol & 0xFFFF) == 2"
[15:41:43.793]          // =>  TRUE
[15:41:43.793]        <block atomic="false" info="">
[15:41:43.793]          Message(0, "executing SWD power up");
[15:41:43.793]          WriteDP(DP_CTRL_STAT, 0x50000F00);
[15:41:43.796]            // -> [WriteDP(0x00000004, 0x50000F00)]   (__dp=0x00000000)
[15:41:43.796]          WriteDP(SW_DP_ABORT, 0x0000001E);
[15:41:43.797]            // -> [WriteDP(0x00000000, 0x0000001E)]   (__dp=0x00000000)
[15:41:43.797]        </block>
[15:41:43.797]        // end if-block "(__protocol & 0xFFFF) == 2"
[15:41:43.797]      </control>
[15:41:43.797]      // end if-block "powered_down"
[15:41:43.797]    </control>
[15:41:43.797]    <block atomic="false" info="">
[15:41:43.797]      __var DEBUG_PORT_VAL    = 0;
[15:41:43.799]        // -> [DEBUG_PORT_VAL <= 0x00000000]
[15:41:43.799]      __var ACCESS_POINT_VAL  = 0;
[15:41:43.799]        // -> [ACCESS_POINT_VAL <= 0x00000000]
[15:41:43.799]      __ap = 1; 
[15:41:43.799]        // -> [__ap <= 0x00000001]
[15:41:43.799]      WriteAP(0x0C, 0x04); //lets use the mini pwr-ap as backup
[15:41:43.803]        // -> [WriteAP(0x0000000C, 0x00000004)]   (__dp=0x00000000, __ap=0x00000001)
[15:41:43.803]      __ap = 4;
[15:41:43.803]        // -> [__ap <= 0x00000004]
[15:41:43.803]      ACCESS_POINT_VAL = ReadAP(0x00);//Reading current state of access point
[15:41:43.807]        // -> [ReadAP(0x00000000) => 0x00080027]   (__dp=0x00000000, __ap=0x00000004)
[15:41:43.807]        // -> [ACCESS_POINT_VAL <= 0x00080027]
[15:41:43.807]      Message(0, "Current state of access point is: %x",ACCESS_POINT_VAL);
[15:41:43.807]    </block>
[15:41:43.809]    <block atomic="false" info="">
[15:41:43.809]      __var nReset = 0x80;
[15:41:43.809]        // -> [nReset <= 0x00000080]
[15:41:43.809]      __var canReadPins = 0;
[15:41:43.809]        // -> [canReadPins <= 0x00000000]
[15:41:43.809]      canReadPins = (DAP_SWJ_Pins(0x00, nReset, 0) != 0xFFFFFFFF);
[15:41:43.811]        // -> [DAP_SWJ_Pins(0x00, 0x80, 0) => 0x0F]   (Out: nRESET=0  =>  In: SWCLK/TCK=1, SWDIO/TMS=1, TDI=1, TDO=1, nTRST=0, nRESET=0)
[15:41:43.811]        // -> [canReadPins <= 0x00000001]
[15:41:43.811]    </block>
[15:41:43.811]    <control if="" while="1" timeout="200" info="">
[15:41:43.811]      // while "1"  (timeout="200")
[15:41:43.811]      // while-condition  =>  TRUE
[15:41:43.811]      // while "1"  (timeout="200")
[15:41:43.811]      // while-condition  =>  TRUE
[15:41:43.811]      // while "1"  (timeout="200")
[15:41:43.811]      // while-condition  =>  TRUE
[15:41:43.811]      // while "1"  (timeout="200")
[15:41:43.811]      // while-condition  =>  TRUE
[15:41:43.811]      // while "1"  (timeout="200")
[15:41:43.811]      // while-condition  =>  TRUE
[15:41:43.811]      // while "1"  (timeout="200")
[15:41:43.811]      // while-condition  =>  TRUE
[15:41:43.811]      // while "1"  (timeout="200")
[15:41:43.811]      // while-condition  =>  TRUE
[15:41:43.811]      // while "1"  (timeout="200")
[15:41:43.811]      // while-condition  =>  TRUE
[15:41:43.811]      // while "1"  (timeout="200")
[15:41:43.811]      // while-condition  =>  TRUE
[15:41:43.811]      // while "1"  (timeout="200")
[15:41:43.811]      // while-condition  =>  TRUE
[15:41:43.811]      // while "1"  (timeout="200")
[15:41:43.811]      // while-condition  =>  TRUE
[15:41:43.816]      // while "1"  (timeout="200")
[15:41:43.816]      // while-condition  =>  TRUE
[15:41:43.816]      // while "1"  (timeout="200")
[15:41:43.816]      // while-condition  =>  TRUE
[15:41:43.816]      // while "1"  (timeout="200")
[15:41:43.816]      // while-condition  =>  TRUE
[15:41:43.816]      // while "1"  (timeout="200")
[15:41:43.816]      // while-condition  =>  TRUE
[15:41:43.816]      // while "1"  (timeout="200")
[15:41:43.816]      // while-condition  =>  TRUE
[15:41:43.816]      // while "1"  (timeout="200")
[15:41:43.816]      // while-condition  =>  TRUE
[15:41:43.816]      // while "1"  (timeout="200")
[15:41:43.816]      // while-condition  =>  TRUE
[15:41:43.816]      // while "1"  (timeout="200")
[15:41:43.816]      // while-condition  =>  TRUE
[15:41:43.816]      // while "1"  (timeout="200")
[15:41:43.816]      // while-condition  =>  TRUE
[15:41:43.816]      // while "1"  (timeout="200")
[15:41:43.816]      // while-condition  =>  TRUE
[15:41:43.816]      // while "1"  (timeout="200")
[15:41:43.816]      // while-condition  =>  TRUE
[15:41:43.816]      // while "1"  (timeout="200")
[15:41:43.816]      // while-condition  =>  TRUE
[15:41:43.816]      // while "1"  (timeout="200")
[15:41:43.816]      // while-condition  =>  TRUE
[15:41:43.816]      // while "1"  (timeout="200")
[15:41:43.816]      // while-condition  =>  TRUE
[15:41:43.816]      // while "1"  (timeout="200")
[15:41:43.816]      // while-condition  =>  TRUE
[15:41:43.816]      // while "1"  (timeout="200")
[15:41:43.816]      // while-condition  =>  TRUE
[15:41:43.816]      // while "1"  (timeout="200")
[15:41:43.816]      // while-condition  =>  TRUE
[15:41:43.816]      // while "1"  (timeout="200")
[15:41:43.816]      // while-condition  =>  TRUE
[15:41:43.816]      // while "1"  (timeout="200")
[15:41:43.816]      // while-condition  =>  TRUE
[15:41:43.816]      // while "1"  (timeout="200")
[15:41:43.816]      // while-condition  =>  TRUE
[15:41:43.816]      // while "1"  (timeout="200")
[15:41:43.816]      // while-condition  =>  TRUE
[15:41:43.816]      // while "1"  (timeout="200")
[15:41:43.816]      // while-condition  =>  TRUE
[15:41:43.816]      // while "1"  (timeout="200")
[15:41:43.816]      // while-condition  =>  TRUE
[15:41:43.816]      // while "1"  (timeout="200")
[15:41:43.816]      // while-condition  =>  TRUE
[15:41:43.816]      // while "1"  (timeout="200")
[15:41:43.816]      // while-condition  =>  TRUE
[15:41:43.816]      // while "1"  (timeout="200")
[15:41:43.816]      // while-condition  =>  TRUE
[15:41:43.816]      // while "1"  (timeout="200")
[15:41:43.816]      // while-condition  =>  TRUE
[15:41:43.816]      // while "1"  (timeout="200")
[15:41:43.816]      // while-condition  =>  TRUE
[15:41:43.816]      // while "1"  (timeout="200")
[15:41:43.816]      // while-condition  =>  TRUE
[15:41:43.816]      // while "1"  (timeout="200")
[15:41:43.816]      // while-condition  =>  TRUE
[15:41:43.816]      // while "1"  (timeout="200")
[15:41:43.816]      // while-condition  =>  TRUE
[15:41:43.816]      // while "1"  (timeout="200")
[15:41:43.816]      // while-condition  =>  TRUE
[15:41:43.816]      // while "1"  (timeout="200")
[15:41:43.816]      // while-condition  =>  TRUE
[15:41:43.816]      // while "1"  (timeout="200")
[15:41:43.816]      // while-condition  =>  TRUE
[15:41:43.816]      // while "1"  (timeout="200")
[15:41:43.816]      // while-condition  =>  TRUE
[15:41:43.821]      // while "1"  (timeout="200")
[15:41:43.821]      // while-condition  =>  TRUE
[15:41:43.821]      // while "1"  (timeout="200")
[15:41:43.821]      // while-condition  =>  TRUE
[15:41:43.821]      // while "1"  (timeout="200")
[15:41:43.821]      // while-condition  =>  TRUE
[15:41:43.821]      // while "1"  (timeout="200")
[15:41:43.821]      // while-condition  =>  TRUE
[15:41:43.821]      // while "1"  (timeout="200")
[15:41:43.821]      // while-condition  =>  TRUE
[15:41:43.821]      // while "1"  (timeout="200")
[15:41:43.821]      // while-condition  =>  TRUE
[15:41:43.821]      // while "1"  (timeout="200")
[15:41:43.821]      // while-condition  =>  TRUE
[15:41:43.821]      // while "1"  (timeout="200")
[15:41:43.821]      // while-condition  =>  TRUE
[15:41:43.821]      // while "1"  (timeout="200")
[15:41:43.821]      // while-condition  =>  TRUE
[15:41:43.821]      // while "1"  (timeout="200")
[15:41:43.821]      // while-condition  =>  TRUE
[15:41:43.821]      // while "1"  (timeout="200")
[15:41:43.821]      // while-condition  =>  TRUE
[15:41:43.821]      // while "1"  (timeout="200")
[15:41:43.821]      // while-condition  =>  TRUE
[15:41:43.821]      // while "1"  (timeout="200")
[15:41:43.821]      // while-condition  =>  TRUE
[15:41:43.821]      // while "1"  (timeout="200")
[15:41:43.821]      // while-condition  =>  TRUE
[15:41:43.821]      // while "1"  (timeout="200")
[15:41:43.821]      // while-condition  =>  TRUE
[15:41:43.821]      // while "1"  (timeout="200")
[15:41:43.821]      // while-condition  =>  TRUE
[15:41:43.821]      // while "1"  (timeout="200")
[15:41:43.821]      // while-condition  =>  TRUE
[15:41:43.821]      // while "1"  (timeout="200")
[15:41:43.821]      // while-condition  =>  TRUE
[15:41:43.821]      // while "1"  (timeout="200")
[15:41:43.821]      // while-condition  =>  TRUE
[15:41:43.821]      // while "1"  (timeout="200")
[15:41:43.821]      // while-condition  =>  TRUE
[15:41:43.821]      // while "1"  (timeout="200")
[15:41:43.821]      // while-condition  =>  TRUE
[15:41:43.821]      // while "1"  (timeout="200")
[15:41:43.821]      // while-condition  =>  TRUE
[15:41:43.821]      // while "1"  (timeout="200")
[15:41:43.821]      // while-condition  =>  TRUE
[15:41:43.821]      // while "1"  (timeout="200")
[15:41:43.821]      // while-condition  =>  TRUE
[15:41:43.821]      // while "1"  (timeout="200")
[15:41:43.821]      // while-condition  =>  TRUE
[15:41:43.821]      // while "1"  (timeout="200")
[15:41:43.821]      // while-condition  =>  TRUE
[15:41:43.821]      // while "1"  (timeout="200")
[15:41:43.821]      // while-condition  =>  TRUE
[15:41:43.821]      // while "1"  (timeout="200")
[15:41:43.821]      // while-condition  =>  TRUE
[15:41:43.821]      // while "1"  (timeout="200")
[15:41:43.821]      // while-condition  =>  TRUE
[15:41:43.821]      // while "1"  (timeout="200")
[15:41:43.821]      // while-condition  =>  TRUE
[15:41:43.821]      // while "1"  (timeout="200")
[15:41:43.821]      // while-condition  =>  TRUE
[15:41:43.821]      // while "1"  (timeout="200")
[15:41:43.821]      // while-condition  =>  TRUE
[15:41:43.821]      // while "1"  (timeout="200")
[15:41:43.821]      // while-condition  =>  TRUE
[15:41:43.821]      // while "1"  (timeout="200")
[15:41:43.821]      // while-condition  =>  TRUE
[15:41:43.821]      // while "1"  (timeout="200")
[15:41:43.821]      // while-condition  =>  TRUE
[15:41:43.821]      // while "1"  (timeout="200")
[15:41:43.821]      // while-condition  =>  TRUE
[15:41:43.821]      // while "1"  (timeout="200")
[15:41:43.821]      // while-condition  =>  TRUE
[15:41:43.821]      // while "1"  (timeout="200")
[15:41:43.821]      // while-condition  =>  TRUE
[15:41:43.821]      // while "1"  (timeout="200")
[15:41:43.826]      // while-condition  =>  TRUE
[15:41:43.826]      // while "1"  (timeout="200")
[15:41:43.826]      // while  =>  TIMEOUT
[15:41:43.827]      // end while "1"
[15:41:43.827]    </control>
[15:41:43.827]    <control if="canReadPins" while="" timeout="0" info="">
[15:41:43.827]      // if-block "canReadPins"
[15:41:43.827]        // =>  TRUE
[15:41:43.827]      <control if="" while="(DAP_SWJ_Pins(nReset, nReset, 0) & nReset) == 0" timeout="1000000" info="">
[15:41:43.827]        // while "(DAP_SWJ_Pins(nReset, nReset, 0) & nReset) == 0"  (timeout="1000000")
[15:41:43.827]          // -> [DAP_SWJ_Pins(0x80, 0x80, 0) => 0x8F]   (Out: nRESET=1  =>  In: SWCLK/TCK=1, SWDIO/TMS=1, TDI=1, TDO=1, nTRST=0, nRESET=1)
[15:41:43.827]        // while-condition  =>  FALSE
[15:41:43.827]        // end while "(DAP_SWJ_Pins(nReset, nReset, 0) & nReset) == 0"
[15:41:43.827]      </control>
[15:41:43.827]      // end if-block "canReadPins"
[15:41:43.827]    </control>
[15:41:43.827]    <control if="!canReadPins" while="" timeout="0" info="">
[15:41:43.827]      // if-block "!canReadPins"
[15:41:43.827]        // =>  FALSE
[15:41:43.827]      // skip if-block "!canReadPins"
[15:41:43.827]    </control>
[15:41:43.827]    <control if="(ACCESS_POINT_VAL & 0x00E00000) == 0" while="" timeout="0" info="">
[15:41:43.827]      // if-block "(ACCESS_POINT_VAL & 0x00E00000) == 0"
[15:41:43.827]        // =>  TRUE
[15:41:43.827]      <block atomic="false" info="">
[15:41:43.827]        WriteAP(0x00, 0x190008);
[15:41:43.831]          // -> [WriteAP(0x00000000, 0x00190008)]   (__dp=0x00000000, __ap=0x00000004)
[15:41:43.831]        WriteAP(0xF0, 0x01);
[15:41:43.831]          // -> [WriteAP(0x000000F0, 0x00000001)]   (__dp=0x00000000, __ap=0x00000004)
[15:41:43.831]      </block>
[15:41:43.831]      // end if-block "(ACCESS_POINT_VAL & 0x00E00000) == 0"
[15:41:43.831]    </control>
[15:41:43.831]    <control if="(ACCESS_POINT_VAL & 0x00E00000) != 0" while="" timeout="0" info="">
[15:41:43.836]      // if-block "(ACCESS_POINT_VAL & 0x00E00000) != 0"
[15:41:43.836]        // =>  FALSE
[15:41:43.836]      // skip if-block "(ACCESS_POINT_VAL & 0x00E00000) != 0"
[15:41:43.836]    </control>
[15:41:43.836]    <block atomic="false" info="">
[15:41:43.836]      ACCESS_POINT_VAL = ReadAP(0x00);//Reading current state of access point
[15:41:43.841]        // -> [ReadAP(0x00000000) => 0x0079002F]   (__dp=0x00000000, __ap=0x00000004)
[15:41:43.841]        // -> [ACCESS_POINT_VAL <= 0x0079002F]
[15:41:43.841]      Message(0, "Current state of access point is: %x",ACCESS_POINT_VAL);
[15:41:43.841]      __ap = 0; //lets make sure we reset the access point selection
[15:41:43.841]        // -> [__ap <= 0x00000000]
[15:41:43.841]    </block>
[15:41:43.841]  </sequence>
[15:41:43.841]  
[15:41:43.867]  **********  Sequence "DebugDeviceUnlock"  (Context="Connect", Pname="", info="")
[15:41:43.867]  
[15:41:43.867]  <debugvars>
[15:41:43.867]    // Pre-defined
[15:41:43.867]    __protocol=0x00010002      (Protocol="SWD", SWJ-DP="True")
[15:41:43.867]    __connection=0x00000202    (Connection Type="Flash", Reset Type="System Reset")
[15:41:43.867]    __dp=0x00000000
[15:41:43.867]    __ap=0x00000000
[15:41:43.867]    __traceout=0x00000000      (Trace Disabled)
[15:41:43.867]    __errorcontrol=0x00000000  (Skip Errors="False")
[15:41:43.867]    __FlashAddr=0x00000000
[15:41:43.867]    __FlashLen=0x00000000
[15:41:43.867]    __FlashArg=0x00000000
[15:41:43.867]    __FlashOp=0x00000000
[15:41:43.867]    __Result=0x00000000
[15:41:43.867]  </debugvars>
[15:41:43.867]  
[15:41:43.867]  <sequence name="DebugDeviceUnlock" Pname="" disable="false" info="">
[15:41:43.867]    <block atomic="false" info="">
[15:41:43.867]      __var deviceID = 0;
[15:41:43.867]        // -> [deviceID <= 0x00000000]
[15:41:43.867]      __var version = 0;
[15:41:43.867]        // -> [version <= 0x00000000]
[15:41:43.867]      __var partNum = 0;
[15:41:43.867]        // -> [partNum <= 0x00000000]
[15:41:43.867]      __var manuf = 0;
[15:41:43.867]        // -> [manuf <= 0x00000000]
[15:41:43.867]      __var isMSPM0G1X0X_G3X0X = 0;
[15:41:43.867]        // -> [isMSPM0G1X0X_G3X0X <= 0x00000000]
[15:41:43.867]      __var isProduction = 0;
[15:41:43.867]        // -> [isProduction <= 0x00000000]
[15:41:43.867]      __var continueId = 0;
[15:41:43.867]        // -> [continueId <= 0x00000000]
[15:41:43.867]      deviceID =   Read32(0x41C40004);
[15:41:43.882]        // -> [Read32(0x41C40004) => 0x2BB8802F]   (__dp=0x00000000, __ap=0x00000000)
[15:41:43.882]        // -> [deviceID <= 0x2BB8802F]
[15:41:43.882]      version = deviceID >> 28;
[15:41:43.882]        // -> [version <= 0x00000002]
[15:41:43.882]      partNum = (deviceID & 0x0FFFF000) >> 12;
[15:41:43.882]        // -> [partNum <= 0x0000BB88]
[15:41:43.882]      manuf = (deviceID & 0x00000FFE) >> 1;
[15:41:43.882]        // -> [manuf <= 0x00000017]
[15:41:43.882]      isMSPM0G1X0X_G3X0X = (partNum == 0xBB88) && (manuf == 0x17);
[15:41:43.882]        // -> [isMSPM0G1X0X_G3X0X <= 0x00000001]
[15:41:43.882]      isProduction = (version > 0);
[15:41:43.882]        // -> [isProduction <= 0x00000001]
[15:41:43.882]    </block>
[15:41:43.882]    <control if="!isMSPM0G1X0X_G3X0X" while="" timeout="0" info="">
[15:41:43.882]      // if-block "!isMSPM0G1X0X_G3X0X"
[15:41:43.882]        // =>  FALSE
[15:41:43.882]      // skip if-block "!isMSPM0G1X0X_G3X0X"
[15:41:43.882]    </control>
[15:41:43.882]    <control if="continueId == 4" while="" timeout="0" info="">
[15:41:43.882]      // if-block "continueId == 4"
[15:41:43.882]        // =>  FALSE
[15:41:43.882]      // skip if-block "continueId == 4"
[15:41:43.882]    </control>
[15:41:43.882]    <control if="!isProduction" while="" timeout="0" info="">
[15:41:43.882]      // if-block "!isProduction"
[15:41:43.882]        // =>  FALSE
[15:41:43.882]      // skip if-block "!isProduction"
[15:41:43.882]    </control>
[15:41:43.882]  </sequence>
[15:41:43.882]  
[15:47:57.246]  **********  Sequence "DebugPortSetup"  (Context="Connect", Pname="", info="")
[15:47:57.246]  
[15:47:57.247]  <debugvars>
[15:47:57.247]    // Pre-defined
[15:47:57.247]    __protocol=0x00010002      (Protocol="SWD", SWJ-DP="True")
[15:47:57.247]    __connection=0x00000202    (Connection Type="Flash", Reset Type="System Reset")
[15:47:57.247]    __dp=0x00000000
[15:47:57.247]    __ap=0x00000000
[15:47:57.247]    __traceout=0x00000000      (Trace Disabled)
[15:47:57.247]    __errorcontrol=0x00000000  (Skip Errors="False")
[15:47:57.247]    __FlashAddr=0x00000000
[15:47:57.247]    __FlashLen=0x00000000
[15:47:57.247]    __FlashArg=0x00000000
[15:47:57.247]    __FlashOp=0x00000000
[15:47:57.247]    __Result=0x00000000
[15:47:57.247]  </debugvars>
[15:47:57.247]  
[15:47:57.247]  <sequence name="DebugPortSetup" Pname="" disable="false" info="">
[15:47:57.247]    <block atomic="false" info="">
[15:47:57.247]      __var isSWJ      = ((__protocol & 0x00010000) != 0);
[15:47:57.247]        // -> [isSWJ <= 0x00000001]
[15:47:57.247]      __var hasDormant = __protocol & 0x00020000;
[15:47:57.247]        // -> [hasDormant <= 0x00000000]
[15:47:57.247]      __var protType   = __protocol & 0x0000FFFF;
[15:47:57.247]        // -> [protType <= 0x00000002]
[15:47:57.247]    </block>
[15:47:57.247]    <control if="protType == 1" while="" timeout="0" info="">
[15:47:57.247]      // if-block "protType == 1"
[15:47:57.247]        // =>  FALSE
[15:47:57.247]      // skip if-block "protType == 1"
[15:47:57.247]    </control>
[15:47:57.247]    <control if="protType == 2" while="" timeout="0" info="">
[15:47:57.247]      // if-block "protType == 2"
[15:47:57.247]        // =>  TRUE
[15:47:57.247]      <control if="isSWJ" while="" timeout="0" info="">
[15:47:57.247]        // if-block "isSWJ"
[15:47:57.247]          // =>  TRUE
[15:47:57.247]        <control if="hasDormant" while="" timeout="0" info="">
[15:47:57.247]          // if-block "hasDormant"
[15:47:57.248]            // =>  FALSE
[15:47:57.248]          // skip if-block "hasDormant"
[15:47:57.248]        </control>
[15:47:57.248]        <control if="!hasDormant" while="" timeout="0" info="">
[15:47:57.248]          // if-block "!hasDormant"
[15:47:57.248]            // =>  TRUE
[15:47:57.248]          <block atomic="false" info="">
[15:47:57.248]            DAP_SWJ_Sequence(51, 0x0007FFFFFFFFFFFF); //lets put the JTAG line in a reset state
[15:47:57.248]              // -> [DAP_SWJ_Sequence(51, 0x0007FFFFFFFFFFFF)]
[15:47:57.248]            DAP_SWJ_Sequence(16,0xE73C); //SWD to JTAG, this is to ensure the state machine is initialized
[15:47:57.259]              // -> [DAP_SWJ_Sequence(16, 0x000000000000E73C)]
[15:47:57.259]            DAP_SWJ_Sequence(51, 0x0007FFFFFFFFFFFF); //Put it back in reset
[15:47:57.265]              // -> [DAP_SWJ_Sequence(51, 0x0007FFFFFFFFFFFF)]
[15:47:57.265]            DAP_SWJ_Sequence(16, 0xE79E); //JTAG to SWD switch
[15:47:57.268]              // -> [DAP_SWJ_Sequence(16, 0x000000000000E79E)]
[15:47:57.268]            DAP_SWJ_Sequence(51, 0x0007FFFFFFFFFFFF);  //Ensure the switch is successful 
[15:47:57.270]              // -> [DAP_SWJ_Sequence(51, 0x0007FFFFFFFFFFFF)]
[15:47:57.270]            DAP_SWJ_Sequence(7,  0x00); //Give the line some time to initialize
[15:47:57.270]              // -> [DAP_SWJ_Sequence(7, 0x0000000000000000)]
[15:47:57.270]          </block>
[15:47:57.270]          // end if-block "!hasDormant"
[15:47:57.270]        </control>
[15:47:57.270]        // end if-block "isSWJ"
[15:47:57.270]      </control>
[15:47:57.270]      <control if="!isSWJ" while="" timeout="0" info="">
[15:47:57.270]        // if-block "!isSWJ"
[15:47:57.270]          // =>  FALSE
[15:47:57.270]        // skip if-block "!isSWJ"
[15:47:57.270]      </control>
[15:47:57.270]      <block atomic="false" info="">
[15:47:57.270]        ReadDP(0x0);
[15:47:57.274]          // -> [ReadDP(0x00000000) => 0x6BA02477]   (__dp=0x00000000)
[15:47:57.274]      </block>
[15:47:57.274]      // end if-block "protType == 2"
[15:47:57.274]    </control>
[15:47:57.274]  </sequence>
[15:47:57.274]  
[15:47:57.279]  **********  Sequence "DebugPortStart"  (Context="Connect", Pname="", info="")
[15:47:57.279]  
[15:47:57.279]  <debugvars>
[15:47:57.279]    // Pre-defined
[15:47:57.279]    __protocol=0x00010002      (Protocol="SWD", SWJ-DP="True")
[15:47:57.279]    __connection=0x00000202    (Connection Type="Flash", Reset Type="System Reset")
[15:47:57.279]    __dp=0x00000000
[15:47:57.279]    __ap=0x00000000
[15:47:57.279]    __traceout=0x00000000      (Trace Disabled)
[15:47:57.279]    __errorcontrol=0x00000000  (Skip Errors="False")
[15:47:57.279]    __FlashAddr=0x00000000
[15:47:57.279]    __FlashLen=0x00000000
[15:47:57.279]    __FlashArg=0x00000000
[15:47:57.279]    __FlashOp=0x00000000
[15:47:57.279]    __Result=0x00000000
[15:47:57.279]  </debugvars>
[15:47:57.279]  
[15:47:57.279]  <sequence name="DebugPortStart" Pname="" disable="false" info="">
[15:47:57.279]    <block atomic="false" info="">
[15:47:57.279]      __var SW_DP_ABORT       = 0x0;
[15:47:57.279]        // -> [SW_DP_ABORT <= 0x00000000]
[15:47:57.279]      __var DP_CTRL_STAT      = 0x4;
[15:47:57.279]        // -> [DP_CTRL_STAT <= 0x00000004]
[15:47:57.279]      __var DP_SELECT         = 0x8;
[15:47:57.279]        // -> [DP_SELECT <= 0x00000008]
[15:47:57.279]      __var powered_down      = 0;
[15:47:57.279]        // -> [powered_down <= 0x00000000]
[15:47:57.279]      WriteDP(DP_SELECT, 0x00000000);
[15:47:57.284]        // -> [WriteDP(0x00000008, 0x00000000)]   (__dp=0x00000000)
[15:47:57.284]      powered_down = ((ReadDP(DP_CTRL_STAT) & 0xA0000000) != 0xA0000000);
[15:47:57.290]        // -> [ReadDP(0x00000004) => 0x00000040]   (__dp=0x00000000)
[15:47:57.290]        // -> [powered_down <= 0x00000001]
[15:47:57.290]    </block>
[15:47:57.290]    <control if="powered_down" while="" timeout="0" info="">
[15:47:57.290]      // if-block "powered_down"
[15:47:57.290]        // =>  TRUE
[15:47:57.290]      <block atomic="false" info="">
[15:47:57.290]        Message(0, "Debug/System power-up request sent");
[15:47:57.290]        WriteDP(DP_CTRL_STAT, 0x50000000);
[15:47:57.290]          // -> [WriteDP(0x00000004, 0x50000000)]   (__dp=0x00000000)
[15:47:57.290]      </block>
[15:47:57.290]      <control if="" while="(ReadDP(DP_CTRL_STAT) & 0xA0000000) != 0xA0000000" timeout="1000000" info="">
[15:47:57.290]        // while "(ReadDP(DP_CTRL_STAT) & 0xA0000000) != 0xA0000000"  (timeout="1000000")
[15:47:57.295]          // -> [ReadDP(0x00000004) => 0xF0000040]   (__dp=0x00000000)
[15:47:57.295]        // while-condition  =>  FALSE
[15:47:57.295]        // end while "(ReadDP(DP_CTRL_STAT) & 0xA0000000) != 0xA0000000"
[15:47:57.295]      </control>
[15:47:57.295]      <control if="(__protocol & 0xFFFF) == 1" while="" timeout="0" info="">
[15:47:57.295]        // if-block "(__protocol & 0xFFFF) == 1"
[15:47:57.295]          // =>  FALSE
[15:47:57.295]        // skip if-block "(__protocol & 0xFFFF) == 1"
[15:47:57.295]      </control>
[15:47:57.295]      <control if="(__protocol & 0xFFFF) == 2" while="" timeout="0" info="">
[15:47:57.295]        // if-block "(__protocol & 0xFFFF) == 2"
[15:47:57.295]          // =>  TRUE
[15:47:57.295]        <block atomic="false" info="">
[15:47:57.295]          Message(0, "executing SWD power up");
[15:47:57.295]          WriteDP(DP_CTRL_STAT, 0x50000F00);
[15:47:57.300]            // -> [WriteDP(0x00000004, 0x50000F00)]   (__dp=0x00000000)
[15:47:57.300]          WriteDP(SW_DP_ABORT, 0x0000001E);
[15:47:57.300]            // -> [WriteDP(0x00000000, 0x0000001E)]   (__dp=0x00000000)
[15:47:57.300]        </block>
[15:47:57.300]        // end if-block "(__protocol & 0xFFFF) == 2"
[15:47:57.300]      </control>
[15:47:57.300]      // end if-block "powered_down"
[15:47:57.300]    </control>
[15:47:57.300]    <block atomic="false" info="">
[15:47:57.300]      __var DEBUG_PORT_VAL    = 0;
[15:47:57.300]        // -> [DEBUG_PORT_VAL <= 0x00000000]
[15:47:57.300]      __var ACCESS_POINT_VAL  = 0;
[15:47:57.300]        // -> [ACCESS_POINT_VAL <= 0x00000000]
[15:47:57.300]      __ap = 1; 
[15:47:57.300]        // -> [__ap <= 0x00000001]
[15:47:57.300]      WriteAP(0x0C, 0x04); //lets use the mini pwr-ap as backup
[15:47:57.309]        // -> [WriteAP(0x0000000C, 0x00000004)]   (__dp=0x00000000, __ap=0x00000001)
[15:47:57.309]      __ap = 4;
[15:47:57.309]        // -> [__ap <= 0x00000004]
[15:47:57.309]      ACCESS_POINT_VAL = ReadAP(0x00);//Reading current state of access point
[15:47:57.310]        // -> [ReadAP(0x00000000) => 0x00080027]   (__dp=0x00000000, __ap=0x00000004)
[15:47:57.310]        // -> [ACCESS_POINT_VAL <= 0x00080027]
[15:47:57.310]      Message(0, "Current state of access point is: %x",ACCESS_POINT_VAL);
[15:47:57.310]    </block>
[15:47:57.310]    <block atomic="false" info="">
[15:47:57.310]      __var nReset = 0x80;
[15:47:57.310]        // -> [nReset <= 0x00000080]
[15:47:57.310]      __var canReadPins = 0;
[15:47:57.310]        // -> [canReadPins <= 0x00000000]
[15:47:57.310]      canReadPins = (DAP_SWJ_Pins(0x00, nReset, 0) != 0xFFFFFFFF);
[15:47:57.316]        // -> [DAP_SWJ_Pins(0x00, 0x80, 0) => 0x0F]   (Out: nRESET=0  =>  In: SWCLK/TCK=1, SWDIO/TMS=1, TDI=1, TDO=1, nTRST=0, nRESET=0)
[15:47:57.316]        // -> [canReadPins <= 0x00000001]
[15:47:57.316]    </block>
[15:47:57.316]    <control if="" while="1" timeout="200" info="">
[15:47:57.316]      // while "1"  (timeout="200")
[15:47:57.316]      // while-condition  =>  TRUE
[15:47:57.316]      // while "1"  (timeout="200")
[15:47:57.316]      // while-condition  =>  TRUE
[15:47:57.316]      // while "1"  (timeout="200")
[15:47:57.316]      // while-condition  =>  TRUE
[15:47:57.316]      // while "1"  (timeout="200")
[15:47:57.316]      // while-condition  =>  TRUE
[15:47:57.316]      // while "1"  (timeout="200")
[15:47:57.316]      // while-condition  =>  TRUE
[15:47:57.316]      // while "1"  (timeout="200")
[15:47:57.316]      // while-condition  =>  TRUE
[15:47:57.316]      // while "1"  (timeout="200")
[15:47:57.316]      // while-condition  =>  TRUE
[15:47:57.316]      // while "1"  (timeout="200")
[15:47:57.316]      // while-condition  =>  TRUE
[15:47:57.316]      // while "1"  (timeout="200")
[15:47:57.316]      // while-condition  =>  TRUE
[15:47:57.316]      // while "1"  (timeout="200")
[15:47:57.316]      // while-condition  =>  TRUE
[15:47:57.316]      // while "1"  (timeout="200")
[15:47:57.316]      // while-condition  =>  TRUE
[15:47:57.316]      // while "1"  (timeout="200")
[15:47:57.316]      // while-condition  =>  TRUE
[15:47:57.316]      // while "1"  (timeout="200")
[15:47:57.316]      // while-condition  =>  TRUE
[15:47:57.316]      // while "1"  (timeout="200")
[15:47:57.316]      // while-condition  =>  TRUE
[15:47:57.316]      // while "1"  (timeout="200")
[15:47:57.316]      // while-condition  =>  TRUE
[15:47:57.316]      // while "1"  (timeout="200")
[15:47:57.316]      // while-condition  =>  TRUE
[15:47:57.316]      // while "1"  (timeout="200")
[15:47:57.316]      // while-condition  =>  TRUE
[15:47:57.316]      // while "1"  (timeout="200")
[15:47:57.316]      // while-condition  =>  TRUE
[15:47:57.316]      // while "1"  (timeout="200")
[15:47:57.316]      // while-condition  =>  TRUE
[15:47:57.316]      // while "1"  (timeout="200")
[15:47:57.316]      // while-condition  =>  TRUE
[15:47:57.316]      // while "1"  (timeout="200")
[15:47:57.316]      // while-condition  =>  TRUE
[15:47:57.316]      // while "1"  (timeout="200")
[15:47:57.316]      // while-condition  =>  TRUE
[15:47:57.316]      // while "1"  (timeout="200")
[15:47:57.316]      // while-condition  =>  TRUE
[15:47:57.316]      // while "1"  (timeout="200")
[15:47:57.316]      // while-condition  =>  TRUE
[15:47:57.316]      // while "1"  (timeout="200")
[15:47:57.316]      // while-condition  =>  TRUE
[15:47:57.316]      // while "1"  (timeout="200")
[15:47:57.316]      // while-condition  =>  TRUE
[15:47:57.316]      // while "1"  (timeout="200")
[15:47:57.316]      // while-condition  =>  TRUE
[15:47:57.316]      // while "1"  (timeout="200")
[15:47:57.316]      // while-condition  =>  TRUE
[15:47:57.316]      // while "1"  (timeout="200")
[15:47:57.316]      // while-condition  =>  TRUE
[15:47:57.316]      // while "1"  (timeout="200")
[15:47:57.316]      // while-condition  =>  TRUE
[15:47:57.316]      // while "1"  (timeout="200")
[15:47:57.316]      // while-condition  =>  TRUE
[15:47:57.316]      // while "1"  (timeout="200")
[15:47:57.316]      // while-condition  =>  TRUE
[15:47:57.316]      // while "1"  (timeout="200")
[15:47:57.316]      // while-condition  =>  TRUE
[15:47:57.316]      // while "1"  (timeout="200")
[15:47:57.316]      // while-condition  =>  TRUE
[15:47:57.316]      // while "1"  (timeout="200")
[15:47:57.316]      // while-condition  =>  TRUE
[15:47:57.316]      // while "1"  (timeout="200")
[15:47:57.316]      // while-condition  =>  TRUE
[15:47:57.316]      // while "1"  (timeout="200")
[15:47:57.316]      // while-condition  =>  TRUE
[15:47:57.316]      // while "1"  (timeout="200")
[15:47:57.316]      // while-condition  =>  TRUE
[15:47:57.316]      // while "1"  (timeout="200")
[15:47:57.316]      // while-condition  =>  TRUE
[15:47:57.316]      // while "1"  (timeout="200")
[15:47:57.316]      // while-condition  =>  TRUE
[15:47:57.316]      // while "1"  (timeout="200")
[15:47:57.316]      // while-condition  =>  TRUE
[15:47:57.316]      // while "1"  (timeout="200")
[15:47:57.316]      // while-condition  =>  TRUE
[15:47:57.316]      // while "1"  (timeout="200")
[15:47:57.316]      // while-condition  =>  TRUE
[15:47:57.316]      // while "1"  (timeout="200")
[15:47:57.316]      // while-condition  =>  TRUE
[15:47:57.316]      // while "1"  (timeout="200")
[15:47:57.316]      // while-condition  =>  TRUE
[15:47:57.316]      // while "1"  (timeout="200")
[15:47:57.316]      // while-condition  =>  TRUE
[15:47:57.316]      // while "1"  (timeout="200")
[15:47:57.316]      // while-condition  =>  TRUE
[15:47:57.316]      // while "1"  (timeout="200")
[15:47:57.321]      // while-condition  =>  TRUE
[15:47:57.321]      // while "1"  (timeout="200")
[15:47:57.321]      // while-condition  =>  TRUE
[15:47:57.321]      // while "1"  (timeout="200")
[15:47:57.321]      // while-condition  =>  TRUE
[15:47:57.321]      // while "1"  (timeout="200")
[15:47:57.321]      // while-condition  =>  TRUE
[15:47:57.321]      // while "1"  (timeout="200")
[15:47:57.321]      // while-condition  =>  TRUE
[15:47:57.321]      // while "1"  (timeout="200")
[15:47:57.321]      // while-condition  =>  TRUE
[15:47:57.321]      // while "1"  (timeout="200")
[15:47:57.321]      // while-condition  =>  TRUE
[15:47:57.321]      // while "1"  (timeout="200")
[15:47:57.321]      // while-condition  =>  TRUE
[15:47:57.321]      // while "1"  (timeout="200")
[15:47:57.321]      // while-condition  =>  TRUE
[15:47:57.321]      // while "1"  (timeout="200")
[15:47:57.321]      // while-condition  =>  TRUE
[15:47:57.321]      // while "1"  (timeout="200")
[15:47:57.321]      // while-condition  =>  TRUE
[15:47:57.321]      // while "1"  (timeout="200")
[15:47:57.321]      // while-condition  =>  TRUE
[15:47:57.321]      // while "1"  (timeout="200")
[15:47:57.321]      // while-condition  =>  TRUE
[15:47:57.321]      // while "1"  (timeout="200")
[15:47:57.321]      // while-condition  =>  TRUE
[15:47:57.321]      // while "1"  (timeout="200")
[15:47:57.321]      // while-condition  =>  TRUE
[15:47:57.321]      // while "1"  (timeout="200")
[15:47:57.321]      // while-condition  =>  TRUE
[15:47:57.321]      // while "1"  (timeout="200")
[15:47:57.321]      // while-condition  =>  TRUE
[15:47:57.321]      // while "1"  (timeout="200")
[15:47:57.321]      // while-condition  =>  TRUE
[15:47:57.321]      // while "1"  (timeout="200")
[15:47:57.321]      // while-condition  =>  TRUE
[15:47:57.321]      // while "1"  (timeout="200")
[15:47:57.321]      // while-condition  =>  TRUE
[15:47:57.321]      // while "1"  (timeout="200")
[15:47:57.321]      // while-condition  =>  TRUE
[15:47:57.321]      // while "1"  (timeout="200")
[15:47:57.321]      // while-condition  =>  TRUE
[15:47:57.321]      // while "1"  (timeout="200")
[15:47:57.321]      // while-condition  =>  TRUE
[15:47:57.321]      // while "1"  (timeout="200")
[15:47:57.321]      // while-condition  =>  TRUE
[15:47:57.321]      // while "1"  (timeout="200")
[15:47:57.321]      // while-condition  =>  TRUE
[15:47:57.321]      // while "1"  (timeout="200")
[15:47:57.321]      // while-condition  =>  TRUE
[15:47:57.321]      // while "1"  (timeout="200")
[15:47:57.321]      // while-condition  =>  TRUE
[15:47:57.321]      // while "1"  (timeout="200")
[15:47:57.321]      // while-condition  =>  TRUE
[15:47:57.321]      // while "1"  (timeout="200")
[15:47:57.321]      // while-condition  =>  TRUE
[15:47:57.321]      // while "1"  (timeout="200")
[15:47:57.321]      // while-condition  =>  TRUE
[15:47:57.321]      // while "1"  (timeout="200")
[15:47:57.321]      // while-condition  =>  TRUE
[15:47:57.321]      // while "1"  (timeout="200")
[15:47:57.321]      // while-condition  =>  TRUE
[15:47:57.321]      // while "1"  (timeout="200")
[15:47:57.321]      // while-condition  =>  TRUE
[15:47:57.321]      // while "1"  (timeout="200")
[15:47:57.321]      // while-condition  =>  TRUE
[15:47:57.321]      // while "1"  (timeout="200")
[15:47:57.321]      // while-condition  =>  TRUE
[15:47:57.321]      // while "1"  (timeout="200")
[15:47:57.321]      // while-condition  =>  TRUE
[15:47:57.321]      // while "1"  (timeout="200")
[15:47:57.321]      // while-condition  =>  TRUE
[15:47:57.321]      // while "1"  (timeout="200")
[15:47:57.321]      // while-condition  =>  TRUE
[15:47:57.321]      // while "1"  (timeout="200")
[15:47:57.321]      // while-condition  =>  TRUE
[15:47:57.321]      // while "1"  (timeout="200")
[15:47:57.321]      // while-condition  =>  TRUE
[15:47:57.321]      // while "1"  (timeout="200")
[15:47:57.321]      // while-condition  =>  TRUE
[15:47:57.321]      // while "1"  (timeout="200")
[15:47:57.321]      // while-condition  =>  TRUE
[15:47:57.321]      // while "1"  (timeout="200")
[15:47:57.321]      // while-condition  =>  TRUE
[15:47:57.321]      // while "1"  (timeout="200")
[15:47:57.321]      // while-condition  =>  TRUE
[15:47:57.321]      // while "1"  (timeout="200")
[15:47:57.321]      // while-condition  =>  TRUE
[15:47:57.321]      // while "1"  (timeout="200")
[15:47:57.321]      // while-condition  =>  TRUE
[15:47:57.321]      // while "1"  (timeout="200")
[15:47:57.321]      // while-condition  =>  TRUE
[15:47:57.321]      // while "1"  (timeout="200")
[15:47:57.326]      // while-condition  =>  TRUE
[15:47:57.326]      // while "1"  (timeout="200")
[15:47:57.326]      // while  =>  TIMEOUT
[15:47:57.326]      // end while "1"
[15:47:57.326]    </control>
[15:47:57.326]    <control if="canReadPins" while="" timeout="0" info="">
[15:47:57.326]      // if-block "canReadPins"
[15:47:57.326]        // =>  TRUE
[15:47:57.326]      <control if="" while="(DAP_SWJ_Pins(nReset, nReset, 0) & nReset) == 0" timeout="1000000" info="">
[15:47:57.326]        // while "(DAP_SWJ_Pins(nReset, nReset, 0) & nReset) == 0"  (timeout="1000000")
[15:47:57.326]          // -> [DAP_SWJ_Pins(0x80, 0x80, 0) => 0x8F]   (Out: nRESET=1  =>  In: SWCLK/TCK=1, SWDIO/TMS=1, TDI=1, TDO=1, nTRST=0, nRESET=1)
[15:47:57.326]        // while-condition  =>  FALSE
[15:47:57.326]        // end while "(DAP_SWJ_Pins(nReset, nReset, 0) & nReset) == 0"
[15:47:57.326]      </control>
[15:47:57.326]      // end if-block "canReadPins"
[15:47:57.326]    </control>
[15:47:57.326]    <control if="!canReadPins" while="" timeout="0" info="">
[15:47:57.326]      // if-block "!canReadPins"
[15:47:57.326]        // =>  FALSE
[15:47:57.326]      // skip if-block "!canReadPins"
[15:47:57.326]    </control>
[15:47:57.326]    <control if="(ACCESS_POINT_VAL & 0x00E00000) == 0" while="" timeout="0" info="">
[15:47:57.326]      // if-block "(ACCESS_POINT_VAL & 0x00E00000) == 0"
[15:47:57.326]        // =>  TRUE
[15:47:57.326]      <block atomic="false" info="">
[15:47:57.326]        WriteAP(0x00, 0x190008);
[15:47:57.326]          // -> [WriteAP(0x00000000, 0x00190008)]   (__dp=0x00000000, __ap=0x00000004)
[15:47:57.326]        WriteAP(0xF0, 0x01);
[15:47:57.331]          // -> [WriteAP(0x000000F0, 0x00000001)]   (__dp=0x00000000, __ap=0x00000004)
[15:47:57.331]      </block>
[15:47:57.331]      // end if-block "(ACCESS_POINT_VAL & 0x00E00000) == 0"
[15:47:57.331]    </control>
[15:47:57.331]    <control if="(ACCESS_POINT_VAL & 0x00E00000) != 0" while="" timeout="0" info="">
[15:47:57.331]      // if-block "(ACCESS_POINT_VAL & 0x00E00000) != 0"
[15:47:57.331]        // =>  FALSE
[15:47:57.331]      // skip if-block "(ACCESS_POINT_VAL & 0x00E00000) != 0"
[15:47:57.331]    </control>
[15:47:57.331]    <block atomic="false" info="">
[15:47:57.331]      ACCESS_POINT_VAL = ReadAP(0x00);//Reading current state of access point
[15:47:57.336]        // -> [ReadAP(0x00000000) => 0x0079002F]   (__dp=0x00000000, __ap=0x00000004)
[15:47:57.336]        // -> [ACCESS_POINT_VAL <= 0x0079002F]
[15:47:57.336]      Message(0, "Current state of access point is: %x",ACCESS_POINT_VAL);
[15:47:57.336]      __ap = 0; //lets make sure we reset the access point selection
[15:47:57.341]        // -> [__ap <= 0x00000000]
[15:47:57.341]    </block>
[15:47:57.341]  </sequence>
[15:47:57.341]  
[15:47:57.367]  **********  Sequence "DebugDeviceUnlock"  (Context="Connect", Pname="", info="")
[15:47:57.367]  
[15:47:57.367]  <debugvars>
[15:47:57.367]    // Pre-defined
[15:47:57.373]    __protocol=0x00010002      (Protocol="SWD", SWJ-DP="True")
[15:47:57.373]    __connection=0x00000202    (Connection Type="Flash", Reset Type="System Reset")
[15:47:57.373]    __dp=0x00000000
[15:47:57.373]    __ap=0x00000000
[15:47:57.373]    __traceout=0x00000000      (Trace Disabled)
[15:47:57.373]    __errorcontrol=0x00000000  (Skip Errors="False")
[15:47:57.373]    __FlashAddr=0x00000000
[15:47:57.373]    __FlashLen=0x00000000
[15:47:57.373]    __FlashArg=0x00000000
[15:47:57.373]    __FlashOp=0x00000000
[15:47:57.373]    __Result=0x00000000
[15:47:57.373]  </debugvars>
[15:47:57.373]  
[15:47:57.373]  <sequence name="DebugDeviceUnlock" Pname="" disable="false" info="">
[15:47:57.373]    <block atomic="false" info="">
[15:47:57.373]      __var deviceID = 0;
[15:47:57.373]        // -> [deviceID <= 0x00000000]
[15:47:57.373]      __var version = 0;
[15:47:57.373]        // -> [version <= 0x00000000]
[15:47:57.373]      __var partNum = 0;
[15:47:57.373]        // -> [partNum <= 0x00000000]
[15:47:57.373]      __var manuf = 0;
[15:47:57.373]        // -> [manuf <= 0x00000000]
[15:47:57.373]      __var isMSPM0G1X0X_G3X0X = 0;
[15:47:57.373]        // -> [isMSPM0G1X0X_G3X0X <= 0x00000000]
[15:47:57.373]      __var isProduction = 0;
[15:47:57.373]        // -> [isProduction <= 0x00000000]
[15:47:57.373]      __var continueId = 0;
[15:47:57.373]        // -> [continueId <= 0x00000000]
[15:47:57.373]      deviceID =   Read32(0x41C40004);
[15:47:57.379]        // -> [Read32(0x41C40004) => 0x2BB8802F]   (__dp=0x00000000, __ap=0x00000000)
[15:47:57.379]        // -> [deviceID <= 0x2BB8802F]
[15:47:57.379]      version = deviceID >> 28;
[15:47:57.379]        // -> [version <= 0x00000002]
[15:47:57.379]      partNum = (deviceID & 0x0FFFF000) >> 12;
[15:47:57.379]        // -> [partNum <= 0x0000BB88]
[15:47:57.379]      manuf = (deviceID & 0x00000FFE) >> 1;
[15:47:57.379]        // -> [manuf <= 0x00000017]
[15:47:57.379]      isMSPM0G1X0X_G3X0X = (partNum == 0xBB88) && (manuf == 0x17);
[15:47:57.379]        // -> [isMSPM0G1X0X_G3X0X <= 0x00000001]
[15:47:57.379]      isProduction = (version > 0);
[15:47:57.379]        // -> [isProduction <= 0x00000001]
[15:47:57.379]    </block>
[15:47:57.379]    <control if="!isMSPM0G1X0X_G3X0X" while="" timeout="0" info="">
[15:47:57.379]      // if-block "!isMSPM0G1X0X_G3X0X"
[15:47:57.379]        // =>  FALSE
[15:47:57.379]      // skip if-block "!isMSPM0G1X0X_G3X0X"
[15:47:57.379]    </control>
[15:47:57.379]    <control if="continueId == 4" while="" timeout="0" info="">
[15:47:57.379]      // if-block "continueId == 4"
[15:47:57.379]        // =>  FALSE
[15:47:57.379]      // skip if-block "continueId == 4"
[15:47:57.379]    </control>
[15:47:57.379]    <control if="!isProduction" while="" timeout="0" info="">
[15:47:57.379]      // if-block "!isProduction"
[15:47:57.379]        // =>  FALSE
[15:47:57.379]      // skip if-block "!isProduction"
[15:47:57.379]    </control>
[15:47:57.383]  </sequence>
[15:47:57.383]  
[15:49:45.994]  **********  Sequence "DebugPortSetup"  (Context="Connect", Pname="", info="")
[15:49:45.994]  
[15:49:45.994]  <debugvars>
[15:49:45.994]    // Pre-defined
[15:49:45.994]    __protocol=0x00010002      (Protocol="SWD", SWJ-DP="True")
[15:49:45.994]    __connection=0x00000202    (Connection Type="Flash", Reset Type="System Reset")
[15:49:45.994]    __dp=0x00000000
[15:49:45.994]    __ap=0x00000000
[15:49:45.994]    __traceout=0x00000000      (Trace Disabled)
[15:49:45.994]    __errorcontrol=0x00000000  (Skip Errors="False")
[15:49:45.994]    __FlashAddr=0x00000000
[15:49:45.994]    __FlashLen=0x00000000
[15:49:45.994]    __FlashArg=0x00000000
[15:49:45.994]    __FlashOp=0x00000000
[15:49:45.994]    __Result=0x00000000
[15:49:45.994]  </debugvars>
[15:49:45.994]  
[15:49:45.994]  <sequence name="DebugPortSetup" Pname="" disable="false" info="">
[15:49:45.994]    <block atomic="false" info="">
[15:49:45.994]      __var isSWJ      = ((__protocol & 0x00010000) != 0);
[15:49:45.994]        // -> [isSWJ <= 0x00000001]
[15:49:45.994]      __var hasDormant = __protocol & 0x00020000;
[15:49:45.994]        // -> [hasDormant <= 0x00000000]
[15:49:45.994]      __var protType   = __protocol & 0x0000FFFF;
[15:49:45.994]        // -> [protType <= 0x00000002]
[15:49:45.994]    </block>
[15:49:45.994]    <control if="protType == 1" while="" timeout="0" info="">
[15:49:45.994]      // if-block "protType == 1"
[15:49:45.994]        // =>  FALSE
[15:49:45.994]      // skip if-block "protType == 1"
[15:49:45.994]    </control>
[15:49:45.994]    <control if="protType == 2" while="" timeout="0" info="">
[15:49:45.994]      // if-block "protType == 2"
[15:49:45.994]        // =>  TRUE
[15:49:45.994]      <control if="isSWJ" while="" timeout="0" info="">
[15:49:45.994]        // if-block "isSWJ"
[15:49:45.994]          // =>  TRUE
[15:49:45.994]        <control if="hasDormant" while="" timeout="0" info="">
[15:49:45.994]          // if-block "hasDormant"
[15:49:45.994]            // =>  FALSE
[15:49:45.994]          // skip if-block "hasDormant"
[15:49:45.994]        </control>
[15:49:45.994]        <control if="!hasDormant" while="" timeout="0" info="">
[15:49:45.994]          // if-block "!hasDormant"
[15:49:45.994]            // =>  TRUE
[15:49:45.994]          <block atomic="false" info="">
[15:49:45.994]            DAP_SWJ_Sequence(51, 0x0007FFFFFFFFFFFF); //lets put the JTAG line in a reset state
[15:49:45.997]              // -> [DAP_SWJ_Sequence(51, 0x0007FFFFFFFFFFFF)]
[15:49:45.997]            DAP_SWJ_Sequence(16,0xE73C); //SWD to JTAG, this is to ensure the state machine is initialized
[15:49:45.997]              // -> [DAP_SWJ_Sequence(16, 0x000000000000E73C)]
[15:49:45.997]            DAP_SWJ_Sequence(51, 0x0007FFFFFFFFFFFF); //Put it back in reset
[15:49:46.002]              // -> [DAP_SWJ_Sequence(51, 0x0007FFFFFFFFFFFF)]
[15:49:46.002]            DAP_SWJ_Sequence(16, 0xE79E); //JTAG to SWD switch
[15:49:46.002]              // -> [DAP_SWJ_Sequence(16, 0x000000000000E79E)]
[15:49:46.002]            DAP_SWJ_Sequence(51, 0x0007FFFFFFFFFFFF);  //Ensure the switch is successful 
[15:49:46.007]              // -> [DAP_SWJ_Sequence(51, 0x0007FFFFFFFFFFFF)]
[15:49:46.007]            DAP_SWJ_Sequence(7,  0x00); //Give the line some time to initialize
[15:49:46.007]              // -> [DAP_SWJ_Sequence(7, 0x0000000000000000)]
[15:49:46.007]          </block>
[15:49:46.007]          // end if-block "!hasDormant"
[15:49:46.007]        </control>
[15:49:46.007]        // end if-block "isSWJ"
[15:49:46.007]      </control>
[15:49:46.007]      <control if="!isSWJ" while="" timeout="0" info="">
[15:49:46.007]        // if-block "!isSWJ"
[15:49:46.012]          // =>  FALSE
[15:49:46.013]        // skip if-block "!isSWJ"
[15:49:46.013]      </control>
[15:49:46.013]      <block atomic="false" info="">
[15:49:46.013]        ReadDP(0x0);
[15:49:46.018]          // -> [ReadDP(0x00000000) => 0x6BA02477]   (__dp=0x00000000)
[15:49:46.018]      </block>
[15:49:46.018]      // end if-block "protType == 2"
[15:49:46.018]    </control>
[15:49:46.018]  </sequence>
[15:49:46.018]  
[15:49:46.033]  **********  Sequence "DebugPortStart"  (Context="Connect", Pname="", info="")
[15:49:46.033]  
[15:49:46.033]  <debugvars>
[15:49:46.033]    // Pre-defined
[15:49:46.033]    __protocol=0x00010002      (Protocol="SWD", SWJ-DP="True")
[15:49:46.033]    __connection=0x00000202    (Connection Type="Flash", Reset Type="System Reset")
[15:49:46.033]    __dp=0x00000000
[15:49:46.033]    __ap=0x00000000
[15:49:46.033]    __traceout=0x00000000      (Trace Disabled)
[15:49:46.033]    __errorcontrol=0x00000000  (Skip Errors="False")
[15:49:46.033]    __FlashAddr=0x00000000
[15:49:46.033]    __FlashLen=0x00000000
[15:49:46.033]    __FlashArg=0x00000000
[15:49:46.033]    __FlashOp=0x00000000
[15:49:46.033]    __Result=0x00000000
[15:49:46.033]  </debugvars>
[15:49:46.036]  
[15:49:46.036]  <sequence name="DebugPortStart" Pname="" disable="false" info="">
[15:49:46.036]    <block atomic="false" info="">
[15:49:46.036]      __var SW_DP_ABORT       = 0x0;
[15:49:46.036]        // -> [SW_DP_ABORT <= 0x00000000]
[15:49:46.036]      __var DP_CTRL_STAT      = 0x4;
[15:49:46.036]        // -> [DP_CTRL_STAT <= 0x00000004]
[15:49:46.036]      __var DP_SELECT         = 0x8;
[15:49:46.036]        // -> [DP_SELECT <= 0x00000008]
[15:49:46.036]      __var powered_down      = 0;
[15:49:46.036]        // -> [powered_down <= 0x00000000]
[15:49:46.036]      WriteDP(DP_SELECT, 0x00000000);
[15:49:46.038]        // -> [WriteDP(0x00000008, 0x00000000)]   (__dp=0x00000000)
[15:49:46.038]      powered_down = ((ReadDP(DP_CTRL_STAT) & 0xA0000000) != 0xA0000000);
[15:49:46.038]        // -> [ReadDP(0x00000004) => 0x00000040]   (__dp=0x00000000)
[15:49:46.038]        // -> [powered_down <= 0x00000001]
[15:49:46.038]    </block>
[15:49:46.038]    <control if="powered_down" while="" timeout="0" info="">
[15:49:46.038]      // if-block "powered_down"
[15:49:46.038]        // =>  TRUE
[15:49:46.038]      <block atomic="false" info="">
[15:49:46.038]        Message(0, "Debug/System power-up request sent");
[15:49:46.043]        WriteDP(DP_CTRL_STAT, 0x50000000);
[15:49:46.043]          // -> [WriteDP(0x00000004, 0x50000000)]   (__dp=0x00000000)
[15:49:46.043]      </block>
[15:49:46.043]      <control if="" while="(ReadDP(DP_CTRL_STAT) & 0xA0000000) != 0xA0000000" timeout="1000000" info="">
[15:49:46.043]        // while "(ReadDP(DP_CTRL_STAT) & 0xA0000000) != 0xA0000000"  (timeout="1000000")
[15:49:46.048]          // -> [ReadDP(0x00000004) => 0xF0000040]   (__dp=0x00000000)
[15:49:46.048]        // while-condition  =>  FALSE
[15:49:46.048]        // end while "(ReadDP(DP_CTRL_STAT) & 0xA0000000) != 0xA0000000"
[15:49:46.048]      </control>
[15:49:46.048]      <control if="(__protocol & 0xFFFF) == 1" while="" timeout="0" info="">
[15:49:46.048]        // if-block "(__protocol & 0xFFFF) == 1"
[15:49:46.048]          // =>  FALSE
[15:49:46.048]        // skip if-block "(__protocol & 0xFFFF) == 1"
[15:49:46.048]      </control>
[15:49:46.048]      <control if="(__protocol & 0xFFFF) == 2" while="" timeout="0" info="">
[15:49:46.048]        // if-block "(__protocol & 0xFFFF) == 2"
[15:49:46.048]          // =>  TRUE
[15:49:46.048]        <block atomic="false" info="">
[15:49:46.048]          Message(0, "executing SWD power up");
[15:49:46.048]          WriteDP(DP_CTRL_STAT, 0x50000F00);
[15:49:46.055]            // -> [WriteDP(0x00000004, 0x50000F00)]   (__dp=0x00000000)
[15:49:46.055]          WriteDP(SW_DP_ABORT, 0x0000001E);
[15:49:46.058]            // -> [WriteDP(0x00000000, 0x0000001E)]   (__dp=0x00000000)
[15:49:46.058]        </block>
[15:49:46.058]        // end if-block "(__protocol & 0xFFFF) == 2"
[15:49:46.058]      </control>
[15:49:46.058]      // end if-block "powered_down"
[15:49:46.058]    </control>
[15:49:46.058]    <block atomic="false" info="">
[15:49:46.058]      __var DEBUG_PORT_VAL    = 0;
[15:49:46.058]        // -> [DEBUG_PORT_VAL <= 0x00000000]
[15:49:46.058]      __var ACCESS_POINT_VAL  = 0;
[15:49:46.058]        // -> [ACCESS_POINT_VAL <= 0x00000000]
[15:49:46.058]      __ap = 1; 
[15:49:46.058]        // -> [__ap <= 0x00000001]
[15:49:46.058]      WriteAP(0x0C, 0x04); //lets use the mini pwr-ap as backup
[15:49:46.069]        // -> [WriteAP(0x0000000C, 0x00000004)]   (__dp=0x00000000, __ap=0x00000001)
[15:49:46.069]      __ap = 4;
[15:49:46.069]        // -> [__ap <= 0x00000004]
[15:49:46.069]      ACCESS_POINT_VAL = ReadAP(0x00);//Reading current state of access point
[15:49:46.077]        // -> [ReadAP(0x00000000) => 0x00080027]   (__dp=0x00000000, __ap=0x00000004)
[15:49:46.077]        // -> [ACCESS_POINT_VAL <= 0x00080027]
[15:49:46.077]      Message(0, "Current state of access point is: %x",ACCESS_POINT_VAL);
[15:49:46.077]    </block>
[15:49:46.077]    <block atomic="false" info="">
[15:49:46.077]      __var nReset = 0x80;
[15:49:46.077]        // -> [nReset <= 0x00000080]
[15:49:46.077]      __var canReadPins = 0;
[15:49:46.077]        // -> [canReadPins <= 0x00000000]
[15:49:46.077]      canReadPins = (DAP_SWJ_Pins(0x00, nReset, 0) != 0xFFFFFFFF);
[15:49:46.080]        // -> [DAP_SWJ_Pins(0x00, 0x80, 0) => 0x0F]   (Out: nRESET=0  =>  In: SWCLK/TCK=1, SWDIO/TMS=1, TDI=1, TDO=1, nTRST=0, nRESET=0)
[15:49:46.080]        // -> [canReadPins <= 0x00000001]
[15:49:46.080]    </block>
[15:49:46.080]    <control if="" while="1" timeout="200" info="">
[15:49:46.080]      // while "1"  (timeout="200")
[15:49:46.080]      // while-condition  =>  TRUE
[15:49:46.080]      // while "1"  (timeout="200")
[15:49:46.080]      // while-condition  =>  TRUE
[15:49:46.080]      // while "1"  (timeout="200")
[15:49:46.080]      // while-condition  =>  TRUE
[15:49:46.080]      // while "1"  (timeout="200")
[15:49:46.080]      // while-condition  =>  TRUE
[15:49:46.080]      // while "1"  (timeout="200")
[15:49:46.080]      // while-condition  =>  TRUE
[15:49:46.080]      // while "1"  (timeout="200")
[15:49:46.080]      // while-condition  =>  TRUE
[15:49:46.080]      // while "1"  (timeout="200")
[15:49:46.080]      // while-condition  =>  TRUE
[15:49:46.080]      // while "1"  (timeout="200")
[15:49:46.080]      // while-condition  =>  TRUE
[15:49:46.080]      // while "1"  (timeout="200")
[15:49:46.080]      // while-condition  =>  TRUE
[15:49:46.080]      // while "1"  (timeout="200")
[15:49:46.080]      // while-condition  =>  TRUE
[15:49:46.080]      // while "1"  (timeout="200")
[15:49:46.080]      // while-condition  =>  TRUE
[15:49:46.080]      // while "1"  (timeout="200")
[15:49:46.080]      // while-condition  =>  TRUE
[15:49:46.080]      // while "1"  (timeout="200")
[15:49:46.080]      // while-condition  =>  TRUE
[15:49:46.080]      // while "1"  (timeout="200")
[15:49:46.080]      // while-condition  =>  TRUE
[15:49:46.080]      // while "1"  (timeout="200")
[15:49:46.080]      // while-condition  =>  TRUE
[15:49:46.080]      // while "1"  (timeout="200")
[15:49:46.080]      // while-condition  =>  TRUE
[15:49:46.080]      // while "1"  (timeout="200")
[15:49:46.080]      // while-condition  =>  TRUE
[15:49:46.080]      // while "1"  (timeout="200")
[15:49:46.080]      // while-condition  =>  TRUE
[15:49:46.080]      // while "1"  (timeout="200")
[15:49:46.080]      // while-condition  =>  TRUE
[15:49:46.080]      // while "1"  (timeout="200")
[15:49:46.080]      // while-condition  =>  TRUE
[15:49:46.080]      // while "1"  (timeout="200")
[15:49:46.080]      // while-condition  =>  TRUE
[15:49:46.080]      // while "1"  (timeout="200")
[15:49:46.080]      // while-condition  =>  TRUE
[15:49:46.080]      // while "1"  (timeout="200")
[15:49:46.080]      // while-condition  =>  TRUE
[15:49:46.080]      // while "1"  (timeout="200")
[15:49:46.080]      // while-condition  =>  TRUE
[15:49:46.080]      // while "1"  (timeout="200")
[15:49:46.080]      // while-condition  =>  TRUE
[15:49:46.080]      // while "1"  (timeout="200")
[15:49:46.080]      // while-condition  =>  TRUE
[15:49:46.080]      // while "1"  (timeout="200")
[15:49:46.080]      // while-condition  =>  TRUE
[15:49:46.080]      // while "1"  (timeout="200")
[15:49:46.080]      // while-condition  =>  TRUE
[15:49:46.080]      // while "1"  (timeout="200")
[15:49:46.080]      // while-condition  =>  TRUE
[15:49:46.080]      // while "1"  (timeout="200")
[15:49:46.080]      // while-condition  =>  TRUE
[15:49:46.080]      // while "1"  (timeout="200")
[15:49:46.080]      // while-condition  =>  TRUE
[15:49:46.080]      // while "1"  (timeout="200")
[15:49:46.080]      // while-condition  =>  TRUE
[15:49:46.085]      // while "1"  (timeout="200")
[15:49:46.085]      // while-condition  =>  TRUE
[15:49:46.085]      // while "1"  (timeout="200")
[15:49:46.085]      // while-condition  =>  TRUE
[15:49:46.085]      // while "1"  (timeout="200")
[15:49:46.085]      // while-condition  =>  TRUE
[15:49:46.085]      // while "1"  (timeout="200")
[15:49:46.085]      // while-condition  =>  TRUE
[15:49:46.085]      // while "1"  (timeout="200")
[15:49:46.085]      // while-condition  =>  TRUE
[15:49:46.085]      // while "1"  (timeout="200")
[15:49:46.085]      // while-condition  =>  TRUE
[15:49:46.085]      // while "1"  (timeout="200")
[15:49:46.085]      // while-condition  =>  TRUE
[15:49:46.085]      // while "1"  (timeout="200")
[15:49:46.085]      // while-condition  =>  TRUE
[15:49:46.085]      // while "1"  (timeout="200")
[15:49:46.085]      // while-condition  =>  TRUE
[15:49:46.085]      // while "1"  (timeout="200")
[15:49:46.085]      // while-condition  =>  TRUE
[15:49:46.085]      // while "1"  (timeout="200")
[15:49:46.085]      // while-condition  =>  TRUE
[15:49:46.085]      // while "1"  (timeout="200")
[15:49:46.085]      // while-condition  =>  TRUE
[15:49:46.085]      // while "1"  (timeout="200")
[15:49:46.085]      // while-condition  =>  TRUE
[15:49:46.085]      // while "1"  (timeout="200")
[15:49:46.085]      // while-condition  =>  TRUE
[15:49:46.085]      // while "1"  (timeout="200")
[15:49:46.085]      // while-condition  =>  TRUE
[15:49:46.085]      // while "1"  (timeout="200")
[15:49:46.085]      // while-condition  =>  TRUE
[15:49:46.085]      // while "1"  (timeout="200")
[15:49:46.085]      // while-condition  =>  TRUE
[15:49:46.085]      // while "1"  (timeout="200")
[15:49:46.085]      // while-condition  =>  TRUE
[15:49:46.085]      // while "1"  (timeout="200")
[15:49:46.085]      // while-condition  =>  TRUE
[15:49:46.085]      // while "1"  (timeout="200")
[15:49:46.085]      // while-condition  =>  TRUE
[15:49:46.085]      // while "1"  (timeout="200")
[15:49:46.085]      // while-condition  =>  TRUE
[15:49:46.085]      // while "1"  (timeout="200")
[15:49:46.085]      // while-condition  =>  TRUE
[15:49:46.085]      // while "1"  (timeout="200")
[15:49:46.085]      // while-condition  =>  TRUE
[15:49:46.085]      // while "1"  (timeout="200")
[15:49:46.085]      // while-condition  =>  TRUE
[15:49:46.085]      // while "1"  (timeout="200")
[15:49:46.085]      // while-condition  =>  TRUE
[15:49:46.085]      // while "1"  (timeout="200")
[15:49:46.085]      // while-condition  =>  TRUE
[15:49:46.085]      // while "1"  (timeout="200")
[15:49:46.085]      // while-condition  =>  TRUE
[15:49:46.085]      // while "1"  (timeout="200")
[15:49:46.085]      // while-condition  =>  TRUE
[15:49:46.085]      // while "1"  (timeout="200")
[15:49:46.085]      // while-condition  =>  TRUE
[15:49:46.085]      // while "1"  (timeout="200")
[15:49:46.085]      // while-condition  =>  TRUE
[15:49:46.085]      // while "1"  (timeout="200")
[15:49:46.085]      // while-condition  =>  TRUE
[15:49:46.085]      // while "1"  (timeout="200")
[15:49:46.085]      // while-condition  =>  TRUE
[15:49:46.085]      // while "1"  (timeout="200")
[15:49:46.085]      // while-condition  =>  TRUE
[15:49:46.085]      // while "1"  (timeout="200")
[15:49:46.085]      // while-condition  =>  TRUE
[15:49:46.085]      // while "1"  (timeout="200")
[15:49:46.085]      // while-condition  =>  TRUE
[15:49:46.085]      // while "1"  (timeout="200")
[15:49:46.085]      // while-condition  =>  TRUE
[15:49:46.085]      // while "1"  (timeout="200")
[15:49:46.085]      // while-condition  =>  TRUE
[15:49:46.085]      // while "1"  (timeout="200")
[15:49:46.085]      // while-condition  =>  TRUE
[15:49:46.085]      // while "1"  (timeout="200")
[15:49:46.085]      // while-condition  =>  TRUE
[15:49:46.085]      // while "1"  (timeout="200")
[15:49:46.085]      // while-condition  =>  TRUE
[15:49:46.085]      // while "1"  (timeout="200")
[15:49:46.085]      // while-condition  =>  TRUE
[15:49:46.085]      // while "1"  (timeout="200")
[15:49:46.085]      // while-condition  =>  TRUE
[15:49:46.085]      // while "1"  (timeout="200")
[15:49:46.085]      // while-condition  =>  TRUE
[15:49:46.085]      // while "1"  (timeout="200")
[15:49:46.085]      // while-condition  =>  TRUE
[15:49:46.085]      // while "1"  (timeout="200")
[15:49:46.085]      // while-condition  =>  TRUE
[15:49:46.085]      // while "1"  (timeout="200")
[15:49:46.085]      // while-condition  =>  TRUE
[15:49:46.085]      // while "1"  (timeout="200")
[15:49:46.085]      // while-condition  =>  TRUE
[15:49:46.085]      // while "1"  (timeout="200")
[15:49:46.085]      // while-condition  =>  TRUE
[15:49:46.085]      // while "1"  (timeout="200")
[15:49:46.090]      // while-condition  =>  TRUE
[15:49:46.090]      // while "1"  (timeout="200")
[15:49:46.090]      // while  =>  TIMEOUT
[15:49:46.090]      // end while "1"
[15:49:46.090]    </control>
[15:49:46.090]    <control if="canReadPins" while="" timeout="0" info="">
[15:49:46.090]      // if-block "canReadPins"
[15:49:46.090]        // =>  TRUE
[15:49:46.090]      <control if="" while="(DAP_SWJ_Pins(nReset, nReset, 0) & nReset) == 0" timeout="1000000" info="">
[15:49:46.090]        // while "(DAP_SWJ_Pins(nReset, nReset, 0) & nReset) == 0"  (timeout="1000000")
[15:49:46.090]          // -> [DAP_SWJ_Pins(0x80, 0x80, 0) => 0x8F]   (Out: nRESET=1  =>  In: SWCLK/TCK=1, SWDIO/TMS=1, TDI=1, TDO=1, nTRST=0, nRESET=1)
[15:49:46.090]        // while-condition  =>  FALSE
[15:49:46.090]        // end while "(DAP_SWJ_Pins(nReset, nReset, 0) & nReset) == 0"
[15:49:46.090]      </control>
[15:49:46.090]      // end if-block "canReadPins"
[15:49:46.090]    </control>
[15:49:46.090]    <control if="!canReadPins" while="" timeout="0" info="">
[15:49:46.090]      // if-block "!canReadPins"
[15:49:46.090]        // =>  FALSE
[15:49:46.090]      // skip if-block "!canReadPins"
[15:49:46.095]    </control>
[15:49:46.095]    <control if="(ACCESS_POINT_VAL & 0x00E00000) == 0" while="" timeout="0" info="">
[15:49:46.095]      // if-block "(ACCESS_POINT_VAL & 0x00E00000) == 0"
[15:49:46.095]        // =>  TRUE
[15:49:46.095]      <block atomic="false" info="">
[15:49:46.095]        WriteAP(0x00, 0x190008);
[15:49:46.098]          // -> [WriteAP(0x00000000, 0x00190008)]   (__dp=0x00000000, __ap=0x00000004)
[15:49:46.098]        WriteAP(0xF0, 0x01);
[15:49:46.100]          // -> [WriteAP(0x000000F0, 0x00000001)]   (__dp=0x00000000, __ap=0x00000004)
[15:49:46.100]      </block>
[15:49:46.100]      // end if-block "(ACCESS_POINT_VAL & 0x00E00000) == 0"
[15:49:46.100]    </control>
[15:49:46.100]    <control if="(ACCESS_POINT_VAL & 0x00E00000) != 0" while="" timeout="0" info="">
[15:49:46.100]      // if-block "(ACCESS_POINT_VAL & 0x00E00000) != 0"
[15:49:46.100]        // =>  FALSE
[15:49:46.100]      // skip if-block "(ACCESS_POINT_VAL & 0x00E00000) != 0"
[15:49:46.100]    </control>
[15:49:46.100]    <block atomic="false" info="">
[15:49:46.100]      ACCESS_POINT_VAL = ReadAP(0x00);//Reading current state of access point
[15:49:46.105]        // -> [ReadAP(0x00000000) => 0x0079002F]   (__dp=0x00000000, __ap=0x00000004)
[15:49:46.105]        // -> [ACCESS_POINT_VAL <= 0x0079002F]
[15:49:46.105]      Message(0, "Current state of access point is: %x",ACCESS_POINT_VAL);
[15:49:46.105]      __ap = 0; //lets make sure we reset the access point selection
[15:49:46.105]        // -> [__ap <= 0x00000000]
[15:49:46.105]    </block>
[15:49:46.105]  </sequence>
[15:49:46.105]  
[15:49:46.132]  **********  Sequence "DebugDeviceUnlock"  (Context="Connect", Pname="", info="")
[15:49:46.132]  
[15:49:46.132]  <debugvars>
[15:49:46.132]    // Pre-defined
[15:49:46.132]    __protocol=0x00010002      (Protocol="SWD", SWJ-DP="True")
[15:49:46.132]    __connection=0x00000202    (Connection Type="Flash", Reset Type="System Reset")
[15:49:46.132]    __dp=0x00000000
[15:49:46.132]    __ap=0x00000000
[15:49:46.132]    __traceout=0x00000000      (Trace Disabled)
[15:49:46.132]    __errorcontrol=0x00000000  (Skip Errors="False")
[15:49:46.132]    __FlashAddr=0x00000000
[15:49:46.132]    __FlashLen=0x00000000
[15:49:46.132]    __FlashArg=0x00000000
[15:49:46.132]    __FlashOp=0x00000000
[15:49:46.132]    __Result=0x00000000
[15:49:46.132]  </debugvars>
[15:49:46.132]  
[15:49:46.132]  <sequence name="DebugDeviceUnlock" Pname="" disable="false" info="">
[15:49:46.132]    <block atomic="false" info="">
[15:49:46.132]      __var deviceID = 0;
[15:49:46.132]        // -> [deviceID <= 0x00000000]
[15:49:46.132]      __var version = 0;
[15:49:46.132]        // -> [version <= 0x00000000]
[15:49:46.132]      __var partNum = 0;
[15:49:46.132]        // -> [partNum <= 0x00000000]
[15:49:46.132]      __var manuf = 0;
[15:49:46.132]        // -> [manuf <= 0x00000000]
[15:49:46.132]      __var isMSPM0G1X0X_G3X0X = 0;
[15:49:46.132]        // -> [isMSPM0G1X0X_G3X0X <= 0x00000000]
[15:49:46.132]      __var isProduction = 0;
[15:49:46.132]        // -> [isProduction <= 0x00000000]
[15:49:46.132]      __var continueId = 0;
[15:49:46.132]        // -> [continueId <= 0x00000000]
[15:49:46.132]      deviceID =   Read32(0x41C40004);
[15:49:46.140]        // -> [Read32(0x41C40004) => 0x2BB8802F]   (__dp=0x00000000, __ap=0x00000000)
[15:49:46.140]        // -> [deviceID <= 0x2BB8802F]
[15:49:46.140]      version = deviceID >> 28;
[15:49:46.140]        // -> [version <= 0x00000002]
[15:49:46.140]      partNum = (deviceID & 0x0FFFF000) >> 12;
[15:49:46.140]        // -> [partNum <= 0x0000BB88]
[15:49:46.140]      manuf = (deviceID & 0x00000FFE) >> 1;
[15:49:46.140]        // -> [manuf <= 0x00000017]
[15:49:46.140]      isMSPM0G1X0X_G3X0X = (partNum == 0xBB88) && (manuf == 0x17);
[15:49:46.142]        // -> [isMSPM0G1X0X_G3X0X <= 0x00000001]
[15:49:46.142]      isProduction = (version > 0);
[15:49:46.142]        // -> [isProduction <= 0x00000001]
[15:49:46.142]    </block>
[15:49:46.142]    <control if="!isMSPM0G1X0X_G3X0X" while="" timeout="0" info="">
[15:49:46.142]      // if-block "!isMSPM0G1X0X_G3X0X"
[15:49:46.142]        // =>  FALSE
[15:49:46.142]      // skip if-block "!isMSPM0G1X0X_G3X0X"
[15:49:46.142]    </control>
[15:49:46.142]    <control if="continueId == 4" while="" timeout="0" info="">
[15:49:46.142]      // if-block "continueId == 4"
[15:49:46.142]        // =>  FALSE
[15:49:46.142]      // skip if-block "continueId == 4"
[15:49:46.142]    </control>
[15:49:46.142]    <control if="!isProduction" while="" timeout="0" info="">
[15:49:46.142]      // if-block "!isProduction"
[15:49:46.142]        // =>  FALSE
[15:49:46.142]      // skip if-block "!isProduction"
[15:49:46.142]    </control>
[15:49:46.142]  </sequence>
[15:49:46.142]  
[15:52:32.527]  **********  Sequence "DebugPortSetup"  (Context="Connect", Pname="", info="")
[15:52:32.527]  
[15:52:32.528]  <debugvars>
[15:52:32.528]    // Pre-defined
[15:52:32.528]    __protocol=0x00010002      (Protocol="SWD", SWJ-DP="True")
[15:52:32.528]    __connection=0x00000202    (Connection Type="Flash", Reset Type="System Reset")
[15:52:32.528]    __dp=0x00000000
[15:52:32.528]    __ap=0x00000000
[15:52:32.528]    __traceout=0x00000000      (Trace Disabled)
[15:52:32.528]    __errorcontrol=0x00000000  (Skip Errors="False")
[15:52:32.528]    __FlashAddr=0x00000000
[15:52:32.528]    __FlashLen=0x00000000
[15:52:32.528]    __FlashArg=0x00000000
[15:52:32.528]    __FlashOp=0x00000000
[15:52:32.528]    __Result=0x00000000
[15:52:32.528]  </debugvars>
[15:52:32.528]  
[15:52:32.528]  <sequence name="DebugPortSetup" Pname="" disable="false" info="">
[15:52:32.528]    <block atomic="false" info="">
[15:52:32.528]      __var isSWJ      = ((__protocol & 0x00010000) != 0);
[15:52:32.528]        // -> [isSWJ <= 0x00000001]
[15:52:32.528]      __var hasDormant = __protocol & 0x00020000;
[15:52:32.528]        // -> [hasDormant <= 0x00000000]
[15:52:32.528]      __var protType   = __protocol & 0x0000FFFF;
[15:52:32.528]        // -> [protType <= 0x00000002]
[15:52:32.528]    </block>
[15:52:32.528]    <control if="protType == 1" while="" timeout="0" info="">
[15:52:32.528]      // if-block "protType == 1"
[15:52:32.528]        // =>  FALSE
[15:52:32.528]      // skip if-block "protType == 1"
[15:52:32.528]    </control>
[15:52:32.528]    <control if="protType == 2" while="" timeout="0" info="">
[15:52:32.528]      // if-block "protType == 2"
[15:52:32.528]        // =>  TRUE
[15:52:32.528]      <control if="isSWJ" while="" timeout="0" info="">
[15:52:32.528]        // if-block "isSWJ"
[15:52:32.528]          // =>  TRUE
[15:52:32.528]        <control if="hasDormant" while="" timeout="0" info="">
[15:52:32.528]          // if-block "hasDormant"
[15:52:32.528]            // =>  FALSE
[15:52:32.528]          // skip if-block "hasDormant"
[15:52:32.528]        </control>
[15:52:32.528]        <control if="!hasDormant" while="" timeout="0" info="">
[15:52:32.528]          // if-block "!hasDormant"
[15:52:32.528]            // =>  TRUE
[15:52:32.528]          <block atomic="false" info="">
[15:52:32.528]            DAP_SWJ_Sequence(51, 0x0007FFFFFFFFFFFF); //lets put the JTAG line in a reset state
[15:52:32.531]              // -> [DAP_SWJ_Sequence(51, 0x0007FFFFFFFFFFFF)]
[15:52:32.531]            DAP_SWJ_Sequence(16,0xE73C); //SWD to JTAG, this is to ensure the state machine is initialized
[15:52:32.534]              // -> [DAP_SWJ_Sequence(16, 0x000000000000E73C)]
[15:52:32.534]            DAP_SWJ_Sequence(51, 0x0007FFFFFFFFFFFF); //Put it back in reset
[15:52:32.535]              // -> [DAP_SWJ_Sequence(51, 0x0007FFFFFFFFFFFF)]
[15:52:32.536]            DAP_SWJ_Sequence(16, 0xE79E); //JTAG to SWD switch
[15:52:32.536]              // -> [DAP_SWJ_Sequence(16, 0x000000000000E79E)]
[15:52:32.536]            DAP_SWJ_Sequence(51, 0x0007FFFFFFFFFFFF);  //Ensure the switch is successful 
[15:52:32.536]              // -> [DAP_SWJ_Sequence(51, 0x0007FFFFFFFFFFFF)]
[15:52:32.536]            DAP_SWJ_Sequence(7,  0x00); //Give the line some time to initialize
[15:52:32.541]              // -> [DAP_SWJ_Sequence(7, 0x0000000000000000)]
[15:52:32.541]          </block>
[15:52:32.541]          // end if-block "!hasDormant"
[15:52:32.541]        </control>
[15:52:32.541]        // end if-block "isSWJ"
[15:52:32.541]      </control>
[15:52:32.541]      <control if="!isSWJ" while="" timeout="0" info="">
[15:52:32.541]        // if-block "!isSWJ"
[15:52:32.541]          // =>  FALSE
[15:52:32.541]        // skip if-block "!isSWJ"
[15:52:32.541]      </control>
[15:52:32.541]      <block atomic="false" info="">
[15:52:32.541]        ReadDP(0x0);
[15:52:32.547]          // -> [ReadDP(0x00000000) => 0x6BA02477]   (__dp=0x00000000)
[15:52:32.547]      </block>
[15:52:32.547]      // end if-block "protType == 2"
[15:52:32.547]    </control>
[15:52:32.547]  </sequence>
[15:52:32.547]  
[15:52:32.552]  **********  Sequence "DebugPortStart"  (Context="Connect", Pname="", info="")
[15:52:32.552]  
[15:52:32.552]  <debugvars>
[15:52:32.552]    // Pre-defined
[15:52:32.552]    __protocol=0x00010002      (Protocol="SWD", SWJ-DP="True")
[15:52:32.557]    __connection=0x00000202    (Connection Type="Flash", Reset Type="System Reset")
[15:52:32.557]    __dp=0x00000000
[15:52:32.557]    __ap=0x00000000
[15:52:32.557]    __traceout=0x00000000      (Trace Disabled)
[15:52:32.557]    __errorcontrol=0x00000000  (Skip Errors="False")
[15:52:32.557]    __FlashAddr=0x00000000
[15:52:32.557]    __FlashLen=0x00000000
[15:52:32.557]    __FlashArg=0x00000000
[15:52:32.557]    __FlashOp=0x00000000
[15:52:32.557]    __Result=0x00000000
[15:52:32.557]  </debugvars>
[15:52:32.557]  
[15:52:32.557]  <sequence name="DebugPortStart" Pname="" disable="false" info="">
[15:52:32.557]    <block atomic="false" info="">
[15:52:32.557]      __var SW_DP_ABORT       = 0x0;
[15:52:32.557]        // -> [SW_DP_ABORT <= 0x00000000]
[15:52:32.557]      __var DP_CTRL_STAT      = 0x4;
[15:52:32.557]        // -> [DP_CTRL_STAT <= 0x00000004]
[15:52:32.557]      __var DP_SELECT         = 0x8;
[15:52:32.557]        // -> [DP_SELECT <= 0x00000008]
[15:52:32.557]      __var powered_down      = 0;
[15:52:32.557]        // -> [powered_down <= 0x00000000]
[15:52:32.557]      WriteDP(DP_SELECT, 0x00000000);
[15:52:32.560]        // -> [WriteDP(0x00000008, 0x00000000)]   (__dp=0x00000000)
[15:52:32.560]      powered_down = ((ReadDP(DP_CTRL_STAT) & 0xA0000000) != 0xA0000000);
[15:52:32.562]        // -> [ReadDP(0x00000004) => 0x00000040]   (__dp=0x00000000)
[15:52:32.562]        // -> [powered_down <= 0x00000001]
[15:52:32.562]    </block>
[15:52:32.562]    <control if="powered_down" while="" timeout="0" info="">
[15:52:32.562]      // if-block "powered_down"
[15:52:32.562]        // =>  TRUE
[15:52:32.562]      <block atomic="false" info="">
[15:52:32.562]        Message(0, "Debug/System power-up request sent");
[15:52:32.562]        WriteDP(DP_CTRL_STAT, 0x50000000);
[15:52:32.562]          // -> [WriteDP(0x00000004, 0x50000000)]   (__dp=0x00000000)
[15:52:32.567]      </block>
[15:52:32.567]      <control if="" while="(ReadDP(DP_CTRL_STAT) & 0xA0000000) != 0xA0000000" timeout="1000000" info="">
[15:52:32.567]        // while "(ReadDP(DP_CTRL_STAT) & 0xA0000000) != 0xA0000000"  (timeout="1000000")
[15:52:32.567]          // -> [ReadDP(0x00000004) => 0xF0000040]   (__dp=0x00000000)
[15:52:32.567]        // while-condition  =>  FALSE
[15:52:32.567]        // end while "(ReadDP(DP_CTRL_STAT) & 0xA0000000) != 0xA0000000"
[15:52:32.573]      </control>
[15:52:32.573]      <control if="(__protocol & 0xFFFF) == 1" while="" timeout="0" info="">
[15:52:32.573]        // if-block "(__protocol & 0xFFFF) == 1"
[15:52:32.573]          // =>  FALSE
[15:52:32.573]        // skip if-block "(__protocol & 0xFFFF) == 1"
[15:52:32.573]      </control>
[15:52:32.573]      <control if="(__protocol & 0xFFFF) == 2" while="" timeout="0" info="">
[15:52:32.573]        // if-block "(__protocol & 0xFFFF) == 2"
[15:52:32.573]          // =>  TRUE
[15:52:32.573]        <block atomic="false" info="">
[15:52:32.573]          Message(0, "executing SWD power up");
[15:52:32.573]          WriteDP(DP_CTRL_STAT, 0x50000F00);
[15:52:32.578]            // -> [WriteDP(0x00000004, 0x50000F00)]   (__dp=0x00000000)
[15:52:32.578]          WriteDP(SW_DP_ABORT, 0x0000001E);
[15:52:32.585]            // -> [WriteDP(0x00000000, 0x0000001E)]   (__dp=0x00000000)
[15:52:32.585]        </block>
[15:52:32.585]        // end if-block "(__protocol & 0xFFFF) == 2"
[15:52:32.585]      </control>
[15:52:32.585]      // end if-block "powered_down"
[15:52:32.585]    </control>
[15:52:32.585]    <block atomic="false" info="">
[15:52:32.585]      __var DEBUG_PORT_VAL    = 0;
[15:52:32.585]        // -> [DEBUG_PORT_VAL <= 0x00000000]
[15:52:32.585]      __var ACCESS_POINT_VAL  = 0;
[15:52:32.585]        // -> [ACCESS_POINT_VAL <= 0x00000000]
[15:52:32.585]      __ap = 1; 
[15:52:32.585]        // -> [__ap <= 0x00000001]
[15:52:32.585]      WriteAP(0x0C, 0x04); //lets use the mini pwr-ap as backup
[15:52:32.588]        // -> [WriteAP(0x0000000C, 0x00000004)]   (__dp=0x00000000, __ap=0x00000001)
[15:52:32.588]      __ap = 4;
[15:52:32.588]        // -> [__ap <= 0x00000004]
[15:52:32.588]      ACCESS_POINT_VAL = ReadAP(0x00);//Reading current state of access point
[15:52:32.593]        // -> [ReadAP(0x00000000) => 0x00080027]   (__dp=0x00000000, __ap=0x00000004)
[15:52:32.593]        // -> [ACCESS_POINT_VAL <= 0x00080027]
[15:52:32.593]      Message(0, "Current state of access point is: %x",ACCESS_POINT_VAL);
[15:52:32.593]    </block>
[15:52:32.593]    <block atomic="false" info="">
[15:52:32.593]      __var nReset = 0x80;
[15:52:32.593]        // -> [nReset <= 0x00000080]
[15:52:32.593]      __var canReadPins = 0;
[15:52:32.593]        // -> [canReadPins <= 0x00000000]
[15:52:32.593]      canReadPins = (DAP_SWJ_Pins(0x00, nReset, 0) != 0xFFFFFFFF);
[15:52:32.599]        // -> [DAP_SWJ_Pins(0x00, 0x80, 0) => 0x0F]   (Out: nRESET=0  =>  In: SWCLK/TCK=1, SWDIO/TMS=1, TDI=1, TDO=1, nTRST=0, nRESET=0)
[15:52:32.599]        // -> [canReadPins <= 0x00000001]
[15:52:32.599]    </block>
[15:52:32.599]    <control if="" while="1" timeout="200" info="">
[15:52:32.599]      // while "1"  (timeout="200")
[15:52:32.599]      // while-condition  =>  TRUE
[15:52:32.599]      // while "1"  (timeout="200")
[15:52:32.599]      // while-condition  =>  TRUE
[15:52:32.599]      // while "1"  (timeout="200")
[15:52:32.599]      // while-condition  =>  TRUE
[15:52:32.599]      // while "1"  (timeout="200")
[15:52:32.599]      // while-condition  =>  TRUE
[15:52:32.599]      // while "1"  (timeout="200")
[15:52:32.599]      // while-condition  =>  TRUE
[15:52:32.599]      // while "1"  (timeout="200")
[15:52:32.599]      // while-condition  =>  TRUE
[15:52:32.599]      // while "1"  (timeout="200")
[15:52:32.599]      // while-condition  =>  TRUE
[15:52:32.599]      // while "1"  (timeout="200")
[15:52:32.599]      // while-condition  =>  TRUE
[15:52:32.599]      // while "1"  (timeout="200")
[15:52:32.599]      // while-condition  =>  TRUE
[15:52:32.599]      // while "1"  (timeout="200")
[15:52:32.599]      // while-condition  =>  TRUE
[15:52:32.599]      // while "1"  (timeout="200")
[15:52:32.599]      // while-condition  =>  TRUE
[15:52:32.599]      // while "1"  (timeout="200")
[15:52:32.599]      // while-condition  =>  TRUE
[15:52:32.599]      // while "1"  (timeout="200")
[15:52:32.599]      // while-condition  =>  TRUE
[15:52:32.599]      // while "1"  (timeout="200")
[15:52:32.599]      // while-condition  =>  TRUE
[15:52:32.599]      // while "1"  (timeout="200")
[15:52:32.599]      // while-condition  =>  TRUE
[15:52:32.599]      // while "1"  (timeout="200")
[15:52:32.599]      // while-condition  =>  TRUE
[15:52:32.599]      // while "1"  (timeout="200")
[15:52:32.599]      // while-condition  =>  TRUE
[15:52:32.599]      // while "1"  (timeout="200")
[15:52:32.599]      // while-condition  =>  TRUE
[15:52:32.599]      // while "1"  (timeout="200")
[15:52:32.599]      // while-condition  =>  TRUE
[15:52:32.599]      // while "1"  (timeout="200")
[15:52:32.599]      // while-condition  =>  TRUE
[15:52:32.599]      // while "1"  (timeout="200")
[15:52:32.599]      // while-condition  =>  TRUE
[15:52:32.599]      // while "1"  (timeout="200")
[15:52:32.599]      // while-condition  =>  TRUE
[15:52:32.599]      // while "1"  (timeout="200")
[15:52:32.599]      // while-condition  =>  TRUE
[15:52:32.599]      // while "1"  (timeout="200")
[15:52:32.599]      // while-condition  =>  TRUE
[15:52:32.599]      // while "1"  (timeout="200")
[15:52:32.599]      // while-condition  =>  TRUE
[15:52:32.599]      // while "1"  (timeout="200")
[15:52:32.599]      // while-condition  =>  TRUE
[15:52:32.599]      // while "1"  (timeout="200")
[15:52:32.599]      // while-condition  =>  TRUE
[15:52:32.599]      // while "1"  (timeout="200")
[15:52:32.599]      // while-condition  =>  TRUE
[15:52:32.599]      // while "1"  (timeout="200")
[15:52:32.599]      // while-condition  =>  TRUE
[15:52:32.599]      // while "1"  (timeout="200")
[15:52:32.599]      // while-condition  =>  TRUE
[15:52:32.599]      // while "1"  (timeout="200")
[15:52:32.599]      // while-condition  =>  TRUE
[15:52:32.599]      // while "1"  (timeout="200")
[15:52:32.599]      // while-condition  =>  TRUE
[15:52:32.599]      // while "1"  (timeout="200")
[15:52:32.599]      // while-condition  =>  TRUE
[15:52:32.599]      // while "1"  (timeout="200")
[15:52:32.599]      // while-condition  =>  TRUE
[15:52:32.599]      // while "1"  (timeout="200")
[15:52:32.599]      // while-condition  =>  TRUE
[15:52:32.599]      // while "1"  (timeout="200")
[15:52:32.599]      // while-condition  =>  TRUE
[15:52:32.599]      // while "1"  (timeout="200")
[15:52:32.599]      // while-condition  =>  TRUE
[15:52:32.599]      // while "1"  (timeout="200")
[15:52:32.599]      // while-condition  =>  TRUE
[15:52:32.599]      // while "1"  (timeout="200")
[15:52:32.599]      // while-condition  =>  TRUE
[15:52:32.599]      // while "1"  (timeout="200")
[15:52:32.599]      // while-condition  =>  TRUE
[15:52:32.599]      // while "1"  (timeout="200")
[15:52:32.599]      // while-condition  =>  TRUE
[15:52:32.599]      // while "1"  (timeout="200")
[15:52:32.599]      // while-condition  =>  TRUE
[15:52:32.599]      // while "1"  (timeout="200")
[15:52:32.599]      // while-condition  =>  TRUE
[15:52:32.599]      // while "1"  (timeout="200")
[15:52:32.599]      // while-condition  =>  TRUE
[15:52:32.599]      // while "1"  (timeout="200")
[15:52:32.604]      // while-condition  =>  TRUE
[15:52:32.604]      // while "1"  (timeout="200")
[15:52:32.604]      // while-condition  =>  TRUE
[15:52:32.604]      // while "1"  (timeout="200")
[15:52:32.604]      // while-condition  =>  TRUE
[15:52:32.604]      // while "1"  (timeout="200")
[15:52:32.604]      // while-condition  =>  TRUE
[15:52:32.604]      // while "1"  (timeout="200")
[15:52:32.604]      // while-condition  =>  TRUE
[15:52:32.604]      // while "1"  (timeout="200")
[15:52:32.604]      // while-condition  =>  TRUE
[15:52:32.604]      // while "1"  (timeout="200")
[15:52:32.604]      // while-condition  =>  TRUE
[15:52:32.604]      // while "1"  (timeout="200")
[15:52:32.604]      // while-condition  =>  TRUE
[15:52:32.604]      // while "1"  (timeout="200")
[15:52:32.604]      // while-condition  =>  TRUE
[15:52:32.604]      // while "1"  (timeout="200")
[15:52:32.604]      // while-condition  =>  TRUE
[15:52:32.604]      // while "1"  (timeout="200")
[15:52:32.604]      // while-condition  =>  TRUE
[15:52:32.604]      // while "1"  (timeout="200")
[15:52:32.604]      // while-condition  =>  TRUE
[15:52:32.604]      // while "1"  (timeout="200")
[15:52:32.604]      // while-condition  =>  TRUE
[15:52:32.604]      // while "1"  (timeout="200")
[15:52:32.604]      // while-condition  =>  TRUE
[15:52:32.604]      // while "1"  (timeout="200")
[15:52:32.604]      // while-condition  =>  TRUE
[15:52:32.604]      // while "1"  (timeout="200")
[15:52:32.604]      // while-condition  =>  TRUE
[15:52:32.604]      // while "1"  (timeout="200")
[15:52:32.604]      // while-condition  =>  TRUE
[15:52:32.604]      // while "1"  (timeout="200")
[15:52:32.604]      // while-condition  =>  TRUE
[15:52:32.604]      // while "1"  (timeout="200")
[15:52:32.604]      // while-condition  =>  TRUE
[15:52:32.604]      // while "1"  (timeout="200")
[15:52:32.604]      // while-condition  =>  TRUE
[15:52:32.604]      // while "1"  (timeout="200")
[15:52:32.604]      // while-condition  =>  TRUE
[15:52:32.604]      // while "1"  (timeout="200")
[15:52:32.604]      // while-condition  =>  TRUE
[15:52:32.604]      // while "1"  (timeout="200")
[15:52:32.604]      // while-condition  =>  TRUE
[15:52:32.604]      // while "1"  (timeout="200")
[15:52:32.604]      // while-condition  =>  TRUE
[15:52:32.604]      // while "1"  (timeout="200")
[15:52:32.604]      // while-condition  =>  TRUE
[15:52:32.604]      // while "1"  (timeout="200")
[15:52:32.604]      // while-condition  =>  TRUE
[15:52:32.604]      // while "1"  (timeout="200")
[15:52:32.604]      // while-condition  =>  TRUE
[15:52:32.604]      // while "1"  (timeout="200")
[15:52:32.604]      // while-condition  =>  TRUE
[15:52:32.604]      // while "1"  (timeout="200")
[15:52:32.604]      // while-condition  =>  TRUE
[15:52:32.604]      // while "1"  (timeout="200")
[15:52:32.604]      // while-condition  =>  TRUE
[15:52:32.604]      // while "1"  (timeout="200")
[15:52:32.604]      // while-condition  =>  TRUE
[15:52:32.604]      // while "1"  (timeout="200")
[15:52:32.604]      // while-condition  =>  TRUE
[15:52:32.604]      // while "1"  (timeout="200")
[15:52:32.604]      // while-condition  =>  TRUE
[15:52:32.604]      // while "1"  (timeout="200")
[15:52:32.604]      // while-condition  =>  TRUE
[15:52:32.604]      // while "1"  (timeout="200")
[15:52:32.604]      // while-condition  =>  TRUE
[15:52:32.604]      // while "1"  (timeout="200")
[15:52:32.604]      // while-condition  =>  TRUE
[15:52:32.604]      // while "1"  (timeout="200")
[15:52:32.604]      // while-condition  =>  TRUE
[15:52:32.604]      // while "1"  (timeout="200")
[15:52:32.604]      // while-condition  =>  TRUE
[15:52:32.604]      // while "1"  (timeout="200")
[15:52:32.604]      // while-condition  =>  TRUE
[15:52:32.604]      // while "1"  (timeout="200")
[15:52:32.604]      // while-condition  =>  TRUE
[15:52:32.604]      // while "1"  (timeout="200")
[15:52:32.604]      // while-condition  =>  TRUE
[15:52:32.604]      // while "1"  (timeout="200")
[15:52:32.604]      // while-condition  =>  TRUE
[15:52:32.604]      // while "1"  (timeout="200")
[15:52:32.604]      // while-condition  =>  TRUE
[15:52:32.604]      // while "1"  (timeout="200")
[15:52:32.604]      // while-condition  =>  TRUE
[15:52:32.604]      // while "1"  (timeout="200")
[15:52:32.604]      // while-condition  =>  TRUE
[15:52:32.604]      // while "1"  (timeout="200")
[15:52:32.604]      // while-condition  =>  TRUE
[15:52:32.604]      // while "1"  (timeout="200")
[15:52:32.604]      // while-condition  =>  TRUE
[15:52:32.604]      // while "1"  (timeout="200")
[15:52:32.604]      // while-condition  =>  TRUE
[15:52:32.604]      // while "1"  (timeout="200")
[15:52:32.604]      // while-condition  =>  TRUE
[15:52:32.604]      // while "1"  (timeout="200")
[15:52:32.604]      // while-condition  =>  TRUE
[15:52:32.604]      // while "1"  (timeout="200")
[15:52:32.604]      // while-condition  =>  TRUE
[15:52:32.604]      // while "1"  (timeout="200")
[15:52:32.609]      // while-condition  =>  TRUE
[15:52:32.609]      // while "1"  (timeout="200")
[15:52:32.609]      // while  =>  TIMEOUT
[15:52:32.609]      // end while "1"
[15:52:32.609]    </control>
[15:52:32.609]    <control if="canReadPins" while="" timeout="0" info="">
[15:52:32.609]      // if-block "canReadPins"
[15:52:32.609]        // =>  TRUE
[15:52:32.609]      <control if="" while="(DAP_SWJ_Pins(nReset, nReset, 0) & nReset) == 0" timeout="1000000" info="">
[15:52:32.609]        // while "(DAP_SWJ_Pins(nReset, nReset, 0) & nReset) == 0"  (timeout="1000000")
[15:52:32.609]          // -> [DAP_SWJ_Pins(0x80, 0x80, 0) => 0x8F]   (Out: nRESET=1  =>  In: SWCLK/TCK=1, SWDIO/TMS=1, TDI=1, TDO=1, nTRST=0, nRESET=1)
[15:52:32.609]        // while-condition  =>  FALSE
[15:52:32.609]        // end while "(DAP_SWJ_Pins(nReset, nReset, 0) & nReset) == 0"
[15:52:32.609]      </control>
[15:52:32.609]      // end if-block "canReadPins"
[15:52:32.609]    </control>
[15:52:32.609]    <control if="!canReadPins" while="" timeout="0" info="">
[15:52:32.609]      // if-block "!canReadPins"
[15:52:32.609]        // =>  FALSE
[15:52:32.609]      // skip if-block "!canReadPins"
[15:52:32.609]    </control>
[15:52:32.609]    <control if="(ACCESS_POINT_VAL & 0x00E00000) == 0" while="" timeout="0" info="">
[15:52:32.609]      // if-block "(ACCESS_POINT_VAL & 0x00E00000) == 0"
[15:52:32.609]        // =>  TRUE
[15:52:32.609]      <block atomic="false" info="">
[15:52:32.609]        WriteAP(0x00, 0x190008);
[15:52:32.619]          // -> [WriteAP(0x00000000, 0x00190008)]   (__dp=0x00000000, __ap=0x00000004)
[15:52:32.620]        WriteAP(0xF0, 0x01);
[15:52:32.624]          // -> [WriteAP(0x000000F0, 0x00000001)]   (__dp=0x00000000, __ap=0x00000004)
[15:52:32.624]      </block>
[15:52:32.624]      // end if-block "(ACCESS_POINT_VAL & 0x00E00000) == 0"
[15:52:32.624]    </control>
[15:52:32.624]    <control if="(ACCESS_POINT_VAL & 0x00E00000) != 0" while="" timeout="0" info="">
[15:52:32.624]      // if-block "(ACCESS_POINT_VAL & 0x00E00000) != 0"
[15:52:32.624]        // =>  FALSE
[15:52:32.624]      // skip if-block "(ACCESS_POINT_VAL & 0x00E00000) != 0"
[15:52:32.624]    </control>
[15:52:32.624]    <block atomic="false" info="">
[15:52:32.624]      ACCESS_POINT_VAL = ReadAP(0x00);//Reading current state of access point
[15:52:32.629]        // -> [ReadAP(0x00000000) => 0x0079002F]   (__dp=0x00000000, __ap=0x00000004)
[15:52:32.629]        // -> [ACCESS_POINT_VAL <= 0x0079002F]
[15:52:32.629]      Message(0, "Current state of access point is: %x",ACCESS_POINT_VAL);
[15:52:32.629]      __ap = 0; //lets make sure we reset the access point selection
[15:52:32.629]        // -> [__ap <= 0x00000000]
[15:52:32.634]    </block>
[15:52:32.634]  </sequence>
[15:52:32.634]  
[15:52:32.671]  **********  Sequence "DebugDeviceUnlock"  (Context="Connect", Pname="", info="")
[15:52:32.671]  
[15:52:32.671]  <debugvars>
[15:52:32.671]    // Pre-defined
[15:52:32.671]    __protocol=0x00010002      (Protocol="SWD", SWJ-DP="True")
[15:52:32.671]    __connection=0x00000202    (Connection Type="Flash", Reset Type="System Reset")
[15:52:32.671]    __dp=0x00000000
[15:52:32.671]    __ap=0x00000000
[15:52:32.671]    __traceout=0x00000000      (Trace Disabled)
[15:52:32.671]    __errorcontrol=0x00000000  (Skip Errors="False")
[15:52:32.671]    __FlashAddr=0x00000000
[15:52:32.671]    __FlashLen=0x00000000
[15:52:32.671]    __FlashArg=0x00000000
[15:52:32.671]    __FlashOp=0x00000000
[15:52:32.671]    __Result=0x00000000
[15:52:32.671]  </debugvars>
[15:52:32.671]  
[15:52:32.671]  <sequence name="DebugDeviceUnlock" Pname="" disable="false" info="">
[15:52:32.671]    <block atomic="false" info="">
[15:52:32.671]      __var deviceID = 0;
[15:52:32.671]        // -> [deviceID <= 0x00000000]
[15:52:32.671]      __var version = 0;
[15:52:32.671]        // -> [version <= 0x00000000]
[15:52:32.671]      __var partNum = 0;
[15:52:32.671]        // -> [partNum <= 0x00000000]
[15:52:32.671]      __var manuf = 0;
[15:52:32.671]        // -> [manuf <= 0x00000000]
[15:52:32.671]      __var isMSPM0G1X0X_G3X0X = 0;
[15:52:32.671]        // -> [isMSPM0G1X0X_G3X0X <= 0x00000000]
[15:52:32.671]      __var isProduction = 0;
[15:52:32.671]        // -> [isProduction <= 0x00000000]
[15:52:32.671]      __var continueId = 0;
[15:52:32.671]        // -> [continueId <= 0x00000000]
[15:52:32.671]      deviceID =   Read32(0x41C40004);
[15:52:32.687]        // -> [Read32(0x41C40004) => 0x2BB8802F]   (__dp=0x00000000, __ap=0x00000000)
[15:52:32.687]        // -> [deviceID <= 0x2BB8802F]
[15:52:32.687]      version = deviceID >> 28;
[15:52:32.687]        // -> [version <= 0x00000002]
[15:52:32.687]      partNum = (deviceID & 0x0FFFF000) >> 12;
[15:52:32.687]        // -> [partNum <= 0x0000BB88]
[15:52:32.687]      manuf = (deviceID & 0x00000FFE) >> 1;
[15:52:32.687]        // -> [manuf <= 0x00000017]
[15:52:32.687]      isMSPM0G1X0X_G3X0X = (partNum == 0xBB88) && (manuf == 0x17);
[15:52:32.687]        // -> [isMSPM0G1X0X_G3X0X <= 0x00000001]
[15:52:32.687]      isProduction = (version > 0);
[15:52:32.692]        // -> [isProduction <= 0x00000001]
[15:52:32.692]    </block>
[15:52:32.692]    <control if="!isMSPM0G1X0X_G3X0X" while="" timeout="0" info="">
[15:52:32.692]      // if-block "!isMSPM0G1X0X_G3X0X"
[15:52:32.692]        // =>  FALSE
[15:52:32.692]      // skip if-block "!isMSPM0G1X0X_G3X0X"
[15:52:32.692]    </control>
[15:52:32.692]    <control if="continueId == 4" while="" timeout="0" info="">
[15:52:32.692]      // if-block "continueId == 4"
[15:52:32.692]        // =>  FALSE
[15:52:32.692]      // skip if-block "continueId == 4"
[15:52:32.692]    </control>
[15:52:32.692]    <control if="!isProduction" while="" timeout="0" info="">
[15:52:32.692]      // if-block "!isProduction"
[15:52:32.692]        // =>  FALSE
[15:52:32.692]      // skip if-block "!isProduction"
[15:52:32.692]    </control>
[15:52:32.692]  </sequence>
[15:52:32.692]  
[15:56:32.983]  **********  Sequence "DebugPortSetup"  (Context="Connect", Pname="", info="")
[15:56:32.983]  
[15:56:32.988]  <debugvars>
[15:56:32.988]    // Pre-defined
[15:56:32.988]    __protocol=0x00010002      (Protocol="SWD", SWJ-DP="True")
[15:56:32.988]    __connection=0x00000202    (Connection Type="Flash", Reset Type="System Reset")
[15:56:32.988]    __dp=0x00000000
[15:56:32.988]    __ap=0x00000000
[15:56:32.988]    __traceout=0x00000000      (Trace Disabled)
[15:56:32.988]    __errorcontrol=0x00000000  (Skip Errors="False")
[15:56:32.988]    __FlashAddr=0x00000000
[15:56:32.988]    __FlashLen=0x00000000
[15:56:32.988]    __FlashArg=0x00000000
[15:56:32.988]    __FlashOp=0x00000000
[15:56:32.988]    __Result=0x00000000
[15:56:32.988]  </debugvars>
[15:56:32.988]  
[15:56:32.988]  <sequence name="DebugPortSetup" Pname="" disable="false" info="">
[15:56:32.988]    <block atomic="false" info="">
[15:56:32.988]      __var isSWJ      = ((__protocol & 0x00010000) != 0);
[15:56:32.988]        // -> [isSWJ <= 0x00000001]
[15:56:32.988]      __var hasDormant = __protocol & 0x00020000;
[15:56:32.988]        // -> [hasDormant <= 0x00000000]
[15:56:32.988]      __var protType   = __protocol & 0x0000FFFF;
[15:56:32.988]        // -> [protType <= 0x00000002]
[15:56:32.988]    </block>
[15:56:32.988]    <control if="protType == 1" while="" timeout="0" info="">
[15:56:32.988]      // if-block "protType == 1"
[15:56:32.988]        // =>  FALSE
[15:56:32.988]      // skip if-block "protType == 1"
[15:56:32.988]    </control>
[15:56:32.988]    <control if="protType == 2" while="" timeout="0" info="">
[15:56:32.988]      // if-block "protType == 2"
[15:56:32.988]        // =>  TRUE
[15:56:32.988]      <control if="isSWJ" while="" timeout="0" info="">
[15:56:32.988]        // if-block "isSWJ"
[15:56:32.988]          // =>  TRUE
[15:56:32.988]        <control if="hasDormant" while="" timeout="0" info="">
[15:56:32.988]          // if-block "hasDormant"
[15:56:32.988]            // =>  FALSE
[15:56:32.988]          // skip if-block "hasDormant"
[15:56:32.988]        </control>
[15:56:32.988]        <control if="!hasDormant" while="" timeout="0" info="">
[15:56:32.988]          // if-block "!hasDormant"
[15:56:32.988]            // =>  TRUE
[15:56:32.988]          <block atomic="false" info="">
[15:56:32.988]            DAP_SWJ_Sequence(51, 0x0007FFFFFFFFFFFF); //lets put the JTAG line in a reset state
[15:56:32.993]              // -> [DAP_SWJ_Sequence(51, 0x0007FFFFFFFFFFFF)]
[15:56:32.993]            DAP_SWJ_Sequence(16,0xE73C); //SWD to JTAG, this is to ensure the state machine is initialized
[15:56:32.995]              // -> [DAP_SWJ_Sequence(16, 0x000000000000E73C)]
[15:56:32.995]            DAP_SWJ_Sequence(51, 0x0007FFFFFFFFFFFF); //Put it back in reset
[15:56:33.003]              // -> [DAP_SWJ_Sequence(51, 0x0007FFFFFFFFFFFF)]
[15:56:33.003]            DAP_SWJ_Sequence(16, 0xE79E); //JTAG to SWD switch
[15:56:33.008]              // -> [DAP_SWJ_Sequence(16, 0x000000000000E79E)]
[15:56:33.008]            DAP_SWJ_Sequence(51, 0x0007FFFFFFFFFFFF);  //Ensure the switch is successful 
[15:56:33.008]              // -> [DAP_SWJ_Sequence(51, 0x0007FFFFFFFFFFFF)]
[15:56:33.008]            DAP_SWJ_Sequence(7,  0x00); //Give the line some time to initialize
[15:56:33.013]              // -> [DAP_SWJ_Sequence(7, 0x0000000000000000)]
[15:56:33.013]          </block>
[15:56:33.013]          // end if-block "!hasDormant"
[15:56:33.013]        </control>
[15:56:33.013]        // end if-block "isSWJ"
[15:56:33.013]      </control>
[15:56:33.013]      <control if="!isSWJ" while="" timeout="0" info="">
[15:56:33.013]        // if-block "!isSWJ"
[15:56:33.013]          // =>  FALSE
[15:56:33.013]        // skip if-block "!isSWJ"
[15:56:33.013]      </control>
[15:56:33.013]      <block atomic="false" info="">
[15:56:33.013]        ReadDP(0x0);
[15:56:33.015]          // -> [ReadDP(0x00000000) => 0x6BA02477]   (__dp=0x00000000)
[15:56:33.015]      </block>
[15:56:33.015]      // end if-block "protType == 2"
[15:56:33.015]    </control>
[15:56:33.015]  </sequence>
[15:56:33.015]  
[15:56:33.023]  **********  Sequence "DebugPortStart"  (Context="Connect", Pname="", info="")
[15:56:33.023]  
[15:56:33.023]  <debugvars>
[15:56:33.023]    // Pre-defined
[15:56:33.023]    __protocol=0x00010002      (Protocol="SWD", SWJ-DP="True")
[15:56:33.023]    __connection=0x00000202    (Connection Type="Flash", Reset Type="System Reset")
[15:56:33.023]    __dp=0x00000000
[15:56:33.023]    __ap=0x00000000
[15:56:33.023]    __traceout=0x00000000      (Trace Disabled)
[15:56:33.023]    __errorcontrol=0x00000000  (Skip Errors="False")
[15:56:33.023]    __FlashAddr=0x00000000
[15:56:33.023]    __FlashLen=0x00000000
[15:56:33.023]    __FlashArg=0x00000000
[15:56:33.023]    __FlashOp=0x00000000
[15:56:33.023]    __Result=0x00000000
[15:56:33.023]  </debugvars>
[15:56:33.023]  
[15:56:33.025]  <sequence name="DebugPortStart" Pname="" disable="false" info="">
[15:56:33.025]    <block atomic="false" info="">
[15:56:33.025]      __var SW_DP_ABORT       = 0x0;
[15:56:33.025]        // -> [SW_DP_ABORT <= 0x00000000]
[15:56:33.025]      __var DP_CTRL_STAT      = 0x4;
[15:56:33.025]        // -> [DP_CTRL_STAT <= 0x00000004]
[15:56:33.025]      __var DP_SELECT         = 0x8;
[15:56:33.025]        // -> [DP_SELECT <= 0x00000008]
[15:56:33.025]      __var powered_down      = 0;
[15:56:33.025]        // -> [powered_down <= 0x00000000]
[15:56:33.025]      WriteDP(DP_SELECT, 0x00000000);
[15:56:33.029]        // -> [WriteDP(0x00000008, 0x00000000)]   (__dp=0x00000000)
[15:56:33.029]      powered_down = ((ReadDP(DP_CTRL_STAT) & 0xA0000000) != 0xA0000000);
[15:56:33.034]        // -> [ReadDP(0x00000004) => 0x00000040]   (__dp=0x00000000)
[15:56:33.034]        // -> [powered_down <= 0x00000001]
[15:56:33.034]    </block>
[15:56:33.034]    <control if="powered_down" while="" timeout="0" info="">
[15:56:33.034]      // if-block "powered_down"
[15:56:33.034]        // =>  TRUE
[15:56:33.034]      <block atomic="false" info="">
[15:56:33.034]        Message(0, "Debug/System power-up request sent");
[15:56:33.034]        WriteDP(DP_CTRL_STAT, 0x50000000);
[15:56:33.039]          // -> [WriteDP(0x00000004, 0x50000000)]   (__dp=0x00000000)
[15:56:33.039]      </block>
[15:56:33.039]      <control if="" while="(ReadDP(DP_CTRL_STAT) & 0xA0000000) != 0xA0000000" timeout="1000000" info="">
[15:56:33.039]        // while "(ReadDP(DP_CTRL_STAT) & 0xA0000000) != 0xA0000000"  (timeout="1000000")
[15:56:33.041]          // -> [ReadDP(0x00000004) => 0xF0000040]   (__dp=0x00000000)
[15:56:33.041]        // while-condition  =>  FALSE
[15:56:33.041]        // end while "(ReadDP(DP_CTRL_STAT) & 0xA0000000) != 0xA0000000"
[15:56:33.041]      </control>
[15:56:33.041]      <control if="(__protocol & 0xFFFF) == 1" while="" timeout="0" info="">
[15:56:33.041]        // if-block "(__protocol & 0xFFFF) == 1"
[15:56:33.041]          // =>  FALSE
[15:56:33.041]        // skip if-block "(__protocol & 0xFFFF) == 1"
[15:56:33.041]      </control>
[15:56:33.041]      <control if="(__protocol & 0xFFFF) == 2" while="" timeout="0" info="">
[15:56:33.041]        // if-block "(__protocol & 0xFFFF) == 2"
[15:56:33.041]          // =>  TRUE
[15:56:33.041]        <block atomic="false" info="">
[15:56:33.041]          Message(0, "executing SWD power up");
[15:56:33.043]          WriteDP(DP_CTRL_STAT, 0x50000F00);
[15:56:33.044]            // -> [WriteDP(0x00000004, 0x50000F00)]   (__dp=0x00000000)
[15:56:33.044]          WriteDP(SW_DP_ABORT, 0x0000001E);
[15:56:33.049]            // -> [WriteDP(0x00000000, 0x0000001E)]   (__dp=0x00000000)
[15:56:33.049]        </block>
[15:56:33.049]        // end if-block "(__protocol & 0xFFFF) == 2"
[15:56:33.049]      </control>
[15:56:33.049]      // end if-block "powered_down"
[15:56:33.049]    </control>
[15:56:33.049]    <block atomic="false" info="">
[15:56:33.049]      __var DEBUG_PORT_VAL    = 0;
[15:56:33.049]        // -> [DEBUG_PORT_VAL <= 0x00000000]
[15:56:33.049]      __var ACCESS_POINT_VAL  = 0;
[15:56:33.049]        // -> [ACCESS_POINT_VAL <= 0x00000000]
[15:56:33.049]      __ap = 1; 
[15:56:33.049]        // -> [__ap <= 0x00000001]
[15:56:33.049]      WriteAP(0x0C, 0x04); //lets use the mini pwr-ap as backup
[15:56:33.054]        // -> [WriteAP(0x0000000C, 0x00000004)]   (__dp=0x00000000, __ap=0x00000001)
[15:56:33.054]      __ap = 4;
[15:56:33.054]        // -> [__ap <= 0x00000004]
[15:56:33.054]      ACCESS_POINT_VAL = ReadAP(0x00);//Reading current state of access point
[15:56:33.059]        // -> [ReadAP(0x00000000) => 0x00080027]   (__dp=0x00000000, __ap=0x00000004)
[15:56:33.059]        // -> [ACCESS_POINT_VAL <= 0x00080027]
[15:56:33.059]      Message(0, "Current state of access point is: %x",ACCESS_POINT_VAL);
[15:56:33.059]    </block>
[15:56:33.059]    <block atomic="false" info="">
[15:56:33.059]      __var nReset = 0x80;
[15:56:33.059]        // -> [nReset <= 0x00000080]
[15:56:33.059]      __var canReadPins = 0;
[15:56:33.059]        // -> [canReadPins <= 0x00000000]
[15:56:33.059]      canReadPins = (DAP_SWJ_Pins(0x00, nReset, 0) != 0xFFFFFFFF);
[15:56:33.065]        // -> [DAP_SWJ_Pins(0x00, 0x80, 0) => 0x0F]   (Out: nRESET=0  =>  In: SWCLK/TCK=1, SWDIO/TMS=1, TDI=1, TDO=1, nTRST=0, nRESET=0)
[15:56:33.065]        // -> [canReadPins <= 0x00000001]
[15:56:33.065]    </block>
[15:56:33.065]    <control if="" while="1" timeout="200" info="">
[15:56:33.065]      // while "1"  (timeout="200")
[15:56:33.065]      // while-condition  =>  TRUE
[15:56:33.065]      // while "1"  (timeout="200")
[15:56:33.065]      // while-condition  =>  TRUE
[15:56:33.065]      // while "1"  (timeout="200")
[15:56:33.065]      // while-condition  =>  TRUE
[15:56:33.065]      // while "1"  (timeout="200")
[15:56:33.065]      // while-condition  =>  TRUE
[15:56:33.065]      // while "1"  (timeout="200")
[15:56:33.065]      // while-condition  =>  TRUE
[15:56:33.065]      // while "1"  (timeout="200")
[15:56:33.065]      // while-condition  =>  TRUE
[15:56:33.065]      // while "1"  (timeout="200")
[15:56:33.065]      // while-condition  =>  TRUE
[15:56:33.065]      // while "1"  (timeout="200")
[15:56:33.065]      // while-condition  =>  TRUE
[15:56:33.065]      // while "1"  (timeout="200")
[15:56:33.065]      // while-condition  =>  TRUE
[15:56:33.065]      // while "1"  (timeout="200")
[15:56:33.065]      // while-condition  =>  TRUE
[15:56:33.065]      // while "1"  (timeout="200")
[15:56:33.065]      // while-condition  =>  TRUE
[15:56:33.065]      // while "1"  (timeout="200")
[15:56:33.065]      // while-condition  =>  TRUE
[15:56:33.065]      // while "1"  (timeout="200")
[15:56:33.065]      // while-condition  =>  TRUE
[15:56:33.070]      // while "1"  (timeout="200")
[15:56:33.070]      // while-condition  =>  TRUE
[15:56:33.070]      // while "1"  (timeout="200")
[15:56:33.070]      // while-condition  =>  TRUE
[15:56:33.070]      // while "1"  (timeout="200")
[15:56:33.070]      // while-condition  =>  TRUE
[15:56:33.070]      // while "1"  (timeout="200")
[15:56:33.070]      // while-condition  =>  TRUE
[15:56:33.070]      // while "1"  (timeout="200")
[15:56:33.070]      // while-condition  =>  TRUE
[15:56:33.070]      // while "1"  (timeout="200")
[15:56:33.070]      // while-condition  =>  TRUE
[15:56:33.070]      // while "1"  (timeout="200")
[15:56:33.070]      // while-condition  =>  TRUE
[15:56:33.070]      // while "1"  (timeout="200")
[15:56:33.070]      // while-condition  =>  TRUE
[15:56:33.070]      // while "1"  (timeout="200")
[15:56:33.070]      // while-condition  =>  TRUE
[15:56:33.070]      // while "1"  (timeout="200")
[15:56:33.070]      // while-condition  =>  TRUE
[15:56:33.070]      // while "1"  (timeout="200")
[15:56:33.070]      // while-condition  =>  TRUE
[15:56:33.070]      // while "1"  (timeout="200")
[15:56:33.070]      // while-condition  =>  TRUE
[15:56:33.070]      // while "1"  (timeout="200")
[15:56:33.070]      // while-condition  =>  TRUE
[15:56:33.070]      // while "1"  (timeout="200")
[15:56:33.070]      // while-condition  =>  TRUE
[15:56:33.070]      // while "1"  (timeout="200")
[15:56:33.070]      // while-condition  =>  TRUE
[15:56:33.070]      // while "1"  (timeout="200")
[15:56:33.070]      // while-condition  =>  TRUE
[15:56:33.070]      // while "1"  (timeout="200")
[15:56:33.070]      // while-condition  =>  TRUE
[15:56:33.070]      // while "1"  (timeout="200")
[15:56:33.070]      // while-condition  =>  TRUE
[15:56:33.070]      // while "1"  (timeout="200")
[15:56:33.070]      // while-condition  =>  TRUE
[15:56:33.070]      // while "1"  (timeout="200")
[15:56:33.070]      // while-condition  =>  TRUE
[15:56:33.070]      // while "1"  (timeout="200")
[15:56:33.070]      // while-condition  =>  TRUE
[15:56:33.070]      // while "1"  (timeout="200")
[15:56:33.070]      // while-condition  =>  TRUE
[15:56:33.070]      // while "1"  (timeout="200")
[15:56:33.070]      // while-condition  =>  TRUE
[15:56:33.070]      // while "1"  (timeout="200")
[15:56:33.070]      // while-condition  =>  TRUE
[15:56:33.070]      // while "1"  (timeout="200")
[15:56:33.070]      // while-condition  =>  TRUE
[15:56:33.070]      // while "1"  (timeout="200")
[15:56:33.070]      // while-condition  =>  TRUE
[15:56:33.070]      // while "1"  (timeout="200")
[15:56:33.070]      // while-condition  =>  TRUE
[15:56:33.070]      // while "1"  (timeout="200")
[15:56:33.070]      // while-condition  =>  TRUE
[15:56:33.070]      // while "1"  (timeout="200")
[15:56:33.070]      // while-condition  =>  TRUE
[15:56:33.070]      // while "1"  (timeout="200")
[15:56:33.070]      // while-condition  =>  TRUE
[15:56:33.070]      // while "1"  (timeout="200")
[15:56:33.070]      // while-condition  =>  TRUE
[15:56:33.070]      // while "1"  (timeout="200")
[15:56:33.070]      // while-condition  =>  TRUE
[15:56:33.070]      // while "1"  (timeout="200")
[15:56:33.070]      // while-condition  =>  TRUE
[15:56:33.070]      // while "1"  (timeout="200")
[15:56:33.070]      // while-condition  =>  TRUE
[15:56:33.070]      // while "1"  (timeout="200")
[15:56:33.070]      // while-condition  =>  TRUE
[15:56:33.070]      // while "1"  (timeout="200")
[15:56:33.070]      // while-condition  =>  TRUE
[15:56:33.070]      // while "1"  (timeout="200")
[15:56:33.070]      // while-condition  =>  TRUE
[15:56:33.070]      // while "1"  (timeout="200")
[15:56:33.070]      // while-condition  =>  TRUE
[15:56:33.070]      // while "1"  (timeout="200")
[15:56:33.070]      // while-condition  =>  TRUE
[15:56:33.070]      // while "1"  (timeout="200")
[15:56:33.070]      // while-condition  =>  TRUE
[15:56:33.070]      // while "1"  (timeout="200")
[15:56:33.070]      // while-condition  =>  TRUE
[15:56:33.070]      // while "1"  (timeout="200")
[15:56:33.070]      // while-condition  =>  TRUE
[15:56:33.070]      // while "1"  (timeout="200")
[15:56:33.070]      // while-condition  =>  TRUE
[15:56:33.070]      // while "1"  (timeout="200")
[15:56:33.070]      // while-condition  =>  TRUE
[15:56:33.070]      // while "1"  (timeout="200")
[15:56:33.075]      // while-condition  =>  TRUE
[15:56:33.075]      // while "1"  (timeout="200")
[15:56:33.075]      // while  =>  TIMEOUT
[15:56:33.075]      // end while "1"
[15:56:33.075]    </control>
[15:56:33.075]    <control if="canReadPins" while="" timeout="0" info="">
[15:56:33.075]      // if-block "canReadPins"
[15:56:33.075]        // =>  TRUE
[15:56:33.075]      <control if="" while="(DAP_SWJ_Pins(nReset, nReset, 0) & nReset) == 0" timeout="1000000" info="">
[15:56:33.075]        // while "(DAP_SWJ_Pins(nReset, nReset, 0) & nReset) == 0"  (timeout="1000000")
[15:56:33.075]          // -> [DAP_SWJ_Pins(0x80, 0x80, 0) => 0x8F]   (Out: nRESET=1  =>  In: SWCLK/TCK=1, SWDIO/TMS=1, TDI=1, TDO=1, nTRST=0, nRESET=1)
[15:56:33.075]        // while-condition  =>  FALSE
[15:56:33.075]        // end while "(DAP_SWJ_Pins(nReset, nReset, 0) & nReset) == 0"
[15:56:33.075]      </control>
[15:56:33.075]      // end if-block "canReadPins"
[15:56:33.075]    </control>
[15:56:33.075]    <control if="!canReadPins" while="" timeout="0" info="">
[15:56:33.075]      // if-block "!canReadPins"
[15:56:33.075]        // =>  FALSE
[15:56:33.075]      // skip if-block "!canReadPins"
[15:56:33.075]    </control>
[15:56:33.075]    <control if="(ACCESS_POINT_VAL & 0x00E00000) == 0" while="" timeout="0" info="">
[15:56:33.075]      // if-block "(ACCESS_POINT_VAL & 0x00E00000) == 0"
[15:56:33.075]        // =>  TRUE
[15:56:33.075]      <block atomic="false" info="">
[15:56:33.075]        WriteAP(0x00, 0x190008);
[15:56:33.075]          // -> [WriteAP(0x00000000, 0x00190008)]   (__dp=0x00000000, __ap=0x00000004)
[15:56:33.075]        WriteAP(0xF0, 0x01);
[15:56:33.081]          // -> [WriteAP(0x000000F0, 0x00000001)]   (__dp=0x00000000, __ap=0x00000004)
[15:56:33.081]      </block>
[15:56:33.081]      // end if-block "(ACCESS_POINT_VAL & 0x00E00000) == 0"
[15:56:33.081]    </control>
[15:56:33.081]    <control if="(ACCESS_POINT_VAL & 0x00E00000) != 0" while="" timeout="0" info="">
[15:56:33.081]      // if-block "(ACCESS_POINT_VAL & 0x00E00000) != 0"
[15:56:33.081]        // =>  FALSE
[15:56:33.081]      // skip if-block "(ACCESS_POINT_VAL & 0x00E00000) != 0"
[15:56:33.081]    </control>
[15:56:33.081]    <block atomic="false" info="">
[15:56:33.086]      ACCESS_POINT_VAL = ReadAP(0x00);//Reading current state of access point
[15:56:33.086]        // -> [ReadAP(0x00000000) => 0x0079002F]   (__dp=0x00000000, __ap=0x00000004)
[15:56:33.086]        // -> [ACCESS_POINT_VAL <= 0x0079002F]
[15:56:33.086]      Message(0, "Current state of access point is: %x",ACCESS_POINT_VAL);
[15:56:33.091]      __ap = 0; //lets make sure we reset the access point selection
[15:56:33.091]        // -> [__ap <= 0x00000000]
[15:56:33.091]    </block>
[15:56:33.091]  </sequence>
[15:56:33.091]  
[15:56:33.131]  **********  Sequence "DebugDeviceUnlock"  (Context="Connect", Pname="", info="")
[15:56:33.131]  
[15:56:33.131]  <debugvars>
[15:56:33.131]    // Pre-defined
[15:56:33.131]    __protocol=0x00010002      (Protocol="SWD", SWJ-DP="True")
[15:56:33.131]    __connection=0x00000202    (Connection Type="Flash", Reset Type="System Reset")
[15:56:33.131]    __dp=0x00000000
[15:56:33.131]    __ap=0x00000000
[15:56:33.131]    __traceout=0x00000000      (Trace Disabled)
[15:56:33.131]    __errorcontrol=0x00000000  (Skip Errors="False")
[15:56:33.131]    __FlashAddr=0x00000000
[15:56:33.131]    __FlashLen=0x00000000
[15:56:33.131]    __FlashArg=0x00000000
[15:56:33.131]    __FlashOp=0x00000000
[15:56:33.131]    __Result=0x00000000
[15:56:33.131]  </debugvars>
[15:56:33.131]  
[15:56:33.131]  <sequence name="DebugDeviceUnlock" Pname="" disable="false" info="">
[15:56:33.131]    <block atomic="false" info="">
[15:56:33.131]      __var deviceID = 0;
[15:56:33.133]        // -> [deviceID <= 0x00000000]
[15:56:33.133]      __var version = 0;
[15:56:33.133]        // -> [version <= 0x00000000]
[15:56:33.133]      __var partNum = 0;
[15:56:33.133]        // -> [partNum <= 0x00000000]
[15:56:33.133]      __var manuf = 0;
[15:56:33.133]        // -> [manuf <= 0x00000000]
[15:56:33.133]      __var isMSPM0G1X0X_G3X0X = 0;
[15:56:33.133]        // -> [isMSPM0G1X0X_G3X0X <= 0x00000000]
[15:56:33.133]      __var isProduction = 0;
[15:56:33.133]        // -> [isProduction <= 0x00000000]
[15:56:33.133]      __var continueId = 0;
[15:56:33.133]        // -> [continueId <= 0x00000000]
[15:56:33.133]      deviceID =   Read32(0x41C40004);
[15:56:33.141]        // -> [Read32(0x41C40004) => 0x2BB8802F]   (__dp=0x00000000, __ap=0x00000000)
[15:56:33.141]        // -> [deviceID <= 0x2BB8802F]
[15:56:33.141]      version = deviceID >> 28;
[15:56:33.141]        // -> [version <= 0x00000002]
[15:56:33.141]      partNum = (deviceID & 0x0FFFF000) >> 12;
[15:56:33.141]        // -> [partNum <= 0x0000BB88]
[15:56:33.141]      manuf = (deviceID & 0x00000FFE) >> 1;
[15:56:33.141]        // -> [manuf <= 0x00000017]
[15:56:33.141]      isMSPM0G1X0X_G3X0X = (partNum == 0xBB88) && (manuf == 0x17);
[15:56:33.141]        // -> [isMSPM0G1X0X_G3X0X <= 0x00000001]
[15:56:33.141]      isProduction = (version > 0);
[15:56:33.141]        // -> [isProduction <= 0x00000001]
[15:56:33.141]    </block>
[15:56:33.141]    <control if="!isMSPM0G1X0X_G3X0X" while="" timeout="0" info="">
[15:56:33.141]      // if-block "!isMSPM0G1X0X_G3X0X"
[15:56:33.141]        // =>  FALSE
[15:56:33.141]      // skip if-block "!isMSPM0G1X0X_G3X0X"
[15:56:33.141]    </control>
[15:56:33.141]    <control if="continueId == 4" while="" timeout="0" info="">
[15:56:33.141]      // if-block "continueId == 4"
[15:56:33.141]        // =>  FALSE
[15:56:33.141]      // skip if-block "continueId == 4"
[15:56:33.141]    </control>
[15:56:33.141]    <control if="!isProduction" while="" timeout="0" info="">
[15:56:33.141]      // if-block "!isProduction"
[15:56:33.141]        // =>  FALSE
[15:56:33.141]      // skip if-block "!isProduction"
[15:56:33.141]    </control>
[15:56:33.141]  </sequence>
[15:56:33.141]  
[16:02:00.854]  **********  Sequence "DebugPortSetup"  (Context="Connect", Pname="", info="")
[16:02:00.854]  
[16:02:00.854]  <debugvars>
[16:02:00.854]    // Pre-defined
[16:02:00.854]    __protocol=0x00010002      (Protocol="SWD", SWJ-DP="True")
[16:02:00.854]    __connection=0x00000202    (Connection Type="Flash", Reset Type="System Reset")
[16:02:00.854]    __dp=0x00000000
[16:02:00.854]    __ap=0x00000000
[16:02:00.854]    __traceout=0x00000000      (Trace Disabled)
[16:02:00.854]    __errorcontrol=0x00000000  (Skip Errors="False")
[16:02:00.854]    __FlashAddr=0x00000000
[16:02:00.854]    __FlashLen=0x00000000
[16:02:00.854]    __FlashArg=0x00000000
[16:02:00.854]    __FlashOp=0x00000000
[16:02:00.854]    __Result=0x00000000
[16:02:00.854]  </debugvars>
[16:02:00.854]  
[16:02:00.854]  <sequence name="DebugPortSetup" Pname="" disable="false" info="">
[16:02:00.854]    <block atomic="false" info="">
[16:02:00.854]      __var isSWJ      = ((__protocol & 0x00010000) != 0);
[16:02:00.854]        // -> [isSWJ <= 0x00000001]
[16:02:00.854]      __var hasDormant = __protocol & 0x00020000;
[16:02:00.854]        // -> [hasDormant <= 0x00000000]
[16:02:00.854]      __var protType   = __protocol & 0x0000FFFF;
[16:02:00.854]        // -> [protType <= 0x00000002]
[16:02:00.854]    </block>
[16:02:00.854]    <control if="protType == 1" while="" timeout="0" info="">
[16:02:00.854]      // if-block "protType == 1"
[16:02:00.854]        // =>  FALSE
[16:02:00.854]      // skip if-block "protType == 1"
[16:02:00.854]    </control>
[16:02:00.854]    <control if="protType == 2" while="" timeout="0" info="">
[16:02:00.854]      // if-block "protType == 2"
[16:02:00.854]        // =>  TRUE
[16:02:00.854]      <control if="isSWJ" while="" timeout="0" info="">
[16:02:00.854]        // if-block "isSWJ"
[16:02:00.854]          // =>  TRUE
[16:02:00.854]        <control if="hasDormant" while="" timeout="0" info="">
[16:02:00.854]          // if-block "hasDormant"
[16:02:00.854]            // =>  FALSE
[16:02:00.854]          // skip if-block "hasDormant"
[16:02:00.854]        </control>
[16:02:00.857]        <control if="!hasDormant" while="" timeout="0" info="">
[16:02:00.857]          // if-block "!hasDormant"
[16:02:00.857]            // =>  TRUE
[16:02:00.857]          <block atomic="false" info="">
[16:02:00.857]            DAP_SWJ_Sequence(51, 0x0007FFFFFFFFFFFF); //lets put the JTAG line in a reset state
[16:02:00.860]              // -> [DAP_SWJ_Sequence(51, 0x0007FFFFFFFFFFFF)]
[16:02:00.860]            DAP_SWJ_Sequence(16,0xE73C); //SWD to JTAG, this is to ensure the state machine is initialized
[16:02:00.863]              // -> [DAP_SWJ_Sequence(16, 0x000000000000E73C)]
[16:02:00.863]            DAP_SWJ_Sequence(51, 0x0007FFFFFFFFFFFF); //Put it back in reset
[16:02:00.865]              // -> [DAP_SWJ_Sequence(51, 0x0007FFFFFFFFFFFF)]
[16:02:00.865]            DAP_SWJ_Sequence(16, 0xE79E); //JTAG to SWD switch
[16:02:00.867]              // -> [DAP_SWJ_Sequence(16, 0x000000000000E79E)]
[16:02:00.867]            DAP_SWJ_Sequence(51, 0x0007FFFFFFFFFFFF);  //Ensure the switch is successful 
[16:02:00.869]              // -> [DAP_SWJ_Sequence(51, 0x0007FFFFFFFFFFFF)]
[16:02:00.869]            DAP_SWJ_Sequence(7,  0x00); //Give the line some time to initialize
[16:02:00.870]              // -> [DAP_SWJ_Sequence(7, 0x0000000000000000)]
[16:02:00.870]          </block>
[16:02:00.870]          // end if-block "!hasDormant"
[16:02:00.870]        </control>
[16:02:00.871]        // end if-block "isSWJ"
[16:02:00.871]      </control>
[16:02:00.871]      <control if="!isSWJ" while="" timeout="0" info="">
[16:02:00.871]        // if-block "!isSWJ"
[16:02:00.871]          // =>  FALSE
[16:02:00.871]        // skip if-block "!isSWJ"
[16:02:00.871]      </control>
[16:02:00.871]      <block atomic="false" info="">
[16:02:00.871]        ReadDP(0x0);
[16:02:00.872]          // -> [ReadDP(0x00000000) => 0x6BA02477]   (__dp=0x00000000)
[16:02:00.872]      </block>
[16:02:00.872]      // end if-block "protType == 2"
[16:02:00.873]    </control>
[16:02:00.873]  </sequence>
[16:02:00.873]  
[16:02:00.876]  **********  Sequence "DebugPortStart"  (Context="Connect", Pname="", info="")
[16:02:00.876]  
[16:02:00.876]  <debugvars>
[16:02:00.876]    // Pre-defined
[16:02:00.877]    __protocol=0x00010002      (Protocol="SWD", SWJ-DP="True")
[16:02:00.877]    __connection=0x00000202    (Connection Type="Flash", Reset Type="System Reset")
[16:02:00.877]    __dp=0x00000000
[16:02:00.877]    __ap=0x00000000
[16:02:00.877]    __traceout=0x00000000      (Trace Disabled)
[16:02:00.877]    __errorcontrol=0x00000000  (Skip Errors="False")
[16:02:00.877]    __FlashAddr=0x00000000
[16:02:00.877]    __FlashLen=0x00000000
[16:02:00.877]    __FlashArg=0x00000000
[16:02:00.878]    __FlashOp=0x00000000
[16:02:00.878]    __Result=0x00000000
[16:02:00.878]  </debugvars>
[16:02:00.878]  
[16:02:00.878]  <sequence name="DebugPortStart" Pname="" disable="false" info="">
[16:02:00.878]    <block atomic="false" info="">
[16:02:00.878]      __var SW_DP_ABORT       = 0x0;
[16:02:00.878]        // -> [SW_DP_ABORT <= 0x00000000]
[16:02:00.878]      __var DP_CTRL_STAT      = 0x4;
[16:02:00.878]        // -> [DP_CTRL_STAT <= 0x00000004]
[16:02:00.878]      __var DP_SELECT         = 0x8;
[16:02:00.878]        // -> [DP_SELECT <= 0x00000008]
[16:02:00.878]      __var powered_down      = 0;
[16:02:00.878]        // -> [powered_down <= 0x00000000]
[16:02:00.878]      WriteDP(DP_SELECT, 0x00000000);
[16:02:00.878]        // -> [WriteDP(0x00000008, 0x00000000)]   (__dp=0x00000000)
[16:02:00.878]      powered_down = ((ReadDP(DP_CTRL_STAT) & 0xA0000000) != 0xA0000000);
[16:02:00.884]        // -> [ReadDP(0x00000004) => 0x00000040]   (__dp=0x00000000)
[16:02:00.884]        // -> [powered_down <= 0x00000001]
[16:02:00.884]    </block>
[16:02:00.884]    <control if="powered_down" while="" timeout="0" info="">
[16:02:00.884]      // if-block "powered_down"
[16:02:00.884]        // =>  TRUE
[16:02:00.884]      <block atomic="false" info="">
[16:02:00.884]        Message(0, "Debug/System power-up request sent");
[16:02:00.884]        WriteDP(DP_CTRL_STAT, 0x50000000);
[16:02:00.887]          // -> [WriteDP(0x00000004, 0x50000000)]   (__dp=0x00000000)
[16:02:00.887]      </block>
[16:02:00.887]      <control if="" while="(ReadDP(DP_CTRL_STAT) & 0xA0000000) != 0xA0000000" timeout="1000000" info="">
[16:02:00.887]        // while "(ReadDP(DP_CTRL_STAT) & 0xA0000000) != 0xA0000000"  (timeout="1000000")
[16:02:00.890]          // -> [ReadDP(0x00000004) => 0xF0000040]   (__dp=0x00000000)
[16:02:00.890]        // while-condition  =>  FALSE
[16:02:00.890]        // end while "(ReadDP(DP_CTRL_STAT) & 0xA0000000) != 0xA0000000"
[16:02:00.890]      </control>
[16:02:00.890]      <control if="(__protocol & 0xFFFF) == 1" while="" timeout="0" info="">
[16:02:00.890]        // if-block "(__protocol & 0xFFFF) == 1"
[16:02:00.890]          // =>  FALSE
[16:02:00.890]        // skip if-block "(__protocol & 0xFFFF) == 1"
[16:02:00.890]      </control>
[16:02:00.890]      <control if="(__protocol & 0xFFFF) == 2" while="" timeout="0" info="">
[16:02:00.890]        // if-block "(__protocol & 0xFFFF) == 2"
[16:02:00.890]          // =>  TRUE
[16:02:00.890]        <block atomic="false" info="">
[16:02:00.890]          Message(0, "executing SWD power up");
[16:02:00.890]          WriteDP(DP_CTRL_STAT, 0x50000F00);
[16:02:00.896]            // -> [WriteDP(0x00000004, 0x50000F00)]   (__dp=0x00000000)
[16:02:00.896]          WriteDP(SW_DP_ABORT, 0x0000001E);
[16:02:00.898]            // -> [WriteDP(0x00000000, 0x0000001E)]   (__dp=0x00000000)
[16:02:00.898]        </block>
[16:02:00.898]        // end if-block "(__protocol & 0xFFFF) == 2"
[16:02:00.898]      </control>
[16:02:00.898]      // end if-block "powered_down"
[16:02:00.898]    </control>
[16:02:00.898]    <block atomic="false" info="">
[16:02:00.898]      __var DEBUG_PORT_VAL    = 0;
[16:02:00.898]        // -> [DEBUG_PORT_VAL <= 0x00000000]
[16:02:00.898]      __var ACCESS_POINT_VAL  = 0;
[16:02:00.898]        // -> [ACCESS_POINT_VAL <= 0x00000000]
[16:02:00.898]      __ap = 1; 
[16:02:00.899]        // -> [__ap <= 0x00000001]
[16:02:00.899]      WriteAP(0x0C, 0x04); //lets use the mini pwr-ap as backup
[16:02:00.905]        // -> [WriteAP(0x0000000C, 0x00000004)]   (__dp=0x00000000, __ap=0x00000001)
[16:02:00.905]      __ap = 4;
[16:02:00.905]        // -> [__ap <= 0x00000004]
[16:02:00.905]      ACCESS_POINT_VAL = ReadAP(0x00);//Reading current state of access point
[16:02:00.911]        // -> [ReadAP(0x00000000) => 0x00080027]   (__dp=0x00000000, __ap=0x00000004)
[16:02:00.911]        // -> [ACCESS_POINT_VAL <= 0x00080027]
[16:02:00.911]      Message(0, "Current state of access point is: %x",ACCESS_POINT_VAL);
[16:02:00.911]    </block>
[16:02:00.911]    <block atomic="false" info="">
[16:02:00.911]      __var nReset = 0x80;
[16:02:00.911]        // -> [nReset <= 0x00000080]
[16:02:00.911]      __var canReadPins = 0;
[16:02:00.911]        // -> [canReadPins <= 0x00000000]
[16:02:00.911]      canReadPins = (DAP_SWJ_Pins(0x00, nReset, 0) != 0xFFFFFFFF);
[16:02:00.917]        // -> [DAP_SWJ_Pins(0x00, 0x80, 0) => 0x0F]   (Out: nRESET=0  =>  In: SWCLK/TCK=1, SWDIO/TMS=1, TDI=1, TDO=1, nTRST=0, nRESET=0)
[16:02:00.917]        // -> [canReadPins <= 0x00000001]
[16:02:00.917]    </block>
[16:02:00.917]    <control if="" while="1" timeout="200" info="">
[16:02:00.917]      // while "1"  (timeout="200")
[16:02:00.917]      // while-condition  =>  TRUE
[16:02:00.917]      // while "1"  (timeout="200")
[16:02:00.917]      // while-condition  =>  TRUE
[16:02:00.917]      // while "1"  (timeout="200")
[16:02:00.917]      // while-condition  =>  TRUE
[16:02:00.917]      // while "1"  (timeout="200")
[16:02:00.917]      // while-condition  =>  TRUE
[16:02:00.917]      // while "1"  (timeout="200")
[16:02:00.917]      // while-condition  =>  TRUE
[16:02:00.917]      // while "1"  (timeout="200")
[16:02:00.917]      // while-condition  =>  TRUE
[16:02:00.917]      // while "1"  (timeout="200")
[16:02:00.917]      // while-condition  =>  TRUE
[16:02:00.917]      // while "1"  (timeout="200")
[16:02:00.917]      // while-condition  =>  TRUE
[16:02:00.917]      // while "1"  (timeout="200")
[16:02:00.917]      // while-condition  =>  TRUE
[16:02:00.917]      // while "1"  (timeout="200")
[16:02:00.917]      // while-condition  =>  TRUE
[16:02:00.917]      // while "1"  (timeout="200")
[16:02:00.917]      // while-condition  =>  TRUE
[16:02:00.917]      // while "1"  (timeout="200")
[16:02:00.917]      // while-condition  =>  TRUE
[16:02:00.917]      // while "1"  (timeout="200")
[16:02:00.917]      // while-condition  =>  TRUE
[16:02:00.917]      // while "1"  (timeout="200")
[16:02:00.917]      // while-condition  =>  TRUE
[16:02:00.917]      // while "1"  (timeout="200")
[16:02:00.917]      // while-condition  =>  TRUE
[16:02:00.917]      // while "1"  (timeout="200")
[16:02:00.917]      // while-condition  =>  TRUE
[16:02:00.917]      // while "1"  (timeout="200")
[16:02:00.919]      // while-condition  =>  TRUE
[16:02:00.919]      // while "1"  (timeout="200")
[16:02:00.919]      // while  =>  TIMEOUT
[16:02:00.919]      // end while "1"
[16:02:00.919]    </control>
[16:02:00.919]    <control if="canReadPins" while="" timeout="0" info="">
[16:02:00.919]      // if-block "canReadPins"
[16:02:00.919]        // =>  TRUE
[16:02:00.919]      <control if="" while="(DAP_SWJ_Pins(nReset, nReset, 0) & nReset) == 0" timeout="1000000" info="">
[16:02:00.919]        // while "(DAP_SWJ_Pins(nReset, nReset, 0) & nReset) == 0"  (timeout="1000000")
[16:02:00.920]          // -> [DAP_SWJ_Pins(0x80, 0x80, 0) => 0x8F]   (Out: nRESET=1  =>  In: SWCLK/TCK=1, SWDIO/TMS=1, TDI=1, TDO=1, nTRST=0, nRESET=1)
[16:02:00.920]        // while-condition  =>  FALSE
[16:02:00.920]        // end while "(DAP_SWJ_Pins(nReset, nReset, 0) & nReset) == 0"
[16:02:00.920]      </control>
[16:02:00.920]      // end if-block "canReadPins"
[16:02:00.920]    </control>
[16:02:00.920]    <control if="!canReadPins" while="" timeout="0" info="">
[16:02:00.920]      // if-block "!canReadPins"
[16:02:00.920]        // =>  FALSE
[16:02:00.920]      // skip if-block "!canReadPins"
[16:02:00.920]    </control>
[16:02:00.920]    <control if="(ACCESS_POINT_VAL & 0x00E00000) == 0" while="" timeout="0" info="">
[16:02:00.920]      // if-block "(ACCESS_POINT_VAL & 0x00E00000) == 0"
[16:02:00.920]        // =>  TRUE
[16:02:00.920]      <block atomic="false" info="">
[16:02:00.920]        WriteAP(0x00, 0x190008);
[16:02:00.920]          // -> [WriteAP(0x00000000, 0x00190008)]   (__dp=0x00000000, __ap=0x00000004)
[16:02:00.920]        WriteAP(0xF0, 0x01);
[16:02:00.926]          // -> [WriteAP(0x000000F0, 0x00000001)]   (__dp=0x00000000, __ap=0x00000004)
[16:02:00.926]      </block>
[16:02:00.926]      // end if-block "(ACCESS_POINT_VAL & 0x00E00000) == 0"
[16:02:00.926]    </control>
[16:02:00.926]    <control if="(ACCESS_POINT_VAL & 0x00E00000) != 0" while="" timeout="0" info="">
[16:02:00.926]      // if-block "(ACCESS_POINT_VAL & 0x00E00000) != 0"
[16:02:00.926]        // =>  FALSE
[16:02:00.926]      // skip if-block "(ACCESS_POINT_VAL & 0x00E00000) != 0"
[16:02:00.926]    </control>
[16:02:00.926]    <block atomic="false" info="">
[16:02:00.926]      ACCESS_POINT_VAL = ReadAP(0x00);//Reading current state of access point
[16:02:00.931]        // -> [ReadAP(0x00000000) => 0x0079002F]   (__dp=0x00000000, __ap=0x00000004)
[16:02:00.931]        // -> [ACCESS_POINT_VAL <= 0x0079002F]
[16:02:00.931]      Message(0, "Current state of access point is: %x",ACCESS_POINT_VAL);
[16:02:00.931]      __ap = 0; //lets make sure we reset the access point selection
[16:02:00.931]        // -> [__ap <= 0x00000000]
[16:02:00.931]    </block>
[16:02:00.931]  </sequence>
[16:02:00.931]  
[16:02:00.969]  **********  Sequence "DebugDeviceUnlock"  (Context="Connect", Pname="", info="")
[16:02:00.969]  
[16:02:00.969]  <debugvars>
[16:02:00.969]    // Pre-defined
[16:02:00.969]    __protocol=0x00010002      (Protocol="SWD", SWJ-DP="True")
[16:02:00.969]    __connection=0x00000202    (Connection Type="Flash", Reset Type="System Reset")
[16:02:00.969]    __dp=0x00000000
[16:02:00.969]    __ap=0x00000000
[16:02:00.969]    __traceout=0x00000000      (Trace Disabled)
[16:02:00.969]    __errorcontrol=0x00000000  (Skip Errors="False")
[16:02:00.969]    __FlashAddr=0x00000000
[16:02:00.969]    __FlashLen=0x00000000
[16:02:00.969]    __FlashArg=0x00000000
[16:02:00.969]    __FlashOp=0x00000000
[16:02:00.969]    __Result=0x00000000
[16:02:00.969]  </debugvars>
[16:02:00.969]  
[16:02:00.969]  <sequence name="DebugDeviceUnlock" Pname="" disable="false" info="">
[16:02:00.969]    <block atomic="false" info="">
[16:02:00.969]      __var deviceID = 0;
[16:02:00.969]        // -> [deviceID <= 0x00000000]
[16:02:00.969]      __var version = 0;
[16:02:00.969]        // -> [version <= 0x00000000]
[16:02:00.969]      __var partNum = 0;
[16:02:00.969]        // -> [partNum <= 0x00000000]
[16:02:00.969]      __var manuf = 0;
[16:02:00.969]        // -> [manuf <= 0x00000000]
[16:02:00.969]      __var isMSPM0G1X0X_G3X0X = 0;
[16:02:00.969]        // -> [isMSPM0G1X0X_G3X0X <= 0x00000000]
[16:02:00.969]      __var isProduction = 0;
[16:02:00.969]        // -> [isProduction <= 0x00000000]
[16:02:00.969]      __var continueId = 0;
[16:02:00.969]        // -> [continueId <= 0x00000000]
[16:02:00.969]      deviceID =   Read32(0x41C40004);
[16:02:00.983]        // -> [Read32(0x41C40004) => 0x2BB8802F]   (__dp=0x00000000, __ap=0x00000000)
[16:02:00.983]        // -> [deviceID <= 0x2BB8802F]
[16:02:00.983]      version = deviceID >> 28;
[16:02:00.983]        // -> [version <= 0x00000002]
[16:02:00.983]      partNum = (deviceID & 0x0FFFF000) >> 12;
[16:02:00.983]        // -> [partNum <= 0x0000BB88]
[16:02:00.983]      manuf = (deviceID & 0x00000FFE) >> 1;
[16:02:00.983]        // -> [manuf <= 0x00000017]
[16:02:00.983]      isMSPM0G1X0X_G3X0X = (partNum == 0xBB88) && (manuf == 0x17);
[16:02:00.983]        // -> [isMSPM0G1X0X_G3X0X <= 0x00000001]
[16:02:00.983]      isProduction = (version > 0);
[16:02:00.983]        // -> [isProduction <= 0x00000001]
[16:02:00.983]    </block>
[16:02:00.983]    <control if="!isMSPM0G1X0X_G3X0X" while="" timeout="0" info="">
[16:02:00.983]      // if-block "!isMSPM0G1X0X_G3X0X"
[16:02:00.983]        // =>  FALSE
[16:02:00.983]      // skip if-block "!isMSPM0G1X0X_G3X0X"
[16:02:00.983]    </control>
[16:02:00.983]    <control if="continueId == 4" while="" timeout="0" info="">
[16:02:00.983]      // if-block "continueId == 4"
[16:02:00.983]        // =>  FALSE
[16:02:00.983]      // skip if-block "continueId == 4"
[16:02:00.983]    </control>
[16:02:00.983]    <control if="!isProduction" while="" timeout="0" info="">
[16:02:00.983]      // if-block "!isProduction"
[16:02:00.983]        // =>  FALSE
[16:02:00.983]      // skip if-block "!isProduction"
[16:02:00.983]    </control>
[16:02:00.983]  </sequence>
[16:02:00.983]  
[16:07:02.343]  **********  Sequence "DebugPortSetup"  (Context="Connect", Pname="", info="")
[16:07:02.343]  
[16:07:02.343]  <debugvars>
[16:07:02.343]    // Pre-defined
[16:07:02.343]    __protocol=0x00010002      (Protocol="SWD", SWJ-DP="True")
[16:07:02.343]    __connection=0x00000202    (Connection Type="Flash", Reset Type="System Reset")
[16:07:02.343]    __dp=0x00000000
[16:07:02.343]    __ap=0x00000000
[16:07:02.343]    __traceout=0x00000000      (Trace Disabled)
[16:07:02.343]    __errorcontrol=0x00000000  (Skip Errors="False")
[16:07:02.343]    __FlashAddr=0x00000000
[16:07:02.343]    __FlashLen=0x00000000
[16:07:02.343]    __FlashArg=0x00000000
[16:07:02.343]    __FlashOp=0x00000000
[16:07:02.343]    __Result=0x00000000
[16:07:02.343]  </debugvars>
[16:07:02.343]  
[16:07:02.343]  <sequence name="DebugPortSetup" Pname="" disable="false" info="">
[16:07:02.343]    <block atomic="false" info="">
[16:07:02.343]      __var isSWJ      = ((__protocol & 0x00010000) != 0);
[16:07:02.343]        // -> [isSWJ <= 0x00000001]
[16:07:02.343]      __var hasDormant = __protocol & 0x00020000;
[16:07:02.343]        // -> [hasDormant <= 0x00000000]
[16:07:02.345]      __var protType   = __protocol & 0x0000FFFF;
[16:07:02.345]        // -> [protType <= 0x00000002]
[16:07:02.345]    </block>
[16:07:02.345]    <control if="protType == 1" while="" timeout="0" info="">
[16:07:02.345]      // if-block "protType == 1"
[16:07:02.345]        // =>  FALSE
[16:07:02.345]      // skip if-block "protType == 1"
[16:07:02.345]    </control>
[16:07:02.345]    <control if="protType == 2" while="" timeout="0" info="">
[16:07:02.345]      // if-block "protType == 2"
[16:07:02.345]        // =>  TRUE
[16:07:02.346]      <control if="isSWJ" while="" timeout="0" info="">
[16:07:02.346]        // if-block "isSWJ"
[16:07:02.346]          // =>  TRUE
[16:07:02.346]        <control if="hasDormant" while="" timeout="0" info="">
[16:07:02.346]          // if-block "hasDormant"
[16:07:02.346]            // =>  FALSE
[16:07:02.346]          // skip if-block "hasDormant"
[16:07:02.346]        </control>
[16:07:02.346]        <control if="!hasDormant" while="" timeout="0" info="">
[16:07:02.346]          // if-block "!hasDormant"
[16:07:02.346]            // =>  TRUE
[16:07:02.346]          <block atomic="false" info="">
[16:07:02.346]            DAP_SWJ_Sequence(51, 0x0007FFFFFFFFFFFF); //lets put the JTAG line in a reset state
[16:07:02.348]              // -> [DAP_SWJ_Sequence(51, 0x0007FFFFFFFFFFFF)]
[16:07:02.348]            DAP_SWJ_Sequence(16,0xE73C); //SWD to JTAG, this is to ensure the state machine is initialized
[16:07:02.350]              // -> [DAP_SWJ_Sequence(16, 0x000000000000E73C)]
[16:07:02.350]            DAP_SWJ_Sequence(51, 0x0007FFFFFFFFFFFF); //Put it back in reset
[16:07:02.353]              // -> [DAP_SWJ_Sequence(51, 0x0007FFFFFFFFFFFF)]
[16:07:02.353]            DAP_SWJ_Sequence(16, 0xE79E); //JTAG to SWD switch
[16:07:02.355]              // -> [DAP_SWJ_Sequence(16, 0x000000000000E79E)]
[16:07:02.355]            DAP_SWJ_Sequence(51, 0x0007FFFFFFFFFFFF);  //Ensure the switch is successful 
[16:07:02.355]              // -> [DAP_SWJ_Sequence(51, 0x0007FFFFFFFFFFFF)]
[16:07:02.355]            DAP_SWJ_Sequence(7,  0x00); //Give the line some time to initialize
[16:07:02.360]              // -> [DAP_SWJ_Sequence(7, 0x0000000000000000)]
[16:07:02.360]          </block>
[16:07:02.360]          // end if-block "!hasDormant"
[16:07:02.360]        </control>
[16:07:02.360]        // end if-block "isSWJ"
[16:07:02.360]      </control>
[16:07:02.360]      <control if="!isSWJ" while="" timeout="0" info="">
[16:07:02.360]        // if-block "!isSWJ"
[16:07:02.360]          // =>  FALSE
[16:07:02.360]        // skip if-block "!isSWJ"
[16:07:02.360]      </control>
[16:07:02.360]      <block atomic="false" info="">
[16:07:02.363]        ReadDP(0x0);
[16:07:02.363]          // -> [ReadDP(0x00000000) => 0x6BA02477]   (__dp=0x00000000)
[16:07:02.365]      </block>
[16:07:02.365]      // end if-block "protType == 2"
[16:07:02.365]    </control>
[16:07:02.365]  </sequence>
[16:07:02.365]  
[16:07:02.376]  **********  Sequence "DebugPortStart"  (Context="Connect", Pname="", info="")
[16:07:02.376]  
[16:07:02.376]  <debugvars>
[16:07:02.376]    // Pre-defined
[16:07:02.376]    __protocol=0x00010002      (Protocol="SWD", SWJ-DP="True")
[16:07:02.376]    __connection=0x00000202    (Connection Type="Flash", Reset Type="System Reset")
[16:07:02.376]    __dp=0x00000000
[16:07:02.376]    __ap=0x00000000
[16:07:02.376]    __traceout=0x00000000      (Trace Disabled)
[16:07:02.376]    __errorcontrol=0x00000000  (Skip Errors="False")
[16:07:02.376]    __FlashAddr=0x00000000
[16:07:02.376]    __FlashLen=0x00000000
[16:07:02.376]    __FlashArg=0x00000000
[16:07:02.376]    __FlashOp=0x00000000
[16:07:02.376]    __Result=0x00000000
[16:07:02.377]  </debugvars>
[16:07:02.377]  
[16:07:02.377]  <sequence name="DebugPortStart" Pname="" disable="false" info="">
[16:07:02.377]    <block atomic="false" info="">
[16:07:02.377]      __var SW_DP_ABORT       = 0x0;
[16:07:02.377]        // -> [SW_DP_ABORT <= 0x00000000]
[16:07:02.377]      __var DP_CTRL_STAT      = 0x4;
[16:07:02.377]        // -> [DP_CTRL_STAT <= 0x00000004]
[16:07:02.377]      __var DP_SELECT         = 0x8;
[16:07:02.377]        // -> [DP_SELECT <= 0x00000008]
[16:07:02.377]      __var powered_down      = 0;
[16:07:02.377]        // -> [powered_down <= 0x00000000]
[16:07:02.377]      WriteDP(DP_SELECT, 0x00000000);
[16:07:02.379]        // -> [WriteDP(0x00000008, 0x00000000)]   (__dp=0x00000000)
[16:07:02.379]      powered_down = ((ReadDP(DP_CTRL_STAT) & 0xA0000000) != 0xA0000000);
[16:07:02.381]        // -> [ReadDP(0x00000004) => 0x00000040]   (__dp=0x00000000)
[16:07:02.381]        // -> [powered_down <= 0x00000001]
[16:07:02.381]    </block>
[16:07:02.381]    <control if="powered_down" while="" timeout="0" info="">
[16:07:02.381]      // if-block "powered_down"
[16:07:02.381]        // =>  TRUE
[16:07:02.381]      <block atomic="false" info="">
[16:07:02.381]        Message(0, "Debug/System power-up request sent");
[16:07:02.382]        WriteDP(DP_CTRL_STAT, 0x50000000);
[16:07:02.383]          // -> [WriteDP(0x00000004, 0x50000000)]   (__dp=0x00000000)
[16:07:02.383]      </block>
[16:07:02.385]      <control if="" while="(ReadDP(DP_CTRL_STAT) & 0xA0000000) != 0xA0000000" timeout="1000000" info="">
[16:07:02.385]        // while "(ReadDP(DP_CTRL_STAT) & 0xA0000000) != 0xA0000000"  (timeout="1000000")
[16:07:02.395]          // -> [ReadDP(0x00000004) => 0xF0000040]   (__dp=0x00000000)
[16:07:02.395]        // while-condition  =>  FALSE
[16:07:02.395]        // end while "(ReadDP(DP_CTRL_STAT) & 0xA0000000) != 0xA0000000"
[16:07:02.395]      </control>
[16:07:02.395]      <control if="(__protocol & 0xFFFF) == 1" while="" timeout="0" info="">
[16:07:02.395]        // if-block "(__protocol & 0xFFFF) == 1"
[16:07:02.395]          // =>  FALSE
[16:07:02.396]        // skip if-block "(__protocol & 0xFFFF) == 1"
[16:07:02.396]      </control>
[16:07:02.396]      <control if="(__protocol & 0xFFFF) == 2" while="" timeout="0" info="">
[16:07:02.396]        // if-block "(__protocol & 0xFFFF) == 2"
[16:07:02.396]          // =>  TRUE
[16:07:02.396]        <block atomic="false" info="">
[16:07:02.396]          Message(0, "executing SWD power up");
[16:07:02.397]          WriteDP(DP_CTRL_STAT, 0x50000F00);
[16:07:02.402]            // -> [WriteDP(0x00000004, 0x50000F00)]   (__dp=0x00000000)
[16:07:02.402]          WriteDP(SW_DP_ABORT, 0x0000001E);
[16:07:02.407]            // -> [WriteDP(0x00000000, 0x0000001E)]   (__dp=0x00000000)
[16:07:02.407]        </block>
[16:07:02.407]        // end if-block "(__protocol & 0xFFFF) == 2"
[16:07:02.407]      </control>
[16:07:02.407]      // end if-block "powered_down"
[16:07:02.407]    </control>
[16:07:02.407]    <block atomic="false" info="">
[16:07:02.407]      __var DEBUG_PORT_VAL    = 0;
[16:07:02.407]        // -> [DEBUG_PORT_VAL <= 0x00000000]
[16:07:02.407]      __var ACCESS_POINT_VAL  = 0;
[16:07:02.407]        // -> [ACCESS_POINT_VAL <= 0x00000000]
[16:07:02.407]      __ap = 1; 
[16:07:02.407]        // -> [__ap <= 0x00000001]
[16:07:02.407]      WriteAP(0x0C, 0x04); //lets use the mini pwr-ap as backup
[16:07:02.410]        // -> [WriteAP(0x0000000C, 0x00000004)]   (__dp=0x00000000, __ap=0x00000001)
[16:07:02.410]      __ap = 4;
[16:07:02.410]        // -> [__ap <= 0x00000004]
[16:07:02.410]      ACCESS_POINT_VAL = ReadAP(0x00);//Reading current state of access point
[16:07:02.415]        // -> [ReadAP(0x00000000) => 0x00080027]   (__dp=0x00000000, __ap=0x00000004)
[16:07:02.420]        // -> [ACCESS_POINT_VAL <= 0x00080027]
[16:07:02.420]      Message(0, "Current state of access point is: %x",ACCESS_POINT_VAL);
[16:07:02.420]    </block>
[16:07:02.420]    <block atomic="false" info="">
[16:07:02.420]      __var nReset = 0x80;
[16:07:02.420]        // -> [nReset <= 0x00000080]
[16:07:02.420]      __var canReadPins = 0;
[16:07:02.420]        // -> [canReadPins <= 0x00000000]
[16:07:02.420]      canReadPins = (DAP_SWJ_Pins(0x00, nReset, 0) != 0xFFFFFFFF);
[16:07:02.426]        // -> [DAP_SWJ_Pins(0x00, 0x80, 0) => 0x0F]   (Out: nRESET=0  =>  In: SWCLK/TCK=1, SWDIO/TMS=1, TDI=1, TDO=1, nTRST=0, nRESET=0)
[16:07:02.426]        // -> [canReadPins <= 0x00000001]
[16:07:02.426]    </block>
[16:07:02.427]    <control if="" while="1" timeout="200" info="">
[16:07:02.427]      // while "1"  (timeout="200")
[16:07:02.427]      // while-condition  =>  TRUE
[16:07:02.427]      // while "1"  (timeout="200")
[16:07:02.427]      // while-condition  =>  TRUE
[16:07:02.427]      // while "1"  (timeout="200")
[16:07:02.427]      // while-condition  =>  TRUE
[16:07:02.427]      // while "1"  (timeout="200")
[16:07:02.427]      // while-condition  =>  TRUE
[16:07:02.427]      // while "1"  (timeout="200")
[16:07:02.427]      // while-condition  =>  TRUE
[16:07:02.427]      // while "1"  (timeout="200")
[16:07:02.427]      // while-condition  =>  TRUE
[16:07:02.427]      // while "1"  (timeout="200")
[16:07:02.427]      // while-condition  =>  TRUE
[16:07:02.427]      // while "1"  (timeout="200")
[16:07:02.427]      // while-condition  =>  TRUE
[16:07:02.427]      // while "1"  (timeout="200")
[16:07:02.427]      // while-condition  =>  TRUE
[16:07:02.427]      // while "1"  (timeout="200")
[16:07:02.427]      // while-condition  =>  TRUE
[16:07:02.427]      // while "1"  (timeout="200")
[16:07:02.427]      // while-condition  =>  TRUE
[16:07:02.427]      // while "1"  (timeout="200")
[16:07:02.427]      // while-condition  =>  TRUE
[16:07:02.427]      // while "1"  (timeout="200")
[16:07:02.427]      // while-condition  =>  TRUE
[16:07:02.427]      // while "1"  (timeout="200")
[16:07:02.427]      // while-condition  =>  TRUE
[16:07:02.427]      // while "1"  (timeout="200")
[16:07:02.428]      // while-condition  =>  TRUE
[16:07:02.428]      // while "1"  (timeout="200")
[16:07:02.428]      // while-condition  =>  TRUE
[16:07:02.428]      // while "1"  (timeout="200")
[16:07:02.428]      // while-condition  =>  TRUE
[16:07:02.428]      // while "1"  (timeout="200")
[16:07:02.428]      // while-condition  =>  TRUE
[16:07:02.428]      // while "1"  (timeout="200")
[16:07:02.428]      // while-condition  =>  TRUE
[16:07:02.428]      // while "1"  (timeout="200")
[16:07:02.428]      // while-condition  =>  TRUE
[16:07:02.428]      // while "1"  (timeout="200")
[16:07:02.428]      // while-condition  =>  TRUE
[16:07:02.428]      // while "1"  (timeout="200")
[16:07:02.428]      // while-condition  =>  TRUE
[16:07:02.428]      // while "1"  (timeout="200")
[16:07:02.428]      // while-condition  =>  TRUE
[16:07:02.428]      // while "1"  (timeout="200")
[16:07:02.428]      // while-condition  =>  TRUE
[16:07:02.428]      // while "1"  (timeout="200")
[16:07:02.428]      // while-condition  =>  TRUE
[16:07:02.428]      // while "1"  (timeout="200")
[16:07:02.428]      // while-condition  =>  TRUE
[16:07:02.428]      // while "1"  (timeout="200")
[16:07:02.428]      // while-condition  =>  TRUE
[16:07:02.429]      // while "1"  (timeout="200")
[16:07:02.429]      // while-condition  =>  TRUE
[16:07:02.429]      // while "1"  (timeout="200")
[16:07:02.429]      // while-condition  =>  TRUE
[16:07:02.429]      // while "1"  (timeout="200")
[16:07:02.429]      // while-condition  =>  TRUE
[16:07:02.429]      // while "1"  (timeout="200")
[16:07:02.429]      // while-condition  =>  TRUE
[16:07:02.429]      // while "1"  (timeout="200")
[16:07:02.429]      // while-condition  =>  TRUE
[16:07:02.429]      // while "1"  (timeout="200")
[16:07:02.429]      // while-condition  =>  TRUE
[16:07:02.429]      // while "1"  (timeout="200")
[16:07:02.429]      // while-condition  =>  TRUE
[16:07:02.429]      // while "1"  (timeout="200")
[16:07:02.429]      // while-condition  =>  TRUE
[16:07:02.429]      // while "1"  (timeout="200")
[16:07:02.429]      // while-condition  =>  TRUE
[16:07:02.429]      // while "1"  (timeout="200")
[16:07:02.429]      // while-condition  =>  TRUE
[16:07:02.429]      // while "1"  (timeout="200")
[16:07:02.429]      // while-condition  =>  TRUE
[16:07:02.429]      // while "1"  (timeout="200")
[16:07:02.429]      // while-condition  =>  TRUE
[16:07:02.429]      // while "1"  (timeout="200")
[16:07:02.429]      // while-condition  =>  TRUE
[16:07:02.430]      // while "1"  (timeout="200")
[16:07:02.430]      // while-condition  =>  TRUE
[16:07:02.430]      // while "1"  (timeout="200")
[16:07:02.430]      // while-condition  =>  TRUE
[16:07:02.430]      // while "1"  (timeout="200")
[16:07:02.430]      // while-condition  =>  TRUE
[16:07:02.430]      // while "1"  (timeout="200")
[16:07:02.430]      // while-condition  =>  TRUE
[16:07:02.430]      // while "1"  (timeout="200")
[16:07:02.430]      // while-condition  =>  TRUE
[16:07:02.430]      // while "1"  (timeout="200")
[16:07:02.430]      // while-condition  =>  TRUE
[16:07:02.430]      // while "1"  (timeout="200")
[16:07:02.430]      // while-condition  =>  TRUE
[16:07:02.430]      // while "1"  (timeout="200")
[16:07:02.430]      // while-condition  =>  TRUE
[16:07:02.430]      // while "1"  (timeout="200")
[16:07:02.430]      // while-condition  =>  TRUE
[16:07:02.430]      // while "1"  (timeout="200")
[16:07:02.430]      // while-condition  =>  TRUE
[16:07:02.430]      // while "1"  (timeout="200")
[16:07:02.430]      // while-condition  =>  TRUE
[16:07:02.430]      // while "1"  (timeout="200")
[16:07:02.430]      // while-condition  =>  TRUE
[16:07:02.430]      // while "1"  (timeout="200")
[16:07:02.431]      // while-condition  =>  TRUE
[16:07:02.431]      // while "1"  (timeout="200")
[16:07:02.431]      // while-condition  =>  TRUE
[16:07:02.431]      // while "1"  (timeout="200")
[16:07:02.431]      // while-condition  =>  TRUE
[16:07:02.431]      // while "1"  (timeout="200")
[16:07:02.431]      // while-condition  =>  TRUE
[16:07:02.431]      // while "1"  (timeout="200")
[16:07:02.431]      // while-condition  =>  TRUE
[16:07:02.431]      // while "1"  (timeout="200")
[16:07:02.431]      // while-condition  =>  TRUE
[16:07:02.431]      // while "1"  (timeout="200")
[16:07:02.431]      // while-condition  =>  TRUE
[16:07:02.431]      // while "1"  (timeout="200")
[16:07:02.431]      // while-condition  =>  TRUE
[16:07:02.431]      // while "1"  (timeout="200")
[16:07:02.431]      // while-condition  =>  TRUE
[16:07:02.431]      // while "1"  (timeout="200")
[16:07:02.431]      // while-condition  =>  TRUE
[16:07:02.431]      // while "1"  (timeout="200")
[16:07:02.431]      // while-condition  =>  TRUE
[16:07:02.431]      // while "1"  (timeout="200")
[16:07:02.431]      // while-condition  =>  TRUE
[16:07:02.432]      // while "1"  (timeout="200")
[16:07:02.432]      // while-condition  =>  TRUE
[16:07:02.432]      // while "1"  (timeout="200")
[16:07:02.432]      // while-condition  =>  TRUE
[16:07:02.432]      // while "1"  (timeout="200")
[16:07:02.432]      // while-condition  =>  TRUE
[16:07:02.432]      // while "1"  (timeout="200")
[16:07:02.432]      // while-condition  =>  TRUE
[16:07:02.432]      // while "1"  (timeout="200")
[16:07:02.432]      // while-condition  =>  TRUE
[16:07:02.432]      // while "1"  (timeout="200")
[16:07:02.432]      // while-condition  =>  TRUE
[16:07:02.432]      // while "1"  (timeout="200")
[16:07:02.432]      // while-condition  =>  TRUE
[16:07:02.432]      // while "1"  (timeout="200")
[16:07:02.432]      // while-condition  =>  TRUE
[16:07:02.432]      // while "1"  (timeout="200")
[16:07:02.432]      // while-condition  =>  TRUE
[16:07:02.432]      // while "1"  (timeout="200")
[16:07:02.432]      // while-condition  =>  TRUE
[16:07:02.432]      // while "1"  (timeout="200")
[16:07:02.433]      // while-condition  =>  TRUE
[16:07:02.433]      // while "1"  (timeout="200")
[16:07:02.433]      // while  =>  TIMEOUT
[16:07:02.433]      // end while "1"
[16:07:02.433]    </control>
[16:07:02.433]    <control if="canReadPins" while="" timeout="0" info="">
[16:07:02.433]      // if-block "canReadPins"
[16:07:02.433]        // =>  TRUE
[16:07:02.433]      <control if="" while="(DAP_SWJ_Pins(nReset, nReset, 0) & nReset) == 0" timeout="1000000" info="">
[16:07:02.433]        // while "(DAP_SWJ_Pins(nReset, nReset, 0) & nReset) == 0"  (timeout="1000000")
[16:07:02.435]          // -> [DAP_SWJ_Pins(0x80, 0x80, 0) => 0x8F]   (Out: nRESET=1  =>  In: SWCLK/TCK=1, SWDIO/TMS=1, TDI=1, TDO=1, nTRST=0, nRESET=1)
[16:07:02.435]        // while-condition  =>  FALSE
[16:07:02.435]        // end while "(DAP_SWJ_Pins(nReset, nReset, 0) & nReset) == 0"
[16:07:02.435]      </control>
[16:07:02.435]      // end if-block "canReadPins"
[16:07:02.435]    </control>
[16:07:02.435]    <control if="!canReadPins" while="" timeout="0" info="">
[16:07:02.435]      // if-block "!canReadPins"
[16:07:02.435]        // =>  FALSE
[16:07:02.435]      // skip if-block "!canReadPins"
[16:07:02.435]    </control>
[16:07:02.435]    <control if="(ACCESS_POINT_VAL & 0x00E00000) == 0" while="" timeout="0" info="">
[16:07:02.435]      // if-block "(ACCESS_POINT_VAL & 0x00E00000) == 0"
[16:07:02.435]        // =>  TRUE
[16:07:02.435]      <block atomic="false" info="">
[16:07:02.435]        WriteAP(0x00, 0x190008);
[16:07:02.444]          // -> [WriteAP(0x00000000, 0x00190008)]   (__dp=0x00000000, __ap=0x00000004)
[16:07:02.444]        WriteAP(0xF0, 0x01);
[16:07:02.449]          // -> [WriteAP(0x000000F0, 0x00000001)]   (__dp=0x00000000, __ap=0x00000004)
[16:07:02.449]      </block>
[16:07:02.449]      // end if-block "(ACCESS_POINT_VAL & 0x00E00000) == 0"
[16:07:02.449]    </control>
[16:07:02.449]    <control if="(ACCESS_POINT_VAL & 0x00E00000) != 0" while="" timeout="0" info="">
[16:07:02.449]      // if-block "(ACCESS_POINT_VAL & 0x00E00000) != 0"
[16:07:02.449]        // =>  FALSE
[16:07:02.449]      // skip if-block "(ACCESS_POINT_VAL & 0x00E00000) != 0"
[16:07:02.449]    </control>
[16:07:02.449]    <block atomic="false" info="">
[16:07:02.449]      ACCESS_POINT_VAL = ReadAP(0x00);//Reading current state of access point
[16:07:02.455]        // -> [ReadAP(0x00000000) => 0x0079002F]   (__dp=0x00000000, __ap=0x00000004)
[16:07:02.455]        // -> [ACCESS_POINT_VAL <= 0x0079002F]
[16:07:02.455]      Message(0, "Current state of access point is: %x",ACCESS_POINT_VAL);
[16:07:02.455]      __ap = 0; //lets make sure we reset the access point selection
[16:07:02.455]        // -> [__ap <= 0x00000000]
[16:07:02.455]    </block>
[16:07:02.455]  </sequence>
[16:07:02.455]  
[16:07:02.492]  **********  Sequence "DebugDeviceUnlock"  (Context="Connect", Pname="", info="")
[16:07:02.492]  
[16:07:02.492]  <debugvars>
[16:07:02.492]    // Pre-defined
[16:07:02.492]    __protocol=0x00010002      (Protocol="SWD", SWJ-DP="True")
[16:07:02.492]    __connection=0x00000202    (Connection Type="Flash", Reset Type="System Reset")
[16:07:02.492]    __dp=0x00000000
[16:07:02.493]    __ap=0x00000000
[16:07:02.493]    __traceout=0x00000000      (Trace Disabled)
[16:07:02.493]    __errorcontrol=0x00000000  (Skip Errors="False")
[16:07:02.493]    __FlashAddr=0x00000000
[16:07:02.493]    __FlashLen=0x00000000
[16:07:02.493]    __FlashArg=0x00000000
[16:07:02.493]    __FlashOp=0x00000000
[16:07:02.493]    __Result=0x00000000
[16:07:02.493]  </debugvars>
[16:07:02.493]  
[16:07:02.493]  <sequence name="DebugDeviceUnlock" Pname="" disable="false" info="">
[16:07:02.493]    <block atomic="false" info="">
[16:07:02.493]      __var deviceID = 0;
[16:07:02.493]        // -> [deviceID <= 0x00000000]
[16:07:02.493]      __var version = 0;
[16:07:02.493]        // -> [version <= 0x00000000]
[16:07:02.493]      __var partNum = 0;
[16:07:02.493]        // -> [partNum <= 0x00000000]
[16:07:02.493]      __var manuf = 0;
[16:07:02.493]        // -> [manuf <= 0x00000000]
[16:07:02.493]      __var isMSPM0G1X0X_G3X0X = 0;
[16:07:02.493]        // -> [isMSPM0G1X0X_G3X0X <= 0x00000000]
[16:07:02.493]      __var isProduction = 0;
[16:07:02.493]        // -> [isProduction <= 0x00000000]
[16:07:02.493]      __var continueId = 0;
[16:07:02.493]        // -> [continueId <= 0x00000000]
[16:07:02.493]      deviceID =   Read32(0x41C40004);
[16:07:02.503]        // -> [Read32(0x41C40004) => 0x2BB8802F]   (__dp=0x00000000, __ap=0x00000000)
[16:07:02.503]        // -> [deviceID <= 0x2BB8802F]
[16:07:02.503]      version = deviceID >> 28;
[16:07:02.503]        // -> [version <= 0x00000002]
[16:07:02.503]      partNum = (deviceID & 0x0FFFF000) >> 12;
[16:07:02.503]        // -> [partNum <= 0x0000BB88]
[16:07:02.505]      manuf = (deviceID & 0x00000FFE) >> 1;
[16:07:02.505]        // -> [manuf <= 0x00000017]
[16:07:02.505]      isMSPM0G1X0X_G3X0X = (partNum == 0xBB88) && (manuf == 0x17);
[16:07:02.505]        // -> [isMSPM0G1X0X_G3X0X <= 0x00000001]
[16:07:02.505]      isProduction = (version > 0);
[16:07:02.505]        // -> [isProduction <= 0x00000001]
[16:07:02.505]    </block>
[16:07:02.505]    <control if="!isMSPM0G1X0X_G3X0X" while="" timeout="0" info="">
[16:07:02.505]      // if-block "!isMSPM0G1X0X_G3X0X"
[16:07:02.505]        // =>  FALSE
[16:07:02.505]      // skip if-block "!isMSPM0G1X0X_G3X0X"
[16:07:02.505]    </control>
[16:07:02.505]    <control if="continueId == 4" while="" timeout="0" info="">
[16:07:02.505]      // if-block "continueId == 4"
[16:07:02.505]        // =>  FALSE
[16:07:02.505]      // skip if-block "continueId == 4"
[16:07:02.505]    </control>
[16:07:02.505]    <control if="!isProduction" while="" timeout="0" info="">
[16:07:02.505]      // if-block "!isProduction"
[16:07:02.505]        // =>  FALSE
[16:07:02.505]      // skip if-block "!isProduction"
[16:07:02.505]    </control>
[16:07:02.505]  </sequence>
[16:07:02.505]  
[16:07:42.956]  **********  Sequence "DebugPortSetup"  (Context="Connect", Pname="", info="")
[16:07:42.956]  
[16:07:42.956]  <debugvars>
[16:07:42.956]    // Pre-defined
[16:07:42.956]    __protocol=0x00010002      (Protocol="SWD", SWJ-DP="True")
[16:07:42.956]    __connection=0x00000202    (Connection Type="Flash", Reset Type="System Reset")
[16:07:42.956]    __dp=0x00000000
[16:07:42.956]    __ap=0x00000000
[16:07:42.956]    __traceout=0x00000000      (Trace Disabled)
[16:07:42.956]    __errorcontrol=0x00000000  (Skip Errors="False")
[16:07:42.956]    __FlashAddr=0x00000000
[16:07:42.957]    __FlashLen=0x00000000
[16:07:42.957]    __FlashArg=0x00000000
[16:07:42.957]    __FlashOp=0x00000000
[16:07:42.957]    __Result=0x00000000
[16:07:42.957]  </debugvars>
[16:07:42.957]  
[16:07:42.957]  <sequence name="DebugPortSetup" Pname="" disable="false" info="">
[16:07:42.957]    <block atomic="false" info="">
[16:07:42.957]      __var isSWJ      = ((__protocol & 0x00010000) != 0);
[16:07:42.957]        // -> [isSWJ <= 0x00000001]
[16:07:42.957]      __var hasDormant = __protocol & 0x00020000;
[16:07:42.957]        // -> [hasDormant <= 0x00000000]
[16:07:42.957]      __var protType   = __protocol & 0x0000FFFF;
[16:07:42.957]        // -> [protType <= 0x00000002]
[16:07:42.957]    </block>
[16:07:42.957]    <control if="protType == 1" while="" timeout="0" info="">
[16:07:42.957]      // if-block "protType == 1"
[16:07:42.957]        // =>  FALSE
[16:07:42.957]      // skip if-block "protType == 1"
[16:07:42.957]    </control>
[16:07:42.957]    <control if="protType == 2" while="" timeout="0" info="">
[16:07:42.957]      // if-block "protType == 2"
[16:07:42.958]        // =>  TRUE
[16:07:42.958]      <control if="isSWJ" while="" timeout="0" info="">
[16:07:42.958]        // if-block "isSWJ"
[16:07:42.958]          // =>  TRUE
[16:07:42.958]        <control if="hasDormant" while="" timeout="0" info="">
[16:07:42.958]          // if-block "hasDormant"
[16:07:42.958]            // =>  FALSE
[16:07:42.958]          // skip if-block "hasDormant"
[16:07:42.958]        </control>
[16:07:42.958]        <control if="!hasDormant" while="" timeout="0" info="">
[16:07:42.958]          // if-block "!hasDormant"
[16:07:42.958]            // =>  TRUE
[16:07:42.958]          <block atomic="false" info="">
[16:07:42.958]            DAP_SWJ_Sequence(51, 0x0007FFFFFFFFFFFF); //lets put the JTAG line in a reset state
[16:07:42.961]              // -> [DAP_SWJ_Sequence(51, 0x0007FFFFFFFFFFFF)]
[16:07:42.961]            DAP_SWJ_Sequence(16,0xE73C); //SWD to JTAG, this is to ensure the state machine is initialized
[16:07:42.965]              // -> [DAP_SWJ_Sequence(16, 0x000000000000E73C)]
[16:07:42.965]            DAP_SWJ_Sequence(51, 0x0007FFFFFFFFFFFF); //Put it back in reset
[16:07:42.968]              // -> [DAP_SWJ_Sequence(51, 0x0007FFFFFFFFFFFF)]
[16:07:42.968]            DAP_SWJ_Sequence(16, 0xE79E); //JTAG to SWD switch
[16:07:42.970]              // -> [DAP_SWJ_Sequence(16, 0x000000000000E79E)]
[16:07:42.970]            DAP_SWJ_Sequence(51, 0x0007FFFFFFFFFFFF);  //Ensure the switch is successful 
[16:07:42.972]              // -> [DAP_SWJ_Sequence(51, 0x0007FFFFFFFFFFFF)]
[16:07:42.972]            DAP_SWJ_Sequence(7,  0x00); //Give the line some time to initialize
[16:07:42.976]              // -> [DAP_SWJ_Sequence(7, 0x0000000000000000)]
[16:07:42.976]          </block>
[16:07:42.976]          // end if-block "!hasDormant"
[16:07:42.976]        </control>
[16:07:42.976]        // end if-block "isSWJ"
[16:07:42.976]      </control>
[16:07:42.976]      <control if="!isSWJ" while="" timeout="0" info="">
[16:07:42.976]        // if-block "!isSWJ"
[16:07:42.976]          // =>  FALSE
[16:07:42.976]        // skip if-block "!isSWJ"
[16:07:42.976]      </control>
[16:07:42.976]      <block atomic="false" info="">
[16:07:42.976]        ReadDP(0x0);
[16:07:42.978]          // -> [ReadDP(0x00000000) => 0x6BA02477]   (__dp=0x00000000)
[16:07:42.979]      </block>
[16:07:42.979]      // end if-block "protType == 2"
[16:07:42.979]    </control>
[16:07:42.979]  </sequence>
[16:07:42.979]  
[16:07:42.983]  **********  Sequence "DebugPortStart"  (Context="Connect", Pname="", info="")
[16:07:42.983]  
[16:07:42.984]  <debugvars>
[16:07:42.984]    // Pre-defined
[16:07:42.984]    __protocol=0x00010002      (Protocol="SWD", SWJ-DP="True")
[16:07:42.984]    __connection=0x00000202    (Connection Type="Flash", Reset Type="System Reset")
[16:07:42.984]    __dp=0x00000000
[16:07:42.984]    __ap=0x00000000
[16:07:42.984]    __traceout=0x00000000      (Trace Disabled)
[16:07:42.984]    __errorcontrol=0x00000000  (Skip Errors="False")
[16:07:42.984]    __FlashAddr=0x00000000
[16:07:42.984]    __FlashLen=0x00000000
[16:07:42.984]    __FlashArg=0x00000000
[16:07:42.984]    __FlashOp=0x00000000
[16:07:42.984]    __Result=0x00000000
[16:07:42.984]  </debugvars>
[16:07:42.984]  
[16:07:42.984]  <sequence name="DebugPortStart" Pname="" disable="false" info="">
[16:07:42.984]    <block atomic="false" info="">
[16:07:42.984]      __var SW_DP_ABORT       = 0x0;
[16:07:42.984]        // -> [SW_DP_ABORT <= 0x00000000]
[16:07:42.985]      __var DP_CTRL_STAT      = 0x4;
[16:07:42.985]        // -> [DP_CTRL_STAT <= 0x00000004]
[16:07:42.985]      __var DP_SELECT         = 0x8;
[16:07:42.985]        // -> [DP_SELECT <= 0x00000008]
[16:07:42.985]      __var powered_down      = 0;
[16:07:42.985]        // -> [powered_down <= 0x00000000]
[16:07:42.985]      WriteDP(DP_SELECT, 0x00000000);
[16:07:42.986]        // -> [WriteDP(0x00000008, 0x00000000)]   (__dp=0x00000000)
[16:07:42.986]      powered_down = ((ReadDP(DP_CTRL_STAT) & 0xA0000000) != 0xA0000000);
[16:07:42.986]        // -> [ReadDP(0x00000004) => 0x00000040]   (__dp=0x00000000)
[16:07:42.986]        // -> [powered_down <= 0x00000001]
[16:07:42.986]    </block>
[16:07:42.986]    <control if="powered_down" while="" timeout="0" info="">
[16:07:42.986]      // if-block "powered_down"
[16:07:42.986]        // =>  TRUE
[16:07:42.986]      <block atomic="false" info="">
[16:07:42.986]        Message(0, "Debug/System power-up request sent");
[16:07:42.986]        WriteDP(DP_CTRL_STAT, 0x50000000);
[16:07:42.991]          // -> [WriteDP(0x00000004, 0x50000000)]   (__dp=0x00000000)
[16:07:42.991]      </block>
[16:07:42.991]      <control if="" while="(ReadDP(DP_CTRL_STAT) & 0xA0000000) != 0xA0000000" timeout="1000000" info="">
[16:07:42.991]        // while "(ReadDP(DP_CTRL_STAT) & 0xA0000000) != 0xA0000000"  (timeout="1000000")
[16:07:42.991]          // -> [ReadDP(0x00000004) => 0xF0000040]   (__dp=0x00000000)
[16:07:42.991]        // while-condition  =>  FALSE
[16:07:42.991]        // end while "(ReadDP(DP_CTRL_STAT) & 0xA0000000) != 0xA0000000"
[16:07:42.991]      </control>
[16:07:42.991]      <control if="(__protocol & 0xFFFF) == 1" while="" timeout="0" info="">
[16:07:42.991]        // if-block "(__protocol & 0xFFFF) == 1"
[16:07:42.996]          // =>  FALSE
[16:07:42.996]        // skip if-block "(__protocol & 0xFFFF) == 1"
[16:07:42.996]      </control>
[16:07:42.996]      <control if="(__protocol & 0xFFFF) == 2" while="" timeout="0" info="">
[16:07:42.996]        // if-block "(__protocol & 0xFFFF) == 2"
[16:07:42.996]          // =>  TRUE
[16:07:42.996]        <block atomic="false" info="">
[16:07:42.996]          Message(0, "executing SWD power up");
[16:07:42.996]          WriteDP(DP_CTRL_STAT, 0x50000F00);
[16:07:42.996]            // -> [WriteDP(0x00000004, 0x50000F00)]   (__dp=0x00000000)
[16:07:42.996]          WriteDP(SW_DP_ABORT, 0x0000001E);
[16:07:43.002]            // -> [WriteDP(0x00000000, 0x0000001E)]   (__dp=0x00000000)
[16:07:43.002]        </block>
[16:07:43.002]        // end if-block "(__protocol & 0xFFFF) == 2"
[16:07:43.002]      </control>
[16:07:43.003]      // end if-block "powered_down"
[16:07:43.003]    </control>
[16:07:43.003]    <block atomic="false" info="">
[16:07:43.003]      __var DEBUG_PORT_VAL    = 0;
[16:07:43.003]        // -> [DEBUG_PORT_VAL <= 0x00000000]
[16:07:43.003]      __var ACCESS_POINT_VAL  = 0;
[16:07:43.003]        // -> [ACCESS_POINT_VAL <= 0x00000000]
[16:07:43.003]      __ap = 1; 
[16:07:43.003]        // -> [__ap <= 0x00000001]
[16:07:43.003]      WriteAP(0x0C, 0x04); //lets use the mini pwr-ap as backup
[16:07:43.008]        // -> [WriteAP(0x0000000C, 0x00000004)]   (__dp=0x00000000, __ap=0x00000001)
[16:07:43.008]      __ap = 4;
[16:07:43.008]        // -> [__ap <= 0x00000004]
[16:07:43.008]      ACCESS_POINT_VAL = ReadAP(0x00);//Reading current state of access point
[16:07:43.013]        // -> [ReadAP(0x00000000) => 0x00080027]   (__dp=0x00000000, __ap=0x00000004)
[16:07:43.013]        // -> [ACCESS_POINT_VAL <= 0x00080027]
[16:07:43.013]      Message(0, "Current state of access point is: %x",ACCESS_POINT_VAL);
[16:07:43.015]    </block>
[16:07:43.015]    <block atomic="false" info="">
[16:07:43.015]      __var nReset = 0x80;
[16:07:43.015]        // -> [nReset <= 0x00000080]
[16:07:43.015]      __var canReadPins = 0;
[16:07:43.015]        // -> [canReadPins <= 0x00000000]
[16:07:43.015]      canReadPins = (DAP_SWJ_Pins(0x00, nReset, 0) != 0xFFFFFFFF);
[16:07:43.017]        // -> [DAP_SWJ_Pins(0x00, 0x80, 0) => 0x0F]   (Out: nRESET=0  =>  In: SWCLK/TCK=1, SWDIO/TMS=1, TDI=1, TDO=1, nTRST=0, nRESET=0)
[16:07:43.017]        // -> [canReadPins <= 0x00000001]
[16:07:43.017]    </block>
[16:07:43.017]    <control if="" while="1" timeout="200" info="">
[16:07:43.017]      // while "1"  (timeout="200")
[16:07:43.017]      // while-condition  =>  TRUE
[16:07:43.017]      // while "1"  (timeout="200")
[16:07:43.017]      // while-condition  =>  TRUE
[16:07:43.017]      // while "1"  (timeout="200")
[16:07:43.018]      // while-condition  =>  TRUE
[16:07:43.018]      // while "1"  (timeout="200")
[16:07:43.018]      // while-condition  =>  TRUE
[16:07:43.018]      // while "1"  (timeout="200")
[16:07:43.018]      // while-condition  =>  TRUE
[16:07:43.018]      // while "1"  (timeout="200")
[16:07:43.018]      // while-condition  =>  TRUE
[16:07:43.018]      // while "1"  (timeout="200")
[16:07:43.018]      // while-condition  =>  TRUE
[16:07:43.018]      // while "1"  (timeout="200")
[16:07:43.018]      // while-condition  =>  TRUE
[16:07:43.018]      // while "1"  (timeout="200")
[16:07:43.018]      // while-condition  =>  TRUE
[16:07:43.018]      // while "1"  (timeout="200")
[16:07:43.018]      // while-condition  =>  TRUE
[16:07:43.018]      // while "1"  (timeout="200")
[16:07:43.018]      // while-condition  =>  TRUE
[16:07:43.018]      // while "1"  (timeout="200")
[16:07:43.018]      // while-condition  =>  TRUE
[16:07:43.018]      // while "1"  (timeout="200")
[16:07:43.018]      // while-condition  =>  TRUE
[16:07:43.019]      // while "1"  (timeout="200")
[16:07:43.019]      // while-condition  =>  TRUE
[16:07:43.019]      // while "1"  (timeout="200")
[16:07:43.019]      // while-condition  =>  TRUE
[16:07:43.019]      // while "1"  (timeout="200")
[16:07:43.019]      // while-condition  =>  TRUE
[16:07:43.019]      // while "1"  (timeout="200")
[16:07:43.019]      // while-condition  =>  TRUE
[16:07:43.019]      // while "1"  (timeout="200")
[16:07:43.019]      // while-condition  =>  TRUE
[16:07:43.019]      // while "1"  (timeout="200")
[16:07:43.019]      // while-condition  =>  TRUE
[16:07:43.019]      // while "1"  (timeout="200")
[16:07:43.019]      // while-condition  =>  TRUE
[16:07:43.019]      // while "1"  (timeout="200")
[16:07:43.019]      // while-condition  =>  TRUE
[16:07:43.019]      // while "1"  (timeout="200")
[16:07:43.019]      // while-condition  =>  TRUE
[16:07:43.019]      // while "1"  (timeout="200")
[16:07:43.019]      // while-condition  =>  TRUE
[16:07:43.019]      // while "1"  (timeout="200")
[16:07:43.019]      // while-condition  =>  TRUE
[16:07:43.019]      // while "1"  (timeout="200")
[16:07:43.019]      // while-condition  =>  TRUE
[16:07:43.019]      // while "1"  (timeout="200")
[16:07:43.019]      // while-condition  =>  TRUE
[16:07:43.019]      // while "1"  (timeout="200")
[16:07:43.019]      // while-condition  =>  TRUE
[16:07:43.019]      // while "1"  (timeout="200")
[16:07:43.019]      // while-condition  =>  TRUE
[16:07:43.019]      // while "1"  (timeout="200")
[16:07:43.019]      // while-condition  =>  TRUE
[16:07:43.019]      // while "1"  (timeout="200")
[16:07:43.019]      // while-condition  =>  TRUE
[16:07:43.019]      // while "1"  (timeout="200")
[16:07:43.019]      // while-condition  =>  TRUE
[16:07:43.019]      // while "1"  (timeout="200")
[16:07:43.019]      // while-condition  =>  TRUE
[16:07:43.019]      // while "1"  (timeout="200")
[16:07:43.019]      // while-condition  =>  TRUE
[16:07:43.019]      // while "1"  (timeout="200")
[16:07:43.019]      // while-condition  =>  TRUE
[16:07:43.019]      // while "1"  (timeout="200")
[16:07:43.019]      // while-condition  =>  TRUE
[16:07:43.019]      // while "1"  (timeout="200")
[16:07:43.019]      // while-condition  =>  TRUE
[16:07:43.019]      // while "1"  (timeout="200")
[16:07:43.019]      // while-condition  =>  TRUE
[16:07:43.019]      // while "1"  (timeout="200")
[16:07:43.019]      // while-condition  =>  TRUE
[16:07:43.019]      // while "1"  (timeout="200")
[16:07:43.019]      // while-condition  =>  TRUE
[16:07:43.019]      // while "1"  (timeout="200")
[16:07:43.019]      // while-condition  =>  TRUE
[16:07:43.019]      // while "1"  (timeout="200")
[16:07:43.019]      // while-condition  =>  TRUE
[16:07:43.019]      // while "1"  (timeout="200")
[16:07:43.019]      // while-condition  =>  TRUE
[16:07:43.019]      // while "1"  (timeout="200")
[16:07:43.019]      // while-condition  =>  TRUE
[16:07:43.019]      // while "1"  (timeout="200")
[16:07:43.019]      // while-condition  =>  TRUE
[16:07:43.019]      // while "1"  (timeout="200")
[16:07:43.019]      // while-condition  =>  TRUE
[16:07:43.019]      // while "1"  (timeout="200")
[16:07:43.019]      // while-condition  =>  TRUE
[16:07:43.019]      // while "1"  (timeout="200")
[16:07:43.019]      // while-condition  =>  TRUE
[16:07:43.019]      // while "1"  (timeout="200")
[16:07:43.019]      // while-condition  =>  TRUE
[16:07:43.019]      // while "1"  (timeout="200")
[16:07:43.019]      // while-condition  =>  TRUE
[16:07:43.019]      // while "1"  (timeout="200")
[16:07:43.019]      // while-condition  =>  TRUE
[16:07:43.019]      // while "1"  (timeout="200")
[16:07:43.019]      // while-condition  =>  TRUE
[16:07:43.019]      // while "1"  (timeout="200")
[16:07:43.019]      // while-condition  =>  TRUE
[16:07:43.019]      // while "1"  (timeout="200")
[16:07:43.019]      // while-condition  =>  TRUE
[16:07:43.019]      // while "1"  (timeout="200")
[16:07:43.019]      // while-condition  =>  TRUE
[16:07:43.019]      // while "1"  (timeout="200")
[16:07:43.019]      // while-condition  =>  TRUE
[16:07:43.019]      // while "1"  (timeout="200")
[16:07:43.019]      // while-condition  =>  TRUE
[16:07:43.019]      // while "1"  (timeout="200")
[16:07:43.019]      // while-condition  =>  TRUE
[16:07:43.019]      // while "1"  (timeout="200")
[16:07:43.019]      // while-condition  =>  TRUE
[16:07:43.019]      // while "1"  (timeout="200")
[16:07:43.019]      // while-condition  =>  TRUE
[16:07:43.019]      // while "1"  (timeout="200")
[16:07:43.019]      // while-condition  =>  TRUE
[16:07:43.019]      // while "1"  (timeout="200")
[16:07:43.019]      // while-condition  =>  TRUE
[16:07:43.019]      // while "1"  (timeout="200")
[16:07:43.019]      // while-condition  =>  TRUE
[16:07:43.019]      // while "1"  (timeout="200")
[16:07:43.019]      // while-condition  =>  TRUE
[16:07:43.024]      // while "1"  (timeout="200")
[16:07:43.024]      // while-condition  =>  TRUE
[16:07:43.024]      // while "1"  (timeout="200")
[16:07:43.024]      // while-condition  =>  TRUE
[16:07:43.024]      // while "1"  (timeout="200")
[16:07:43.024]      // while-condition  =>  TRUE
[16:07:43.024]      // while "1"  (timeout="200")
[16:07:43.024]      // while-condition  =>  TRUE
[16:07:43.024]      // while "1"  (timeout="200")
[16:07:43.024]      // while-condition  =>  TRUE
[16:07:43.024]      // while "1"  (timeout="200")
[16:07:43.024]      // while-condition  =>  TRUE
[16:07:43.024]      // while "1"  (timeout="200")
[16:07:43.024]      // while-condition  =>  TRUE
[16:07:43.024]      // while "1"  (timeout="200")
[16:07:43.024]      // while-condition  =>  TRUE
[16:07:43.024]      // while "1"  (timeout="200")
[16:07:43.024]      // while-condition  =>  TRUE
[16:07:43.024]      // while "1"  (timeout="200")
[16:07:43.024]      // while-condition  =>  TRUE
[16:07:43.024]      // while "1"  (timeout="200")
[16:07:43.024]      // while-condition  =>  TRUE
[16:07:43.024]      // while "1"  (timeout="200")
[16:07:43.024]      // while-condition  =>  TRUE
[16:07:43.024]      // while "1"  (timeout="200")
[16:07:43.024]      // while-condition  =>  TRUE
[16:07:43.024]      // while "1"  (timeout="200")
[16:07:43.024]      // while-condition  =>  TRUE
[16:07:43.024]      // while "1"  (timeout="200")
[16:07:43.024]      // while-condition  =>  TRUE
[16:07:43.024]      // while "1"  (timeout="200")
[16:07:43.024]      // while-condition  =>  TRUE
[16:07:43.024]      // while "1"  (timeout="200")
[16:07:43.024]      // while-condition  =>  TRUE
[16:07:43.024]      // while "1"  (timeout="200")
[16:07:43.024]      // while-condition  =>  TRUE
[16:07:43.024]      // while "1"  (timeout="200")
[16:07:43.024]      // while-condition  =>  TRUE
[16:07:43.024]      // while "1"  (timeout="200")
[16:07:43.024]      // while-condition  =>  TRUE
[16:07:43.024]      // while "1"  (timeout="200")
[16:07:43.024]      // while-condition  =>  TRUE
[16:07:43.024]      // while "1"  (timeout="200")
[16:07:43.024]      // while-condition  =>  TRUE
[16:07:43.024]      // while "1"  (timeout="200")
[16:07:43.024]      // while-condition  =>  TRUE
[16:07:43.024]      // while "1"  (timeout="200")
[16:07:43.024]      // while-condition  =>  TRUE
[16:07:43.024]      // while "1"  (timeout="200")
[16:07:43.024]      // while-condition  =>  TRUE
[16:07:43.024]      // while "1"  (timeout="200")
[16:07:43.024]      // while-condition  =>  TRUE
[16:07:43.024]      // while "1"  (timeout="200")
[16:07:43.024]      // while-condition  =>  TRUE
[16:07:43.024]      // while "1"  (timeout="200")
[16:07:43.024]      // while-condition  =>  TRUE
[16:07:43.024]      // while "1"  (timeout="200")
[16:07:43.024]      // while-condition  =>  TRUE
[16:07:43.024]      // while "1"  (timeout="200")
[16:07:43.024]      // while-condition  =>  TRUE
[16:07:43.024]      // while "1"  (timeout="200")
[16:07:43.024]      // while-condition  =>  TRUE
[16:07:43.024]      // while "1"  (timeout="200")
[16:07:43.024]      // while-condition  =>  TRUE
[16:07:43.024]      // while "1"  (timeout="200")
[16:07:43.024]      // while-condition  =>  TRUE
[16:07:43.024]      // while "1"  (timeout="200")
[16:07:43.024]      // while-condition  =>  TRUE
[16:07:43.024]      // while "1"  (timeout="200")
[16:07:43.024]      // while-condition  =>  TRUE
[16:07:43.024]      // while "1"  (timeout="200")
[16:07:43.024]      // while-condition  =>  TRUE
[16:07:43.024]      // while "1"  (timeout="200")
[16:07:43.024]      // while-condition  =>  TRUE
[16:07:43.024]      // while "1"  (timeout="200")
[16:07:43.024]      // while-condition  =>  TRUE
[16:07:43.024]      // while "1"  (timeout="200")
[16:07:43.024]      // while-condition  =>  TRUE
[16:07:43.024]      // while "1"  (timeout="200")
[16:07:43.024]      // while-condition  =>  TRUE
[16:07:43.024]      // while "1"  (timeout="200")
[16:07:43.024]      // while-condition  =>  TRUE
[16:07:43.024]      // while "1"  (timeout="200")
[16:07:43.024]      // while-condition  =>  TRUE
[16:07:43.030]      // while "1"  (timeout="200")
[16:07:43.030]      // while  =>  TIMEOUT
[16:07:43.030]      // end while "1"
[16:07:43.030]    </control>
[16:07:43.030]    <control if="canReadPins" while="" timeout="0" info="">
[16:07:43.030]      // if-block "canReadPins"
[16:07:43.030]        // =>  TRUE
[16:07:43.030]      <control if="" while="(DAP_SWJ_Pins(nReset, nReset, 0) & nReset) == 0" timeout="1000000" info="">
[16:07:43.030]        // while "(DAP_SWJ_Pins(nReset, nReset, 0) & nReset) == 0"  (timeout="1000000")
[16:07:43.030]          // -> [DAP_SWJ_Pins(0x80, 0x80, 0) => 0x8F]   (Out: nRESET=1  =>  In: SWCLK/TCK=1, SWDIO/TMS=1, TDI=1, TDO=1, nTRST=0, nRESET=1)
[16:07:43.030]        // while-condition  =>  FALSE
[16:07:43.030]        // end while "(DAP_SWJ_Pins(nReset, nReset, 0) & nReset) == 0"
[16:07:43.030]      </control>
[16:07:43.030]      // end if-block "canReadPins"
[16:07:43.030]    </control>
[16:07:43.030]    <control if="!canReadPins" while="" timeout="0" info="">
[16:07:43.030]      // if-block "!canReadPins"
[16:07:43.030]        // =>  FALSE
[16:07:43.030]      // skip if-block "!canReadPins"
[16:07:43.030]    </control>
[16:07:43.030]    <control if="(ACCESS_POINT_VAL & 0x00E00000) == 0" while="" timeout="0" info="">
[16:07:43.030]      // if-block "(ACCESS_POINT_VAL & 0x00E00000) == 0"
[16:07:43.030]        // =>  TRUE
[16:07:43.030]      <block atomic="false" info="">
[16:07:43.030]        WriteAP(0x00, 0x190008);
[16:07:43.035]          // -> [WriteAP(0x00000000, 0x00190008)]   (__dp=0x00000000, __ap=0x00000004)
[16:07:43.035]        WriteAP(0xF0, 0x01);
[16:07:43.035]          // -> [WriteAP(0x000000F0, 0x00000001)]   (__dp=0x00000000, __ap=0x00000004)
[16:07:43.035]      </block>
[16:07:43.035]      // end if-block "(ACCESS_POINT_VAL & 0x00E00000) == 0"
[16:07:43.035]    </control>
[16:07:43.035]    <control if="(ACCESS_POINT_VAL & 0x00E00000) != 0" while="" timeout="0" info="">
[16:07:43.035]      // if-block "(ACCESS_POINT_VAL & 0x00E00000) != 0"
[16:07:43.035]        // =>  FALSE
[16:07:43.040]      // skip if-block "(ACCESS_POINT_VAL & 0x00E00000) != 0"
[16:07:43.040]    </control>
[16:07:43.040]    <block atomic="false" info="">
[16:07:43.040]      ACCESS_POINT_VAL = ReadAP(0x00);//Reading current state of access point
[16:07:43.045]        // -> [ReadAP(0x00000000) => 0x0079002F]   (__dp=0x00000000, __ap=0x00000004)
[16:07:43.045]        // -> [ACCESS_POINT_VAL <= 0x0079002F]
[16:07:43.045]      Message(0, "Current state of access point is: %x",ACCESS_POINT_VAL);
[16:07:43.045]      __ap = 0; //lets make sure we reset the access point selection
[16:07:43.045]        // -> [__ap <= 0x00000000]
[16:07:43.045]    </block>
[16:07:43.045]  </sequence>
[16:07:43.045]  
[16:07:43.078]  **********  Sequence "DebugDeviceUnlock"  (Context="Connect", Pname="", info="")
[16:07:43.078]  
[16:07:43.083]  <debugvars>
[16:07:43.083]    // Pre-defined
[16:07:43.083]    __protocol=0x00010002      (Protocol="SWD", SWJ-DP="True")
[16:07:43.083]    __connection=0x00000202    (Connection Type="Flash", Reset Type="System Reset")
[16:07:43.083]    __dp=0x00000000
[16:07:43.083]    __ap=0x00000000
[16:07:43.083]    __traceout=0x00000000      (Trace Disabled)
[16:07:43.083]    __errorcontrol=0x00000000  (Skip Errors="False")
[16:07:43.083]    __FlashAddr=0x00000000
[16:07:43.083]    __FlashLen=0x00000000
[16:07:43.083]    __FlashArg=0x00000000
[16:07:43.083]    __FlashOp=0x00000000
[16:07:43.083]    __Result=0x00000000
[16:07:43.083]  </debugvars>
[16:07:43.083]  
[16:07:43.083]  <sequence name="DebugDeviceUnlock" Pname="" disable="false" info="">
[16:07:43.083]    <block atomic="false" info="">
[16:07:43.083]      __var deviceID = 0;
[16:07:43.083]        // -> [deviceID <= 0x00000000]
[16:07:43.083]      __var version = 0;
[16:07:43.083]        // -> [version <= 0x00000000]
[16:07:43.083]      __var partNum = 0;
[16:07:43.083]        // -> [partNum <= 0x00000000]
[16:07:43.083]      __var manuf = 0;
[16:07:43.083]        // -> [manuf <= 0x00000000]
[16:07:43.083]      __var isMSPM0G1X0X_G3X0X = 0;
[16:07:43.083]        // -> [isMSPM0G1X0X_G3X0X <= 0x00000000]
[16:07:43.083]      __var isProduction = 0;
[16:07:43.083]        // -> [isProduction <= 0x00000000]
[16:07:43.083]      __var continueId = 0;
[16:07:43.083]        // -> [continueId <= 0x00000000]
[16:07:43.083]      deviceID =   Read32(0x41C40004);
[16:07:43.088]        // -> [Read32(0x41C40004) => 0x2BB8802F]   (__dp=0x00000000, __ap=0x00000000)
[16:07:43.088]        // -> [deviceID <= 0x2BB8802F]
[16:07:43.088]      version = deviceID >> 28;
[16:07:43.088]        // -> [version <= 0x00000002]
[16:07:43.088]      partNum = (deviceID & 0x0FFFF000) >> 12;
[16:07:43.088]        // -> [partNum <= 0x0000BB88]
[16:07:43.088]      manuf = (deviceID & 0x00000FFE) >> 1;
[16:07:43.088]        // -> [manuf <= 0x00000017]
[16:07:43.088]      isMSPM0G1X0X_G3X0X = (partNum == 0xBB88) && (manuf == 0x17);
[16:07:43.088]        // -> [isMSPM0G1X0X_G3X0X <= 0x00000001]
[16:07:43.088]      isProduction = (version > 0);
[16:07:43.088]        // -> [isProduction <= 0x00000001]
[16:07:43.088]    </block>
[16:07:43.088]    <control if="!isMSPM0G1X0X_G3X0X" while="" timeout="0" info="">
[16:07:43.088]      // if-block "!isMSPM0G1X0X_G3X0X"
[16:07:43.088]        // =>  FALSE
[16:07:43.088]      // skip if-block "!isMSPM0G1X0X_G3X0X"
[16:07:43.088]    </control>
[16:07:43.088]    <control if="continueId == 4" while="" timeout="0" info="">
[16:07:43.088]      // if-block "continueId == 4"
[16:07:43.088]        // =>  FALSE
[16:07:43.088]      // skip if-block "continueId == 4"
[16:07:43.088]    </control>
[16:07:43.088]    <control if="!isProduction" while="" timeout="0" info="">
[16:07:43.088]      // if-block "!isProduction"
[16:07:43.088]        // =>  FALSE
[16:07:43.088]      // skip if-block "!isProduction"
[16:07:43.088]    </control>
[16:07:43.088]  </sequence>
[16:07:43.088]  
[16:30:47.727]  **********  Sequence "DebugPortSetup"  (Context="Connect", Pname="", info="")
[16:30:47.727]  
[16:30:47.729]  <debugvars>
[16:30:47.729]    // Pre-defined
[16:30:47.729]    __protocol=0x00010002      (Protocol="SWD", SWJ-DP="True")
[16:30:47.729]    __connection=0x00000202    (Connection Type="Flash", Reset Type="System Reset")
[16:30:47.729]    __dp=0x00000000
[16:30:47.729]    __ap=0x00000000
[16:30:47.729]    __traceout=0x00000000      (Trace Disabled)
[16:30:47.729]    __errorcontrol=0x00000000  (Skip Errors="False")
[16:30:47.729]    __FlashAddr=0x00000000
[16:30:47.729]    __FlashLen=0x00000000
[16:30:47.729]    __FlashArg=0x00000000
[16:30:47.729]    __FlashOp=0x00000000
[16:30:47.729]    __Result=0x00000000
[16:30:47.729]  </debugvars>
[16:30:47.729]  
[16:30:47.729]  <sequence name="DebugPortSetup" Pname="" disable="false" info="">
[16:30:47.729]    <block atomic="false" info="">
[16:30:47.729]      __var isSWJ      = ((__protocol & 0x00010000) != 0);
[16:30:47.729]        // -> [isSWJ <= 0x00000001]
[16:30:47.729]      __var hasDormant = __protocol & 0x00020000;
[16:30:47.729]        // -> [hasDormant <= 0x00000000]
[16:30:47.729]      __var protType   = __protocol & 0x0000FFFF;
[16:30:47.729]        // -> [protType <= 0x00000002]
[16:30:47.729]    </block>
[16:30:47.729]    <control if="protType == 1" while="" timeout="0" info="">
[16:30:47.729]      // if-block "protType == 1"
[16:30:47.729]        // =>  FALSE
[16:30:47.729]      // skip if-block "protType == 1"
[16:30:47.729]    </control>
[16:30:47.729]    <control if="protType == 2" while="" timeout="0" info="">
[16:30:47.729]      // if-block "protType == 2"
[16:30:47.729]        // =>  TRUE
[16:30:47.729]      <control if="isSWJ" while="" timeout="0" info="">
[16:30:47.729]        // if-block "isSWJ"
[16:30:47.729]          // =>  TRUE
[16:30:47.729]        <control if="hasDormant" while="" timeout="0" info="">
[16:30:47.729]          // if-block "hasDormant"
[16:30:47.729]            // =>  FALSE
[16:30:47.729]          // skip if-block "hasDormant"
[16:30:47.729]        </control>
[16:30:47.729]        <control if="!hasDormant" while="" timeout="0" info="">
[16:30:47.729]          // if-block "!hasDormant"
[16:30:47.729]            // =>  TRUE
[16:30:47.729]          <block atomic="false" info="">
[16:30:47.729]            DAP_SWJ_Sequence(51, 0x0007FFFFFFFFFFFF); //lets put the JTAG line in a reset state
[16:30:47.729]              // -> [DAP_SWJ_Sequence(51, 0x0007FFFFFFFFFFFF)]
[16:30:47.729]            DAP_SWJ_Sequence(16,0xE73C); //SWD to JTAG, this is to ensure the state machine is initialized
[16:30:47.736]              // -> [DAP_SWJ_Sequence(16, 0x000000000000E73C)]
[16:30:47.736]            DAP_SWJ_Sequence(51, 0x0007FFFFFFFFFFFF); //Put it back in reset
[16:30:47.740]              // -> [DAP_SWJ_Sequence(51, 0x0007FFFFFFFFFFFF)]
[16:30:47.740]            DAP_SWJ_Sequence(16, 0xE79E); //JTAG to SWD switch
[16:30:47.740]              // -> [DAP_SWJ_Sequence(16, 0x000000000000E79E)]
[16:30:47.740]            DAP_SWJ_Sequence(51, 0x0007FFFFFFFFFFFF);  //Ensure the switch is successful 
[16:30:47.740]              // -> [DAP_SWJ_Sequence(51, 0x0007FFFFFFFFFFFF)]
[16:30:47.740]            DAP_SWJ_Sequence(7,  0x00); //Give the line some time to initialize
[16:30:47.748]              // -> [DAP_SWJ_Sequence(7, 0x0000000000000000)]
[16:30:47.748]          </block>
[16:30:47.748]          // end if-block "!hasDormant"
[16:30:47.748]        </control>
[16:30:47.748]        // end if-block "isSWJ"
[16:30:47.748]      </control>
[16:30:47.748]      <control if="!isSWJ" while="" timeout="0" info="">
[16:30:47.748]        // if-block "!isSWJ"
[16:30:47.748]          // =>  FALSE
[16:30:47.748]        // skip if-block "!isSWJ"
[16:30:47.748]      </control>
[16:30:47.748]      <block atomic="false" info="">
[16:30:47.748]        ReadDP(0x0);
[16:30:47.750]          // -> [ReadDP(0x00000000) => 0x6BA02477]   (__dp=0x00000000)
[16:30:47.750]      </block>
[16:30:47.750]      // end if-block "protType == 2"
[16:30:47.750]    </control>
[16:30:47.750]  </sequence>
[16:30:47.750]  
[16:30:47.756]  **********  Sequence "DebugPortStart"  (Context="Connect", Pname="", info="")
[16:30:47.756]  
[16:30:47.756]  <debugvars>
[16:30:47.756]    // Pre-defined
[16:30:47.756]    __protocol=0x00010002      (Protocol="SWD", SWJ-DP="True")
[16:30:47.756]    __connection=0x00000202    (Connection Type="Flash", Reset Type="System Reset")
[16:30:47.756]    __dp=0x00000000
[16:30:47.756]    __ap=0x00000000
[16:30:47.756]    __traceout=0x00000000      (Trace Disabled)
[16:30:47.756]    __errorcontrol=0x00000000  (Skip Errors="False")
[16:30:47.756]    __FlashAddr=0x00000000
[16:30:47.756]    __FlashLen=0x00000000
[16:30:47.756]    __FlashArg=0x00000000
[16:30:47.756]    __FlashOp=0x00000000
[16:30:47.756]    __Result=0x00000000
[16:30:47.756]  </debugvars>
[16:30:47.756]  
[16:30:47.756]  <sequence name="DebugPortStart" Pname="" disable="false" info="">
[16:30:47.756]    <block atomic="false" info="">
[16:30:47.756]      __var SW_DP_ABORT       = 0x0;
[16:30:47.756]        // -> [SW_DP_ABORT <= 0x00000000]
[16:30:47.756]      __var DP_CTRL_STAT      = 0x4;
[16:30:47.756]        // -> [DP_CTRL_STAT <= 0x00000004]
[16:30:47.756]      __var DP_SELECT         = 0x8;
[16:30:47.756]        // -> [DP_SELECT <= 0x00000008]
[16:30:47.756]      __var powered_down      = 0;
[16:30:47.756]        // -> [powered_down <= 0x00000000]
[16:30:47.756]      WriteDP(DP_SELECT, 0x00000000);
[16:30:47.760]        // -> [WriteDP(0x00000008, 0x00000000)]   (__dp=0x00000000)
[16:30:47.760]      powered_down = ((ReadDP(DP_CTRL_STAT) & 0xA0000000) != 0xA0000000);
[16:30:47.765]        // -> [ReadDP(0x00000004) => 0x00000040]   (__dp=0x00000000)
[16:30:47.765]        // -> [powered_down <= 0x00000001]
[16:30:47.765]    </block>
[16:30:47.765]    <control if="powered_down" while="" timeout="0" info="">
[16:30:47.765]      // if-block "powered_down"
[16:30:47.765]        // =>  TRUE
[16:30:47.765]      <block atomic="false" info="">
[16:30:47.765]        Message(0, "Debug/System power-up request sent");
[16:30:47.767]        WriteDP(DP_CTRL_STAT, 0x50000000);
[16:30:47.771]          // -> [WriteDP(0x00000004, 0x50000000)]   (__dp=0x00000000)
[16:30:47.771]      </block>
[16:30:47.771]      <control if="" while="(ReadDP(DP_CTRL_STAT) & 0xA0000000) != 0xA0000000" timeout="1000000" info="">
[16:30:47.771]        // while "(ReadDP(DP_CTRL_STAT) & 0xA0000000) != 0xA0000000"  (timeout="1000000")
[16:30:47.771]          // -> [ReadDP(0x00000004) => 0xF0000040]   (__dp=0x00000000)
[16:30:47.771]        // while-condition  =>  FALSE
[16:30:47.771]        // end while "(ReadDP(DP_CTRL_STAT) & 0xA0000000) != 0xA0000000"
[16:30:47.771]      </control>
[16:30:47.771]      <control if="(__protocol & 0xFFFF) == 1" while="" timeout="0" info="">
[16:30:47.775]        // if-block "(__protocol & 0xFFFF) == 1"
[16:30:47.775]          // =>  FALSE
[16:30:47.775]        // skip if-block "(__protocol & 0xFFFF) == 1"
[16:30:47.775]      </control>
[16:30:47.775]      <control if="(__protocol & 0xFFFF) == 2" while="" timeout="0" info="">
[16:30:47.775]        // if-block "(__protocol & 0xFFFF) == 2"
[16:30:47.775]          // =>  TRUE
[16:30:47.775]        <block atomic="false" info="">
[16:30:47.775]          Message(0, "executing SWD power up");
[16:30:47.776]          WriteDP(DP_CTRL_STAT, 0x50000F00);
[16:30:47.782]            // -> [WriteDP(0x00000004, 0x50000F00)]   (__dp=0x00000000)
[16:30:47.782]          WriteDP(SW_DP_ABORT, 0x0000001E);
[16:30:47.786]            // -> [WriteDP(0x00000000, 0x0000001E)]   (__dp=0x00000000)
[16:30:47.786]        </block>
[16:30:47.786]        // end if-block "(__protocol & 0xFFFF) == 2"
[16:30:47.786]      </control>
[16:30:47.786]      // end if-block "powered_down"
[16:30:47.786]    </control>
[16:30:47.786]    <block atomic="false" info="">
[16:30:47.786]      __var DEBUG_PORT_VAL    = 0;
[16:30:47.786]        // -> [DEBUG_PORT_VAL <= 0x00000000]
[16:30:47.791]      __var ACCESS_POINT_VAL  = 0;
[16:30:47.791]        // -> [ACCESS_POINT_VAL <= 0x00000000]
[16:30:47.791]      __ap = 1; 
[16:30:47.791]        // -> [__ap <= 0x00000001]
[16:30:47.791]      WriteAP(0x0C, 0x04); //lets use the mini pwr-ap as backup
[16:30:47.796]        // -> [WriteAP(0x0000000C, 0x00000004)]   (__dp=0x00000000, __ap=0x00000001)
[16:30:47.796]      __ap = 4;
[16:30:47.796]        // -> [__ap <= 0x00000004]
[16:30:47.796]      ACCESS_POINT_VAL = ReadAP(0x00);//Reading current state of access point
[16:30:47.800]        // -> [ReadAP(0x00000000) => 0x00080027]   (__dp=0x00000000, __ap=0x00000004)
[16:30:47.800]        // -> [ACCESS_POINT_VAL <= 0x00080027]
[16:30:47.800]      Message(0, "Current state of access point is: %x",ACCESS_POINT_VAL);
[16:30:47.802]    </block>
[16:30:47.803]    <block atomic="false" info="">
[16:30:47.803]      __var nReset = 0x80;
[16:30:47.803]        // -> [nReset <= 0x00000080]
[16:30:47.803]      __var canReadPins = 0;
[16:30:47.803]        // -> [canReadPins <= 0x00000000]
[16:30:47.803]      canReadPins = (DAP_SWJ_Pins(0x00, nReset, 0) != 0xFFFFFFFF);
[16:30:47.803]        // -> [DAP_SWJ_Pins(0x00, 0x80, 0) => 0x0F]   (Out: nRESET=0  =>  In: SWCLK/TCK=1, SWDIO/TMS=1, TDI=1, TDO=1, nTRST=0, nRESET=0)
[16:30:47.803]        // -> [canReadPins <= 0x00000001]
[16:30:47.803]    </block>
[16:30:47.803]    <control if="" while="1" timeout="200" info="">
[16:30:47.803]      // while "1"  (timeout="200")
[16:30:47.803]      // while-condition  =>  TRUE
[16:30:47.803]      // while "1"  (timeout="200")
[16:30:47.803]      // while-condition  =>  TRUE
[16:30:47.803]      // while "1"  (timeout="200")
[16:30:47.803]      // while-condition  =>  TRUE
[16:30:47.803]      // while "1"  (timeout="200")
[16:30:47.805]      // while-condition  =>  TRUE
[16:30:47.805]      // while "1"  (timeout="200")
[16:30:47.805]      // while-condition  =>  TRUE
[16:30:47.805]      // while "1"  (timeout="200")
[16:30:47.806]      // while-condition  =>  TRUE
[16:30:47.806]      // while "1"  (timeout="200")
[16:30:47.806]      // while-condition  =>  TRUE
[16:30:47.806]      // while "1"  (timeout="200")
[16:30:47.806]      // while-condition  =>  TRUE
[16:30:47.806]      // while "1"  (timeout="200")
[16:30:47.806]      // while-condition  =>  TRUE
[16:30:47.806]      // while "1"  (timeout="200")
[16:30:47.806]      // while-condition  =>  TRUE
[16:30:47.806]      // while "1"  (timeout="200")
[16:30:47.806]      // while-condition  =>  TRUE
[16:30:47.806]      // while "1"  (timeout="200")
[16:30:47.806]      // while-condition  =>  TRUE
[16:30:47.806]      // while "1"  (timeout="200")
[16:30:47.806]      // while-condition  =>  TRUE
[16:30:47.806]      // while "1"  (timeout="200")
[16:30:47.806]      // while-condition  =>  TRUE
[16:30:47.806]      // while "1"  (timeout="200")
[16:30:47.806]      // while-condition  =>  TRUE
[16:30:47.806]      // while "1"  (timeout="200")
[16:30:47.806]      // while-condition  =>  TRUE
[16:30:47.806]      // while "1"  (timeout="200")
[16:30:47.807]      // while-condition  =>  TRUE
[16:30:47.807]      // while "1"  (timeout="200")
[16:30:47.807]      // while-condition  =>  TRUE
[16:30:47.807]      // while "1"  (timeout="200")
[16:30:47.808]      // while-condition  =>  TRUE
[16:30:47.808]      // while "1"  (timeout="200")
[16:30:47.808]      // while-condition  =>  TRUE
[16:30:47.808]      // while "1"  (timeout="200")
[16:30:47.808]      // while-condition  =>  TRUE
[16:30:47.808]      // while "1"  (timeout="200")
[16:30:47.808]      // while-condition  =>  TRUE
[16:30:47.808]      // while "1"  (timeout="200")
[16:30:47.808]      // while-condition  =>  TRUE
[16:30:47.808]      // while "1"  (timeout="200")
[16:30:47.808]      // while-condition  =>  TRUE
[16:30:47.808]      // while "1"  (timeout="200")
[16:30:47.808]      // while-condition  =>  TRUE
[16:30:47.808]      // while "1"  (timeout="200")
[16:30:47.808]      // while-condition  =>  TRUE
[16:30:47.808]      // while "1"  (timeout="200")
[16:30:47.808]      // while-condition  =>  TRUE
[16:30:47.808]      // while "1"  (timeout="200")
[16:30:47.808]      // while-condition  =>  TRUE
[16:30:47.808]      // while "1"  (timeout="200")
[16:30:47.808]      // while-condition  =>  TRUE
[16:30:47.808]      // while "1"  (timeout="200")
[16:30:47.808]      // while-condition  =>  TRUE
[16:30:47.808]      // while "1"  (timeout="200")
[16:30:47.808]      // while-condition  =>  TRUE
[16:30:47.808]      // while "1"  (timeout="200")
[16:30:47.808]      // while-condition  =>  TRUE
[16:30:47.808]      // while "1"  (timeout="200")
[16:30:47.808]      // while-condition  =>  TRUE
[16:30:47.808]      // while "1"  (timeout="200")
[16:30:47.808]      // while-condition  =>  TRUE
[16:30:47.808]      // while "1"  (timeout="200")
[16:30:47.808]      // while-condition  =>  TRUE
[16:30:47.808]      // while "1"  (timeout="200")
[16:30:47.808]      // while-condition  =>  TRUE
[16:30:47.808]      // while "1"  (timeout="200")
[16:30:47.808]      // while-condition  =>  TRUE
[16:30:47.808]      // while "1"  (timeout="200")
[16:30:47.808]      // while-condition  =>  TRUE
[16:30:47.808]      // while "1"  (timeout="200")
[16:30:47.808]      // while-condition  =>  TRUE
[16:30:47.808]      // while "1"  (timeout="200")
[16:30:47.808]      // while-condition  =>  TRUE
[16:30:47.808]      // while "1"  (timeout="200")
[16:30:47.808]      // while-condition  =>  TRUE
[16:30:47.808]      // while "1"  (timeout="200")
[16:30:47.808]      // while-condition  =>  TRUE
[16:30:47.808]      // while "1"  (timeout="200")
[16:30:47.808]      // while-condition  =>  TRUE
[16:30:47.808]      // while "1"  (timeout="200")
[16:30:47.808]      // while-condition  =>  TRUE
[16:30:47.808]      // while "1"  (timeout="200")
[16:30:47.808]      // while-condition  =>  TRUE
[16:30:47.808]      // while "1"  (timeout="200")
[16:30:47.808]      // while-condition  =>  TRUE
[16:30:47.808]      // while "1"  (timeout="200")
[16:30:47.808]      // while-condition  =>  TRUE
[16:30:47.808]      // while "1"  (timeout="200")
[16:30:47.808]      // while-condition  =>  TRUE
[16:30:47.808]      // while "1"  (timeout="200")
[16:30:47.808]      // while-condition  =>  TRUE
[16:30:47.808]      // while "1"  (timeout="200")
[16:30:47.808]      // while-condition  =>  TRUE
[16:30:47.808]      // while "1"  (timeout="200")
[16:30:47.808]      // while-condition  =>  TRUE
[16:30:47.808]      // while "1"  (timeout="200")
[16:30:47.808]      // while-condition  =>  TRUE
[16:30:47.808]      // while "1"  (timeout="200")
[16:30:47.808]      // while-condition  =>  TRUE
[16:30:47.808]      // while "1"  (timeout="200")
[16:30:47.808]      // while-condition  =>  TRUE
[16:30:47.808]      // while "1"  (timeout="200")
[16:30:47.808]      // while-condition  =>  TRUE
[16:30:47.808]      // while "1"  (timeout="200")
[16:30:47.808]      // while-condition  =>  TRUE
[16:30:47.808]      // while "1"  (timeout="200")
[16:30:47.808]      // while-condition  =>  TRUE
[16:30:47.808]      // while "1"  (timeout="200")
[16:30:47.808]      // while-condition  =>  TRUE
[16:30:47.808]      // while "1"  (timeout="200")
[16:30:47.808]      // while-condition  =>  TRUE
[16:30:47.808]      // while "1"  (timeout="200")
[16:30:47.808]      // while-condition  =>  TRUE
[16:30:47.808]      // while "1"  (timeout="200")
[16:30:47.808]      // while-condition  =>  TRUE
[16:30:47.808]      // while "1"  (timeout="200")
[16:30:47.808]      // while-condition  =>  TRUE
[16:30:47.808]      // while "1"  (timeout="200")
[16:30:47.808]      // while-condition  =>  TRUE
[16:30:47.808]      // while "1"  (timeout="200")
[16:30:47.808]      // while-condition  =>  TRUE
[16:30:47.808]      // while "1"  (timeout="200")
[16:30:47.808]      // while-condition  =>  TRUE
[16:30:47.808]      // while "1"  (timeout="200")
[16:30:47.808]      // while-condition  =>  TRUE
[16:30:47.812]      // while "1"  (timeout="200")
[16:30:47.812]      // while  =>  TIMEOUT
[16:30:47.812]      // end while "1"
[16:30:47.812]    </control>
[16:30:47.812]    <control if="canReadPins" while="" timeout="0" info="">
[16:30:47.812]      // if-block "canReadPins"
[16:30:47.812]        // =>  TRUE
[16:30:47.812]      <control if="" while="(DAP_SWJ_Pins(nReset, nReset, 0) & nReset) == 0" timeout="1000000" info="">
[16:30:47.812]        // while "(DAP_SWJ_Pins(nReset, nReset, 0) & nReset) == 0"  (timeout="1000000")
[16:30:47.812]          // -> [DAP_SWJ_Pins(0x80, 0x80, 0) => 0x8F]   (Out: nRESET=1  =>  In: SWCLK/TCK=1, SWDIO/TMS=1, TDI=1, TDO=1, nTRST=0, nRESET=1)
[16:30:47.812]        // while-condition  =>  FALSE
[16:30:47.812]        // end while "(DAP_SWJ_Pins(nReset, nReset, 0) & nReset) == 0"
[16:30:47.812]      </control>
[16:30:47.812]      // end if-block "canReadPins"
[16:30:47.812]    </control>
[16:30:47.812]    <control if="!canReadPins" while="" timeout="0" info="">
[16:30:47.812]      // if-block "!canReadPins"
[16:30:47.812]        // =>  FALSE
[16:30:47.812]      // skip if-block "!canReadPins"
[16:30:47.812]    </control>
[16:30:47.812]    <control if="(ACCESS_POINT_VAL & 0x00E00000) == 0" while="" timeout="0" info="">
[16:30:47.812]      // if-block "(ACCESS_POINT_VAL & 0x00E00000) == 0"
[16:30:47.812]        // =>  TRUE
[16:30:47.812]      <block atomic="false" info="">
[16:30:47.812]        WriteAP(0x00, 0x190008);
[16:30:47.816]          // -> [WriteAP(0x00000000, 0x00190008)]   (__dp=0x00000000, __ap=0x00000004)
[16:30:47.816]        WriteAP(0xF0, 0x01);
[16:30:47.826]          // -> [WriteAP(0x000000F0, 0x00000001)]   (__dp=0x00000000, __ap=0x00000004)
[16:30:47.826]      </block>
[16:30:47.826]      // end if-block "(ACCESS_POINT_VAL & 0x00E00000) == 0"
[16:30:47.826]    </control>
[16:30:47.826]    <control if="(ACCESS_POINT_VAL & 0x00E00000) != 0" while="" timeout="0" info="">
[16:30:47.826]      // if-block "(ACCESS_POINT_VAL & 0x00E00000) != 0"
[16:30:47.826]        // =>  FALSE
[16:30:47.826]      // skip if-block "(ACCESS_POINT_VAL & 0x00E00000) != 0"
[16:30:47.826]    </control>
[16:30:47.826]    <block atomic="false" info="">
[16:30:47.826]      ACCESS_POINT_VAL = ReadAP(0x00);//Reading current state of access point
[16:30:47.835]        // -> [ReadAP(0x00000000) => 0x0079002F]   (__dp=0x00000000, __ap=0x00000004)
[16:30:47.835]        // -> [ACCESS_POINT_VAL <= 0x0079002F]
[16:30:47.835]      Message(0, "Current state of access point is: %x",ACCESS_POINT_VAL);
[16:30:47.838]      __ap = 0; //lets make sure we reset the access point selection
[16:30:47.838]        // -> [__ap <= 0x00000000]
[16:30:47.838]    </block>
[16:30:47.838]  </sequence>
[16:30:47.838]  
[16:30:47.866]  **********  Sequence "DebugDeviceUnlock"  (Context="Connect", Pname="", info="")
[16:30:47.866]  
[16:30:47.866]  <debugvars>
[16:30:47.866]    // Pre-defined
[16:30:47.866]    __protocol=0x00010002      (Protocol="SWD", SWJ-DP="True")
[16:30:47.866]    __connection=0x00000202    (Connection Type="Flash", Reset Type="System Reset")
[16:30:47.866]    __dp=0x00000000
[16:30:47.866]    __ap=0x00000000
[16:30:47.866]    __traceout=0x00000000      (Trace Disabled)
[16:30:47.866]    __errorcontrol=0x00000000  (Skip Errors="False")
[16:30:47.866]    __FlashAddr=0x00000000
[16:30:47.866]    __FlashLen=0x00000000
[16:30:47.866]    __FlashArg=0x00000000
[16:30:47.866]    __FlashOp=0x00000000
[16:30:47.866]    __Result=0x00000000
[16:30:47.866]  </debugvars>
[16:30:47.866]  
[16:30:47.866]  <sequence name="DebugDeviceUnlock" Pname="" disable="false" info="">
[16:30:47.866]    <block atomic="false" info="">
[16:30:47.866]      __var deviceID = 0;
[16:30:47.866]        // -> [deviceID <= 0x00000000]
[16:30:47.866]      __var version = 0;
[16:30:47.866]        // -> [version <= 0x00000000]
[16:30:47.866]      __var partNum = 0;
[16:30:47.866]        // -> [partNum <= 0x00000000]
[16:30:47.866]      __var manuf = 0;
[16:30:47.866]        // -> [manuf <= 0x00000000]
[16:30:47.866]      __var isMSPM0G1X0X_G3X0X = 0;
[16:30:47.866]        // -> [isMSPM0G1X0X_G3X0X <= 0x00000000]
[16:30:47.866]      __var isProduction = 0;
[16:30:47.866]        // -> [isProduction <= 0x00000000]
[16:30:47.866]      __var continueId = 0;
[16:30:47.866]        // -> [continueId <= 0x00000000]
[16:30:47.866]      deviceID =   Read32(0x41C40004);
[16:30:47.880]        // -> [Read32(0x41C40004) => 0x2BB8802F]   (__dp=0x00000000, __ap=0x00000000)
[16:30:47.880]        // -> [deviceID <= 0x2BB8802F]
[16:30:47.880]      version = deviceID >> 28;
[16:30:47.880]        // -> [version <= 0x00000002]
[16:30:47.880]      partNum = (deviceID & 0x0FFFF000) >> 12;
[16:30:47.880]        // -> [partNum <= 0x0000BB88]
[16:30:47.880]      manuf = (deviceID & 0x00000FFE) >> 1;
[16:30:47.880]        // -> [manuf <= 0x00000017]
[16:30:47.880]      isMSPM0G1X0X_G3X0X = (partNum == 0xBB88) && (manuf == 0x17);
[16:30:47.880]        // -> [isMSPM0G1X0X_G3X0X <= 0x00000001]
[16:30:47.880]      isProduction = (version > 0);
[16:30:47.880]        // -> [isProduction <= 0x00000001]
[16:30:47.880]    </block>
[16:30:47.880]    <control if="!isMSPM0G1X0X_G3X0X" while="" timeout="0" info="">
[16:30:47.880]      // if-block "!isMSPM0G1X0X_G3X0X"
[16:30:47.880]        // =>  FALSE
[16:30:47.880]      // skip if-block "!isMSPM0G1X0X_G3X0X"
[16:30:47.880]    </control>
[16:30:47.880]    <control if="continueId == 4" while="" timeout="0" info="">
[16:30:47.880]      // if-block "continueId == 4"
[16:30:47.880]        // =>  FALSE
[16:30:47.880]      // skip if-block "continueId == 4"
[16:30:47.880]    </control>
[16:30:47.880]    <control if="!isProduction" while="" timeout="0" info="">
[16:30:47.880]      // if-block "!isProduction"
[16:30:47.880]        // =>  FALSE
[16:30:47.880]      // skip if-block "!isProduction"
[16:30:47.880]    </control>
[16:30:47.880]  </sequence>
[16:30:47.880]  
[16:31:12.127]  **********  Sequence "DebugPortSetup"  (Context="Connect", Pname="", info="")
[16:31:12.127]  
[16:31:12.127]  <debugvars>
[16:31:12.127]    // Pre-defined
[16:31:12.127]    __protocol=0x00010002      (Protocol="SWD", SWJ-DP="True")
[16:31:12.127]    __connection=0x00000202    (Connection Type="Flash", Reset Type="System Reset")
[16:31:12.127]    __dp=0x00000000
[16:31:12.127]    __ap=0x00000000
[16:31:12.127]    __traceout=0x00000000      (Trace Disabled)
[16:31:12.127]    __errorcontrol=0x00000000  (Skip Errors="False")
[16:31:12.127]    __FlashAddr=0x00000000
[16:31:12.127]    __FlashLen=0x00000000
[16:31:12.127]    __FlashArg=0x00000000
[16:31:12.127]    __FlashOp=0x00000000
[16:31:12.127]    __Result=0x00000000
[16:31:12.127]  </debugvars>
[16:31:12.127]  
[16:31:12.127]  <sequence name="DebugPortSetup" Pname="" disable="false" info="">
[16:31:12.127]    <block atomic="false" info="">
[16:31:12.127]      __var isSWJ      = ((__protocol & 0x00010000) != 0);
[16:31:12.127]        // -> [isSWJ <= 0x00000001]
[16:31:12.127]      __var hasDormant = __protocol & 0x00020000;
[16:31:12.127]        // -> [hasDormant <= 0x00000000]
[16:31:12.127]      __var protType   = __protocol & 0x0000FFFF;
[16:31:12.127]        // -> [protType <= 0x00000002]
[16:31:12.127]    </block>
[16:31:12.127]    <control if="protType == 1" while="" timeout="0" info="">
[16:31:12.127]      // if-block "protType == 1"
[16:31:12.127]        // =>  FALSE
[16:31:12.127]      // skip if-block "protType == 1"
[16:31:12.127]    </control>
[16:31:12.127]    <control if="protType == 2" while="" timeout="0" info="">
[16:31:12.127]      // if-block "protType == 2"
[16:31:12.127]        // =>  TRUE
[16:31:12.127]      <control if="isSWJ" while="" timeout="0" info="">
[16:31:12.127]        // if-block "isSWJ"
[16:31:12.127]          // =>  TRUE
[16:31:12.127]        <control if="hasDormant" while="" timeout="0" info="">
[16:31:12.127]          // if-block "hasDormant"
[16:31:12.127]            // =>  FALSE
[16:31:12.127]          // skip if-block "hasDormant"
[16:31:12.127]        </control>
[16:31:12.127]        <control if="!hasDormant" while="" timeout="0" info="">
[16:31:12.127]          // if-block "!hasDormant"
[16:31:12.127]            // =>  TRUE
[16:31:12.127]          <block atomic="false" info="">
[16:31:12.127]            DAP_SWJ_Sequence(51, 0x0007FFFFFFFFFFFF); //lets put the JTAG line in a reset state
[16:31:12.133]              // -> [DAP_SWJ_Sequence(51, 0x0007FFFFFFFFFFFF)]
[16:31:12.133]            DAP_SWJ_Sequence(16,0xE73C); //SWD to JTAG, this is to ensure the state machine is initialized
[16:31:12.134]              // -> [DAP_SWJ_Sequence(16, 0x000000000000E73C)]
[16:31:12.134]            DAP_SWJ_Sequence(51, 0x0007FFFFFFFFFFFF); //Put it back in reset
[16:31:12.140]              // -> [DAP_SWJ_Sequence(51, 0x0007FFFFFFFFFFFF)]
[16:31:12.140]            DAP_SWJ_Sequence(16, 0xE79E); //JTAG to SWD switch
[16:31:12.148]              // -> [DAP_SWJ_Sequence(16, 0x000000000000E79E)]
[16:31:12.148]            DAP_SWJ_Sequence(51, 0x0007FFFFFFFFFFFF);  //Ensure the switch is successful 
[16:31:12.148]              // -> [DAP_SWJ_Sequence(51, 0x0007FFFFFFFFFFFF)]
[16:31:12.148]            DAP_SWJ_Sequence(7,  0x00); //Give the line some time to initialize
[16:31:12.159]              // -> [DAP_SWJ_Sequence(7, 0x0000000000000000)]
[16:31:12.159]          </block>
[16:31:12.159]          // end if-block "!hasDormant"
[16:31:12.159]        </control>
[16:31:12.159]        // end if-block "isSWJ"
[16:31:12.159]      </control>
[16:31:12.159]      <control if="!isSWJ" while="" timeout="0" info="">
[16:31:12.159]        // if-block "!isSWJ"
[16:31:12.159]          // =>  FALSE
[16:31:12.159]        // skip if-block "!isSWJ"
[16:31:12.159]      </control>
[16:31:12.159]      <block atomic="false" info="">
[16:31:12.159]        ReadDP(0x0);
[16:31:12.159]          // -> [ReadDP(0x00000000) => 0x6BA02477]   (__dp=0x00000000)
[16:31:12.159]      </block>
[16:31:12.159]      // end if-block "protType == 2"
[16:31:12.163]    </control>
[16:31:12.163]  </sequence>
[16:31:12.163]  
[16:31:12.196]  **********  Sequence "DebugPortStart"  (Context="Connect", Pname="", info="")
[16:31:12.196]  
[16:31:12.196]  <debugvars>
[16:31:12.196]    // Pre-defined
[16:31:12.196]    __protocol=0x00010002      (Protocol="SWD", SWJ-DP="True")
[16:31:12.196]    __connection=0x00000202    (Connection Type="Flash", Reset Type="System Reset")
[16:31:12.196]    __dp=0x00000000
[16:31:12.196]    __ap=0x00000000
[16:31:12.196]    __traceout=0x00000000      (Trace Disabled)
[16:31:12.196]    __errorcontrol=0x00000000  (Skip Errors="False")
[16:31:12.196]    __FlashAddr=0x00000000
[16:31:12.196]    __FlashLen=0x00000000
[16:31:12.199]    __FlashArg=0x00000000
[16:31:12.199]    __FlashOp=0x00000000
[16:31:12.199]    __Result=0x00000000
[16:31:12.199]  </debugvars>
[16:31:12.199]  
[16:31:12.199]  <sequence name="DebugPortStart" Pname="" disable="false" info="">
[16:31:12.199]    <block atomic="false" info="">
[16:31:12.199]      __var SW_DP_ABORT       = 0x0;
[16:31:12.199]        // -> [SW_DP_ABORT <= 0x00000000]
[16:31:12.199]      __var DP_CTRL_STAT      = 0x4;
[16:31:12.199]        // -> [DP_CTRL_STAT <= 0x00000004]
[16:31:12.199]      __var DP_SELECT         = 0x8;
[16:31:12.199]        // -> [DP_SELECT <= 0x00000008]
[16:31:12.199]      __var powered_down      = 0;
[16:31:12.199]        // -> [powered_down <= 0x00000000]
[16:31:12.199]      WriteDP(DP_SELECT, 0x00000000);
[16:31:12.206]        // -> [WriteDP(0x00000008, 0x00000000)]   (__dp=0x00000000)
[16:31:12.206]      powered_down = ((ReadDP(DP_CTRL_STAT) & 0xA0000000) != 0xA0000000);
[16:31:12.216]        // -> [ReadDP(0x00000004) => 0x00000040]   (__dp=0x00000000)
[16:31:12.216]        // -> [powered_down <= 0x00000001]
[16:31:12.216]    </block>
[16:31:12.216]    <control if="powered_down" while="" timeout="0" info="">
[16:31:12.216]      // if-block "powered_down"
[16:31:12.216]        // =>  TRUE
[16:31:12.216]      <block atomic="false" info="">
[16:31:12.216]        Message(0, "Debug/System power-up request sent");
[16:31:12.216]        WriteDP(DP_CTRL_STAT, 0x50000000);
[16:31:12.220]          // -> [WriteDP(0x00000004, 0x50000000)]   (__dp=0x00000000)
[16:31:12.220]      </block>
[16:31:12.220]      <control if="" while="(ReadDP(DP_CTRL_STAT) & 0xA0000000) != 0xA0000000" timeout="1000000" info="">
[16:31:12.220]        // while "(ReadDP(DP_CTRL_STAT) & 0xA0000000) != 0xA0000000"  (timeout="1000000")
[16:31:12.226]          // -> [ReadDP(0x00000004) => 0xF0000040]   (__dp=0x00000000)
[16:31:12.226]        // while-condition  =>  FALSE
[16:31:12.226]        // end while "(ReadDP(DP_CTRL_STAT) & 0xA0000000) != 0xA0000000"
[16:31:12.226]      </control>
[16:31:12.226]      <control if="(__protocol & 0xFFFF) == 1" while="" timeout="0" info="">
[16:31:12.226]        // if-block "(__protocol & 0xFFFF) == 1"
[16:31:12.226]          // =>  FALSE
[16:31:12.226]        // skip if-block "(__protocol & 0xFFFF) == 1"
[16:31:12.226]      </control>
[16:31:12.226]      <control if="(__protocol & 0xFFFF) == 2" while="" timeout="0" info="">
[16:31:12.226]        // if-block "(__protocol & 0xFFFF) == 2"
[16:31:12.226]          // =>  TRUE
[16:31:12.226]        <block atomic="false" info="">
[16:31:12.226]          Message(0, "executing SWD power up");
[16:31:12.230]          WriteDP(DP_CTRL_STAT, 0x50000F00);
[16:31:12.230]            // -> [WriteDP(0x00000004, 0x50000F00)]   (__dp=0x00000000)
[16:31:12.230]          WriteDP(SW_DP_ABORT, 0x0000001E);
[16:31:12.234]            // -> [WriteDP(0x00000000, 0x0000001E)]   (__dp=0x00000000)
[16:31:12.235]        </block>
[16:31:12.235]        // end if-block "(__protocol & 0xFFFF) == 2"
[16:31:12.235]      </control>
[16:31:12.235]      // end if-block "powered_down"
[16:31:12.235]    </control>
[16:31:12.235]    <block atomic="false" info="">
[16:31:12.235]      __var DEBUG_PORT_VAL    = 0;
[16:31:12.235]        // -> [DEBUG_PORT_VAL <= 0x00000000]
[16:31:12.235]      __var ACCESS_POINT_VAL  = 0;
[16:31:12.235]        // -> [ACCESS_POINT_VAL <= 0x00000000]
[16:31:12.235]      __ap = 1; 
[16:31:12.235]        // -> [__ap <= 0x00000001]
[16:31:12.235]      WriteAP(0x0C, 0x04); //lets use the mini pwr-ap as backup
[16:31:12.236]        // -> [WriteAP(0x0000000C, 0x00000004)]   (__dp=0x00000000, __ap=0x00000001)
[16:31:12.236]      __ap = 4;
[16:31:12.236]        // -> [__ap <= 0x00000004]
[16:31:12.236]      ACCESS_POINT_VAL = ReadAP(0x00);//Reading current state of access point
[16:31:12.246]        // -> [ReadAP(0x00000000) => 0x00080027]   (__dp=0x00000000, __ap=0x00000004)
[16:31:12.246]        // -> [ACCESS_POINT_VAL <= 0x00080027]
[16:31:12.246]      Message(0, "Current state of access point is: %x",ACCESS_POINT_VAL);
[16:31:12.246]    </block>
[16:31:12.246]    <block atomic="false" info="">
[16:31:12.246]      __var nReset = 0x80;
[16:31:12.246]        // -> [nReset <= 0x00000080]
[16:31:12.246]      __var canReadPins = 0;
[16:31:12.246]        // -> [canReadPins <= 0x00000000]
[16:31:12.246]      canReadPins = (DAP_SWJ_Pins(0x00, nReset, 0) != 0xFFFFFFFF);
[16:31:12.251]        // -> [DAP_SWJ_Pins(0x00, 0x80, 0) => 0x0F]   (Out: nRESET=0  =>  In: SWCLK/TCK=1, SWDIO/TMS=1, TDI=1, TDO=1, nTRST=0, nRESET=0)
[16:31:12.251]        // -> [canReadPins <= 0x00000001]
[16:31:12.251]    </block>
[16:31:12.251]    <control if="" while="1" timeout="200" info="">
[16:31:12.251]      // while "1"  (timeout="200")
[16:31:12.251]      // while-condition  =>  TRUE
[16:31:12.251]      // while "1"  (timeout="200")
[16:31:12.251]      // while-condition  =>  TRUE
[16:31:12.251]      // while "1"  (timeout="200")
[16:31:12.251]      // while-condition  =>  TRUE
[16:31:12.251]      // while "1"  (timeout="200")
[16:31:12.251]      // while-condition  =>  TRUE
[16:31:12.251]      // while "1"  (timeout="200")
[16:31:12.251]      // while-condition  =>  TRUE
[16:31:12.251]      // while "1"  (timeout="200")
[16:31:12.251]      // while-condition  =>  TRUE
[16:31:12.251]      // while "1"  (timeout="200")
[16:31:12.251]      // while-condition  =>  TRUE
[16:31:12.251]      // while "1"  (timeout="200")
[16:31:12.251]      // while-condition  =>  TRUE
[16:31:12.251]      // while "1"  (timeout="200")
[16:31:12.251]      // while-condition  =>  TRUE
[16:31:12.251]      // while "1"  (timeout="200")
[16:31:12.251]      // while-condition  =>  TRUE
[16:31:12.251]      // while "1"  (timeout="200")
[16:31:12.251]      // while-condition  =>  TRUE
[16:31:12.251]      // while "1"  (timeout="200")
[16:31:12.251]      // while-condition  =>  TRUE
[16:31:12.251]      // while "1"  (timeout="200")
[16:31:12.251]      // while-condition  =>  TRUE
[16:31:12.251]      // while "1"  (timeout="200")
[16:31:12.251]      // while-condition  =>  TRUE
[16:31:12.255]      // while "1"  (timeout="200")
[16:31:12.255]      // while-condition  =>  TRUE
[16:31:12.255]      // while "1"  (timeout="200")
[16:31:12.255]      // while-condition  =>  TRUE
[16:31:12.255]      // while "1"  (timeout="200")
[16:31:12.255]      // while-condition  =>  TRUE
[16:31:12.255]      // while "1"  (timeout="200")
[16:31:12.255]      // while-condition  =>  TRUE
[16:31:12.255]      // while "1"  (timeout="200")
[16:31:12.255]      // while-condition  =>  TRUE
[16:31:12.255]      // while "1"  (timeout="200")
[16:31:12.255]      // while-condition  =>  TRUE
[16:31:12.255]      // while "1"  (timeout="200")
[16:31:12.255]      // while-condition  =>  TRUE
[16:31:12.255]      // while "1"  (timeout="200")
[16:31:12.255]      // while-condition  =>  TRUE
[16:31:12.255]      // while "1"  (timeout="200")
[16:31:12.255]      // while-condition  =>  TRUE
[16:31:12.256]      // while "1"  (timeout="200")
[16:31:12.256]      // while-condition  =>  TRUE
[16:31:12.256]      // while "1"  (timeout="200")
[16:31:12.256]      // while-condition  =>  TRUE
[16:31:12.256]      // while "1"  (timeout="200")
[16:31:12.256]      // while-condition  =>  TRUE
[16:31:12.256]      // while "1"  (timeout="200")
[16:31:12.256]      // while-condition  =>  TRUE
[16:31:12.256]      // while "1"  (timeout="200")
[16:31:12.256]      // while-condition  =>  TRUE
[16:31:12.256]      // while "1"  (timeout="200")
[16:31:12.256]      // while-condition  =>  TRUE
[16:31:12.256]      // while "1"  (timeout="200")
[16:31:12.256]      // while-condition  =>  TRUE
[16:31:12.256]      // while "1"  (timeout="200")
[16:31:12.256]      // while-condition  =>  TRUE
[16:31:12.256]      // while "1"  (timeout="200")
[16:31:12.256]      // while-condition  =>  TRUE
[16:31:12.256]      // while "1"  (timeout="200")
[16:31:12.256]      // while-condition  =>  TRUE
[16:31:12.256]      // while "1"  (timeout="200")
[16:31:12.256]      // while-condition  =>  TRUE
[16:31:12.256]      // while "1"  (timeout="200")
[16:31:12.256]      // while-condition  =>  TRUE
[16:31:12.256]      // while "1"  (timeout="200")
[16:31:12.256]      // while-condition  =>  TRUE
[16:31:12.256]      // while "1"  (timeout="200")
[16:31:12.256]      // while-condition  =>  TRUE
[16:31:12.256]      // while "1"  (timeout="200")
[16:31:12.256]      // while-condition  =>  TRUE
[16:31:12.256]      // while "1"  (timeout="200")
[16:31:12.256]      // while-condition  =>  TRUE
[16:31:12.256]      // while "1"  (timeout="200")
[16:31:12.256]      // while-condition  =>  TRUE
[16:31:12.256]      // while "1"  (timeout="200")
[16:31:12.256]      // while-condition  =>  TRUE
[16:31:12.256]      // while "1"  (timeout="200")
[16:31:12.256]      // while-condition  =>  TRUE
[16:31:12.256]      // while "1"  (timeout="200")
[16:31:12.256]      // while-condition  =>  TRUE
[16:31:12.256]      // while "1"  (timeout="200")
[16:31:12.256]      // while-condition  =>  TRUE
[16:31:12.256]      // while "1"  (timeout="200")
[16:31:12.256]      // while-condition  =>  TRUE
[16:31:12.256]      // while "1"  (timeout="200")
[16:31:12.256]      // while-condition  =>  TRUE
[16:31:12.256]      // while "1"  (timeout="200")
[16:31:12.256]      // while-condition  =>  TRUE
[16:31:12.256]      // while "1"  (timeout="200")
[16:31:12.256]      // while-condition  =>  TRUE
[16:31:12.256]      // while "1"  (timeout="200")
[16:31:12.256]      // while-condition  =>  TRUE
[16:31:12.256]      // while "1"  (timeout="200")
[16:31:12.256]      // while-condition  =>  TRUE
[16:31:12.256]      // while "1"  (timeout="200")
[16:31:12.256]      // while-condition  =>  TRUE
[16:31:12.256]      // while "1"  (timeout="200")
[16:31:12.256]      // while-condition  =>  TRUE
[16:31:12.256]      // while "1"  (timeout="200")
[16:31:12.256]      // while-condition  =>  TRUE
[16:31:12.256]      // while "1"  (timeout="200")
[16:31:12.256]      // while-condition  =>  TRUE
[16:31:12.256]      // while "1"  (timeout="200")
[16:31:12.256]      // while-condition  =>  TRUE
[16:31:12.256]      // while "1"  (timeout="200")
[16:31:12.256]      // while-condition  =>  TRUE
[16:31:12.256]      // while "1"  (timeout="200")
[16:31:12.256]      // while-condition  =>  TRUE
[16:31:12.256]      // while "1"  (timeout="200")
[16:31:12.256]      // while-condition  =>  TRUE
[16:31:12.256]      // while "1"  (timeout="200")
[16:31:12.256]      // while-condition  =>  TRUE
[16:31:12.256]      // while "1"  (timeout="200")
[16:31:12.256]      // while-condition  =>  TRUE
[16:31:12.256]      // while "1"  (timeout="200")
[16:31:12.256]      // while-condition  =>  TRUE
[16:31:12.256]      // while "1"  (timeout="200")
[16:31:12.256]      // while-condition  =>  TRUE
[16:31:12.256]      // while "1"  (timeout="200")
[16:31:12.256]      // while-condition  =>  TRUE
[16:31:12.256]      // while "1"  (timeout="200")
[16:31:12.256]      // while-condition  =>  TRUE
[16:31:12.256]      // while "1"  (timeout="200")
[16:31:12.256]      // while-condition  =>  TRUE
[16:31:12.256]      // while "1"  (timeout="200")
[16:31:12.256]      // while-condition  =>  TRUE
[16:31:12.256]      // while "1"  (timeout="200")
[16:31:12.256]      // while-condition  =>  TRUE
[16:31:12.256]      // while "1"  (timeout="200")
[16:31:12.256]      // while-condition  =>  TRUE
[16:31:12.256]      // while "1"  (timeout="200")
[16:31:12.256]      // while-condition  =>  TRUE
[16:31:12.256]      // while "1"  (timeout="200")
[16:31:12.256]      // while-condition  =>  TRUE
[16:31:12.256]      // while "1"  (timeout="200")
[16:31:12.261]      // while-condition  =>  TRUE
[16:31:12.261]      // while "1"  (timeout="200")
[16:31:12.261]      // while-condition  =>  TRUE
[16:31:12.261]      // while "1"  (timeout="200")
[16:31:12.261]      // while-condition  =>  TRUE
[16:31:12.261]      // while "1"  (timeout="200")
[16:31:12.261]      // while-condition  =>  TRUE
[16:31:12.261]      // while "1"  (timeout="200")
[16:31:12.261]      // while-condition  =>  TRUE
[16:31:12.261]      // while "1"  (timeout="200")
[16:31:12.261]      // while-condition  =>  TRUE
[16:31:12.261]      // while "1"  (timeout="200")
[16:31:12.261]      // while-condition  =>  TRUE
[16:31:12.261]      // while "1"  (timeout="200")
[16:31:12.261]      // while-condition  =>  TRUE
[16:31:12.261]      // while "1"  (timeout="200")
[16:31:12.261]      // while-condition  =>  TRUE
[16:31:12.261]      // while "1"  (timeout="200")
[16:31:12.261]      // while-condition  =>  TRUE
[16:31:12.261]      // while "1"  (timeout="200")
[16:31:12.261]      // while-condition  =>  TRUE
[16:31:12.261]      // while "1"  (timeout="200")
[16:31:12.261]      // while-condition  =>  TRUE
[16:31:12.261]      // while "1"  (timeout="200")
[16:31:12.261]      // while-condition  =>  TRUE
[16:31:12.261]      // while "1"  (timeout="200")
[16:31:12.261]      // while-condition  =>  TRUE
[16:31:12.261]      // while "1"  (timeout="200")
[16:31:12.261]      // while-condition  =>  TRUE
[16:31:12.261]      // while "1"  (timeout="200")
[16:31:12.261]      // while-condition  =>  TRUE
[16:31:12.261]      // while "1"  (timeout="200")
[16:31:12.261]      // while-condition  =>  TRUE
[16:31:12.261]      // while "1"  (timeout="200")
[16:31:12.261]      // while-condition  =>  TRUE
[16:31:12.261]      // while "1"  (timeout="200")
[16:31:12.261]      // while-condition  =>  TRUE
[16:31:12.261]      // while "1"  (timeout="200")
[16:31:12.261]      // while-condition  =>  TRUE
[16:31:12.261]      // while "1"  (timeout="200")
[16:31:12.261]      // while-condition  =>  TRUE
[16:31:12.261]      // while "1"  (timeout="200")
[16:31:12.261]      // while-condition  =>  TRUE
[16:31:12.261]      // while "1"  (timeout="200")
[16:31:12.261]      // while-condition  =>  TRUE
[16:31:12.261]      // while "1"  (timeout="200")
[16:31:12.261]      // while-condition  =>  TRUE
[16:31:12.261]      // while "1"  (timeout="200")
[16:31:12.261]      // while-condition  =>  TRUE
[16:31:12.261]      // while "1"  (timeout="200")
[16:31:12.261]      // while-condition  =>  TRUE
[16:31:12.261]      // while "1"  (timeout="200")
[16:31:12.261]      // while-condition  =>  TRUE
[16:31:12.261]      // while "1"  (timeout="200")
[16:31:12.261]      // while-condition  =>  TRUE
[16:31:12.261]      // while "1"  (timeout="200")
[16:31:12.261]      // while-condition  =>  TRUE
[16:31:12.261]      // while "1"  (timeout="200")
[16:31:12.261]      // while-condition  =>  TRUE
[16:31:12.261]      // while "1"  (timeout="200")
[16:31:12.261]      // while-condition  =>  TRUE
[16:31:12.261]      // while "1"  (timeout="200")
[16:31:12.261]      // while-condition  =>  TRUE
[16:31:12.261]      // while "1"  (timeout="200")
[16:31:12.265]      // while-condition  =>  TRUE
[16:31:12.265]      // while "1"  (timeout="200")
[16:31:12.265]      // while  =>  TIMEOUT
[16:31:12.265]      // end while "1"
[16:31:12.265]    </control>
[16:31:12.265]    <control if="canReadPins" while="" timeout="0" info="">
[16:31:12.265]      // if-block "canReadPins"
[16:31:12.265]        // =>  TRUE
[16:31:12.265]      <control if="" while="(DAP_SWJ_Pins(nReset, nReset, 0) & nReset) == 0" timeout="1000000" info="">
[16:31:12.265]        // while "(DAP_SWJ_Pins(nReset, nReset, 0) & nReset) == 0"  (timeout="1000000")
[16:31:12.266]          // -> [DAP_SWJ_Pins(0x80, 0x80, 0) => 0x8F]   (Out: nRESET=1  =>  In: SWCLK/TCK=1, SWDIO/TMS=1, TDI=1, TDO=1, nTRST=0, nRESET=1)
[16:31:12.266]        // while-condition  =>  FALSE
[16:31:12.266]        // end while "(DAP_SWJ_Pins(nReset, nReset, 0) & nReset) == 0"
[16:31:12.266]      </control>
[16:31:12.266]      // end if-block "canReadPins"
[16:31:12.266]    </control>
[16:31:12.266]    <control if="!canReadPins" while="" timeout="0" info="">
[16:31:12.266]      // if-block "!canReadPins"
[16:31:12.266]        // =>  FALSE
[16:31:12.266]      // skip if-block "!canReadPins"
[16:31:12.266]    </control>
[16:31:12.266]    <control if="(ACCESS_POINT_VAL & 0x00E00000) == 0" while="" timeout="0" info="">
[16:31:12.266]      // if-block "(ACCESS_POINT_VAL & 0x00E00000) == 0"
[16:31:12.266]        // =>  TRUE
[16:31:12.266]      <block atomic="false" info="">
[16:31:12.266]        WriteAP(0x00, 0x190008);
[16:31:12.271]          // -> [WriteAP(0x00000000, 0x00190008)]   (__dp=0x00000000, __ap=0x00000004)
[16:31:12.271]        WriteAP(0xF0, 0x01);
[16:31:12.281]          // -> [WriteAP(0x000000F0, 0x00000001)]   (__dp=0x00000000, __ap=0x00000004)
[16:31:12.281]      </block>
[16:31:12.281]      // end if-block "(ACCESS_POINT_VAL & 0x00E00000) == 0"
[16:31:12.281]    </control>
[16:31:12.281]    <control if="(ACCESS_POINT_VAL & 0x00E00000) != 0" while="" timeout="0" info="">
[16:31:12.281]      // if-block "(ACCESS_POINT_VAL & 0x00E00000) != 0"
[16:31:12.281]        // =>  FALSE
[16:31:12.281]      // skip if-block "(ACCESS_POINT_VAL & 0x00E00000) != 0"
[16:31:12.281]    </control>
[16:31:12.281]    <block atomic="false" info="">
[16:31:12.281]      ACCESS_POINT_VAL = ReadAP(0x00);//Reading current state of access point
[16:31:12.286]        // -> [ReadAP(0x00000000) => 0x0079002F]   (__dp=0x00000000, __ap=0x00000004)
[16:31:12.291]        // -> [ACCESS_POINT_VAL <= 0x0079002F]
[16:31:12.291]      Message(0, "Current state of access point is: %x",ACCESS_POINT_VAL);
[16:31:12.291]      __ap = 0; //lets make sure we reset the access point selection
[16:31:12.291]        // -> [__ap <= 0x00000000]
[16:31:12.291]    </block>
[16:31:12.291]  </sequence>
[16:31:12.291]  
[16:31:12.338]  **********  Sequence "DebugDeviceUnlock"  (Context="Connect", Pname="", info="")
[16:31:12.338]  
[16:31:12.338]  <debugvars>
[16:31:12.338]    // Pre-defined
[16:31:12.338]    __protocol=0x00010002      (Protocol="SWD", SWJ-DP="True")
[16:31:12.338]    __connection=0x00000202    (Connection Type="Flash", Reset Type="System Reset")
[16:31:12.338]    __dp=0x00000000
[16:31:12.338]    __ap=0x00000000
[16:31:12.338]    __traceout=0x00000000      (Trace Disabled)
[16:31:12.338]    __errorcontrol=0x00000000  (Skip Errors="False")
[16:31:12.338]    __FlashAddr=0x00000000
[16:31:12.338]    __FlashLen=0x00000000
[16:31:12.338]    __FlashArg=0x00000000
[16:31:12.338]    __FlashOp=0x00000000
[16:31:12.338]    __Result=0x00000000
[16:31:12.338]  </debugvars>
[16:31:12.338]  
[16:31:12.338]  <sequence name="DebugDeviceUnlock" Pname="" disable="false" info="">
[16:31:12.338]    <block atomic="false" info="">
[16:31:12.338]      __var deviceID = 0;
[16:31:12.338]        // -> [deviceID <= 0x00000000]
[16:31:12.338]      __var version = 0;
[16:31:12.338]        // -> [version <= 0x00000000]
[16:31:12.338]      __var partNum = 0;
[16:31:12.338]        // -> [partNum <= 0x00000000]
[16:31:12.338]      __var manuf = 0;
[16:31:12.338]        // -> [manuf <= 0x00000000]
[16:31:12.338]      __var isMSPM0G1X0X_G3X0X = 0;
[16:31:12.338]        // -> [isMSPM0G1X0X_G3X0X <= 0x00000000]
[16:31:12.338]      __var isProduction = 0;
[16:31:12.338]        // -> [isProduction <= 0x00000000]
[16:31:12.338]      __var continueId = 0;
[16:31:12.338]        // -> [continueId <= 0x00000000]
[16:31:12.338]      deviceID =   Read32(0x41C40004);
[16:31:12.348]        // -> [Read32(0x41C40004) => 0x2BB8802F]   (__dp=0x00000000, __ap=0x00000000)
[16:31:12.348]        // -> [deviceID <= 0x2BB8802F]
[16:31:12.348]      version = deviceID >> 28;
[16:31:12.348]        // -> [version <= 0x00000002]
[16:31:12.348]      partNum = (deviceID & 0x0FFFF000) >> 12;
[16:31:12.348]        // -> [partNum <= 0x0000BB88]
[16:31:12.348]      manuf = (deviceID & 0x00000FFE) >> 1;
[16:31:12.348]        // -> [manuf <= 0x00000017]
[16:31:12.348]      isMSPM0G1X0X_G3X0X = (partNum == 0xBB88) && (manuf == 0x17);
[16:31:12.348]        // -> [isMSPM0G1X0X_G3X0X <= 0x00000001]
[16:31:12.348]      isProduction = (version > 0);
[16:31:12.348]        // -> [isProduction <= 0x00000001]
[16:31:12.348]    </block>
[16:31:12.348]    <control if="!isMSPM0G1X0X_G3X0X" while="" timeout="0" info="">
[16:31:12.348]      // if-block "!isMSPM0G1X0X_G3X0X"
[16:31:12.348]        // =>  FALSE
[16:31:12.348]      // skip if-block "!isMSPM0G1X0X_G3X0X"
[16:31:12.348]    </control>
[16:31:12.348]    <control if="continueId == 4" while="" timeout="0" info="">
[16:31:12.348]      // if-block "continueId == 4"
[16:31:12.348]        // =>  FALSE
[16:31:12.348]      // skip if-block "continueId == 4"
[16:31:12.348]    </control>
[16:31:12.348]    <control if="!isProduction" while="" timeout="0" info="">
[16:31:12.348]      // if-block "!isProduction"
[16:31:12.348]        // =>  FALSE
[16:31:12.348]      // skip if-block "!isProduction"
[16:31:12.353]    </control>
[16:31:12.353]  </sequence>
[16:31:12.353]  
[16:33:45.192]  **********  Sequence "DebugPortSetup"  (Context="Connect", Pname="", info="")
[16:33:45.192]  
[16:33:45.192]  <debugvars>
[16:33:45.192]    // Pre-defined
[16:33:45.192]    __protocol=0x00010002      (Protocol="SWD", SWJ-DP="True")
[16:33:45.192]    __connection=0x00000202    (Connection Type="Flash", Reset Type="System Reset")
[16:33:45.192]    __dp=0x00000000
[16:33:45.192]    __ap=0x00000000
[16:33:45.192]    __traceout=0x00000000      (Trace Disabled)
[16:33:45.192]    __errorcontrol=0x00000000  (Skip Errors="False")
[16:33:45.192]    __FlashAddr=0x00000000
[16:33:45.192]    __FlashLen=0x00000000
[16:33:45.192]    __FlashArg=0x00000000
[16:33:45.192]    __FlashOp=0x00000000
[16:33:45.192]    __Result=0x00000000
[16:33:45.192]  </debugvars>
[16:33:45.192]  
[16:33:45.192]  <sequence name="DebugPortSetup" Pname="" disable="false" info="">
[16:33:45.192]    <block atomic="false" info="">
[16:33:45.192]      __var isSWJ      = ((__protocol & 0x00010000) != 0);
[16:33:45.192]        // -> [isSWJ <= 0x00000001]
[16:33:45.192]      __var hasDormant = __protocol & 0x00020000;
[16:33:45.192]        // -> [hasDormant <= 0x00000000]
[16:33:45.192]      __var protType   = __protocol & 0x0000FFFF;
[16:33:45.192]        // -> [protType <= 0x00000002]
[16:33:45.192]    </block>
[16:33:45.192]    <control if="protType == 1" while="" timeout="0" info="">
[16:33:45.192]      // if-block "protType == 1"
[16:33:45.200]        // =>  FALSE
[16:33:45.200]      // skip if-block "protType == 1"
[16:33:45.201]    </control>
[16:33:45.201]    <control if="protType == 2" while="" timeout="0" info="">
[16:33:45.201]      // if-block "protType == 2"
[16:33:45.201]        // =>  TRUE
[16:33:45.201]      <control if="isSWJ" while="" timeout="0" info="">
[16:33:45.201]        // if-block "isSWJ"
[16:33:45.201]          // =>  TRUE
[16:33:45.201]        <control if="hasDormant" while="" timeout="0" info="">
[16:33:45.201]          // if-block "hasDormant"
[16:33:45.201]            // =>  FALSE
[16:33:45.201]          // skip if-block "hasDormant"
[16:33:45.201]        </control>
[16:33:45.201]        <control if="!hasDormant" while="" timeout="0" info="">
[16:33:45.201]          // if-block "!hasDormant"
[16:33:45.201]            // =>  TRUE
[16:33:45.201]          <block atomic="false" info="">
[16:33:45.201]            DAP_SWJ_Sequence(51, 0x0007FFFFFFFFFFFF); //lets put the JTAG line in a reset state
[16:33:45.205]              // -> [DAP_SWJ_Sequence(51, 0x0007FFFFFFFFFFFF)]
[16:33:45.205]            DAP_SWJ_Sequence(16,0xE73C); //SWD to JTAG, this is to ensure the state machine is initialized
[16:33:45.210]              // -> [DAP_SWJ_Sequence(16, 0x000000000000E73C)]
[16:33:45.210]            DAP_SWJ_Sequence(51, 0x0007FFFFFFFFFFFF); //Put it back in reset
[16:33:45.214]              // -> [DAP_SWJ_Sequence(51, 0x0007FFFFFFFFFFFF)]
[16:33:45.214]            DAP_SWJ_Sequence(16, 0xE79E); //JTAG to SWD switch
[16:33:45.221]              // -> [DAP_SWJ_Sequence(16, 0x000000000000E79E)]
[16:33:45.222]            DAP_SWJ_Sequence(51, 0x0007FFFFFFFFFFFF);  //Ensure the switch is successful 
[16:33:45.222]              // -> [DAP_SWJ_Sequence(51, 0x0007FFFFFFFFFFFF)]
[16:33:45.222]            DAP_SWJ_Sequence(7,  0x00); //Give the line some time to initialize
[16:33:45.230]              // -> [DAP_SWJ_Sequence(7, 0x0000000000000000)]
[16:33:45.231]          </block>
[16:33:45.231]          // end if-block "!hasDormant"
[16:33:45.231]        </control>
[16:33:45.231]        // end if-block "isSWJ"
[16:33:45.231]      </control>
[16:33:45.231]      <control if="!isSWJ" while="" timeout="0" info="">
[16:33:45.231]        // if-block "!isSWJ"
[16:33:45.231]          // =>  FALSE
[16:33:45.231]        // skip if-block "!isSWJ"
[16:33:45.231]      </control>
[16:33:45.231]      <block atomic="false" info="">
[16:33:45.231]        ReadDP(0x0);
[16:33:45.231]          // -> [ReadDP(0x00000000) => 0x6BA02477]   (__dp=0x00000000)
[16:33:45.231]      </block>
[16:33:45.231]      // end if-block "protType == 2"
[16:33:45.235]    </control>
[16:33:45.235]  </sequence>
[16:33:45.235]  
[16:33:45.242]  **********  Sequence "DebugPortStart"  (Context="Connect", Pname="", info="")
[16:33:45.242]  
[16:33:45.242]  <debugvars>
[16:33:45.242]    // Pre-defined
[16:33:45.242]    __protocol=0x00010002      (Protocol="SWD", SWJ-DP="True")
[16:33:45.242]    __connection=0x00000202    (Connection Type="Flash", Reset Type="System Reset")
[16:33:45.242]    __dp=0x00000000
[16:33:45.242]    __ap=0x00000000
[16:33:45.242]    __traceout=0x00000000      (Trace Disabled)
[16:33:45.242]    __errorcontrol=0x00000000  (Skip Errors="False")
[16:33:45.242]    __FlashAddr=0x00000000
[16:33:45.242]    __FlashLen=0x00000000
[16:33:45.242]    __FlashArg=0x00000000
[16:33:45.242]    __FlashOp=0x00000000
[16:33:45.242]    __Result=0x00000000
[16:33:45.242]  </debugvars>
[16:33:45.242]  
[16:33:45.242]  <sequence name="DebugPortStart" Pname="" disable="false" info="">
[16:33:45.242]    <block atomic="false" info="">
[16:33:45.242]      __var SW_DP_ABORT       = 0x0;
[16:33:45.242]        // -> [SW_DP_ABORT <= 0x00000000]
[16:33:45.242]      __var DP_CTRL_STAT      = 0x4;
[16:33:45.242]        // -> [DP_CTRL_STAT <= 0x00000004]
[16:33:45.242]      __var DP_SELECT         = 0x8;
[16:33:45.242]        // -> [DP_SELECT <= 0x00000008]
[16:33:45.242]      __var powered_down      = 0;
[16:33:45.242]        // -> [powered_down <= 0x00000000]
[16:33:45.242]      WriteDP(DP_SELECT, 0x00000000);
[16:33:45.242]        // -> [WriteDP(0x00000008, 0x00000000)]   (__dp=0x00000000)
[16:33:45.242]      powered_down = ((ReadDP(DP_CTRL_STAT) & 0xA0000000) != 0xA0000000);
[16:33:45.252]        // -> [ReadDP(0x00000004) => 0x00000040]   (__dp=0x00000000)
[16:33:45.252]        // -> [powered_down <= 0x00000001]
[16:33:45.252]    </block>
[16:33:45.252]    <control if="powered_down" while="" timeout="0" info="">
[16:33:45.252]      // if-block "powered_down"
[16:33:45.252]        // =>  TRUE
[16:33:45.252]      <block atomic="false" info="">
[16:33:45.252]        Message(0, "Debug/System power-up request sent");
[16:33:45.252]        WriteDP(DP_CTRL_STAT, 0x50000000);
[16:33:45.273]          // -> [WriteDP(0x00000004, 0x50000000)]   (__dp=0x00000000)
[16:33:45.273]      </block>
[16:33:45.273]      <control if="" while="(ReadDP(DP_CTRL_STAT) & 0xA0000000) != 0xA0000000" timeout="1000000" info="">
[16:33:45.273]        // while "(ReadDP(DP_CTRL_STAT) & 0xA0000000) != 0xA0000000"  (timeout="1000000")
[16:33:45.273]          // -> [ReadDP(0x00000004) => 0xF0000040]   (__dp=0x00000000)
[16:33:45.273]        // while-condition  =>  FALSE
[16:33:45.273]        // end while "(ReadDP(DP_CTRL_STAT) & 0xA0000000) != 0xA0000000"
[16:33:45.273]      </control>
[16:33:45.273]      <control if="(__protocol & 0xFFFF) == 1" while="" timeout="0" info="">
[16:33:45.273]        // if-block "(__protocol & 0xFFFF) == 1"
[16:33:45.273]          // =>  FALSE
[16:33:45.273]        // skip if-block "(__protocol & 0xFFFF) == 1"
[16:33:45.273]      </control>
[16:33:45.273]      <control if="(__protocol & 0xFFFF) == 2" while="" timeout="0" info="">
[16:33:45.273]        // if-block "(__protocol & 0xFFFF) == 2"
[16:33:45.273]          // =>  TRUE
[16:33:45.273]        <block atomic="false" info="">
[16:33:45.273]          Message(0, "executing SWD power up");
[16:33:45.281]          WriteDP(DP_CTRL_STAT, 0x50000F00);
[16:33:45.291]            // -> [WriteDP(0x00000004, 0x50000F00)]   (__dp=0x00000000)
[16:33:45.291]          WriteDP(SW_DP_ABORT, 0x0000001E);
[16:33:45.301]            // -> [WriteDP(0x00000000, 0x0000001E)]   (__dp=0x00000000)
[16:33:45.301]        </block>
[16:33:45.301]        // end if-block "(__protocol & 0xFFFF) == 2"
[16:33:45.301]      </control>
[16:33:45.301]      // end if-block "powered_down"
[16:33:45.301]    </control>
[16:33:45.301]    <block atomic="false" info="">
[16:33:45.301]      __var DEBUG_PORT_VAL    = 0;
[16:33:45.301]        // -> [DEBUG_PORT_VAL <= 0x00000000]
[16:33:45.301]      __var ACCESS_POINT_VAL  = 0;
[16:33:45.301]        // -> [ACCESS_POINT_VAL <= 0x00000000]
[16:33:45.301]      __ap = 1; 
[16:33:45.301]        // -> [__ap <= 0x00000001]
[16:33:45.301]      WriteAP(0x0C, 0x04); //lets use the mini pwr-ap as backup
[16:33:45.311]        // -> [WriteAP(0x0000000C, 0x00000004)]   (__dp=0x00000000, __ap=0x00000001)
[16:33:45.311]      __ap = 4;
[16:33:45.311]        // -> [__ap <= 0x00000004]
[16:33:45.311]      ACCESS_POINT_VAL = ReadAP(0x00);//Reading current state of access point
[16:33:45.325]        // -> [ReadAP(0x00000000) => 0x00080027]   (__dp=0x00000000, __ap=0x00000004)
[16:33:45.325]        // -> [ACCESS_POINT_VAL <= 0x00080027]
[16:33:45.325]      Message(0, "Current state of access point is: %x",ACCESS_POINT_VAL);
[16:33:45.331]    </block>
[16:33:45.331]    <block atomic="false" info="">
[16:33:45.331]      __var nReset = 0x80;
[16:33:45.331]        // -> [nReset <= 0x00000080]
[16:33:45.331]      __var canReadPins = 0;
[16:33:45.331]        // -> [canReadPins <= 0x00000000]
[16:33:45.331]      canReadPins = (DAP_SWJ_Pins(0x00, nReset, 0) != 0xFFFFFFFF);
[16:33:45.333]        // -> [DAP_SWJ_Pins(0x00, 0x80, 0) => 0x0F]   (Out: nRESET=0  =>  In: SWCLK/TCK=1, SWDIO/TMS=1, TDI=1, TDO=1, nTRST=0, nRESET=0)
[16:33:45.333]        // -> [canReadPins <= 0x00000001]
[16:33:45.333]    </block>
[16:33:45.333]    <control if="" while="1" timeout="200" info="">
[16:33:45.333]      // while "1"  (timeout="200")
[16:33:45.333]      // while-condition  =>  TRUE
[16:33:45.333]      // while "1"  (timeout="200")
[16:33:45.333]      // while-condition  =>  TRUE
[16:33:45.333]      // while "1"  (timeout="200")
[16:33:45.333]      // while-condition  =>  TRUE
[16:33:45.333]      // while "1"  (timeout="200")
[16:33:45.333]      // while-condition  =>  TRUE
[16:33:45.333]      // while "1"  (timeout="200")
[16:33:45.333]      // while-condition  =>  TRUE
[16:33:45.333]      // while "1"  (timeout="200")
[16:33:45.333]      // while-condition  =>  TRUE
[16:33:45.333]      // while "1"  (timeout="200")
[16:33:45.333]      // while-condition  =>  TRUE
[16:33:45.333]      // while "1"  (timeout="200")
[16:33:45.333]      // while-condition  =>  TRUE
[16:33:45.333]      // while "1"  (timeout="200")
[16:33:45.333]      // while-condition  =>  TRUE
[16:33:45.333]      // while "1"  (timeout="200")
[16:33:45.333]      // while-condition  =>  TRUE
[16:33:45.333]      // while "1"  (timeout="200")
[16:33:45.333]      // while-condition  =>  TRUE
[16:33:45.333]      // while "1"  (timeout="200")
[16:33:45.333]      // while-condition  =>  TRUE
[16:33:45.333]      // while "1"  (timeout="200")
[16:33:45.333]      // while-condition  =>  TRUE
[16:33:45.333]      // while "1"  (timeout="200")
[16:33:45.333]      // while-condition  =>  TRUE
[16:33:45.333]      // while "1"  (timeout="200")
[16:33:45.333]      // while-condition  =>  TRUE
[16:33:45.333]      // while "1"  (timeout="200")
[16:33:45.333]      // while-condition  =>  TRUE
[16:33:45.333]      // while "1"  (timeout="200")
[16:33:45.333]      // while-condition  =>  TRUE
[16:33:45.333]      // while "1"  (timeout="200")
[16:33:45.333]      // while-condition  =>  TRUE
[16:33:45.333]      // while "1"  (timeout="200")
[16:33:45.333]      // while-condition  =>  TRUE
[16:33:45.333]      // while "1"  (timeout="200")
[16:33:45.333]      // while-condition  =>  TRUE
[16:33:45.333]      // while "1"  (timeout="200")
[16:33:45.333]      // while-condition  =>  TRUE
[16:33:45.333]      // while "1"  (timeout="200")
[16:33:45.333]      // while-condition  =>  TRUE
[16:33:45.333]      // while "1"  (timeout="200")
[16:33:45.333]      // while-condition  =>  TRUE
[16:33:45.333]      // while "1"  (timeout="200")
[16:33:45.333]      // while-condition  =>  TRUE
[16:33:45.333]      // while "1"  (timeout="200")
[16:33:45.333]      // while-condition  =>  TRUE
[16:33:45.333]      // while "1"  (timeout="200")
[16:33:45.333]      // while-condition  =>  TRUE
[16:33:45.333]      // while "1"  (timeout="200")
[16:33:45.333]      // while-condition  =>  TRUE
[16:33:45.333]      // while "1"  (timeout="200")
[16:33:45.333]      // while-condition  =>  TRUE
[16:33:45.333]      // while "1"  (timeout="200")
[16:33:45.333]      // while-condition  =>  TRUE
[16:33:45.333]      // while "1"  (timeout="200")
[16:33:45.333]      // while-condition  =>  TRUE
[16:33:45.333]      // while "1"  (timeout="200")
[16:33:45.333]      // while-condition  =>  TRUE
[16:33:45.333]      // while "1"  (timeout="200")
[16:33:45.333]      // while-condition  =>  TRUE
[16:33:45.333]      // while "1"  (timeout="200")
[16:33:45.333]      // while-condition  =>  TRUE
[16:33:45.333]      // while "1"  (timeout="200")
[16:33:45.333]      // while-condition  =>  TRUE
[16:33:45.333]      // while "1"  (timeout="200")
[16:33:45.333]      // while-condition  =>  TRUE
[16:33:45.333]      // while "1"  (timeout="200")
[16:33:45.333]      // while-condition  =>  TRUE
[16:33:45.333]      // while "1"  (timeout="200")
[16:33:45.333]      // while-condition  =>  TRUE
[16:33:45.333]      // while "1"  (timeout="200")
[16:33:45.333]      // while-condition  =>  TRUE
[16:33:45.333]      // while "1"  (timeout="200")
[16:33:45.333]      // while-condition  =>  TRUE
[16:33:45.333]      // while "1"  (timeout="200")
[16:33:45.333]      // while-condition  =>  TRUE
[16:33:45.333]      // while "1"  (timeout="200")
[16:33:45.333]      // while-condition  =>  TRUE
[16:33:45.333]      // while "1"  (timeout="200")
[16:33:45.333]      // while-condition  =>  TRUE
[16:33:45.333]      // while "1"  (timeout="200")
[16:33:45.333]      // while-condition  =>  TRUE
[16:33:45.333]      // while "1"  (timeout="200")
[16:33:45.333]      // while-condition  =>  TRUE
[16:33:45.333]      // while "1"  (timeout="200")
[16:33:45.333]      // while-condition  =>  TRUE
[16:33:45.333]      // while "1"  (timeout="200")
[16:33:45.333]      // while-condition  =>  TRUE
[16:33:45.333]      // while "1"  (timeout="200")
[16:33:45.333]      // while-condition  =>  TRUE
[16:33:45.333]      // while "1"  (timeout="200")
[16:33:45.333]      // while-condition  =>  TRUE
[16:33:45.333]      // while "1"  (timeout="200")
[16:33:45.333]      // while-condition  =>  TRUE
[16:33:45.333]      // while "1"  (timeout="200")
[16:33:45.333]      // while-condition  =>  TRUE
[16:33:45.333]      // while "1"  (timeout="200")
[16:33:45.333]      // while-condition  =>  TRUE
[16:33:45.333]      // while "1"  (timeout="200")
[16:33:45.333]      // while-condition  =>  TRUE
[16:33:45.340]      // while "1"  (timeout="200")
[16:33:45.340]      // while  =>  TIMEOUT
[16:33:45.340]      // end while "1"
[16:33:45.340]    </control>
[16:33:45.340]    <control if="canReadPins" while="" timeout="0" info="">
[16:33:45.340]      // if-block "canReadPins"
[16:33:45.340]        // =>  TRUE
[16:33:45.340]      <control if="" while="(DAP_SWJ_Pins(nReset, nReset, 0) & nReset) == 0" timeout="1000000" info="">
[16:33:45.340]        // while "(DAP_SWJ_Pins(nReset, nReset, 0) & nReset) == 0"  (timeout="1000000")
[16:33:45.342]          // -> [DAP_SWJ_Pins(0x80, 0x80, 0) => 0x8F]   (Out: nRESET=1  =>  In: SWCLK/TCK=1, SWDIO/TMS=1, TDI=1, TDO=1, nTRST=0, nRESET=1)
[16:33:45.342]        // while-condition  =>  FALSE
[16:33:45.342]        // end while "(DAP_SWJ_Pins(nReset, nReset, 0) & nReset) == 0"
[16:33:45.342]      </control>
[16:33:45.342]      // end if-block "canReadPins"
[16:33:45.342]    </control>
[16:33:45.342]    <control if="!canReadPins" while="" timeout="0" info="">
[16:33:45.342]      // if-block "!canReadPins"
[16:33:45.342]        // =>  FALSE
[16:33:45.342]      // skip if-block "!canReadPins"
[16:33:45.342]    </control>
[16:33:45.342]    <control if="(ACCESS_POINT_VAL & 0x00E00000) == 0" while="" timeout="0" info="">
[16:33:45.342]      // if-block "(ACCESS_POINT_VAL & 0x00E00000) == 0"
[16:33:45.342]        // =>  TRUE
[16:33:45.342]      <block atomic="false" info="">
[16:33:45.342]        WriteAP(0x00, 0x190008);
[16:33:45.342]          // -> [WriteAP(0x00000000, 0x00190008)]   (__dp=0x00000000, __ap=0x00000004)
[16:33:45.342]        WriteAP(0xF0, 0x01);
[16:33:45.351]          // -> [WriteAP(0x000000F0, 0x00000001)]   (__dp=0x00000000, __ap=0x00000004)
[16:33:45.351]      </block>
[16:33:45.351]      // end if-block "(ACCESS_POINT_VAL & 0x00E00000) == 0"
[16:33:45.351]    </control>
[16:33:45.351]    <control if="(ACCESS_POINT_VAL & 0x00E00000) != 0" while="" timeout="0" info="">
[16:33:45.351]      // if-block "(ACCESS_POINT_VAL & 0x00E00000) != 0"
[16:33:45.351]        // =>  FALSE
[16:33:45.351]      // skip if-block "(ACCESS_POINT_VAL & 0x00E00000) != 0"
[16:33:45.351]    </control>
[16:33:45.351]    <block atomic="false" info="">
[16:33:45.351]      ACCESS_POINT_VAL = ReadAP(0x00);//Reading current state of access point
[16:33:45.360]        // -> [ReadAP(0x00000000) => 0x0079002F]   (__dp=0x00000000, __ap=0x00000004)
[16:33:45.360]        // -> [ACCESS_POINT_VAL <= 0x0079002F]
[16:33:45.361]      Message(0, "Current state of access point is: %x",ACCESS_POINT_VAL);
[16:33:45.361]      __ap = 0; //lets make sure we reset the access point selection
[16:33:45.361]        // -> [__ap <= 0x00000000]
[16:33:45.361]    </block>
[16:33:45.361]  </sequence>
[16:33:45.361]  
[16:33:45.421]  **********  Sequence "DebugDeviceUnlock"  (Context="Connect", Pname="", info="")
[16:33:45.421]  
[16:33:45.421]  <debugvars>
[16:33:45.421]    // Pre-defined
[16:33:45.421]    __protocol=0x00010002      (Protocol="SWD", SWJ-DP="True")
[16:33:45.421]    __connection=0x00000202    (Connection Type="Flash", Reset Type="System Reset")
[16:33:45.421]    __dp=0x00000000
[16:33:45.421]    __ap=0x00000000
[16:33:45.421]    __traceout=0x00000000      (Trace Disabled)
[16:33:45.421]    __errorcontrol=0x00000000  (Skip Errors="False")
[16:33:45.421]    __FlashAddr=0x00000000
[16:33:45.421]    __FlashLen=0x00000000
[16:33:45.421]    __FlashArg=0x00000000
[16:33:45.421]    __FlashOp=0x00000000
[16:33:45.421]    __Result=0x00000000
[16:33:45.421]  </debugvars>
[16:33:45.421]  
[16:33:45.421]  <sequence name="DebugDeviceUnlock" Pname="" disable="false" info="">
[16:33:45.421]    <block atomic="false" info="">
[16:33:45.421]      __var deviceID = 0;
[16:33:45.421]        // -> [deviceID <= 0x00000000]
[16:33:45.421]      __var version = 0;
[16:33:45.421]        // -> [version <= 0x00000000]
[16:33:45.421]      __var partNum = 0;
[16:33:45.421]        // -> [partNum <= 0x00000000]
[16:33:45.421]      __var manuf = 0;
[16:33:45.421]        // -> [manuf <= 0x00000000]
[16:33:45.421]      __var isMSPM0G1X0X_G3X0X = 0;
[16:33:45.421]        // -> [isMSPM0G1X0X_G3X0X <= 0x00000000]
[16:33:45.421]      __var isProduction = 0;
[16:33:45.421]        // -> [isProduction <= 0x00000000]
[16:33:45.421]      __var continueId = 0;
[16:33:45.421]        // -> [continueId <= 0x00000000]
[16:33:45.421]      deviceID =   Read32(0x41C40004);
[16:33:45.431]        // -> [Read32(0x41C40004) => 0x2BB8802F]   (__dp=0x00000000, __ap=0x00000000)
[16:33:45.431]        // -> [deviceID <= 0x2BB8802F]
[16:33:45.431]      version = deviceID >> 28;
[16:33:45.431]        // -> [version <= 0x00000002]
[16:33:45.431]      partNum = (deviceID & 0x0FFFF000) >> 12;
[16:33:45.431]        // -> [partNum <= 0x0000BB88]
[16:33:45.431]      manuf = (deviceID & 0x00000FFE) >> 1;
[16:33:45.431]        // -> [manuf <= 0x00000017]
[16:33:45.431]      isMSPM0G1X0X_G3X0X = (partNum == 0xBB88) && (manuf == 0x17);
[16:33:45.431]        // -> [isMSPM0G1X0X_G3X0X <= 0x00000001]
[16:33:45.431]      isProduction = (version > 0);
[16:33:45.431]        // -> [isProduction <= 0x00000001]
[16:33:45.431]    </block>
[16:33:45.431]    <control if="!isMSPM0G1X0X_G3X0X" while="" timeout="0" info="">
[16:33:45.431]      // if-block "!isMSPM0G1X0X_G3X0X"
[16:33:45.431]        // =>  FALSE
[16:33:45.431]      // skip if-block "!isMSPM0G1X0X_G3X0X"
[16:33:45.431]    </control>
[16:33:45.431]    <control if="continueId == 4" while="" timeout="0" info="">
[16:33:45.431]      // if-block "continueId == 4"
[16:33:45.431]        // =>  FALSE
[16:33:45.431]      // skip if-block "continueId == 4"
[16:33:45.431]    </control>
[16:33:45.431]    <control if="!isProduction" while="" timeout="0" info="">
[16:33:45.431]      // if-block "!isProduction"
[16:33:45.431]        // =>  FALSE
[16:33:45.431]      // skip if-block "!isProduction"
[16:33:45.431]    </control>
[16:33:45.431]  </sequence>
[16:33:45.431]  
[16:43:33.775]  **********  Sequence "DebugPortSetup"  (Context="Connect", Pname="", info="")
[16:43:33.775]  
[16:43:33.775]  <debugvars>
[16:43:33.775]    // Pre-defined
[16:43:33.775]    __protocol=0x00010002      (Protocol="SWD", SWJ-DP="True")
[16:43:33.775]    __connection=0x00000202    (Connection Type="Flash", Reset Type="System Reset")
[16:43:33.775]    __dp=0x00000000
[16:43:33.775]    __ap=0x00000000
[16:43:33.775]    __traceout=0x00000000      (Trace Disabled)
[16:43:33.775]    __errorcontrol=0x00000000  (Skip Errors="False")
[16:43:33.775]    __FlashAddr=0x00000000
[16:43:33.775]    __FlashLen=0x00000000
[16:43:33.775]    __FlashArg=0x00000000
[16:43:33.775]    __FlashOp=0x00000000
[16:43:33.775]    __Result=0x00000000
[16:43:33.775]  </debugvars>
[16:43:33.775]  
[16:43:33.775]  <sequence name="DebugPortSetup" Pname="" disable="false" info="">
[16:43:33.775]    <block atomic="false" info="">
[16:43:33.775]      __var isSWJ      = ((__protocol & 0x00010000) != 0);
[16:43:33.775]        // -> [isSWJ <= 0x00000001]
[16:43:33.775]      __var hasDormant = __protocol & 0x00020000;
[16:43:33.775]        // -> [hasDormant <= 0x00000000]
[16:43:33.775]      __var protType   = __protocol & 0x0000FFFF;
[16:43:33.775]        // -> [protType <= 0x00000002]
[16:43:33.775]    </block>
[16:43:33.775]    <control if="protType == 1" while="" timeout="0" info="">
[16:43:33.775]      // if-block "protType == 1"
[16:43:33.775]        // =>  FALSE
[16:43:33.775]      // skip if-block "protType == 1"
[16:43:33.775]    </control>
[16:43:33.775]    <control if="protType == 2" while="" timeout="0" info="">
[16:43:33.775]      // if-block "protType == 2"
[16:43:33.775]        // =>  TRUE
[16:43:33.775]      <control if="isSWJ" while="" timeout="0" info="">
[16:43:33.775]        // if-block "isSWJ"
[16:43:33.775]          // =>  TRUE
[16:43:33.775]        <control if="hasDormant" while="" timeout="0" info="">
[16:43:33.775]          // if-block "hasDormant"
[16:43:33.775]            // =>  FALSE
[16:43:33.775]          // skip if-block "hasDormant"
[16:43:33.775]        </control>
[16:43:33.775]        <control if="!hasDormant" while="" timeout="0" info="">
[16:43:33.775]          // if-block "!hasDormant"
[16:43:33.775]            // =>  TRUE
[16:43:33.775]          <block atomic="false" info="">
[16:43:33.775]            DAP_SWJ_Sequence(51, 0x0007FFFFFFFFFFFF); //lets put the JTAG line in a reset state
[16:43:33.775]              // -> [DAP_SWJ_Sequence(51, 0x0007FFFFFFFFFFFF)]
[16:43:33.775]            DAP_SWJ_Sequence(16,0xE73C); //SWD to JTAG, this is to ensure the state machine is initialized
[16:43:33.775]              // -> [DAP_SWJ_Sequence(16, 0x000000000000E73C)]
[16:43:33.775]            DAP_SWJ_Sequence(51, 0x0007FFFFFFFFFFFF); //Put it back in reset
[16:43:33.784]              // -> [DAP_SWJ_Sequence(51, 0x0007FFFFFFFFFFFF)]
[16:43:33.784]            DAP_SWJ_Sequence(16, 0xE79E); //JTAG to SWD switch
[16:43:33.784]              // -> [DAP_SWJ_Sequence(16, 0x000000000000E79E)]
[16:43:33.784]            DAP_SWJ_Sequence(51, 0x0007FFFFFFFFFFFF);  //Ensure the switch is successful 
[16:43:33.784]              // -> [DAP_SWJ_Sequence(51, 0x0007FFFFFFFFFFFF)]
[16:43:33.784]            DAP_SWJ_Sequence(7,  0x00); //Give the line some time to initialize
[16:43:33.793]              // -> [DAP_SWJ_Sequence(7, 0x0000000000000000)]
[16:43:33.793]          </block>
[16:43:33.793]          // end if-block "!hasDormant"
[16:43:33.793]        </control>
[16:43:33.793]        // end if-block "isSWJ"
[16:43:33.793]      </control>
[16:43:33.793]      <control if="!isSWJ" while="" timeout="0" info="">
[16:43:33.793]        // if-block "!isSWJ"
[16:43:33.793]          // =>  FALSE
[16:43:33.793]        // skip if-block "!isSWJ"
[16:43:33.794]      </control>
[16:43:33.794]      <block atomic="false" info="">
[16:43:33.794]        ReadDP(0x0);
[16:43:33.794]          // -> [ReadDP(0x00000000) => 0x6BA02477]   (__dp=0x00000000)
[16:43:33.794]      </block>
[16:43:33.794]      // end if-block "protType == 2"
[16:43:33.794]    </control>
[16:43:33.794]  </sequence>
[16:43:33.794]  
[16:43:33.803]  **********  Sequence "DebugPortStart"  (Context="Connect", Pname="", info="")
[16:43:33.803]  
[16:43:33.803]  <debugvars>
[16:43:33.803]    // Pre-defined
[16:43:33.803]    __protocol=0x00010002      (Protocol="SWD", SWJ-DP="True")
[16:43:33.803]    __connection=0x00000202    (Connection Type="Flash", Reset Type="System Reset")
[16:43:33.803]    __dp=0x00000000
[16:43:33.803]    __ap=0x00000000
[16:43:33.803]    __traceout=0x00000000      (Trace Disabled)
[16:43:33.803]    __errorcontrol=0x00000000  (Skip Errors="False")
[16:43:33.803]    __FlashAddr=0x00000000
[16:43:33.803]    __FlashLen=0x00000000
[16:43:33.803]    __FlashArg=0x00000000
[16:43:33.803]    __FlashOp=0x00000000
[16:43:33.803]    __Result=0x00000000
[16:43:33.803]  </debugvars>
[16:43:33.803]  
[16:43:33.803]  <sequence name="DebugPortStart" Pname="" disable="false" info="">
[16:43:33.803]    <block atomic="false" info="">
[16:43:33.804]      __var SW_DP_ABORT       = 0x0;
[16:43:33.804]        // -> [SW_DP_ABORT <= 0x00000000]
[16:43:33.804]      __var DP_CTRL_STAT      = 0x4;
[16:43:33.804]        // -> [DP_CTRL_STAT <= 0x00000004]
[16:43:33.804]      __var DP_SELECT         = 0x8;
[16:43:33.804]        // -> [DP_SELECT <= 0x00000008]
[16:43:33.804]      __var powered_down      = 0;
[16:43:33.804]        // -> [powered_down <= 0x00000000]
[16:43:33.804]      WriteDP(DP_SELECT, 0x00000000);
[16:43:33.804]        // -> [WriteDP(0x00000008, 0x00000000)]   (__dp=0x00000000)
[16:43:33.804]      powered_down = ((ReadDP(DP_CTRL_STAT) & 0xA0000000) != 0xA0000000);
[16:43:33.804]        // -> [ReadDP(0x00000004) => 0x00000040]   (__dp=0x00000000)
[16:43:33.804]        // -> [powered_down <= 0x00000001]
[16:43:33.804]    </block>
[16:43:33.804]    <control if="powered_down" while="" timeout="0" info="">
[16:43:33.804]      // if-block "powered_down"
[16:43:33.804]        // =>  TRUE
[16:43:33.804]      <block atomic="false" info="">
[16:43:33.804]        Message(0, "Debug/System power-up request sent");
[16:43:33.804]        WriteDP(DP_CTRL_STAT, 0x50000000);
[16:43:33.816]          // -> [WriteDP(0x00000004, 0x50000000)]   (__dp=0x00000000)
[16:43:33.816]      </block>
[16:43:33.816]      <control if="" while="(ReadDP(DP_CTRL_STAT) & 0xA0000000) != 0xA0000000" timeout="1000000" info="">
[16:43:33.816]        // while "(ReadDP(DP_CTRL_STAT) & 0xA0000000) != 0xA0000000"  (timeout="1000000")
[16:43:33.818]          // -> [ReadDP(0x00000004) => 0xF0000040]   (__dp=0x00000000)
[16:43:33.818]        // while-condition  =>  FALSE
[16:43:33.818]        // end while "(ReadDP(DP_CTRL_STAT) & 0xA0000000) != 0xA0000000"
[16:43:33.818]      </control>
[16:43:33.818]      <control if="(__protocol & 0xFFFF) == 1" while="" timeout="0" info="">
[16:43:33.818]        // if-block "(__protocol & 0xFFFF) == 1"
[16:43:33.818]          // =>  FALSE
[16:43:33.818]        // skip if-block "(__protocol & 0xFFFF) == 1"
[16:43:33.818]      </control>
[16:43:33.818]      <control if="(__protocol & 0xFFFF) == 2" while="" timeout="0" info="">
[16:43:33.818]        // if-block "(__protocol & 0xFFFF) == 2"
[16:43:33.818]          // =>  TRUE
[16:43:33.818]        <block atomic="false" info="">
[16:43:33.818]          Message(0, "executing SWD power up");
[16:43:33.818]          WriteDP(DP_CTRL_STAT, 0x50000F00);
[16:43:33.824]            // -> [WriteDP(0x00000004, 0x50000F00)]   (__dp=0x00000000)
[16:43:33.824]          WriteDP(SW_DP_ABORT, 0x0000001E);
[16:43:33.828]            // -> [WriteDP(0x00000000, 0x0000001E)]   (__dp=0x00000000)
[16:43:33.828]        </block>
[16:43:33.828]        // end if-block "(__protocol & 0xFFFF) == 2"
[16:43:33.828]      </control>
[16:43:33.828]      // end if-block "powered_down"
[16:43:33.828]    </control>
[16:43:33.828]    <block atomic="false" info="">
[16:43:33.828]      __var DEBUG_PORT_VAL    = 0;
[16:43:33.828]        // -> [DEBUG_PORT_VAL <= 0x00000000]
[16:43:33.828]      __var ACCESS_POINT_VAL  = 0;
[16:43:33.828]        // -> [ACCESS_POINT_VAL <= 0x00000000]
[16:43:33.828]      __ap = 1; 
[16:43:33.828]        // -> [__ap <= 0x00000001]
[16:43:33.828]      WriteAP(0x0C, 0x04); //lets use the mini pwr-ap as backup
[16:43:33.828]        // -> [WriteAP(0x0000000C, 0x00000004)]   (__dp=0x00000000, __ap=0x00000001)
[16:43:33.828]      __ap = 4;
[16:43:33.828]        // -> [__ap <= 0x00000004]
[16:43:33.828]      ACCESS_POINT_VAL = ReadAP(0x00);//Reading current state of access point
[16:43:33.834]        // -> [ReadAP(0x00000000) => 0x00080027]   (__dp=0x00000000, __ap=0x00000004)
[16:43:33.834]        // -> [ACCESS_POINT_VAL <= 0x00080027]
[16:43:33.834]      Message(0, "Current state of access point is: %x",ACCESS_POINT_VAL);
[16:43:33.834]    </block>
[16:43:33.834]    <block atomic="false" info="">
[16:43:33.834]      __var nReset = 0x80;
[16:43:33.834]        // -> [nReset <= 0x00000080]
[16:43:33.834]      __var canReadPins = 0;
[16:43:33.834]        // -> [canReadPins <= 0x00000000]
[16:43:33.834]      canReadPins = (DAP_SWJ_Pins(0x00, nReset, 0) != 0xFFFFFFFF);
[16:43:33.834]        // -> [DAP_SWJ_Pins(0x00, 0x80, 0) => 0x0F]   (Out: nRESET=0  =>  In: SWCLK/TCK=1, SWDIO/TMS=1, TDI=1, TDO=1, nTRST=0, nRESET=0)
[16:43:33.834]        // -> [canReadPins <= 0x00000001]
[16:43:33.834]    </block>
[16:43:33.834]    <control if="" while="1" timeout="200" info="">
[16:43:33.834]      // while "1"  (timeout="200")
[16:43:33.834]      // while-condition  =>  TRUE
[16:43:33.834]      // while "1"  (timeout="200")
[16:43:33.834]      // while-condition  =>  TRUE
[16:43:33.834]      // while "1"  (timeout="200")
[16:43:33.834]      // while-condition  =>  TRUE
[16:43:33.834]      // while "1"  (timeout="200")
[16:43:33.834]      // while-condition  =>  TRUE
[16:43:33.834]      // while "1"  (timeout="200")
[16:43:33.834]      // while-condition  =>  TRUE
[16:43:33.834]      // while "1"  (timeout="200")
[16:43:33.834]      // while-condition  =>  TRUE
[16:43:33.834]      // while "1"  (timeout="200")
[16:43:33.834]      // while-condition  =>  TRUE
[16:43:33.834]      // while "1"  (timeout="200")
[16:43:33.834]      // while-condition  =>  TRUE
[16:43:33.834]      // while "1"  (timeout="200")
[16:43:33.834]      // while-condition  =>  TRUE
[16:43:33.834]      // while "1"  (timeout="200")
[16:43:33.834]      // while-condition  =>  TRUE
[16:43:33.834]      // while "1"  (timeout="200")
[16:43:33.834]      // while-condition  =>  TRUE
[16:43:33.834]      // while "1"  (timeout="200")
[16:43:33.834]      // while-condition  =>  TRUE
[16:43:33.834]      // while "1"  (timeout="200")
[16:43:33.834]      // while-condition  =>  TRUE
[16:43:33.834]      // while "1"  (timeout="200")
[16:43:33.834]      // while-condition  =>  TRUE
[16:43:33.834]      // while "1"  (timeout="200")
[16:43:33.834]      // while-condition  =>  TRUE
[16:43:33.834]      // while "1"  (timeout="200")
[16:43:33.834]      // while-condition  =>  TRUE
[16:43:33.834]      // while "1"  (timeout="200")
[16:43:33.834]      // while-condition  =>  TRUE
[16:43:33.834]      // while "1"  (timeout="200")
[16:43:33.834]      // while-condition  =>  TRUE
[16:43:33.834]      // while "1"  (timeout="200")
[16:43:33.834]      // while-condition  =>  TRUE
[16:43:33.834]      // while "1"  (timeout="200")
[16:43:33.834]      // while-condition  =>  TRUE
[16:43:33.834]      // while "1"  (timeout="200")
[16:43:33.834]      // while-condition  =>  TRUE
[16:43:33.834]      // while "1"  (timeout="200")
[16:43:33.834]      // while-condition  =>  TRUE
[16:43:33.834]      // while "1"  (timeout="200")
[16:43:33.834]      // while-condition  =>  TRUE
[16:43:33.834]      // while "1"  (timeout="200")
[16:43:33.834]      // while-condition  =>  TRUE
[16:43:33.834]      // while "1"  (timeout="200")
[16:43:33.834]      // while-condition  =>  TRUE
[16:43:33.834]      // while "1"  (timeout="200")
[16:43:33.834]      // while-condition  =>  TRUE
[16:43:33.834]      // while "1"  (timeout="200")
[16:43:33.834]      // while-condition  =>  TRUE
[16:43:33.834]      // while "1"  (timeout="200")
[16:43:33.834]      // while-condition  =>  TRUE
[16:43:33.834]      // while "1"  (timeout="200")
[16:43:33.834]      // while-condition  =>  TRUE
[16:43:33.834]      // while "1"  (timeout="200")
[16:43:33.834]      // while-condition  =>  TRUE
[16:43:33.834]      // while "1"  (timeout="200")
[16:43:33.834]      // while-condition  =>  TRUE
[16:43:33.834]      // while "1"  (timeout="200")
[16:43:33.834]      // while-condition  =>  TRUE
[16:43:33.834]      // while "1"  (timeout="200")
[16:43:33.834]      // while-condition  =>  TRUE
[16:43:33.834]      // while "1"  (timeout="200")
[16:43:33.834]      // while-condition  =>  TRUE
[16:43:33.834]      // while "1"  (timeout="200")
[16:43:33.834]      // while-condition  =>  TRUE
[16:43:33.834]      // while "1"  (timeout="200")
[16:43:33.834]      // while-condition  =>  TRUE
[16:43:33.834]      // while "1"  (timeout="200")
[16:43:33.834]      // while-condition  =>  TRUE
[16:43:33.834]      // while "1"  (timeout="200")
[16:43:33.834]      // while-condition  =>  TRUE
[16:43:33.834]      // while "1"  (timeout="200")
[16:43:33.834]      // while-condition  =>  TRUE
[16:43:33.834]      // while "1"  (timeout="200")
[16:43:33.834]      // while-condition  =>  TRUE
[16:43:33.834]      // while "1"  (timeout="200")
[16:43:33.843]      // while-condition  =>  TRUE
[16:43:33.843]      // while "1"  (timeout="200")
[16:43:33.843]      // while  =>  TIMEOUT
[16:43:33.843]      // end while "1"
[16:43:33.843]    </control>
[16:43:33.843]    <control if="canReadPins" while="" timeout="0" info="">
[16:43:33.843]      // if-block "canReadPins"
[16:43:33.843]        // =>  TRUE
[16:43:33.843]      <control if="" while="(DAP_SWJ_Pins(nReset, nReset, 0) & nReset) == 0" timeout="1000000" info="">
[16:43:33.843]        // while "(DAP_SWJ_Pins(nReset, nReset, 0) & nReset) == 0"  (timeout="1000000")
[16:43:33.844]          // -> [DAP_SWJ_Pins(0x80, 0x80, 0) => 0x8F]   (Out: nRESET=1  =>  In: SWCLK/TCK=1, SWDIO/TMS=1, TDI=1, TDO=1, nTRST=0, nRESET=1)
[16:43:33.844]        // while-condition  =>  FALSE
[16:43:33.844]        // end while "(DAP_SWJ_Pins(nReset, nReset, 0) & nReset) == 0"
[16:43:33.844]      </control>
[16:43:33.844]      // end if-block "canReadPins"
[16:43:33.844]    </control>
[16:43:33.844]    <control if="!canReadPins" while="" timeout="0" info="">
[16:43:33.844]      // if-block "!canReadPins"
[16:43:33.849]        // =>  FALSE
[16:43:33.849]      // skip if-block "!canReadPins"
[16:43:33.849]    </control>
[16:43:33.849]    <control if="(ACCESS_POINT_VAL & 0x00E00000) == 0" while="" timeout="0" info="">
[16:43:33.849]      // if-block "(ACCESS_POINT_VAL & 0x00E00000) == 0"
[16:43:33.850]        // =>  TRUE
[16:43:33.850]      <block atomic="false" info="">
[16:43:33.850]        WriteAP(0x00, 0x190008);
[16:43:33.850]          // -> [WriteAP(0x00000000, 0x00190008)]   (__dp=0x00000000, __ap=0x00000004)
[16:43:33.850]        WriteAP(0xF0, 0x01);
[16:43:33.854]          // -> [WriteAP(0x000000F0, 0x00000001)]   (__dp=0x00000000, __ap=0x00000004)
[16:43:33.854]      </block>
[16:43:33.854]      // end if-block "(ACCESS_POINT_VAL & 0x00E00000) == 0"
[16:43:33.854]    </control>
[16:43:33.854]    <control if="(ACCESS_POINT_VAL & 0x00E00000) != 0" while="" timeout="0" info="">
[16:43:33.854]      // if-block "(ACCESS_POINT_VAL & 0x00E00000) != 0"
[16:43:33.854]        // =>  FALSE
[16:43:33.854]      // skip if-block "(ACCESS_POINT_VAL & 0x00E00000) != 0"
[16:43:33.854]    </control>
[16:43:33.854]    <block atomic="false" info="">
[16:43:33.854]      ACCESS_POINT_VAL = ReadAP(0x00);//Reading current state of access point
[16:43:33.854]        // -> [ReadAP(0x00000000) => 0x0079002F]   (__dp=0x00000000, __ap=0x00000004)
[16:43:33.854]        // -> [ACCESS_POINT_VAL <= 0x0079002F]
[16:43:33.854]      Message(0, "Current state of access point is: %x",ACCESS_POINT_VAL);
[16:43:33.863]      __ap = 0; //lets make sure we reset the access point selection
[16:43:33.863]        // -> [__ap <= 0x00000000]
[16:43:33.863]    </block>
[16:43:33.863]  </sequence>
[16:43:33.863]  
[16:43:33.885]  **********  Sequence "DebugDeviceUnlock"  (Context="Connect", Pname="", info="")
[16:43:33.885]  
[16:43:33.885]  <debugvars>
[16:43:33.885]    // Pre-defined
[16:43:33.885]    __protocol=0x00010002      (Protocol="SWD", SWJ-DP="True")
[16:43:33.885]    __connection=0x00000202    (Connection Type="Flash", Reset Type="System Reset")
[16:43:33.885]    __dp=0x00000000
[16:43:33.885]    __ap=0x00000000
[16:43:33.885]    __traceout=0x00000000      (Trace Disabled)
[16:43:33.885]    __errorcontrol=0x00000000  (Skip Errors="False")
[16:43:33.885]    __FlashAddr=0x00000000
[16:43:33.885]    __FlashLen=0x00000000
[16:43:33.885]    __FlashArg=0x00000000
[16:43:33.885]    __FlashOp=0x00000000
[16:43:33.885]    __Result=0x00000000
[16:43:33.885]  </debugvars>
[16:43:33.885]  
[16:43:33.885]  <sequence name="DebugDeviceUnlock" Pname="" disable="false" info="">
[16:43:33.885]    <block atomic="false" info="">
[16:43:33.885]      __var deviceID = 0;
[16:43:33.885]        // -> [deviceID <= 0x00000000]
[16:43:33.885]      __var version = 0;
[16:43:33.885]        // -> [version <= 0x00000000]
[16:43:33.885]      __var partNum = 0;
[16:43:33.885]        // -> [partNum <= 0x00000000]
[16:43:33.885]      __var manuf = 0;
[16:43:33.885]        // -> [manuf <= 0x00000000]
[16:43:33.885]      __var isMSPM0G1X0X_G3X0X = 0;
[16:43:33.885]        // -> [isMSPM0G1X0X_G3X0X <= 0x00000000]
[16:43:33.885]      __var isProduction = 0;
[16:43:33.885]        // -> [isProduction <= 0x00000000]
[16:43:33.885]      __var continueId = 0;
[16:43:33.885]        // -> [continueId <= 0x00000000]
[16:43:33.885]      deviceID =   Read32(0x41C40004);
[16:43:33.885]        // -> [Read32(0x41C40004) => 0x2BB8802F]   (__dp=0x00000000, __ap=0x00000000)
[16:43:33.885]        // -> [deviceID <= 0x2BB8802F]
[16:43:33.885]      version = deviceID >> 28;
[16:43:33.885]        // -> [version <= 0x00000002]
[16:43:33.885]      partNum = (deviceID & 0x0FFFF000) >> 12;
[16:43:33.885]        // -> [partNum <= 0x0000BB88]
[16:43:33.885]      manuf = (deviceID & 0x00000FFE) >> 1;
[16:43:33.885]        // -> [manuf <= 0x00000017]
[16:43:33.885]      isMSPM0G1X0X_G3X0X = (partNum == 0xBB88) && (manuf == 0x17);
[16:43:33.885]        // -> [isMSPM0G1X0X_G3X0X <= 0x00000001]
[16:43:33.885]      isProduction = (version > 0);
[16:43:33.885]        // -> [isProduction <= 0x00000001]
[16:43:33.885]    </block>
[16:43:33.885]    <control if="!isMSPM0G1X0X_G3X0X" while="" timeout="0" info="">
[16:43:33.885]      // if-block "!isMSPM0G1X0X_G3X0X"
[16:43:33.885]        // =>  FALSE
[16:43:33.885]      // skip if-block "!isMSPM0G1X0X_G3X0X"
[16:43:33.885]    </control>
[16:43:33.885]    <control if="continueId == 4" while="" timeout="0" info="">
[16:43:33.885]      // if-block "continueId == 4"
[16:43:33.893]        // =>  FALSE
[16:43:33.893]      // skip if-block "continueId == 4"
[16:43:33.893]    </control>
[16:43:33.893]    <control if="!isProduction" while="" timeout="0" info="">
[16:43:33.893]      // if-block "!isProduction"
[16:43:33.893]        // =>  FALSE
[16:43:33.893]      // skip if-block "!isProduction"
[16:43:33.894]    </control>
[16:43:33.894]  </sequence>
[16:43:33.894]  
[16:46:43.618]  **********  Sequence "DebugPortSetup"  (Context="Connect", Pname="", info="")
[16:46:43.618]  
[16:46:43.619]  <debugvars>
[16:46:43.619]    // Pre-defined
[16:46:43.619]    __protocol=0x00010002      (Protocol="SWD", SWJ-DP="True")
[16:46:43.619]    __connection=0x00000202    (Connection Type="Flash", Reset Type="System Reset")
[16:46:43.619]    __dp=0x00000000
[16:46:43.619]    __ap=0x00000000
[16:46:43.619]    __traceout=0x00000000      (Trace Disabled)
[16:46:43.619]    __errorcontrol=0x00000000  (Skip Errors="False")
[16:46:43.619]    __FlashAddr=0x00000000
[16:46:43.619]    __FlashLen=0x00000000
[16:46:43.619]    __FlashArg=0x00000000
[16:46:43.619]    __FlashOp=0x00000000
[16:46:43.619]    __Result=0x00000000
[16:46:43.619]  </debugvars>
[16:46:43.619]  
[16:46:43.619]  <sequence name="DebugPortSetup" Pname="" disable="false" info="">
[16:46:43.619]    <block atomic="false" info="">
[16:46:43.619]      __var isSWJ      = ((__protocol & 0x00010000) != 0);
[16:46:43.619]        // -> [isSWJ <= 0x00000001]
[16:46:43.619]      __var hasDormant = __protocol & 0x00020000;
[16:46:43.619]        // -> [hasDormant <= 0x00000000]
[16:46:43.619]      __var protType   = __protocol & 0x0000FFFF;
[16:46:43.619]        // -> [protType <= 0x00000002]
[16:46:43.619]    </block>
[16:46:43.619]    <control if="protType == 1" while="" timeout="0" info="">
[16:46:43.619]      // if-block "protType == 1"
[16:46:43.619]        // =>  FALSE
[16:46:43.619]      // skip if-block "protType == 1"
[16:46:43.619]    </control>
[16:46:43.619]    <control if="protType == 2" while="" timeout="0" info="">
[16:46:43.619]      // if-block "protType == 2"
[16:46:43.619]        // =>  TRUE
[16:46:43.619]      <control if="isSWJ" while="" timeout="0" info="">
[16:46:43.619]        // if-block "isSWJ"
[16:46:43.619]          // =>  TRUE
[16:46:43.619]        <control if="hasDormant" while="" timeout="0" info="">
[16:46:43.619]          // if-block "hasDormant"
[16:46:43.619]            // =>  FALSE
[16:46:43.619]          // skip if-block "hasDormant"
[16:46:43.619]        </control>
[16:46:43.619]        <control if="!hasDormant" while="" timeout="0" info="">
[16:46:43.619]          // if-block "!hasDormant"
[16:46:43.619]            // =>  TRUE
[16:46:43.619]          <block atomic="false" info="">
[16:46:43.619]            DAP_SWJ_Sequence(51, 0x0007FFFFFFFFFFFF); //lets put the JTAG line in a reset state
[16:46:43.619]              // -> [DAP_SWJ_Sequence(51, 0x0007FFFFFFFFFFFF)]
[16:46:43.619]            DAP_SWJ_Sequence(16,0xE73C); //SWD to JTAG, this is to ensure the state machine is initialized
[16:46:43.619]              // -> [DAP_SWJ_Sequence(16, 0x000000000000E73C)]
[16:46:43.619]            DAP_SWJ_Sequence(51, 0x0007FFFFFFFFFFFF); //Put it back in reset
[16:46:43.630]              // -> [DAP_SWJ_Sequence(51, 0x0007FFFFFFFFFFFF)]
[16:46:43.630]            DAP_SWJ_Sequence(16, 0xE79E); //JTAG to SWD switch
[16:46:43.630]              // -> [DAP_SWJ_Sequence(16, 0x000000000000E79E)]
[16:46:43.630]            DAP_SWJ_Sequence(51, 0x0007FFFFFFFFFFFF);  //Ensure the switch is successful 
[16:46:43.630]              // -> [DAP_SWJ_Sequence(51, 0x0007FFFFFFFFFFFF)]
[16:46:43.637]            DAP_SWJ_Sequence(7,  0x00); //Give the line some time to initialize
[16:46:43.647]              // -> [DAP_SWJ_Sequence(7, 0x0000000000000000)]
[16:46:43.647]          </block>
[16:46:43.648]          // end if-block "!hasDormant"
[16:46:43.648]        </control>
[16:46:43.648]        // end if-block "isSWJ"
[16:46:43.648]      </control>
[16:46:43.648]      <control if="!isSWJ" while="" timeout="0" info="">
[16:46:43.648]        // if-block "!isSWJ"
[16:46:43.648]          // =>  FALSE
[16:46:43.648]        // skip if-block "!isSWJ"
[16:46:43.648]      </control>
[16:46:43.648]      <block atomic="false" info="">
[16:46:43.648]        ReadDP(0x0);
[16:46:43.657]          // -> [ReadDP(0x00000000) => 0x6BA02477]   (__dp=0x00000000)
[16:46:43.658]      </block>
[16:46:43.658]      // end if-block "protType == 2"
[16:46:43.658]    </control>
[16:46:43.658]  </sequence>
[16:46:43.658]  
[16:46:43.658]  **********  Sequence "DebugPortStart"  (Context="Connect", Pname="", info="")
[16:46:43.667]  
[16:46:43.667]  <debugvars>
[16:46:43.667]    // Pre-defined
[16:46:43.667]    __protocol=0x00010002      (Protocol="SWD", SWJ-DP="True")
[16:46:43.667]    __connection=0x00000202    (Connection Type="Flash", Reset Type="System Reset")
[16:46:43.668]    __dp=0x00000000
[16:46:43.668]    __ap=0x00000000
[16:46:43.668]    __traceout=0x00000000      (Trace Disabled)
[16:46:43.668]    __errorcontrol=0x00000000  (Skip Errors="False")
[16:46:43.668]    __FlashAddr=0x00000000
[16:46:43.668]    __FlashLen=0x00000000
[16:46:43.668]    __FlashArg=0x00000000
[16:46:43.668]    __FlashOp=0x00000000
[16:46:43.668]    __Result=0x00000000
[16:46:43.668]  </debugvars>
[16:46:43.668]  
[16:46:43.668]  <sequence name="DebugPortStart" Pname="" disable="false" info="">
[16:46:43.668]    <block atomic="false" info="">
[16:46:43.668]      __var SW_DP_ABORT       = 0x0;
[16:46:43.668]        // -> [SW_DP_ABORT <= 0x00000000]
[16:46:43.668]      __var DP_CTRL_STAT      = 0x4;
[16:46:43.668]        // -> [DP_CTRL_STAT <= 0x00000004]
[16:46:43.668]      __var DP_SELECT         = 0x8;
[16:46:43.668]        // -> [DP_SELECT <= 0x00000008]
[16:46:43.668]      __var powered_down      = 0;
[16:46:43.668]        // -> [powered_down <= 0x00000000]
[16:46:43.670]      WriteDP(DP_SELECT, 0x00000000);
[16:46:43.678]        // -> [WriteDP(0x00000008, 0x00000000)]   (__dp=0x00000000)
[16:46:43.678]      powered_down = ((ReadDP(DP_CTRL_STAT) & 0xA0000000) != 0xA0000000);
[16:46:43.678]        // -> [ReadDP(0x00000004) => 0x00000040]   (__dp=0x00000000)
[16:46:43.678]        // -> [powered_down <= 0x00000001]
[16:46:43.678]    </block>
[16:46:43.678]    <control if="powered_down" while="" timeout="0" info="">
[16:46:43.678]      // if-block "powered_down"
[16:46:43.678]        // =>  TRUE
[16:46:43.678]      <block atomic="false" info="">
[16:46:43.678]        Message(0, "Debug/System power-up request sent");
[16:46:43.678]        WriteDP(DP_CTRL_STAT, 0x50000000);
[16:46:43.686]          // -> [WriteDP(0x00000004, 0x50000000)]   (__dp=0x00000000)
[16:46:43.686]      </block>
[16:46:43.686]      <control if="" while="(ReadDP(DP_CTRL_STAT) & 0xA0000000) != 0xA0000000" timeout="1000000" info="">
[16:46:43.686]        // while "(ReadDP(DP_CTRL_STAT) & 0xA0000000) != 0xA0000000"  (timeout="1000000")
[16:46:43.688]          // -> [ReadDP(0x00000004) => 0xF0000040]   (__dp=0x00000000)
[16:46:43.688]        // while-condition  =>  FALSE
[16:46:43.688]        // end while "(ReadDP(DP_CTRL_STAT) & 0xA0000000) != 0xA0000000"
[16:46:43.688]      </control>
[16:46:43.688]      <control if="(__protocol & 0xFFFF) == 1" while="" timeout="0" info="">
[16:46:43.688]        // if-block "(__protocol & 0xFFFF) == 1"
[16:46:43.688]          // =>  FALSE
[16:46:43.688]        // skip if-block "(__protocol & 0xFFFF) == 1"
[16:46:43.688]      </control>
[16:46:43.688]      <control if="(__protocol & 0xFFFF) == 2" while="" timeout="0" info="">
[16:46:43.688]        // if-block "(__protocol & 0xFFFF) == 2"
[16:46:43.688]          // =>  TRUE
[16:46:43.688]        <block atomic="false" info="">
[16:46:43.688]          Message(0, "executing SWD power up");
[16:46:43.688]          WriteDP(DP_CTRL_STAT, 0x50000F00);
[16:46:43.688]            // -> [WriteDP(0x00000004, 0x50000F00)]   (__dp=0x00000000)
[16:46:43.688]          WriteDP(SW_DP_ABORT, 0x0000001E);
[16:46:43.688]            // -> [WriteDP(0x00000000, 0x0000001E)]   (__dp=0x00000000)
[16:46:43.688]        </block>
[16:46:43.688]        // end if-block "(__protocol & 0xFFFF) == 2"
[16:46:43.688]      </control>
[16:46:43.688]      // end if-block "powered_down"
[16:46:43.688]    </control>
[16:46:43.688]    <block atomic="false" info="">
[16:46:43.688]      __var DEBUG_PORT_VAL    = 0;
[16:46:43.688]        // -> [DEBUG_PORT_VAL <= 0x00000000]
[16:46:43.688]      __var ACCESS_POINT_VAL  = 0;
[16:46:43.688]        // -> [ACCESS_POINT_VAL <= 0x00000000]
[16:46:43.688]      __ap = 1; 
[16:46:43.697]        // -> [__ap <= 0x00000001]
[16:46:43.697]      WriteAP(0x0C, 0x04); //lets use the mini pwr-ap as backup
[16:46:43.739]        // -> [WriteAP(0x0000000C, 0x00000004)]   (__dp=0x00000000, __ap=0x00000001)
[16:46:43.747]      __ap = 4;
[16:46:43.747]        // -> [__ap <= 0x00000004]
[16:46:43.747]      ACCESS_POINT_VAL = ReadAP(0x00);//Reading current state of access point
[16:46:43.759]        // -> [ReadAP(0x00000000) => 0x00080027]   (__dp=0x00000000, __ap=0x00000004)
[16:46:43.759]        // -> [ACCESS_POINT_VAL <= 0x00080027]
[16:46:43.759]      Message(0, "Current state of access point is: %x",ACCESS_POINT_VAL);
[16:46:43.767]    </block>
[16:46:43.767]    <block atomic="false" info="">
[16:46:43.768]      __var nReset = 0x80;
[16:46:43.768]        // -> [nReset <= 0x00000080]
[16:46:43.768]      __var canReadPins = 0;
[16:46:43.768]        // -> [canReadPins <= 0x00000000]
[16:46:43.768]      canReadPins = (DAP_SWJ_Pins(0x00, nReset, 0) != 0xFFFFFFFF);
[16:46:43.768]        // -> [DAP_SWJ_Pins(0x00, 0x80, 0) => 0x0F]   (Out: nRESET=0  =>  In: SWCLK/TCK=1, SWDIO/TMS=1, TDI=1, TDO=1, nTRST=0, nRESET=0)
[16:46:43.768]        // -> [canReadPins <= 0x00000001]
[16:46:43.768]    </block>
[16:46:43.768]    <control if="" while="1" timeout="200" info="">
[16:46:43.768]      // while "1"  (timeout="200")
[16:46:43.768]      // while-condition  =>  TRUE
[16:46:43.768]      // while "1"  (timeout="200")
[16:46:43.768]      // while-condition  =>  TRUE
[16:46:43.768]      // while "1"  (timeout="200")
[16:46:43.768]      // while-condition  =>  TRUE
[16:46:43.768]      // while "1"  (timeout="200")
[16:46:43.768]      // while-condition  =>  TRUE
[16:46:43.768]      // while "1"  (timeout="200")
[16:46:43.768]      // while-condition  =>  TRUE
[16:46:43.768]      // while "1"  (timeout="200")
[16:46:43.768]      // while-condition  =>  TRUE
[16:46:43.768]      // while "1"  (timeout="200")
[16:46:43.768]      // while-condition  =>  TRUE
[16:46:43.768]      // while "1"  (timeout="200")
[16:46:43.768]      // while-condition  =>  TRUE
[16:46:43.768]      // while "1"  (timeout="200")
[16:46:43.768]      // while-condition  =>  TRUE
[16:46:43.768]      // while "1"  (timeout="200")
[16:46:43.768]      // while-condition  =>  TRUE
[16:46:43.768]      // while "1"  (timeout="200")
[16:46:43.768]      // while-condition  =>  TRUE
[16:46:43.768]      // while "1"  (timeout="200")
[16:46:43.768]      // while-condition  =>  TRUE
[16:46:43.768]      // while "1"  (timeout="200")
[16:46:43.768]      // while-condition  =>  TRUE
[16:46:43.768]      // while "1"  (timeout="200")
[16:46:43.768]      // while-condition  =>  TRUE
[16:46:43.768]      // while "1"  (timeout="200")
[16:46:43.768]      // while-condition  =>  TRUE
[16:46:43.768]      // while "1"  (timeout="200")
[16:46:43.768]      // while-condition  =>  TRUE
[16:46:43.768]      // while "1"  (timeout="200")
[16:46:43.768]      // while-condition  =>  TRUE
[16:46:43.768]      // while "1"  (timeout="200")
[16:46:43.768]      // while-condition  =>  TRUE
[16:46:43.768]      // while "1"  (timeout="200")
[16:46:43.768]      // while-condition  =>  TRUE
[16:46:43.768]      // while "1"  (timeout="200")
[16:46:43.768]      // while-condition  =>  TRUE
[16:46:43.768]      // while "1"  (timeout="200")
[16:46:43.768]      // while-condition  =>  TRUE
[16:46:43.768]      // while "1"  (timeout="200")
[16:46:43.768]      // while-condition  =>  TRUE
[16:46:43.768]      // while "1"  (timeout="200")
[16:46:43.768]      // while-condition  =>  TRUE
[16:46:43.768]      // while "1"  (timeout="200")
[16:46:43.768]      // while-condition  =>  TRUE
[16:46:43.768]      // while "1"  (timeout="200")
[16:46:43.768]      // while-condition  =>  TRUE
[16:46:43.768]      // while "1"  (timeout="200")
[16:46:43.768]      // while-condition  =>  TRUE
[16:46:43.768]      // while "1"  (timeout="200")
[16:46:43.768]      // while-condition  =>  TRUE
[16:46:43.768]      // while "1"  (timeout="200")
[16:46:43.768]      // while-condition  =>  TRUE
[16:46:43.768]      // while "1"  (timeout="200")
[16:46:43.768]      // while-condition  =>  TRUE
[16:46:43.768]      // while "1"  (timeout="200")
[16:46:43.768]      // while-condition  =>  TRUE
[16:46:43.768]      // while "1"  (timeout="200")
[16:46:43.768]      // while-condition  =>  TRUE
[16:46:43.768]      // while "1"  (timeout="200")
[16:46:43.768]      // while-condition  =>  TRUE
[16:46:43.768]      // while "1"  (timeout="200")
[16:46:43.777]      // while-condition  =>  TRUE
[16:46:43.777]      // while "1"  (timeout="200")
[16:46:43.777]      // while-condition  =>  TRUE
[16:46:43.777]      // while "1"  (timeout="200")
[16:46:43.777]      // while-condition  =>  TRUE
[16:46:43.777]      // while "1"  (timeout="200")
[16:46:43.777]      // while-condition  =>  TRUE
[16:46:43.778]      // while "1"  (timeout="200")
[16:46:43.778]      // while  =>  TIMEOUT
[16:46:43.778]      // end while "1"
[16:46:43.778]    </control>
[16:46:43.778]    <control if="canReadPins" while="" timeout="0" info="">
[16:46:43.778]      // if-block "canReadPins"
[16:46:43.778]        // =>  TRUE
[16:46:43.778]      <control if="" while="(DAP_SWJ_Pins(nReset, nReset, 0) & nReset) == 0" timeout="1000000" info="">
[16:46:43.778]        // while "(DAP_SWJ_Pins(nReset, nReset, 0) & nReset) == 0"  (timeout="1000000")
[16:46:43.781]          // -> [DAP_SWJ_Pins(0x80, 0x80, 0) => 0x8F]   (Out: nRESET=1  =>  In: SWCLK/TCK=1, SWDIO/TMS=1, TDI=1, TDO=1, nTRST=0, nRESET=1)
[16:46:43.781]        // while-condition  =>  FALSE
[16:46:43.781]        // end while "(DAP_SWJ_Pins(nReset, nReset, 0) & nReset) == 0"
[16:46:43.781]      </control>
[16:46:43.781]      // end if-block "canReadPins"
[16:46:43.781]    </control>
[16:46:43.781]    <control if="!canReadPins" while="" timeout="0" info="">
[16:46:43.781]      // if-block "!canReadPins"
[16:46:43.781]        // =>  FALSE
[16:46:43.781]      // skip if-block "!canReadPins"
[16:46:43.781]    </control>
[16:46:43.781]    <control if="(ACCESS_POINT_VAL & 0x00E00000) == 0" while="" timeout="0" info="">
[16:46:43.781]      // if-block "(ACCESS_POINT_VAL & 0x00E00000) == 0"
[16:46:43.781]        // =>  TRUE
[16:46:43.781]      <block atomic="false" info="">
[16:46:43.781]        WriteAP(0x00, 0x190008);
[16:46:43.787]          // -> [WriteAP(0x00000000, 0x00190008)]   (__dp=0x00000000, __ap=0x00000004)
[16:46:43.787]        WriteAP(0xF0, 0x01);
[16:46:43.818]          // -> [WriteAP(0x000000F0, 0x00000001)]   (__dp=0x00000000, __ap=0x00000004)
[16:46:43.819]      </block>
[16:46:43.819]      // end if-block "(ACCESS_POINT_VAL & 0x00E00000) == 0"
[16:46:43.819]    </control>
[16:46:43.819]    <control if="(ACCESS_POINT_VAL & 0x00E00000) != 0" while="" timeout="0" info="">
[16:46:43.819]      // if-block "(ACCESS_POINT_VAL & 0x00E00000) != 0"
[16:46:43.819]        // =>  FALSE
[16:46:43.819]      // skip if-block "(ACCESS_POINT_VAL & 0x00E00000) != 0"
[16:46:43.819]    </control>
[16:46:43.819]    <block atomic="false" info="">
[16:46:43.819]      ACCESS_POINT_VAL = ReadAP(0x00);//Reading current state of access point
[16:46:43.828]        // -> [ReadAP(0x00000000) => 0x0079002F]   (__dp=0x00000000, __ap=0x00000004)
[16:46:43.828]        // -> [ACCESS_POINT_VAL <= 0x0079002F]
[16:46:43.828]      Message(0, "Current state of access point is: %x",ACCESS_POINT_VAL);
[16:46:43.828]      __ap = 0; //lets make sure we reset the access point selection
[16:46:43.828]        // -> [__ap <= 0x00000000]
[16:46:43.828]    </block>
[16:46:43.828]  </sequence>
[16:46:43.828]  
[16:46:43.892]  **********  Sequence "DebugDeviceUnlock"  (Context="Connect", Pname="", info="")
[16:46:43.892]  
[16:46:43.892]  <debugvars>
[16:46:43.892]    // Pre-defined
[16:46:43.892]    __protocol=0x00010002      (Protocol="SWD", SWJ-DP="True")
[16:46:43.892]    __connection=0x00000202    (Connection Type="Flash", Reset Type="System Reset")
[16:46:43.892]    __dp=0x00000000
[16:46:43.892]    __ap=0x00000000
[16:46:43.892]    __traceout=0x00000000      (Trace Disabled)
[16:46:43.892]    __errorcontrol=0x00000000  (Skip Errors="False")
[16:46:43.892]    __FlashAddr=0x00000000
[16:46:43.892]    __FlashLen=0x00000000
[16:46:43.892]    __FlashArg=0x00000000
[16:46:43.892]    __FlashOp=0x00000000
[16:46:43.892]    __Result=0x00000000
[16:46:43.892]  </debugvars>
[16:46:43.892]  
[16:46:43.892]  <sequence name="DebugDeviceUnlock" Pname="" disable="false" info="">
[16:46:43.892]    <block atomic="false" info="">
[16:46:43.892]      __var deviceID = 0;
[16:46:43.892]        // -> [deviceID <= 0x00000000]
[16:46:43.892]      __var version = 0;
[16:46:43.892]        // -> [version <= 0x00000000]
[16:46:43.892]      __var partNum = 0;
[16:46:43.892]        // -> [partNum <= 0x00000000]
[16:46:43.892]      __var manuf = 0;
[16:46:43.892]        // -> [manuf <= 0x00000000]
[16:46:43.892]      __var isMSPM0G1X0X_G3X0X = 0;
[16:46:43.892]        // -> [isMSPM0G1X0X_G3X0X <= 0x00000000]
[16:46:43.892]      __var isProduction = 0;
[16:46:43.892]        // -> [isProduction <= 0x00000000]
[16:46:43.892]      __var continueId = 0;
[16:46:43.892]        // -> [continueId <= 0x00000000]
[16:46:43.892]      deviceID =   Read32(0x41C40004);
[16:46:43.900]        // -> [Read32(0x41C40004) => 0x2BB8802F]   (__dp=0x00000000, __ap=0x00000000)
[16:46:43.900]        // -> [deviceID <= 0x2BB8802F]
[16:46:43.900]      version = deviceID >> 28;
[16:46:43.900]        // -> [version <= 0x00000002]
[16:46:43.900]      partNum = (deviceID & 0x0FFFF000) >> 12;
[16:46:43.900]        // -> [partNum <= 0x0000BB88]
[16:46:43.900]      manuf = (deviceID & 0x00000FFE) >> 1;
[16:46:43.900]        // -> [manuf <= 0x00000017]
[16:46:43.900]      isMSPM0G1X0X_G3X0X = (partNum == 0xBB88) && (manuf == 0x17);
[16:46:43.900]        // -> [isMSPM0G1X0X_G3X0X <= 0x00000001]
[16:46:43.900]      isProduction = (version > 0);
[16:46:43.900]        // -> [isProduction <= 0x00000001]
[16:46:43.900]    </block>
[16:46:43.900]    <control if="!isMSPM0G1X0X_G3X0X" while="" timeout="0" info="">
[16:46:43.900]      // if-block "!isMSPM0G1X0X_G3X0X"
[16:46:43.900]        // =>  FALSE
[16:46:43.900]      // skip if-block "!isMSPM0G1X0X_G3X0X"
[16:46:43.900]    </control>
[16:46:43.900]    <control if="continueId == 4" while="" timeout="0" info="">
[16:46:43.900]      // if-block "continueId == 4"
[16:46:43.900]        // =>  FALSE
[16:46:43.900]      // skip if-block "continueId == 4"
[16:46:43.900]    </control>
[16:46:43.900]    <control if="!isProduction" while="" timeout="0" info="">
[16:46:43.900]      // if-block "!isProduction"
[16:46:43.900]        // =>  FALSE
[16:46:43.900]      // skip if-block "!isProduction"
[16:46:43.900]    </control>
[16:46:43.900]  </sequence>
[16:46:43.900]  
[17:27:00.932]  **********  Sequence "DebugPortSetup"  (Context="Connect", Pname="", info="")
[17:27:00.932]  
[17:27:00.932]  <debugvars>
[17:27:00.932]    // Pre-defined
[17:27:00.932]    __protocol=0x00010002      (Protocol="SWD", SWJ-DP="True")
[17:27:00.932]    __connection=0x00000202    (Connection Type="Flash", Reset Type="System Reset")
[17:27:00.932]    __dp=0x00000000
[17:27:00.932]    __ap=0x00000000
[17:27:00.932]    __traceout=0x00000000      (Trace Disabled)
[17:27:00.932]    __errorcontrol=0x00000000  (Skip Errors="False")
[17:27:00.932]    __FlashAddr=0x00000000
[17:27:00.932]    __FlashLen=0x00000000
[17:27:00.932]    __FlashArg=0x00000000
[17:27:00.932]    __FlashOp=0x00000000
[17:27:00.932]    __Result=0x00000000
[17:27:00.932]  </debugvars>
[17:27:00.932]  
[17:27:00.932]  <sequence name="DebugPortSetup" Pname="" disable="false" info="">
[17:27:00.932]    <block atomic="false" info="">
[17:27:00.932]      __var isSWJ      = ((__protocol & 0x00010000) != 0);
[17:27:00.932]        // -> [isSWJ <= 0x00000001]
[17:27:00.932]      __var hasDormant = __protocol & 0x00020000;
[17:27:00.932]        // -> [hasDormant <= 0x00000000]
[17:27:00.932]      __var protType   = __protocol & 0x0000FFFF;
[17:27:00.932]        // -> [protType <= 0x00000002]
[17:27:00.932]    </block>
[17:27:00.932]    <control if="protType == 1" while="" timeout="0" info="">
[17:27:00.932]      // if-block "protType == 1"
[17:27:00.932]        // =>  FALSE
[17:27:00.932]      // skip if-block "protType == 1"
[17:27:00.932]    </control>
[17:27:00.932]    <control if="protType == 2" while="" timeout="0" info="">
[17:27:00.932]      // if-block "protType == 2"
[17:27:00.932]        // =>  TRUE
[17:27:00.932]      <control if="isSWJ" while="" timeout="0" info="">
[17:27:00.932]        // if-block "isSWJ"
[17:27:00.932]          // =>  TRUE
[17:27:00.932]        <control if="hasDormant" while="" timeout="0" info="">
[17:27:00.932]          // if-block "hasDormant"
[17:27:00.932]            // =>  FALSE
[17:27:00.932]          // skip if-block "hasDormant"
[17:27:00.932]        </control>
[17:27:00.932]        <control if="!hasDormant" while="" timeout="0" info="">
[17:27:00.932]          // if-block "!hasDormant"
[17:27:00.932]            // =>  TRUE
[17:27:00.932]          <block atomic="false" info="">
[17:27:00.932]            DAP_SWJ_Sequence(51, 0x0007FFFFFFFFFFFF); //lets put the JTAG line in a reset state
[17:27:00.932]              // -> [DAP_SWJ_Sequence(51, 0x0007FFFFFFFFFFFF)]
[17:27:00.932]            DAP_SWJ_Sequence(16,0xE73C); //SWD to JTAG, this is to ensure the state machine is initialized
[17:27:00.938]              // -> [DAP_SWJ_Sequence(16, 0x000000000000E73C)]
[17:27:00.938]            DAP_SWJ_Sequence(51, 0x0007FFFFFFFFFFFF); //Put it back in reset
[17:27:00.939]              // -> [DAP_SWJ_Sequence(51, 0x0007FFFFFFFFFFFF)]
[17:27:00.939]            DAP_SWJ_Sequence(16, 0xE79E); //JTAG to SWD switch
[17:27:00.941]              // -> [DAP_SWJ_Sequence(16, 0x000000000000E79E)]
[17:27:00.941]            DAP_SWJ_Sequence(51, 0x0007FFFFFFFFFFFF);  //Ensure the switch is successful 
[17:27:00.943]              // -> [DAP_SWJ_Sequence(51, 0x0007FFFFFFFFFFFF)]
[17:27:00.943]            DAP_SWJ_Sequence(7,  0x00); //Give the line some time to initialize
[17:27:00.945]              // -> [DAP_SWJ_Sequence(7, 0x0000000000000000)]
[17:27:00.945]          </block>
[17:27:00.945]          // end if-block "!hasDormant"
[17:27:00.945]        </control>
[17:27:00.945]        // end if-block "isSWJ"
[17:27:00.945]      </control>
[17:27:00.945]      <control if="!isSWJ" while="" timeout="0" info="">
[17:27:00.946]        // if-block "!isSWJ"
[17:27:00.946]          // =>  FALSE
[17:27:00.946]        // skip if-block "!isSWJ"
[17:27:00.946]      </control>
[17:27:00.946]      <block atomic="false" info="">
[17:27:00.946]        ReadDP(0x0);
[17:27:00.947]          // -> [ReadDP(0x00000000) => 0x6BA02477]   (__dp=0x00000000)
[17:27:00.947]      </block>
[17:27:00.948]      // end if-block "protType == 2"
[17:27:00.948]    </control>
[17:27:00.948]  </sequence>
[17:27:00.948]  
[17:27:00.950]  **********  Sequence "DebugPortStart"  (Context="Connect", Pname="", info="")
[17:27:00.950]  
[17:27:00.950]  <debugvars>
[17:27:00.950]    // Pre-defined
[17:27:00.950]    __protocol=0x00010002      (Protocol="SWD", SWJ-DP="True")
[17:27:00.950]    __connection=0x00000202    (Connection Type="Flash", Reset Type="System Reset")
[17:27:00.950]    __dp=0x00000000
[17:27:00.950]    __ap=0x00000000
[17:27:00.950]    __traceout=0x00000000      (Trace Disabled)
[17:27:00.950]    __errorcontrol=0x00000000  (Skip Errors="False")
[17:27:00.950]    __FlashAddr=0x00000000
[17:27:00.950]    __FlashLen=0x00000000
[17:27:00.950]    __FlashArg=0x00000000
[17:27:00.950]    __FlashOp=0x00000000
[17:27:00.950]    __Result=0x00000000
[17:27:00.950]  </debugvars>
[17:27:00.950]  
[17:27:00.950]  <sequence name="DebugPortStart" Pname="" disable="false" info="">
[17:27:00.950]    <block atomic="false" info="">
[17:27:00.950]      __var SW_DP_ABORT       = 0x0;
[17:27:00.950]        // -> [SW_DP_ABORT <= 0x00000000]
[17:27:00.950]      __var DP_CTRL_STAT      = 0x4;
[17:27:00.950]        // -> [DP_CTRL_STAT <= 0x00000004]
[17:27:00.950]      __var DP_SELECT         = 0x8;
[17:27:00.950]        // -> [DP_SELECT <= 0x00000008]
[17:27:00.950]      __var powered_down      = 0;
[17:27:00.950]        // -> [powered_down <= 0x00000000]
[17:27:00.950]      WriteDP(DP_SELECT, 0x00000000);
[17:27:00.950]        // -> [WriteDP(0x00000008, 0x00000000)]   (__dp=0x00000000)
[17:27:00.950]      powered_down = ((ReadDP(DP_CTRL_STAT) & 0xA0000000) != 0xA0000000);
[17:27:00.957]        // -> [ReadDP(0x00000004) => 0x00000040]   (__dp=0x00000000)
[17:27:00.957]        // -> [powered_down <= 0x00000001]
[17:27:00.957]    </block>
[17:27:00.957]    <control if="powered_down" while="" timeout="0" info="">
[17:27:00.957]      // if-block "powered_down"
[17:27:00.957]        // =>  TRUE
[17:27:00.957]      <block atomic="false" info="">
[17:27:00.957]        Message(0, "Debug/System power-up request sent");
[17:27:00.959]        WriteDP(DP_CTRL_STAT, 0x50000000);
[17:27:00.961]          // -> [WriteDP(0x00000004, 0x50000000)]   (__dp=0x00000000)
[17:27:00.961]      </block>
[17:27:00.961]      <control if="" while="(ReadDP(DP_CTRL_STAT) & 0xA0000000) != 0xA0000000" timeout="1000000" info="">
[17:27:00.961]        // while "(ReadDP(DP_CTRL_STAT) & 0xA0000000) != 0xA0000000"  (timeout="1000000")
[17:27:00.963]          // -> [ReadDP(0x00000004) => 0xF0000040]   (__dp=0x00000000)
[17:27:00.963]        // while-condition  =>  FALSE
[17:27:00.963]        // end while "(ReadDP(DP_CTRL_STAT) & 0xA0000000) != 0xA0000000"
[17:27:00.963]      </control>
[17:27:00.963]      <control if="(__protocol & 0xFFFF) == 1" while="" timeout="0" info="">
[17:27:00.963]        // if-block "(__protocol & 0xFFFF) == 1"
[17:27:00.963]          // =>  FALSE
[17:27:00.963]        // skip if-block "(__protocol & 0xFFFF) == 1"
[17:27:00.963]      </control>
[17:27:00.963]      <control if="(__protocol & 0xFFFF) == 2" while="" timeout="0" info="">
[17:27:00.963]        // if-block "(__protocol & 0xFFFF) == 2"
[17:27:00.963]          // =>  TRUE
[17:27:00.964]        <block atomic="false" info="">
[17:27:00.964]          Message(0, "executing SWD power up");
[17:27:00.966]          WriteDP(DP_CTRL_STAT, 0x50000F00);
[17:27:00.967]            // -> [WriteDP(0x00000004, 0x50000F00)]   (__dp=0x00000000)
[17:27:00.968]          WriteDP(SW_DP_ABORT, 0x0000001E);
[17:27:00.969]            // -> [WriteDP(0x00000000, 0x0000001E)]   (__dp=0x00000000)
[17:27:00.969]        </block>
[17:27:00.969]        // end if-block "(__protocol & 0xFFFF) == 2"
[17:27:00.969]      </control>
[17:27:00.969]      // end if-block "powered_down"
[17:27:00.969]    </control>
[17:27:00.969]    <block atomic="false" info="">
[17:27:00.969]      __var DEBUG_PORT_VAL    = 0;
[17:27:00.969]        // -> [DEBUG_PORT_VAL <= 0x00000000]
[17:27:00.969]      __var ACCESS_POINT_VAL  = 0;
[17:27:00.969]        // -> [ACCESS_POINT_VAL <= 0x00000000]
[17:27:00.969]      __ap = 1; 
[17:27:00.969]        // -> [__ap <= 0x00000001]
[17:27:00.969]      WriteAP(0x0C, 0x04); //lets use the mini pwr-ap as backup
[17:27:00.973]        // -> [WriteAP(0x0000000C, 0x00000004)]   (__dp=0x00000000, __ap=0x00000001)
[17:27:00.973]      __ap = 4;
[17:27:00.973]        // -> [__ap <= 0x00000004]
[17:27:00.973]      ACCESS_POINT_VAL = ReadAP(0x00);//Reading current state of access point
[17:27:00.977]        // -> [ReadAP(0x00000000) => 0x00080027]   (__dp=0x00000000, __ap=0x00000004)
[17:27:00.978]        // -> [ACCESS_POINT_VAL <= 0x00080027]
[17:27:00.978]      Message(0, "Current state of access point is: %x",ACCESS_POINT_VAL);
[17:27:00.978]    </block>
[17:27:00.978]    <block atomic="false" info="">
[17:27:00.978]      __var nReset = 0x80;
[17:27:00.978]        // -> [nReset <= 0x00000080]
[17:27:00.978]      __var canReadPins = 0;
[17:27:00.978]        // -> [canReadPins <= 0x00000000]
[17:27:00.978]      canReadPins = (DAP_SWJ_Pins(0x00, nReset, 0) != 0xFFFFFFFF);
[17:27:00.978]        // -> [DAP_SWJ_Pins(0x00, 0x80, 0) => 0x0F]   (Out: nRESET=0  =>  In: SWCLK/TCK=1, SWDIO/TMS=1, TDI=1, TDO=1, nTRST=0, nRESET=0)
[17:27:00.978]        // -> [canReadPins <= 0x00000001]
[17:27:00.978]    </block>
[17:27:00.978]    <control if="" while="1" timeout="200" info="">
[17:27:00.978]      // while "1"  (timeout="200")
[17:27:00.978]      // while-condition  =>  TRUE
[17:27:00.978]      // while "1"  (timeout="200")
[17:27:00.978]      // while-condition  =>  TRUE
[17:27:00.978]      // while "1"  (timeout="200")
[17:27:00.978]      // while-condition  =>  TRUE
[17:27:00.978]      // while "1"  (timeout="200")
[17:27:00.982]      // while-condition  =>  TRUE
[17:27:00.982]      // while "1"  (timeout="200")
[17:27:00.982]      // while  =>  TIMEOUT
[17:27:00.982]      // end while "1"
[17:27:00.982]    </control>
[17:27:00.982]    <control if="canReadPins" while="" timeout="0" info="">
[17:27:00.982]      // if-block "canReadPins"
[17:27:00.982]        // =>  TRUE
[17:27:00.982]      <control if="" while="(DAP_SWJ_Pins(nReset, nReset, 0) & nReset) == 0" timeout="1000000" info="">
[17:27:00.982]        // while "(DAP_SWJ_Pins(nReset, nReset, 0) & nReset) == 0"  (timeout="1000000")
[17:27:00.982]          // -> [DAP_SWJ_Pins(0x80, 0x80, 0) => 0x8F]   (Out: nRESET=1  =>  In: SWCLK/TCK=1, SWDIO/TMS=1, TDI=1, TDO=1, nTRST=0, nRESET=1)
[17:27:00.982]        // while-condition  =>  FALSE
[17:27:00.982]        // end while "(DAP_SWJ_Pins(nReset, nReset, 0) & nReset) == 0"
[17:27:00.982]      </control>
[17:27:00.982]      // end if-block "canReadPins"
[17:27:00.982]    </control>
[17:27:00.982]    <control if="!canReadPins" while="" timeout="0" info="">
[17:27:00.982]      // if-block "!canReadPins"
[17:27:00.982]        // =>  FALSE
[17:27:00.982]      // skip if-block "!canReadPins"
[17:27:00.982]    </control>
[17:27:00.982]    <control if="(ACCESS_POINT_VAL & 0x00E00000) == 0" while="" timeout="0" info="">
[17:27:00.982]      // if-block "(ACCESS_POINT_VAL & 0x00E00000) == 0"
[17:27:00.982]        // =>  TRUE
[17:27:00.982]      <block atomic="false" info="">
[17:27:00.982]        WriteAP(0x00, 0x190008);
[17:27:00.987]          // -> [WriteAP(0x00000000, 0x00190008)]   (__dp=0x00000000, __ap=0x00000004)
[17:27:00.988]        WriteAP(0xF0, 0x01);
[17:27:00.991]          // -> [WriteAP(0x000000F0, 0x00000001)]   (__dp=0x00000000, __ap=0x00000004)
[17:27:00.991]      </block>
[17:27:00.991]      // end if-block "(ACCESS_POINT_VAL & 0x00E00000) == 0"
[17:27:00.991]    </control>
[17:27:00.991]    <control if="(ACCESS_POINT_VAL & 0x00E00000) != 0" while="" timeout="0" info="">
[17:27:00.991]      // if-block "(ACCESS_POINT_VAL & 0x00E00000) != 0"
[17:27:00.992]        // =>  FALSE
[17:27:00.992]      // skip if-block "(ACCESS_POINT_VAL & 0x00E00000) != 0"
[17:27:00.992]    </control>
[17:27:00.992]    <block atomic="false" info="">
[17:27:00.992]      ACCESS_POINT_VAL = ReadAP(0x00);//Reading current state of access point
[17:27:00.997]        // -> [ReadAP(0x00000000) => 0x0079002F]   (__dp=0x00000000, __ap=0x00000004)
[17:27:00.997]        // -> [ACCESS_POINT_VAL <= 0x0079002F]
[17:27:00.997]      Message(0, "Current state of access point is: %x",ACCESS_POINT_VAL);
[17:27:00.998]      __ap = 0; //lets make sure we reset the access point selection
[17:27:00.999]        // -> [__ap <= 0x00000000]
[17:27:00.999]    </block>
[17:27:00.999]  </sequence>
[17:27:00.999]  
[17:27:01.018]  **********  Sequence "DebugDeviceUnlock"  (Context="Connect", Pname="", info="")
[17:27:01.018]  
[17:27:01.018]  <debugvars>
[17:27:01.018]    // Pre-defined
[17:27:01.018]    __protocol=0x00010002      (Protocol="SWD", SWJ-DP="True")
[17:27:01.018]    __connection=0x00000202    (Connection Type="Flash", Reset Type="System Reset")
[17:27:01.018]    __dp=0x00000000
[17:27:01.018]    __ap=0x00000000
[17:27:01.018]    __traceout=0x00000000      (Trace Disabled)
[17:27:01.018]    __errorcontrol=0x00000000  (Skip Errors="False")
[17:27:01.018]    __FlashAddr=0x00000000
[17:27:01.018]    __FlashLen=0x00000000
[17:27:01.018]    __FlashArg=0x00000000
[17:27:01.018]    __FlashOp=0x00000000
[17:27:01.018]    __Result=0x00000000
[17:27:01.018]  </debugvars>
[17:27:01.018]  
[17:27:01.018]  <sequence name="DebugDeviceUnlock" Pname="" disable="false" info="">
[17:27:01.018]    <block atomic="false" info="">
[17:27:01.018]      __var deviceID = 0;
[17:27:01.018]        // -> [deviceID <= 0x00000000]
[17:27:01.018]      __var version = 0;
[17:27:01.018]        // -> [version <= 0x00000000]
[17:27:01.018]      __var partNum = 0;
[17:27:01.018]        // -> [partNum <= 0x00000000]
[17:27:01.018]      __var manuf = 0;
[17:27:01.018]        // -> [manuf <= 0x00000000]
[17:27:01.018]      __var isMSPM0G1X0X_G3X0X = 0;
[17:27:01.018]        // -> [isMSPM0G1X0X_G3X0X <= 0x00000000]
[17:27:01.018]      __var isProduction = 0;
[17:27:01.018]        // -> [isProduction <= 0x00000000]
[17:27:01.018]      __var continueId = 0;
[17:27:01.018]        // -> [continueId <= 0x00000000]
[17:27:01.018]      deviceID =   Read32(0x41C40004);
[17:27:01.025]        // -> [Read32(0x41C40004) => 0x2BB8802F]   (__dp=0x00000000, __ap=0x00000000)
[17:27:01.025]        // -> [deviceID <= 0x2BB8802F]
[17:27:01.025]      version = deviceID >> 28;
[17:27:01.027]        // -> [version <= 0x00000002]
[17:27:01.027]      partNum = (deviceID & 0x0FFFF000) >> 12;
[17:27:01.027]        // -> [partNum <= 0x0000BB88]
[17:27:01.027]      manuf = (deviceID & 0x00000FFE) >> 1;
[17:27:01.027]        // -> [manuf <= 0x00000017]
[17:27:01.027]      isMSPM0G1X0X_G3X0X = (partNum == 0xBB88) && (manuf == 0x17);
[17:27:01.027]        // -> [isMSPM0G1X0X_G3X0X <= 0x00000001]
[17:27:01.027]      isProduction = (version > 0);
[17:27:01.027]        // -> [isProduction <= 0x00000001]
[17:27:01.027]    </block>
[17:27:01.027]    <control if="!isMSPM0G1X0X_G3X0X" while="" timeout="0" info="">
[17:27:01.027]      // if-block "!isMSPM0G1X0X_G3X0X"
[17:27:01.027]        // =>  FALSE
[17:27:01.027]      // skip if-block "!isMSPM0G1X0X_G3X0X"
[17:27:01.027]    </control>
[17:27:01.027]    <control if="continueId == 4" while="" timeout="0" info="">
[17:27:01.027]      // if-block "continueId == 4"
[17:27:01.027]        // =>  FALSE
[17:27:01.027]      // skip if-block "continueId == 4"
[17:27:01.027]    </control>
[17:27:01.027]    <control if="!isProduction" while="" timeout="0" info="">
[17:27:01.027]      // if-block "!isProduction"
[17:27:01.028]        // =>  FALSE
[17:27:01.028]      // skip if-block "!isProduction"
[17:27:01.028]    </control>
[17:27:01.028]  </sequence>
[17:27:01.028]  
[17:27:09.407]  **********  Sequence "DebugPortSetup"  (Context="Connect", Pname="", info="")
[17:27:09.407]  
[17:27:09.407]  <debugvars>
[17:27:09.407]    // Pre-defined
[17:27:09.407]    __protocol=0x00010002      (Protocol="SWD", SWJ-DP="True")
[17:27:09.407]    __connection=0x00000202    (Connection Type="Flash", Reset Type="System Reset")
[17:27:09.407]    __dp=0x00000000
[17:27:09.407]    __ap=0x00000000
[17:27:09.407]    __traceout=0x00000000      (Trace Disabled)
[17:27:09.407]    __errorcontrol=0x00000000  (Skip Errors="False")
[17:27:09.407]    __FlashAddr=0x00000000
[17:27:09.407]    __FlashLen=0x00000000
[17:27:09.407]    __FlashArg=0x00000000
[17:27:09.407]    __FlashOp=0x00000000
[17:27:09.407]    __Result=0x00000000
[17:27:09.407]  </debugvars>
[17:27:09.407]  
[17:27:09.417]  <sequence name="DebugPortSetup" Pname="" disable="false" info="">
[17:27:09.417]    <block atomic="false" info="">
[17:27:09.417]      __var isSWJ      = ((__protocol & 0x00010000) != 0);
[17:27:09.417]        // -> [isSWJ <= 0x00000001]
[17:27:09.417]      __var hasDormant = __protocol & 0x00020000;
[17:27:09.417]        // -> [hasDormant <= 0x00000000]
[17:27:09.417]      __var protType   = __protocol & 0x0000FFFF;
[17:27:09.417]        // -> [protType <= 0x00000002]
[17:27:09.417]    </block>
[17:27:09.417]    <control if="protType == 1" while="" timeout="0" info="">
[17:27:09.417]      // if-block "protType == 1"
[17:27:09.417]        // =>  FALSE
[17:27:09.417]      // skip if-block "protType == 1"
[17:27:09.417]    </control>
[17:27:09.417]    <control if="protType == 2" while="" timeout="0" info="">
[17:27:09.417]      // if-block "protType == 2"
[17:27:09.417]        // =>  TRUE
[17:27:09.417]      <control if="isSWJ" while="" timeout="0" info="">
[17:27:09.417]        // if-block "isSWJ"
[17:27:09.417]          // =>  TRUE
[17:27:09.417]        <control if="hasDormant" while="" timeout="0" info="">
[17:27:09.418]          // if-block "hasDormant"
[17:27:09.418]            // =>  FALSE
[17:27:09.418]          // skip if-block "hasDormant"
[17:27:09.418]        </control>
[17:27:09.418]        <control if="!hasDormant" while="" timeout="0" info="">
[17:27:09.418]          // if-block "!hasDormant"
[17:27:09.418]            // =>  TRUE
[17:27:09.418]          <block atomic="false" info="">
[17:27:09.418]            DAP_SWJ_Sequence(51, 0x0007FFFFFFFFFFFF); //lets put the JTAG line in a reset state
[17:27:09.418]              // -> [DAP_SWJ_Sequence(51, 0x0007FFFFFFFFFFFF)]
[17:27:09.418]            DAP_SWJ_Sequence(16,0xE73C); //SWD to JTAG, this is to ensure the state machine is initialized
[17:27:09.418]              // -> [DAP_SWJ_Sequence(16, 0x000000000000E73C)]
[17:27:09.418]            DAP_SWJ_Sequence(51, 0x0007FFFFFFFFFFFF); //Put it back in reset
[17:27:09.418]              // -> [DAP_SWJ_Sequence(51, 0x0007FFFFFFFFFFFF)]
[17:27:09.418]            DAP_SWJ_Sequence(16, 0xE79E); //JTAG to SWD switch
[17:27:09.427]              // -> [DAP_SWJ_Sequence(16, 0x000000000000E79E)]
[17:27:09.427]            DAP_SWJ_Sequence(51, 0x0007FFFFFFFFFFFF);  //Ensure the switch is successful 
[17:27:09.428]              // -> [DAP_SWJ_Sequence(51, 0x0007FFFFFFFFFFFF)]
[17:27:09.428]            DAP_SWJ_Sequence(7,  0x00); //Give the line some time to initialize
[17:27:09.428]              // -> [DAP_SWJ_Sequence(7, 0x0000000000000000)]
[17:27:09.428]          </block>
[17:27:09.428]          // end if-block "!hasDormant"
[17:27:09.428]        </control>
[17:27:09.428]        // end if-block "isSWJ"
[17:27:09.428]      </control>
[17:27:09.428]      <control if="!isSWJ" while="" timeout="0" info="">
[17:27:09.428]        // if-block "!isSWJ"
[17:27:09.428]          // =>  FALSE
[17:27:09.428]        // skip if-block "!isSWJ"
[17:27:09.428]      </control>
[17:27:09.428]      <block atomic="false" info="">
[17:27:09.428]        ReadDP(0x0);
[17:27:09.428]          // -> [ReadDP(0x00000000) => 0x6BA02477]   (__dp=0x00000000)
[17:27:09.437]      </block>
[17:27:09.437]      // end if-block "protType == 2"
[17:27:09.437]    </control>
[17:27:09.437]  </sequence>
[17:27:09.437]  
[17:27:09.438]  **********  Sequence "DebugPortStart"  (Context="Connect", Pname="", info="")
[17:27:09.438]  
[17:27:09.438]  <debugvars>
[17:27:09.438]    // Pre-defined
[17:27:09.438]    __protocol=0x00010002      (Protocol="SWD", SWJ-DP="True")
[17:27:09.438]    __connection=0x00000202    (Connection Type="Flash", Reset Type="System Reset")
[17:27:09.438]    __dp=0x00000000
[17:27:09.438]    __ap=0x00000000
[17:27:09.438]    __traceout=0x00000000      (Trace Disabled)
[17:27:09.438]    __errorcontrol=0x00000000  (Skip Errors="False")
[17:27:09.438]    __FlashAddr=0x00000000
[17:27:09.438]    __FlashLen=0x00000000
[17:27:09.438]    __FlashArg=0x00000000
[17:27:09.438]    __FlashOp=0x00000000
[17:27:09.438]    __Result=0x00000000
[17:27:09.438]  </debugvars>
[17:27:09.438]  
[17:27:09.438]  <sequence name="DebugPortStart" Pname="" disable="false" info="">
[17:27:09.438]    <block atomic="false" info="">
[17:27:09.438]      __var SW_DP_ABORT       = 0x0;
[17:27:09.438]        // -> [SW_DP_ABORT <= 0x00000000]
[17:27:09.438]      __var DP_CTRL_STAT      = 0x4;
[17:27:09.438]        // -> [DP_CTRL_STAT <= 0x00000004]
[17:27:09.438]      __var DP_SELECT         = 0x8;
[17:27:09.438]        // -> [DP_SELECT <= 0x00000008]
[17:27:09.438]      __var powered_down      = 0;
[17:27:09.438]        // -> [powered_down <= 0x00000000]
[17:27:09.438]      WriteDP(DP_SELECT, 0x00000000);
[17:27:09.444]        // -> [WriteDP(0x00000008, 0x00000000)]   (__dp=0x00000000)
[17:27:09.444]      powered_down = ((ReadDP(DP_CTRL_STAT) & 0xA0000000) != 0xA0000000);
[17:27:09.446]        // -> [ReadDP(0x00000004) => 0x00000040]   (__dp=0x00000000)
[17:27:09.447]        // -> [powered_down <= 0x00000001]
[17:27:09.447]    </block>
[17:27:09.447]    <control if="powered_down" while="" timeout="0" info="">
[17:27:09.447]      // if-block "powered_down"
[17:27:09.447]        // =>  TRUE
[17:27:09.447]      <block atomic="false" info="">
[17:27:09.447]        Message(0, "Debug/System power-up request sent");
[17:27:09.449]        WriteDP(DP_CTRL_STAT, 0x50000000);
[17:27:09.449]          // -> [WriteDP(0x00000004, 0x50000000)]   (__dp=0x00000000)
[17:27:09.449]      </block>
[17:27:09.449]      <control if="" while="(ReadDP(DP_CTRL_STAT) & 0xA0000000) != 0xA0000000" timeout="1000000" info="">
[17:27:09.449]        // while "(ReadDP(DP_CTRL_STAT) & 0xA0000000) != 0xA0000000"  (timeout="1000000")
[17:27:09.452]          // -> [ReadDP(0x00000004) => 0xF0000040]   (__dp=0x00000000)
[17:27:09.452]        // while-condition  =>  FALSE
[17:27:09.452]        // end while "(ReadDP(DP_CTRL_STAT) & 0xA0000000) != 0xA0000000"
[17:27:09.452]      </control>
[17:27:09.452]      <control if="(__protocol & 0xFFFF) == 1" while="" timeout="0" info="">
[17:27:09.452]        // if-block "(__protocol & 0xFFFF) == 1"
[17:27:09.452]          // =>  FALSE
[17:27:09.452]        // skip if-block "(__protocol & 0xFFFF) == 1"
[17:27:09.452]      </control>
[17:27:09.452]      <control if="(__protocol & 0xFFFF) == 2" while="" timeout="0" info="">
[17:27:09.452]        // if-block "(__protocol & 0xFFFF) == 2"
[17:27:09.452]          // =>  TRUE
[17:27:09.452]        <block atomic="false" info="">
[17:27:09.452]          Message(0, "executing SWD power up");
[17:27:09.452]          WriteDP(DP_CTRL_STAT, 0x50000F00);
[17:27:09.457]            // -> [WriteDP(0x00000004, 0x50000F00)]   (__dp=0x00000000)
[17:27:09.457]          WriteDP(SW_DP_ABORT, 0x0000001E);
[17:27:09.461]            // -> [WriteDP(0x00000000, 0x0000001E)]   (__dp=0x00000000)
[17:27:09.461]        </block>
[17:27:09.461]        // end if-block "(__protocol & 0xFFFF) == 2"
[17:27:09.461]      </control>
[17:27:09.461]      // end if-block "powered_down"
[17:27:09.461]    </control>
[17:27:09.461]    <block atomic="false" info="">
[17:27:09.461]      __var DEBUG_PORT_VAL    = 0;
[17:27:09.461]        // -> [DEBUG_PORT_VAL <= 0x00000000]
[17:27:09.463]      __var ACCESS_POINT_VAL  = 0;
[17:27:09.463]        // -> [ACCESS_POINT_VAL <= 0x00000000]
[17:27:09.463]      __ap = 1; 
[17:27:09.463]        // -> [__ap <= 0x00000001]
[17:27:09.463]      WriteAP(0x0C, 0x04); //lets use the mini pwr-ap as backup
[17:27:09.470]        // -> [WriteAP(0x0000000C, 0x00000004)]   (__dp=0x00000000, __ap=0x00000001)
[17:27:09.470]      __ap = 4;
[17:27:09.470]        // -> [__ap <= 0x00000004]
[17:27:09.470]      ACCESS_POINT_VAL = ReadAP(0x00);//Reading current state of access point
[17:27:09.470]        // -> [ReadAP(0x00000000) => 0x00080427]   (__dp=0x00000000, __ap=0x00000004)
[17:27:09.470]        // -> [ACCESS_POINT_VAL <= 0x00080427]
[17:27:09.470]      Message(0, "Current state of access point is: %x",ACCESS_POINT_VAL);
[17:27:09.477]    </block>
[17:27:09.477]    <block atomic="false" info="">
[17:27:09.477]      __var nReset = 0x80;
[17:27:09.477]        // -> [nReset <= 0x00000080]
[17:27:09.477]      __var canReadPins = 0;
[17:27:09.477]        // -> [canReadPins <= 0x00000000]
[17:27:09.477]      canReadPins = (DAP_SWJ_Pins(0x00, nReset, 0) != 0xFFFFFFFF);
[17:27:09.478]        // -> [DAP_SWJ_Pins(0x00, 0x80, 0) => 0x0F]   (Out: nRESET=0  =>  In: SWCLK/TCK=1, SWDIO/TMS=1, TDI=1, TDO=1, nTRST=0, nRESET=0)
[17:27:09.478]        // -> [canReadPins <= 0x00000001]
[17:27:09.478]    </block>
[17:27:09.478]    <control if="" while="1" timeout="200" info="">
[17:27:09.478]      // while "1"  (timeout="200")
[17:27:09.478]      // while-condition  =>  TRUE
[17:27:09.478]      // while "1"  (timeout="200")
[17:27:09.478]      // while-condition  =>  TRUE
[17:27:09.478]      // while "1"  (timeout="200")
[17:27:09.478]      // while-condition  =>  TRUE
[17:27:09.478]      // while "1"  (timeout="200")
[17:27:09.478]      // while-condition  =>  TRUE
[17:27:09.478]      // while "1"  (timeout="200")
[17:27:09.478]      // while-condition  =>  TRUE
[17:27:09.478]      // while "1"  (timeout="200")
[17:27:09.478]      // while-condition  =>  TRUE
[17:27:09.478]      // while "1"  (timeout="200")
[17:27:09.478]      // while-condition  =>  TRUE
[17:27:09.478]      // while "1"  (timeout="200")
[17:27:09.478]      // while-condition  =>  TRUE
[17:27:09.478]      // while "1"  (timeout="200")
[17:27:09.478]      // while-condition  =>  TRUE
[17:27:09.478]      // while "1"  (timeout="200")
[17:27:09.478]      // while-condition  =>  TRUE
[17:27:09.478]      // while "1"  (timeout="200")
[17:27:09.478]      // while-condition  =>  TRUE
[17:27:09.478]      // while "1"  (timeout="200")
[17:27:09.478]      // while-condition  =>  TRUE
[17:27:09.478]      // while "1"  (timeout="200")
[17:27:09.478]      // while-condition  =>  TRUE
[17:27:09.478]      // while "1"  (timeout="200")
[17:27:09.478]      // while-condition  =>  TRUE
[17:27:09.478]      // while "1"  (timeout="200")
[17:27:09.478]      // while-condition  =>  TRUE
[17:27:09.478]      // while "1"  (timeout="200")
[17:27:09.478]      // while-condition  =>  TRUE
[17:27:09.478]      // while "1"  (timeout="200")
[17:27:09.478]      // while-condition  =>  TRUE
[17:27:09.478]      // while "1"  (timeout="200")
[17:27:09.478]      // while-condition  =>  TRUE
[17:27:09.478]      // while "1"  (timeout="200")
[17:27:09.478]      // while-condition  =>  TRUE
[17:27:09.478]      // while "1"  (timeout="200")
[17:27:09.478]      // while-condition  =>  TRUE
[17:27:09.478]      // while "1"  (timeout="200")
[17:27:09.478]      // while-condition  =>  TRUE
[17:27:09.478]      // while "1"  (timeout="200")
[17:27:09.478]      // while-condition  =>  TRUE
[17:27:09.478]      // while "1"  (timeout="200")
[17:27:09.478]      // while-condition  =>  TRUE
[17:27:09.478]      // while "1"  (timeout="200")
[17:27:09.478]      // while-condition  =>  TRUE
[17:27:09.478]      // while "1"  (timeout="200")
[17:27:09.478]      // while-condition  =>  TRUE
[17:27:09.478]      // while "1"  (timeout="200")
[17:27:09.478]      // while-condition  =>  TRUE
[17:27:09.478]      // while "1"  (timeout="200")
[17:27:09.478]      // while-condition  =>  TRUE
[17:27:09.478]      // while "1"  (timeout="200")
[17:27:09.478]      // while-condition  =>  TRUE
[17:27:09.478]      // while "1"  (timeout="200")
[17:27:09.478]      // while-condition  =>  TRUE
[17:27:09.478]      // while "1"  (timeout="200")
[17:27:09.478]      // while-condition  =>  TRUE
[17:27:09.478]      // while "1"  (timeout="200")
[17:27:09.478]      // while-condition  =>  TRUE
[17:27:09.478]      // while "1"  (timeout="200")
[17:27:09.478]      // while-condition  =>  TRUE
[17:27:09.478]      // while "1"  (timeout="200")
[17:27:09.478]      // while-condition  =>  TRUE
[17:27:09.478]      // while "1"  (timeout="200")
[17:27:09.478]      // while-condition  =>  TRUE
[17:27:09.478]      // while "1"  (timeout="200")
[17:27:09.478]      // while-condition  =>  TRUE
[17:27:09.478]      // while "1"  (timeout="200")
[17:27:09.478]      // while-condition  =>  TRUE
[17:27:09.478]      // while "1"  (timeout="200")
[17:27:09.478]      // while-condition  =>  TRUE
[17:27:09.478]      // while "1"  (timeout="200")
[17:27:09.478]      // while-condition  =>  TRUE
[17:27:09.478]      // while "1"  (timeout="200")
[17:27:09.478]      // while-condition  =>  TRUE
[17:27:09.478]      // while "1"  (timeout="200")
[17:27:09.478]      // while-condition  =>  TRUE
[17:27:09.478]      // while "1"  (timeout="200")
[17:27:09.478]      // while-condition  =>  TRUE
[17:27:09.478]      // while "1"  (timeout="200")
[17:27:09.478]      // while-condition  =>  TRUE
[17:27:09.478]      // while "1"  (timeout="200")
[17:27:09.478]      // while-condition  =>  TRUE
[17:27:09.478]      // while "1"  (timeout="200")
[17:27:09.478]      // while-condition  =>  TRUE
[17:27:09.478]      // while "1"  (timeout="200")
[17:27:09.478]      // while-condition  =>  TRUE
[17:27:09.478]      // while "1"  (timeout="200")
[17:27:09.478]      // while-condition  =>  TRUE
[17:27:09.478]      // while "1"  (timeout="200")
[17:27:09.478]      // while-condition  =>  TRUE
[17:27:09.485]      // while "1"  (timeout="200")
[17:27:09.485]      // while  =>  TIMEOUT
[17:27:09.485]      // end while "1"
[17:27:09.485]    </control>
[17:27:09.485]    <control if="canReadPins" while="" timeout="0" info="">
[17:27:09.485]      // if-block "canReadPins"
[17:27:09.485]        // =>  TRUE
[17:27:09.485]      <control if="" while="(DAP_SWJ_Pins(nReset, nReset, 0) & nReset) == 0" timeout="1000000" info="">
[17:27:09.485]        // while "(DAP_SWJ_Pins(nReset, nReset, 0) & nReset) == 0"  (timeout="1000000")
[17:27:09.485]          // -> [DAP_SWJ_Pins(0x80, 0x80, 0) => 0x8F]   (Out: nRESET=1  =>  In: SWCLK/TCK=1, SWDIO/TMS=1, TDI=1, TDO=1, nTRST=0, nRESET=1)
[17:27:09.485]        // while-condition  =>  FALSE
[17:27:09.487]        // end while "(DAP_SWJ_Pins(nReset, nReset, 0) & nReset) == 0"
[17:27:09.487]      </control>
[17:27:09.487]      // end if-block "canReadPins"
[17:27:09.487]    </control>
[17:27:09.487]    <control if="!canReadPins" while="" timeout="0" info="">
[17:27:09.487]      // if-block "!canReadPins"
[17:27:09.487]        // =>  FALSE
[17:27:09.487]      // skip if-block "!canReadPins"
[17:27:09.487]    </control>
[17:27:09.487]    <control if="(ACCESS_POINT_VAL & 0x00E00000) == 0" while="" timeout="0" info="">
[17:27:09.487]      // if-block "(ACCESS_POINT_VAL & 0x00E00000) == 0"
[17:27:09.487]        // =>  TRUE
[17:27:09.487]      <block atomic="false" info="">
[17:27:09.487]        WriteAP(0x00, 0x190008);
[17:27:09.498]          // -> [WriteAP(0x00000000, 0x00190008)]   (__dp=0x00000000, __ap=0x00000004)
[17:27:09.498]        WriteAP(0xF0, 0x01);
[17:27:09.498]          // -> [WriteAP(0x000000F0, 0x00000001)]   (__dp=0x00000000, __ap=0x00000004)
[17:27:09.498]      </block>
[17:27:09.498]      // end if-block "(ACCESS_POINT_VAL & 0x00E00000) == 0"
[17:27:09.498]    </control>
[17:27:09.498]    <control if="(ACCESS_POINT_VAL & 0x00E00000) != 0" while="" timeout="0" info="">
[17:27:09.498]      // if-block "(ACCESS_POINT_VAL & 0x00E00000) != 0"
[17:27:09.498]        // =>  FALSE
[17:27:09.498]      // skip if-block "(ACCESS_POINT_VAL & 0x00E00000) != 0"
[17:27:09.498]    </control>
[17:27:09.498]    <block atomic="false" info="">
[17:27:09.498]      ACCESS_POINT_VAL = ReadAP(0x00);//Reading current state of access point
[17:27:09.498]        // -> [ReadAP(0x00000000) => 0x0079042F]   (__dp=0x00000000, __ap=0x00000004)
[17:27:09.498]        // -> [ACCESS_POINT_VAL <= 0x0079042F]
[17:27:09.498]      Message(0, "Current state of access point is: %x",ACCESS_POINT_VAL);
[17:27:09.507]      __ap = 0; //lets make sure we reset the access point selection
[17:27:09.507]        // -> [__ap <= 0x00000000]
[17:27:09.507]    </block>
[17:27:09.507]  </sequence>
[17:27:09.507]  
[17:27:09.527]  **********  Sequence "DebugDeviceUnlock"  (Context="Connect", Pname="", info="")
[17:27:09.527]  
[17:27:09.527]  <debugvars>
[17:27:09.527]    // Pre-defined
[17:27:09.527]    __protocol=0x00010002      (Protocol="SWD", SWJ-DP="True")
[17:27:09.527]    __connection=0x00000202    (Connection Type="Flash", Reset Type="System Reset")
[17:27:09.528]    __dp=0x00000000
[17:27:09.528]    __ap=0x00000000
[17:27:09.528]    __traceout=0x00000000      (Trace Disabled)
[17:27:09.528]    __errorcontrol=0x00000000  (Skip Errors="False")
[17:27:09.528]    __FlashAddr=0x00000000
[17:27:09.528]    __FlashLen=0x00000000
[17:27:09.528]    __FlashArg=0x00000000
[17:27:09.528]    __FlashOp=0x00000000
[17:27:09.528]    __Result=0x00000000
[17:27:09.528]  </debugvars>
[17:27:09.528]  
[17:27:09.528]  <sequence name="DebugDeviceUnlock" Pname="" disable="false" info="">
[17:27:09.528]    <block atomic="false" info="">
[17:27:09.528]      __var deviceID = 0;
[17:27:09.528]        // -> [deviceID <= 0x00000000]
[17:27:09.528]      __var version = 0;
[17:27:09.528]        // -> [version <= 0x00000000]
[17:27:09.528]      __var partNum = 0;
[17:27:09.528]        // -> [partNum <= 0x00000000]
[17:27:09.528]      __var manuf = 0;
[17:27:09.528]        // -> [manuf <= 0x00000000]
[17:27:09.528]      __var isMSPM0G1X0X_G3X0X = 0;
[17:27:09.528]        // -> [isMSPM0G1X0X_G3X0X <= 0x00000000]
[17:27:09.528]      __var isProduction = 0;
[17:27:09.528]        // -> [isProduction <= 0x00000000]
[17:27:09.528]      __var continueId = 0;
[17:27:09.528]        // -> [continueId <= 0x00000000]
[17:27:09.528]      deviceID =   Read32(0x41C40004);
[17:27:09.528]        // -> [Read32(0x41C40004) => 0x2BB8802F]   (__dp=0x00000000, __ap=0x00000000)
[17:27:09.528]        // -> [deviceID <= 0x2BB8802F]
[17:27:09.528]      version = deviceID >> 28;
[17:27:09.528]        // -> [version <= 0x00000002]
[17:27:09.528]      partNum = (deviceID & 0x0FFFF000) >> 12;
[17:27:09.528]        // -> [partNum <= 0x0000BB88]
[17:27:09.528]      manuf = (deviceID & 0x00000FFE) >> 1;
[17:27:09.528]        // -> [manuf <= 0x00000017]
[17:27:09.528]      isMSPM0G1X0X_G3X0X = (partNum == 0xBB88) && (manuf == 0x17);
[17:27:09.528]        // -> [isMSPM0G1X0X_G3X0X <= 0x00000001]
[17:27:09.528]      isProduction = (version > 0);
[17:27:09.528]        // -> [isProduction <= 0x00000001]
[17:27:09.528]    </block>
[17:27:09.528]    <control if="!isMSPM0G1X0X_G3X0X" while="" timeout="0" info="">
[17:27:09.528]      // if-block "!isMSPM0G1X0X_G3X0X"
[17:27:09.528]        // =>  FALSE
[17:27:09.528]      // skip if-block "!isMSPM0G1X0X_G3X0X"
[17:27:09.528]    </control>
[17:27:09.528]    <control if="continueId == 4" while="" timeout="0" info="">
[17:27:09.528]      // if-block "continueId == 4"
[17:27:09.537]        // =>  FALSE
[17:27:09.537]      // skip if-block "continueId == 4"
[17:27:09.537]    </control>
[17:27:09.537]    <control if="!isProduction" while="" timeout="0" info="">
[17:27:09.537]      // if-block "!isProduction"
[17:27:09.537]        // =>  FALSE
[17:27:09.537]      // skip if-block "!isProduction"
[17:27:09.537]    </control>
[17:27:09.537]  </sequence>
[17:27:09.537]  
[17:32:49.886]  **********  Sequence "DebugPortSetup"  (Context="Connect", Pname="", info="")
[17:32:49.886]  
[17:32:49.886]  <debugvars>
[17:32:49.886]    // Pre-defined
[17:32:49.886]    __protocol=0x00010002      (Protocol="SWD", SWJ-DP="True")
[17:32:49.886]    __connection=0x00000202    (Connection Type="Flash", Reset Type="System Reset")
[17:32:49.886]    __dp=0x00000000
[17:32:49.886]    __ap=0x00000000
[17:32:49.886]    __traceout=0x00000000      (Trace Disabled)
[17:32:49.886]    __errorcontrol=0x00000000  (Skip Errors="False")
[17:32:49.886]    __FlashAddr=0x00000000
[17:32:49.886]    __FlashLen=0x00000000
[17:32:49.886]    __FlashArg=0x00000000
[17:32:49.886]    __FlashOp=0x00000000
[17:32:49.886]    __Result=0x00000000
[17:32:49.886]  </debugvars>
[17:32:49.886]  
[17:32:49.886]  <sequence name="DebugPortSetup" Pname="" disable="false" info="">
[17:32:49.886]    <block atomic="false" info="">
[17:32:49.886]      __var isSWJ      = ((__protocol & 0x00010000) != 0);
[17:32:49.886]        // -> [isSWJ <= 0x00000001]
[17:32:49.886]      __var hasDormant = __protocol & 0x00020000;
[17:32:49.886]        // -> [hasDormant <= 0x00000000]
[17:32:49.886]      __var protType   = __protocol & 0x0000FFFF;
[17:32:49.886]        // -> [protType <= 0x00000002]
[17:32:49.886]    </block>
[17:32:49.886]    <control if="protType == 1" while="" timeout="0" info="">
[17:32:49.886]      // if-block "protType == 1"
[17:32:49.886]        // =>  FALSE
[17:32:49.886]      // skip if-block "protType == 1"
[17:32:49.886]    </control>
[17:32:49.886]    <control if="protType == 2" while="" timeout="0" info="">
[17:32:49.886]      // if-block "protType == 2"
[17:32:49.886]        // =>  TRUE
[17:32:49.886]      <control if="isSWJ" while="" timeout="0" info="">
[17:32:49.886]        // if-block "isSWJ"
[17:32:49.886]          // =>  TRUE
[17:32:49.886]        <control if="hasDormant" while="" timeout="0" info="">
[17:32:49.886]          // if-block "hasDormant"
[17:32:49.886]            // =>  FALSE
[17:32:49.888]          // skip if-block "hasDormant"
[17:32:49.888]        </control>
[17:32:49.888]        <control if="!hasDormant" while="" timeout="0" info="">
[17:32:49.888]          // if-block "!hasDormant"
[17:32:49.888]            // =>  TRUE
[17:32:49.888]          <block atomic="false" info="">
[17:32:49.888]            DAP_SWJ_Sequence(51, 0x0007FFFFFFFFFFFF); //lets put the JTAG line in a reset state
[17:32:49.890]              // -> [DAP_SWJ_Sequence(51, 0x0007FFFFFFFFFFFF)]
[17:32:49.890]            DAP_SWJ_Sequence(16,0xE73C); //SWD to JTAG, this is to ensure the state machine is initialized
[17:32:49.892]              // -> [DAP_SWJ_Sequence(16, 0x000000000000E73C)]
[17:32:49.892]            DAP_SWJ_Sequence(51, 0x0007FFFFFFFFFFFF); //Put it back in reset
[17:32:49.895]              // -> [DAP_SWJ_Sequence(51, 0x0007FFFFFFFFFFFF)]
[17:32:49.895]            DAP_SWJ_Sequence(16, 0xE79E); //JTAG to SWD switch
[17:32:49.898]              // -> [DAP_SWJ_Sequence(16, 0x000000000000E79E)]
[17:32:49.898]            DAP_SWJ_Sequence(51, 0x0007FFFFFFFFFFFF);  //Ensure the switch is successful 
[17:32:49.900]              // -> [DAP_SWJ_Sequence(51, 0x0007FFFFFFFFFFFF)]
[17:32:49.900]            DAP_SWJ_Sequence(7,  0x00); //Give the line some time to initialize
[17:32:49.902]              // -> [DAP_SWJ_Sequence(7, 0x0000000000000000)]
[17:32:49.902]          </block>
[17:32:49.902]          // end if-block "!hasDormant"
[17:32:49.902]        </control>
[17:32:49.902]        // end if-block "isSWJ"
[17:32:49.902]      </control>
[17:32:49.902]      <control if="!isSWJ" while="" timeout="0" info="">
[17:32:49.902]        // if-block "!isSWJ"
[17:32:49.902]          // =>  FALSE
[17:32:49.902]        // skip if-block "!isSWJ"
[17:32:49.902]      </control>
[17:32:49.902]      <block atomic="false" info="">
[17:32:49.902]        ReadDP(0x0);
[17:32:49.904]          // -> [ReadDP(0x00000000) => 0x6BA02477]   (__dp=0x00000000)
[17:32:49.904]      </block>
[17:32:49.904]      // end if-block "protType == 2"
[17:32:49.904]    </control>
[17:32:49.904]  </sequence>
[17:32:49.904]  
[17:32:49.907]  **********  Sequence "DebugPortStart"  (Context="Connect", Pname="", info="")
[17:32:49.907]  
[17:32:49.907]  <debugvars>
[17:32:49.907]    // Pre-defined
[17:32:49.907]    __protocol=0x00010002      (Protocol="SWD", SWJ-DP="True")
[17:32:49.907]    __connection=0x00000202    (Connection Type="Flash", Reset Type="System Reset")
[17:32:49.907]    __dp=0x00000000
[17:32:49.907]    __ap=0x00000000
[17:32:49.907]    __traceout=0x00000000      (Trace Disabled)
[17:32:49.907]    __errorcontrol=0x00000000  (Skip Errors="False")
[17:32:49.907]    __FlashAddr=0x00000000
[17:32:49.907]    __FlashLen=0x00000000
[17:32:49.907]    __FlashArg=0x00000000
[17:32:49.907]    __FlashOp=0x00000000
[17:32:49.907]    __Result=0x00000000
[17:32:49.909]  </debugvars>
[17:32:49.909]  
[17:32:49.909]  <sequence name="DebugPortStart" Pname="" disable="false" info="">
[17:32:49.909]    <block atomic="false" info="">
[17:32:49.909]      __var SW_DP_ABORT       = 0x0;
[17:32:49.909]        // -> [SW_DP_ABORT <= 0x00000000]
[17:32:49.909]      __var DP_CTRL_STAT      = 0x4;
[17:32:49.909]        // -> [DP_CTRL_STAT <= 0x00000004]
[17:32:49.909]      __var DP_SELECT         = 0x8;
[17:32:49.909]        // -> [DP_SELECT <= 0x00000008]
[17:32:49.909]      __var powered_down      = 0;
[17:32:49.909]        // -> [powered_down <= 0x00000000]
[17:32:49.909]      WriteDP(DP_SELECT, 0x00000000);
[17:32:49.911]        // -> [WriteDP(0x00000008, 0x00000000)]   (__dp=0x00000000)
[17:32:49.911]      powered_down = ((ReadDP(DP_CTRL_STAT) & 0xA0000000) != 0xA0000000);
[17:32:49.913]        // -> [ReadDP(0x00000004) => 0x00000040]   (__dp=0x00000000)
[17:32:49.913]        // -> [powered_down <= 0x00000001]
[17:32:49.913]    </block>
[17:32:49.913]    <control if="powered_down" while="" timeout="0" info="">
[17:32:49.913]      // if-block "powered_down"
[17:32:49.914]        // =>  TRUE
[17:32:49.914]      <block atomic="false" info="">
[17:32:49.914]        Message(0, "Debug/System power-up request sent");
[17:32:49.915]        WriteDP(DP_CTRL_STAT, 0x50000000);
[17:32:49.916]          // -> [WriteDP(0x00000004, 0x50000000)]   (__dp=0x00000000)
[17:32:49.916]      </block>
[17:32:49.916]      <control if="" while="(ReadDP(DP_CTRL_STAT) & 0xA0000000) != 0xA0000000" timeout="1000000" info="">
[17:32:49.916]        // while "(ReadDP(DP_CTRL_STAT) & 0xA0000000) != 0xA0000000"  (timeout="1000000")
[17:32:49.918]          // -> [ReadDP(0x00000004) => 0xF0000040]   (__dp=0x00000000)
[17:32:49.918]        // while-condition  =>  FALSE
[17:32:49.918]        // end while "(ReadDP(DP_CTRL_STAT) & 0xA0000000) != 0xA0000000"
[17:32:49.920]      </control>
[17:32:49.920]      <control if="(__protocol & 0xFFFF) == 1" while="" timeout="0" info="">
[17:32:49.920]        // if-block "(__protocol & 0xFFFF) == 1"
[17:32:49.920]          // =>  FALSE
[17:32:49.920]        // skip if-block "(__protocol & 0xFFFF) == 1"
[17:32:49.920]      </control>
[17:32:49.920]      <control if="(__protocol & 0xFFFF) == 2" while="" timeout="0" info="">
[17:32:49.920]        // if-block "(__protocol & 0xFFFF) == 2"
[17:32:49.920]          // =>  TRUE
[17:32:49.920]        <block atomic="false" info="">
[17:32:49.920]          Message(0, "executing SWD power up");
[17:32:49.920]          WriteDP(DP_CTRL_STAT, 0x50000F00);
[17:32:49.922]            // -> [WriteDP(0x00000004, 0x50000F00)]   (__dp=0x00000000)
[17:32:49.922]          WriteDP(SW_DP_ABORT, 0x0000001E);
[17:32:49.925]            // -> [WriteDP(0x00000000, 0x0000001E)]   (__dp=0x00000000)
[17:32:49.925]        </block>
[17:32:49.925]        // end if-block "(__protocol & 0xFFFF) == 2"
[17:32:49.925]      </control>
[17:32:49.925]      // end if-block "powered_down"
[17:32:49.925]    </control>
[17:32:49.925]    <block atomic="false" info="">
[17:32:49.925]      __var DEBUG_PORT_VAL    = 0;
[17:32:49.925]        // -> [DEBUG_PORT_VAL <= 0x00000000]
[17:32:49.925]      __var ACCESS_POINT_VAL  = 0;
[17:32:49.925]        // -> [ACCESS_POINT_VAL <= 0x00000000]
[17:32:49.925]      __ap = 1; 
[17:32:49.925]        // -> [__ap <= 0x00000001]
[17:32:49.925]      WriteAP(0x0C, 0x04); //lets use the mini pwr-ap as backup
[17:32:49.925]        // -> [WriteAP(0x0000000C, 0x00000004)]   (__dp=0x00000000, __ap=0x00000001)
[17:32:49.925]      __ap = 4;
[17:32:49.925]        // -> [__ap <= 0x00000004]
[17:32:49.925]      ACCESS_POINT_VAL = ReadAP(0x00);//Reading current state of access point
[17:32:49.934]        // -> [ReadAP(0x00000000) => 0x00080027]   (__dp=0x00000000, __ap=0x00000004)
[17:32:49.934]        // -> [ACCESS_POINT_VAL <= 0x00080027]
[17:32:49.935]      Message(0, "Current state of access point is: %x",ACCESS_POINT_VAL);
[17:32:49.935]    </block>
[17:32:49.935]    <block atomic="false" info="">
[17:32:49.935]      __var nReset = 0x80;
[17:32:49.935]        // -> [nReset <= 0x00000080]
[17:32:49.935]      __var canReadPins = 0;
[17:32:49.935]        // -> [canReadPins <= 0x00000000]
[17:32:49.935]      canReadPins = (DAP_SWJ_Pins(0x00, nReset, 0) != 0xFFFFFFFF);
[17:32:49.935]        // -> [DAP_SWJ_Pins(0x00, 0x80, 0) => 0x0F]   (Out: nRESET=0  =>  In: SWCLK/TCK=1, SWDIO/TMS=1, TDI=1, TDO=1, nTRST=0, nRESET=0)
[17:32:49.935]        // -> [canReadPins <= 0x00000001]
[17:32:49.935]    </block>
[17:32:49.935]    <control if="" while="1" timeout="200" info="">
[17:32:49.935]      // while "1"  (timeout="200")
[17:32:49.935]      // while-condition  =>  TRUE
[17:32:49.935]      // while "1"  (timeout="200")
[17:32:49.935]      // while-condition  =>  TRUE
[17:32:49.935]      // while "1"  (timeout="200")
[17:32:49.935]      // while-condition  =>  TRUE
[17:32:49.935]      // while "1"  (timeout="200")
[17:32:49.935]      // while-condition  =>  TRUE
[17:32:49.935]      // while "1"  (timeout="200")
[17:32:49.935]      // while-condition  =>  TRUE
[17:32:49.935]      // while "1"  (timeout="200")
[17:32:49.935]      // while-condition  =>  TRUE
[17:32:49.935]      // while "1"  (timeout="200")
[17:32:49.935]      // while-condition  =>  TRUE
[17:32:49.935]      // while "1"  (timeout="200")
[17:32:49.935]      // while-condition  =>  TRUE
[17:32:49.935]      // while "1"  (timeout="200")
[17:32:49.935]      // while-condition  =>  TRUE
[17:32:49.935]      // while "1"  (timeout="200")
[17:32:49.935]      // while-condition  =>  TRUE
[17:32:49.935]      // while "1"  (timeout="200")
[17:32:49.935]      // while-condition  =>  TRUE
[17:32:49.935]      // while "1"  (timeout="200")
[17:32:49.935]      // while-condition  =>  TRUE
[17:32:49.935]      // while "1"  (timeout="200")
[17:32:49.935]      // while-condition  =>  TRUE
[17:32:49.935]      // while "1"  (timeout="200")
[17:32:49.935]      // while-condition  =>  TRUE
[17:32:49.935]      // while "1"  (timeout="200")
[17:32:49.935]      // while-condition  =>  TRUE
[17:32:49.935]      // while "1"  (timeout="200")
[17:32:49.935]      // while-condition  =>  TRUE
[17:32:49.935]      // while "1"  (timeout="200")
[17:32:49.935]      // while-condition  =>  TRUE
[17:32:49.935]      // while "1"  (timeout="200")
[17:32:49.935]      // while-condition  =>  TRUE
[17:32:49.935]      // while "1"  (timeout="200")
[17:32:49.935]      // while-condition  =>  TRUE
[17:32:49.935]      // while "1"  (timeout="200")
[17:32:49.935]      // while-condition  =>  TRUE
[17:32:49.935]      // while "1"  (timeout="200")
[17:32:49.935]      // while-condition  =>  TRUE
[17:32:49.935]      // while "1"  (timeout="200")
[17:32:49.935]      // while-condition  =>  TRUE
[17:32:49.935]      // while "1"  (timeout="200")
[17:32:49.935]      // while-condition  =>  TRUE
[17:32:49.935]      // while "1"  (timeout="200")
[17:32:49.935]      // while-condition  =>  TRUE
[17:32:49.935]      // while "1"  (timeout="200")
[17:32:49.935]      // while-condition  =>  TRUE
[17:32:49.935]      // while "1"  (timeout="200")
[17:32:49.935]      // while-condition  =>  TRUE
[17:32:49.935]      // while "1"  (timeout="200")
[17:32:49.935]      // while-condition  =>  TRUE
[17:32:49.935]      // while "1"  (timeout="200")
[17:32:49.935]      // while-condition  =>  TRUE
[17:32:49.935]      // while "1"  (timeout="200")
[17:32:49.935]      // while-condition  =>  TRUE
[17:32:49.935]      // while "1"  (timeout="200")
[17:32:49.935]      // while-condition  =>  TRUE
[17:32:49.935]      // while "1"  (timeout="200")
[17:32:49.935]      // while-condition  =>  TRUE
[17:32:49.935]      // while "1"  (timeout="200")
[17:32:49.935]      // while-condition  =>  TRUE
[17:32:49.935]      // while "1"  (timeout="200")
[17:32:49.935]      // while-condition  =>  TRUE
[17:32:49.935]      // while "1"  (timeout="200")
[17:32:49.935]      // while-condition  =>  TRUE
[17:32:49.935]      // while "1"  (timeout="200")
[17:32:49.935]      // while-condition  =>  TRUE
[17:32:49.935]      // while "1"  (timeout="200")
[17:32:49.935]      // while-condition  =>  TRUE
[17:32:49.935]      // while "1"  (timeout="200")
[17:32:49.935]      // while-condition  =>  TRUE
[17:32:49.935]      // while "1"  (timeout="200")
[17:32:49.935]      // while-condition  =>  TRUE
[17:32:49.935]      // while "1"  (timeout="200")
[17:32:49.935]      // while-condition  =>  TRUE
[17:32:49.935]      // while "1"  (timeout="200")
[17:32:49.935]      // while-condition  =>  TRUE
[17:32:49.935]      // while "1"  (timeout="200")
[17:32:49.935]      // while-condition  =>  TRUE
[17:32:49.935]      // while "1"  (timeout="200")
[17:32:49.935]      // while-condition  =>  TRUE
[17:32:49.935]      // while "1"  (timeout="200")
[17:32:49.935]      // while-condition  =>  TRUE
[17:32:49.935]      // while "1"  (timeout="200")
[17:32:49.935]      // while-condition  =>  TRUE
[17:32:49.935]      // while "1"  (timeout="200")
[17:32:49.935]      // while-condition  =>  TRUE
[17:32:49.935]      // while "1"  (timeout="200")
[17:32:49.935]      // while-condition  =>  TRUE
[17:32:49.935]      // while "1"  (timeout="200")
[17:32:49.935]      // while-condition  =>  TRUE
[17:32:49.935]      // while "1"  (timeout="200")
[17:32:49.935]      // while-condition  =>  TRUE
[17:32:49.935]      // while "1"  (timeout="200")
[17:32:49.935]      // while-condition  =>  TRUE
[17:32:49.935]      // while "1"  (timeout="200")
[17:32:49.935]      // while-condition  =>  TRUE
[17:32:49.935]      // while "1"  (timeout="200")
[17:32:49.935]      // while-condition  =>  TRUE
[17:32:49.935]      // while "1"  (timeout="200")
[17:32:49.935]      // while-condition  =>  TRUE
[17:32:49.935]      // while "1"  (timeout="200")
[17:32:49.935]      // while-condition  =>  TRUE
[17:32:49.935]      // while "1"  (timeout="200")
[17:32:49.935]      // while-condition  =>  TRUE
[17:32:49.935]      // while "1"  (timeout="200")
[17:32:49.935]      // while-condition  =>  TRUE
[17:32:49.935]      // while "1"  (timeout="200")
[17:32:49.935]      // while-condition  =>  TRUE
[17:32:49.935]      // while "1"  (timeout="200")
[17:32:49.935]      // while-condition  =>  TRUE
[17:32:49.935]      // while "1"  (timeout="200")
[17:32:49.935]      // while-condition  =>  TRUE
[17:32:49.935]      // while "1"  (timeout="200")
[17:32:49.935]      // while-condition  =>  TRUE
[17:32:49.935]      // while "1"  (timeout="200")
[17:32:49.935]      // while-condition  =>  TRUE
[17:32:49.935]      // while "1"  (timeout="200")
[17:32:49.944]      // while-condition  =>  TRUE
[17:32:49.944]      // while "1"  (timeout="200")
[17:32:49.945]      // while-condition  =>  TRUE
[17:32:49.945]      // while "1"  (timeout="200")
[17:32:49.945]      // while-condition  =>  TRUE
[17:32:49.945]      // while "1"  (timeout="200")
[17:32:49.945]      // while-condition  =>  TRUE
[17:32:49.945]      // while "1"  (timeout="200")
[17:32:49.945]      // while-condition  =>  TRUE
[17:32:49.945]      // while "1"  (timeout="200")
[17:32:49.945]      // while-condition  =>  TRUE
[17:32:49.945]      // while "1"  (timeout="200")
[17:32:49.945]      // while-condition  =>  TRUE
[17:32:49.945]      // while "1"  (timeout="200")
[17:32:49.945]      // while-condition  =>  TRUE
[17:32:49.945]      // while "1"  (timeout="200")
[17:32:49.945]      // while-condition  =>  TRUE
[17:32:49.945]      // while "1"  (timeout="200")
[17:32:49.945]      // while-condition  =>  TRUE
[17:32:49.945]      // while "1"  (timeout="200")
[17:32:49.945]      // while-condition  =>  TRUE
[17:32:49.945]      // while "1"  (timeout="200")
[17:32:49.945]      // while-condition  =>  TRUE
[17:32:49.945]      // while "1"  (timeout="200")
[17:32:49.945]      // while-condition  =>  TRUE
[17:32:49.945]      // while "1"  (timeout="200")
[17:32:49.945]      // while-condition  =>  TRUE
[17:32:49.945]      // while "1"  (timeout="200")
[17:32:49.945]      // while-condition  =>  TRUE
[17:32:49.945]      // while "1"  (timeout="200")
[17:32:49.945]      // while-condition  =>  TRUE
[17:32:49.945]      // while "1"  (timeout="200")
[17:32:49.945]      // while-condition  =>  TRUE
[17:32:49.945]      // while "1"  (timeout="200")
[17:32:49.945]      // while-condition  =>  TRUE
[17:32:49.945]      // while "1"  (timeout="200")
[17:32:49.945]      // while-condition  =>  TRUE
[17:32:49.945]      // while "1"  (timeout="200")
[17:32:49.945]      // while-condition  =>  TRUE
[17:32:49.945]      // while "1"  (timeout="200")
[17:32:49.945]      // while-condition  =>  TRUE
[17:32:49.945]      // while "1"  (timeout="200")
[17:32:49.945]      // while-condition  =>  TRUE
[17:32:49.945]      // while "1"  (timeout="200")
[17:32:49.945]      // while-condition  =>  TRUE
[17:32:49.945]      // while "1"  (timeout="200")
[17:32:49.945]      // while-condition  =>  TRUE
[17:32:49.945]      // while "1"  (timeout="200")
[17:32:49.945]      // while-condition  =>  TRUE
[17:32:49.945]      // while "1"  (timeout="200")
[17:32:49.945]      // while-condition  =>  TRUE
[17:32:49.945]      // while "1"  (timeout="200")
[17:32:49.945]      // while-condition  =>  TRUE
[17:32:49.945]      // while "1"  (timeout="200")
[17:32:49.945]      // while-condition  =>  TRUE
[17:32:49.945]      // while "1"  (timeout="200")
[17:32:49.945]      // while-condition  =>  TRUE
[17:32:49.945]      // while "1"  (timeout="200")
[17:32:49.945]      // while-condition  =>  TRUE
[17:32:49.945]      // while "1"  (timeout="200")
[17:32:49.945]      // while-condition  =>  TRUE
[17:32:49.945]      // while "1"  (timeout="200")
[17:32:49.945]      // while-condition  =>  TRUE
[17:32:49.945]      // while "1"  (timeout="200")
[17:32:49.945]      // while-condition  =>  TRUE
[17:32:49.945]      // while "1"  (timeout="200")
[17:32:49.945]      // while-condition  =>  TRUE
[17:32:49.945]      // while "1"  (timeout="200")
[17:32:49.945]      // while-condition  =>  TRUE
[17:32:49.945]      // while "1"  (timeout="200")
[17:32:49.945]      // while-condition  =>  TRUE
[17:32:49.945]      // while "1"  (timeout="200")
[17:32:49.945]      // while-condition  =>  TRUE
[17:32:49.945]      // while "1"  (timeout="200")
[17:32:49.945]      // while-condition  =>  TRUE
[17:32:49.945]      // while "1"  (timeout="200")
[17:32:49.945]      // while-condition  =>  TRUE
[17:32:49.945]      // while "1"  (timeout="200")
[17:32:49.945]      // while-condition  =>  TRUE
[17:32:49.945]      // while "1"  (timeout="200")
[17:32:49.945]      // while-condition  =>  TRUE
[17:32:49.945]      // while "1"  (timeout="200")
[17:32:49.945]      // while-condition  =>  TRUE
[17:32:49.945]      // while "1"  (timeout="200")
[17:32:49.945]      // while-condition  =>  TRUE
[17:32:49.945]      // while "1"  (timeout="200")
[17:32:49.945]      // while-condition  =>  TRUE
[17:32:49.945]      // while "1"  (timeout="200")
[17:32:49.945]      // while-condition  =>  TRUE
[17:32:49.945]      // while "1"  (timeout="200")
[17:32:49.945]      // while-condition  =>  TRUE
[17:32:49.945]      // while "1"  (timeout="200")
[17:32:49.945]      // while-condition  =>  TRUE
[17:32:49.945]      // while "1"  (timeout="200")
[17:32:49.945]      // while-condition  =>  TRUE
[17:32:49.945]      // while "1"  (timeout="200")
[17:32:49.945]      // while-condition  =>  TRUE
[17:32:49.945]      // while "1"  (timeout="200")
[17:32:49.945]      // while-condition  =>  TRUE
[17:32:49.945]      // while "1"  (timeout="200")
[17:32:49.945]      // while-condition  =>  TRUE
[17:32:49.945]      // while "1"  (timeout="200")
[17:32:49.945]      // while-condition  =>  TRUE
[17:32:49.945]      // while "1"  (timeout="200")
[17:32:49.945]      // while-condition  =>  TRUE
[17:32:49.945]      // while "1"  (timeout="200")
[17:32:49.945]      // while-condition  =>  TRUE
[17:32:49.945]      // while "1"  (timeout="200")
[17:32:49.945]      // while-condition  =>  TRUE
[17:32:49.945]      // while "1"  (timeout="200")
[17:32:49.945]      // while-condition  =>  TRUE
[17:32:49.945]      // while "1"  (timeout="200")
[17:32:49.945]      // while-condition  =>  TRUE
[17:32:49.945]      // while "1"  (timeout="200")
[17:32:49.945]      // while-condition  =>  TRUE
[17:32:49.945]      // while "1"  (timeout="200")
[17:32:49.945]      // while-condition  =>  TRUE
[17:32:49.945]      // while "1"  (timeout="200")
[17:32:49.945]      // while-condition  =>  TRUE
[17:32:49.945]      // while "1"  (timeout="200")
[17:32:49.945]      // while-condition  =>  TRUE
[17:32:49.945]      // while "1"  (timeout="200")
[17:32:49.945]      // while-condition  =>  TRUE
[17:32:49.945]      // while "1"  (timeout="200")
[17:32:49.945]      // while-condition  =>  TRUE
[17:32:49.945]      // while "1"  (timeout="200")
[17:32:49.945]      // while-condition  =>  TRUE
[17:32:49.945]      // while "1"  (timeout="200")
[17:32:49.945]      // while-condition  =>  TRUE
[17:32:49.945]      // while "1"  (timeout="200")
[17:32:49.945]      // while-condition  =>  TRUE
[17:32:49.945]      // while "1"  (timeout="200")
[17:32:49.945]      // while-condition  =>  TRUE
[17:32:49.945]      // while "1"  (timeout="200")
[17:32:49.945]      // while-condition  =>  TRUE
[17:32:49.945]      // while "1"  (timeout="200")
[17:32:49.945]      // while-condition  =>  TRUE
[17:32:49.945]      // while "1"  (timeout="200")
[17:32:49.945]      // while-condition  =>  TRUE
[17:32:49.945]      // while "1"  (timeout="200")
[17:32:49.945]      // while-condition  =>  TRUE
[17:32:49.945]      // while "1"  (timeout="200")
[17:32:49.945]      // while-condition  =>  TRUE
[17:32:49.945]      // while "1"  (timeout="200")
[17:32:49.945]      // while-condition  =>  TRUE
[17:32:49.945]      // while "1"  (timeout="200")
[17:32:49.945]      // while-condition  =>  TRUE
[17:32:49.945]      // while "1"  (timeout="200")
[17:32:49.945]      // while-condition  =>  TRUE
[17:32:49.945]      // while "1"  (timeout="200")
[17:32:49.945]      // while-condition  =>  TRUE
[17:32:49.945]      // while "1"  (timeout="200")
[17:32:49.945]      // while-condition  =>  TRUE
[17:32:49.945]      // while "1"  (timeout="200")
[17:32:49.945]      // while-condition  =>  TRUE
[17:32:49.945]      // while "1"  (timeout="200")
[17:32:49.945]      // while-condition  =>  TRUE
[17:32:49.945]      // while "1"  (timeout="200")
[17:32:49.945]      // while-condition  =>  TRUE
[17:32:49.945]      // while "1"  (timeout="200")
[17:32:49.945]      // while-condition  =>  TRUE
[17:32:49.945]      // while "1"  (timeout="200")
[17:32:49.945]      // while-condition  =>  TRUE
[17:32:49.945]      // while "1"  (timeout="200")
[17:32:49.945]      // while-condition  =>  TRUE
[17:32:49.945]      // while "1"  (timeout="200")
[17:32:49.945]      // while-condition  =>  TRUE
[17:32:49.945]      // while "1"  (timeout="200")
[17:32:49.945]      // while-condition  =>  TRUE
[17:32:49.945]      // while "1"  (timeout="200")
[17:32:49.945]      // while-condition  =>  TRUE
[17:32:49.954]      // while "1"  (timeout="200")
[17:32:49.954]      // while  =>  TIMEOUT
[17:32:49.954]      // end while "1"
[17:32:49.954]    </control>
[17:32:49.954]    <control if="canReadPins" while="" timeout="0" info="">
[17:32:49.954]      // if-block "canReadPins"
[17:32:49.954]        // =>  TRUE
[17:32:49.954]      <control if="" while="(DAP_SWJ_Pins(nReset, nReset, 0) & nReset) == 0" timeout="1000000" info="">
[17:32:49.954]        // while "(DAP_SWJ_Pins(nReset, nReset, 0) & nReset) == 0"  (timeout="1000000")
[17:32:49.956]          // -> [DAP_SWJ_Pins(0x80, 0x80, 0) => 0x8F]   (Out: nRESET=1  =>  In: SWCLK/TCK=1, SWDIO/TMS=1, TDI=1, TDO=1, nTRST=0, nRESET=1)
[17:32:49.956]        // while-condition  =>  FALSE
[17:32:49.956]        // end while "(DAP_SWJ_Pins(nReset, nReset, 0) & nReset) == 0"
[17:32:49.956]      </control>
[17:32:49.956]      // end if-block "canReadPins"
[17:32:49.956]    </control>
[17:32:49.956]    <control if="!canReadPins" while="" timeout="0" info="">
[17:32:49.956]      // if-block "!canReadPins"
[17:32:49.956]        // =>  FALSE
[17:32:49.956]      // skip if-block "!canReadPins"
[17:32:49.956]    </control>
[17:32:49.956]    <control if="(ACCESS_POINT_VAL & 0x00E00000) == 0" while="" timeout="0" info="">
[17:32:49.956]      // if-block "(ACCESS_POINT_VAL & 0x00E00000) == 0"
[17:32:49.956]        // =>  TRUE
[17:32:49.956]      <block atomic="false" info="">
[17:32:49.956]        WriteAP(0x00, 0x190008);
[17:32:49.956]          // -> [WriteAP(0x00000000, 0x00190008)]   (__dp=0x00000000, __ap=0x00000004)
[17:32:49.956]        WriteAP(0xF0, 0x01);
[17:32:49.964]          // -> [WriteAP(0x000000F0, 0x00000001)]   (__dp=0x00000000, __ap=0x00000004)
[17:32:49.964]      </block>
[17:32:49.965]      // end if-block "(ACCESS_POINT_VAL & 0x00E00000) == 0"
[17:32:49.965]    </control>
[17:32:49.965]    <control if="(ACCESS_POINT_VAL & 0x00E00000) != 0" while="" timeout="0" info="">
[17:32:49.965]      // if-block "(ACCESS_POINT_VAL & 0x00E00000) != 0"
[17:32:49.965]        // =>  FALSE
[17:32:49.965]      // skip if-block "(ACCESS_POINT_VAL & 0x00E00000) != 0"
[17:32:49.965]    </control>
[17:32:49.965]    <block atomic="false" info="">
[17:32:49.965]      ACCESS_POINT_VAL = ReadAP(0x00);//Reading current state of access point
[17:32:49.965]        // -> [ReadAP(0x00000000) => 0x0079002F]   (__dp=0x00000000, __ap=0x00000004)
[17:32:49.965]        // -> [ACCESS_POINT_VAL <= 0x0079002F]
[17:32:49.965]      Message(0, "Current state of access point is: %x",ACCESS_POINT_VAL);
[17:32:49.974]      __ap = 0; //lets make sure we reset the access point selection
[17:32:49.974]        // -> [__ap <= 0x00000000]
[17:32:49.974]    </block>
[17:32:49.974]  </sequence>
[17:32:49.974]  
[17:32:49.995]  **********  Sequence "DebugDeviceUnlock"  (Context="Connect", Pname="", info="")
[17:32:49.995]  
[17:32:49.995]  <debugvars>
[17:32:49.995]    // Pre-defined
[17:32:49.995]    __protocol=0x00010002      (Protocol="SWD", SWJ-DP="True")
[17:32:49.995]    __connection=0x00000202    (Connection Type="Flash", Reset Type="System Reset")
[17:32:49.995]    __dp=0x00000000
[17:32:49.995]    __ap=0x00000000
[17:32:49.996]    __traceout=0x00000000      (Trace Disabled)
[17:32:49.996]    __errorcontrol=0x00000000  (Skip Errors="False")
[17:32:49.996]    __FlashAddr=0x00000000
[17:32:49.996]    __FlashLen=0x00000000
[17:32:49.996]    __FlashArg=0x00000000
[17:32:49.996]    __FlashOp=0x00000000
[17:32:49.996]    __Result=0x00000000
[17:32:49.996]  </debugvars>
[17:32:49.996]  
[17:32:49.996]  <sequence name="DebugDeviceUnlock" Pname="" disable="false" info="">
[17:32:49.996]    <block atomic="false" info="">
[17:32:49.996]      __var deviceID = 0;
[17:32:49.996]        // -> [deviceID <= 0x00000000]
[17:32:49.996]      __var version = 0;
[17:32:49.996]        // -> [version <= 0x00000000]
[17:32:49.996]      __var partNum = 0;
[17:32:49.996]        // -> [partNum <= 0x00000000]
[17:32:49.996]      __var manuf = 0;
[17:32:49.996]        // -> [manuf <= 0x00000000]
[17:32:49.996]      __var isMSPM0G1X0X_G3X0X = 0;
[17:32:49.996]        // -> [isMSPM0G1X0X_G3X0X <= 0x00000000]
[17:32:49.996]      __var isProduction = 0;
[17:32:49.996]        // -> [isProduction <= 0x00000000]
[17:32:49.996]      __var continueId = 0;
[17:32:49.996]        // -> [continueId <= 0x00000000]
[17:32:49.996]      deviceID =   Read32(0x41C40004);
[17:32:49.996]        // -> [Read32(0x41C40004) => 0x2BB8802F]   (__dp=0x00000000, __ap=0x00000000)
[17:32:49.996]        // -> [deviceID <= 0x2BB8802F]
[17:32:49.996]      version = deviceID >> 28;
[17:32:49.996]        // -> [version <= 0x00000002]
[17:32:49.996]      partNum = (deviceID & 0x0FFFF000) >> 12;
[17:32:49.996]        // -> [partNum <= 0x0000BB88]
[17:32:49.996]      manuf = (deviceID & 0x00000FFE) >> 1;
[17:32:49.996]        // -> [manuf <= 0x00000017]
[17:32:49.996]      isMSPM0G1X0X_G3X0X = (partNum == 0xBB88) && (manuf == 0x17);
[17:32:49.996]        // -> [isMSPM0G1X0X_G3X0X <= 0x00000001]
[17:32:49.996]      isProduction = (version > 0);
[17:32:49.996]        // -> [isProduction <= 0x00000001]
[17:32:49.996]    </block>
[17:32:49.996]    <control if="!isMSPM0G1X0X_G3X0X" while="" timeout="0" info="">
[17:32:49.996]      // if-block "!isMSPM0G1X0X_G3X0X"
[17:32:49.996]        // =>  FALSE
[17:32:49.996]      // skip if-block "!isMSPM0G1X0X_G3X0X"
[17:32:49.996]    </control>
[17:32:49.996]    <control if="continueId == 4" while="" timeout="0" info="">
[17:32:49.996]      // if-block "continueId == 4"
[17:32:49.996]        // =>  FALSE
[17:32:49.996]      // skip if-block "continueId == 4"
[17:32:49.996]    </control>
[17:32:49.996]    <control if="!isProduction" while="" timeout="0" info="">
[17:32:49.996]      // if-block "!isProduction"
[17:32:49.996]        // =>  FALSE
[17:32:49.996]      // skip if-block "!isProduction"
[17:32:49.996]    </control>
[17:32:49.996]  </sequence>
[17:32:49.996]  
[17:43:49.410]  **********  Sequence "DebugPortSetup"  (Context="Connect", Pname="", info="")
[17:43:49.410]  
[17:43:49.410]  <debugvars>
[17:43:49.410]    // Pre-defined
[17:43:49.410]    __protocol=0x00010002      (Protocol="SWD", SWJ-DP="True")
[17:43:49.410]    __connection=0x00000202    (Connection Type="Flash", Reset Type="System Reset")
[17:43:49.410]    __dp=0x00000000
[17:43:49.410]    __ap=0x00000000
[17:43:49.410]    __traceout=0x00000000      (Trace Disabled)
[17:43:49.410]    __errorcontrol=0x00000000  (Skip Errors="False")
[17:43:49.411]    __FlashAddr=0x00000000
[17:43:49.411]    __FlashLen=0x00000000
[17:43:49.411]    __FlashArg=0x00000000
[17:43:49.411]    __FlashOp=0x00000000
[17:43:49.411]    __Result=0x00000000
[17:43:49.411]  </debugvars>
[17:43:49.411]  
[17:43:49.411]  <sequence name="DebugPortSetup" Pname="" disable="false" info="">
[17:43:49.411]    <block atomic="false" info="">
[17:43:49.411]      __var isSWJ      = ((__protocol & 0x00010000) != 0);
[17:43:49.411]        // -> [isSWJ <= 0x00000001]
[17:43:49.411]      __var hasDormant = __protocol & 0x00020000;
[17:43:49.411]        // -> [hasDormant <= 0x00000000]
[17:43:49.411]      __var protType   = __protocol & 0x0000FFFF;
[17:43:49.411]        // -> [protType <= 0x00000002]
[17:43:49.411]    </block>
[17:43:49.411]    <control if="protType == 1" while="" timeout="0" info="">
[17:43:49.411]      // if-block "protType == 1"
[17:43:49.411]        // =>  FALSE
[17:43:49.411]      // skip if-block "protType == 1"
[17:43:49.411]    </control>
[17:43:49.412]    <control if="protType == 2" while="" timeout="0" info="">
[17:43:49.412]      // if-block "protType == 2"
[17:43:49.412]        // =>  TRUE
[17:43:49.412]      <control if="isSWJ" while="" timeout="0" info="">
[17:43:49.412]        // if-block "isSWJ"
[17:43:49.412]          // =>  TRUE
[17:43:49.412]        <control if="hasDormant" while="" timeout="0" info="">
[17:43:49.412]          // if-block "hasDormant"
[17:43:49.412]            // =>  FALSE
[17:43:49.412]          // skip if-block "hasDormant"
[17:43:49.412]        </control>
[17:43:49.412]        <control if="!hasDormant" while="" timeout="0" info="">
[17:43:49.412]          // if-block "!hasDormant"
[17:43:49.412]            // =>  TRUE
[17:43:49.412]          <block atomic="false" info="">
[17:43:49.412]            DAP_SWJ_Sequence(51, 0x0007FFFFFFFFFFFF); //lets put the JTAG line in a reset state
[17:43:49.412]              // -> [DAP_SWJ_Sequence(51, 0x0007FFFFFFFFFFFF)]
[17:43:49.412]            DAP_SWJ_Sequence(16,0xE73C); //SWD to JTAG, this is to ensure the state machine is initialized
[17:43:49.416]              // -> [DAP_SWJ_Sequence(16, 0x000000000000E73C)]
[17:43:49.417]            DAP_SWJ_Sequence(51, 0x0007FFFFFFFFFFFF); //Put it back in reset
[17:43:49.418]              // -> [DAP_SWJ_Sequence(51, 0x0007FFFFFFFFFFFF)]
[17:43:49.418]            DAP_SWJ_Sequence(16, 0xE79E); //JTAG to SWD switch
[17:43:49.420]              // -> [DAP_SWJ_Sequence(16, 0x000000000000E79E)]
[17:43:49.420]            DAP_SWJ_Sequence(51, 0x0007FFFFFFFFFFFF);  //Ensure the switch is successful 
[17:43:49.424]              // -> [DAP_SWJ_Sequence(51, 0x0007FFFFFFFFFFFF)]
[17:43:49.424]            DAP_SWJ_Sequence(7,  0x00); //Give the line some time to initialize
[17:43:49.426]              // -> [DAP_SWJ_Sequence(7, 0x0000000000000000)]
[17:43:49.427]          </block>
[17:43:49.427]          // end if-block "!hasDormant"
[17:43:49.427]        </control>
[17:43:49.427]        // end if-block "isSWJ"
[17:43:49.427]      </control>
[17:43:49.427]      <control if="!isSWJ" while="" timeout="0" info="">
[17:43:49.427]        // if-block "!isSWJ"
[17:43:49.427]          // =>  FALSE
[17:43:49.427]        // skip if-block "!isSWJ"
[17:43:49.427]      </control>
[17:43:49.427]      <block atomic="false" info="">
[17:43:49.427]        ReadDP(0x0);
[17:43:49.428]          // -> [ReadDP(0x00000000) => 0x6BA02477]   (__dp=0x00000000)
[17:43:49.428]      </block>
[17:43:49.428]      // end if-block "protType == 2"
[17:43:49.428]    </control>
[17:43:49.428]  </sequence>
[17:43:49.428]  
[17:43:49.428]  **********  Sequence "DebugPortStart"  (Context="Connect", Pname="", info="")
[17:43:49.428]  
[17:43:49.428]  <debugvars>
[17:43:49.428]    // Pre-defined
[17:43:49.428]    __protocol=0x00010002      (Protocol="SWD", SWJ-DP="True")
[17:43:49.428]    __connection=0x00000202    (Connection Type="Flash", Reset Type="System Reset")
[17:43:49.428]    __dp=0x00000000
[17:43:49.428]    __ap=0x00000000
[17:43:49.428]    __traceout=0x00000000      (Trace Disabled)
[17:43:49.428]    __errorcontrol=0x00000000  (Skip Errors="False")
[17:43:49.428]    __FlashAddr=0x00000000
[17:43:49.428]    __FlashLen=0x00000000
[17:43:49.428]    __FlashArg=0x00000000
[17:43:49.428]    __FlashOp=0x00000000
[17:43:49.428]    __Result=0x00000000
[17:43:49.428]  </debugvars>
[17:43:49.428]  
[17:43:49.428]  <sequence name="DebugPortStart" Pname="" disable="false" info="">
[17:43:49.428]    <block atomic="false" info="">
[17:43:49.428]      __var SW_DP_ABORT       = 0x0;
[17:43:49.428]        // -> [SW_DP_ABORT <= 0x00000000]
[17:43:49.428]      __var DP_CTRL_STAT      = 0x4;
[17:43:49.428]        // -> [DP_CTRL_STAT <= 0x00000004]
[17:43:49.428]      __var DP_SELECT         = 0x8;
[17:43:49.428]        // -> [DP_SELECT <= 0x00000008]
[17:43:49.433]      __var powered_down      = 0;
[17:43:49.433]        // -> [powered_down <= 0x00000000]
[17:43:49.433]      WriteDP(DP_SELECT, 0x00000000);
[17:43:49.433]        // -> [WriteDP(0x00000008, 0x00000000)]   (__dp=0x00000000)
[17:43:49.435]      powered_down = ((ReadDP(DP_CTRL_STAT) & 0xA0000000) != 0xA0000000);
[17:43:49.437]        // -> [ReadDP(0x00000004) => 0x00000040]   (__dp=0x00000000)
[17:43:49.437]        // -> [powered_down <= 0x00000001]
[17:43:49.438]    </block>
[17:43:49.438]    <control if="powered_down" while="" timeout="0" info="">
[17:43:49.438]      // if-block "powered_down"
[17:43:49.438]        // =>  TRUE
[17:43:49.438]      <block atomic="false" info="">
[17:43:49.438]        Message(0, "Debug/System power-up request sent");
[17:43:49.439]        WriteDP(DP_CTRL_STAT, 0x50000000);
[17:43:49.441]          // -> [WriteDP(0x00000004, 0x50000000)]   (__dp=0x00000000)
[17:43:49.441]      </block>
[17:43:49.441]      <control if="" while="(ReadDP(DP_CTRL_STAT) & 0xA0000000) != 0xA0000000" timeout="1000000" info="">
[17:43:49.441]        // while "(ReadDP(DP_CTRL_STAT) & 0xA0000000) != 0xA0000000"  (timeout="1000000")
[17:43:49.444]          // -> [ReadDP(0x00000004) => 0xF0000040]   (__dp=0x00000000)
[17:43:49.445]        // while-condition  =>  FALSE
[17:43:49.445]        // end while "(ReadDP(DP_CTRL_STAT) & 0xA0000000) != 0xA0000000"
[17:43:49.445]      </control>
[17:43:49.445]      <control if="(__protocol & 0xFFFF) == 1" while="" timeout="0" info="">
[17:43:49.445]        // if-block "(__protocol & 0xFFFF) == 1"
[17:43:49.445]          // =>  FALSE
[17:43:49.445]        // skip if-block "(__protocol & 0xFFFF) == 1"
[17:43:49.445]      </control>
[17:43:49.445]      <control if="(__protocol & 0xFFFF) == 2" while="" timeout="0" info="">
[17:43:49.446]        // if-block "(__protocol & 0xFFFF) == 2"
[17:43:49.446]          // =>  TRUE
[17:43:49.446]        <block atomic="false" info="">
[17:43:49.446]          Message(0, "executing SWD power up");
[17:43:49.447]          WriteDP(DP_CTRL_STAT, 0x50000F00);
[17:43:49.449]            // -> [WriteDP(0x00000004, 0x50000F00)]   (__dp=0x00000000)
[17:43:49.449]          WriteDP(SW_DP_ABORT, 0x0000001E);
[17:43:49.451]            // -> [WriteDP(0x00000000, 0x0000001E)]   (__dp=0x00000000)
[17:43:49.451]        </block>
[17:43:49.451]        // end if-block "(__protocol & 0xFFFF) == 2"
[17:43:49.451]      </control>
[17:43:49.451]      // end if-block "powered_down"
[17:43:49.451]    </control>
[17:43:49.451]    <block atomic="false" info="">
[17:43:49.451]      __var DEBUG_PORT_VAL    = 0;
[17:43:49.451]        // -> [DEBUG_PORT_VAL <= 0x00000000]
[17:43:49.451]      __var ACCESS_POINT_VAL  = 0;
[17:43:49.451]        // -> [ACCESS_POINT_VAL <= 0x00000000]
[17:43:49.452]      __ap = 1; 
[17:43:49.452]        // -> [__ap <= 0x00000001]
[17:43:49.452]      WriteAP(0x0C, 0x04); //lets use the mini pwr-ap as backup
[17:43:49.457]        // -> [WriteAP(0x0000000C, 0x00000004)]   (__dp=0x00000000, __ap=0x00000001)
[17:43:49.457]      __ap = 4;
[17:43:49.457]        // -> [__ap <= 0x00000004]
[17:43:49.457]      ACCESS_POINT_VAL = ReadAP(0x00);//Reading current state of access point
[17:43:49.463]        // -> [ReadAP(0x00000000) => 0x00080027]   (__dp=0x00000000, __ap=0x00000004)
[17:43:49.465]        // -> [ACCESS_POINT_VAL <= 0x00080027]
[17:43:49.465]      Message(0, "Current state of access point is: %x",ACCESS_POINT_VAL);
[17:43:49.466]    </block>
[17:43:49.468]    <block atomic="false" info="">
[17:43:49.468]      __var nReset = 0x80;
[17:43:49.468]        // -> [nReset <= 0x00000080]
[17:43:49.468]      __var canReadPins = 0;
[17:43:49.468]        // -> [canReadPins <= 0x00000000]
[17:43:49.468]      canReadPins = (DAP_SWJ_Pins(0x00, nReset, 0) != 0xFFFFFFFF);
[17:43:49.469]        // -> [DAP_SWJ_Pins(0x00, 0x80, 0) => 0x0F]   (Out: nRESET=0  =>  In: SWCLK/TCK=1, SWDIO/TMS=1, TDI=1, TDO=1, nTRST=0, nRESET=0)
[17:43:49.469]        // -> [canReadPins <= 0x00000001]
[17:43:49.469]    </block>
[17:43:49.469]    <control if="" while="1" timeout="200" info="">
[17:43:49.469]      // while "1"  (timeout="200")
[17:43:49.469]      // while-condition  =>  TRUE
[17:43:49.469]      // while "1"  (timeout="200")
[17:43:49.469]      // while-condition  =>  TRUE
[17:43:49.469]      // while "1"  (timeout="200")
[17:43:49.469]      // while-condition  =>  TRUE
[17:43:49.469]      // while "1"  (timeout="200")
[17:43:49.469]      // while-condition  =>  TRUE
[17:43:49.469]      // while "1"  (timeout="200")
[17:43:49.469]      // while-condition  =>  TRUE
[17:43:49.469]      // while "1"  (timeout="200")
[17:43:49.469]      // while-condition  =>  TRUE
[17:43:49.469]      // while "1"  (timeout="200")
[17:43:49.469]      // while-condition  =>  TRUE
[17:43:49.469]      // while "1"  (timeout="200")
[17:43:49.469]      // while-condition  =>  TRUE
[17:43:49.469]      // while "1"  (timeout="200")
[17:43:49.469]      // while-condition  =>  TRUE
[17:43:49.469]      // while "1"  (timeout="200")
[17:43:49.469]      // while-condition  =>  TRUE
[17:43:49.469]      // while "1"  (timeout="200")
[17:43:49.469]      // while-condition  =>  TRUE
[17:43:49.469]      // while "1"  (timeout="200")
[17:43:49.469]      // while-condition  =>  TRUE
[17:43:49.469]      // while "1"  (timeout="200")
[17:43:49.469]      // while-condition  =>  TRUE
[17:43:49.469]      // while "1"  (timeout="200")
[17:43:49.469]      // while-condition  =>  TRUE
[17:43:49.469]      // while "1"  (timeout="200")
[17:43:49.469]      // while-condition  =>  TRUE
[17:43:49.469]      // while "1"  (timeout="200")
[17:43:49.469]      // while-condition  =>  TRUE
[17:43:49.469]      // while "1"  (timeout="200")
[17:43:49.469]      // while-condition  =>  TRUE
[17:43:49.469]      // while "1"  (timeout="200")
[17:43:49.469]      // while-condition  =>  TRUE
[17:43:49.469]      // while "1"  (timeout="200")
[17:43:49.469]      // while-condition  =>  TRUE
[17:43:49.469]      // while "1"  (timeout="200")
[17:43:49.469]      // while-condition  =>  TRUE
[17:43:49.469]      // while "1"  (timeout="200")
[17:43:49.469]      // while-condition  =>  TRUE
[17:43:49.469]      // while "1"  (timeout="200")
[17:43:49.469]      // while-condition  =>  TRUE
[17:43:49.469]      // while "1"  (timeout="200")
[17:43:49.469]      // while-condition  =>  TRUE
[17:43:49.469]      // while "1"  (timeout="200")
[17:43:49.469]      // while-condition  =>  TRUE
[17:43:49.469]      // while "1"  (timeout="200")
[17:43:49.469]      // while-condition  =>  TRUE
[17:43:49.469]      // while "1"  (timeout="200")
[17:43:49.469]      // while-condition  =>  TRUE
[17:43:49.469]      // while "1"  (timeout="200")
[17:43:49.469]      // while-condition  =>  TRUE
[17:43:49.469]      // while "1"  (timeout="200")
[17:43:49.469]      // while-condition  =>  TRUE
[17:43:49.469]      // while "1"  (timeout="200")
[17:43:49.469]      // while-condition  =>  TRUE
[17:43:49.469]      // while "1"  (timeout="200")
[17:43:49.469]      // while-condition  =>  TRUE
[17:43:49.469]      // while "1"  (timeout="200")
[17:43:49.469]      // while-condition  =>  TRUE
[17:43:49.469]      // while "1"  (timeout="200")
[17:43:49.469]      // while-condition  =>  TRUE
[17:43:49.469]      // while "1"  (timeout="200")
[17:43:49.469]      // while-condition  =>  TRUE
[17:43:49.469]      // while "1"  (timeout="200")
[17:43:49.469]      // while-condition  =>  TRUE
[17:43:49.469]      // while "1"  (timeout="200")
[17:43:49.469]      // while-condition  =>  TRUE
[17:43:49.469]      // while "1"  (timeout="200")
[17:43:49.469]      // while-condition  =>  TRUE
[17:43:49.469]      // while "1"  (timeout="200")
[17:43:49.469]      // while-condition  =>  TRUE
[17:43:49.469]      // while "1"  (timeout="200")
[17:43:49.469]      // while-condition  =>  TRUE
[17:43:49.469]      // while "1"  (timeout="200")
[17:43:49.469]      // while-condition  =>  TRUE
[17:43:49.469]      // while "1"  (timeout="200")
[17:43:49.469]      // while-condition  =>  TRUE
[17:43:49.469]      // while "1"  (timeout="200")
[17:43:49.469]      // while-condition  =>  TRUE
[17:43:49.469]      // while "1"  (timeout="200")
[17:43:49.469]      // while-condition  =>  TRUE
[17:43:49.474]      // while "1"  (timeout="200")
[17:43:49.474]      // while-condition  =>  TRUE
[17:43:49.474]      // while "1"  (timeout="200")
[17:43:49.474]      // while-condition  =>  TRUE
[17:43:49.474]      // while "1"  (timeout="200")
[17:43:49.474]      // while-condition  =>  TRUE
[17:43:49.474]      // while "1"  (timeout="200")
[17:43:49.474]      // while-condition  =>  TRUE
[17:43:49.474]      // while "1"  (timeout="200")
[17:43:49.474]      // while-condition  =>  TRUE
[17:43:49.474]      // while "1"  (timeout="200")
[17:43:49.474]      // while-condition  =>  TRUE
[17:43:49.474]      // while "1"  (timeout="200")
[17:43:49.474]      // while-condition  =>  TRUE
[17:43:49.474]      // while "1"  (timeout="200")
[17:43:49.474]      // while-condition  =>  TRUE
[17:43:49.474]      // while "1"  (timeout="200")
[17:43:49.474]      // while-condition  =>  TRUE
[17:43:49.474]      // while "1"  (timeout="200")
[17:43:49.474]      // while-condition  =>  TRUE
[17:43:49.474]      // while "1"  (timeout="200")
[17:43:49.474]      // while-condition  =>  TRUE
[17:43:49.474]      // while "1"  (timeout="200")
[17:43:49.474]      // while-condition  =>  TRUE
[17:43:49.474]      // while "1"  (timeout="200")
[17:43:49.474]      // while-condition  =>  TRUE
[17:43:49.474]      // while "1"  (timeout="200")
[17:43:49.474]      // while-condition  =>  TRUE
[17:43:49.474]      // while "1"  (timeout="200")
[17:43:49.474]      // while-condition  =>  TRUE
[17:43:49.475]      // while "1"  (timeout="200")
[17:43:49.475]      // while-condition  =>  TRUE
[17:43:49.475]      // while "1"  (timeout="200")
[17:43:49.475]      // while-condition  =>  TRUE
[17:43:49.475]      // while "1"  (timeout="200")
[17:43:49.475]      // while-condition  =>  TRUE
[17:43:49.475]      // while "1"  (timeout="200")
[17:43:49.475]      // while-condition  =>  TRUE
[17:43:49.475]      // while "1"  (timeout="200")
[17:43:49.475]      // while-condition  =>  TRUE
[17:43:49.475]      // while "1"  (timeout="200")
[17:43:49.475]      // while-condition  =>  TRUE
[17:43:49.475]      // while "1"  (timeout="200")
[17:43:49.475]      // while-condition  =>  TRUE
[17:43:49.475]      // while "1"  (timeout="200")
[17:43:49.475]      // while-condition  =>  TRUE
[17:43:49.475]      // while "1"  (timeout="200")
[17:43:49.475]      // while-condition  =>  TRUE
[17:43:49.475]      // while "1"  (timeout="200")
[17:43:49.475]      // while-condition  =>  TRUE
[17:43:49.475]      // while "1"  (timeout="200")
[17:43:49.475]      // while-condition  =>  TRUE
[17:43:49.475]      // while "1"  (timeout="200")
[17:43:49.475]      // while-condition  =>  TRUE
[17:43:49.475]      // while "1"  (timeout="200")
[17:43:49.475]      // while-condition  =>  TRUE
[17:43:49.476]      // while "1"  (timeout="200")
[17:43:49.476]      // while-condition  =>  TRUE
[17:43:49.476]      // while "1"  (timeout="200")
[17:43:49.476]      // while-condition  =>  TRUE
[17:43:49.476]      // while "1"  (timeout="200")
[17:43:49.476]      // while-condition  =>  TRUE
[17:43:49.476]      // while "1"  (timeout="200")
[17:43:49.476]      // while-condition  =>  TRUE
[17:43:49.476]      // while "1"  (timeout="200")
[17:43:49.476]      // while-condition  =>  TRUE
[17:43:49.476]      // while "1"  (timeout="200")
[17:43:49.477]      // while-condition  =>  TRUE
[17:43:49.477]      // while "1"  (timeout="200")
[17:43:49.477]      // while-condition  =>  TRUE
[17:43:49.477]      // while "1"  (timeout="200")
[17:43:49.477]      // while-condition  =>  TRUE
[17:43:49.477]      // while "1"  (timeout="200")
[17:43:49.477]      // while-condition  =>  TRUE
[17:43:49.477]      // while "1"  (timeout="200")
[17:43:49.477]      // while-condition  =>  TRUE
[17:43:49.477]      // while "1"  (timeout="200")
[17:43:49.477]      // while-condition  =>  TRUE
[17:43:49.477]      // while "1"  (timeout="200")
[17:43:49.477]      // while-condition  =>  TRUE
[17:43:49.477]      // while "1"  (timeout="200")
[17:43:49.477]      // while-condition  =>  TRUE
[17:43:49.477]      // while "1"  (timeout="200")
[17:43:49.477]      // while-condition  =>  TRUE
[17:43:49.477]      // while "1"  (timeout="200")
[17:43:49.477]      // while-condition  =>  TRUE
[17:43:49.477]      // while "1"  (timeout="200")
[17:43:49.477]      // while-condition  =>  TRUE
[17:43:49.477]      // while "1"  (timeout="200")
[17:43:49.477]      // while-condition  =>  TRUE
[17:43:49.477]      // while "1"  (timeout="200")
[17:43:49.477]      // while-condition  =>  TRUE
[17:43:49.477]      // while "1"  (timeout="200")
[17:43:49.477]      // while-condition  =>  TRUE
[17:43:49.477]      // while "1"  (timeout="200")
[17:43:49.477]      // while-condition  =>  TRUE
[17:43:49.477]      // while "1"  (timeout="200")
[17:43:49.477]      // while-condition  =>  TRUE
[17:43:49.477]      // while "1"  (timeout="200")
[17:43:49.477]      // while-condition  =>  TRUE
[17:43:49.477]      // while "1"  (timeout="200")
[17:43:49.477]      // while-condition  =>  TRUE
[17:43:49.477]      // while "1"  (timeout="200")
[17:43:49.477]      // while-condition  =>  TRUE
[17:43:49.477]      // while "1"  (timeout="200")
[17:43:49.477]      // while-condition  =>  TRUE
[17:43:49.477]      // while "1"  (timeout="200")
[17:43:49.477]      // while-condition  =>  TRUE
[17:43:49.477]      // while "1"  (timeout="200")
[17:43:49.477]      // while-condition  =>  TRUE
[17:43:49.479]      // while "1"  (timeout="200")
[17:43:49.479]      // while-condition  =>  TRUE
[17:43:49.479]      // while "1"  (timeout="200")
[17:43:49.479]      // while-condition  =>  TRUE
[17:43:49.479]      // while "1"  (timeout="200")
[17:43:49.479]      // while-condition  =>  TRUE
[17:43:49.479]      // while "1"  (timeout="200")
[17:43:49.479]      // while-condition  =>  TRUE
[17:43:49.479]      // while "1"  (timeout="200")
[17:43:49.479]      // while-condition  =>  TRUE
[17:43:49.479]      // while "1"  (timeout="200")
[17:43:49.479]      // while-condition  =>  TRUE
[17:43:49.479]      // while "1"  (timeout="200")
[17:43:49.479]      // while-condition  =>  TRUE
[17:43:49.479]      // while "1"  (timeout="200")
[17:43:49.479]      // while-condition  =>  TRUE
[17:43:49.479]      // while "1"  (timeout="200")
[17:43:49.479]      // while-condition  =>  TRUE
[17:43:49.479]      // while "1"  (timeout="200")
[17:43:49.479]      // while-condition  =>  TRUE
[17:43:49.479]      // while "1"  (timeout="200")
[17:43:49.479]      // while-condition  =>  TRUE
[17:43:49.479]      // while "1"  (timeout="200")
[17:43:49.479]      // while-condition  =>  TRUE
[17:43:49.479]      // while "1"  (timeout="200")
[17:43:49.479]      // while-condition  =>  TRUE
[17:43:49.479]      // while "1"  (timeout="200")
[17:43:49.479]      // while-condition  =>  TRUE
[17:43:49.479]      // while "1"  (timeout="200")
[17:43:49.479]      // while-condition  =>  TRUE
[17:43:49.479]      // while "1"  (timeout="200")
[17:43:49.479]      // while-condition  =>  TRUE
[17:43:49.479]      // while "1"  (timeout="200")
[17:43:49.479]      // while-condition  =>  TRUE
[17:43:49.479]      // while "1"  (timeout="200")
[17:43:49.479]      // while-condition  =>  TRUE
[17:43:49.479]      // while "1"  (timeout="200")
[17:43:49.479]      // while-condition  =>  TRUE
[17:43:49.479]      // while "1"  (timeout="200")
[17:43:49.479]      // while-condition  =>  TRUE
[17:43:49.479]      // while "1"  (timeout="200")
[17:43:49.479]      // while-condition  =>  TRUE
[17:43:49.479]      // while "1"  (timeout="200")
[17:43:49.479]      // while-condition  =>  TRUE
[17:43:49.479]      // while "1"  (timeout="200")
[17:43:49.479]      // while-condition  =>  TRUE
[17:43:49.479]      // while "1"  (timeout="200")
[17:43:49.479]      // while-condition  =>  TRUE
[17:43:49.479]      // while "1"  (timeout="200")
[17:43:49.479]      // while-condition  =>  TRUE
[17:43:49.479]      // while "1"  (timeout="200")
[17:43:49.479]      // while-condition  =>  TRUE
[17:43:49.479]      // while "1"  (timeout="200")
[17:43:49.479]      // while-condition  =>  TRUE
[17:43:49.479]      // while "1"  (timeout="200")
[17:43:49.479]      // while-condition  =>  TRUE
[17:43:49.479]      // while "1"  (timeout="200")
[17:43:49.479]      // while-condition  =>  TRUE
[17:43:49.479]      // while "1"  (timeout="200")
[17:43:49.479]      // while-condition  =>  TRUE
[17:43:49.479]      // while "1"  (timeout="200")
[17:43:49.479]      // while-condition  =>  TRUE
[17:43:49.479]      // while "1"  (timeout="200")
[17:43:49.479]      // while-condition  =>  TRUE
[17:43:49.479]      // while "1"  (timeout="200")
[17:43:49.479]      // while-condition  =>  TRUE
[17:43:49.479]      // while "1"  (timeout="200")
[17:43:49.479]      // while-condition  =>  TRUE
[17:43:49.479]      // while "1"  (timeout="200")
[17:43:49.479]      // while-condition  =>  TRUE
[17:43:49.479]      // while "1"  (timeout="200")
[17:43:49.479]      // while-condition  =>  TRUE
[17:43:49.479]      // while "1"  (timeout="200")
[17:43:49.479]      // while-condition  =>  TRUE
[17:43:49.479]      // while "1"  (timeout="200")
[17:43:49.479]      // while-condition  =>  TRUE
[17:43:49.479]      // while "1"  (timeout="200")
[17:43:49.479]      // while-condition  =>  TRUE
[17:43:49.479]      // while "1"  (timeout="200")
[17:43:49.479]      // while-condition  =>  TRUE
[17:43:49.479]      // while "1"  (timeout="200")
[17:43:49.479]      // while-condition  =>  TRUE
[17:43:49.479]      // while "1"  (timeout="200")
[17:43:49.479]      // while-condition  =>  TRUE
[17:43:49.479]      // while "1"  (timeout="200")
[17:43:49.479]      // while-condition  =>  TRUE
[17:43:49.479]      // while "1"  (timeout="200")
[17:43:49.479]      // while-condition  =>  TRUE
[17:43:49.479]      // while "1"  (timeout="200")
[17:43:49.479]      // while-condition  =>  TRUE
[17:43:49.479]      // while "1"  (timeout="200")
[17:43:49.479]      // while-condition  =>  TRUE
[17:43:49.479]      // while "1"  (timeout="200")
[17:43:49.479]      // while-condition  =>  TRUE
[17:43:49.479]      // while "1"  (timeout="200")
[17:43:49.479]      // while-condition  =>  TRUE
[17:43:49.479]      // while "1"  (timeout="200")
[17:43:49.479]      // while-condition  =>  TRUE
[17:43:49.479]      // while "1"  (timeout="200")
[17:43:49.479]      // while-condition  =>  TRUE
[17:43:49.479]      // while "1"  (timeout="200")
[17:43:49.479]      // while-condition  =>  TRUE
[17:43:49.479]      // while "1"  (timeout="200")
[17:43:49.479]      // while-condition  =>  TRUE
[17:43:49.484]      // while "1"  (timeout="200")
[17:43:49.484]      // while  =>  TIMEOUT
[17:43:49.484]      // end while "1"
[17:43:49.484]    </control>
[17:43:49.484]    <control if="canReadPins" while="" timeout="0" info="">
[17:43:49.484]      // if-block "canReadPins"
[17:43:49.484]        // =>  TRUE
[17:43:49.484]      <control if="" while="(DAP_SWJ_Pins(nReset, nReset, 0) & nReset) == 0" timeout="1000000" info="">
[17:43:49.484]        // while "(DAP_SWJ_Pins(nReset, nReset, 0) & nReset) == 0"  (timeout="1000000")
[17:43:49.486]          // -> [DAP_SWJ_Pins(0x80, 0x80, 0) => 0x8F]   (Out: nRESET=1  =>  In: SWCLK/TCK=1, SWDIO/TMS=1, TDI=1, TDO=1, nTRST=0, nRESET=1)
[17:43:49.486]        // while-condition  =>  FALSE
[17:43:49.486]        // end while "(DAP_SWJ_Pins(nReset, nReset, 0) & nReset) == 0"
[17:43:49.486]      </control>
[17:43:49.486]      // end if-block "canReadPins"
[17:43:49.486]    </control>
[17:43:49.486]    <control if="!canReadPins" while="" timeout="0" info="">
[17:43:49.486]      // if-block "!canReadPins"
[17:43:49.486]        // =>  FALSE
[17:43:49.487]      // skip if-block "!canReadPins"
[17:43:49.487]    </control>
[17:43:49.487]    <control if="(ACCESS_POINT_VAL & 0x00E00000) == 0" while="" timeout="0" info="">
[17:43:49.487]      // if-block "(ACCESS_POINT_VAL & 0x00E00000) == 0"
[17:43:49.487]        // =>  TRUE
[17:43:49.487]      <block atomic="false" info="">
[17:43:49.487]        WriteAP(0x00, 0x190008);
[17:43:49.489]          // -> [WriteAP(0x00000000, 0x00190008)]   (__dp=0x00000000, __ap=0x00000004)
[17:43:49.489]        WriteAP(0xF0, 0x01);
[17:43:49.499]          // -> [WriteAP(0x000000F0, 0x00000001)]   (__dp=0x00000000, __ap=0x00000004)
[17:43:49.499]      </block>
[17:43:49.499]      // end if-block "(ACCESS_POINT_VAL & 0x00E00000) == 0"
[17:43:49.499]    </control>
[17:43:49.504]    <control if="(ACCESS_POINT_VAL & 0x00E00000) != 0" while="" timeout="0" info="">
[17:43:49.504]      // if-block "(ACCESS_POINT_VAL & 0x00E00000) != 0"
[17:43:49.505]        // =>  FALSE
[17:43:49.505]      // skip if-block "(ACCESS_POINT_VAL & 0x00E00000) != 0"
[17:43:49.505]    </control>
[17:43:49.505]    <block atomic="false" info="">
[17:43:49.505]      ACCESS_POINT_VAL = ReadAP(0x00);//Reading current state of access point
[17:43:49.509]        // -> [ReadAP(0x00000000) => 0x0079002F]   (__dp=0x00000000, __ap=0x00000004)
[17:43:49.509]        // -> [ACCESS_POINT_VAL <= 0x0079002F]
[17:43:49.509]      Message(0, "Current state of access point is: %x",ACCESS_POINT_VAL);
[17:43:49.510]      __ap = 0; //lets make sure we reset the access point selection
[17:43:49.511]        // -> [__ap <= 0x00000000]
[17:43:49.511]    </block>
[17:43:49.511]  </sequence>
[17:43:49.511]  
[17:43:49.538]  **********  Sequence "DebugDeviceUnlock"  (Context="Connect", Pname="", info="")
[17:43:49.538]  
[17:43:49.538]  <debugvars>
[17:43:49.538]    // Pre-defined
[17:43:49.538]    __protocol=0x00010002      (Protocol="SWD", SWJ-DP="True")
[17:43:49.538]    __connection=0x00000202    (Connection Type="Flash", Reset Type="System Reset")
[17:43:49.538]    __dp=0x00000000
[17:43:49.538]    __ap=0x00000000
[17:43:49.538]    __traceout=0x00000000      (Trace Disabled)
[17:43:49.538]    __errorcontrol=0x00000000  (Skip Errors="False")
[17:43:49.538]    __FlashAddr=0x00000000
[17:43:49.538]    __FlashLen=0x00000000
[17:43:49.538]    __FlashArg=0x00000000
[17:43:49.538]    __FlashOp=0x00000000
[17:43:49.538]    __Result=0x00000000
[17:43:49.538]  </debugvars>
[17:43:49.538]  
[17:43:49.538]  <sequence name="DebugDeviceUnlock" Pname="" disable="false" info="">
[17:43:49.538]    <block atomic="false" info="">
[17:43:49.538]      __var deviceID = 0;
[17:43:49.538]        // -> [deviceID <= 0x00000000]
[17:43:49.538]      __var version = 0;
[17:43:49.538]        // -> [version <= 0x00000000]
[17:43:49.538]      __var partNum = 0;
[17:43:49.538]        // -> [partNum <= 0x00000000]
[17:43:49.538]      __var manuf = 0;
[17:43:49.538]        // -> [manuf <= 0x00000000]
[17:43:49.538]      __var isMSPM0G1X0X_G3X0X = 0;
[17:43:49.538]        // -> [isMSPM0G1X0X_G3X0X <= 0x00000000]
[17:43:49.538]      __var isProduction = 0;
[17:43:49.538]        // -> [isProduction <= 0x00000000]
[17:43:49.538]      __var continueId = 0;
[17:43:49.538]        // -> [continueId <= 0x00000000]
[17:43:49.538]      deviceID =   Read32(0x41C40004);
[17:43:49.548]        // -> [Read32(0x41C40004) => 0x2BB8802F]   (__dp=0x00000000, __ap=0x00000000)
[17:43:49.548]        // -> [deviceID <= 0x2BB8802F]
[17:43:49.548]      version = deviceID >> 28;
[17:43:49.548]        // -> [version <= 0x00000002]
[17:43:49.548]      partNum = (deviceID & 0x0FFFF000) >> 12;
[17:43:49.548]        // -> [partNum <= 0x0000BB88]
[17:43:49.548]      manuf = (deviceID & 0x00000FFE) >> 1;
[17:43:49.548]        // -> [manuf <= 0x00000017]
[17:43:49.548]      isMSPM0G1X0X_G3X0X = (partNum == 0xBB88) && (manuf == 0x17);
[17:43:49.548]        // -> [isMSPM0G1X0X_G3X0X <= 0x00000001]
[17:43:49.548]      isProduction = (version > 0);
[17:43:49.548]        // -> [isProduction <= 0x00000001]
[17:43:49.548]    </block>
[17:43:49.548]    <control if="!isMSPM0G1X0X_G3X0X" while="" timeout="0" info="">
[17:43:49.549]      // if-block "!isMSPM0G1X0X_G3X0X"
[17:43:49.549]        // =>  FALSE
[17:43:49.549]      // skip if-block "!isMSPM0G1X0X_G3X0X"
[17:43:49.549]    </control>
[17:43:49.549]    <control if="continueId == 4" while="" timeout="0" info="">
[17:43:49.549]      // if-block "continueId == 4"
[17:43:49.549]        // =>  FALSE
[17:43:49.549]      // skip if-block "continueId == 4"
[17:43:49.549]    </control>
[17:43:49.549]    <control if="!isProduction" while="" timeout="0" info="">
[17:43:49.549]      // if-block "!isProduction"
[17:43:49.549]        // =>  FALSE
[17:43:49.549]      // skip if-block "!isProduction"
[17:43:49.549]    </control>
[17:43:49.549]  </sequence>
[17:43:49.549]  
[17:44:42.459]  **********  Sequence "DebugPortSetup"  (Context="Connect", Pname="", info="")
[17:44:42.459]  
[17:44:42.459]  <debugvars>
[17:44:42.459]    // Pre-defined
[17:44:42.459]    __protocol=0x00010002      (Protocol="SWD", SWJ-DP="True")
[17:44:42.459]    __connection=0x00000202    (Connection Type="Flash", Reset Type="System Reset")
[17:44:42.459]    __dp=0x00000000
[17:44:42.459]    __ap=0x00000000
[17:44:42.459]    __traceout=0x00000000      (Trace Disabled)
[17:44:42.459]    __errorcontrol=0x00000000  (Skip Errors="False")
[17:44:42.459]    __FlashAddr=0x00000000
[17:44:42.459]    __FlashLen=0x00000000
[17:44:42.459]    __FlashArg=0x00000000
[17:44:42.459]    __FlashOp=0x00000000
[17:44:42.459]    __Result=0x00000000
[17:44:42.459]  </debugvars>
[17:44:42.459]  
[17:44:42.459]  <sequence name="DebugPortSetup" Pname="" disable="false" info="">
[17:44:42.459]    <block atomic="false" info="">
[17:44:42.459]      __var isSWJ      = ((__protocol & 0x00010000) != 0);
[17:44:42.459]        // -> [isSWJ <= 0x00000001]
[17:44:42.459]      __var hasDormant = __protocol & 0x00020000;
[17:44:42.459]        // -> [hasDormant <= 0x00000000]
[17:44:42.459]      __var protType   = __protocol & 0x0000FFFF;
[17:44:42.459]        // -> [protType <= 0x00000002]
[17:44:42.459]    </block>
[17:44:42.459]    <control if="protType == 1" while="" timeout="0" info="">
[17:44:42.459]      // if-block "protType == 1"
[17:44:42.459]        // =>  FALSE
[17:44:42.459]      // skip if-block "protType == 1"
[17:44:42.459]    </control>
[17:44:42.459]    <control if="protType == 2" while="" timeout="0" info="">
[17:44:42.459]      // if-block "protType == 2"
[17:44:42.459]        // =>  TRUE
[17:44:42.459]      <control if="isSWJ" while="" timeout="0" info="">
[17:44:42.459]        // if-block "isSWJ"
[17:44:42.459]          // =>  TRUE
[17:44:42.459]        <control if="hasDormant" while="" timeout="0" info="">
[17:44:42.459]          // if-block "hasDormant"
[17:44:42.459]            // =>  FALSE
[17:44:42.459]          // skip if-block "hasDormant"
[17:44:42.459]        </control>
[17:44:42.459]        <control if="!hasDormant" while="" timeout="0" info="">
[17:44:42.459]          // if-block "!hasDormant"
[17:44:42.459]            // =>  TRUE
[17:44:42.459]          <block atomic="false" info="">
[17:44:42.459]            DAP_SWJ_Sequence(51, 0x0007FFFFFFFFFFFF); //lets put the JTAG line in a reset state
[17:44:42.465]              // -> [DAP_SWJ_Sequence(51, 0x0007FFFFFFFFFFFF)]
[17:44:42.465]            DAP_SWJ_Sequence(16,0xE73C); //SWD to JTAG, this is to ensure the state machine is initialized
[17:44:42.466]              // -> [DAP_SWJ_Sequence(16, 0x000000000000E73C)]
[17:44:42.466]            DAP_SWJ_Sequence(51, 0x0007FFFFFFFFFFFF); //Put it back in reset
[17:44:42.466]              // -> [DAP_SWJ_Sequence(51, 0x0007FFFFFFFFFFFF)]
[17:44:42.466]            DAP_SWJ_Sequence(16, 0xE79E); //JTAG to SWD switch
[17:44:42.466]              // -> [DAP_SWJ_Sequence(16, 0x000000000000E79E)]
[17:44:42.466]            DAP_SWJ_Sequence(51, 0x0007FFFFFFFFFFFF);  //Ensure the switch is successful 
[17:44:42.474]              // -> [DAP_SWJ_Sequence(51, 0x0007FFFFFFFFFFFF)]
[17:44:42.474]            DAP_SWJ_Sequence(7,  0x00); //Give the line some time to initialize
[17:44:42.475]              // -> [DAP_SWJ_Sequence(7, 0x0000000000000000)]
[17:44:42.475]          </block>
[17:44:42.475]          // end if-block "!hasDormant"
[17:44:42.475]        </control>
[17:44:42.475]        // end if-block "isSWJ"
[17:44:42.475]      </control>
[17:44:42.475]      <control if="!isSWJ" while="" timeout="0" info="">
[17:44:42.475]        // if-block "!isSWJ"
[17:44:42.475]          // =>  FALSE
[17:44:42.475]        // skip if-block "!isSWJ"
[17:44:42.475]      </control>
[17:44:42.476]      <block atomic="false" info="">
[17:44:42.476]        ReadDP(0x0);
[17:44:42.479]          // -> [ReadDP(0x00000000) => 0x6BA02477]   (__dp=0x00000000)
[17:44:42.479]      </block>
[17:44:42.479]      // end if-block "protType == 2"
[17:44:42.479]    </control>
[17:44:42.479]  </sequence>
[17:44:42.479]  
[17:44:42.479]  **********  Sequence "DebugPortStart"  (Context="Connect", Pname="", info="")
[17:44:42.479]  
[17:44:42.479]  <debugvars>
[17:44:42.479]    // Pre-defined
[17:44:42.479]    __protocol=0x00010002      (Protocol="SWD", SWJ-DP="True")
[17:44:42.484]    __connection=0x00000202    (Connection Type="Flash", Reset Type="System Reset")
[17:44:42.484]    __dp=0x00000000
[17:44:42.484]    __ap=0x00000000
[17:44:42.484]    __traceout=0x00000000      (Trace Disabled)
[17:44:42.484]    __errorcontrol=0x00000000  (Skip Errors="False")
[17:44:42.484]    __FlashAddr=0x00000000
[17:44:42.484]    __FlashLen=0x00000000
[17:44:42.484]    __FlashArg=0x00000000
[17:44:42.484]    __FlashOp=0x00000000
[17:44:42.484]    __Result=0x00000000
[17:44:42.484]  </debugvars>
[17:44:42.484]  
[17:44:42.484]  <sequence name="DebugPortStart" Pname="" disable="false" info="">
[17:44:42.484]    <block atomic="false" info="">
[17:44:42.484]      __var SW_DP_ABORT       = 0x0;
[17:44:42.484]        // -> [SW_DP_ABORT <= 0x00000000]
[17:44:42.484]      __var DP_CTRL_STAT      = 0x4;
[17:44:42.484]        // -> [DP_CTRL_STAT <= 0x00000004]
[17:44:42.484]      __var DP_SELECT         = 0x8;
[17:44:42.484]        // -> [DP_SELECT <= 0x00000008]
[17:44:42.484]      __var powered_down      = 0;
[17:44:42.484]        // -> [powered_down <= 0x00000000]
[17:44:42.484]      WriteDP(DP_SELECT, 0x00000000);
[17:44:42.486]        // -> [WriteDP(0x00000008, 0x00000000)]   (__dp=0x00000000)
[17:44:42.487]      powered_down = ((ReadDP(DP_CTRL_STAT) & 0xA0000000) != 0xA0000000);
[17:44:42.488]        // -> [ReadDP(0x00000004) => 0x00000040]   (__dp=0x00000000)
[17:44:42.488]        // -> [powered_down <= 0x00000001]
[17:44:42.488]    </block>
[17:44:42.488]    <control if="powered_down" while="" timeout="0" info="">
[17:44:42.488]      // if-block "powered_down"
[17:44:42.488]        // =>  TRUE
[17:44:42.488]      <block atomic="false" info="">
[17:44:42.488]        Message(0, "Debug/System power-up request sent");
[17:44:42.491]        WriteDP(DP_CTRL_STAT, 0x50000000);
[17:44:42.493]          // -> [WriteDP(0x00000004, 0x50000000)]   (__dp=0x00000000)
[17:44:42.493]      </block>
[17:44:42.493]      <control if="" while="(ReadDP(DP_CTRL_STAT) & 0xA0000000) != 0xA0000000" timeout="1000000" info="">
[17:44:42.493]        // while "(ReadDP(DP_CTRL_STAT) & 0xA0000000) != 0xA0000000"  (timeout="1000000")
[17:44:42.494]          // -> [ReadDP(0x00000004) => 0xF0000040]   (__dp=0x00000000)
[17:44:42.494]        // while-condition  =>  FALSE
[17:44:42.494]        // end while "(ReadDP(DP_CTRL_STAT) & 0xA0000000) != 0xA0000000"
[17:44:42.494]      </control>
[17:44:42.494]      <control if="(__protocol & 0xFFFF) == 1" while="" timeout="0" info="">
[17:44:42.495]        // if-block "(__protocol & 0xFFFF) == 1"
[17:44:42.495]          // =>  FALSE
[17:44:42.495]        // skip if-block "(__protocol & 0xFFFF) == 1"
[17:44:42.495]      </control>
[17:44:42.495]      <control if="(__protocol & 0xFFFF) == 2" while="" timeout="0" info="">
[17:44:42.495]        // if-block "(__protocol & 0xFFFF) == 2"
[17:44:42.495]          // =>  TRUE
[17:44:42.495]        <block atomic="false" info="">
[17:44:42.495]          Message(0, "executing SWD power up");
[17:44:42.496]          WriteDP(DP_CTRL_STAT, 0x50000F00);
[17:44:42.497]            // -> [WriteDP(0x00000004, 0x50000F00)]   (__dp=0x00000000)
[17:44:42.497]          WriteDP(SW_DP_ABORT, 0x0000001E);
[17:44:42.499]            // -> [WriteDP(0x00000000, 0x0000001E)]   (__dp=0x00000000)
[17:44:42.499]        </block>
[17:44:42.499]        // end if-block "(__protocol & 0xFFFF) == 2"
[17:44:42.499]      </control>
[17:44:42.499]      // end if-block "powered_down"
[17:44:42.499]    </control>
[17:44:42.499]    <block atomic="false" info="">
[17:44:42.500]      __var DEBUG_PORT_VAL    = 0;
[17:44:42.500]        // -> [DEBUG_PORT_VAL <= 0x00000000]
[17:44:42.500]      __var ACCESS_POINT_VAL  = 0;
[17:44:42.500]        // -> [ACCESS_POINT_VAL <= 0x00000000]
[17:44:42.500]      __ap = 1; 
[17:44:42.500]        // -> [__ap <= 0x00000001]
[17:44:42.500]      WriteAP(0x0C, 0x04); //lets use the mini pwr-ap as backup
[17:44:42.503]        // -> [WriteAP(0x0000000C, 0x00000004)]   (__dp=0x00000000, __ap=0x00000001)
[17:44:42.503]      __ap = 4;
[17:44:42.503]        // -> [__ap <= 0x00000004]
[17:44:42.503]      ACCESS_POINT_VAL = ReadAP(0x00);//Reading current state of access point
[17:44:42.507]        // -> [ReadAP(0x00000000) => 0x00080027]   (__dp=0x00000000, __ap=0x00000004)
[17:44:42.507]        // -> [ACCESS_POINT_VAL <= 0x00080027]
[17:44:42.507]      Message(0, "Current state of access point is: %x",ACCESS_POINT_VAL);
[17:44:42.507]    </block>
[17:44:42.507]    <block atomic="false" info="">
[17:44:42.507]      __var nReset = 0x80;
[17:44:42.510]        // -> [nReset <= 0x00000080]
[17:44:42.510]      __var canReadPins = 0;
[17:44:42.510]        // -> [canReadPins <= 0x00000000]
[17:44:42.510]      canReadPins = (DAP_SWJ_Pins(0x00, nReset, 0) != 0xFFFFFFFF);
[17:44:42.510]        // -> [DAP_SWJ_Pins(0x00, 0x80, 0) => 0x0F]   (Out: nRESET=0  =>  In: SWCLK/TCK=1, SWDIO/TMS=1, TDI=1, TDO=1, nTRST=0, nRESET=0)
[17:44:42.510]        // -> [canReadPins <= 0x00000001]
[17:44:42.510]    </block>
[17:44:42.510]    <control if="" while="1" timeout="200" info="">
[17:44:42.510]      // while "1"  (timeout="200")
[17:44:42.510]      // while-condition  =>  TRUE
[17:44:42.510]      // while "1"  (timeout="200")
[17:44:42.510]      // while-condition  =>  TRUE
[17:44:42.510]      // while "1"  (timeout="200")
[17:44:42.510]      // while-condition  =>  TRUE
[17:44:42.510]      // while "1"  (timeout="200")
[17:44:42.510]      // while-condition  =>  TRUE
[17:44:42.510]      // while "1"  (timeout="200")
[17:44:42.510]      // while-condition  =>  TRUE
[17:44:42.510]      // while "1"  (timeout="200")
[17:44:42.510]      // while-condition  =>  TRUE
[17:44:42.510]      // while "1"  (timeout="200")
[17:44:42.510]      // while-condition  =>  TRUE
[17:44:42.510]      // while "1"  (timeout="200")
[17:44:42.510]      // while-condition  =>  TRUE
[17:44:42.510]      // while "1"  (timeout="200")
[17:44:42.510]      // while-condition  =>  TRUE
[17:44:42.510]      // while "1"  (timeout="200")
[17:44:42.510]      // while-condition  =>  TRUE
[17:44:42.510]      // while "1"  (timeout="200")
[17:44:42.510]      // while-condition  =>  TRUE
[17:44:42.510]      // while "1"  (timeout="200")
[17:44:42.510]      // while-condition  =>  TRUE
[17:44:42.510]      // while "1"  (timeout="200")
[17:44:42.510]      // while-condition  =>  TRUE
[17:44:42.510]      // while "1"  (timeout="200")
[17:44:42.510]      // while-condition  =>  TRUE
[17:44:42.510]      // while "1"  (timeout="200")
[17:44:42.510]      // while-condition  =>  TRUE
[17:44:42.510]      // while "1"  (timeout="200")
[17:44:42.510]      // while-condition  =>  TRUE
[17:44:42.510]      // while "1"  (timeout="200")
[17:44:42.510]      // while-condition  =>  TRUE
[17:44:42.510]      // while "1"  (timeout="200")
[17:44:42.510]      // while-condition  =>  TRUE
[17:44:42.510]      // while "1"  (timeout="200")
[17:44:42.510]      // while-condition  =>  TRUE
[17:44:42.510]      // while "1"  (timeout="200")
[17:44:42.510]      // while-condition  =>  TRUE
[17:44:42.510]      // while "1"  (timeout="200")
[17:44:42.510]      // while-condition  =>  TRUE
[17:44:42.510]      // while "1"  (timeout="200")
[17:44:42.510]      // while-condition  =>  TRUE
[17:44:42.510]      // while "1"  (timeout="200")
[17:44:42.515]      // while-condition  =>  TRUE
[17:44:42.515]      // while "1"  (timeout="200")
[17:44:42.515]      // while  =>  TIMEOUT
[17:44:42.515]      // end while "1"
[17:44:42.515]    </control>
[17:44:42.515]    <control if="canReadPins" while="" timeout="0" info="">
[17:44:42.515]      // if-block "canReadPins"
[17:44:42.515]        // =>  TRUE
[17:44:42.515]      <control if="" while="(DAP_SWJ_Pins(nReset, nReset, 0) & nReset) == 0" timeout="1000000" info="">
[17:44:42.515]        // while "(DAP_SWJ_Pins(nReset, nReset, 0) & nReset) == 0"  (timeout="1000000")
[17:44:42.519]          // -> [DAP_SWJ_Pins(0x80, 0x80, 0) => 0x8F]   (Out: nRESET=1  =>  In: SWCLK/TCK=1, SWDIO/TMS=1, TDI=1, TDO=1, nTRST=0, nRESET=1)
[17:44:42.519]        // while-condition  =>  FALSE
[17:44:42.519]        // end while "(DAP_SWJ_Pins(nReset, nReset, 0) & nReset) == 0"
[17:44:42.519]      </control>
[17:44:42.519]      // end if-block "canReadPins"
[17:44:42.519]    </control>
[17:44:42.519]    <control if="!canReadPins" while="" timeout="0" info="">
[17:44:42.519]      // if-block "!canReadPins"
[17:44:42.519]        // =>  FALSE
[17:44:42.519]      // skip if-block "!canReadPins"
[17:44:42.519]    </control>
[17:44:42.519]    <control if="(ACCESS_POINT_VAL & 0x00E00000) == 0" while="" timeout="0" info="">
[17:44:42.519]      // if-block "(ACCESS_POINT_VAL & 0x00E00000) == 0"
[17:44:42.519]        // =>  TRUE
[17:44:42.519]      <block atomic="false" info="">
[17:44:42.519]        WriteAP(0x00, 0x190008);
[17:44:42.520]          // -> [WriteAP(0x00000000, 0x00190008)]   (__dp=0x00000000, __ap=0x00000004)
[17:44:42.520]        WriteAP(0xF0, 0x01);
[17:44:42.525]          // -> [WriteAP(0x000000F0, 0x00000001)]   (__dp=0x00000000, __ap=0x00000004)
[17:44:42.525]      </block>
[17:44:42.525]      // end if-block "(ACCESS_POINT_VAL & 0x00E00000) == 0"
[17:44:42.525]    </control>
[17:44:42.526]    <control if="(ACCESS_POINT_VAL & 0x00E00000) != 0" while="" timeout="0" info="">
[17:44:42.526]      // if-block "(ACCESS_POINT_VAL & 0x00E00000) != 0"
[17:44:42.526]        // =>  FALSE
[17:44:42.526]      // skip if-block "(ACCESS_POINT_VAL & 0x00E00000) != 0"
[17:44:42.526]    </control>
[17:44:42.526]    <block atomic="false" info="">
[17:44:42.526]      ACCESS_POINT_VAL = ReadAP(0x00);//Reading current state of access point
[17:44:42.530]        // -> [ReadAP(0x00000000) => 0x0079002F]   (__dp=0x00000000, __ap=0x00000004)
[17:44:42.530]        // -> [ACCESS_POINT_VAL <= 0x0079002F]
[17:44:42.530]      Message(0, "Current state of access point is: %x",ACCESS_POINT_VAL);
[17:44:42.530]      __ap = 0; //lets make sure we reset the access point selection
[17:44:42.530]        // -> [__ap <= 0x00000000]
[17:44:42.530]    </block>
[17:44:42.530]  </sequence>
[17:44:42.530]  
[17:44:42.568]  **********  Sequence "DebugDeviceUnlock"  (Context="Connect", Pname="", info="")
[17:44:42.568]  
[17:44:42.573]  <debugvars>
[17:44:42.573]    // Pre-defined
[17:44:42.573]    __protocol=0x00010002      (Protocol="SWD", SWJ-DP="True")
[17:44:42.573]    __connection=0x00000202    (Connection Type="Flash", Reset Type="System Reset")
[17:44:42.573]    __dp=0x00000000
[17:44:42.573]    __ap=0x00000000
[17:44:42.573]    __traceout=0x00000000      (Trace Disabled)
[17:44:42.573]    __errorcontrol=0x00000000  (Skip Errors="False")
[17:44:42.573]    __FlashAddr=0x00000000
[17:44:42.573]    __FlashLen=0x00000000
[17:44:42.573]    __FlashArg=0x00000000
[17:44:42.573]    __FlashOp=0x00000000
[17:44:42.573]    __Result=0x00000000
[17:44:42.573]  </debugvars>
[17:44:42.573]  
[17:44:42.573]  <sequence name="DebugDeviceUnlock" Pname="" disable="false" info="">
[17:44:42.573]    <block atomic="false" info="">
[17:44:42.573]      __var deviceID = 0;
[17:44:42.573]        // -> [deviceID <= 0x00000000]
[17:44:42.573]      __var version = 0;
[17:44:42.573]        // -> [version <= 0x00000000]
[17:44:42.573]      __var partNum = 0;
[17:44:42.573]        // -> [partNum <= 0x00000000]
[17:44:42.573]      __var manuf = 0;
[17:44:42.573]        // -> [manuf <= 0x00000000]
[17:44:42.573]      __var isMSPM0G1X0X_G3X0X = 0;
[17:44:42.573]        // -> [isMSPM0G1X0X_G3X0X <= 0x00000000]
[17:44:42.573]      __var isProduction = 0;
[17:44:42.573]        // -> [isProduction <= 0x00000000]
[17:44:42.573]      __var continueId = 0;
[17:44:42.573]        // -> [continueId <= 0x00000000]
[17:44:42.573]      deviceID =   Read32(0x41C40004);
[17:44:42.581]        // -> [Read32(0x41C40004) => 0x2BB8802F]   (__dp=0x00000000, __ap=0x00000000)
[17:44:42.581]        // -> [deviceID <= 0x2BB8802F]
[17:44:42.581]      version = deviceID >> 28;
[17:44:42.581]        // -> [version <= 0x00000002]
[17:44:42.581]      partNum = (deviceID & 0x0FFFF000) >> 12;
[17:44:42.581]        // -> [partNum <= 0x0000BB88]
[17:44:42.581]      manuf = (deviceID & 0x00000FFE) >> 1;
[17:44:42.581]        // -> [manuf <= 0x00000017]
[17:44:42.581]      isMSPM0G1X0X_G3X0X = (partNum == 0xBB88) && (manuf == 0x17);
[17:44:42.581]        // -> [isMSPM0G1X0X_G3X0X <= 0x00000001]
[17:44:42.581]      isProduction = (version > 0);
[17:44:42.581]        // -> [isProduction <= 0x00000001]
[17:44:42.581]    </block>
[17:44:42.581]    <control if="!isMSPM0G1X0X_G3X0X" while="" timeout="0" info="">
[17:44:42.581]      // if-block "!isMSPM0G1X0X_G3X0X"
[17:44:42.581]        // =>  FALSE
[17:44:42.581]      // skip if-block "!isMSPM0G1X0X_G3X0X"
[17:44:42.581]    </control>
[17:44:42.581]    <control if="continueId == 4" while="" timeout="0" info="">
[17:44:42.581]      // if-block "continueId == 4"
[17:44:42.581]        // =>  FALSE
[17:44:42.582]      // skip if-block "continueId == 4"
[17:44:42.582]    </control>
[17:44:42.582]    <control if="!isProduction" while="" timeout="0" info="">
[17:44:42.582]      // if-block "!isProduction"
[17:44:42.582]        // =>  FALSE
[17:44:42.582]      // skip if-block "!isProduction"
[17:44:42.582]    </control>
[17:44:42.582]  </sequence>
[17:44:42.582]  
[18:05:19.504]  **********  Sequence "DebugPortSetup"  (Context="Connect", Pname="", info="")
[18:05:19.504]  
[18:05:19.504]  <debugvars>
[18:05:19.504]    // Pre-defined
[18:05:19.504]    __protocol=0x00010002      (Protocol="SWD", SWJ-DP="True")
[18:05:19.504]    __connection=0x00000202    (Connection Type="Flash", Reset Type="System Reset")
[18:05:19.504]    __dp=0x00000000
[18:05:19.504]    __ap=0x00000000
[18:05:19.504]    __traceout=0x00000000      (Trace Disabled)
[18:05:19.504]    __errorcontrol=0x00000000  (Skip Errors="False")
[18:05:19.504]    __FlashAddr=0x00000000
[18:05:19.504]    __FlashLen=0x00000000
[18:05:19.504]    __FlashArg=0x00000000
[18:05:19.504]    __FlashOp=0x00000000
[18:05:19.504]    __Result=0x00000000
[18:05:19.504]  </debugvars>
[18:05:19.504]  
[18:05:19.504]  <sequence name="DebugPortSetup" Pname="" disable="false" info="">
[18:05:19.504]    <block atomic="false" info="">
[18:05:19.504]      __var isSWJ      = ((__protocol & 0x00010000) != 0);
[18:05:19.504]        // -> [isSWJ <= 0x00000001]
[18:05:19.504]      __var hasDormant = __protocol & 0x00020000;
[18:05:19.504]        // -> [hasDormant <= 0x00000000]
[18:05:19.504]      __var protType   = __protocol & 0x0000FFFF;
[18:05:19.504]        // -> [protType <= 0x00000002]
[18:05:19.504]    </block>
[18:05:19.504]    <control if="protType == 1" while="" timeout="0" info="">
[18:05:19.504]      // if-block "protType == 1"
[18:05:19.504]        // =>  FALSE
[18:05:19.504]      // skip if-block "protType == 1"
[18:05:19.504]    </control>
[18:05:19.504]    <control if="protType == 2" while="" timeout="0" info="">
[18:05:19.504]      // if-block "protType == 2"
[18:05:19.504]        // =>  TRUE
[18:05:19.504]      <control if="isSWJ" while="" timeout="0" info="">
[18:05:19.504]        // if-block "isSWJ"
[18:05:19.504]          // =>  TRUE
[18:05:19.504]        <control if="hasDormant" while="" timeout="0" info="">
[18:05:19.504]          // if-block "hasDormant"
[18:05:19.504]            // =>  FALSE
[18:05:19.504]          // skip if-block "hasDormant"
[18:05:19.504]        </control>
[18:05:19.504]        <control if="!hasDormant" while="" timeout="0" info="">
[18:05:19.509]          // if-block "!hasDormant"
[18:05:19.509]            // =>  TRUE
[18:05:19.509]          <block atomic="false" info="">
[18:05:19.509]            DAP_SWJ_Sequence(51, 0x0007FFFFFFFFFFFF); //lets put the JTAG line in a reset state
[18:05:19.511]              // -> [DAP_SWJ_Sequence(51, 0x0007FFFFFFFFFFFF)]
[18:05:19.511]            DAP_SWJ_Sequence(16,0xE73C); //SWD to JTAG, this is to ensure the state machine is initialized
[18:05:19.512]              // -> [DAP_SWJ_Sequence(16, 0x000000000000E73C)]
[18:05:19.512]            DAP_SWJ_Sequence(51, 0x0007FFFFFFFFFFFF); //Put it back in reset
[18:05:19.515]              // -> [DAP_SWJ_Sequence(51, 0x0007FFFFFFFFFFFF)]
[18:05:19.515]            DAP_SWJ_Sequence(16, 0xE79E); //JTAG to SWD switch
[18:05:19.517]              // -> [DAP_SWJ_Sequence(16, 0x000000000000E79E)]
[18:05:19.517]            DAP_SWJ_Sequence(51, 0x0007FFFFFFFFFFFF);  //Ensure the switch is successful 
[18:05:19.520]              // -> [DAP_SWJ_Sequence(51, 0x0007FFFFFFFFFFFF)]
[18:05:19.520]            DAP_SWJ_Sequence(7,  0x00); //Give the line some time to initialize
[18:05:19.522]              // -> [DAP_SWJ_Sequence(7, 0x0000000000000000)]
[18:05:19.523]          </block>
[18:05:19.523]          // end if-block "!hasDormant"
[18:05:19.523]        </control>
[18:05:19.523]        // end if-block "isSWJ"
[18:05:19.523]      </control>
[18:05:19.523]      <control if="!isSWJ" while="" timeout="0" info="">
[18:05:19.523]        // if-block "!isSWJ"
[18:05:19.523]          // =>  FALSE
[18:05:19.523]        // skip if-block "!isSWJ"
[18:05:19.523]      </control>
[18:05:19.523]      <block atomic="false" info="">
[18:05:19.523]        ReadDP(0x0);
[18:05:19.525]          // -> [ReadDP(0x00000000) => 0x6BA02477]   (__dp=0x00000000)
[18:05:19.525]      </block>
[18:05:19.525]      // end if-block "protType == 2"
[18:05:19.525]    </control>
[18:05:19.525]  </sequence>
[18:05:19.525]  
[18:05:19.529]  **********  Sequence "DebugPortStart"  (Context="Connect", Pname="", info="")
[18:05:19.529]  
[18:05:19.531]  <debugvars>
[18:05:19.531]    // Pre-defined
[18:05:19.531]    __protocol=0x00010002      (Protocol="SWD", SWJ-DP="True")
[18:05:19.531]    __connection=0x00000202    (Connection Type="Flash", Reset Type="System Reset")
[18:05:19.531]    __dp=0x00000000
[18:05:19.531]    __ap=0x00000000
[18:05:19.531]    __traceout=0x00000000      (Trace Disabled)
[18:05:19.531]    __errorcontrol=0x00000000  (Skip Errors="False")
[18:05:19.531]    __FlashAddr=0x00000000
[18:05:19.531]    __FlashLen=0x00000000
[18:05:19.531]    __FlashArg=0x00000000
[18:05:19.531]    __FlashOp=0x00000000
[18:05:19.531]    __Result=0x00000000
[18:05:19.531]  </debugvars>
[18:05:19.531]  
[18:05:19.532]  <sequence name="DebugPortStart" Pname="" disable="false" info="">
[18:05:19.532]    <block atomic="false" info="">
[18:05:19.532]      __var SW_DP_ABORT       = 0x0;
[18:05:19.532]        // -> [SW_DP_ABORT <= 0x00000000]
[18:05:19.532]      __var DP_CTRL_STAT      = 0x4;
[18:05:19.532]        // -> [DP_CTRL_STAT <= 0x00000004]
[18:05:19.532]      __var DP_SELECT         = 0x8;
[18:05:19.532]        // -> [DP_SELECT <= 0x00000008]
[18:05:19.532]      __var powered_down      = 0;
[18:05:19.532]        // -> [powered_down <= 0x00000000]
[18:05:19.532]      WriteDP(DP_SELECT, 0x00000000);
[18:05:19.533]        // -> [WriteDP(0x00000008, 0x00000000)]   (__dp=0x00000000)
[18:05:19.533]      powered_down = ((ReadDP(DP_CTRL_STAT) & 0xA0000000) != 0xA0000000);
[18:05:19.533]        // -> [ReadDP(0x00000004) => 0x00000040]   (__dp=0x00000000)
[18:05:19.533]        // -> [powered_down <= 0x00000001]
[18:05:19.533]    </block>
[18:05:19.533]    <control if="powered_down" while="" timeout="0" info="">
[18:05:19.533]      // if-block "powered_down"
[18:05:19.533]        // =>  TRUE
[18:05:19.533]      <block atomic="false" info="">
[18:05:19.533]        Message(0, "Debug/System power-up request sent");
[18:05:19.538]        WriteDP(DP_CTRL_STAT, 0x50000000);
[18:05:19.540]          // -> [WriteDP(0x00000004, 0x50000000)]   (__dp=0x00000000)
[18:05:19.540]      </block>
[18:05:19.540]      <control if="" while="(ReadDP(DP_CTRL_STAT) & 0xA0000000) != 0xA0000000" timeout="1000000" info="">
[18:05:19.540]        // while "(ReadDP(DP_CTRL_STAT) & 0xA0000000) != 0xA0000000"  (timeout="1000000")
[18:05:19.542]          // -> [ReadDP(0x00000004) => 0xF0000040]   (__dp=0x00000000)
[18:05:19.542]        // while-condition  =>  FALSE
[18:05:19.542]        // end while "(ReadDP(DP_CTRL_STAT) & 0xA0000000) != 0xA0000000"
[18:05:19.542]      </control>
[18:05:19.542]      <control if="(__protocol & 0xFFFF) == 1" while="" timeout="0" info="">
[18:05:19.542]        // if-block "(__protocol & 0xFFFF) == 1"
[18:05:19.542]          // =>  FALSE
[18:05:19.542]        // skip if-block "(__protocol & 0xFFFF) == 1"
[18:05:19.542]      </control>
[18:05:19.542]      <control if="(__protocol & 0xFFFF) == 2" while="" timeout="0" info="">
[18:05:19.542]        // if-block "(__protocol & 0xFFFF) == 2"
[18:05:19.542]          // =>  TRUE
[18:05:19.542]        <block atomic="false" info="">
[18:05:19.542]          Message(0, "executing SWD power up");
[18:05:19.543]          WriteDP(DP_CTRL_STAT, 0x50000F00);
[18:05:19.543]            // -> [WriteDP(0x00000004, 0x50000F00)]   (__dp=0x00000000)
[18:05:19.543]          WriteDP(SW_DP_ABORT, 0x0000001E);
[18:05:19.543]            // -> [WriteDP(0x00000000, 0x0000001E)]   (__dp=0x00000000)
[18:05:19.543]        </block>
[18:05:19.543]        // end if-block "(__protocol & 0xFFFF) == 2"
[18:05:19.549]      </control>
[18:05:19.549]      // end if-block "powered_down"
[18:05:19.549]    </control>
[18:05:19.549]    <block atomic="false" info="">
[18:05:19.549]      __var DEBUG_PORT_VAL    = 0;
[18:05:19.549]        // -> [DEBUG_PORT_VAL <= 0x00000000]
[18:05:19.549]      __var ACCESS_POINT_VAL  = 0;
[18:05:19.549]        // -> [ACCESS_POINT_VAL <= 0x00000000]
[18:05:19.549]      __ap = 1; 
[18:05:19.549]        // -> [__ap <= 0x00000001]
[18:05:19.549]      WriteAP(0x0C, 0x04); //lets use the mini pwr-ap as backup
[18:05:19.554]        // -> [WriteAP(0x0000000C, 0x00000004)]   (__dp=0x00000000, __ap=0x00000001)
[18:05:19.554]      __ap = 4;
[18:05:19.554]        // -> [__ap <= 0x00000004]
[18:05:19.554]      ACCESS_POINT_VAL = ReadAP(0x00);//Reading current state of access point
[18:05:19.559]        // -> [ReadAP(0x00000000) => 0x00080027]   (__dp=0x00000000, __ap=0x00000004)
[18:05:19.559]        // -> [ACCESS_POINT_VAL <= 0x00080027]
[18:05:19.559]      Message(0, "Current state of access point is: %x",ACCESS_POINT_VAL);
[18:05:19.561]    </block>
[18:05:19.561]    <block atomic="false" info="">
[18:05:19.561]      __var nReset = 0x80;
[18:05:19.561]        // -> [nReset <= 0x00000080]
[18:05:19.561]      __var canReadPins = 0;
[18:05:19.561]        // -> [canReadPins <= 0x00000000]
[18:05:19.561]      canReadPins = (DAP_SWJ_Pins(0x00, nReset, 0) != 0xFFFFFFFF);
[18:05:19.564]        // -> [DAP_SWJ_Pins(0x00, 0x80, 0) => 0x0F]   (Out: nRESET=0  =>  In: SWCLK/TCK=1, SWDIO/TMS=1, TDI=1, TDO=1, nTRST=0, nRESET=0)
[18:05:19.564]        // -> [canReadPins <= 0x00000001]
[18:05:19.564]    </block>
[18:05:19.564]    <control if="" while="1" timeout="200" info="">
[18:05:19.564]      // while "1"  (timeout="200")
[18:05:19.564]      // while-condition  =>  TRUE
[18:05:19.564]      // while "1"  (timeout="200")
[18:05:19.564]      // while-condition  =>  TRUE
[18:05:19.564]      // while "1"  (timeout="200")
[18:05:19.564]      // while-condition  =>  TRUE
[18:05:19.564]      // while "1"  (timeout="200")
[18:05:19.564]      // while-condition  =>  TRUE
[18:05:19.564]      // while "1"  (timeout="200")
[18:05:19.564]      // while-condition  =>  TRUE
[18:05:19.564]      // while "1"  (timeout="200")
[18:05:19.564]      // while-condition  =>  TRUE
[18:05:19.564]      // while "1"  (timeout="200")
[18:05:19.564]      // while-condition  =>  TRUE
[18:05:19.564]      // while "1"  (timeout="200")
[18:05:19.564]      // while-condition  =>  TRUE
[18:05:19.564]      // while "1"  (timeout="200")
[18:05:19.564]      // while-condition  =>  TRUE
[18:05:19.564]      // while "1"  (timeout="200")
[18:05:19.564]      // while-condition  =>  TRUE
[18:05:19.564]      // while "1"  (timeout="200")
[18:05:19.564]      // while-condition  =>  TRUE
[18:05:19.564]      // while "1"  (timeout="200")
[18:05:19.564]      // while-condition  =>  TRUE
[18:05:19.564]      // while "1"  (timeout="200")
[18:05:19.564]      // while-condition  =>  TRUE
[18:05:19.564]      // while "1"  (timeout="200")
[18:05:19.564]      // while-condition  =>  TRUE
[18:05:19.564]      // while "1"  (timeout="200")
[18:05:19.564]      // while-condition  =>  TRUE
[18:05:19.564]      // while "1"  (timeout="200")
[18:05:19.564]      // while-condition  =>  TRUE
[18:05:19.564]      // while "1"  (timeout="200")
[18:05:19.564]      // while-condition  =>  TRUE
[18:05:19.564]      // while "1"  (timeout="200")
[18:05:19.564]      // while-condition  =>  TRUE
[18:05:19.564]      // while "1"  (timeout="200")
[18:05:19.564]      // while-condition  =>  TRUE
[18:05:19.564]      // while "1"  (timeout="200")
[18:05:19.564]      // while-condition  =>  TRUE
[18:05:19.569]      // while "1"  (timeout="200")
[18:05:19.569]      // while-condition  =>  TRUE
[18:05:19.569]      // while "1"  (timeout="200")
[18:05:19.569]      // while-condition  =>  TRUE
[18:05:19.569]      // while "1"  (timeout="200")
[18:05:19.569]      // while-condition  =>  TRUE
[18:05:19.569]      // while "1"  (timeout="200")
[18:05:19.569]      // while-condition  =>  TRUE
[18:05:19.569]      // while "1"  (timeout="200")
[18:05:19.569]      // while-condition  =>  TRUE
[18:05:19.569]      // while "1"  (timeout="200")
[18:05:19.569]      // while-condition  =>  TRUE
[18:05:19.569]      // while "1"  (timeout="200")
[18:05:19.569]      // while-condition  =>  TRUE
[18:05:19.569]      // while "1"  (timeout="200")
[18:05:19.569]      // while-condition  =>  TRUE
[18:05:19.569]      // while "1"  (timeout="200")
[18:05:19.569]      // while-condition  =>  TRUE
[18:05:19.569]      // while "1"  (timeout="200")
[18:05:19.569]      // while-condition  =>  TRUE
[18:05:19.569]      // while "1"  (timeout="200")
[18:05:19.569]      // while-condition  =>  TRUE
[18:05:19.569]      // while "1"  (timeout="200")
[18:05:19.569]      // while-condition  =>  TRUE
[18:05:19.569]      // while "1"  (timeout="200")
[18:05:19.569]      // while-condition  =>  TRUE
[18:05:19.569]      // while "1"  (timeout="200")
[18:05:19.569]      // while-condition  =>  TRUE
[18:05:19.569]      // while "1"  (timeout="200")
[18:05:19.569]      // while-condition  =>  TRUE
[18:05:19.569]      // while "1"  (timeout="200")
[18:05:19.569]      // while-condition  =>  TRUE
[18:05:19.569]      // while "1"  (timeout="200")
[18:05:19.570]      // while-condition  =>  TRUE
[18:05:19.570]      // while "1"  (timeout="200")
[18:05:19.570]      // while-condition  =>  TRUE
[18:05:19.570]      // while "1"  (timeout="200")
[18:05:19.570]      // while-condition  =>  TRUE
[18:05:19.570]      // while "1"  (timeout="200")
[18:05:19.570]      // while-condition  =>  TRUE
[18:05:19.570]      // while "1"  (timeout="200")
[18:05:19.570]      // while-condition  =>  TRUE
[18:05:19.570]      // while "1"  (timeout="200")
[18:05:19.570]      // while-condition  =>  TRUE
[18:05:19.570]      // while "1"  (timeout="200")
[18:05:19.570]      // while-condition  =>  TRUE
[18:05:19.570]      // while "1"  (timeout="200")
[18:05:19.570]      // while-condition  =>  TRUE
[18:05:19.570]      // while "1"  (timeout="200")
[18:05:19.570]      // while-condition  =>  TRUE
[18:05:19.570]      // while "1"  (timeout="200")
[18:05:19.570]      // while-condition  =>  TRUE
[18:05:19.570]      // while "1"  (timeout="200")
[18:05:19.570]      // while-condition  =>  TRUE
[18:05:19.570]      // while "1"  (timeout="200")
[18:05:19.570]      // while-condition  =>  TRUE
[18:05:19.571]      // while "1"  (timeout="200")
[18:05:19.571]      // while-condition  =>  TRUE
[18:05:19.571]      // while "1"  (timeout="200")
[18:05:19.571]      // while-condition  =>  TRUE
[18:05:19.571]      // while "1"  (timeout="200")
[18:05:19.572]      // while-condition  =>  TRUE
[18:05:19.572]      // while "1"  (timeout="200")
[18:05:19.572]      // while-condition  =>  TRUE
[18:05:19.572]      // while "1"  (timeout="200")
[18:05:19.572]      // while-condition  =>  TRUE
[18:05:19.572]      // while "1"  (timeout="200")
[18:05:19.572]      // while-condition  =>  TRUE
[18:05:19.572]      // while "1"  (timeout="200")
[18:05:19.572]      // while-condition  =>  TRUE
[18:05:19.572]      // while "1"  (timeout="200")
[18:05:19.572]      // while-condition  =>  TRUE
[18:05:19.572]      // while "1"  (timeout="200")
[18:05:19.572]      // while-condition  =>  TRUE
[18:05:19.572]      // while "1"  (timeout="200")
[18:05:19.572]      // while-condition  =>  TRUE
[18:05:19.572]      // while "1"  (timeout="200")
[18:05:19.572]      // while-condition  =>  TRUE
[18:05:19.572]      // while "1"  (timeout="200")
[18:05:19.572]      // while-condition  =>  TRUE
[18:05:19.572]      // while "1"  (timeout="200")
[18:05:19.572]      // while-condition  =>  TRUE
[18:05:19.572]      // while "1"  (timeout="200")
[18:05:19.572]      // while-condition  =>  TRUE
[18:05:19.572]      // while "1"  (timeout="200")
[18:05:19.572]      // while-condition  =>  TRUE
[18:05:19.572]      // while "1"  (timeout="200")
[18:05:19.572]      // while-condition  =>  TRUE
[18:05:19.572]      // while "1"  (timeout="200")
[18:05:19.572]      // while-condition  =>  TRUE
[18:05:19.572]      // while "1"  (timeout="200")
[18:05:19.572]      // while-condition  =>  TRUE
[18:05:19.572]      // while "1"  (timeout="200")
[18:05:19.572]      // while-condition  =>  TRUE
[18:05:19.572]      // while "1"  (timeout="200")
[18:05:19.572]      // while-condition  =>  TRUE
[18:05:19.572]      // while "1"  (timeout="200")
[18:05:19.574]      // while-condition  =>  TRUE
[18:05:19.574]      // while "1"  (timeout="200")
[18:05:19.574]      // while  =>  TIMEOUT
[18:05:19.574]      // end while "1"
[18:05:19.574]    </control>
[18:05:19.574]    <control if="canReadPins" while="" timeout="0" info="">
[18:05:19.574]      // if-block "canReadPins"
[18:05:19.574]        // =>  TRUE
[18:05:19.574]      <control if="" while="(DAP_SWJ_Pins(nReset, nReset, 0) & nReset) == 0" timeout="1000000" info="">
[18:05:19.574]        // while "(DAP_SWJ_Pins(nReset, nReset, 0) & nReset) == 0"  (timeout="1000000")
[18:05:19.576]          // -> [DAP_SWJ_Pins(0x80, 0x80, 0) => 0x8F]   (Out: nRESET=1  =>  In: SWCLK/TCK=1, SWDIO/TMS=1, TDI=1, TDO=1, nTRST=0, nRESET=1)
[18:05:19.576]        // while-condition  =>  FALSE
[18:05:19.576]        // end while "(DAP_SWJ_Pins(nReset, nReset, 0) & nReset) == 0"
[18:05:19.576]      </control>
[18:05:19.576]      // end if-block "canReadPins"
[18:05:19.576]    </control>
[18:05:19.576]    <control if="!canReadPins" while="" timeout="0" info="">
[18:05:19.576]      // if-block "!canReadPins"
[18:05:19.576]        // =>  FALSE
[18:05:19.576]      // skip if-block "!canReadPins"
[18:05:19.576]    </control>
[18:05:19.576]    <control if="(ACCESS_POINT_VAL & 0x00E00000) == 0" while="" timeout="0" info="">
[18:05:19.576]      // if-block "(ACCESS_POINT_VAL & 0x00E00000) == 0"
[18:05:19.576]        // =>  TRUE
[18:05:19.576]      <block atomic="false" info="">
[18:05:19.576]        WriteAP(0x00, 0x190008);
[18:05:19.579]          // -> [WriteAP(0x00000000, 0x00190008)]   (__dp=0x00000000, __ap=0x00000004)
[18:05:19.579]        WriteAP(0xF0, 0x01);
[18:05:19.583]          // -> [WriteAP(0x000000F0, 0x00000001)]   (__dp=0x00000000, __ap=0x00000004)
[18:05:19.583]      </block>
[18:05:19.583]      // end if-block "(ACCESS_POINT_VAL & 0x00E00000) == 0"
[18:05:19.583]    </control>
[18:05:19.583]    <control if="(ACCESS_POINT_VAL & 0x00E00000) != 0" while="" timeout="0" info="">
[18:05:19.583]      // if-block "(ACCESS_POINT_VAL & 0x00E00000) != 0"
[18:05:19.583]        // =>  FALSE
[18:05:19.583]      // skip if-block "(ACCESS_POINT_VAL & 0x00E00000) != 0"
[18:05:19.584]    </control>
[18:05:19.584]    <block atomic="false" info="">
[18:05:19.584]      ACCESS_POINT_VAL = ReadAP(0x00);//Reading current state of access point
[18:05:19.587]        // -> [ReadAP(0x00000000) => 0x0079002F]   (__dp=0x00000000, __ap=0x00000004)
[18:05:19.587]        // -> [ACCESS_POINT_VAL <= 0x0079002F]
[18:05:19.587]      Message(0, "Current state of access point is: %x",ACCESS_POINT_VAL);
[18:05:19.588]      __ap = 0; //lets make sure we reset the access point selection
[18:05:19.588]        // -> [__ap <= 0x00000000]
[18:05:19.588]    </block>
[18:05:19.589]  </sequence>
[18:05:19.589]  
[18:05:19.610]  **********  Sequence "DebugDeviceUnlock"  (Context="Connect", Pname="", info="")
[18:05:19.610]  
[18:05:19.610]  <debugvars>
[18:05:19.610]    // Pre-defined
[18:05:19.610]    __protocol=0x00010002      (Protocol="SWD", SWJ-DP="True")
[18:05:19.610]    __connection=0x00000202    (Connection Type="Flash", Reset Type="System Reset")
[18:05:19.611]    __dp=0x00000000
[18:05:19.611]    __ap=0x00000000
[18:05:19.611]    __traceout=0x00000000      (Trace Disabled)
[18:05:19.611]    __errorcontrol=0x00000000  (Skip Errors="False")
[18:05:19.611]    __FlashAddr=0x00000000
[18:05:19.611]    __FlashLen=0x00000000
[18:05:19.611]    __FlashArg=0x00000000
[18:05:19.611]    __FlashOp=0x00000000
[18:05:19.612]    __Result=0x00000000
[18:05:19.612]  </debugvars>
[18:05:19.612]  
[18:05:19.612]  <sequence name="DebugDeviceUnlock" Pname="" disable="false" info="">
[18:05:19.612]    <block atomic="false" info="">
[18:05:19.612]      __var deviceID = 0;
[18:05:19.612]        // -> [deviceID <= 0x00000000]
[18:05:19.612]      __var version = 0;
[18:05:19.612]        // -> [version <= 0x00000000]
[18:05:19.612]      __var partNum = 0;
[18:05:19.612]        // -> [partNum <= 0x00000000]
[18:05:19.612]      __var manuf = 0;
[18:05:19.612]        // -> [manuf <= 0x00000000]
[18:05:19.612]      __var isMSPM0G1X0X_G3X0X = 0;
[18:05:19.612]        // -> [isMSPM0G1X0X_G3X0X <= 0x00000000]
[18:05:19.612]      __var isProduction = 0;
[18:05:19.612]        // -> [isProduction <= 0x00000000]
[18:05:19.612]      __var continueId = 0;
[18:05:19.612]        // -> [continueId <= 0x00000000]
[18:05:19.612]      deviceID =   Read32(0x41C40004);
[18:05:19.616]        // -> [Read32(0x41C40004) => 0x2BB8802F]   (__dp=0x00000000, __ap=0x00000000)
[18:05:19.616]        // -> [deviceID <= 0x2BB8802F]
[18:05:19.616]      version = deviceID >> 28;
[18:05:19.616]        // -> [version <= 0x00000002]
[18:05:19.616]      partNum = (deviceID & 0x0FFFF000) >> 12;
[18:05:19.616]        // -> [partNum <= 0x0000BB88]
[18:05:19.616]      manuf = (deviceID & 0x00000FFE) >> 1;
[18:05:19.616]        // -> [manuf <= 0x00000017]
[18:05:19.616]      isMSPM0G1X0X_G3X0X = (partNum == 0xBB88) && (manuf == 0x17);
[18:05:19.616]        // -> [isMSPM0G1X0X_G3X0X <= 0x00000001]
[18:05:19.616]      isProduction = (version > 0);
[18:05:19.616]        // -> [isProduction <= 0x00000001]
[18:05:19.616]    </block>
[18:05:19.616]    <control if="!isMSPM0G1X0X_G3X0X" while="" timeout="0" info="">
[18:05:19.616]      // if-block "!isMSPM0G1X0X_G3X0X"
[18:05:19.616]        // =>  FALSE
[18:05:19.616]      // skip if-block "!isMSPM0G1X0X_G3X0X"
[18:05:19.616]    </control>
[18:05:19.616]    <control if="continueId == 4" while="" timeout="0" info="">
[18:05:19.616]      // if-block "continueId == 4"
[18:05:19.616]        // =>  FALSE
[18:05:19.616]      // skip if-block "continueId == 4"
[18:05:19.616]    </control>
[18:05:19.616]    <control if="!isProduction" while="" timeout="0" info="">
[18:05:19.616]      // if-block "!isProduction"
[18:05:19.616]        // =>  FALSE
[18:05:19.616]      // skip if-block "!isProduction"
[18:05:19.616]    </control>
[18:05:19.616]  </sequence>
[18:05:19.616]  
[18:10:57.427]  **********  Sequence "DebugPortSetup"  (Context="Connect", Pname="", info="")
[18:10:57.427]  
[18:10:57.428]  <debugvars>
[18:10:57.428]    // Pre-defined
[18:10:57.428]    __protocol=0x00010002      (Protocol="SWD", SWJ-DP="True")
[18:10:57.428]    __connection=0x00000202    (Connection Type="Flash", Reset Type="System Reset")
[18:10:57.428]    __dp=0x00000000
[18:10:57.428]    __ap=0x00000000
[18:10:57.428]    __traceout=0x00000000      (Trace Disabled)
[18:10:57.428]    __errorcontrol=0x00000000  (Skip Errors="False")
[18:10:57.428]    __FlashAddr=0x00000000
[18:10:57.428]    __FlashLen=0x00000000
[18:10:57.428]    __FlashArg=0x00000000
[18:10:57.428]    __FlashOp=0x00000000
[18:10:57.428]    __Result=0x00000000
[18:10:57.428]  </debugvars>
[18:10:57.428]  
[18:10:57.428]  <sequence name="DebugPortSetup" Pname="" disable="false" info="">
[18:10:57.428]    <block atomic="false" info="">
[18:10:57.428]      __var isSWJ      = ((__protocol & 0x00010000) != 0);
[18:10:57.428]        // -> [isSWJ <= 0x00000001]
[18:10:57.428]      __var hasDormant = __protocol & 0x00020000;
[18:10:57.428]        // -> [hasDormant <= 0x00000000]
[18:10:57.428]      __var protType   = __protocol & 0x0000FFFF;
[18:10:57.428]        // -> [protType <= 0x00000002]
[18:10:57.428]    </block>
[18:10:57.429]    <control if="protType == 1" while="" timeout="0" info="">
[18:10:57.429]      // if-block "protType == 1"
[18:10:57.429]        // =>  FALSE
[18:10:57.429]      // skip if-block "protType == 1"
[18:10:57.429]    </control>
[18:10:57.429]    <control if="protType == 2" while="" timeout="0" info="">
[18:10:57.429]      // if-block "protType == 2"
[18:10:57.429]        // =>  TRUE
[18:10:57.429]      <control if="isSWJ" while="" timeout="0" info="">
[18:10:57.429]        // if-block "isSWJ"
[18:10:57.429]          // =>  TRUE
[18:10:57.429]        <control if="hasDormant" while="" timeout="0" info="">
[18:10:57.429]          // if-block "hasDormant"
[18:10:57.429]            // =>  FALSE
[18:10:57.429]          // skip if-block "hasDormant"
[18:10:57.429]        </control>
[18:10:57.429]        <control if="!hasDormant" while="" timeout="0" info="">
[18:10:57.429]          // if-block "!hasDormant"
[18:10:57.429]            // =>  TRUE
[18:10:57.429]          <block atomic="false" info="">
[18:10:57.429]            DAP_SWJ_Sequence(51, 0x0007FFFFFFFFFFFF); //lets put the JTAG line in a reset state
[18:10:57.432]              // -> [DAP_SWJ_Sequence(51, 0x0007FFFFFFFFFFFF)]
[18:10:57.432]            DAP_SWJ_Sequence(16,0xE73C); //SWD to JTAG, this is to ensure the state machine is initialized
[18:10:57.434]              // -> [DAP_SWJ_Sequence(16, 0x000000000000E73C)]
[18:10:57.434]            DAP_SWJ_Sequence(51, 0x0007FFFFFFFFFFFF); //Put it back in reset
[18:10:57.437]              // -> [DAP_SWJ_Sequence(51, 0x0007FFFFFFFFFFFF)]
[18:10:57.437]            DAP_SWJ_Sequence(16, 0xE79E); //JTAG to SWD switch
[18:10:57.439]              // -> [DAP_SWJ_Sequence(16, 0x000000000000E79E)]
[18:10:57.439]            DAP_SWJ_Sequence(51, 0x0007FFFFFFFFFFFF);  //Ensure the switch is successful 
[18:10:57.444]              // -> [DAP_SWJ_Sequence(51, 0x0007FFFFFFFFFFFF)]
[18:10:57.444]            DAP_SWJ_Sequence(7,  0x00); //Give the line some time to initialize
[18:10:57.444]              // -> [DAP_SWJ_Sequence(7, 0x0000000000000000)]
[18:10:57.444]          </block>
[18:10:57.444]          // end if-block "!hasDormant"
[18:10:57.444]        </control>
[18:10:57.448]        // end if-block "isSWJ"
[18:10:57.448]      </control>
[18:10:57.448]      <control if="!isSWJ" while="" timeout="0" info="">
[18:10:57.448]        // if-block "!isSWJ"
[18:10:57.448]          // =>  FALSE
[18:10:57.448]        // skip if-block "!isSWJ"
[18:10:57.448]      </control>
[18:10:57.448]      <block atomic="false" info="">
[18:10:57.448]        ReadDP(0x0);
[18:10:57.450]          // -> [ReadDP(0x00000000) => 0x6BA02477]   (__dp=0x00000000)
[18:10:57.450]      </block>
[18:10:57.450]      // end if-block "protType == 2"
[18:10:57.450]    </control>
[18:10:57.450]  </sequence>
[18:10:57.450]  
[18:10:57.455]  **********  Sequence "DebugPortStart"  (Context="Connect", Pname="", info="")
[18:10:57.455]  
[18:10:57.455]  <debugvars>
[18:10:57.455]    // Pre-defined
[18:10:57.455]    __protocol=0x00010002      (Protocol="SWD", SWJ-DP="True")
[18:10:57.455]    __connection=0x00000202    (Connection Type="Flash", Reset Type="System Reset")
[18:10:57.455]    __dp=0x00000000
[18:10:57.455]    __ap=0x00000000
[18:10:57.455]    __traceout=0x00000000      (Trace Disabled)
[18:10:57.455]    __errorcontrol=0x00000000  (Skip Errors="False")
[18:10:57.455]    __FlashAddr=0x00000000
[18:10:57.455]    __FlashLen=0x00000000
[18:10:57.455]    __FlashArg=0x00000000
[18:10:57.455]    __FlashOp=0x00000000
[18:10:57.455]    __Result=0x00000000
[18:10:57.455]  </debugvars>
[18:10:57.455]  
[18:10:57.455]  <sequence name="DebugPortStart" Pname="" disable="false" info="">
[18:10:57.455]    <block atomic="false" info="">
[18:10:57.455]      __var SW_DP_ABORT       = 0x0;
[18:10:57.455]        // -> [SW_DP_ABORT <= 0x00000000]
[18:10:57.455]      __var DP_CTRL_STAT      = 0x4;
[18:10:57.455]        // -> [DP_CTRL_STAT <= 0x00000004]
[18:10:57.455]      __var DP_SELECT         = 0x8;
[18:10:57.455]        // -> [DP_SELECT <= 0x00000008]
[18:10:57.455]      __var powered_down      = 0;
[18:10:57.455]        // -> [powered_down <= 0x00000000]
[18:10:57.455]      WriteDP(DP_SELECT, 0x00000000);
[18:10:57.455]        // -> [WriteDP(0x00000008, 0x00000000)]   (__dp=0x00000000)
[18:10:57.455]      powered_down = ((ReadDP(DP_CTRL_STAT) & 0xA0000000) != 0xA0000000);
[18:10:57.460]        // -> [ReadDP(0x00000004) => 0x00000040]   (__dp=0x00000000)
[18:10:57.460]        // -> [powered_down <= 0x00000001]
[18:10:57.460]    </block>
[18:10:57.460]    <control if="powered_down" while="" timeout="0" info="">
[18:10:57.460]      // if-block "powered_down"
[18:10:57.460]        // =>  TRUE
[18:10:57.460]      <block atomic="false" info="">
[18:10:57.460]        Message(0, "Debug/System power-up request sent");
[18:10:57.460]        WriteDP(DP_CTRL_STAT, 0x50000000);
[18:10:57.464]          // -> [WriteDP(0x00000004, 0x50000000)]   (__dp=0x00000000)
[18:10:57.464]      </block>
[18:10:57.464]      <control if="" while="(ReadDP(DP_CTRL_STAT) & 0xA0000000) != 0xA0000000" timeout="1000000" info="">
[18:10:57.464]        // while "(ReadDP(DP_CTRL_STAT) & 0xA0000000) != 0xA0000000"  (timeout="1000000")
[18:10:57.466]          // -> [ReadDP(0x00000004) => 0xF0000040]   (__dp=0x00000000)
[18:10:57.466]        // while-condition  =>  FALSE
[18:10:57.466]        // end while "(ReadDP(DP_CTRL_STAT) & 0xA0000000) != 0xA0000000"
[18:10:57.466]      </control>
[18:10:57.466]      <control if="(__protocol & 0xFFFF) == 1" while="" timeout="0" info="">
[18:10:57.466]        // if-block "(__protocol & 0xFFFF) == 1"
[18:10:57.466]          // =>  FALSE
[18:10:57.466]        // skip if-block "(__protocol & 0xFFFF) == 1"
[18:10:57.466]      </control>
[18:10:57.466]      <control if="(__protocol & 0xFFFF) == 2" while="" timeout="0" info="">
[18:10:57.466]        // if-block "(__protocol & 0xFFFF) == 2"
[18:10:57.466]          // =>  TRUE
[18:10:57.466]        <block atomic="false" info="">
[18:10:57.466]          Message(0, "executing SWD power up");
[18:10:57.467]          WriteDP(DP_CTRL_STAT, 0x50000F00);
[18:10:57.469]            // -> [WriteDP(0x00000004, 0x50000F00)]   (__dp=0x00000000)
[18:10:57.469]          WriteDP(SW_DP_ABORT, 0x0000001E);
[18:10:57.472]            // -> [WriteDP(0x00000000, 0x0000001E)]   (__dp=0x00000000)
[18:10:57.472]        </block>
[18:10:57.472]        // end if-block "(__protocol & 0xFFFF) == 2"
[18:10:57.472]      </control>
[18:10:57.472]      // end if-block "powered_down"
[18:10:57.472]    </control>
[18:10:57.472]    <block atomic="false" info="">
[18:10:57.472]      __var DEBUG_PORT_VAL    = 0;
[18:10:57.472]        // -> [DEBUG_PORT_VAL <= 0x00000000]
[18:10:57.472]      __var ACCESS_POINT_VAL  = 0;
[18:10:57.473]        // -> [ACCESS_POINT_VAL <= 0x00000000]
[18:10:57.473]      __ap = 1; 
[18:10:57.473]        // -> [__ap <= 0x00000001]
[18:10:57.473]      WriteAP(0x0C, 0x04); //lets use the mini pwr-ap as backup
[18:10:57.477]        // -> [WriteAP(0x0000000C, 0x00000004)]   (__dp=0x00000000, __ap=0x00000001)
[18:10:57.477]      __ap = 4;
[18:10:57.477]        // -> [__ap <= 0x00000004]
[18:10:57.477]      ACCESS_POINT_VAL = ReadAP(0x00);//Reading current state of access point
[18:10:57.480]        // -> [ReadAP(0x00000000) => 0x00080027]   (__dp=0x00000000, __ap=0x00000004)
[18:10:57.480]        // -> [ACCESS_POINT_VAL <= 0x00080027]
[18:10:57.480]      Message(0, "Current state of access point is: %x",ACCESS_POINT_VAL);
[18:10:57.480]    </block>
[18:10:57.480]    <block atomic="false" info="">
[18:10:57.480]      __var nReset = 0x80;
[18:10:57.480]        // -> [nReset <= 0x00000080]
[18:10:57.480]      __var canReadPins = 0;
[18:10:57.480]        // -> [canReadPins <= 0x00000000]
[18:10:57.480]      canReadPins = (DAP_SWJ_Pins(0x00, nReset, 0) != 0xFFFFFFFF);
[18:10:57.485]        // -> [DAP_SWJ_Pins(0x00, 0x80, 0) => 0x0F]   (Out: nRESET=0  =>  In: SWCLK/TCK=1, SWDIO/TMS=1, TDI=1, TDO=1, nTRST=0, nRESET=0)
[18:10:57.485]        // -> [canReadPins <= 0x00000001]
[18:10:57.485]    </block>
[18:10:57.485]    <control if="" while="1" timeout="200" info="">
[18:10:57.485]      // while "1"  (timeout="200")
[18:10:57.485]      // while-condition  =>  TRUE
[18:10:57.485]      // while "1"  (timeout="200")
[18:10:57.485]      // while-condition  =>  TRUE
[18:10:57.485]      // while "1"  (timeout="200")
[18:10:57.485]      // while-condition  =>  TRUE
[18:10:57.485]      // while "1"  (timeout="200")
[18:10:57.485]      // while-condition  =>  TRUE
[18:10:57.485]      // while "1"  (timeout="200")
[18:10:57.485]      // while-condition  =>  TRUE
[18:10:57.485]      // while "1"  (timeout="200")
[18:10:57.485]      // while-condition  =>  TRUE
[18:10:57.485]      // while "1"  (timeout="200")
[18:10:57.485]      // while-condition  =>  TRUE
[18:10:57.485]      // while "1"  (timeout="200")
[18:10:57.485]      // while-condition  =>  TRUE
[18:10:57.485]      // while "1"  (timeout="200")
[18:10:57.485]      // while-condition  =>  TRUE
[18:10:57.485]      // while "1"  (timeout="200")
[18:10:57.485]      // while-condition  =>  TRUE
[18:10:57.485]      // while "1"  (timeout="200")
[18:10:57.485]      // while-condition  =>  TRUE
[18:10:57.485]      // while "1"  (timeout="200")
[18:10:57.485]      // while-condition  =>  TRUE
[18:10:57.485]      // while "1"  (timeout="200")
[18:10:57.485]      // while-condition  =>  TRUE
[18:10:57.485]      // while "1"  (timeout="200")
[18:10:57.485]      // while-condition  =>  TRUE
[18:10:57.485]      // while "1"  (timeout="200")
[18:10:57.485]      // while-condition  =>  TRUE
[18:10:57.485]      // while "1"  (timeout="200")
[18:10:57.485]      // while-condition  =>  TRUE
[18:10:57.485]      // while "1"  (timeout="200")
[18:10:57.485]      // while-condition  =>  TRUE
[18:10:57.485]      // while "1"  (timeout="200")
[18:10:57.485]      // while-condition  =>  TRUE
[18:10:57.485]      // while "1"  (timeout="200")
[18:10:57.485]      // while-condition  =>  TRUE
[18:10:57.485]      // while "1"  (timeout="200")
[18:10:57.485]      // while-condition  =>  TRUE
[18:10:57.485]      // while "1"  (timeout="200")
[18:10:57.485]      // while-condition  =>  TRUE
[18:10:57.485]      // while "1"  (timeout="200")
[18:10:57.485]      // while-condition  =>  TRUE
[18:10:57.485]      // while "1"  (timeout="200")
[18:10:57.490]      // while-condition  =>  TRUE
[18:10:57.490]      // while "1"  (timeout="200")
[18:10:57.490]      // while-condition  =>  TRUE
[18:10:57.490]      // while "1"  (timeout="200")
[18:10:57.490]      // while-condition  =>  TRUE
[18:10:57.490]      // while "1"  (timeout="200")
[18:10:57.490]      // while-condition  =>  TRUE
[18:10:57.490]      // while "1"  (timeout="200")
[18:10:57.490]      // while-condition  =>  TRUE
[18:10:57.490]      // while "1"  (timeout="200")
[18:10:57.490]      // while-condition  =>  TRUE
[18:10:57.490]      // while "1"  (timeout="200")
[18:10:57.490]      // while-condition  =>  TRUE
[18:10:57.490]      // while "1"  (timeout="200")
[18:10:57.490]      // while-condition  =>  TRUE
[18:10:57.490]      // while "1"  (timeout="200")
[18:10:57.490]      // while-condition  =>  TRUE
[18:10:57.490]      // while "1"  (timeout="200")
[18:10:57.490]      // while-condition  =>  TRUE
[18:10:57.490]      // while "1"  (timeout="200")
[18:10:57.490]      // while-condition  =>  TRUE
[18:10:57.490]      // while "1"  (timeout="200")
[18:10:57.490]      // while-condition  =>  TRUE
[18:10:57.490]      // while "1"  (timeout="200")
[18:10:57.490]      // while-condition  =>  TRUE
[18:10:57.490]      // while "1"  (timeout="200")
[18:10:57.490]      // while-condition  =>  TRUE
[18:10:57.490]      // while "1"  (timeout="200")
[18:10:57.490]      // while-condition  =>  TRUE
[18:10:57.490]      // while "1"  (timeout="200")
[18:10:57.490]      // while-condition  =>  TRUE
[18:10:57.490]      // while "1"  (timeout="200")
[18:10:57.490]      // while-condition  =>  TRUE
[18:10:57.490]      // while "1"  (timeout="200")
[18:10:57.490]      // while-condition  =>  TRUE
[18:10:57.490]      // while "1"  (timeout="200")
[18:10:57.490]      // while-condition  =>  TRUE
[18:10:57.490]      // while "1"  (timeout="200")
[18:10:57.490]      // while-condition  =>  TRUE
[18:10:57.490]      // while "1"  (timeout="200")
[18:10:57.490]      // while-condition  =>  TRUE
[18:10:57.490]      // while "1"  (timeout="200")
[18:10:57.490]      // while-condition  =>  TRUE
[18:10:57.490]      // while "1"  (timeout="200")
[18:10:57.490]      // while-condition  =>  TRUE
[18:10:57.490]      // while "1"  (timeout="200")
[18:10:57.490]      // while-condition  =>  TRUE
[18:10:57.490]      // while "1"  (timeout="200")
[18:10:57.490]      // while-condition  =>  TRUE
[18:10:57.490]      // while "1"  (timeout="200")
[18:10:57.490]      // while-condition  =>  TRUE
[18:10:57.490]      // while "1"  (timeout="200")
[18:10:57.490]      // while-condition  =>  TRUE
[18:10:57.490]      // while "1"  (timeout="200")
[18:10:57.490]      // while-condition  =>  TRUE
[18:10:57.490]      // while "1"  (timeout="200")
[18:10:57.490]      // while-condition  =>  TRUE
[18:10:57.490]      // while "1"  (timeout="200")
[18:10:57.490]      // while-condition  =>  TRUE
[18:10:57.490]      // while "1"  (timeout="200")
[18:10:57.490]      // while-condition  =>  TRUE
[18:10:57.490]      // while "1"  (timeout="200")
[18:10:57.490]      // while-condition  =>  TRUE
[18:10:57.490]      // while "1"  (timeout="200")
[18:10:57.490]      // while-condition  =>  TRUE
[18:10:57.490]      // while "1"  (timeout="200")
[18:10:57.490]      // while-condition  =>  TRUE
[18:10:57.490]      // while "1"  (timeout="200")
[18:10:57.490]      // while-condition  =>  TRUE
[18:10:57.490]      // while "1"  (timeout="200")
[18:10:57.490]      // while-condition  =>  TRUE
[18:10:57.490]      // while "1"  (timeout="200")
[18:10:57.490]      // while-condition  =>  TRUE
[18:10:57.490]      // while "1"  (timeout="200")
[18:10:57.490]      // while-condition  =>  TRUE
[18:10:57.490]      // while "1"  (timeout="200")
[18:10:57.490]      // while-condition  =>  TRUE
[18:10:57.490]      // while "1"  (timeout="200")
[18:10:57.490]      // while-condition  =>  TRUE
[18:10:57.490]      // while "1"  (timeout="200")
[18:10:57.490]      // while-condition  =>  TRUE
[18:10:57.490]      // while "1"  (timeout="200")
[18:10:57.490]      // while-condition  =>  TRUE
[18:10:57.490]      // while "1"  (timeout="200")
[18:10:57.490]      // while-condition  =>  TRUE
[18:10:57.490]      // while "1"  (timeout="200")
[18:10:57.490]      // while-condition  =>  TRUE
[18:10:57.490]      // while "1"  (timeout="200")
[18:10:57.490]      // while-condition  =>  TRUE
[18:10:57.490]      // while "1"  (timeout="200")
[18:10:57.490]      // while-condition  =>  TRUE
[18:10:57.490]      // while "1"  (timeout="200")
[18:10:57.490]      // while-condition  =>  TRUE
[18:10:57.490]      // while "1"  (timeout="200")
[18:10:57.490]      // while-condition  =>  TRUE
[18:10:57.490]      // while "1"  (timeout="200")
[18:10:57.490]      // while-condition  =>  TRUE
[18:10:57.490]      // while "1"  (timeout="200")
[18:10:57.490]      // while-condition  =>  TRUE
[18:10:57.490]      // while "1"  (timeout="200")
[18:10:57.490]      // while-condition  =>  TRUE
[18:10:57.490]      // while "1"  (timeout="200")
[18:10:57.490]      // while-condition  =>  TRUE
[18:10:57.490]      // while "1"  (timeout="200")
[18:10:57.490]      // while-condition  =>  TRUE
[18:10:57.490]      // while "1"  (timeout="200")
[18:10:57.490]      // while-condition  =>  TRUE
[18:10:57.495]      // while "1"  (timeout="200")
[18:10:57.495]      // while-condition  =>  TRUE
[18:10:57.495]      // while "1"  (timeout="200")
[18:10:57.495]      // while-condition  =>  TRUE
[18:10:57.495]      // while "1"  (timeout="200")
[18:10:57.495]      // while-condition  =>  TRUE
[18:10:57.496]      // while "1"  (timeout="200")
[18:10:57.496]      // while  =>  TIMEOUT
[18:10:57.496]      // end while "1"
[18:10:57.496]    </control>
[18:10:57.496]    <control if="canReadPins" while="" timeout="0" info="">
[18:10:57.496]      // if-block "canReadPins"
[18:10:57.496]        // =>  TRUE
[18:10:57.496]      <control if="" while="(DAP_SWJ_Pins(nReset, nReset, 0) & nReset) == 0" timeout="1000000" info="">
[18:10:57.496]        // while "(DAP_SWJ_Pins(nReset, nReset, 0) & nReset) == 0"  (timeout="1000000")
[18:10:57.496]          // -> [DAP_SWJ_Pins(0x80, 0x80, 0) => 0x8F]   (Out: nRESET=1  =>  In: SWCLK/TCK=1, SWDIO/TMS=1, TDI=1, TDO=1, nTRST=0, nRESET=1)
[18:10:57.496]        // while-condition  =>  FALSE
[18:10:57.496]        // end while "(DAP_SWJ_Pins(nReset, nReset, 0) & nReset) == 0"
[18:10:57.496]      </control>
[18:10:57.496]      // end if-block "canReadPins"
[18:10:57.496]    </control>
[18:10:57.496]    <control if="!canReadPins" while="" timeout="0" info="">
[18:10:57.496]      // if-block "!canReadPins"
[18:10:57.496]        // =>  FALSE
[18:10:57.496]      // skip if-block "!canReadPins"
[18:10:57.496]    </control>
[18:10:57.496]    <control if="(ACCESS_POINT_VAL & 0x00E00000) == 0" while="" timeout="0" info="">
[18:10:57.496]      // if-block "(ACCESS_POINT_VAL & 0x00E00000) == 0"
[18:10:57.496]        // =>  TRUE
[18:10:57.496]      <block atomic="false" info="">
[18:10:57.496]        WriteAP(0x00, 0x190008);
[18:10:57.496]          // -> [WriteAP(0x00000000, 0x00190008)]   (__dp=0x00000000, __ap=0x00000004)
[18:10:57.500]        WriteAP(0xF0, 0x01);
[18:10:57.500]          // -> [WriteAP(0x000000F0, 0x00000001)]   (__dp=0x00000000, __ap=0x00000004)
[18:10:57.505]      </block>
[18:10:57.505]      // end if-block "(ACCESS_POINT_VAL & 0x00E00000) == 0"
[18:10:57.505]    </control>
[18:10:57.505]    <control if="(ACCESS_POINT_VAL & 0x00E00000) != 0" while="" timeout="0" info="">
[18:10:57.505]      // if-block "(ACCESS_POINT_VAL & 0x00E00000) != 0"
[18:10:57.505]        // =>  FALSE
[18:10:57.505]      // skip if-block "(ACCESS_POINT_VAL & 0x00E00000) != 0"
[18:10:57.505]    </control>
[18:10:57.505]    <block atomic="false" info="">
[18:10:57.505]      ACCESS_POINT_VAL = ReadAP(0x00);//Reading current state of access point
[18:10:57.505]        // -> [ReadAP(0x00000000) => 0x0079002F]   (__dp=0x00000000, __ap=0x00000004)
[18:10:57.505]        // -> [ACCESS_POINT_VAL <= 0x0079002F]
[18:10:57.505]      Message(0, "Current state of access point is: %x",ACCESS_POINT_VAL);
[18:10:57.510]      __ap = 0; //lets make sure we reset the access point selection
[18:10:57.510]        // -> [__ap <= 0x00000000]
[18:10:57.510]    </block>
[18:10:57.510]  </sequence>
[18:10:57.510]  
[18:10:57.530]  **********  Sequence "DebugDeviceUnlock"  (Context="Connect", Pname="", info="")
[18:10:57.530]  
[18:10:57.530]  <debugvars>
[18:10:57.530]    // Pre-defined
[18:10:57.530]    __protocol=0x00010002      (Protocol="SWD", SWJ-DP="True")
[18:10:57.530]    __connection=0x00000202    (Connection Type="Flash", Reset Type="System Reset")
[18:10:57.530]    __dp=0x00000000
[18:10:57.530]    __ap=0x00000000
[18:10:57.530]    __traceout=0x00000000      (Trace Disabled)
[18:10:57.530]    __errorcontrol=0x00000000  (Skip Errors="False")
[18:10:57.530]    __FlashAddr=0x00000000
[18:10:57.530]    __FlashLen=0x00000000
[18:10:57.530]    __FlashArg=0x00000000
[18:10:57.530]    __FlashOp=0x00000000
[18:10:57.530]    __Result=0x00000000
[18:10:57.530]  </debugvars>
[18:10:57.530]  
[18:10:57.530]  <sequence name="DebugDeviceUnlock" Pname="" disable="false" info="">
[18:10:57.530]    <block atomic="false" info="">
[18:10:57.530]      __var deviceID = 0;
[18:10:57.530]        // -> [deviceID <= 0x00000000]
[18:10:57.530]      __var version = 0;
[18:10:57.530]        // -> [version <= 0x00000000]
[18:10:57.530]      __var partNum = 0;
[18:10:57.530]        // -> [partNum <= 0x00000000]
[18:10:57.530]      __var manuf = 0;
[18:10:57.530]        // -> [manuf <= 0x00000000]
[18:10:57.530]      __var isMSPM0G1X0X_G3X0X = 0;
[18:10:57.530]        // -> [isMSPM0G1X0X_G3X0X <= 0x00000000]
[18:10:57.530]      __var isProduction = 0;
[18:10:57.530]        // -> [isProduction <= 0x00000000]
[18:10:57.530]      __var continueId = 0;
[18:10:57.530]        // -> [continueId <= 0x00000000]
[18:10:57.530]      deviceID =   Read32(0x41C40004);
[18:10:57.539]        // -> [Read32(0x41C40004) => 0x2BB8802F]   (__dp=0x00000000, __ap=0x00000000)
[18:10:57.539]        // -> [deviceID <= 0x2BB8802F]
[18:10:57.539]      version = deviceID >> 28;
[18:10:57.539]        // -> [version <= 0x00000002]
[18:10:57.539]      partNum = (deviceID & 0x0FFFF000) >> 12;
[18:10:57.539]        // -> [partNum <= 0x0000BB88]
[18:10:57.539]      manuf = (deviceID & 0x00000FFE) >> 1;
[18:10:57.539]        // -> [manuf <= 0x00000017]
[18:10:57.539]      isMSPM0G1X0X_G3X0X = (partNum == 0xBB88) && (manuf == 0x17);
[18:10:57.539]        // -> [isMSPM0G1X0X_G3X0X <= 0x00000001]
[18:10:57.539]      isProduction = (version > 0);
[18:10:57.539]        // -> [isProduction <= 0x00000001]
[18:10:57.539]    </block>
[18:10:57.539]    <control if="!isMSPM0G1X0X_G3X0X" while="" timeout="0" info="">
[18:10:57.539]      // if-block "!isMSPM0G1X0X_G3X0X"
[18:10:57.539]        // =>  FALSE
[18:10:57.539]      // skip if-block "!isMSPM0G1X0X_G3X0X"
[18:10:57.539]    </control>
[18:10:57.539]    <control if="continueId == 4" while="" timeout="0" info="">
[18:10:57.539]      // if-block "continueId == 4"
[18:10:57.539]        // =>  FALSE
[18:10:57.539]      // skip if-block "continueId == 4"
[18:10:57.539]    </control>
[18:10:57.539]    <control if="!isProduction" while="" timeout="0" info="">
[18:10:57.539]      // if-block "!isProduction"
[18:10:57.539]        // =>  FALSE
[18:10:57.539]      // skip if-block "!isProduction"
[18:10:57.539]    </control>
[18:10:57.539]  </sequence>
[18:10:57.539]  
